step,decode_step_ms,plan_ms,forward_ms,strategy
0,31.351821962743998,0.5907679442316294,30.636087991297245,
1,31.043121125549078,0.5271388217806816,30.390464002266526,
2,31.536032911390066,0.5052490159869194,30.909086111932993,
3,30.83800501190126,0.5053628701716661,30.20996297709644,
4,30.973948072642088,0.4968398716300726,30.298528959974647,
5,32.47990016825497,0.6299358792603016,31.634320970624685,
6,30.99842485971749,0.5072671920061111,30.370112974196672,
7,31.331900041550398,0.5007530562579632,30.70844290778041,
8,33.68208697065711,0.49521797336637974,33.06517214514315,
9,31.087359879165888,0.5004021804779768,30.4597329813987,
10,32.67877199687064,0.4969039000570774,32.060422003269196,
11,33.142339903861284,0.49644079990684986,32.5244371779263,
12,31.136438017711043,0.5030559841543436,30.511620920151472,
13,31.94865700788796,0.4988799337297678,31.32671397179365,
14,32.01903682202101,0.5090669728815556,31.388844130560756,
15,33.05598720908165,0.5032201297581196,32.42668998427689,
16,31.1035409104079,0.5050539039075375,30.476486077532172,
17,31.066162046045065,0.49297395162284374,30.453455168753862,
18,31.86668222770095,0.4939089994877577,31.246064929291606,
19,31.063200905919075,0.4920968785881996,30.448870034888387,
20,30.96327790990472,0.5008389707654715,30.343478079885244,
21,33.69777603074908,0.5022271070629358,33.061656868085265,
22,31.38153115287423,0.5087000317871571,30.750775942578912,
23,31.916017876937985,0.4970370791852474,31.297249952331185,
24,33.7684010155499,0.49942685291171074,33.14506518654525,
25,31.685049179941416,0.5031879991292953,31.05888213030994,
26,33.29532779753208,0.5064960569143295,32.65626193024218,
27,33.332667080685496,0.510216923430562,32.698623137548566,
28,31.510416883975267,0.5023849662393332,30.885502928867936,
29,32.69272809848189,0.5066432058811188,32.06407092511654,
30,32.05184219405055,0.5005779676139355,31.42811404541135,
31,34.14800693280995,0.5098041146993637,33.514901995658875,
32,31.929301097989082,0.5060059484094381,31.300680013373494,
33,31.661211978644133,0.49725500866770744,31.040410045534372,
34,33.593883039429784,0.4987649153918028,32.97258890233934,
35,31.733891926705837,0.4996298812329769,31.112376134842634,
36,31.499699922278523,0.49932999536395073,30.878995079547167,
37,32.60768414475024,0.4990838933736086,31.975792022421956,
38,31.585169956088066,0.5060648545622826,30.95458704046905,
39,31.873496947810054,0.501957954838872,31.217650044709444,
40,32.9076440539211,0.7106689736247063,32.0709990337491,
41,31.784131890162826,0.5048869643360376,31.15560091100633,
42,31.653557904064655,0.5119659472256899,31.01912117563188,
43,33.847457030788064,0.5050189793109894,33.221537014469504,
44,31.54593100771308,0.5163380410522223,30.904326820746064,
45,33.8343249168247,0.5013821646571159,33.21147686801851,
46,33.10846397653222,0.5045370198786259,32.47940703295171,
47,31.96280705742538,0.5168288480490446,31.319668982177973,
48,33.17118901759386,0.5046590231359005,32.545448979362845,
49,31.90210717730224,0.5003390833735466,31.28052712418139,
50,33.1575779709965,0.5015649367123842,32.5318300165236,
51,32.470884965732694,0.5006499122828245,31.846974045038223,
52,31.53287386521697,0.5047938320785761,30.906355008482933,
53,33.01508515141904,0.4947478882968426,32.38695813342929,
54,31.33963095024228,0.4997698124498129,30.717947985976934,
55,31.55244281515479,0.5030469037592411,30.92766203917563,
56,31.83805593289435,0.493702944368124,31.220966950058937,
57,31.538535840809345,0.4998079966753721,30.918789096176624,
58,31.389675103127956,0.5054040811955929,30.705596087500453,
59,33.958961023017764,0.7078580092638731,33.1168610136956,
60,31.361283035948873,0.5086790770292282,30.732588842511177,
61,31.643236987292767,0.49544312059879303,31.0262159910053,
62,32.98631403595209,0.5065370351076126,32.35661587677896,
63,31.54140478000045,0.5054220091551542,30.9119769372046,
64,33.44876202754676,0.5059519317001104,32.8218590002507,
65,32.22219389863312,0.5005591083317995,31.601435970515013,
66,31.485656974837184,0.496553024277091,30.867306981235743,
67,32.91316190734506,0.5013570189476013,32.289637019857764,
68,31.296113971620798,0.5007809959352016,30.673339031636715,
69,33.25575520284474,0.4982040263712406,32.62419207021594,
70,31.461268896237016,0.5022170953452587,30.838717939332128,
71,31.411996111273766,0.5051339976489544,30.779120977967978,
72,32.24404691718519,0.5083309952169657,31.611822079867125,
73,31.477255979552865,0.5107761826366186,30.835253885015845,
74,31.131328083574772,0.5528801120817661,30.450942926108837,
75,34.18995579704642,0.669312896206975,33.38498715311289,
76,31.20381198823452,0.5109170451760292,30.569556867703795,
77,31.427263980731368,0.5046038422733545,30.80173209309578,
78,33.064689952880144,0.5099161062389612,32.43323205970228,
79,31.39462391845882,0.5082678981125355,30.765216099098325,
80,31.81101707741618,0.4990489687770605,31.19444497860968,
81,32.16535714454949,0.5008711013942957,31.544946832582355,
82,31.39702114276588,0.5022750701755285,30.77410697005689,
83,32.60631184093654,0.5038641393184662,31.980535946786404,
84,31.191360903903842,0.4956300836056471,30.574823962524533,
85,33.35277806036174,0.49963383935391903,32.720478950068355,
86,31.321523943915963,0.5108551122248173,30.689905863255262,
87,30.953662935644388,0.5000201053917408,30.32768494449556,
88,32.065606908872724,0.4958738572895527,31.448727939277887,
89,30.913559021428227,0.503120943903923,30.286720022559166,
90,30.85729107260704,0.49620610661804676,30.239979969337583,
91,32.705757999792695,0.6356879603117704,31.94403205998242,
92,30.914858914911747,0.5079610273241997,30.286155873909593,
93,31.071302946656942,0.5090099293738604,30.442000133916736,
94,32.28688798844814,0.5031470209360123,31.661031069234014,
95,31.01596492342651,0.5034939385950565,30.39242816157639,
96,32.64360409229994,0.49607083201408386,32.01970108784735,
97,31.24952013604343,0.5122839938849211,30.616251984611154,
98,32.92684000916779,0.51112100481987,32.29418396949768,
99,32.65720000490546,0.5036320071667433,32.03100897371769,
100,30.815869104117155,0.5023849662393332,30.192967038601637,
101,31.734667951241136,0.49912394024431705,31.106246169656515,
102,30.856661032885313,0.49704103730618954,30.23925400339067,
103,30.869073932990432,0.5020899698138237,30.24635394103825,
104,32.67619293183088,0.5093219224363565,32.04595693387091,
105,30.903330072760582,0.5049081519246101,30.2771320566535,
106,30.871964991092682,0.4950808361172676,30.251706019043922,
107,32.91862295009196,0.49849809147417545,32.292756950482726,
108,31.053243903443217,0.5025248974561691,30.42838699184358,
109,32.797930063679814,0.5039670504629612,32.17399097047746,
110,32.13830501772463,0.5108430050313473,31.505367951467633,
111,32.65823400579393,0.49924501217901707,32.03762695193291,
112,32.50818909145892,0.5044389981776476,31.88356594182551,
113,30.877647921442986,0.49694813787937164,30.258601997047663,
114,32.238894840702415,0.49362191930413246,31.622912967577577,
115,31.29329578951001,0.5129850469529629,30.658968025818467,
116,30.85768106393516,0.5076040979474783,30.228629941120744,
117,33.16197800450027,0.5015658680349588,32.528714975342155,
118,30.90461017563939,0.5054508801549673,30.27632017619908,
119,31.03049215860665,0.49817003309726715,30.409591970965266,
120,31.6616571508348,0.6485669873654842,30.891424044966698,
121,30.899272998794913,0.5093049257993698,30.2685450296849,
122,31.08436893671751,0.5008599255234003,30.462462920695543,
123,32.42917009629309,0.5021051038056612,31.80583892390132,
124,31.183806946501136,0.5033051129430532,30.556186800822616,
125,32.907143933698535,0.521903857588768,32.2580321226269,
126,31.67780814692378,0.5086020100861788,31.047299038618803,
127,32.61924395337701,0.5142490845173597,31.976480036973953,
128,31.953055877238512,0.5048951134085655,31.3245200086385,
129,30.891851987689734,0.4988647997379303,30.270717106759548,
130,33.350807847455144,0.4968398716300726,32.73314097896218,
131,30.878214864060283,0.4987618885934353,30.257398961111903,
132,31.047535128891468,0.503042945638299,30.422176932916045,
133,31.937409192323685,0.5079240072518587,31.29703621380031,
134,31.373735051602125,0.5002331454306841,30.752283986657858,
135,31.127267982810736,0.5112010985612869,30.475551960989833,
136,32.205569092184305,0.6721639074385166,31.409037997946143,
137,31.284260796383023,0.4982410464435816,30.664616031572223,
138,32.77467703446746,0.4984710831195116,32.15529699809849,
139,32.27887488901615,0.5014869384467602,31.655653147026896,
140,33.18368084728718,0.5108420737087727,32.55083202384412,
141,32.6925590634346,0.5030869506299496,32.06774708814919,
142,31.66299592703581,0.4994620103389025,31.03402489796281,
143,33.277531852945685,0.5206798668950796,32.63419400900602,
144,32.400921918451786,0.5078560207039118,31.77053201943636,
145,31.122507993131876,0.5105230957269669,30.49125289544463,
146,33.401970053091645,0.5046469159424305,32.774881925433874,
147,31.093427911400795,0.5011740140616894,30.46371997334063,
148,31.36945702135563,0.5017719231545925,30.74606810696423,
149,31.975866062566638,0.5024222191423178,31.339654000476003,
150,31.40908689238131,0.5067710299044847,30.780599918216467,
151,31.36838087812066,0.4965709522366524,30.7500169146806,
152,31.52212011627853,0.6465350743383169,30.75406397692859,
153,31.3828329090029,0.5092520732432604,30.75041901320219,
154,31.730122165754437,0.5150521174073219,31.094149919226766,
155,32.84024610184133,0.5116879474371672,32.20232389867306,
156,32.676924020051956,0.5041090771555901,32.05076581798494,
157,33.067101845517755,0.5077789537608624,32.436837907880545,
158,31.934739090502262,0.514250947162509,31.298147048801184,
159,34.113632049411535,0.5048708990216255,33.48745405673981,
160,32.662961864843965,0.5075759254395962,32.030917005613446,
161,31.290086917579174,0.5224470514804125,30.64572694711387,
162,33.42330106534064,0.5097801331430674,32.792062032967806,
163,31.62444685585797,0.49844803288578987,31.00376413203776,
164,31.38289088383317,0.505693955346942,30.75618902221322,
165,32.11159002967179,0.49252784810960293,31.48720203898847,
166,31.67668590322137,0.5016010254621506,31.054452992975712,
167,31.641930108889937,0.5032210610806942,31.01935191079974,
168,31.71760286204517,0.5088860634714365,31.085049966350198,
169,31.64552990347147,0.5059428513050079,31.019259011372924,
170,31.869523925706744,0.4984010010957718,31.217331998050213,
171,32.91599196381867,0.6317209918051958,32.152260886505246,
172,32.01545285992324,0.5154041573405266,31.376174883916974,
173,32.97700919210911,0.5038741510361433,32.35209989361465,
174,33.049454214051366,0.5080511327832937,32.414126908406615,
175,33.59564486891031,0.5039749667048454,32.97115792520344,
176,33.619085093960166,0.5084988661110401,32.98877296037972,
177,32.527562929317355,0.5003181286156178,31.906073912978172,
178,34.210907062515616,0.5115119274705648,33.57484703883529,
179,33.42230198904872,0.507463002577424,32.79394609853625,
180,32.28062088601291,0.5039141979068518,31.65346384048462,
181,33.59099384397268,0.5134399980306625,32.944735838100314,
182,32.66935399733484,0.5052799824625254,32.038350123912096,
183,31.47226688452065,0.502436887472868,30.848108930513263,
184,32.27579593658447,0.5083871074020863,31.645651906728745,
185,31.524469144642353,0.5078108515590429,30.895418021827936,
186,31.358076026663184,0.503279035910964,30.73170897550881,
187,31.418514903634787,0.5041169933974743,30.785972019657493,
188,31.361974775791168,0.5172009114176035,30.724845128133893,
189,31.440340913832188,0.5223460029810667,30.79648199491203,
190,31.461694976314902,0.6418549455702305,30.69825703278184,
191,31.71199792996049,0.5005639977753162,31.090434174984694,
192,31.52525215409696,0.5022471304982901,30.90149606578052,
193,33.18618889898062,0.506990123540163,32.555831829085946,
194,34.15692085400224,0.5052220076322556,33.526614075526595,
195,33.47169095650315,0.5092080682516098,32.83258993178606,
196,33.031721133738756,0.5249688401818275,32.38460002467036,
197,33.43983483500779,0.5119850393384695,32.79424994252622,
198,33.1109210383147,0.5066900048404932,32.480217050760984,
199,31.87078097835183,0.5051949992775917,31.23825299553573,
200,33.215528121218085,0.5194940604269505,32.573993084952235,
201,32.16113895177841,0.503916060552001,31.533594941720366,
202,31.316228909417987,0.5064608994871378,30.68729513324797,
203,31.69333189725876,0.509700970724225,31.06138505972922,
204,31.226038932800293,0.5128411576151848,30.587261775508523,
205,31.006505014374852,0.5334350280463696,30.350903049111366,
206,31.159402104094625,0.5143641028553247,30.52425105124712,
207,30.98043310455978,0.5072371568530798,30.351873952895403,
208,31.246223021298647,0.5133820232003927,30.56029393337667,
209,31.146955909207463,0.6595009472221136,30.356558971107006,
210,34.12542096339166,0.5225830245763063,33.47898297943175,
211,31.233808025717735,0.549783930182457,30.559656908735633,
212,32.977929105982184,0.5323870573192835,32.320059137418866,
213,32.9943080432713,0.5195310804992914,32.34129888005555,
214,32.99702797085047,0.5469368770718575,32.32314018532634,
215,31.891134101897478,0.5346259567886591,31.23122313991189,
216,32.70929306745529,0.5247180815786123,32.06342807970941,
217,32.01921982690692,0.503819901496172,31.393495155498385,
218,30.961321899667382,0.5109729245305061,30.327059095725417,
219,31.49482305161655,0.5122839938849211,30.860889004543424,
220,30.992144951596856,0.5180069711059332,30.342520913109183,
221,30.779273016378284,0.5264619830995798,30.12987901456654,
222,30.92808392830193,0.5204631015658379,30.286608962342143,
223,31.198824988678098,0.5070609040558338,30.569802969694138,
224,30.99827584810555,0.5180679727345705,30.345174949616194,
225,32.203714130446315,0.6356218364089727,31.440525082871318,
226,33.08092197403312,0.5109019111841917,32.44671109132469,
227,32.51586202532053,0.5047970917075872,31.890365993604064,
228,32.56118996068835,0.508737051859498,31.926045892760158,
229,32.41831297054887,0.5020268727093935,31.78399708122015,
230,31.936467858031392,0.5117559339851141,31.302134972065687,
231,30.86584177799523,0.5004380363970995,30.237826984375715,
232,31.48387186229229,0.5056471563875675,30.855793971568346,
233,30.701530864462256,0.5066459998488426,30.073995934799314,
234,30.129679013043642,0.505019910633564,29.50165793299675,
235,31.565797980874777,0.5110411439090967,30.932076973840594,
236,30.77714005485177,0.5107840988785028,30.143741983920336,
237,30.42808291502297,0.513589009642601,29.76043801754713,
238,30.42418183758855,0.7265179883688688,29.567711055278778,
239,32.15847187675536,0.5062490236014128,31.525878002867103,
240,32.37135801464319,0.4996440839022398,31.74885595217347,
241,31.884666997939348,0.5202919710427523,31.242263037711382,
242,31.933940947055817,0.5057221278548241,31.307126861065626,
243,31.770420027896762,0.49574696458876133,31.155685894191265,
244,30.370845925062895,0.5106150638312101,29.73950793966651,
245,31.074939062818885,0.5014350172132254,30.441023875027895,
246,31.06274316087365,0.5089750047773123,30.433285050094128,
247,30.955163994804025,0.5108101759105921,30.321314930915833,
248,31.09939396381378,0.5064499564468861,30.471767066046596,
249,33.57714810408652,0.5154649261385202,32.940858975052834,
250,31.22321516275406,0.5026338621973991,30.57129797525704,
251,31.053696991875768,0.639287056401372,30.283410800620914,
252,32.315627904608846,0.5086900200694799,31.684101093560457,
253,32.34656900167465,0.5051540210843086,31.719286926090717,
254,32.50814904458821,0.5035940557718277,31.88474103808403,
255,32.95024810358882,0.5044180434197187,32.325000036507845,
256,32.70089300349355,0.5014578346163034,32.07764308899641,
257,31.473784940317273,0.4993770271539688,30.855201883241534,
258,32.052712980657816,0.5095070227980614,31.421290012076497,
259,31.57800785265863,0.509793171659112,30.94747383147478,
260,31.08714008703828,0.5027351435273886,30.462317867204547,
261,31.23659687116742,0.5128898192197084,30.59186995960772,
262,32.316786935552955,0.5156169645488262,31.678572995588183,
263,31.272924970835447,0.5030899774283171,30.646076193079352,
264,31.532193068414927,0.4999509546905756,30.91015201061964,
265,33.308243146166205,0.5091999191790819,32.67689608037472,
266,31.635394087061286,0.5054038483649492,31.006420962512493,
267,31.33695782162249,0.6407930050045252,30.56910797022283,
268,32.27783017791808,0.5036669317632914,31.651380006223917,
269,32.49800205230713,0.5077691748738289,31.868881778791547,
270,33.04604580625892,0.4985928535461426,32.42309810593724,
271,33.16110582090914,0.5101878196001053,32.53044211305678,
272,33.193101175129414,0.4987709689885378,32.572714146226645,
273,32.235750928521156,0.5013430491089821,31.613603001460433,
274,32.51112694852054,0.5085228476673365,31.881117960438132,
275,32.203610986471176,0.4985739942640066,31.584387877956033,
276,31.548905884847045,0.5014119669795036,30.922741163522005,
277,31.497251009568572,0.5125070456415415,30.853405129164457,
278,31.628742115572095,0.5137799307703972,30.99352796562016,
279,31.46814787760377,0.49805105663836,30.84994782693684,
280,31.311084982007742,0.5049039609730244,30.68652399815619,
281,33.334383042529225,0.5064068827778101,32.70703391171992,
282,31.29879292100668,0.5095240194350481,30.669094994664192,
283,31.47886088117957,0.5076969973742962,30.855044024065137,
284,31.853074906393886,0.500823138281703,31.230305787175894,
285,31.66004689410329,0.5062969867140055,31.032854923978448,
286,32.932928996160626,0.564588000997901,32.24608604796231,
287,33.690991112962365,0.504364026710391,33.06590113788843,
288,33.19093398749828,0.5039258394390345,32.5636500492692,
289,33.237722935155034,0.5049670580774546,32.61030814610422,
290,33.12365501187742,0.5113349761813879,32.491649966686964,
291,33.4260449744761,0.5094271618872881,32.79505204409361,
292,32.662348821759224,0.5121359135955572,32.0276920683682,
293,32.948225969448686,0.5144278984516859,32.302187057211995,
294,32.80971618369222,0.5079209804534912,32.18091791495681,
295,32.08488202653825,0.5117389373481274,31.450843904167414,
296,32.16728987172246,0.5094429943710566,31.535377027466893,
297,32.215747982263565,0.5073859356343746,31.586081022396684,
298,31.569470884278417,0.5037060473114252,30.943240970373154,
299,31.76635899581015,0.5035449285060167,31.14059311337769,
300,33.46593608148396,0.5045691505074501,32.83436689525843,
301,31.789431115612388,0.50505087710917,31.163776060566306,
302,31.56080120243132,0.5055461078882217,30.934985959902406,
303,32.21755591221154,0.5011360626667738,31.59599006175995,
304,31.54837596230209,0.5088578909635544,30.917015159502625,
305,31.75665414892137,0.6358670070767403,30.99974407814443,
306,33.495031064376235,0.5103929433971643,32.86247910000384,
307,31.89471084624529,0.5012068431824446,31.19755000807345,
308,32.524422043934464,0.637830002233386,31.759061850607395,
309,32.88738406263292,0.5057700909674168,32.2490930557251,
310,33.19029393605888,0.5026347935199738,32.56732109002769,
311,32.686745980754495,0.5045959260314703,32.06061292439699,
312,32.17481495812535,0.5111258942633867,31.54117101803422,
313,32.599923899397254,0.5094739608466625,31.967672053724527,
314,31.737209064885974,0.5025668069720268,31.112733064219356,
315,31.187040032818913,0.5025230348110199,30.562094878405333,
316,33.79044192843139,0.5046429578214884,33.16414193250239,
317,31.203619902953506,0.5021351389586926,30.58069199323654,
318,31.189601169899106,0.503850169479847,30.564022017642856,
319,32.489530043676496,0.5168560892343521,31.847590813413262,
320,31.17764787748456,0.5023500416427851,30.552905052900314,
321,31.20024804957211,0.5030040629208088,30.575969023630023,
322,31.291790073737502,0.5160809960216284,30.652764020487666,
323,31.23481501825154,0.5091459024697542,30.574371106922626,
324,31.320261070504785,0.6852408405393362,30.50582017749548,
325,32.51187293790281,0.5061160773038864,31.873256899416447,
326,33.13262318260968,0.5079719703644514,32.498300075531006,
327,32.56894997321069,0.5066478624939919,31.937696039676666,
328,31.75312583334744,0.5133100785315037,31.119647901505232,
329,32.333540031686425,0.5071710329502821,31.705477042123675,
330,31.494939932599664,0.5039041861891747,30.870382906869054,
331,30.95725504681468,0.5049409810453653,30.33191617578268,
332,32.604495994746685,0.5027139559388161,31.981820007786155,
333,30.992100946605206,0.5023861303925514,30.367902014404535,
334,30.881503829732537,0.5099899135529995,30.251020099967718,
335,31.05449816212058,0.513697974383831,30.4191829636693,
336,30.866523971781135,0.5037318915128708,30.23961395956576,
337,31.052276026457548,0.6443092133849859,30.286556808277965,
338,33.61295396462083,0.5142749287188053,32.97848999500275,
339,31.174116069450974,0.5017612129449844,30.55009781382978,
340,32.92085393331945,0.508609926328063,32.28985914029181,
341,32.92725305072963,0.5043928977102041,32.288607908412814,
342,32.75385103188455,0.5102870054543018,32.115740003064275,
343,32.37489191815257,0.5012829788029194,31.75163292326033,
344,31.557918060570955,0.5147948395460844,30.91628709807992,
345,33.21566013619304,0.5035828799009323,32.589789014309645,
346,32.13986800983548,0.5120891146361828,31.50559193454683,
347,33.934994135051966,0.5069850012660027,33.305385848507285,
348,33.89608208090067,0.5061200354248285,33.265972044318914,
349,32.98085299320519,0.5235050339251757,32.33467089012265,
350,34.93194002658129,1.9380799494683743,32.87529805675149,
351,32.66346384771168,0.5292140413075686,32.000498846173286,
352,32.43898297660053,0.5280191544443369,31.788278836756945,
353,33.069785917177796,0.5172318778932095,32.42965508252382,
354,34.46852997876704,0.5095279775559902,33.83746393956244,
355,33.132078126072884,0.5141240544617176,31.95522096939385,
356,33.391511999070644,2.582219894975424,30.311210080981255,
357,32.54766599275172,0.6396090611815453,31.758602941408753,
358,32.5791600625962,0.5174099933356047,31.94049489684403,
359,32.28856297209859,0.5117179825901985,31.650624936446548,
360,32.815370010212064,0.5326459649950266,32.15694613754749,
361,33.912994898855686,0.527550932019949,32.52516686916351,
362,31.14773379638791,0.9429669007658958,30.050085159018636,
363,31.890914076939225,0.517343170940876,31.2530267983675,
364,30.720245791599154,0.5166120827198029,30.07151186466217,
365,31.596418004482985,0.6477129645645618,30.805442947894335,
366,35.21105297841132,0.5001041572540998,34.58637883886695,
367,36.823347909376025,0.5050499457865953,35.25856998749077,
368,33.266841899603605,2.9795460868626833,30.071757035329938,
369,33.72025187127292,0.5113480146974325,33.07693009264767,
370,33.50484697148204,0.522468937560916,32.86031587049365,
371,35.08005593903363,0.5176679696887732,34.43968202918768,
372,33.56095985509455,0.5138639826327562,32.92419179342687,
373,33.65257801488042,0.5046329461038113,33.014994114637375,
374,32.26516884751618,0.5107959732413292,31.631605932489038,
375,31.96451417170465,0.5100348498672247,31.332392944023013,
376,33.01751590333879,0.5157759878784418,32.379011157900095,
377,31.769579043611884,0.5049980245530605,31.14407998509705,
378,31.259166076779366,0.5135419778525829,30.62430117279291,
379,31.868600053712726,0.505178002640605,31.2425980810076,
380,30.877082142978907,0.5081489216536283,30.245901085436344,
381,30.79596208408475,0.5097270477563143,30.164717929437757,
382,30.874519143253565,0.5117850378155708,30.241911066696048,
383,30.81844002008438,0.5110700149089098,30.186392134055495,
384,30.87245882488787,0.5147529300302267,30.236149905249476,
385,32.51447807997465,0.5018070805817842,31.891699880361557,
386,32.827113987877965,0.5096588283777237,32.17652905732393,
387,32.057708129286766,0.6508920341730118,31.268796883523464,
388,32.74714108556509,0.51472382619977,32.10613317787647,
389,33.481559017673135,0.518816988915205,32.83509495668113,
390,32.898070057854056,0.5046769510954618,32.270449912175536,
391,32.19963004812598,0.510775949805975,31.562383053824306,
392,32.96991903334856,0.5064827855676413,32.34186605550349,
393,31.758727971464396,0.5086879245936871,31.127759953960776,
394,31.315574888139963,0.5165960174053907,30.677394941449165,
395,32.0448880083859,0.5050729960203171,31.41815005801618,
396,31.250826083123684,0.5138898268342018,30.614631017670035,
397,31.114020850509405,0.5133119411766529,30.478616012260318,
398,31.186153879389167,0.5164400208741426,30.548528069630265,
399,31.146592926234007,0.5133370868861675,30.4997731000185,
400,31.170855974778533,0.5072499625384808,30.53854196332395,
401,32.22725400701165,0.5050920881330967,31.600374029949307,
402,33.98206504061818,0.5060250405222178,33.353799022734165,
403,31.174638075754046,0.6456091068685055,30.40670999325812,
404,32.870839117094874,0.514667946845293,32.23344590514898,
405,33.488461980596185,0.516165979206562,32.84087195061147,
406,33.207084983587265,0.5062469281256199,32.57916611619294,
407,32.96660888008773,0.5081759300082922,32.33363712206483,
408,33.226717030629516,0.5161049775779247,32.58972708135843,
409,32.80536993406713,0.5165440961718559,32.168460777029395,
410,31.599803129211068,0.5123571027070284,30.967996921390295,
411,33.03581313230097,0.5117589607834816,32.402437878772616,
412,31.643857015296817,0.5146339535713196,31.008625170215964,
413,31.388178002089262,0.5131401121616364,30.753795988857746,
414,31.67179017327726,0.5114118102937937,31.03960817679763,
415,31.430426985025406,0.5125598981976509,30.792806996032596,
416,31.302588060498238,0.5056490190327168,30.67693510092795,
417,31.425601104274392,0.5069759208709002,30.796968145295978,
418,32.22294803708792,0.5142989102751017,31.581694027408957,
419,31.42034006305039,0.5090238992124796,30.790467048063874,
420,33.465975895524025,0.5078541580587626,32.836103811860085,
421,34.010993083938956,0.5106672178953886,33.3682089112699,
422,31.866333913058043,0.6479460280388594,31.093955971300602,
423,34.193175844848156,0.5105300806462765,33.557910937815905,
424,33.36296509951353,0.506293959915638,32.699730014428496,
425,32.134040957316756,0.678687822073698,31.321589136496186,
426,33.02321908995509,0.5157159175723791,32.38396602682769,
427,32.52877597697079,0.5199380684643984,31.88717388547957,
428,33.22933008894324,0.5067458841949701,32.59875113144517,
429,32.28013892658055,0.5097170360386372,31.64837579242885,
430,33.474777126684785,0.5067980382591486,32.84802380949259,
431,32.632824033498764,0.5065980367362499,32.005168963223696,
432,31.79717482998967,0.5158279091119766,31.15832805633545,
433,32.70893287844956,0.5193769466131926,32.06966305151582,
434,31.759707955643535,0.5036408547312021,31.134813092648983,
435,31.758110038936138,0.5116229876875877,31.125495908781886,
436,31.7912211176008,0.5167790222913027,31.154525000602007,
437,31.88972780480981,0.5092630162835121,31.246651196852326,
438,31.62823710590601,0.5174470134079456,30.989120015874505,
439,31.779315089806914,0.5032620392739773,31.15667379461229,
440,33.928484888747334,0.5133200902491808,33.292285865172744,
441,31.77236206829548,0.6593770813196898,30.991290928795934,
442,33.552067121490836,0.5167410708963871,32.912841998040676,
443,33.26609404757619,0.5088001489639282,32.635943964123726,
444,31.721334904432297,0.6466470658779144,30.94914904795587,
445,33.290531020611525,0.5125291645526886,32.65441698022187,
446,32.22642187029123,0.5133198574185371,31.591271981596947,
447,33.63200998865068,0.5158488638699055,32.99434296786785,
448,32.79147180728614,0.508034834638238,32.16162812896073,
449,32.583883963525295,0.509998993948102,31.952400924637914,
450,33.073316095396876,0.5127980839461088,32.4376760981977,
451,31.98341210372746,0.5114891100674868,31.350386096164584,
452,32.94723900035024,0.5137231200933456,32.31195989064872,
453,31.80764801800251,0.5097300745546818,31.166429864242673,
454,31.225245911628008,0.5161568988114595,30.587349086999893,
455,31.866813078522682,0.5065810400992632,31.228550942614675,
456,31.50815679691732,0.5092080682516098,30.87414102628827,
457,31.255563953891397,0.5127920303493738,30.619243858382106,
458,31.224919017404318,0.5163250025361776,30.58736794628203,
459,33.60312897711992,0.5138060078024864,32.96723682433367,
460,31.27976506948471,0.506735872477293,30.651991022750735,
461,32.18141896650195,0.5192549433559179,31.54022293165326,
462,32.284996937960386,0.5116469692438841,31.6510119009763,
463,31.33367490954697,0.6439359858632088,30.56817501783371,
464,32.70576288923621,0.5098199471831322,32.07266493700445,
465,31.498027965426445,0.5061679985374212,30.87176103144884,
466,32.853392884135246,0.5173999816179276,32.213482074439526,
467,31.685035908594728,0.5134718958288431,31.04967507533729,
468,32.98612614162266,0.5044429562985897,32.35804405994713,
469,31.944426940754056,0.5038350354880095,31.30677598528564,
470,31.191870104521513,0.5054038483649492,30.565597116947174,
471,31.840197974815965,0.5084930453449488,31.211499823257327,
472,32.11320983245969,0.5045949947088957,31.486819963902235,
473,31.36977506801486,0.5115368403494358,30.73761099949479,
474,31.189901055768132,0.5131009966135025,30.555485980585217,
475,33.16149697639048,0.5133810918778181,32.5222029350698,
476,31.183812068775296,0.5101968999952078,30.55224916897714,
477,32.558664912357926,0.5109019111841917,31.92745801061392,
478,31.74293297342956,0.5152029916644096,31.106102978810668,
479,31.43249894492328,0.6484049372375011,30.662063043564558,
480,32.64786093495786,0.5085200536996126,32.0106518920511,
481,31.4651180524379,0.5173040553927422,30.825979774817824,
482,32.9372629057616,0.5060432013124228,32.309655798599124,
483,31.877459958195686,0.5071430932730436,31.24834201298654,
484,32.836114056408405,0.5087398458272219,32.20526408404112,
485,31.523395096883178,0.5094441585242748,30.87976691313088,
486,30.318857869133353,0.5070208571851254,29.688822105526924,
487,31.241954071447253,0.5090860649943352,30.612166970968246,
488,32.900885911658406,0.5103070288896561,32.267973059788346,
489,30.557601945474744,0.5095768719911575,29.927055118605494,
490,30.36476904526353,0.5046010483056307,29.73759896121919,
491,31.588495010510087,0.5115459207445383,30.955249210819602,
492,30.129716964438558,0.5068848840892315,29.500527074560523,
493,32.310764072462916,0.516178086400032,31.6737019456923,
494,30.27724102139473,0.5148069467395544,29.642509995028377,
495,32.44001721031964,0.5054119974374771,31.81272419169545,
496,31.054477905854583,0.5127489566802979,30.421281000599265,
497,32.01747499406338,0.5143848247826099,31.381474109366536,
498,31.0623690020293,0.5177520215511322,30.424745986238122,
499,30.520877800881863,0.5164141766726971,29.88304989412427,
500,30.51466611213982,0.5080839619040489,29.88394000567496,
501,32.253197859972715,0.5138199776411057,31.612810911610723,
502,30.845324974507093,0.5121619906276464,30.212796991690993,
503,32.40478900261223,0.5119801498949528,31.771423993632197,
504,30.93440504744649,0.5050410982221365,30.307061038911343,
505,30.86337191052735,0.6465420592576265,30.09643591940403,
506,32.14487386867404,0.5078539252281189,31.516451155766845,
507,31.085230177268386,0.5098481196910143,30.455024912953377,
508,32.67968399450183,0.5062499549239874,32.05681196413934,
509,30.77444899827242,0.5132628139108419,30.14081413857639,
510,32.3223820887506,0.5176931153982878,31.683814944699407,
511,33.3877969533205,0.5120071582496166,32.75360097177327,
512,30.921149998903275,0.5139450076967478,30.286948895081878,
513,31.163692008703947,0.513048842549324,30.528655974194407,
514,32.475237967446446,0.5081419367343187,31.843305099755526,
515,30.8174598030746,0.5156430415809155,30.17936204560101,
516,31.16949601098895,0.5069898907095194,30.536795035004616,
517,31.31955792196095,0.5148150958120823,30.672135995700955,
518,31.251776963472366,0.5188740324229002,30.609751818701625,
519,32.75468898937106,0.5163808818906546,32.10649313405156,
520,31.58778790384531,0.5228661466389894,30.832885997369885,
521,31.61665122024715,0.6376500241458416,30.854224925860763,
522,31.29395912401378,0.5188090726733208,30.649459920823574,
523,33.031458966434,0.5119810812175274,32.40308188833296,
524,33.60892808996141,0.5055149085819721,32.981786178424954,
525,31.26874892041087,0.5154521204531193,30.63172404654324,
526,32.290271017700434,0.5127489566802979,31.65486198849976,
527,33.218575874343514,0.5038899835199118,32.592527102679014,
528,31.332639046013355,0.5200188606977463,30.69030516780913,
529,31.307700090110302,0.511605991050601,30.674054054543376,
530,32.078912016004324,0.5084509029984474,31.448510941118002,
531,31.34608408436179,0.5007730796933174,30.724367825314403,
532,32.21948700957,0.5157559644430876,31.582066090777516,
533,31.572245061397552,0.520339934155345,30.919297132641077,
534,31.545037869364023,0.5111540667712688,30.913180904462934,
535,32.876978162676096,0.5094921216368675,32.24666905589402,
536,31.72385413199663,0.5117750260978937,31.089545926079154,
537,31.81946906261146,0.6598730105906725,31.038725981488824,
538,31.639611115679145,0.5110418424010277,31.00889502093196,
539,33.58845412731171,0.5101219285279512,32.956524984911084,
540,34.26003619097173,0.5147240590304136,33.62196497619152,
541,31.581623945385218,0.5198270082473755,30.940306140109897,
542,33.23592385277152,0.5140430293977261,32.59618883021176,
543,33.88126683421433,0.5342860240489244,33.22480106726289,
544,31.53251390904188,0.5246410146355629,30.88365704752505,
545,32.63560705818236,0.5151249933987856,31.996469013392925,
546,32.78666804544628,0.5168810021132231,32.147962832823396,
547,31.570859951898456,0.5155559629201889,30.93487792648375,
548,31.58313501626253,0.5139319691807032,30.948746018111706,
549,31.841716030612588,0.5220021121203899,31.18645609356463,
550,31.794779002666473,0.5171329248696566,31.15566004998982,
551,33.08879816904664,0.5055749788880348,32.461408991366625,
552,31.834930879995227,0.5189289804548025,31.193194910883904,
553,31.827207887545228,0.511515885591507,31.193163944408298,
554,33.34672190248966,0.5111710634082556,32.71492198109627,
555,31.821268144994974,0.5128919146955013,31.186159001663327,
556,32.12714404799044,0.654635950922966,31.351414043456316,
557,32.282075146213174,0.5134930834174156,31.646125949919224,
558,32.04075200483203,0.5164348985999823,31.40208893455565,
559,34.362806007266045,0.5560859572142363,33.68562902323902,
560,31.868073157966137,0.5159277934581041,31.225564191117883,
561,33.8011160492897,0.5109540652483702,33.16904790699482,
562,33.92747393809259,0.5102308932691813,33.29587820917368,
563,31.86279791407287,0.5144919268786907,31.22523194178939,
564,33.32533617503941,0.5166400223970413,32.686744816601276,
565,32.98889985308051,0.5084909498691559,32.3480861261487,
566,31.54157311655581,0.5153689999133348,30.90555011294782,
567,32.288297079503536,0.5164488684386015,31.649678945541382,
568,31.579236034303904,0.5165738984942436,30.939301010221243,
569,31.69636894017458,0.5172630771994591,31.054311897605658,
570,31.677132938057184,0.5140961147844791,31.041382811963558,
571,31.640731962397695,0.522261019796133,30.994862085208297,
572,31.51465207338333,0.5204821936786175,30.872615985572338,
573,33.291381085291505,0.5138299893587828,32.65605610795319,
574,31.526210019364953,0.5122511647641659,30.889831017702818,
575,31.879026908427477,0.5131189245730639,31.244622077792883,
576,32.12931891903281,0.5193050019443035,31.487442087382078,
577,31.795478891581297,0.5172661039978266,31.109909992665052,
578,33.797910902649164,0.7282488513737917,32.92801300995052,
579,31.61920001730323,0.5173089448362589,30.98223707638681,
580,33.582950942218304,0.5139240529388189,32.945771934464574,
581,33.14794902689755,0.5182530730962753,32.496822997927666,
582,31.23345202766359,0.5136937834322453,30.597764998674393,
583,32.74393011815846,0.512267928570509,32.11088804528117,
584,32.18137612566352,0.5063689313828945,31.55823703855276,
585,31.245721969753504,0.5119480192661285,30.61190200969577,
586,31.68475511483848,0.5088308826088905,31.050617108121514,
587,31.249215127900243,0.5090781487524509,30.618665972724557,
588,31.255342066287994,0.5130220670253038,30.621706042438745,
589,33.48710108548403,0.5135331302881241,32.84968389198184,
590,31.188540160655975,0.5078939720988274,30.55845503695309,
591,31.478026881814003,0.5141859874129295,30.830423114821315,
592,32.64131280593574,0.5184649489820004,31.99749905616045,
593,31.216704985126853,0.5152048543095589,30.579002108424902,
594,33.533151960000396,0.6542250048369169,32.7570429071784,
595,31.851639039814472,0.5138469859957695,31.216938979923725,
596,31.545340083539486,0.5102059803903103,30.912969959899783,
597,32.70112490281463,0.5178831052035093,32.046769047155976,
598,31.004724092781544,0.5220689345151186,30.360905919224024,
599,32.588213915005326,0.5114411469548941,31.954798847436905,
600,32.23990718834102,0.5077959503978491,31.612172024324536,
601,30.961453914642334,0.5169189535081387,30.320181045681238,
602,31.372011872008443,0.5062650889158249,30.7440219912678,
603,30.92732699587941,0.5180160515010357,30.287978937849402,
604,31.043040100485086,0.5100229755043983,30.410417821258307,
605,33.18948717787862,0.5141180008649826,32.55359502509236,
606,30.981386778876185,0.518562039360404,30.34071810543537,
607,33.726919908076525,0.5186260677874088,33.08544890023768,
608,32.24132000468671,0.5071950145065784,31.612518010661006,
609,30.952492961660028,0.5204919725656509,30.311213107779622,
610,32.979060895740986,0.649790046736598,32.20764291472733,
611,31.007510842755437,0.5117310211062431,30.373428016901016,
612,32.55467303097248,0.5185140762478113,31.913673039525747,
613,32.67247905023396,0.5105650052428246,32.029095105826855,
614,30.726115917786956,0.5156679544597864,30.088755069300532,
615,32.05869114026427,0.5158288404345512,31.4214329700917,
616,31.699022045359015,0.5139929708093405,31.061694025993347,
617,30.621086014434695,0.5148591008037329,29.983255080878735,
618,30.99724813364446,0.5187469068914652,30.35576012916863,
619,30.675896909087896,0.5159771535545588,30.039419885724783,
620,32.387923914939165,0.5164460744708776,31.747797038406134,
621,32.49146603047848,0.5159780848771334,31.855275854468346,
622,30.69673804566264,0.5164409521967173,30.0590549595654,
623,32.599258003756404,0.5077749956399202,31.970323994755745,
624,31.40548407100141,0.509961973875761,30.77442105859518,
625,30.8016340713948,0.5102320574223995,30.142765026539564,
626,31.805843114852905,0.7030221167951822,30.945188831537962,
627,30.655167065560818,0.5315730813890696,30.001939041540027,
628,32.31435990892351,0.5258121527731419,31.666235998272896,
629,32.255825120955706,0.5136469844728708,31.60294611006975,
630,31.049155863001943,0.5209380760788918,30.405143974348903,
631,32.02934912405908,0.524912029504776,31.38195094652474,
632,31.0584360267967,0.516548054292798,30.418311012908816,
633,33.262550830841064,0.5156500265002251,32.62475016526878,
634,33.336353953927755,0.5273888818919659,32.68672805279493,
635,31.344004906713963,0.5199231673032045,30.69997299462557,
636,33.39494206011295,0.5158060230314732,32.75598702020943,
637,32.78719983063638,0.5234929267317057,32.14086405932903,
638,31.127791851758957,0.5191061645746231,30.486898962408304,
639,32.496121944859624,0.5216158460825682,31.847428996115923,
640,31.19952790439129,0.5142588634043932,30.563178937882185,
641,31.62130806595087,0.5192721728235483,30.9530480299145,
642,31.753523042425513,0.7044188678264618,30.919315991923213,
643,31.349281081929803,0.5204919725656509,30.709553975611925,
644,32.67737803980708,0.5116751417517662,32.043437007814646,
645,32.46299806050956,0.5216510035097599,31.807367922738194,
646,31.247689155861735,0.5125370807945728,30.611980007961392,
647,31.67628892697394,0.5223629996180534,31.0315468814224,
648,31.326203141361475,0.5143999587744474,30.689615989103913,
649,34.20805698260665,0.5217669531702995,33.56436896137893,
650,33.27550692483783,0.5229872185736895,32.62543794699013,
651,31.31621307693422,0.5110129714012146,30.682209180667996,
652,33.48540491424501,0.5203501787036657,32.84351294860244,
653,33.00371486693621,0.5247369408607483,32.35672297887504,
654,31.279033049941063,0.5134870298206806,30.641248915344477,
655,32.53681003116071,0.5121240392327309,31.898129964247346,
656,31.79544606246054,0.5233469419181347,31.149922171607614,
657,31.476966105401516,0.5169459618628025,30.837411992251873,
658,31.356646912172437,0.6474019028246403,30.587407993152738,
659,31.290308106690645,0.5118779372423887,30.65758803859353,
660,33.24051410891116,0.5171629600226879,32.6014868915081,
661,33.464747946709394,0.5148160271346569,32.81730809248984,
662,31.45655384287238,0.5133061204105616,30.820906860753894,
663,32.53347100690007,0.5148600321263075,31.895970925688744,
664,32.46218408457935,0.5080581177026033,31.795009970664978,
665,31.761219957843423,0.526354881003499,31.11346112564206,
666,31.57311398535967,0.5165899638086557,30.93523602001369,
667,31.455264193937182,0.5096218083053827,30.824044020846486,
668,33.70388690382242,0.5206898786127567,33.05810899473727,
669,33.64116000011563,0.5134008824825287,33.00550812855363,
670,31.49304911494255,0.5161319859325886,30.853600008413196,
671,32.8230990562588,0.5158481653779745,32.174609834328294,
672,33.13648700714111,0.5118290428072214,32.499843975529075,
673,31.486676074564457,0.5200710147619247,30.843707965686917,
674,31.68919519521296,0.5135820247232914,31.053555896505713,
675,31.838642898947,0.5193999968469143,31.197251984849572,
676,31.616972060874104,0.5142379086464643,30.980741139501333,
677,31.81049902923405,0.6419760175049305,31.03684401139617,
678,31.749959103763103,0.5200679879635572,31.107904156669974,
679,33.55988604016602,0.5179368890821934,32.920086989179254,
680,33.75712689012289,0.5146670155227184,33.11293409205973,
681,31.981067964807153,0.5180130247026682,31.33689914830029,
682,33.19423319771886,0.5202391184866428,32.55064692348242,
683,33.26554014347494,0.522487098351121,32.61868399567902,
684,32.7677009627223,0.5619639996439219,32.082583056762815,
685,32.50373201444745,0.5297239404171705,31.85408399440348,
686,32.22702885977924,0.5169690120965242,31.585276126861572,
687,33.934567123651505,0.5166619084775448,33.29491498880088,
688,32.041116850450635,0.5145510658621788,31.400670995935798,
689,31.690615927800536,0.5122129805386066,31.057153828442097,
690,32.93709806166589,0.5232589319348335,32.29154902510345,
691,33.259074902161956,0.5190500523895025,32.62007702142,
692,31.78256982937455,0.5133789964020252,31.14859014749527,
693,31.851053005084395,0.5134339444339275,31.204768922179937,
694,32.537783961743116,0.5208728834986687,31.893928069621325,
695,31.575747998431325,0.5123498849570751,30.942589975893497,
696,31.571602914482355,0.5200940649956465,30.92982480302453,
697,31.53839986771345,0.5162069573998451,30.901774996891618,
698,31.905896961688995,0.5169771611690521,31.25193901360035,
699,31.721845036372542,0.7022481877356768,30.889992835000157,
700,31.942543806508183,0.521558104082942,31.299132853746414,
701,33.0227289814502,0.5190088413655758,32.38247707486153,
702,33.00646203570068,0.5179049912840128,32.36791701056063,
703,33.97872601635754,0.5194391123950481,33.33877888508141,
704,32.40978205576539,0.5196880083531141,31.76732314750552,
705,32.433488173410296,0.5262151826173067,31.78525995463133,
706,33.37071603164077,0.520769041031599,32.72787085734308,
707,31.766645843163133,0.5246198270469904,31.1209331266582,
708,31.55932086519897,0.5184279289096594,30.918060103431344,
709,31.989735085517168,0.5202728789299726,31.334918923676014,
710,32.733113039284945,0.5121747963130474,32.09808608517051,
711,31.314129009842873,0.5187999922782183,30.674201902002096,
712,31.16794116795063,0.5103831645101309,30.536432983353734,
713,31.718132086098194,0.5122900474816561,31.081896042451262,
714,31.17200406268239,0.5152968224138021,30.537137994542718,
715,31.230121850967407,0.5231560207903385,30.588021967560053,
716,31.46428382024169,0.5095240194350481,30.831357929855585,
717,33.32536295056343,0.5204479675740004,32.65209309756756,
718,32.198002096265554,0.6503041367977858,31.413434073328972,
719,33.91751414164901,0.5162300076335669,33.279547933489084,
720,32.84333599731326,0.5131959915161133,32.20769600011408,
721,32.948884880170226,0.5169031210243702,32.309843925759196,
722,33.08638301678002,0.5115468520671129,32.4536319822073,
723,32.33252605423331,0.5149152129888535,31.696044839918613,
724,32.10822702385485,0.515609048306942,31.46985499188304,
725,32.14514488354325,0.5164260510355234,31.495695933699608,
726,33.39311480522156,0.5127389449626207,32.760180067270994,
727,31.067928997799754,0.5099759437143803,30.43698496185243,
728,30.999013222754,0.5135759711265564,30.364272883161902,
729,32.245439011603594,0.508457887917757,31.616928055882454,
730,30.999978072941303,0.5240670870989561,30.353998998180032,
731,31.174740055575967,0.5211769603192806,30.532608972862363,
732,31.320699956268072,0.5231150425970554,30.677180970087647,
733,31.269585015252233,0.5111480131745338,30.63667588867247,
734,31.047618947923183,0.6520319730043411,30.27356113307178,
735,33.567910082638264,0.5168439820408821,32.925483072176576,
736,33.057196997106075,0.5229390226304531,32.413652865216136,
737,33.19248417392373,0.5172670353204012,32.55378385074437,
738,32.94394910335541,0.5134879611432552,32.30904298834503,
739,32.41991484537721,0.5171289667487144,31.783833168447018,
740,32.515664119273424,0.5186088383197784,31.875648070126772,
741,31.69926884584129,0.5147079937160015,31.0528960544616,
742,32.16568008065224,0.5158591084182262,31.52334992773831,
743,30.892758863046765,0.5120059940963984,30.260058818385005,
744,30.307865934446454,0.5130269564688206,29.670706018805504,
745,31.60220803692937,0.5152071826159954,30.962658813223243,
746,30.341131845489144,0.5185289774090052,29.699440114200115,
747,30.505957081913948,0.5140909925103188,29.869594145566225,
748,32.40020084194839,0.5241311155259609,31.754027819260955,
749,30.695483786985278,0.5142788868397474,30.055765062570572,
750,30.450063990429044,0.6570329423993826,29.671993106603622,
751,32.109590945765376,0.5121780559420586,31.477015931159258,
752,31.833759043365717,0.5155950784683228,31.197411939501762,
753,31.706262147054076,0.5073628854006529,31.07412811368704,
754,30.77953914180398,0.5124290473759174,30.146342935040593,
755,32.50937792472541,0.5188970826566219,31.870367005467415,
756,30.496302992105484,0.5186379421502352,29.855574015527964,
757,30.84017289802432,0.5160898435860872,30.192642007023096,
758,31.268403865396976,0.5189292132854462,30.62693984247744,
759,31.363440910354257,0.5178998690098524,30.71554913185537,
760,31.27373894676566,0.523268012329936,30.6249822024256,
761,33.8106919080019,0.527106923982501,33.16197916865349,
762,31.405064975842834,0.5055069923400879,30.779632972553372,
763,31.433972995728254,0.6574159488081932,30.65021918155253,
764,32.604014966636896,0.5319879855960608,31.949772965162992,
765,33.049034886062145,0.5246249493211508,32.40247210487723,
766,33.113373909145594,0.5165860056877136,32.47170313261449,
767,31.402637949213386,0.5134709645062685,30.76948202215135,
768,32.40951709449291,0.5226940847933292,31.763376900926232,
769,32.27191907353699,0.5179028958082199,31.63139708340168,
770,31.271958956494927,0.5170740187168121,30.6296581402421,
771,32.96053106896579,0.5174379330128431,32.32028102502227,
772,31.25787409953773,0.5169189535081387,30.618281103670597,
773,31.62206499837339,0.525421928614378,30.96391400322318,
774,31.832120148465037,0.5154549144208431,31.194528099149466,
775,31.61733690649271,0.5177520215511322,30.979524832218885,
776,31.550168059766293,0.5195010453462601,30.90889216400683,
777,33.97121815942228,0.510393874719739,33.339610090479255,
778,31.648396980017424,0.5167019553482533,31.009266851469874,
779,31.678467988967896,0.6432060617953539,30.915261944755912,
780,32.6914640609175,0.5183420144021511,32.05205197446048,
781,33.64787995815277,0.5115901585668325,32.98829589039087,
782,31.65063401684165,0.6560808978974819,30.855221208184958,
783,31.70795808546245,0.5173040553927422,31.06974298134446,
784,32.83006907440722,0.5143268499523401,32.192673068493605,
785,32.998293871060014,0.515366904437542,32.360740937292576,
786,31.50015906430781,0.5116828251630068,30.868654139339924,
787,33.58896402642131,0.5206388887017965,32.947105122730136,
788,32.13338810019195,0.5138260312378407,31.49734390899539,
789,31.75081592053175,0.5257939919829369,31.093728030100465,
790,32.80469495803118,0.5151939112693071,32.17018605209887,
791,31.757883029058576,0.5166998598724604,31.119880033656955,
792,31.756337033584714,0.5205848719924688,31.11379104666412,
793,33.6691839620471,0.5269779358059168,33.01977412775159,
794,31.79147094488144,0.51684002391994,31.150571070611477,
795,31.760292826220393,0.5130411591380835,31.12498577684164,
796,33.708394039422274,0.5226549692451954,33.06295396760106,
797,31.88284207135439,0.5256731528788805,31.23709000647068,
798,31.772939022630453,0.516535947099328,31.13491414114833,
799,32.57231297902763,0.5187699571251869,31.93230298347771,
800,32.66638005152345,0.5151000805199146,32.02841687016189,
801,31.814743066206574,0.6563249044120312,31.03766799904406,
802,31.795717077329755,0.520762987434864,31.15436201915145,
803,33.12979405745864,0.5173690151423216,32.49197779223323,
804,33.55782409198582,0.5160199943929911,32.91863878257573,
805,32.1013480424881,0.5463650450110435,31.380799831822515,
806,34.19774491339922,0.5344459787011147,33.5429219994694,
807,33.156750025227666,0.5195399280637503,32.51565108075738,
808,31.98177693411708,0.5247760564088821,31.33546677418053,
809,33.76406594179571,0.5106411408632994,33.13242900185287,
810,32.4592269025743,0.5133228842169046,31.824964098632336,
811,31.94577805697918,0.5225390195846558,31.302419025450945,
812,32.87559607997537,0.5242910701781511,32.229718985036016,
813,31.95880283601582,0.5124111194163561,31.325384974479675,
814,31.948429998010397,0.5139301065355539,31.313660088926554,
815,34.48671102523804,0.5173021927475929,33.847871934995055,
816,32.022289000451565,0.522226095199585,31.37966711074114,
817,31.991383992135525,0.5185450427234173,31.350304139778018,
818,33.56588305905461,0.5211129318922758,32.91670395992696,
819,32.01415482908487,0.5498821847140789,31.34059184230864,
820,32.01851202175021,0.5322820506989956,31.364531023427844,
821,32.32884011231363,0.5168258212506771,31.680974178016186,
822,31.82765911333263,0.520800007507205,31.183940824121237,
823,31.669699819758534,0.6596280727535486,30.88731085881591,
824,31.69321408495307,0.5201098974794149,31.04741615243256,
825,33.167784800753,0.5104970186948776,32.53169893287122,
826,33.132863929495215,0.5850000306963921,32.42469718679786,
827,31.624963972717524,0.5172200035303831,30.986848985776305,
828,33.91568991355598,0.5205911584198475,33.27278699725866,
829,33.02615392021835,0.524579081684351,32.38092898391187,
830,31.706761103123426,0.524237984791398,31.061394838616252,
831,33.093176083639264,0.5285630468279123,32.44355786591768,
832,32.11820311844349,0.5221818573772907,31.47321310825646,
833,31.632266007363796,0.5238500889390707,30.984960962086916,
834,34.25957099534571,0.5275539588183165,33.61124801449478,
835,31.608656980097294,0.522382091730833,30.96643998287618,
836,31.64680488407612,0.5203511100262403,31.000484945252538,
837,33.26363698579371,0.5119089037179947,32.62036317028105,
838,31.33945702575147,0.5163128953427076,30.70051409304142,
839,31.524630030617118,0.5286571104079485,30.87686188519001,
840,31.736503122374415,0.5095209926366806,31.106167007237673,
841,31.699575018137693,0.5180980078876019,31.060859095305204,
842,31.40182513743639,0.6606709212064743,30.6163860950619,
843,31.541191041469574,0.5131859797984362,30.90495290234685,
844,33.15715305507183,0.5243048071861267,32.50328917056322,
845,32.6547350268811,0.6671450100839138,31.856596935540438,
846,31.33901092223823,0.5188120994716883,30.699364840984344,
847,33.36744615808129,0.5252920091152191,32.72010991349816,
848,32.76938199996948,0.5158169660717249,32.129839062690735,
849,31.5509969368577,0.5310820415616035,30.89898801408708,
850,34.04860896989703,0.5319768097251654,33.39258814230561,
851,31.87831211835146,0.5286629311740398,31.227051047608256,
852,31.343666836619377,0.5170388612896204,30.703539960086346,
853,33.31115795299411,0.5311630666255951,32.650151988491416,
854,31.150755938142538,0.5156660918146372,30.514707788825035,
855,31.338648172095418,0.5142369773238897,30.703271040692925,
856,31.68460284359753,0.5222188774496317,31.040939036756754,
857,31.39210701920092,0.518428860232234,30.75059805996716,
858,31.181904952973127,0.5213979166001081,30.539846047759056,
859,31.380267813801765,0.5244789645075798,30.722256051376462,
860,33.49325014278293,0.5210631061345339,32.719152979552746,
861,31.320929061621428,0.527622876688838,30.67616419866681,
862,31.09266492538154,0.5165110342204571,30.453511979430914,
863,33.186479937285185,0.5173338577151299,32.54677099175751,
864,32.57959592156112,0.5166418850421906,31.939150067046285,
865,31.35766019113362,0.5266559310257435,30.709896003827453,
866,33.40743505395949,0.512849073857069,32.77337085455656,
867,31.929349061101675,0.5182258319109678,31.289272010326385,
868,31.151068164035678,0.5307490937411785,30.499589862301946,
869,32.34460391104221,0.5173161625862122,31.69438987970352,
870,31.015404034405947,0.5174889229238033,30.374533031135798,
871,31.217855866998434,0.5180910229682922,30.57865286245942,
872,30.970833962783217,0.5154530517756939,30.331521993502975,
873,31.3304690644145,0.5192321259528399,30.68838594481349,
874,31.03023301810026,0.525238923728466,30.38321016356349,
875,31.164862914010882,0.5266140215098858,30.516084982082248,
876,32.99000207334757,0.5280859768390656,32.31602185405791,
877,32.20491879619658,0.6460128352046013,31.414722092449665,
878,31.00105980411172,0.5165969487279654,30.36281606182456,
879,33.639937872067094,0.5201520398259163,32.99813298508525,
880,32.19342208467424,0.5262370686978102,31.543309101834893,
881,31.16096882149577,0.5261760670691729,30.5132030043751,
882,32.40500297397375,0.5164649337530136,31.766228144988418,
883,31.124968081712723,0.5262990016490221,30.476354993879795,
884,31.053479993715882,0.521667068824172,30.409557046368718,
885,31.305602053180337,0.520995119586587,30.65266297198832,
886,31.643897062167525,0.5156979896128178,31.00858093239367,
887,31.50329110212624,0.5234950222074986,30.857887119054794,
888,31.60112793557346,0.5188609939068556,30.96019010990858,
889,32.160033006221056,0.5232430994510651,31.512303976342082,
890,31.62289410829544,0.6452801171690226,30.856408877298236,
891,31.515154987573624,0.5141710862517357,30.87963699363172,
892,34.25492695532739,0.5200509913265705,33.61470112577081,
893,33.33751414902508,0.5203660111874342,32.696079928427935,
894,31.570957973599434,0.5260449834167957,30.922393081709743,
895,33.57216715812683,0.5165890324860811,32.92988007888198,
896,33.04467513225973,0.5161480512470007,32.40279178135097,
897,31.494525028392673,0.5211581010371447,30.85045190528035,
898,32.67959016375244,0.5252009723335505,32.031538896262646,
899,31.816081842407584,0.5176849663257599,31.177216907963157,
900,31.62877610884607,0.5233229603618383,30.985502991825342,
901,31.669613905251026,0.5193178076297045,31.016968190670013,
902,31.84422291815281,0.5273120477795601,31.194102950394154,
903,31.681483844295144,0.5252079572528601,31.034150859341025,
904,31.86903498135507,0.5216470453888178,31.225940911099315,
905,31.764299841597676,0.5319018382579088,31.10979194752872,
906,31.851499108597636,0.5294829607009888,31.200247118249536,
907,31.711255200207233,0.5182691384106874,31.07209992595017,
908,33.992321928963065,0.5163718014955521,33.354533137753606,
909,31.751976115629077,0.6534131243824959,30.977679882198572,
910,31.866681994870305,0.5251660477370024,31.21880511753261,
911,33.71885698288679,0.5279749166220427,33.07019313797355,
912,33.65247091278434,0.5275579169392586,33.00133510492742,
913,31.682460103183985,0.5265760701149702,31.03551105596125,
914,33.014215994626284,0.5210970994085073,32.37141203135252,
915,33.023005118593574,0.5190391093492508,32.382800010964274,
916,31.84354491531849,0.5265639629215002,31.195686198771,
917,32.045739935711026,0.5303698126226664,31.382266199216247,
918,31.9418350700289,0.5236300639808178,31.29832586273551,
919,31.813716981559992,0.5215560086071491,31.170875998213887,
920,31.715650111436844,0.524573028087616,31.069097807630897,
921,31.840584008023143,0.5175969563424587,31.200891127809882,
922,31.769874971359968,0.5188069771975279,31.128483824431896,
923,31.826358987018466,0.5256058648228645,31.181262107566,
924,32.00191305950284,0.5264910869300365,31.353798927739263,
925,31.809571897611022,0.5267548840492964,31.162686180323362,
926,31.72151604667306,0.5230300594121218,31.0765178874135,
927,34.016264136880636,0.5181480664759874,33.37669302709401,
928,31.789249973371625,0.652658985927701,31.015488784760237,
929,31.805483158677816,0.5128330085426569,31.169853871688247,
930,33.36158418096602,0.5252158734947443,32.71447913721204,
931,33.865079982206225,0.518586952239275,33.224729122594,
932,31.72238706611097,0.5176179111003876,31.083201989531517,
933,32.822942128404975,0.5256740842014551,32.16544212773442,
934,33.3170669618994,0.5253769923001528,32.66821103170514,
935,31.910223187878728,0.5246840883046389,31.26399195753038,
936,31.971058808267117,0.5176670383661985,31.33120108395815,
937,32.017009099945426,0.5176120903342962,31.367274932563305,
938,32.02648996375501,0.5280671175569296,31.375146005302668,
939,31.92427009344101,0.5184749606996775,31.285001896321774,
940,32.03118802048266,0.5193650722503662,31.387170078232884,
941,31.92568407393992,0.5178211722522974,31.28728992305696,
942,32.029504887759686,0.524936942383647,31.382087850943208,
943,33.11774507164955,0.5200931336730719,32.473646802827716,
944,32.02014393173158,0.5142060108482838,31.386322109028697,
945,31.90973517484963,0.5174120888113976,31.273311004042625,
946,34.082918195053935,0.5195189733058214,33.43935194425285,
947,31.981530133634806,0.6463548634201288,31.212521018460393,
948,32.01570804230869,0.5238980520516634,31.368749914690852,
949,33.53910404257476,0.5251048132777214,32.88122918456793,
950,31.95454995147884,0.6654979661107063,31.16782708093524,
951,31.72834008000791,0.5222689360380173,31.084863003343344,
952,33.01922092214227,0.5189350340515375,32.378199975937605,
953,33.3783351816237,0.5184749606996775,32.73860504850745,
954,31.843022909015417,0.5261318292468786,31.19646618142724,
955,32.368974993005395,0.5279579199850559,31.718777026981115,
956,32.333316979929805,0.5192859098315239,31.689979135990143,
957,31.73308097757399,0.5203010514378548,31.090684002265334,
958,31.825737096369267,0.52421516738832,31.180430902168155,
959,32.020119950175285,0.5259639583528042,31.37161396443844,
960,31.82329796254635,0.524414936080575,31.174713047221303,
961,31.756764044985175,0.5268619861453772,31.10858192667365,
962,34.56645994447172,0.5244589410722256,33.91964314505458,
963,31.763198086991906,0.5205431953072548,31.12171683460474,
964,31.873625004664063,0.5192270036786795,31.23174305073917,
965,33.45063398592174,0.5261318292468786,32.791793113574386,
966,31.67970711365342,0.5244100466370583,31.03536507114768,
967,31.574667198583484,0.5274391733109951,30.926235020160675,
968,33.8485159445554,0.5273399874567986,33.19927700795233,
969,31.559705967083573,0.6562629714608192,30.78247094526887,
970,31.657534884288907,0.5238219164311886,31.01202310062945,
971,32.626731088384986,0.527581200003624,31.965899979695678,
972,33.33010105416179,0.5207469221204519,32.684799982234836,
973,31.50273789651692,0.5232410039752722,30.858091078698635,
974,31.677711056545377,0.5262680351734161,31.02829004637897,
975,32.08181797526777,0.5252689588814974,31.435593962669373,
976,31.651595141738653,0.5261409096419811,31.002367148175836,
977,31.51011490263045,0.5235001444816589,30.86980781517923,
978,32.99900493584573,0.5227699875831604,32.35847898758948,
979,31.50929883122444,0.5206950008869171,30.865280888974667,
980,31.735996017232537,0.5296729505062103,31.08482901006937,
981,33.41145510785282,0.5201050080358982,32.759784953668714,
982,31.484828097745776,0.5280140321701765,30.834970995783806,
983,31.38916497118771,0.5217678844928741,30.746359145268798,
984,33.10132515616715,0.5223979242146015,32.45632303878665,
985,31.49307891726494,0.6680469959974289,30.704453121870756,
986,31.574790133163333,0.5252470728009939,30.92784690670669,
987,33.23654201813042,0.5303290672600269,32.5401620939374,
988,32.49127394519746,0.6494829431176186,31.71231201849878,
989,31.442892970517278,0.5297381430864334,30.788630014285445,
990,31.844719778746367,0.5214228294789791,31.202099984511733,
991,32.46108000166714,0.5222479812800884,31.816598027944565,
992,31.494925962761045,0.5183359608054161,30.855245189741254,
993,31.395483063533902,0.5193247925490141,30.755641171708703,
994,34.027514047920704,0.5205920897424221,33.38405187241733,
995,31.39775083400309,0.5182030145078897,30.758125009015203,
996,31.535412883386016,0.5296629387885332,30.884371139109135,
997,33.072313060984015,0.521698035299778,32.41938794963062,
998,31.14995500072837,0.5151971708983183,30.51180299371481,
999,31.031868187710643,0.5275870207697153,30.382283963263035,
1000,31.97597898542881,0.5291199777275324,31.32326598279178,
1001,31.183738028630614,0.6622809451073408,30.40016395971179,
1002,31.111840158700943,0.526823103427887,30.461957911029458,
1003,32.53041999414563,0.5237800069153309,31.88672079704702,
1004,33.00524619407952,0.5156779661774635,32.36956801265478,
1005,31.09359904192388,0.5221150349825621,30.450931983068585,
1006,31.370754819363356,0.5284789949655533,30.72256501764059,
1007,32.081054989248514,0.530102988705039,31.43088915385306,
1008,31.143708853051066,0.5298841279000044,30.491153011098504,
1009,31.04321495629847,0.5178949795663357,30.404298100620508,
1010,33.269898034632206,0.5188081413507462,32.63019607402384,
1011,31.05322294868529,0.5170211661607027,30.415551969781518,
1012,31.12506214529276,0.5325397942215204,30.46952118165791,
1013,31.96911094710231,0.5230428650975227,31.313813058659434,
1014,31.504216138273478,0.5402588285505772,30.83995496854186,
1015,31.15828102454543,0.5196621641516685,30.51645588129759,
1016,33.291188068687916,0.5226409994065762,32.64643391594291,
1017,31.207812950015068,0.6564219947904348,30.427901074290276,
1018,31.47297794930637,0.5216640420258045,30.82967596128583,
1019,31.893230974674225,0.5135689862072468,31.25790203921497,
1020,32.89318713359535,0.5213900003582239,32.25040389224887,
1021,31.124874018132687,0.5266789812594652,30.476623913273215,
1022,31.437705969437957,0.5194549448788166,30.79728106968105,
1023,33.55460986495018,0.5288219545036554,32.90361212566495,
1024,31.477257842198014,0.5182879976928234,30.837661819532514,
1025,31.126159941777587,0.525403069332242,30.47846700064838,
1026,32.658725045621395,0.5278158932924271,32.0053119212389,
1027,31.097183004021645,0.5305679515004158,30.443928902968764,
1028,31.48288791999221,0.5279849283397198,30.829743947833776,
1029,32.01603004708886,0.5201390013098717,31.36208700016141,
1030,31.699765007942915,0.5219429731369019,31.055247876793146,
1031,31.394385965541005,0.5270158872008324,30.74697800911963,
1032,33.27337303198874,0.5225809291005135,32.62840211391449,
1033,31.61148587241769,0.6590690463781357,30.830193078145385,
1034,31.710396986454725,0.5206230562180281,31.068064039573073,
1035,31.93430695682764,0.5316601600497961,31.281593954190612,
1036,34.156359964981675,0.5285600200295448,33.504756866022944,
1037,31.35785204358399,0.5276200827211142,30.707964906468987,
1038,31.698217848315835,0.5307469982653856,31.041909009218216,
1039,33.45306706614792,0.5283690989017487,32.80197689309716,
1040,31.68661310337484,0.5270021501928568,31.03878488764167,
1041,31.350363977253437,0.5221760366111994,30.7068289257586,
1042,32.627995824441314,0.534360995516181,31.96807811036706,
1043,31.365198083221912,0.5345081444829702,30.70976003073156,
1044,31.70484397560358,0.5384059622883797,31.045719049870968,
1045,31.96820616722107,0.526099931448698,31.309772981330752,
1046,31.929980032145977,0.5228910595178604,31.285760924220085,
1047,31.697809929028153,0.5219557788223028,31.052295118570328,
1048,33.899476984515786,0.5284601356834173,33.244763035327196,
1049,31.95701795630157,0.6651191506534815,31.170864822342992,
1050,31.856592977419496,0.5299390759319067,31.204171013087034,
1051,32.90095389820635,0.529328128322959,32.219405053183436,
1052,33.253805013373494,0.6437338888645172,32.47106191702187,
1053,31.6978448536247,0.5418909713625908,31.03285003453493,
1054,32.06741390749812,0.5361901130527258,31.409710878506303,
1055,33.91484706662595,0.529291108250618,33.26389705762267,
1056,31.90761711448431,0.5289369728416204,31.257097143679857,
1057,31.668781070038676,0.5221690516918898,31.02881694212556,
1058,32.88324107415974,0.5207259673625231,32.24094491451979,
1059,31.696441117674112,0.5265229847282171,31.047689029946923,
1060,31.889366917312145,0.5327179096639156,31.23407904058695,
1061,31.838982133194804,0.5293618887662888,31.176147051155567,
1062,31.947499839589,0.5212549585849047,31.30508097819984,
1063,31.834095949307084,0.517508015036583,31.195790972560644,
1064,32.74488798342645,0.5181210581213236,32.104245852679014,
1065,31.835833098739386,0.5278068128973246,31.185865169391036,
1066,32.00063202530146,0.5275949370115995,31.352383084595203,
1067,33.93328678794205,0.5300710909068584,33.281147945672274,
1068,32.26748900488019,0.6614578887820244,31.481218058615923,
1069,31.87018004246056,0.525210052728653,31.223909929394722,
1070,33.37189997546375,0.5286571104079485,32.67928189598024,
1071,34.606222063302994,0.7193419151008129,33.76077115535736,
1072,31.974684912711382,0.5352289881557226,31.319565139710903,
1073,32.66340401023626,0.5292831920087337,32.0128258317709,
1074,34.10124918445945,0.5323381628841162,33.445236971601844,
1075,31.841435935348272,0.5343079101294279,31.187839107587934,
1076,31.960332999005914,0.5289269611239433,31.30637016147375,
1077,32.92340086773038,0.531825004145503,32.25741093046963,
1078,31.718315090984106,0.5292929708957672,31.066677067428827,
1079,31.69416286982596,0.5261488258838654,31.046218005940318,
1080,31.730638118460774,0.5299320910125971,31.080041080713272,
1081,31.683826819062233,0.5282070487737656,31.034454936161637,
1082,31.70348796993494,0.5223059561103582,31.060555018484592,
1083,31.80288802832365,0.5237539298832417,31.15374897606671,
1084,31.7775949370116,0.5259541794657707,31.13036183640361,
1085,31.709782080724835,0.5317169707268476,31.058270018547773,
1086,33.72408403083682,0.5197909194976091,33.077443949878216,
1087,32.124274875968695,0.6523709744215012,31.352458987385035,
1088,31.7563668359071,0.522049842402339,31.11195215024054,
1089,33.46598194912076,0.5430150777101517,32.80195500701666,
1090,34.301391104236245,0.6591868586838245,33.52129505947232,
1091,31.665584072470665,0.5317609757184982,31.01304406300187,
1092,32.628404907882214,0.5234458949416876,31.979615101590753,
1093,33.59339409507811,0.5238959565758705,32.938150921836495,
1094,31.630069948732853,0.5334808956831694,30.975682893767953,
1095,31.716875033453107,0.523190014064312,31.073325080797076,
1096,32.6842269860208,0.519332941621542,32.03855804167688,
1097,31.586115015670657,0.5411428865045309,30.92281403951347,
1098,31.587836099788547,0.5250410176813602,30.94083513133228,
1099,31.617812113836408,0.5322350189089775,30.94791411422193,
1100,31.63876011967659,0.53982506506145,30.97322187386453,
1101,31.587504083290696,0.528119970113039,30.937550123780966,
1102,31.91701485775411,0.5330420099198818,31.261448049917817,
1103,31.873101135715842,0.5305821541696787,31.221602810546756,
1104,31.57548396848142,0.529126962646842,30.925648054108024,
1105,33.26191008090973,0.5230901297181845,32.6176299713552,
1106,34.214318031445146,0.6621552165597677,33.423639833927155,
1107,31.572572886943817,0.5420709494501352,30.90832498855889,
1108,33.528182888403535,0.5276808515191078,32.87683497183025,
1109,33.322570845484734,0.6598171312361956,32.534490805119276,
1110,31.270646024495363,0.5268540699034929,30.622464837506413,
1111,32.13857393711805,0.5238470621407032,31.493655871599913,
1112,33.16204994916916,0.5333398003131151,32.505267998203635,
1113,31.16202400997281,0.5311490967869759,30.50953592173755,
1114,31.240741023793817,0.5293518770486116,30.59571306221187,
1115,31.710010021924973,0.5234619602560997,31.066448893398046,
1116,31.35218401439488,0.531703932210803,30.697426991537213,
1117,31.19085798971355,0.5214880220592022,30.54863098077476,
1118,31.46510198712349,0.5249311216175556,30.818895902484655,
1119,31.493643997237086,0.5307928659021854,30.840195948258042,
1120,31.320637091994286,0.5309421103447676,30.667328042909503,
1121,33.089582808315754,0.5314340814948082,32.43741695769131,
1122,33.70990604162216,0.5229951348155737,33.067298820242286,
1123,31.18619811721146,0.5262549966573715,30.536308884620667,
1124,33.328688936308026,0.5312578286975622,32.672803150489926,
1125,32.89302694611251,0.6598709151148796,32.096107956022024,
1126,31.400474021211267,0.546047929674387,30.73070105165243,
1127,32.411823980510235,0.5321260541677475,31.7588709294796,
1128,33.196356846019626,0.5322031211107969,32.54231181927025,
1129,31.023646937683225,0.53225620649755,30.370492953807116,
1130,31.51196800172329,0.5358378402888775,30.854812124744058,
1131,31.871068058535457,0.5332499276846647,31.21610707603395,
1132,31.393119134008884,0.5244661588221788,30.748426914215088,
1133,31.034795101732016,0.5298408214002848,30.382823199033737,
1134,31.521250028163195,0.5377328488975763,30.86072811856866,
1135,31.508556101471186,0.5210828967392445,30.865527922287583,
1136,31.37352899648249,0.5261539481580257,30.725351069122553,
1137,33.135486068204045,0.525906914845109,32.488666009157896,
1138,33.63111801445484,0.5205059424042702,32.985887955874205,
1139,30.930184992030263,0.5218279547989368,30.288441106677055,
1140,33.498986857011914,0.5292028654366732,32.84815209917724,
1141,32.62482490390539,0.6613589357584715,31.82578203268349,
1142,31.048885080963373,0.5357870832085609,30.39029985666275,
1143,32.54503710195422,0.5192991811782122,31.8554500117898,
1144,32.68799092620611,0.6720609962940216,31.89015993848443,
1145,31.29022801294923,0.5295891314744949,30.63881187699735,
1146,31.637963838875294,0.5249651148915291,30.991039937362075,
1147,32.34498295933008,0.5259159952402115,31.69625112786889,
1148,31.36383299715817,0.5337949842214584,30.711421044543386,
1149,31.27175197005272,0.5253730341792107,30.624059960246086,
1150,31.485917046666145,0.5265411455184221,30.836779857054353,
1151,33.54155784472823,0.531060853973031,32.88266295567155,
1152,31.386943999677896,0.5393458995968103,30.725229997187853,
1153,33.379067899659276,0.5342478398233652,32.72065008059144,
1154,33.71951007284224,0.5308280233293772,33.0669020768255,
1155,31.308596022427082,0.5280959885567427,30.658347997814417,
1156,33.27245498076081,0.5277169402688742,32.621589954942465,
1157,32.937483163550496,0.5408879369497299,32.26255811750889,
1158,31.665771966800094,0.5179629661142826,31.024358933791518,
1159,33.511989982798696,0.5275241564959288,32.8621210064739,
1160,32.0917081553489,0.6635889876633883,31.30645607598126,
1161,31.346146017313004,0.5325470119714737,30.688778031617403,
1162,32.876888057217,0.5234989803284407,32.23299700766802,
1163,32.81662496738136,0.6161159835755825,32.07430406473577,
1164,31.707540852949023,0.5423089023679495,31.042139045894146,
1165,31.57730191014707,0.5408599972724915,30.910643050447106,
1166,32.664619851857424,0.5305809900164604,32.0112940389663,
1167,31.628702068701386,0.53410604596138,30.97482887096703,
1168,31.708287075161934,0.5279851611703634,31.057597836479545,
1169,31.521118013188243,0.5263939965516329,30.874080024659634,
1170,34.2979880515486,0.5341800861060619,33.64098188467324,
1171,31.372990924865007,0.5363980308175087,30.714680906385183,
1172,32.72097813896835,0.5246279761195183,32.071528024971485,
1173,33.56754104606807,0.531315803527832,32.90276904590428,
1174,31.781842932105064,0.5313609726727009,31.12971200607717,
1175,33.3709791302681,0.5254941061139107,32.72300795651972,
1176,32.666088081896305,0.5419459193944931,32.00283809565008,
1177,31.530673848465085,0.5304620135575533,30.87352099828422,
1178,33.51681213825941,0.5274151917546988,32.865838846191764,
1179,31.662268098443747,0.6706370040774345,30.864263186231256,
1180,31.774398870766163,0.5408439319580793,31.105888076126575,
1181,33.08111988008022,0.5367908161133528,32.37306699156761,
1182,31.982095912098885,0.7154268678277731,31.120680971071124,
1183,31.549764098599553,0.533450162038207,30.892997048795223,
1184,32.06276707351208,0.5340650677680969,31.407817965373397,
1185,32.72160096094012,0.5325418896973133,32.0671231020242,
1186,32.05113718286157,0.5258191376924515,31.40230500139296,
1187,31.510662054643035,0.5298249889165163,30.855638906359673,
1188,31.70476295053959,0.5220749881118536,31.062364112585783,
1189,34.0215559117496,0.5317660979926586,33.35323301143944,
1190,31.942071160301566,0.5543380975723267,31.261896947398782,
1191,32.125988975167274,0.5417580250650644,31.46228683181107,
1192,33.465041080489755,0.5408779252320528,32.802676083520055,
1193,31.813530949875712,0.5317679606378078,31.160376965999603,
1194,33.73630880378187,0.5295970477163792,33.08316203765571,
1195,32.3306720238179,0.5373589228838682,31.66889608837664,
1196,31.88167605549097,0.5282179918140173,31.22996399179101,
1197,32.73976896889508,0.523214926943183,32.093471148982644,
1198,31.973909121006727,0.6577889434993267,31.194482930004597,
1199,31.80205589160323,0.5324429366737604,31.1484111007303,
1200,33.36110897362232,0.5321309436112642,32.65546704642475,
1201,31.911190832033753,0.6643349770456553,31.105044996365905,
1202,31.88828006386757,0.5344660021364689,31.232322100549936,
1203,32.2336838580668,0.5380280781537294,31.57080803066492,
1204,33.31055608578026,0.5246410146355629,32.662476878613234,
1205,32.26153086870909,0.5271150730550289,31.600855058059096,
1206,31.769693130627275,0.52220793440938,31.12544398754835,
1207,31.962841982021928,0.5376730114221573,31.30334196612239,
1208,33.94082887098193,0.5299709737300873,33.29009795561433,
1209,31.792490044608712,0.556187005713582,31.114012002944946,
1210,31.84137004427612,0.5319251213222742,31.18463885039091,
1211,32.78167895041406,0.5349679850041866,32.125228084623814,
1212,31.77325683645904,0.5326820537447929,31.119128922000527,
1213,33.969548996537924,0.5352960433810949,33.31241104751825,
1214,31.76776715554297,0.5385889671742916,31.107465038076043,
1215,31.751031056046486,0.5263369530439377,31.09892806969583,
1216,32.88539592176676,0.5254459101706743,32.23632602021098,
1217,31.783692073076963,0.5246680229902267,31.138327904045582,
1218,31.791636953130364,0.538805965334177,31.13082004711032,
1219,33.47686096094549,0.5301691126078367,32.83017687499523,
1220,31.816734932363033,0.6538429297506809,31.041304115206003,
1221,31.564211938530207,0.5273099523037672,30.90433799661696,
1222,32.11325593292713,0.5303740035742521,31.460727797821164,
1223,32.93427103199065,0.5311169661581516,32.281606923788786,
1224,34.03384308330715,0.5276890005916357,33.381839049980044,
1225,31.50368807837367,0.5520270206034184,30.827382812276483,
1226,32.435812056064606,0.5291819106787443,31.78001311607659,
1227,33.46955613233149,0.5446597933769226,32.79827116057277,
1228,31.39849891886115,0.5312070716172457,30.745489988476038,
1229,31.45476197823882,0.5262561608105898,30.806217808276415,
1230,32.228745985776186,0.5297681782394648,31.576292822137475,
1231,31.34288382716477,0.5266088992357254,30.694006010890007,
1232,33.439728897064924,0.533323036506772,32.78457303531468,
1233,31.365149188786745,0.5359218921512365,30.70804919116199,
1234,31.34952182881534,0.5174430552870035,30.699386028572917,
1235,32.27366297505796,0.5476200021803379,31.605051131919026,
1236,31.350068049505353,0.5335409659892321,30.689469072967768,
1237,31.34254808537662,0.5339179188013077,30.67485010251403,
1238,32.70445414818823,0.5344331730157137,32.019685953855515,
1239,31.538781011477113,0.7127758581191301,30.693742912262678,
1240,34.03618815355003,0.5490779876708984,33.354670042172074,
1241,32.036804128438234,0.5670830141752958,31.348444987088442,
1242,32.809260999783874,0.5524239968508482,32.13278506882489,
1243,33.47216290421784,0.5520179402083158,32.777068205177784,
1244,31.117758946493268,0.55661890655756,30.435125110670924,
1245,31.840847805142403,0.5402001552283764,31.175744952633977,
1246,32.27745206095278,0.5435040220618248,31.602179864421487,
1247,31.091824173927307,0.5693491548299789,30.397939030081034,
1248,33.19047321565449,0.5490700714290142,32.50961285084486,
1249,31.122532906010747,0.5580540746450424,30.433781910687685,
1250,31.151804141700268,0.5560819990932941,30.466408003121614,
1251,32.60018094442785,0.5462609697133303,31.930787954479456,
1252,31.19844594039023,0.545124989002943,30.52929905243218,
1253,30.917547177523375,0.5457701627165079,30.235401820391417,
1254,32.50055108219385,0.5446749273687601,31.792748952284455,
1255,30.797851039096713,0.6955950520932674,29.9723818898201,
1256,33.44026510603726,0.529866898432374,32.78858005069196,
1257,31.322839902713895,0.5404229741543531,30.660139862447977,
1258,32.37152099609375,0.5324550438672304,31.712713884189725,
1259,32.16229402460158,0.5290459375828505,31.51185717433691,
1260,30.929142143577337,0.5363121163100004,30.26932803913951,
1261,30.970427906140685,0.5584119353443384,30.2908041048795,
1262,30.832555145025253,0.542675843462348,30.16849816776812,
1263,30.681306961923838,0.5262449849396944,30.03239491954446,
1264,32.51167805865407,0.5373740568757057,31.828244915232062,
1265,30.784679809585214,0.6631300784647465,29.99497181735933,
1266,31.336243962869048,0.5945528391748667,30.61351110227406,
1267,32.81472297385335,0.5746600218117237,32.11398096755147,
1268,30.96981206908822,0.7033520378172398,30.1393149420619,
1269,33.4974960424006,0.5709240213036537,32.78710297308862,
1270,32.130012987181544,0.5680799949914217,31.43649990670383,
1271,33.23592711240053,0.5572140216827393,32.54948393441737,
1272,32.84995793364942,0.5569418426603079,32.1690640412271,
1273,31.067579053342342,0.5657628644257784,30.37415910512209,
1274,32.11077395826578,0.5518170073628426,31.43472783267498,
1275,31.331128207966685,0.5515548400580883,30.65518499352038,
1276,31.203842954710126,0.5559450946748257,30.524858040735126,
1277,33.2739579025656,0.5500230472534895,32.60188200511038,
1278,31.207909109070897,0.5393940955400467,30.545736895874143,
1279,30.982283875346184,0.5438670050352812,30.31546506099403,
1280,32.32538397423923,0.541839050129056,31.661340035498142,
1281,30.956757022067904,0.543483067303896,30.290198046714067,
1282,34.1950838919729,0.5441089160740376,33.52577309124172,
1283,33.07792800478637,0.5539760459214449,32.400758005678654,
1284,31.26768092624843,0.6850848440080881,30.43532115407288,
1285,34.03863683342934,0.6488338112831116,33.24738098308444,
1286,33.29178597778082,0.5953558720648289,32.540888991206884,
1287,31.557045876979828,0.7654509972780943,30.657451134175062,
1288,33.200810896232724,0.5648159421980381,32.51070808619261,
1289,31.844523968175054,0.5507930181920528,31.176225980743766,
1290,33.1492000259459,0.555151142179966,32.470981823280454,
1291,31.862705014646053,0.5513010546565056,31.183055136352777,
1292,31.551158986985683,0.5670110695064068,30.855964869260788,
1293,31.7932921461761,0.5615768022835255,31.104593072086573,
1294,31.542358919978142,0.5701349582523108,30.844360124319792,
1295,31.365307979285717,0.5571390502154827,30.68336984142661,
1296,33.70290412567556,0.5556840915232897,33.02039694972336,
1297,31.34333505295217,0.5445540882647038,30.673887114971876,
1298,31.839033821597695,0.5536209791898727,31.16119490005076,
1299,32.39056118763983,0.5475948564708233,31.71928715892136,
1300,31.584101961925626,0.5444479174911976,30.91824008151889,
1301,34.168686950579286,0.548813957720995,33.48330990411341,
1302,33.82209315896034,0.5597011186182499,33.13389397226274,
1303,31.777936033904552,0.6850820500403643,30.96833499148488,
1304,33.68789912201464,0.5525520537048578,33.00699079409242,
1305,33.29578693956137,0.565825030207634,32.604559091851115,
1306,31.766023952513933,0.6740659009665251,30.965728918090463,
1307,32.57221495732665,0.5442269612103701,31.906617106869817,
1308,32.37510705366731,0.5478188395500183,31.702944077551365,
1309,33.53420621715486,0.5409838631749153,32.86668914370239,
1310,31.753575894981623,0.5550519563257694,31.075337901711464,
1311,31.667341012507677,0.5387361161410809,31.00805194117129,
1312,32.43375802412629,0.5406220443546772,31.77094808779657,
1313,31.630609882995486,0.5292568821460009,30.979879200458527,
1314,31.64447913877666,0.5331290885806084,30.99077381193638,
1315,32.31540508568287,0.5357321351766586,31.65441402234137,
1316,31.667960109189153,0.5330219864845276,31.01174207404256,
1317,32.5565910898149,0.54179597645998,31.87881805934012,
1318,33.417964121326804,0.5383889656513929,32.75310806930065,
1319,31.92014805972576,0.5427859723567963,31.246325932443142,
1320,34.40798609517515,0.5692839622497559,33.710510935634375,
1321,32.914308132603765,0.5431210156530142,32.24836988374591,
1322,31.830467050895095,0.544064911082387,31.161983031779528,
1323,33.55502290651202,0.5394630134105682,32.893517054617405,
1324,33.715084893628955,0.5351679865270853,33.053703838959336,
1325,31.988431001082063,0.6601091008633375,31.210537999868393,
1326,32.62513899244368,0.5313851870596409,31.96916193701327,
1327,33.122150925919414,0.5368608981370926,32.46413706801832,
1328,31.930305995047092,0.6599291227757931,31.14875592291355,
1329,31.94553405046463,0.5312028806656599,31.29386599175632,
1330,31.91395802423358,0.5347549449652433,31.257876195013523,
1331,33.302818890661,0.5382010713219643,32.6437228359282,
1332,31.816618982702494,0.5314040463417768,31.16370108909905,
1333,31.71189082786441,0.530612887814641,31.048624077811837,
1334,31.931544886901975,0.5350420251488686,31.274000881239772,
1335,31.65772487409413,0.5310340784490108,31.000868882983923,
1336,32.04364608973265,0.5359749775379896,31.386862974613905,
1337,33.840733114629984,0.5302228964865208,33.18447293713689,
1338,31.612289836630225,0.5304161459207535,30.956899048760533,
1339,34.21970107592642,0.5558929406106472,33.54121302254498,
1340,33.297240966930985,0.5465829744935036,32.62688289396465,
1341,31.620813068002462,0.5301921628415585,30.968460952863097,
1342,33.31217705272138,0.5366927944123745,32.652934081852436,
1343,32.47389988973737,0.5318010225892067,31.821663957089186,
1344,31.621459173038602,0.5358089692890644,30.962925869971514,
1345,32.24970097653568,0.5269579123705626,31.60120011307299,
1346,33.32054102793336,0.5380341317504644,32.658336916938424,
1347,31.75584296695888,0.6648118142038584,30.96824511885643,
1348,31.616508029401302,0.5384190008044243,30.956651084125042,
1349,31.986968824639916,0.5264750216156244,31.329012010246515,
1350,33.24971720576286,0.5286401137709618,32.59943309240043,
1351,31.441996106877923,0.54200179874897,30.776826199144125,
1352,31.431633979082108,0.5368019919842482,30.77410813421011,
1353,32.16359601356089,0.5251138936728239,31.517704017460346,
1354,31.425931956619024,0.5393980536609888,30.766105046495795,
1355,33.76719309017062,0.5394911859184504,33.10708492062986,
1356,32.164601841941476,0.5326310638338327,31.50948998518288,
1357,31.468192115426064,0.5370329599827528,30.808353098109365,
1358,33.567389007657766,0.5400998052209616,32.905863132327795,
1359,33.2996619399637,0.5390050355345011,32.64079196378589,
1360,31.414679950103164,0.5314128939062357,30.763456132262945,
1361,32.45858708396554,0.5327819380909204,31.804908998310566,
1362,32.367703039199114,0.5379829090088606,31.707393936812878,
1363,31.432546908035874,0.5385789554566145,30.771632213145494,
1364,31.436168123036623,0.5355668254196644,30.778015963733196,
1365,32.48610789887607,0.5295961163938046,31.82240203022957,
1366,31.516300980001688,0.6708300206810236,30.72345396503806,
1367,31.159976962953806,0.5338040646165609,30.505080008879304,
1368,31.401406973600388,0.536683015525341,30.743494164198637,
1369,32.386432867497206,0.533055979758501,31.73038293607533,
1370,31.381129985675216,0.5361300427466631,30.722518917173147,
1371,33.66576600819826,0.5322680808603764,33.01085298880935,
1372,31.616264022886753,0.5373589228838682,30.96158499829471,
1373,31.14011511206627,0.5258771125227213,30.49314208328724,
1374,33.24084891937673,0.5340729840099812,32.58599899709225,
1375,32.79050695709884,0.5350629799067974,32.13375806808472,
1376,31.447462970390916,0.5319439806044102,30.79401096329093,
1377,32.01892296783626,0.538727967068553,31.357571948319674,
1378,32.53821702674031,0.5433219484984875,31.8698410410434,
1379,31.185717089101672,0.5378630012273788,30.524560948833823,
1380,31.38871886767447,0.5439170636236668,30.721350107342005,
1381,32.7094339299947,0.5748250987380743,31.996205914765596,
1382,31.10008710063994,0.6872420199215412,30.291493982076645,
1383,30.936890048906207,0.5458169616758823,30.27082118205726,
1384,31.258452218025923,0.541991088539362,30.594593845307827,
1385,32.20032784156501,0.5349649582058191,31.543276039883494,
1386,30.98413720726967,0.5298990290611982,30.330752953886986,
1387,33.29255082644522,0.5358741618692875,32.63276978395879,
1388,32.2001869790256,0.5327968392521143,31.543362187221646,
1389,30.92522220686078,0.5414839833974838,30.261717038229108,
1390,32.053872011601925,0.534438993781805,31.39772405847907,
1391,32.34512498602271,0.5386609118431807,31.685147900134325,
1392,31.00964007899165,0.5341588985174894,30.35064204595983,
1393,30.914278933778405,0.5313109140843153,30.263522174209356,
1394,32.793790102005005,0.5322201177477837,32.139571849256754,
1395,31.02974104695022,0.6614408921450377,30.247844057157636,
1396,31.027756165713072,0.535495113581419,30.370919965207577,
1397,31.302877003327012,0.5344150122255087,30.631424859166145,
1398,32.737999921664596,0.5304380320012569,32.08580310456455,
1399,31.05254890397191,0.5401021335273981,30.3912409581244,
1400,33.51191710680723,0.539297005161643,32.85160311497748,
1401,31.750397058203816,0.5312131252139807,31.098157865926623,
1402,30.94391501508653,0.5307549145072699,30.29344487003982,
1403,32.236871076747775,0.5285951774567366,31.571232015267015,
1404,33.10637199319899,0.5365000106394291,32.44326706044376,
1405,30.869873939082026,0.5433009937405586,30.206158058717847,
1406,31.12957300618291,0.5380748771131039,30.470477184280753,
1407,32.04769315198064,0.5409009754657745,31.37775999493897,
1408,30.937314964830875,0.5586449988186359,30.25553608313203,
1409,30.91642982326448,0.539673026651144,30.25390999391675,
1410,32.181466929614544,0.5439701490104198,31.4781388733536,
1411,31.05488116852939,0.7295489776879549,30.193748883903027,
1412,30.91775206848979,0.5433389451354742,30.252441065385938,
1413,33.94866082817316,0.5340168718248606,33.28365506604314,
1414,32.74572198279202,0.5451750475913286,32.07841794937849,
1415,31.315896194428205,0.5363768432289362,30.658360105007887,
1416,33.119467087090015,0.5380541551858187,32.45928487740457,
1417,32.53663005307317,0.5351640284061432,31.880402006208897,
1418,31.373681034892797,0.5309460684657097,30.721904942765832,
1419,31.788676045835018,0.5349800921976566,31.133739976212382,
1420,33.16702600568533,0.5431170575320721,32.50221395865083,
1421,31.348668038845062,0.5367319099605083,30.686456011608243,
1422,31.410943949595094,0.5315418820828199,30.755341053009033,
1423,33.18121703341603,0.5498090758919716,32.510892022401094,
1424,31.364066991955042,0.5365319084376097,30.70177906192839,
1425,31.344235874712467,0.5333758890628815,30.689642997458577,
1426,32.78983500786126,0.5407130811363459,32.12627884931862,
1427,31.40669595450163,0.6679119542241096,30.617801006883383,
1428,31.38569789007306,0.544761074706912,30.72028188034892,
1429,34.170063212513924,0.5295597948133945,33.50608516484499,
1430,33.46290602348745,0.5349251441657543,32.8054497949779,
1431,31.527681043371558,0.5452809855341911,30.858730897307396,
1432,33.451939933001995,0.5383791867643595,32.79121080413461,
1433,32.85500197671354,0.5374830216169357,32.19591500237584,
1434,31.53518191538751,0.5447061266750097,30.862648971378803,
1435,32.407155027613044,0.5328978877514601,31.751428032293916,
1436,33.519988879561424,0.5318771582096815,32.864199951291084,
1437,31.526876846328378,0.5455289501696825,30.86057212203741,
1438,31.520796939730644,0.5383470561355352,30.856587924063206,
1439,32.75671601295471,0.538606895133853,32.095598988235,
1440,31.563903903588653,0.5360429640859365,30.901928199455142,
1441,31.51550702750683,0.5455219652503729,30.846368987113237,
1442,33.695856807753444,0.5414800252765417,33.033686922863126,
1443,31.522704986855388,0.5372338928282261,30.864273896440864,
1444,31.50168200954795,0.5336590111255646,30.845155008137226,
1445,33.056488959118724,0.5428357981145382,32.379889162257314,
1446,31.82919998653233,0.6741939578205347,31.032689148560166,
1447,31.939492095261812,0.5428357981145382,31.274224165827036,
1448,34.075401024892926,0.5446199793368578,33.36537885479629,
1449,32.45894983410835,0.7065110839903355,31.629337929189205,
1450,31.716780038550496,0.540406908839941,31.055295141413808,
1451,33.010088140144944,0.5310329142957926,32.35759609378874,
1452,33.08299300260842,0.5415868945419788,32.41964615881443,
1453,31.92617604508996,0.5412718746811152,31.263759126886725,
1454,31.952542951330543,0.546131981536746,31.283732037991285,
1455,34.04284012503922,0.5365919787436724,33.38255314156413,
1456,31.76626213826239,0.5417929496616125,31.10248618759215,
1457,31.87555610202253,0.5378858186304569,31.217262148857117,
1458,33.31768698990345,0.5364629905670881,32.66051481477916,
1459,31.956649851053953,0.5413729231804609,31.293984036892653,
1460,31.819918891415,0.5331397987902164,31.16430202499032,
1461,32.10940700955689,0.5379349458962679,31.43954509869218,
1462,31.664730980992317,0.5362178198993206,31.005785102024674,
1463,31.89283492974937,0.5341130308806896,31.237451126798987,
1464,33.56793290004134,0.5359628703445196,32.90804708376527,
1465,32.03314309939742,0.6672509480267763,31.243212055414915,
1466,31.670540804043412,0.5399289075285196,31.007835175842047,
1467,33.989429008215666,0.5452281329780817,33.322145929560065,
1468,31.77954303100705,0.6754070054739714,30.980851966887712,
1469,31.888987869024277,0.5421480163931847,31.225329032167792,
1470,32.83648914657533,0.5364750977605581,32.17489994131029,
1471,33.69864891283214,0.5292508285492659,33.048701006919146,
1472,31.69022686779499,0.5414129700511694,31.028912169858813,
1473,31.911554047837853,0.5460160318762064,31.24331682920456,
1474,33.36718282662332,0.5405500996857882,32.702900003641844,
1475,31.884490977972746,0.5426600109785795,31.221168115735054,
1476,31.69059008359909,0.5411279853433371,31.027673976495862,
1477,32.899894984439015,0.5296710878610611,32.238049898296595,
1478,31.321703223511577,0.5379999056458473,30.663070967420936,
1479,31.626489013433456,0.53994613699615,30.964199919253588,
1480,31.694017117843032,0.5374997854232788,31.033908016979694,
1481,31.66243084706366,0.5363409873098135,31.003440031781793,
1482,31.37031989172101,0.5447941366583109,30.698519898578525,
1483,34.01781199499965,0.5318508483469486,33.35859114304185,
1484,31.421939842402935,0.6825439631938934,30.61612695455551,
1485,31.58975695259869,0.5458961240947247,30.9259039349854,
1486,32.752241007983685,0.5322250071913004,32.066000159829855,
1487,32.14693581685424,0.7426810916513205,31.27594687975943,
1488,31.395820900797844,0.5354078020900488,30.736087122932076,
1489,31.69359196908772,0.5347530823200941,31.03205282241106,
1490,32.39726508036256,0.538606196641922,31.734684016555548,
1491,31.64062788709998,0.5465890280902386,30.970457009971142,
1492,31.363677931949496,0.5391710437834263,30.703833093866706,
1493,32.95702300965786,0.537059037014842,32.287179958075285,
1494,31.353715108707547,0.5382979288697243,30.693389009684324,
1495,31.660540960729122,0.5413240287452936,30.99721297621727,
1496,32.676853938028216,0.5400560330599546,32.0156910456717,
1497,31.616609077900648,0.5345388781279325,30.96232912503183,
1498,31.395074911415577,0.5443459376692772,30.72799602523446,
1499,33.39024819433689,0.5311078857630491,32.73690096102655,
1500,31.501252902671695,0.6790750194340944,30.701279873028398,
1501,31.661051092669368,0.5408038850873709,30.9986830689013,
1502,32.10772108286619,0.5411079619079828,31.408548122271895,
1503,32.5983299408108,0.6850401405245066,31.787382904440165,
1504,31.409777933731675,0.5420141387730837,30.74541105888784,
1505,31.66789119131863,0.5382350645959377,31.0069068800658,
1506,32.71476598456502,0.5431149620562792,32.04855415970087,
1507,31.643196940422058,0.5355270113795996,30.986391939222813,
1508,31.39123786240816,0.5359859205782413,30.73109406977892,
1509,31.870491802692413,0.5320620257407427,31.206154031679034,
1510,30.657522846013308,0.5312510766088963,30.004677129909396,
1511,30.47193610109389,0.53550791926682,29.816105030477047,
1512,33.05287891998887,0.5360420327633619,32.394385896623135,
1513,30.495456885546446,0.5446779541671276,29.82823201455176,
1514,30.673836823552847,0.5348389968276024,30.013554962351918,
1515,31.755554024130106,0.5360569339245558,31.06845496222377,
1516,30.842430889606476,0.7032910361886024,30.014381976798177,
1517,30.48094012774527,0.5316350143402815,29.82873795554042,
1518,30.675655929371715,0.5405030678957701,30.008235946297646,
1519,32.61004202067852,0.5545900203287601,31.932506943121552,
1520,30.72832291945815,0.5431438330560923,30.063210055232048,
1521,30.44962207786739,0.5366981495171785,29.793112073093653,
1522,33.63826195709407,0.5343698430806398,32.98365999944508,
1523,30.4787780623883,0.5407528951764107,29.81784101575613,
1524,30.70754581131041,0.5358299240469933,30.05151404067874,
1525,33.27329899184406,0.5297958850860596,32.61083993129432,
1526,31.00256295874715,0.5383498501032591,30.3425551392138,
1527,31.174605013802648,0.529437093064189,30.52559494972229,
1528,32.04699116759002,0.5428860895335674,31.33751591667533,
1529,31.71380120329559,0.6993010174483061,30.88510106317699,
1530,31.044952105730772,0.5391030572354794,30.385322868824005,
1531,31.231840839609504,0.5341570358723402,30.57657810859382,
1532,33.395613078027964,0.5387170240283012,32.732774037867785,
1533,31.2650038395077,0.5383340176194906,30.606388114392757,
1534,31.040071975439787,0.5427179858088493,30.375886941328645,
1535,33.74658292159438,0.533316982910037,33.08977698907256,
1536,31.030741054564714,0.532365869730711,30.377655057236552,
1537,31.260241055861115,0.5350739229470491,30.60292499139905,
1538,33.00943807698786,0.5444560665637255,32.34261111356318,
1539,31.31431806832552,0.543846981599927,30.64835793338716,
1540,31.095505924895406,0.5317560862749815,30.44133190996945,
1541,33.14648801460862,0.5387221463024616,32.476607942953706,
1542,31.498068012297153,0.6060248706489801,30.770956072956324,
1543,31.524158781394362,0.5407568532973528,30.864790081977844,
1544,31.877229921519756,0.5340599454939365,31.221651006489992,
1545,33.369396114721894,0.5388499703258276,32.70953707396984,
1546,31.457999954000115,0.5398578941822052,30.792203964665532,
1547,31.5099258441478,0.5546549800783396,30.83413396961987,
1548,33.55030016973615,0.5394581239670515,32.889663008973,
1549,31.556898960843682,0.5364648532122374,30.898762168362737,
1550,31.453975941985846,0.5416171625256538,30.789769953116775,
1551,34.112339839339256,0.5386420525610447,33.44813082367182,
1552,31.51705302298069,0.5344538949429989,30.861398205161095,
1553,31.51632403023541,0.539200846105814,30.8536309748888,
1554,33.17139018326998,0.5335391033440828,32.51805482432246,
1555,31.45631798543036,0.5365731194615364,30.798204941675067,
1556,31.48577595129609,0.5359149072319269,30.826571164652705,
1557,33.81414292380214,0.5398578941822052,33.13473705202341,
1558,31.619461020454764,0.5380429793149233,30.958392890170217,
1559,31.802983954548836,0.5347300320863724,31.148683978244662,
1560,32.80921606346965,0.5435519851744175,32.14618214406073,
1561,31.890425132587552,0.6629701238125563,31.106902053579688,
1562,31.647304072976112,0.5370390135794878,30.9885258320719,
1563,31.850992934778333,0.5332119762897491,31.196756986901164,
1564,33.406998962163925,0.5473080091178417,32.733285101130605,
1565,31.821563141420484,0.5332469008862972,31.166236149147153,
1566,31.653412152081728,0.5433829501271248,30.988333048298955,
1567,34.130010986700654,0.5426211282610893,33.466328866779804,
1568,31.66001196950674,0.5457960069179535,30.99224204197526,
1569,31.76233801059425,0.5333018489181995,31.1083251144737,
1570,33.56932196766138,0.5409389268606901,32.907247077673674,
1571,31.814948888495564,0.537537969648838,31.157860066741705,
1572,31.671705888584256,0.5368518177419901,31.012888066470623,
1573,32.36945206299424,0.532384030520916,31.70497203245759,
1574,31.931778183206916,0.5411698948591948,31.265752157196403,
1575,32.037092838436365,0.5748779512941837,31.341183930635452,
1576,34.2630441300571,0.5544680170714855,33.58718100935221,
1577,32.02384919859469,0.5456439685076475,31.357597094029188,
1578,31.994877848774195,0.5402618553489447,31.333543127402663,
1579,33.34265807643533,0.5363409873098135,32.684339210391045,
1580,32.04983100295067,0.668106134980917,31.25908295623958,
1581,32.02686412259936,0.542488181963563,31.36421088129282,
1582,34.725349862128496,0.5389840807765722,34.058067947626114,
1583,32.33258915133774,0.6745192222297192,31.517045805230737,
1584,31.962770968675613,0.5455459468066692,31.291611026972532,
1585,32.040507066994905,0.5397959612309933,31.379689928144217,
1586,33.78017502836883,0.550887081772089,33.106998074799776,
1587,32.190198078751564,0.5459110252559185,31.524260994046926,
1588,34.40510202199221,0.5502910353243351,32.732896972447634,
1589,34.69723416492343,0.6341829430311918,33.82276906631887,
1590,31.7767180968076,0.5451170727610588,31.10844292677939,
1591,32.59130986407399,0.5322711076587439,31.93986788392067,
1592,36.83061292394996,0.5414609331637621,36.16718598641455,
1593,31.809651060029864,0.5442539695650339,31.144844135269523,
1594,32.06421504728496,0.5504658911377192,31.392873032018542,
1595,36.98030021041632,0.5412509199231863,36.31613706238568,
1596,31.79558110423386,0.5368688143789768,31.137692043557763,
1597,32.95521903783083,0.5412299651652575,32.29165496304631,
1598,36.28357709385455,0.5323048681020737,35.63027107156813,
1599,33.62493100576103,0.5353810265660286,32.967192120850086,
1600,31.78878198377788,0.5409661680459976,31.122994842007756,
1601,33.70234207250178,0.5391580052673817,33.04072399623692,
1602,32.70116215571761,0.5468199960887432,32.03132399357855,
1603,35.22463398985565,0.5490148905664682,33.40989607386291,
1604,33.27487991191447,1.2305250857025385,31.896291999146342,
1605,31.47701919078827,0.5424309056252241,30.802938155829906,
1606,31.47712885402143,0.5461079999804497,30.812725890427828,
1607,35.9596770722419,0.5358951166272163,35.2981798350811,
1608,35.306975012645125,0.5414511542767286,34.64491595514119,
1609,31.907645985484123,0.5360371433198452,31.25036507844925,
1610,34.07113905996084,0.5418399814516306,33.40417891740799,
1611,32.049647998064756,0.5408409051597118,31.384608009830117,
1612,33.523865044116974,0.5434651393443346,32.03468583524227,
1613,34.70915392972529,1.4895889908075333,33.055033069103956,
1614,31.491543166339397,0.5542729049921036,30.815456062555313,
1615,31.403788132593036,0.5358320195227861,30.74412210844457,
1616,32.786792842671275,0.5423137918114662,32.12109999731183,
1617,31.77392389625311,0.5417091306298971,31.110747018828988,
1618,31.49594902060926,0.5393859464675188,30.833408003672957,
1619,31.45004902034998,0.5417950451374054,30.78350005671382,
1620,34.231598023325205,0.6739371456205845,33.436728874221444,
1621,31.37558582238853,0.538551015779376,30.70398303680122,
1622,31.445336062461138,0.5528489127755165,30.771136051043868,
1623,33.725932938978076,0.5413820035755634,33.060505986213684,
1624,31.504577957093716,0.5459131207317114,30.835106037557125,
1625,31.389845069497824,0.5433009937405586,30.725862830877304,
1626,32.58444485254586,0.5520458798855543,31.908923061564565,
1627,31.331239035353065,0.5429461598396301,30.665781814604998,
1628,31.481275102123618,0.5437161307781935,30.814556870609522,
1629,31.679447973147035,0.5337719339877367,31.021591974422336,
1630,31.48385602980852,0.5504181608557701,30.80972284078598,
1631,31.42190515063703,0.5372799932956696,30.761020025238395,
1632,32.94304898008704,0.5421268288046122,32.27882902137935,
1633,31.699658138677478,0.5487408488988876,31.028753146529198,
1634,31.51696501299739,0.5431331228464842,30.848051887005568,
1635,31.49634483270347,0.5402099341154099,30.832301126793027,
1636,34.05149397440255,0.6852468941360712,33.242281060665846,
1637,31.006131088361144,0.5459440872073174,30.32574988901615,
1638,30.883365077897906,0.5420469678938389,30.219912063330412,
1639,32.69183402881026,0.5468539893627167,32.02214394696057,
1640,30.947057995945215,0.5455459468066692,30.279077123850584,
1641,31.01187013089657,0.5373009480535984,30.352788046002388,
1642,31.34413599036634,0.53619802929461,30.686283018440008,
1643,31.030379934236407,0.5432979669421911,30.365186976268888,
1644,30.912094051018357,0.5456130020320415,30.244315043091774,
1645,32.852721866220236,0.5518270190805197,32.17859519645572,
1646,31.227600062265992,0.534827820956707,30.57079599238932,
1647,31.075716949999332,0.5427361465990543,30.41034797206521,
1648,31.682734843343496,0.5449007730931044,31.01501101627946,
1649,33.419332932680845,0.6877300329506397,32.60952397249639,
1650,30.89540498331189,0.5423668771982193,30.231036012992263,
1651,31.026346143335104,0.5467620212584734,30.35633102990687,
1652,32.87573507986963,0.5459131207317114,32.20774605870247,
1653,31.2257781624794,0.5536249373108149,30.5392409209162,
1654,31.29255515523255,0.5509010516107082,30.61938681639731,
1655,31.96721593849361,0.5400069057941437,31.302791088819504,
1656,31.34962497279048,0.5391670856624842,30.688000842928886,
1657,31.113509088754654,0.5527331959456205,30.438615009188652,
1658,33.09556399472058,0.549572054296732,32.42342104203999,
1659,31.440480146557093,0.5455540958791971,30.770689947530627,
1660,31.323437113314867,0.5452141631394625,30.655961949378252,
1661,32.491091871634126,0.5456400103867054,31.822697957977653,
1662,33.908806974068284,0.5404199473559856,33.23986707255244,
1663,31.137899961322546,0.538538908585906,30.473523074761033,
1664,31.755578937008977,0.5393431056290865,31.092384830117226,
1665,32.75451809167862,0.6716800853610039,31.960769090801477,
1666,31.255017966032028,0.554629135876894,30.577349942177534,
1667,31.076697865501046,0.5392679013311863,30.416383175179362,
1668,33.13433798030019,0.5396970082074404,32.471972052007914,
1669,31.451449962332845,0.5413561593741179,30.77611094340682,
1670,31.661558896303177,0.5416229832917452,31.0000441968441,
1671,31.823416939005256,0.543172936886549,31.155125005170703,
1672,31.704639084637165,0.5347260739654303,31.048273900523782,
1673,31.49363095872104,0.5492358468472958,30.823267996311188,
1674,33.04961579851806,0.5363710224628448,32.38991089165211,
1675,32.6205778401345,0.5432858597487211,31.95531712844968,
1676,31.70308587141335,0.5429501179605722,31.037263805046678,
1677,33.01066183485091,0.547738978639245,32.33971795998514,
1678,34.1017369646579,0.5545699968934059,33.42372993938625,
1679,31.457290053367615,0.5463480483740568,30.78829194419086,
1680,32.53165795467794,0.5489550530910492,31.86010103672743,
1681,32.960675191134214,0.5488509777933359,32.28959906846285,
1682,31.675761099904776,0.5453999619930983,31.00771293975413,
1683,31.496556010097265,0.5378208588808775,30.83489602431655,
1684,31.950957840308547,0.6783159915357828,31.141112092882395,
1685,31.66480199433863,0.5691470578312874,30.960310949012637,
1686,31.75400895997882,0.5651749670505524,31.066957162693143,
1687,33.15356094390154,0.5452749319374561,32.48743410222232,
1688,31.759792007505894,0.5476321093738079,31.090406933799386,
1689,31.641004839912057,0.5387370474636555,30.979188857600093,
1690,31.86829504556954,0.5526170134544373,31.1909019947052,
1691,32.34912198968232,0.5494339857250452,31.676082871854305,
1692,31.77422098815441,0.5409328732639551,31.110270181670785,
1693,33.66479114629328,0.5466260481625795,32.99516695551574,
1694,34.27986311726272,0.542753841727972,33.61243102699518,
1695,31.69672703370452,0.5540431011468172,31.01904783397913,
1696,33.43502478674054,0.5554279778152704,32.754863146692514,
1697,33.75576110556722,0.5400520749390125,33.09404104948044,
1698,31.794640934094787,0.5458081141114235,31.126099871471524,
1699,32.7854270581156,0.5475969519466162,32.115945126861334,
1700,32.92192309163511,0.5383109673857689,32.26151107810438,
1701,31.96136001497507,0.5352881271392107,31.28970693796873,
1702,32.142888056114316,0.5546880420297384,31.4637478441,
1703,32.05920313484967,0.6802941206842661,31.25440701842308,
1704,31.935816863551736,0.5496400408446789,31.262229895219207,
1705,31.919803004711866,0.5410332232713699,31.25417185947299,
1706,33.84334687143564,0.5509608890861273,33.17174199037254,
1707,31.945169903337955,0.5460120737552643,31.27684094943106,
1708,31.988851027563214,0.5364911630749702,31.329560792073607,
1709,33.1588969565928,0.5388029385358095,32.49830496497452,
1710,32.24233211949468,0.5422821268439293,31.578032998368144,
1711,31.962223118171096,0.5442490801215172,31.294955871999264,
1712,32.122845062986016,0.5499750841408968,31.443423125892878,
1713,34.918439108878374,0.5952881183475256,34.19819590635598,
1714,31.94462601095438,0.5632590036839247,31.256761867552996,
1715,32.21097798086703,0.5516801029443741,31.529166968539357,
1716,34.364332212135196,0.5618338473141193,33.67790998890996,
1717,31.810062006115913,0.5466709844768047,31.12998208962381,
1718,33.7969739921391,0.546799972653389,33.12749206088483,
1719,33.365014009177685,0.5447571165859699,32.697625923901796,
1720,31.712664989754558,0.5394839681684971,31.051737954840064,
1721,33.11975789256394,0.5716232117265463,32.42402686737478,
1722,32.23126498050988,0.5427859723567963,31.561830081045628,
1723,31.804183032363653,0.5392530001699924,31.14130813628435,
1724,32.074264949187636,0.5490279290825129,31.401469139382243,
1725,31.822124030441046,0.5429380107671022,31.156579963862896,
1726,31.722354935482144,0.5466060247272253,31.052480917423964,
1727,31.858664005994797,0.5482968408614397,31.165604013949633,
1728,32.497931038960814,0.7104668766260147,31.66683902963996,
1729,32.11746597662568,0.5405391566455364,31.455389922484756,
1730,31.74215881153941,0.5441959947347641,31.07532300055027,
1731,32.96165098436177,0.5512379575520754,32.28813805617392,
1732,34.31606199592352,0.5410020239651203,33.64944690838456,
1733,31.336736865341663,0.5477790255099535,30.65422805957496,
1734,31.733805779367685,0.5536589305847883,31.056821113452315,
1735,33.54198997840285,0.5457568913698196,32.8745529986918,
1736,31.370028853416443,0.546999042853713,30.699986964464188,
1737,32.86672197282314,0.5424290429800749,32.20115788280964,
1738,32.35760401003063,0.5423200782388449,31.694056931883097,
1739,31.282964162528515,0.55519281886518,30.605822103098035,
1740,32.719295006245375,0.5509380716830492,32.045126892626286,
1741,31.28614602610469,0.5584850441664457,30.605454929172993,
1742,31.332607148215175,0.5503660067915916,30.66114499233663,
1743,31.436553923413157,0.5394339095801115,30.775066930800676,
1744,31.41715587116778,0.679302029311657,30.612398870289326,
1745,31.898302026093006,0.5447401199489832,31.2306210398674,
1746,31.355264130979776,0.5456400103867054,30.684557976201177,
1747,32.82522410154343,0.5407361313700676,32.16433897614479,
1748,34.04288296587765,0.5474910140037537,33.37250999175012,
1749,31.181993894279003,0.5439359229058027,30.50503507256508,
1750,31.87278308905661,0.5442788824439049,31.205996172502637,
1751,32.91679103858769,0.5403731483966112,32.25334291346371,
1752,31.233481131494045,0.5392450839281082,30.57271894067526,
1753,31.883147079497576,0.5417410284280777,31.2204968649894,
1754,31.691018026322126,0.5415589548647404,31.0285328887403,
1755,31.059277011081576,0.5438961088657379,30.38853988982737,
1756,32.38030709326267,0.5392038729041815,31.71780612319708,
1757,31.068645184859633,0.5514188669621944,30.39152012206614,
1758,31.190095003694296,0.5499790422618389,30.51873599179089,
1759,31.20327484793961,0.5474998615682125,30.532245058566332,
1760,31.239502830430865,0.683691119775176,30.434201937168837,
1761,33.769587986171246,0.5399398505687714,33.108113100752234,
1762,31.111993826925755,0.546004856005311,30.448612989857793,
1763,32.775667030364275,0.5430381279438734,32.1113090030849,
1764,33.43534120358527,0.5515390075743198,32.7605209313333,
1765,30.60385910794139,0.5522980354726315,29.91815493442118,
1766,31.428872141987085,0.5489119794219732,30.755779007449746,
1767,31.72566508874297,0.5374520551413298,31.067491974681616,
1768,30.690826009958982,0.5416350904852152,30.028044944629073,
1769,32.428700011223555,0.5559599958360195,31.749864807352424,
1770,30.63261485658586,0.5472730845212936,29.96271103620529,
1771,30.57033382356167,0.5464681889861822,29.90034595131874,
1772,31.261044088751078,0.5545229651033878,30.58174904435873,
1773,30.638491036370397,0.68891909904778,29.82703084126115,
1774,33.390725031495094,0.5454199854284525,32.723326003178954,
1775,30.635364120826125,0.5450989119708538,29.96894298121333,
1776,32.6240670401603,0.5431778263300657,31.95366100408137,
1777,32.68599999137223,0.5472300108522177,32.01652504503727,
1778,30.607386026531458,0.5468081217259169,29.93996487930417,
1779,31.32377192378044,0.5444849375635386,30.656613176688552,
1780,31.374704791232944,0.5471869371831417,30.704238917678595,
1781,31.055206898599863,0.5473829805850983,30.37135093472898,
1782,33.05509407073259,0.5472649354487658,32.38480305299163,
1783,31.218433985486627,0.5434590857475996,30.553303891792893,
1784,31.410831958055496,0.5406108684837818,30.74643202126026,
1785,31.89652692526579,0.5472979974001646,31.227397033944726,
1786,31.37011593207717,0.5573281086981297,30.685542849823833,
1787,33.98982202634215,0.5408141296356916,33.30723801627755,
1788,31.519019976258278,0.5591991357505322,30.709975864738226,
1789,31.078948872163892,0.5522130522876978,30.40565294213593,
1790,33.33630203269422,0.5558470729738474,32.659332966431975,
1791,31.1385418754071,0.5431890022009611,30.473717022687197,
1792,32.92863699607551,0.5436909850686789,32.26119605824351,
1793,32.136338064447045,0.5440020468086004,31.469603069126606,
1794,31.357746105641127,0.5437259096652269,30.693500069901347,
1795,31.468112021684647,0.5475159268826246,30.7960850186646,
1796,31.46743797697127,0.5490761250257492,30.79463797621429,
1797,31.48966492153704,0.558443134650588,30.7941478677094,
1798,33.606780925765634,0.5442630499601364,32.9392917919904,
1799,31.523537123575807,0.5554880481213331,30.84311611019075,
1800,31.953854020684958,0.54144486784935,31.2886331230402,
1801,32.47867594473064,0.5456388462334871,31.81096399202943,
1802,31.61849407479167,0.5500800907611847,30.94560094177723,
1803,34.0932619292289,0.5339288618415594,33.43866113573313,
1804,31.709483126178384,0.5486579611897469,31.03798208758235,
1805,31.626947922632098,0.6766410078853369,30.828804010525346,
1806,33.60949596390128,0.5491278134286404,32.93848899193108,
1807,31.556061934679747,0.5419899243861437,30.873589916154742,
1808,32.93168009258807,0.6820450071245432,32.10714482702315,
1809,32.53981191664934,0.5549970082938671,31.863383017480373,
1810,31.711902003735304,0.5517140962183475,31.036699889227748,
1811,32.77701302431524,0.5415240302681923,32.113787019625306,
1812,31.640822999179363,0.5538999103009701,30.963540077209473,
1813,31.816086964681745,0.5609579384326935,31.12201509065926,
1814,31.91688098013401,0.5447259172797203,31.25066007487476,
1815,31.792892143130302,0.5472090560942888,31.12079598940909,
1816,32.09043899551034,0.5478560924530029,31.417636899277568,
1817,33.54347217828035,0.5445550195872784,32.875926000997424,
1818,31.781026162207127,0.5503029096871614,31.106675043702126,
1819,34.54575804062188,0.550868920981884,33.86960015632212,
1820,33.211556961759925,0.5518309772014618,32.53697603940964,
1821,31.752992887049913,0.541765009984374,31.08821017667651,
1822,34.307029098272324,0.5512640345841646,33.63106492906809,
1823,32.29377907700837,0.5487299058586359,31.621200032532215,
1824,31.791401095688343,0.5520039703696966,31.112365890294313,
1825,34.08144786953926,0.5629390943795443,33.396103885024786,
1826,31.793039059266448,0.5536249373108149,31.115489080548286,
1827,31.904330011457205,0.6826850585639477,31.09878208488226,
1828,32.84494089893997,0.5468460731208324,32.17595582827926,
1829,32.21763321198523,0.5391151644289494,31.54287487268448,
1830,33.47691218368709,0.7152678444981575,32.6369081158191,
1831,32.24307717755437,0.5607379134744406,31.560335075482726,
1832,32.08189713768661,0.5507981404662132,31.409039860591292,
1833,33.35196082480252,0.5446539726108313,32.683131052181125,
1834,32.09973708726466,0.5490239709615707,31.42776503227651,
1835,32.23481401801109,0.5496591329574585,31.56347805634141,
1836,32.30099403299391,0.5522691644728184,31.626750016584992,
1837,32.20427897758782,0.5466819275170565,31.534172128885984,
1838,32.404653960838914,0.5560568533837795,31.7275479901582,
1839,33.96565513685346,0.5483459681272507,33.29378692433238,
1840,32.09368698298931,0.553240068256855,31.41748602502048,
1841,34.86631391569972,0.5542130675166845,34.1904079541564,
1842,34.040916012600064,0.554290134459734,33.36452995426953,
1843,32.2564581874758,0.5470479372888803,31.585769960656762,
1844,34.5283099450171,0.5452169571071863,33.85983919724822,
1845,33.606803975999355,0.5493639037013054,32.9227230977267,
1846,31.748967012390494,0.5487110465764999,31.070068944245577,
1847,34.42988102324307,0.5511769559234381,33.75568916089833,
1848,33.35662791505456,0.5606149788945913,32.67079289071262,
1849,31.74060583114624,0.5509799811989069,31.06733993627131,
1850,33.697786973789334,0.55683683604002,33.0079470295459,
1851,32.74311916902661,0.5837539210915565,32.03596803359687,
1852,31.783457845449448,0.5567600019276142,31.103112967684865,
1853,32.63378003612161,0.5533699877560139,31.95841400884092,
1854,31.758751021698117,0.5465170834213495,31.089758966118097,
1855,31.871831975877285,0.6730880122631788,31.075720908120275,
1856,31.809367006644607,0.5516889505088329,31.134434044361115,
1857,31.841207994148135,0.5499119870364666,31.169698107987642,
1858,33.59797806479037,0.5566040053963661,32.91713888756931,
1859,31.7866001278162,0.544518930837512,31.1200690921396,
1860,32.08710020408034,0.5502111744135618,31.416300917044282,
1861,32.38629619590938,0.5450621247291565,31.707207905128598,
1862,31.42244601622224,0.5538600962609053,30.737739987671375,
1863,34.2722968198359,0.5472810007631779,33.59889006242156,
1864,31.513199908658862,0.5483119748532772,30.840275110676885,
1865,31.525966012850404,0.5587150808423758,30.844049993902445,
1866,33.91255694441497,0.5557320546358824,33.233416033908725,
1867,33.42702588997781,0.5464060232043266,32.757275039330125,
1868,31.42257803119719,0.554241007193923,30.745879979804158,
1869,33.127971924841404,0.5462770350277424,32.459603855386376,
1870,32.50893601216376,0.5493080243468285,31.837034970521927,
1871,31.50886087678373,0.5488710012286901,30.835745856165886,
1872,31.812266912311316,0.5533650983124971,31.1361039057374,
1873,31.53248503804207,0.5447890143841505,30.865452019497752,
1874,31.503286911174655,0.6864869501441717,30.69520299322903,
1875,31.512205954641104,0.5403931718319654,30.84598178975284,
1876,31.40427707694471,0.5536610260605812,30.72674898430705,
1877,32.95350796543062,0.5502079147845507,32.269255025312304,
1878,31.3202568795532,0.5483769346028566,30.64510296098888,
1879,33.70434092357755,0.5663461051881313,33.01468398422003,
1880,32.26898703724146,0.5485911387950182,31.5964228939265,
1881,31.3305901363492,0.5632459651678801,30.643812147900462,
1882,33.948136027902365,0.5575898103415966,33.26700907200575,
1883,31.907208962365985,0.5584531463682652,31.225361861288548,
1884,31.347848009318113,0.5504810251295567,30.67408688366413,
1885,32.820428954437375,0.5480360705405474,32.14750601910055,
1886,32.77623490430415,0.554045895114541,32.09962206892669,
1887,31.346090137958527,0.5470269825309515,30.673621920868754,
1888,31.87395795248449,0.5443219561129808,31.20488696731627,
1889,31.650758115574718,0.5547050386667252,30.972374137490988,
1890,31.339116860181093,0.5545909516513348,30.661958968266845,
1891,31.351082026958466,0.557054067030549,30.672690831124783,
1892,31.41686599701643,0.543633010238409,30.75083694420755,
1893,32.534796046093106,0.5853779148310423,31.81644808501005,
1894,30.99293215200305,0.5469301249831915,30.32383695244789,
1895,33.80295285023749,0.5477620288729668,33.13253913074732,
1896,32.281154999509454,0.5467059090733528,31.611521961167455,
1897,30.930371955037117,0.5473729688674212,30.259476974606514,
1898,33.25667208991945,0.545684015378356,32.589795999228954,
1899,31.333708902820945,0.5489669274538755,30.661979923024774,
1900,30.92123311944306,0.5526018794625998,30.245140194892883,
1901,31.859606970101595,0.5535311065614223,31.182375038042665,
1902,32.3432229924947,0.556830083951354,31.659468775615096,
1903,30.9256031177938,0.5462809931486845,30.255892081186175,
1904,31.001524068415165,0.5525450687855482,30.327979940921068,
1905,30.88826686143875,0.548867043107748,30.214895959943533,
1906,31.10282518900931,0.6870250217616558,30.293358955532312,
1907,30.930363107472658,0.5545120220631361,30.253197066485882,
1908,34.0000509750098,0.5530910566449165,33.32377900369465,
1909,33.464047126471996,0.5489741452038288,32.78041887097061,
1910,31.48074890486896,0.5508770700544119,30.807979870587587,
1911,33.93270983360708,0.553196994587779,33.25708699412644,
1912,32.64863579533994,0.5538559053093195,31.97287698276341,
1913,31.625397969037294,0.5510880146175623,30.94857605174184,
1914,33.09373208321631,0.5484218709170818,32.4211351107806,
1915,32.24773891270161,0.5449489690363407,31.581061892211437,
1916,31.425937078893185,0.5549830384552479,30.746410135179758,
1917,31.899304827675223,0.5584980826824903,31.217497074976563,
1918,32.77984098531306,0.5546098109334707,32.102886121720076,
1919,31.630275072529912,0.5506919696927071,30.955831985920668,
1920,31.450870912522078,0.5550219211727381,30.77226597815752,
1921,31.71742893755436,0.5594519898295403,31.036318046972156,
1922,31.44525713287294,0.5465580616146326,30.774754006415606,
1923,31.584816053509712,0.5487960297614336,30.912312911823392,
1924,33.020328963175416,0.5664948839694262,32.26795210503042,
1925,32.20751998014748,0.7121809758245945,31.35412000119686,
1926,31.744087114930153,0.5537390243262053,31.066112918779254,
1927,34.60836107842624,0.5544561427086592,33.92670094035566,
1928,33.62570400349796,0.5549821071326733,32.94812282547355,
1929,32.03406697139144,0.554586062207818,31.356572872027755,
1930,33.88379001989961,0.5586000625044107,33.20179204456508,
1931,33.30734604969621,0.5534840747714043,32.63102797791362,
1932,31.733594136312604,0.5509948823601007,31.05780202895403,
1933,33.30157091841102,0.5554070230573416,32.6166320592165,
1934,32.38602611236274,0.5512130446732044,31.710586044937372,
1935,32.03414590097964,0.5530950147658587,31.356946099549532,
1936,31.990700168535113,0.5564128514379263,31.31239302456379,
1937,33.80835894495249,0.5464539863169193,33.13657990656793,
1938,31.72843111678958,0.5613081157207489,31.040243804454803,
1939,32.11210295557976,0.5685950163751841,31.417130026966333,
1940,32.87912183441222,0.5592228844761848,32.19246189109981,
1941,32.249775948002934,0.5480409599840641,31.567863887175918,
1942,31.9091840647161,0.5523890722543001,31.232899986207485,
1943,32.53014711663127,0.5533359944820404,31.853985972702503,
1944,31.898289918899536,0.5542619619518518,31.22084797360003,
1945,32.205019146203995,0.5553760565817356,31.52670501731336,
1946,34.54217407852411,0.5587530322372913,33.85753696784377,
1947,32.31470799073577,0.6905270274728537,31.502000987529755,
1948,31.862393021583557,0.553100137040019,31.18605283088982,
1949,34.62095302529633,0.556283863261342,33.90834014862776,
1950,32.07132196985185,0.7658521644771099,31.174937961623073,
1951,32.27899502962828,0.548618845641613,31.608209013938904,
1952,33.386342925950885,0.5558279808610678,32.70428697578609,
1953,33.88456394895911,0.561834080144763,33.19887793622911,
1954,31.889240024611354,0.5570431239902973,31.20800480246544,
1955,32.67713892273605,0.559285981580615,31.9941199850291,
1956,32.68286189995706,0.5598959978669882,31.998662976548076,
1957,32.10612805560231,0.5594519898295403,31.412225915119052,
1958,32.12794498540461,0.5638289730995893,31.44033905118704,
1959,34.30273989215493,0.5529678892344236,33.62735407426953,
1960,32.114875968545675,0.556024955585599,31.434295931831002,
1961,32.05267898738384,0.5586550105363131,31.371901044622064,
1962,33.508223947137594,0.5556039977818727,32.83016290515661,
1963,32.048166962340474,0.5455808714032173,31.380668049678206,
1964,32.13885799050331,0.5570149514824152,31.45842207595706,
1965,32.50502096489072,0.5551790818572044,31.8284269887954,
1966,32.121183816343546,0.5466071888804436,31.449946807697415,
1967,32.065515173599124,0.5522849969565868,31.39034891501069,
1968,34.542734967544675,0.5508940666913986,33.86917384341359,
1969,32.147091114893556,0.6795360241085291,31.34190384298563,
1970,32.11798192933202,0.5482141859829426,31.447815941646695,
1971,34.33314198628068,0.5544768646359444,33.65673706866801,
1972,32.211370998993516,0.6870210636407137,31.402799068018794,
1973,31.99906600639224,0.5497429519891739,31.315790954977274,
1974,33.27635210007429,0.5607809871435165,32.59330498985946,
1975,33.357023959979415,0.6559519097208977,32.577664125710726,
1976,31.886287033557892,0.5518218968063593,31.211388995870948,
1977,32.29837794788182,0.5479520186781883,31.627465039491653,
1978,33.101669047027826,0.5536668468266726,32.425259007140994,
1979,31.924478942528367,0.5604531615972519,31.241863034665585,
1980,31.90394095145166,0.5559648852795362,31.227185158059,
1981,32.37061412073672,0.55311294272542,31.69481409713626,
1982,31.892029102891684,0.5557900294661522,31.211997848004103,
1983,32.01506217010319,0.554446829482913,31.335962004959583,
1984,33.95671001635492,0.5754621233791113,33.25981297530234,
1985,32.044434919953346,0.5915879737585783,31.32630605250597,
1986,31.92628500983119,0.6016890984028578,31.197554897516966,
1987,34.70355388708413,0.592801021412015,33.98373886011541,
1988,31.924776965752244,0.5832042079418898,31.21735784225166,
1989,31.7001910880208,0.5787832196801901,30.987340956926346,
1990,34.36870803125203,0.5516870878636837,33.69322489015758,
1991,31.70499694533646,0.56091183796525,31.022205017507076,
1992,31.752005917951465,0.5497450474649668,31.07641194947064,
1993,33.32168888300657,0.564041081815958,32.63427992351353,
1994,31.833240063861012,0.692801084369421,31.018039910122752,
1995,31.699131010100245,0.5507690366357565,31.025753123685718,
1996,31.83297300711274,0.5530300550162792,31.156319892033935,
1997,33.38254615664482,0.552074983716011,32.71116712130606,
1998,31.749884830787778,0.5567329935729504,31.070318073034286,
1999,31.68126498349011,0.5566191393882036,31.001258874312043,
2000,32.43580088019371,0.5558340344578028,31.70930501073599,
2001,31.834615161642432,0.7166310679167509,30.99184692837298,
2002,31.745111104100943,0.5585099570453167,31.062805093824863,
2003,33.43916800804436,0.5681549664586782,32.74097084067762,
2004,31.743321800604463,0.565352151170373,31.054460909217596,
2005,31.46108496002853,0.5578938871622086,30.768892029300332,
2006,34.36799580231309,0.5520388949662447,33.694012090563774,
2007,31.429761089384556,0.5550549831241369,30.75212799012661,
2008,31.574958935379982,0.5471229087561369,30.905126128345728,
2009,33.46587414853275,0.5563180893659592,32.78389200568199,
2010,31.546944053843617,0.5506491288542747,30.873460927978158,
2011,31.459058867767453,0.5554051604121923,30.782694928348064,
2012,32.069127075374126,0.5507487803697586,31.376585131511092,
2013,31.613948056474328,0.7047799881547689,30.78198293223977,
2014,31.527002109214664,0.5511508788913488,30.853895004838705,
2015,31.481251120567322,0.5516831297427416,30.775558901950717,
2016,32.88251790218055,0.5715289153158665,32.18777314759791,
2017,31.50506899692118,0.5600359290838242,30.822918051853776,
2018,31.606368022039533,0.5470039322972298,30.93827608972788,
2019,33.974024932831526,0.5569029599428177,33.29487098380923,
2020,31.58612083643675,0.5530491471290588,30.91130591928959,
2021,31.09809779562056,0.5488269962370396,30.416427180171013,
2022,33.645962132140994,0.5520118866115808,32.96968899667263,
2023,31.106865033507347,0.5538179539144039,30.430471058934927,
2024,30.834772158414125,0.54971594363451,30.15789808705449,
2025,32.82588510774076,0.556121813133359,32.144430093467236,
2026,30.868345173075795,0.55289501324296,30.189210083335638,
2027,31.164861051365733,0.5553460214287043,30.482006026431918,
2028,30.925513012334704,0.5537548568099737,30.248522059991956,
2029,32.72244310937822,0.6734179332852364,31.926389085128903,
2030,30.80112603493035,0.5523578729480505,30.125309014692903,
2031,31.125499866902828,0.5545509047806263,30.449224170297384,
2032,32.707646023482084,0.5561639554798603,32.029321882873774,
2033,31.10566409304738,0.5424621049314737,30.441042967140675,
2034,30.868733068928123,0.5539120174944401,30.194720020517707,
2035,33.771736081689596,0.5459580570459366,33.103019930422306,
2036,30.89720499701798,0.5495639052242041,30.22308205254376,
2037,31.39596013352275,0.5519809201359749,30.712293926626444,
2038,32.81784011051059,0.5507078021764755,32.14542707428336,
2039,31.684939051046968,0.5462579429149628,31.01705596782267,
2040,31.235780101269484,0.5550219211727381,30.558731174096465,
2041,31.33017709478736,0.5544309969991446,30.65323899500072,
2042,31.300394097343087,0.6850159261375666,30.49429412931204,
2043,31.45040082745254,0.5554829258471727,30.773113016039133,
2044,31.203330028802156,0.5513029173016548,30.52981197834015,
2045,33.29165116883814,0.5593569949269295,32.60043100453913,
2046,31.222062883898616,0.5691300611943007,30.52638005465269,
2047,31.33782185614109,0.5583928432315588,30.657202005386353,
2048,33.803429920226336,0.550511060282588,33.129454823210835,
2049,31.363263027742505,0.549867982044816,30.692382948473096,
2050,31.186583917587996,0.5603579338639975,30.50446999259293,
2051,33.331132028251886,0.5535059608519077,32.65242604538798,
2052,31.261433847248554,0.5464651621878147,30.591638991609216,
2053,31.588680809363723,0.5484330467879772,30.90700996108353,
2054,32.02164708636701,0.5603961180895567,31.339782057330012,
2055,31.558851012960076,0.5539190024137497,30.88378789834678,
2056,31.517326831817627,0.557224964722991,30.83467809483409,
2057,31.60422295331955,0.548394164070487,30.919380020350218,
2058,31.840668059885502,0.7631510961800814,30.927365878596902,
2059,31.620485009625554,0.5640510935336351,30.93557502143085,
2060,31.50196699425578,0.5498179234564304,30.829545110464096,
2061,33.78016711212695,0.5568901542574167,33.10282086022198,
2062,31.495561124756932,0.5576268304139376,30.815818114206195,
2063,31.588783022016287,0.5597509443759918,30.9049841016531,
2064,33.87548588216305,0.556898070499301,33.197387121617794,
2065,31.564370961859822,0.5601327866315842,30.8822609949857,
2066,31.49340092204511,0.5462381523102522,30.824841931462288,
2067,33.01722905598581,0.56082708761096,32.3355330619961,
2068,31.481365906074643,0.5697200540453196,30.792135978117585,
2069,31.824764097109437,0.5471049807965755,31.14433283917606,
2070,31.921724090352654,0.5548619665205479,31.244789948686957,
2071,31.811627093702555,0.5584380123764277,31.12964308820665,
2072,31.856260960921645,0.5682650953531265,31.165475957095623,
2073,31.791829969733953,0.5646711215376854,31.103098997846246,
2074,33.3610528614372,0.6947489455342293,32.5455479323864,
2075,31.80030919611454,0.5581090226769447,31.119751976802945,
2076,31.824270961806178,0.5547439213842154,31.147430185228586,
2077,34.125832142308354,0.5469250027090311,33.45716604962945,
2078,31.85259597375989,0.5604089237749577,31.170323956757784,
2079,31.7568420432508,0.5485708825290203,31.083528185263276,
2080,34.289845963940024,0.5517539102584124,33.61696097999811,
2081,31.83421096764505,0.5488069728016853,31.163441017270088,
2082,31.832784181460738,0.5524619482457638,31.15786099806428,
2083,33.86649792082608,0.548715004697442,33.19561015814543,
2084,31.907710013911128,0.5529369227588177,31.232489040121436,
2085,32.061862060800195,0.5515320226550102,31.37975395657122,
2086,33.636354841291904,0.5526058375835419,32.96163002960384,
2087,32.02663501724601,0.5585420876741409,31.3463700003922,
2088,32.08313090726733,0.5618899594992399,31.398033956065774,
2089,32.70992008037865,0.5682660266757011,32.019712030887604,
2090,32.1386749856174,0.5476241931319237,31.46886988542974,
2091,32.07629406824708,0.5571572110056877,31.39651590026915,
2092,32.09478408098221,0.5555651150643826,31.41501802019775,
2093,33.51256996393204,0.5600329022854567,32.8310988843441,
2094,32.10479114204645,0.5503129214048386,31.433844938874245,
2095,32.07228682003915,0.5523159634321928,31.396762002259493,
2096,34.348682034760714,0.6815670058131218,33.54400699026883,
2097,32.045010942965746,0.5600578151643276,31.36294917203486,
2098,32.09810215048492,0.5525159649550915,31.424985034391284,
2099,34.85419601202011,0.559966079890728,34.17323902249336,
2100,32.08020399324596,0.5604787729680538,31.39664209447801,
2101,31.955190002918243,0.5604310426861048,31.260465970262885,
2102,34.048758912831545,0.5614040419459343,33.36596395820379,
2103,31.966213835403323,0.5588522180914879,31.285713892430067,
2104,31.881680944934487,0.5490928888320923,31.20745695196092,
2105,32.98872313462198,0.5552070215344429,32.31395408511162,
2106,31.860364135354757,0.5592179950326681,31.181717989966273,
2107,31.950924079865217,0.5516589153558016,31.278942013159394,
2108,33.51639094762504,0.5623209290206432,32.83321508206427,
2109,31.94087906740606,0.5524209700524807,31.26604203134775,
2110,31.853780150413513,0.5475699435919523,31.184619991108775,
2111,32.4102770537138,0.5556559190154076,31.732986913993955,
2112,32.367438077926636,0.5448919255286455,31.697235070168972,
2113,31.90169995650649,0.5551360081881285,31.223399098962545,
2114,31.86795418150723,0.5598480347543955,31.186854001134634,
2115,34.273525001481175,0.5572410300374031,33.59668608754873,
2116,31.883165007457137,0.553731806576252,31.207513995468616,
2117,31.660144915804267,0.5579099524766207,30.97068495117128,
2118,34.100465942174196,0.6944031920284033,33.28457195311785,
2119,31.640759902074933,0.5611630622297525,30.958903022110462,
2120,31.775875948369503,0.5572030786424875,31.09912108629942,
2121,33.615946071222425,0.5577378906309605,32.93874114751816,
2122,31.777971191331744,0.5559360142797232,31.10104100778699,
2123,31.65120305493474,0.5454809870570898,30.983503209427,
2124,32.83548913896084,0.5535089876502752,32.163303112611175,
2125,31.713231932371855,0.5573011003434658,31.03429381735623,
2126,31.784775899723172,0.5498637910932302,31.112592201679945,
2127,33.73240097425878,0.5605069454759359,33.054804895073175,
2128,32.03011490404606,0.5531469359993935,31.352384015917778,
2129,31.653535086661577,0.5491070915013552,30.984862940385938,
2130,32.94084290973842,0.5562040023505688,32.26460609585047,
2131,34.11346208304167,0.556018901988864,33.43638707883656,
2132,31.797460978850722,0.5564219318330288,31.121039064601064,
2133,31.832281034439802,0.5479729734361172,31.152331037446856,
2134,33.75109005719423,0.5562100559473038,33.074187813326716,
2135,31.39169909991324,0.5467480514198542,30.724649084731936,
2136,31.4763099886477,0.5568608175963163,30.798571184277534,
2137,33.97399908863008,0.5523781292140484,33.29695900902152,
2138,31.51538805104792,0.5507268942892551,30.844232067465782,
2139,31.487717991694808,0.5543350707739592,30.784911941736937,
2140,33.17167912609875,0.74913096614182,32.29380096308887,
2141,31.434128992259502,0.5476691294461489,30.766410985961556,
2142,31.55943495221436,0.5545879248529673,30.883828876540065,
2143,32.782837050035596,0.5477541126310825,32.11655397899449,
2144,31.508246902376413,0.5569618660956621,30.830651056021452,
2145,31.406447989866138,0.5507920868694782,30.732240062206984,
2146,33.61385711468756,0.5566941108554602,32.93774090707302,
2147,32.07168006338179,0.5563769955188036,31.395599944517016,
2148,31.508154002949595,0.550675904378295,30.836550053209066,
2149,32.52054308541119,0.5447641015052795,31.845503021031618,
2150,33.31484296359122,0.5519480910152197,32.63573697768152,
2151,31.291252933442593,0.5457368679344654,30.625259038060904,
2152,31.57724905759096,0.5483590066432953,30.90857481583953,
2153,33.86197006329894,0.5550400819629431,33.18425687029958,
2154,31.042943941429257,0.5598501302301884,30.362743884325027,
2155,31.236760085448623,0.5590890068560839,30.555790988728404,
2156,33.038774970918894,0.6879500579088926,32.22996694967151,
2157,31.301214126870036,0.5532270297408104,30.627805972471833,
2158,31.057955930009484,0.5608310457319021,30.37676098756492,
2159,33.19737198762596,0.5615230184048414,32.513346057385206,
2160,31.327142845839262,0.5518479738384485,30.65334097482264,
2161,31.237608985975385,0.5458509549498558,30.571613926440477,
2162,32.066975021734834,0.5514421500265598,31.394196907058358,
2163,34.05986190773547,0.5600859876722097,33.37851399555802,
2164,31.029148027300835,0.5599160213023424,30.348918866366148,
2165,33.035760978236794,0.5528959445655346,32.351678935810924,
2166,33.44952315092087,0.5582531448453665,32.77083998546004,
2167,31.424614833667874,0.5497979000210762,30.755139887332916,
2168,32.2694331407547,0.5571090150624514,31.59174299798906,
2169,33.71913800947368,0.5546039901673794,33.04298501461744,
2170,31.523087061941624,0.557874096557498,30.838829930871725,
2171,31.46063000895083,0.5561360158026218,30.783700989559293,
2172,33.4164840169251,0.5545138847082853,32.74080413393676,
2173,31.496037961915135,0.5622580647468567,30.8122169226408,
2174,31.482351943850517,0.554654048755765,30.80702107399702,
2175,32.1581088937819,0.687899999320507,31.35314187966287,
2176,31.572877895087004,0.5481119733303785,30.903828097507358,
2177,31.345500145107508,0.5581199657171965,30.666518956422806,
2178,32.91966510005295,0.5494370125234127,32.24997199140489,
2179,33.4505271166563,0.5634049884974957,32.76782180182636,
2180,31.543252058327198,0.5542549770325422,30.865993117913604,
2181,32.649575965479016,0.5629269871860743,31.94833197630942,
2182,33.899128902703524,0.5691018886864185,33.204450039193034,
2183,31.5614091232419,0.57377596385777,30.87013098411262,
2184,33.47357199527323,0.5532570648938417,32.79900597408414,
2185,33.09862199239433,0.5632760003209114,32.41371503099799,
2186,31.606524949893355,0.57366699911654,30.911408830434084,
2187,32.560412073507905,0.5545839667320251,31.885513104498386,
2188,34.26682506687939,0.5649582017213106,33.58075488358736,
2189,31.593537190929055,0.5554519593715668,30.916715040802956,
2190,31.895959051325917,0.5539760459214449,31.220135977491736,
2191,33.5061508230865,0.5740688648074865,32.812187215313315,
2192,31.641770852729678,0.5586480256170034,30.962893972173333,
2193,31.591234961524606,0.5535890813916922,30.916905961930752,
2194,32.09972195327282,0.5594210233539343,31.419385923072696,
2195,31.579260947182775,0.566322123631835,30.89021285995841,
2196,31.628072960302234,0.5542759317904711,30.953150941058993,
2197,33.20152289234102,0.6768831517547369,32.393245957791805,
2198,33.93716202117503,0.5553429946303368,33.2622688729316,
2199,31.807531137019396,0.5538349505513906,31.134265940636396,
2200,33.30379514954984,0.5572889931499958,32.6259289868176,
2201,34.15236412547529,0.5526579916477203,33.4802761208266,
2202,31.855464912950993,0.5548489280045033,31.176872085779905,
2203,32.6050641015172,0.5553059745579958,31.92760795354843,
2204,33.47062016837299,0.5690581165254116,32.771117985248566,
2205,31.79047000594437,0.5532188806682825,31.116971047595143,
2206,33.67266501300037,0.559643842279911,32.99075411632657,
2207,33.36619818583131,0.55883196182549,32.6869220007211,
2208,31.89650783315301,0.5530139897018671,31.219859840348363,
2209,33.20009890012443,0.5679011810570955,32.511327881366014,
2210,34.31689320132136,0.5646501667797565,33.63052289932966,
2211,31.77038300782442,0.5593849346041679,31.091261887922883,
2212,32.48520405031741,0.5592429079115391,31.806262908503413,
2213,33.542779041454196,0.5576699040830135,32.85169694572687,
2214,32.16068889014423,0.5556689575314522,31.485185958445072,
2215,32.05808997154236,0.5560889840126038,31.380234053358436,
2216,32.482168870046735,0.5651090759783983,31.795750837773085,
2217,32.08608599379659,0.5575120449066162,31.407004920765758,
2218,32.16238599270582,0.5577090196311474,31.48232097737491,
2219,32.177587039768696,0.6905240006744862,31.365841859951615,
2220,33.958063926547766,0.5613539833575487,33.27494696713984,
2221,32.12083084508777,0.5540968850255013,31.41427505761385,
2222,32.32899494469166,0.7599829696118832,31.439187936484814,
2223,34.44540104828775,0.5615989211946726,33.76440401189029,
2224,32.197203021496534,0.5542500875890255,31.521369935944676,
2225,33.95245713181794,0.5646371282637119,33.2646518945694,
2226,33.95995614118874,0.5632939282804728,33.275299007073045,
2227,32.06565300934017,0.5516000092029572,31.391846016049385,
2228,33.76359399408102,0.5716760642826557,33.06997800245881,
2229,33.37614284828305,0.5549939814954996,32.687404891476035,
2230,32.02707297168672,0.5551120266318321,31.352199846878648,
2231,32.81592298299074,0.5576410330832005,32.137464033439755,
2232,34.64905498549342,0.5634909030050039,33.965377137064934,
2233,31.93445480428636,0.5529378540813923,31.258983071893454,
2234,33.95429300144315,0.5541408900171518,33.2764710765332,
2235,34.16571789421141,0.5506628658622503,33.49391417577863,
2236,32.01027913019061,0.5562589503824711,31.333113089203835,
2237,33.58698287047446,0.5566352047026157,32.90973696857691,
2238,33.881668001413345,0.5587239284068346,33.20283000357449,
2239,31.904011964797974,0.5600161384791136,31.2230889685452,
2240,33.00440381281078,0.5613199900835752,32.32319396920502,
2241,32.88354305550456,0.5602231249213219,32.20395394600928,
2242,31.999656930565834,0.5603819154202938,31.317805172875524,
2243,32.06050395965576,0.5576710682362318,31.38409391976893,
2244,31.97552217170596,0.5581539589911699,31.295665074139833,
2245,31.986295944079757,0.5612540990114212,31.287554884329438,
2246,31.85871592722833,0.5791808944195509,31.157633988186717,
2247,31.570690916851163,0.5694290157407522,30.880403937771916,
2248,34.075255040079355,0.5577658303081989,33.397231018170714,
2249,31.534741166979074,0.5568158812820911,30.857792124152184,
2250,31.909330980852246,0.6864611059427261,31.104059889912605,
2251,32.91709488257766,0.5622510798275471,32.23602590151131,
2252,31.82773501612246,0.5586231127381325,31.149649992585182,
2253,33.207654021680355,0.5475629586726427,32.541560009121895,
2254,34.44295399822295,0.5735240411013365,33.744913060218096,
2255,31.508029904216528,0.5527620669454336,30.836881138384342,
2256,32.82950213178992,0.557085033506155,32.15107601135969,
2257,33.69923704303801,0.5518279504030943,33.024796983227134,
2258,31.848062993958592,0.5519501864910126,31.174532836303115,
2259,33.31865509971976,0.5629849620163441,32.635242911055684,
2260,32.96065190806985,0.5598790012300014,32.27965906262398,
2261,31.32436703890562,0.5496600642800331,30.64340609125793,
2262,32.73680782876909,0.5643251352012157,32.050571870058775,
2263,31.436242861673236,0.5542058497667313,30.7607629802078,
2264,32.373940106481314,0.5605830810964108,31.684960005804896,
2265,31.73147514462471,0.5941928829997778,31.01400495506823,
2266,31.790795037522912,0.5705789662897587,31.09712596051395,
2267,33.71212491765618,0.5591639783233404,33.03272393532097,
2268,31.844537938013673,0.5574750248342752,31.166397035121918,
2269,31.404240988194942,0.5524109583348036,30.731439823284745,
2270,32.86377293989062,0.5581758450716734,32.183587085455656,
2271,31.566793099045753,0.5554580129683018,30.760261928662658,
2272,32.60772582143545,0.7113388273864985,31.756831100210547,
2273,34.08382087945938,0.5685400683432817,33.39390200562775,
2274,31.851202016696334,0.5743410438299179,31.156026991084218,
2275,33.15043612383306,0.567475100979209,32.462420873343945,
2276,33.68546301499009,0.5621879827231169,33.001624047756195,
2277,30.86304711177945,0.5614350084215403,30.169238103553653,
2278,33.26125885359943,0.5518768448382616,32.58703602477908,
2279,32.15430001728237,0.5625342018902302,31.46558697335422,
2280,31.052126083523035,0.5796840414404869,30.349704902619123,
2281,32.457623863592744,0.5772679578512907,31.755576841533184,
2282,32.433300046250224,1.3292278163135052,30.978183029219508,
2283,33.206911059096456,0.5837129428982735,32.49427303671837,
2284,31.72017796896398,0.582447974011302,31.01109294220805,
2285,30.857193050906062,0.5896119400858879,30.144801130518317,
2286,33.23099692352116,0.5718660540878773,32.532803947106004,
2287,30.821843072772026,0.5717708263546228,30.129783088341355,
2288,31.013104133307934,0.5725380033254623,30.31826508231461,
2289,33.67779194377363,0.5634571425616741,32.99198695458472,
2290,31.096763908863068,0.5566938780248165,30.389072140678763,
2291,31.98904194869101,0.7384279742836952,31.113762874156237,
2292,33.08597696013749,0.5825110711157322,32.381006982177496,
2293,31.497883144766092,0.5724490620195866,30.783936847001314,
2294,32.7773978933692,0.5700250621885061,32.08423010073602,
2295,32.233000034466386,0.5764239467680454,31.53639007359743,
2296,31.662141205742955,0.5713328719139099,30.97053011879325,
2297,32.97364595346153,0.5683749914169312,32.28403185494244,
2298,31.418073922395706,0.5646459758281708,30.732600018382072,
2299,34.41964206285775,0.5518628749996424,33.74552703462541,
2300,32.258161809295416,0.5566058680415154,31.581453047692776,
2301,31.41612489707768,0.5629111547023058,30.73159302584827,
2302,33.47235592082143,0.5537339020520449,32.79735310934484,
2303,31.475901836529374,0.5543350707739592,30.80128994770348,
2304,31.346098985522985,0.5553390365093946,30.66882281564176,
2305,32.41936909034848,0.564799178391695,31.728999922052026,
2306,31.39427280984819,0.5519380792975426,30.7219410315156,
2307,31.48295800201595,0.6942111067473888,30.66825889982283,
2308,33.40409812517464,0.5629658699035645,32.71971200592816,
2309,31.895274994894862,0.556146027520299,31.208382919430733,
2310,33.69111497886479,0.5612580571323633,33.011425053700805,
2311,32.777126180008054,0.5566340405493975,32.099970849230886,
2312,31.824539182707667,0.5547511391341686,31.14740294404328,
2313,33.231798792257905,0.5559949204325676,32.55395800806582,
2314,31.833752989768982,0.5651440005749464,31.147669069468975,
2315,32.75785082951188,0.5611178930848837,32.0764291100204,
2316,33.50107604637742,0.5577330011874437,32.82209113240242,
2317,31.95440792478621,0.5599861033260822,31.274134991690516,
2318,34.255313919857144,0.5562168080359697,33.57908013276756,
2319,33.128665992990136,0.551614910364151,32.45489695109427,
2320,31.811649212613702,0.5723380018025637,31.11724299378693,
2321,33.724940149113536,0.5603660829365253,33.044127048924565,
2322,32.38987596705556,0.550881028175354,31.719062011688948,
2323,31.93156304769218,0.551875215023756,31.25924477353692,
2324,32.7672129496932,0.5590799264609814,32.08673698827624,
2325,32.080647768452764,0.5511951167136431,31.39830590225756,
2326,32.121988013386726,0.5523748695850372,31.447106041014194,
2327,34.627160988748074,0.5500770639628172,33.95561804063618,
2328,32.11688413284719,0.5622170865535736,31.43351199105382,
2329,32.08645898848772,0.5570561625063419,31.40783798880875,
2330,33.96911500021815,0.5551599897444248,33.29046186991036,
2331,32.09930704906583,0.5576638504862785,31.41982713714242,
2332,32.22756297327578,0.6848799530416727,31.420174054801464,
2333,32.95867913402617,0.5555220413953066,32.28443884290755,
2334,32.1946139447391,0.5483520217239857,31.499879900366068,
2335,32.922100042924285,0.7233631331473589,32.056547002866864,
2336,32.13939303532243,0.5609269719570875,31.457346165552735,
2337,33.29665190540254,0.5628780927509069,32.614411087706685,
2338,33.58237096108496,0.5584319587796926,32.90318883955479,
2339,32.04420185647905,0.5594019312411547,31.365140108391643,
2340,34.60271377116442,0.5568009801208973,33.92457705922425,
2341,34.10655609332025,0.5589670035988092,33.41776994057,
2342,32.287856098264456,0.5521541461348534,31.614367850124836,
2343,34.381816163659096,0.5562631413340569,33.71010301634669,
2344,34.29537289775908,0.5586608313024044,33.614821964874864,
2345,32.20128011889756,0.5547269247472286,31.52604098431766,
2346,34.0238930657506,0.5598671268671751,33.34048995748162,
2347,34.12866196595132,0.5710909608751535,33.436082070693374,
2348,32.30724111199379,0.5647200159728527,31.621075002476573,
2349,33.56078709475696,0.5603590980172157,32.87968994118273,
2350,33.57812110334635,0.563332112506032,32.89454383775592,
2351,32.23875514231622,0.5536850076168776,31.562827061861753,
2352,32.756962813436985,0.5507809109985828,32.08503499627113,
2353,32.82778896391392,0.5528731271624565,32.15341595932841,
2354,32.31447096914053,0.5558908451348543,31.637450214475393,
2355,34.53039797022939,0.5548079498112202,33.85594300925732,
2356,32.32628805562854,0.5578019190579653,31.645915005356073,
2357,31.85986611060798,0.5563921295106411,31.170896952971816,
2358,34.19571300037205,0.559316948056221,33.514701994135976,
2359,31.870990060269833,0.5552719812840223,31.19541797786951,
2360,32.0942469406873,0.5531881470233202,31.41967300325632,
2361,33.257809933274984,0.5552051588892937,32.581477891653776,
2362,32.080215867608786,0.5651258397847414,31.395123107358813,
2363,31.82222181931138,0.5617679562419653,31.140526989474893,
2364,32.09095308557153,0.5535900127142668,31.415496952831745,
2365,33.69669406674802,0.559838954359293,33.016633009538054,
2366,32.18361409381032,0.6872620433568954,31.37699607759714,
2367,31.803573947399855,0.5521280691027641,31.13170084543526,
2368,34.21159693971276,0.5534361116588116,33.536836970597506,
2369,33.656734973192215,0.547738978639245,32.984967110678554,
2370,32.09769818931818,0.5564871244132519,31.415781006217003,
2371,33.44296501018107,0.5541250575333834,32.7679340261966,
2372,33.590542851015925,0.5612059030681849,32.90692996233702,
2373,31.507620820775628,0.5540989805012941,30.823877081274986,
2374,32.42849395610392,0.5607099737972021,31.74699703231454,
2375,33.20689988322556,0.5593330133706331,32.524829963222146,
2376,31.866826117038727,0.5652678664773703,31.18051402270794,
2377,33.447063993662596,0.5568480119109154,32.76907396502793,
2378,32.708324026316404,0.5599299911409616,32.02885203063488,
2379,31.513798981904984,0.561324879527092,30.831213109195232,
2380,34.0176101308316,0.5598189309239388,33.33618096075952,
2381,31.79334895685315,0.5529208574444056,31.11889399588108,
2382,31.863289885222912,0.5678900051862001,31.173191033303738,
2383,32.64353587292135,0.558897852897644,31.963523011654615,
2384,32.147055957466364,0.5533411167562008,31.47304290905595,
2385,31.51813498698175,0.5620759911835194,30.8321809861809,
2386,31.875852961093187,0.5537711549550295,31.199811026453972,
2387,34.157549031078815,0.5610520020127296,33.47543883137405,
2388,31.915234168991446,0.687530031427741,31.108330003917217,
2389,31.38380404561758,0.5563788581639528,30.69288213737309,
2390,33.16157008521259,0.5581621080636978,32.46367909014225,
2391,32.28889708407223,0.7175758946686983,31.439848011359572,
2392,31.58047702163458,0.5728479009121656,30.887120170518756,
2393,32.06045716069639,0.5665679927915335,31.372932950034738,
2394,33.4533229470253,0.5639351438730955,32.767529832199216,
2395,31.402165070176125,0.5576740950345993,30.724387848749757,
2396,34.118831157684326,0.5587649066001177,33.43897801823914,
2397,32.71572990342975,0.5656138528138399,32.027835957705975,
2398,31.54788794927299,0.5530479829758406,30.874232994392514,
2399,33.44770101830363,0.5614100955426693,32.76535402983427,
2400,32.121643191203475,0.5568359047174454,31.4419639762491,
2401,31.4024540130049,0.5570920184254646,30.72401904501021,
2402,32.58918598294258,0.5738700274378061,31.89271711744368,
2403,32.18524600379169,0.5570848006755114,31.505684135481715,
2404,31.58545703627169,0.5685349460691214,30.89601593092084,
2405,31.237644143402576,0.5605891346931458,30.545250978320837,
2406,33.32875785417855,0.5530249327421188,32.652985071763396,
2407,31.329238088801503,0.6905519403517246,30.52243310958147,
2408,31.303588999435306,0.5555730313062668,30.62754706479609,
2409,32.169413985684514,0.556187005713582,31.490853987634182,
2410,33.41422905214131,0.5732618737965822,32.7192151453346,
2411,31.206414801999927,0.5568088963627815,30.525460140779614,
2412,33.10498711653054,0.5590729415416718,32.42524294182658,
2413,33.07750797830522,0.5584289319813251,32.39785716868937,
2414,31.315397936850786,0.5594789981842041,30.63495410606265,
2415,33.31765299662948,0.560876214876771,32.63768390752375,
2416,32.67190884798765,0.5621102172881365,31.989655923098326,
2417,31.220786971971393,0.5606650374829769,30.541098909452558,
2418,32.489844132214785,0.560438958927989,31.80957306176424,
2419,32.148319063708186,0.5646268837153912,31.462583923712373,
2420,31.361945206299424,0.5570920184254646,30.683103017508984,
2421,31.440054066479206,0.557672930881381,30.746002914384007,
2422,33.51921704597771,0.5637758877128363,32.83415106125176,
2423,31.30989009514451,0.5603390745818615,30.62840597704053,
2424,31.35870397090912,0.5589700303971767,30.679270857945085,
2425,32.08112204447389,0.5586668848991394,31.400870997458696,
2426,31.452261842787266,0.6996139418333769,30.63067398034036,
2427,31.262471806257963,0.5561129655689001,30.586858047172427,
2428,33.9726519305259,0.5646098870784044,33.28779200091958,
2429,33.02710712887347,0.5662660114467144,32.338466960936785,
2430,31.363239977508783,0.5654289852827787,30.677999136969447,
2431,33.34143990650773,0.5609509535133839,32.66132203862071,
2432,33.05903705768287,0.5646380595862865,32.37390494905412,
2433,31.30659507587552,0.553196994587779,30.63361393287778,
2434,32.63880591839552,0.5639859009534121,31.95655206218362,
2435,33.253438072279096,0.5548670887947083,32.576617086306214,
2436,31.413808930665255,0.5622149910777807,30.73113295249641,
2437,31.69414191506803,0.5609891377389431,31.001447001472116,
2438,33.69481791742146,0.5610478110611439,33.012744039297104,
2439,31.733146868646145,0.5567658226937056,31.05465415865183,
2440,31.59161191433668,0.5630489904433489,30.907300068065524,
2441,32.78677398338914,0.5618908908218145,32.10491011850536,
2442,31.542028998956084,0.5643798504024744,30.85754020139575,
2443,31.698917970061302,0.5561250727623701,31.017135828733444,
2444,31.770464032888412,0.5620319861918688,31.086663017049432,
2445,31.82204207405448,0.7018218748271465,31.000613933429122,
2446,31.534794019535184,0.5575281102210283,30.85734392516315,
2447,34.05005089007318,0.5574601236730814,33.371776808053255,
2448,33.32015895284712,0.5671069957315922,32.634039176627994,
2449,31.693072989583015,0.5547360051423311,31.016406137496233,
2450,33.099131193012,0.5621749442070723,32.41601400077343,
2451,33.44039688818157,0.5533769726753235,32.764778938144445,
2452,31.52866312302649,0.5737410392612219,30.82888899371028,
2453,32.54926297813654,0.5586391780525446,31.858166912570596,
2454,34.0967180673033,0.5713808350265026,33.40402012690902,
2455,32.17267198488116,0.5687049124389887,31.48451610468328,
2456,31.75015514716506,0.5601858720183372,31.059256056323647,
2457,33.500623889267445,0.5781920626759529,32.79967000707984,
2458,31.715217046439648,0.5652359686791897,31.0277349781245,
2459,32.204858027398586,0.5697179585695267,31.511221081018448,
2460,32.14423405006528,0.5682171322405338,31.453118892386556,
2461,32.19135198742151,0.5596191622316837,31.510432017967105,
2462,31.713170930743217,0.5646878853440285,31.026267912238836,
2463,32.416136004030704,0.5653081461787224,31.730346847325563,
2464,31.848069978877902,0.6900609005242586,31.035131076350808,
2465,32.173520885407925,0.5642850883305073,31.488762935623527,
2466,34.28449691273272,0.5667509976774454,33.597080036997795,
2467,32.40817505866289,0.6948269437998533,31.594550935551524,
2468,31.76782187074423,0.5590580403804779,31.08421410433948,
2469,33.63628312945366,0.5582119338214397,32.947082072496414,
2470,34.31273903697729,0.5680220201611519,33.6232609115541,
2471,32.1279801428318,0.5529399495571852,31.454330077394843,
2472,32.960865180939436,0.5550729110836983,32.28448401205242,
2473,34.47414003312588,0.5574978422373533,33.79750601015985,
2474,32.24155283533037,0.5579260177910328,31.562566990032792,
2475,32.14865899644792,0.562263885512948,31.466820975765586,
2476,33.938314067199826,0.5558389239013195,33.26053800992668,
2477,32.12285507470369,0.5603041499853134,31.439277809113264,
2478,32.24760596640408,0.5567751359194517,31.571472994983196,
2479,32.82609302550554,0.5555031821131706,32.149518840014935,
2480,32.224582973867655,0.5557420663535595,31.54649492353201,
2481,32.090427819639444,0.5664550699293613,31.40444098971784,
2482,32.199200009927154,0.5682329647243023,31.51098405942321,
2483,32.08423499017954,0.5610988009721041,31.402704073116183,
2484,32.27179287932813,0.5651810206472874,31.585675897076726,
2485,32.39334002137184,0.5590040236711502,31.701194820925593,
2486,32.09365112707019,0.5653130356222391,31.405756017193198,
2487,32.03130909241736,0.5625560879707336,31.346363946795464,
2488,34.442994045093656,0.5647880025207996,33.75600907020271,
2489,32.27825881913304,0.6919899024069309,31.464444939047098,
2490,32.108624931424856,0.5596170667558908,31.42902604304254,
2491,33.40978012420237,0.5648909136652946,32.72390901111066,
2492,34.88801000639796,0.6903621833771467,34.07649486325681,
2493,32.050353940576315,0.5748141556978226,31.355676939710975,
2494,33.00141007639468,0.5632718093693256,32.29260304942727,
2495,34.25169689580798,0.7179290987551212,33.398777013644576,
2496,32.15092001482844,0.5638939328491688,31.46641096100211,
2497,32.16406493447721,0.559316948056221,31.483925879001617,
2498,34.00302492082119,0.5655861459672451,33.31609186716378,
2499,32.03014610335231,0.5629980005323887,31.346447998657823,
2500,32.09661296568811,0.5670450627803802,31.407561153173447,
2501,32.90218603797257,0.56244689039886,32.207865035161376,
2502,31.81449300609529,0.567444134503603,31.125681940466166,
2503,31.760046957060695,0.5581479053944349,31.081944005563855,
2504,31.88130399212241,0.5553390365093946,31.200981000438333,
2505,31.74636885523796,0.561675988137722,31.064352951943874,
2506,31.822967808693647,0.5637640133500099,31.139765866100788,
2507,33.386455150321126,0.565679045394063,32.6954189222306,
2508,32.151259016245604,0.5590540822595358,31.471974914893508,
2509,31.71601891517639,0.5510949995368719,31.04439005255699,
2510,33.92610582523048,0.5694041028618813,33.236959017813206,
2511,33.511478919535875,0.5625230260193348,32.82435983419418,
2512,31.84769698418677,0.5713889840990305,31.15567611530423,
2513,33.14808406867087,0.5577739793807268,32.46830403804779,
2514,34.13212904706597,0.6976430304348469,33.31065410748124,
2515,31.754450872540474,0.5640371236950159,31.07036091387272,
2516,32.40869613364339,0.5575499963015318,31.70527401380241,
2517,33.338234992697835,0.7409378886222839,32.449955120682716,
2518,31.78458707407117,0.559953972697258,31.105226138606668,
2519,31.70443489216268,0.5675069987773895,31.016188906505704,
2520,33.68319501169026,0.5655509885400534,32.996607944369316,
2521,31.717673875391483,0.5563590675592422,31.039722030982375,
2522,31.791457906365395,0.5625281482934952,31.10814094543457,
2523,32.66624198295176,0.562222907319665,31.983972992748022,
2524,31.79035009816289,0.5667831283062696,31.102098990231752,
2525,31.661340966820717,0.5613151006400585,30.978919006884098,
2526,32.400507014244795,0.55906199850142,31.721964944154024,
2527,32.022998901084065,0.5585469771176577,31.343593960627913,
2528,31.796379946172237,0.5576279945671558,31.119419960305095,
2529,33.782256999984384,0.5596368573606014,33.10052421875298,
2530,34.331066999584436,0.5656110588461161,33.64311996847391,
2531,31.70200507156551,0.5557101685553789,31.024440890178084,
2532,33.226500963792205,0.5620659794658422,32.544477144256234,
2533,33.46666204743087,0.5570158828049898,32.778176944702864,
2534,30.752506107091904,0.5585090257227421,30.07420990616083,
2535,31.724534928798676,0.5641879979521036,31.039916910231113,
2536,32.33076096512377,0.6914259865880013,31.517202965915203,
2537,30.895187985152006,0.5757289472967386,30.198299093171954,
2538,30.737179797142744,0.5687540397047997,30.04654194228351,
2539,32.82835194841027,0.5609351210296154,32.1445818990469,
2540,30.792253091931343,0.5609439685940742,30.11208795942366,
2541,30.87515290826559,0.5668050143867731,30.187861062586308,
2542,32.029573107138276,0.5634650588035583,31.344112940132618,
2543,31.207882100716233,0.5720269400626421,30.514935962855816,
2544,30.750748002901673,0.5643549375236034,30.065166065469384,
2545,32.699501141905785,0.5645060446113348,32.01278205960989,
2546,33.08908501639962,0.5615828558802605,32.40693616680801,
2547,30.887041008099914,0.5774369928985834,30.188322998583317,
2548,31.317707849666476,0.5670380778610706,30.62875708565116,
2549,32.25100808776915,0.6963938940316439,31.423592008650303,
2550,31.47275000810623,0.5661679897457361,30.78147117048502,
2551,31.358374981209636,0.5748060066252947,30.664544086903334,
2552,33.64002797752619,0.5659351591020823,32.952232053503394,
2553,31.52354503981769,0.5712478887289762,30.82736604847014,
2554,31.477987067773938,0.562987057492137,30.793671030551195,
2555,32.83880488015711,0.5717179737985134,32.14461193419993,
2556,31.84441803023219,0.5679200403392315,31.15553897805512,
2557,31.544656958431005,0.5585628096014261,30.8622510638088,
2558,33.82197394967079,0.5626389756798744,33.139715902507305,
2559,34.127068938687444,0.5687011871486902,33.403956796973944,
2560,31.59150411374867,0.5925949662923813,30.870388029143214,
2561,33.32426096312702,0.5780148785561323,32.62231219559908,
2562,33.83102687075734,0.5863900296390057,33.12270902097225,
2563,31.47400193847716,0.574375968426466,30.775051098316908,
2564,32.32143400236964,0.57059689424932,31.628197990357876,
2565,33.15609414130449,0.5643060430884361,32.45772304944694,
2566,31.896458938717842,0.5723270587623119,31.202992890030146,
2567,31.736754113808274,0.5611840169876814,31.053173122927547,
2568,31.923881033435464,0.5627700593322515,31.235499074682593,
2569,31.741475919261575,0.5599961150437593,31.06013685464859,
2570,31.90117608755827,0.5674741696566343,31.182653969153762,
2571,32.168230041861534,0.7698119152337313,31.26759291626513,
2572,31.885569915175438,0.5690478719770908,31.195487128570676,
2573,31.73763584345579,0.5659898743033409,31.050401041284204,
2574,33.66319602355361,0.5692148115485907,32.972210086882114,
2575,31.991963973268867,0.5641120951622725,31.30729286931455,
2576,31.877151923254132,0.5609281361103058,31.190637964755297,
2577,33.88584800995886,0.5608689971268177,33.20379904471338,
2578,34.54288397915661,0.5644240882247686,33.857581904157996,
2579,31.789524015039206,0.5682529881596565,31.098855892196298,
2580,33.37349300272763,0.5614440888166428,32.69195999018848,
2581,34.23626418225467,0.5648608785122633,33.53897202759981,
2582,31.988928094506264,0.571470009163022,31.295832945033908,
2583,32.84457582049072,0.5632909014821053,32.15846396051347,
2584,33.28650793991983,0.5740858614444733,32.59559907019138,
2585,32.00830612331629,0.5634170956909657,31.318356981500983,
2586,31.949135940521955,0.561160035431385,31.265113037079573,
2587,32.13196201249957,0.5687831435352564,31.440665014088154,
2588,31.930491095408797,0.568995950743556,31.23745508491993,
2589,32.01527916826308,0.5780518986284733,31.313664047047496,
2590,31.992690172046423,0.6164440419524908,31.250272877514362,
2591,32.040379010140896,0.5840330850332975,31.33475501090288,
2592,32.005866058170795,0.5667312070727348,31.282405834645033,
2593,32.94309391640127,0.8031630422919989,32.01362490653992,
2594,32.216766849160194,0.567481154575944,31.526628881692886,
2595,32.08387293852866,0.5640361923724413,31.39811591245234,
2596,34.60560389794409,0.5762660875916481,33.905120100826025,
2597,34.29859015159309,0.5641952157020569,33.604330848902464,
2598,32.19920699484646,0.5634180270135403,31.51505603455007,
2599,34.3025061301887,0.5657849833369255,33.61574304290116,
2600,34.90987583063543,0.5705780349671841,34.21684098429978,
2601,32.267201924696565,0.566157978028059,31.579351983964443,
2602,34.07626412808895,0.5652951076626778,33.38818601332605,
2603,34.67555204406381,0.5631640087813139,33.99097709916532,
2604,32.22234803251922,0.5636292044073343,31.532510882243514,
2605,33.62619085237384,0.5662201438099146,32.93917886912823,
2606,34.278739942237735,0.5701449699699879,33.58494210988283,
2607,32.25512383505702,0.5627640057355165,31.571158906444907,
2608,33.04584603756666,0.5639789160341024,32.359558157622814,
2609,33.65889214910567,0.5652350373566151,32.96877397224307,
2610,32.20945619978011,0.5581311415880919,31.529383966699243,
2611,32.306977082043886,0.5589730571955442,31.626997981220484,
2612,32.48969302512705,0.5780358333140612,31.78793005645275,
2613,32.03125996515155,0.5591700319200754,31.345549039542675,
2614,32.09663997404277,0.5623809993267059,31.41235699877143,
2615,31.9654350169003,0.5608429200947285,31.283569987863302,
2616,32.045655185356736,0.5631421227008104,31.360749853774905,
2617,32.03038312494755,0.5623821634799242,31.346064060926437,
2618,32.278046011924744,0.5703088827431202,31.586341094225645,
2619,32.31053100898862,0.579762039706111,31.609185971319675,
2620,32.09272003732622,0.5686799995601177,31.40239417552948,
2621,34.24416622146964,0.7087490521371365,33.41404302045703,
2622,33.6706698872149,0.5686611402779818,32.98146999441087,
2623,32.05706202425063,0.5757021717727184,31.314024003222585,
2624,34.35698011890054,0.7412638515233994,33.48078718408942,
2625,34.59233301691711,0.5557539407163858,33.91456208191812,
2626,32.08561195060611,0.5809550639241934,31.370554119348526,
2627,34.08169699832797,0.7417418528348207,33.20317412726581,
2628,34.40800798125565,0.5628911312669516,33.725191839039326,
2629,31.81656589731574,0.5692711565643549,31.115826917812228,
2630,33.809147076681256,0.5652471445500851,33.12158794142306,
2631,33.70580403134227,0.5610131192952394,33.02208101376891,
2632,31.946599017828703,0.5724751390516758,31.252036802470684,
2633,33.19220314733684,0.5639940500259399,32.504050992429256,
2634,32.81153901480138,0.5626629572361708,32.12804300710559,
2635,31.820926116779447,0.5708490498363972,31.130222836509347,
2636,32.4215239379555,0.5702180787920952,31.729830894619226,
2637,31.83017880655825,0.5644671618938446,31.14483179524541,
2638,31.96645714342594,0.566891860216856,31.279101967811584,
2639,31.85950987972319,0.5684120114892721,31.169869005680084,
2640,32.00359898619354,0.5641321185976267,31.318396097049117,
2641,31.804299913346767,0.571059063076973,31.111728865653276,
2642,31.928391894325614,0.5739529151469469,31.23339801095426,
2643,32.0585030131042,0.572532881051302,31.363840913400054,
2644,33.21698005311191,0.5709419492632151,32.5257231015712,
2645,31.54914011247456,0.5722818896174431,30.843937071040273,
2646,34.11187487654388,0.7030358538031578,33.285955199971795,
2647,34.075172850862145,0.5716059822589159,33.38169399648905,
2648,31.621869886294007,0.5751759745180607,30.922933015972376,
2649,33.589635975658894,0.6950278766453266,32.77251310646534,
2650,33.48499210551381,0.5686578806489706,32.79535099864006,
2651,31.542056007310748,0.5670879036188126,30.854678014293313,
2652,33.657994121313095,0.6706519052386284,32.86589798517525,
2653,32.66476094722748,0.5734118167310953,31.968527007848024,
2654,31.615433981642127,0.5621039308607578,30.93045810237527,
2655,32.91161707602441,0.5667859222739935,32.2217820212245,
2656,31.708667054772377,0.5700958427041769,31.017347937449813,
2657,31.594508094713092,0.5733768921345472,30.89721710421145,
2658,31.747356988489628,0.5652669351547956,31.061948044225574,
2659,31.587263103574514,0.5757308099418879,30.89048620313406,
2660,31.680383952334523,0.5687319207936525,30.99040617235005,
2661,31.317624961957335,0.5595709662884474,30.625254148617387,
2662,31.831419095396996,0.5700490437448025,31.13948693498969,
2663,33.88203796930611,0.5610021762549877,33.200675854459405,
2664,31.406134134158492,0.5662459880113602,30.718803172931075,
2665,33.62328791990876,0.5684050265699625,32.932752976194024,
2666,33.66212104447186,0.5624929908663034,32.97697985544801,
2667,31.33359714411199,0.5678508896380663,30.643131118267775,
2668,32.96081395819783,0.6936590652912855,32.145513920113444,
2669,32.77209703810513,0.5657151341438293,32.08572091534734,
2670,31.428213929757476,0.5677319131791592,30.713209183886647,
2671,33.260932890698314,0.7218900136649609,32.41559979505837,
2672,31.843013130128384,0.5709619726985693,31.150216003879905,
2673,31.32293000817299,0.5738697946071625,30.628752196207643,
2674,32.46485581621528,0.5668720696121454,31.77587501704693,
2675,31.287868972867727,0.565679045394063,30.602158047258854,
2676,31.377028906717896,0.5687880329787731,30.68460593931377,
2677,31.617309898138046,0.5676839500665665,30.91596090234816,
2678,31.96673491038382,0.5663130432367325,31.278179958462715,
2679,32.67636802047491,0.5793960299342871,31.97583183646202,
2680,31.405980000272393,0.5641309544444084,30.719286995008588,
2681,34.21880700625479,0.5734390579164028,33.52237003855407,
2682,33.85771997272968,0.5719240289181471,33.16430700942874,
2683,31.736963894218206,0.5700290203094482,31.046350952237844,
2684,33.50311191752553,0.577748054638505,32.80421509407461,
2685,33.5346469655633,0.5654371343553066,32.84799889661372,
2686,31.41008410602808,0.5732569843530655,30.7090578135103,
2687,32.74152893573046,0.5706280935555696,32.047423068434,
2688,32.23225404508412,0.5702399648725986,31.536485068500042,
2689,31.732266070321202,0.5653370171785355,31.011895975098014,
2690,33.299155067652464,0.7932530716061592,32.37907192669809,
2691,31.682037049904466,0.5626238416880369,30.99346114322543,
2692,31.426446978002787,0.5823748651891947,30.721378047019243,
2693,33.234689151868224,0.56608603335917,32.53723494708538,
2694,31.807546969503164,0.5781019572168589,31.108170049265027,
2695,31.70131309889257,0.5667381919920444,31.01425780914724,
2696,31.95372992195189,0.5708569660782814,31.260597053915262,
2697,31.894686864688993,0.5695270374417305,31.203187070786953,
2698,34.12145213223994,0.5821790546178818,33.41721906326711,
2699,31.707203947007656,0.5729531403630972,31.011906918138266,
2700,34.51841091737151,0.5770418792963028,33.82059093564749,
2701,34.30309193208814,0.5693389102816582,33.612255938351154,
2702,31.806614948436618,0.5710078403353691,31.112158205360174,
2703,34.09448289312422,0.5648201331496239,33.3986128680408,
2704,34.02003017254174,0.592745142057538,33.305367920547724,
2705,31.6930681001395,0.5780591163784266,30.99541086703539,
2706,33.7054340634495,0.5739249754697084,33.01037708297372,
2707,33.30003283917904,0.5668401718139648,32.61120384559035,
2708,31.87997709028423,0.5719361361116171,31.184969004243612,
2709,32.89331099949777,0.5690369289368391,32.19197900034487,
2710,32.41898398846388,0.570167088881135,31.725054839625955,
2711,31.882263952866197,0.5666459910571575,31.193292932584882,
2712,32.05279307439923,0.702868914231658,31.22803010046482,
2713,31.905424082651734,0.5577779375016689,31.22574114240706,
2714,31.8585520144552,0.5670308601111174,31.168571207672358,
2715,33.77126483246684,0.5996099207550287,33.049245132133365,
2716,31.889657024294138,0.5688639357686043,31.199093908071518,
2717,31.919521978124976,0.5621709860861301,31.23780293390155,
2718,32.97145897522569,0.5700078327208757,32.278475118801,
2719,32.14286593720317,0.5679430905729532,31.453653937205672,
2720,33.108195988461375,0.5762840155512094,32.40936598740518,
2721,32.09300502203405,0.5763738881796598,31.39551100321114,
2722,34.421833930537105,0.5632122047245502,33.73692580498755,
2723,34.57066789269447,0.5691440310329199,33.88327988795936,
2724,31.95999702438712,0.5674290005117655,31.26635798253119,
2725,34.76835903711617,0.5629078950732946,34.07517308369279,
2726,34.71065196208656,0.5697798915207386,34.019459038972855,
2727,32.17417700216174,0.5714248400181532,31.47883014753461,
2728,34.63874291628599,0.568924006074667,33.94836001098156,
2729,34.318778896704316,0.5652168765664101,33.63334503956139,
2730,32.34285395592451,0.5689528770744801,31.642184127122164,
2731,34.36313010752201,0.5761489737778902,33.66619208827615,
2732,34.14399805478752,0.564392888918519,33.45760912634432,
2733,32.1693941950798,0.5730399861931801,31.474591000005603,
2734,34.07704597339034,0.5764090456068516,33.3805161062628,
2735,33.285245997831225,0.5768719129264355,32.58237196132541,
2736,32.324468018487096,0.5670029204338789,31.635197112336755,
2737,33.11622701585293,0.5725708324462175,32.421247102320194,
2738,32.436114968732,0.5680050235241652,31.743180006742477,
2739,32.17080398462713,0.5672979168593884,31.481737038120627,
2740,32.283651875332,0.563034089282155,31.599669018760324,
2741,32.15417289175093,0.5695689469575882,31.45256103016436,
2742,32.11828810162842,0.569505849853158,31.425978057086468,
2743,32.4725320097059,0.570397824048996,31.78169415332377,
2744,32.133108004927635,0.5634210538119078,31.447038985788822,
2745,32.16509893536568,0.5659197922796011,31.47794515825808,
2746,33.61661685630679,0.7053317967802286,32.78831602074206,
2747,32.4288469273597,0.5613421089947224,31.74605593085289,
2748,32.593635842204094,0.5845390260219574,31.888195080682635,
2749,34.14092003367841,0.5667142104357481,33.45195995643735,
2750,32.417632173746824,0.5684101488441229,31.72722877934575,
2751,34.867377020418644,0.5723950453102589,34.17414799332619,
2752,34.026225097477436,0.5745650269091129,33.33148290403187,
2753,32.68080693669617,0.5720509216189384,31.988596078008413,
2754,34.551262157037854,0.5668601952493191,33.861958887428045,
2755,33.9742919895798,0.5724679213017225,33.27991208061576,
2756,34.33685004711151,0.5704320501536131,33.645846880972385,
2757,34.48184416629374,0.5621989257633686,33.78491895273328,
2758,33.55910815298557,0.5823180545121431,32.85496006719768,
2759,34.484660951420665,0.5707710515707731,33.79230387508869,
2760,34.17235496453941,0.5798330530524254,33.46730209887028,
2761,33.702264074236155,0.572775024920702,33.00699288956821,
2762,34.26565998233855,0.570664880797267,33.57211803086102,
2763,34.28002819418907,0.5697328597307205,33.587145153433084,
2764,33.29966706223786,0.5688369274139404,32.60927204973996,
2765,34.51226791366935,0.5740630440413952,33.81713689304888,
2766,34.05049000866711,0.5667801015079021,33.36044400930405,
2767,33.68958178907633,0.5644799675792456,33.00354490056634,
2768,34.29509000852704,0.5719540640711784,33.60041999258101,
2769,34.20971008017659,0.5715771112591028,33.51686801761389,
2770,33.241877099499106,0.5992758087813854,32.52000501379371,
2771,34.28362193517387,0.5730290431529284,33.589044120162725,
2772,33.96611800417304,0.5723850335925817,33.27324893325567,
2773,33.61189807765186,0.5665561184287071,32.911582849919796,
2774,33.865795005112886,0.5718620959669352,33.17415900528431,
2775,33.69394410401583,0.5648138467222452,33.00529811531305,
2776,33.368437085300684,0.5700429901480675,32.676433911547065,
2777,33.751707058399916,0.5694560240954161,33.06062682531774,
2778,33.10171398334205,0.5642129108309746,32.4173450935632,
2779,33.20992598310113,0.5688790697604418,32.519258093088865,
2780,33.10667909681797,0.5766889080405235,32.40881906822324,
2781,32.78530505485833,0.5658490117639303,32.09816315211356,
2782,32.510271994397044,0.5738460458815098,31.815059017390013,
2783,32.34423091635108,0.5644720513373613,31.65195696055889,
2784,31.57167788594961,0.5702681373804808,30.879521975293756,
2785,31.711058923974633,0.5774889141321182,31.012204010039568,
2786,31.411323929205537,0.5747841205447912,30.719737987965345,
2787,31.73031797632575,0.5655710119754076,31.043589115142822,
2788,31.52332897298038,0.5794099997729063,30.82365100272,
2789,31.24058502726257,0.5685950163751841,30.539731960743666,
2790,31.137311132624745,0.5729931872338057,30.443043913692236,
2791,33.81324396468699,0.5711850244551897,33.12037093564868,
2792,32.813013065606356,0.7058188784867525,31.98486310429871,
2793,33.773453906178474,0.5673638079315424,33.087525982409716,
2794,33.331683138385415,0.5721098277717829,32.63856004923582,
2795,32.68463793210685,0.7055478636175394,31.857178080826998,
2796,33.18408294580877,0.5654909182339907,32.49676199629903,
2797,33.05890294723213,0.5618249997496605,32.34744584187865,
2798,31.98768408037722,0.7500029169023037,31.102693174034357,
2799,32.7007279265672,0.5731559358537197,32.00758411549032,
2800,32.014123164117336,0.5661221221089363,31.326809898018837,
2801,32.25432010367513,0.5638250149786472,31.569021986797452,
2802,31.36314800940454,0.5765489768236876,30.664170160889626,
2803,31.113164965063334,0.5775920581072569,30.412059975787997,
2804,30.85651993751526,0.5740870255976915,30.16038192436099,
2805,31.238933093845844,0.5766749382019043,30.52647295407951,
2806,31.517231138423085,0.5695780273526907,30.826600966975093,
2807,32.20909112133086,0.5735680460929871,31.513910042122006,
2808,31.612914986908436,0.5684520583599806,30.922512989491224,
2809,33.24190410785377,0.5677149165421724,32.553432043641806,
2810,33.80496799945831,0.5745298694819212,33.10931008309126,
2811,33.15174300223589,0.7044689264148474,32.32513600960374,
2812,34.09774601459503,0.5743738729506731,33.402973087504506,
2813,33.26569008640945,0.5863669794052839,32.55777689628303,
2814,33.546119928359985,0.6997610908001661,32.725008903071284,
2815,33.75258995220065,0.5734830629080534,33.05858513340354,
2816,32.92256104759872,0.56464783847332,32.235650112852454,
2817,33.11475506052375,0.6995429284870625,32.29269408620894,
2818,36.439366871491075,0.5637959111481905,35.75289808213711,
2819,37.37533185631037,0.5850770976394415,36.66790504939854,
2820,32.07014105282724,0.6725469138473272,31.277055153623223,
2821,34.11140805110335,0.5595700349658728,33.418832113966346,
2822,36.73103195615113,0.5694010760635138,35.5995730496943,
2823,35.7923551928252,4.365321947261691,31.29955194890499,
2824,33.88320794329047,0.5758178886026144,33.18575397133827,
2825,34.941912861540914,0.5788898561149836,34.24338507466018,
2826,35.03858111798763,0.6865921895951033,33.3630689419806,
2827,36.036742152646184,2.0994278602302074,33.78039714880288,
2828,34.22297793440521,0.5754409357905388,33.51841703988612,
2829,32.24756894633174,0.5891260225325823,31.535190995782614,
2830,37.013966124504805,0.5832850001752377,36.30612906999886,
2831,33.877342008054256,0.5830868612974882,33.169860020279884,
2832,31.9945749361068,0.5742600187659264,31.297107925638556,
2833,35.854791989549994,0.5803520325571299,35.1511100307107,
2834,36.92433796823025,0.5803320091217756,36.22469701804221,
2835,31.98277996852994,0.5784959066659212,31.28718608058989,
2836,34.76941608823836,0.5782358348369598,34.067444037646055,
2837,37.68683900125325,0.6052039097994566,36.943051032721996,
2838,32.14329807087779,0.6080020684748888,31.411845004186034,
2839,33.36664685048163,0.5879742093384266,32.65344398096204,
2840,34.73728010430932,0.5837378557771444,34.029125003144145,
2841,33.127516973763704,0.5853660404682159,32.41692390292883,
2842,37.67682588659227,0.585972098633647,36.96477902121842,
2843,34.28174601867795,0.5861760582774878,33.57170196250081,
2844,32.11652114987373,0.581739004701376,31.406944850459695,
2845,34.69818108715117,0.5764958914369345,33.99698296561837,
2846,34.687560983002186,0.5819650832563639,33.98204478435218,
2847,32.18280617147684,0.5814048927277327,31.477432930842042,
2848,34.4211719930172,0.5860710516571999,33.71066995896399,
2849,34.570957999676466,0.5794060416519642,33.867618069052696,
2850,32.133561093360186,0.5890440661460161,31.420216895639896,
2851,34.3233251478523,0.5844228435307741,33.61282008700073,
2852,34.15331710129976,0.5777769256383181,33.4499329328537,
2853,32.39745390601456,0.5767759867012501,31.68682404793799,
2854,33.91842101700604,0.5818279460072517,33.21443498134613,
2855,34.7164620179683,0.5938620306551456,33.29606703482568,
2856,35.85419710725546,1.9516691099852324,33.75927684828639,
2857,34.17626000009477,0.5791650619357824,33.47166394814849,
2858,34.28751090541482,0.5771140567958355,33.585617085918784,
2859,34.39821396023035,0.5819650832563639,33.6986668407917,
2860,34.28354696370661,0.5802740342915058,33.57873298227787,
2861,34.36261601746082,0.5808151327073574,33.65605394355953,
2862,34.400740871205926,0.5843809340149164,33.69311802089214,
2863,34.57940695807338,0.5791839212179184,33.87147397734225,
2864,34.626697190105915,0.5859939847141504,33.914717147126794,
2865,34.049921203404665,0.5820759106427431,33.34336308762431,
2866,34.80391902849078,0.5841988604515791,34.09397602081299,
2867,34.79098016396165,0.5776460748165846,34.08100502565503,
2868,33.82388805039227,0.5836249329149723,33.115244936197996,
2869,34.58719397895038,0.5840628873556852,33.86478219181299,
2870,34.86110200174153,0.5934769287705421,34.14225298911333,
2871,33.5865521337837,0.582332955673337,32.881543040275574,
2872,34.864029148593545,0.5864240229129791,34.152667969465256,
2873,34.58841098472476,0.582951121032238,33.88205380178988,
2874,33.94768596626818,0.5884009879082441,33.23532990179956,
2875,34.57706794142723,0.5879679229110479,33.861542120575905,
2876,34.90775288082659,0.5850959569215775,34.19854701496661,
2877,33.48229895345867,0.587809132412076,32.7714029699564,
2878,34.49439303949475,0.5806658882647753,33.7875890545547,
2879,34.4168848823756,0.5812020972371101,33.70979893952608,
2880,34.34072504751384,0.5770060233771801,33.637023996561766,
2881,33.99599203839898,0.5911020562052727,33.28119404613972,
2882,34.61746219545603,0.6100658793002367,33.88271713629365,
2883,34.15336296893656,0.5805268883705139,33.410697942599654,
2884,34.41710793413222,0.6001961883157492,33.68236497044563,
2885,34.01681687682867,0.5938559770584106,33.286166144534945,
2886,34.31125800125301,0.5873821210116148,33.60062092542648,
2887,34.014859003946185,0.5784961394965649,33.31324690952897,
2888,34.60373496636748,0.5785648245364428,33.899032045155764,
2889,34.05493195168674,0.5896110087633133,33.34130416624248,
2890,34.37890694476664,0.5832049064338207,33.67057605646551,
2891,34.15468614548445,0.5827608983963728,33.447852125391364,
2892,34.431786043569446,0.5916461814194918,33.71486999094486,
2893,34.111859975382686,0.5907821469008923,33.39588292874396,
2894,34.400569973513484,0.5805899854749441,33.691758988425136,
2895,34.10345199517906,0.5781499203294516,33.40170392766595,
2896,34.41345505416393,0.5856191273778677,33.70312205515802,
2897,34.21408403664827,0.584807014092803,33.504008082672954,
2898,34.36921420507133,0.5764339584857225,33.66510500200093,
2899,34.097811905667186,0.5958799738436937,33.378276973962784,
2900,34.475910011678934,0.578111968934536,33.769384026527405,
2901,33.58259215019643,0.586146954447031,32.86074800416827,
2902,34.60499201901257,0.5864710547029972,33.89216400682926,
2903,33.942889189347625,0.5845120176672935,33.23480696417391,
2904,34.559040097519755,0.5786020774394274,33.853771863505244,
2905,33.71266298927367,0.5884440615773201,33.00097701139748,
2906,34.64024397544563,0.5838871002197266,33.931651851162314,
2907,33.766039879992604,0.5814121104776859,33.05869596078992,
2908,34.460522001609206,0.593746080994606,33.74317497946322,
2909,33.96053402684629,0.5882589612156153,33.24783709831536,
2910,34.49889202602208,0.5870021414011717,33.78690802492201,
2911,33.826318103820086,0.581319909542799,33.122405875474215,
2912,34.591592149809,0.6135678850114346,33.85374299250543,
2913,33.669644966721535,0.5809408612549305,32.962333178147674,
2914,34.429421881213784,0.5792870651930571,33.70009199716151,
2915,34.058046992868185,0.759233022108674,33.169046975672245,
2916,34.478251123800874,0.5826870910823345,33.765614964067936,
2917,34.19224196113646,0.5899029783904552,33.443781081587076,
2918,34.13091809488833,0.7642810232937336,33.23771501891315,
2919,33.97985198535025,0.5820579826831818,33.27440610155463,
2920,34.088874934241176,0.5843481048941612,33.33630901761353,
2921,34.08651798963547,0.7660500705242157,33.19164295680821,
2922,34.213372971862555,0.6066500209271908,33.483396051451564,
2923,34.19890580698848,0.5853399634361267,33.458907855674624,
2924,34.24332500435412,0.8188791107386351,33.29239203594625,
2925,34.102355828508735,0.5828940775245428,33.39517395943403,
2926,34.18673714622855,0.58708805590868,33.45045493915677,
2927,34.22887506894767,0.7930551655590534,33.27958984300494,
2928,34.18307309038937,0.5932848434895277,33.46521407365799,
2929,34.134697867557406,0.5765669047832489,33.39400398544967,
2930,34.20760203152895,0.8021329995244741,33.26874412596226,
2931,34.07100704498589,0.5850589368492365,33.36242795921862,
2932,34.19548482634127,0.5902410484850407,33.445172011852264,
2933,34.43314507603645,0.7862141355872154,33.500066958367825,
2934,33.839707961305976,0.5808430723845959,33.13445602543652,
2935,34.24698603339493,0.5857090000063181,33.500110963359475,
2936,34.39676505513489,0.802299939095974,33.4506060462445,
2937,34.14597408846021,0.5921178963035345,33.43117097392678,
2938,34.38401804305613,0.5847879219800234,33.6591019295156,
2939,34.30845309048891,0.8009981829673052,33.37919199839234,
2940,34.031952964141965,0.5917109083384275,33.316886983811855,
2941,34.65338982641697,0.5890377797186375,33.89298706315458,
2942,34.16333091445267,0.7926360704004765,33.23543909937143,
2943,33.939276821911335,0.5867341533303261,33.232307992875576,
2944,34.47130578570068,0.5805620457977057,33.74913893640041,
2945,34.257537918165326,0.8033011108636856,33.31687394529581,
2946,34.101120894774795,0.5811620503664017,33.39559305459261,
2947,34.219942055642605,0.5855748895555735,33.468355890363455,
2948,34.35575100593269,0.7896940223872662,33.43013511039317,
2949,34.32768606580794,0.5857779178768396,33.61108712852001,
2950,34.47874216362834,0.5804761312901974,33.772839000448585,
2951,34.25954398699105,0.7134999614208937,33.423332031816244,
2952,34.30094080977142,0.5926319863647223,33.58195582404733,
2953,34.251525066792965,0.5844749975949526,33.54155388660729,
2954,34.556407015770674,0.7284409366548061,33.701270120218396,
2955,34.09558208659291,0.5911360494792461,33.38253707624972,
2956,34.43366615101695,0.5860470701009035,33.72447099536657,
2957,34.335373900830746,0.7208189927041531,33.49046199582517,
2958,34.26395799033344,0.5884419661015272,33.546629128977656,
2959,34.11218198016286,0.5834950134158134,33.404297195374966,
2960,34.59469694644213,0.7150131277740002,33.75542792491615,
2961,34.08883488737047,0.6102670449763536,33.35518483072519,
2962,34.386154962703586,0.5902678240090609,33.672388177365065,
2963,34.22962105832994,0.7175810169428587,33.38596201501787,
2964,34.53755704686046,0.6011000368744135,33.805324928835034,
2965,34.13150506094098,0.5883369594812393,33.404023153707385,
2966,34.59422383457422,0.7103178650140762,33.759347163140774,
2967,34.082451136782765,0.5877180956304073,33.37117284536362,
2968,34.609668888151646,0.5889628082513809,33.89452304691076,
2969,34.14043504744768,0.7346142083406448,33.28003082424402,
2970,34.603219013661146,0.5994339007884264,33.87914993800223,
2971,34.03401002287865,0.588760944083333,33.32157991826534,
2972,34.62054510600865,0.7261568680405617,33.77004410140216,
2973,34.10427807830274,0.5866391584277153,33.38772105053067,
2974,34.48261180892587,0.5843930412083864,33.77361595630646,
2975,34.243209986016154,0.7253261283040047,33.39326591230929,
2976,34.48314103297889,0.5945421289652586,33.76396489329636,
2977,34.02945399284363,0.5866279825568199,33.31638895906508,
2978,34.70339486375451,0.7230679038912058,33.85856212116778,
2979,34.06625986099243,0.5826179403811693,33.36065006442368,
2980,34.49664590880275,0.5879250820726156,33.782074926421046,
2981,34.52659398317337,0.7131069432944059,33.67968508973718,
2982,34.41860689781606,0.5775748286396265,33.71561807580292,
2983,34.100248012691736,0.586656155064702,33.38834596797824,
2984,34.53907114453614,0.721154036000371,33.69286097586155,
2985,34.364255145192146,0.5823199171572924,33.65538991056383,
2986,34.27048306912184,0.6021589506417513,33.5428430698812,
2987,34.39086000435054,0.7281538564711809,33.539389027282596,
2988,34.517185064032674,0.5861870013177395,33.807799918577075,
2989,34.08654406666756,0.5876950453966856,33.37512887082994,
2990,34.544844180345535,0.5857818759977818,33.83587393909693,
2991,34.311255905777216,0.5844749975949526,33.60309102572501,
2992,34.29267089813948,0.5877218209207058,33.57504215091467,
2993,34.45133497007191,0.5844400729984045,33.74165389686823,
2994,34.37390201725066,0.5869881715625525,33.65973383188248,
2995,34.16196187026799,0.5896699149161577,33.448016038164496,
2996,34.54169584438205,0.5853991024196148,33.830593107268214,
2997,34.21583096496761,0.5919020622968674,33.48785499110818,
2998,34.454694017767906,0.5940829869359732,33.73619704507291,
2999,34.21231685206294,0.5821329541504383,33.50316104479134,
3000,34.6692088060081,0.5985340103507042,33.94359699450433,
3001,33.9555440004915,0.5881879478693008,33.24480098672211,
3002,34.62370904162526,0.5756588652729988,33.92382408492267,
3003,34.1991160530597,0.5853720940649509,33.48854091018438,
3004,34.49999005533755,0.5808898713439703,33.79843616858125,
3005,34.149501007050276,0.5968711338937283,33.42992183752358,
3006,34.58280791528523,0.5872498732060194,33.8669721968472,
3007,34.07521988265216,0.5851939786225557,33.3648060914129,
3008,34.65776098892093,0.5930201150476933,33.94453483633697,
3009,34.115565940737724,0.5909479223191738,33.40015304274857,
3010,34.584930166602135,0.5810491275042295,33.879325026646256,
3011,34.17212492786348,0.5854538176208735,33.46309810876846,
3012,34.518860979005694,0.585086876526475,33.80697197280824,
3013,33.960283966735005,0.5932948552072048,33.23177108541131,
3014,34.472523955628276,0.5867979489266872,33.76160096377134,
3015,34.11393193528056,0.5963209550827742,33.39286195114255,
3016,34.44974101148546,0.5883309058845043,33.738438971340656,
3017,34.278648905456066,0.596900936216116,33.55877799913287,
3018,34.26341596059501,0.5858740769326687,33.55106990784407,
3019,34.14924396201968,0.5899239331483841,33.43532211147249,
3020,34.65070598758757,0.5852649919688702,33.938359934836626,
3021,34.11032794974744,0.6043079774826765,33.38133986108005,
3022,34.373355098068714,0.5852559115737677,33.66475203074515,
3023,34.17256590910256,0.5801029037684202,33.46877498552203,
3024,34.47477286681533,0.5890440661460161,33.759678015485406,
3025,34.12744705565274,0.5831429734826088,33.42184703797102,
3026,34.47423898614943,0.5869918968528509,33.76261400990188,
3027,34.10268295556307,0.5905760917812586,33.38890592567623,
3028,34.51494104228914,0.5868710577487946,33.80494494922459,
3029,33.960960106924176,0.5846580024808645,33.24122214689851,
3030,34.12343002855778,0.5755380261689425,33.422213047742844,
3031,34.12540699355304,0.5898009985685349,33.41212007217109,
3032,34.45584396831691,0.5932529456913471,33.73654908500612,
3033,34.078018041327596,0.5912359338253736,33.36584893986583,
3034,34.246642142534256,0.5883818957954645,33.53441692888737,
3035,34.35348509810865,0.5797808989882469,33.64888811483979,
3036,34.16110901162028,0.5881201941519976,33.44868286512792,
3037,34.18137808330357,0.5942219868302345,33.46999897621572,
3038,34.42820813506842,0.5851439200341702,33.71696500107646,
3039,34.0987469535321,0.5945279262959957,33.37452095001936,
3040,34.154889872297645,0.5877388175576925,33.442439045757055,
3041,34.3507279176265,0.6010611541569233,33.627031836658716,
3042,34.11441296339035,0.5859918892383575,33.4051710087806,
3043,34.17154704220593,0.5814479663968086,33.465582178905606,
3044,34.38998106867075,0.5930089391767979,33.670302014797926,
3045,33.484545070677996,0.5916629452258348,32.75109804235399,
3046,34.0574758592993,0.5847220309078693,33.34371093660593,
3047,33.82612206041813,0.612650066614151,33.08962099254131,
3048,34.23512610606849,0.5940159317106009,33.51906803436577,
3049,33.85529317893088,0.5990630015730858,33.13273889943957,
3050,34.19587411917746,0.5790148861706257,33.491853158921,
3051,33.76084379851818,0.6121741607785225,33.017453039065,
3052,34.10956799052656,0.604292144998908,33.376390812918544,
3053,34.05194589868188,0.6345959845930338,33.29246793873608,
3054,33.99602300487459,0.6000380963087082,33.27021887525916,
3055,33.73854304663837,0.6369380280375481,32.976937014609575,
3056,34.05219200067222,0.6111881230026484,33.309741877019405,
3057,33.78121298737824,0.6512261461466551,33.003919990733266,
3058,33.78909779712558,0.6333938799798489,33.02665799856186,
3059,33.74698385596275,0.6239449139684439,32.99819305539131,
3060,33.503269078209996,0.5906149744987488,32.790259923785925,
3061,33.630837919190526,0.5858899094164371,32.909281086176634,
3062,33.71073608286679,0.5916079971939325,32.99606288783252,
3063,33.16184692084789,0.5913199856877327,32.447524135932326,
3064,32.76560502126813,0.5830628797411919,32.05970115959644,
3065,33.3778050262481,0.5917190574109554,32.667503925040364,
3066,32.57653885520995,0.6105559878051281,31.84091509319842,
3067,32.15480409562588,0.605439068749547,31.42392379231751,
3068,32.01835509389639,0.5975719541311264,31.29593492485583,
3069,31.67796996422112,0.6104439962655306,30.944144818931818,
3070,31.353598926216364,0.6028541829437017,30.627575935795903,
3071,31.619796063750982,0.598890008404851,30.89786903001368,
3072,31.361018074676394,0.5858100485056639,30.65174398943782,
3073,31.599018024280667,0.5936820525676012,30.875733122229576,
3074,31.623373040929437,0.7392589468508959,30.759932938963175,
3075,32.689888030290604,0.5947251338511705,31.971419928595424,
3076,33.28015003353357,0.592636177316308,32.56284794770181,
3077,34.56850699149072,0.5904240533709526,33.8418239261955,
3078,34.684753976762295,0.597839942201972,33.96289609372616,
3079,34.03081698343158,0.5834701005369425,33.32377388142049,
3080,34.4147679861635,0.5868428852409124,33.69977604597807,
3081,34.578270046040416,0.643281964585185,33.809500047937036,
3082,34.01835518889129,0.5904932040721178,33.27604290097952,
3083,34.050787100568414,0.7720270659774542,33.14080694690347,
3084,34.6281579695642,0.585916917771101,33.917926950380206,
3085,34.074687864631414,0.594905111938715,33.33493391983211,
3086,34.231554018333554,0.7894868031144142,33.30679703503847,
3087,34.2699799221009,0.5791038274765015,33.56740204617381,
3088,34.31481006555259,0.5923169665038586,33.5636290255934,
3089,34.13139097392559,0.8117451798170805,33.170972019433975,
3090,34.30015896447003,0.5975319072604179,33.57888991013169,
3091,34.18175200931728,0.5875430069863796,33.433638978749514,
3092,34.26500898785889,0.8226991631090641,33.30307104624808,
3093,34.585378831252456,0.5906790029257536,33.861781004816294,
3094,34.38231581822038,0.5820710211992264,33.63203490152955,
3095,34.146802965551615,0.7766128983348608,33.23519811965525,
3096,34.433308988809586,0.5898158997297287,33.720931969583035,
3097,34.316401928663254,0.5865360144525766,33.56050979346037,
3098,34.20120012015104,0.7356482092291117,33.329752972349524,
3099,34.43812602199614,0.5937081295996904,33.71621202677488,
3100,34.321114886552095,0.5991649813950062,33.59708795323968,
3101,34.33526516892016,0.73078996501863,33.4796120878309,
3102,34.30970711633563,0.5857478827238083,33.60046609304845,
3103,34.32785416953266,0.5790810100734234,33.62528793513775,
3104,34.32034305296838,0.7391560357064009,33.45449594780803,
3105,34.386265091598034,0.5888149607926607,33.67337514646351,
3106,34.235351951792836,0.5853550974279642,33.52631884627044,
3107,34.30643514730036,0.7213118951767683,33.46198215149343,
3108,34.45334802381694,0.5969959311187267,33.73193205334246,
3109,34.45791290141642,0.5872659385204315,33.73694512993097,
3110,35.38532508537173,0.7193870842456818,34.54064088873565,
3111,33.76516397111118,0.5833350587636232,33.0556461121887,
3112,34.88037898205221,0.5852698814123869,34.16994819417596,
3113,34.4807559158653,0.7199069950729609,33.63718092441559,
3114,33.96818018518388,0.5823480896651745,33.262383891269565,
3115,33.997190883383155,0.588179100304842,33.283818047493696,
3116,34.09656812436879,0.7256749086081982,33.246152102947235,
3117,35.85987095721066,0.5975309759378433,35.13826010748744,
3118,33.430539071559906,0.5872240290045738,32.71958092227578,
3119,33.81468588486314,0.7241289131343365,32.969566993415356,
3120,34.65002216398716,0.5909709725528955,33.93424302339554,
3121,34.47481989860535,0.5864410195499659,33.76206895336509,
3122,34.0311829932034,0.7318209391087294,33.17473083734512,
3123,34.661960788071156,0.6017000414431095,33.934976905584335,
3124,34.470919985324144,0.5984099116176367,33.74793007969856,
3125,33.91823195852339,0.7247868925333023,33.057511085644364,
3126,34.33590708300471,0.5999139975756407,33.61045802012086,
3127,34.62148294784129,0.5951100029051304,33.898662077263,
3128,34.22956191934645,0.7429628167301416,33.36779004894197,
3129,34.37781683169305,0.5927190650254488,33.66101696155965,
3130,34.27668008953333,0.5936399102210999,33.55813096277416,
3131,34.42839300259948,0.7190809119492769,33.585547003895044,
3132,34.30421487428248,0.5876489449292421,33.59127906151116,
3133,34.42057711072266,0.5947898607701063,33.70156907476485,
3134,34.24070798791945,0.5935800727456808,33.52304711006582,
3135,34.47151719592512,0.5910859908908606,33.75671501271427,
3136,34.331772942095995,0.5957840476185083,33.60999608412385,
3137,34.29219895042479,0.5947051104158163,33.572143875062466,
3138,34.292814088985324,0.5938450340181589,33.57385890558362,
3139,34.407177940011024,0.5936590023338795,33.688894007354975,
3140,34.23779387958348,0.5889900494366884,33.519726945087314,
3141,34.35283899307251,0.584922032430768,33.63070194609463,
3142,34.16207688860595,0.5967149045318365,33.44043414108455,
3143,34.425013000145555,0.5881739780306816,33.7117079179734,
3144,34.30348401889205,0.5893970374017954,33.58785295858979,
3145,34.384607104584575,0.5912159103900194,33.66885310970247,
3146,34.16470508091152,0.5931782070547342,33.45126984640956,
3147,34.48181017301977,0.5868650041520596,33.77056587487459,
3148,34.15863192640245,0.5926291923969984,33.44235382974148,
3149,34.41156982444227,0.5872449837625027,33.697453094646335,
3150,34.21208797954023,0.5929979961365461,33.494153060019016,
3151,34.37551483511925,0.5843020044267178,33.66597602143884,
3152,34.23792403191328,0.5951689090579748,33.519475953653455,
3153,34.49372504837811,0.585838919505477,33.783897990360856,
3154,34.09693203866482,0.5992429796606302,33.37278286926448,
3155,34.3799339607358,0.5940960254520178,33.66136713884771,
3156,34.3146079685539,0.5874631460756063,33.602382987737656,
3157,34.13202613592148,0.5824840627610683,33.41372683644295,
3158,33.90449192374945,0.5918028764426708,33.190150978043675,
3159,34.534259932115674,0.5886200815439224,33.82248594425619,
3160,34.01141008362174,0.5902179982513189,33.29743491485715,
3161,34.36186187900603,0.5896319635212421,33.64995191805065,
3162,34.08600413240492,0.5848600994795561,33.37673703208566,
3163,34.376417053863406,0.5924159195274115,33.66060694679618,
3164,34.00945710018277,0.5918340757489204,33.29289983958006,
3165,34.53553305007517,0.5981279537081718,33.812547102570534,
3166,33.985404996201396,0.5872189067304134,33.2736240234226,
3167,34.43800611421466,0.581969041377306,33.73177605681121,
3168,34.06086401082575,0.5924759898334742,33.34276983514428,
3169,34.472929080948234,0.5896131042391062,33.75569311901927,
3170,34.04746693558991,0.5947239696979523,33.32517808303237,
3171,34.45049608126283,0.6053678225725889,33.712084172293544,
3172,34.218015149235725,0.6553081329911947,33.44064089469612,
3173,34.14414403960109,0.6089729722589254,33.3979360293597,
3174,33.747858135029674,0.5964341107755899,33.02652295678854,
3175,34.200471825897694,0.5888009909540415,33.48188498057425,
3176,33.99570984765887,0.5839129444211721,33.28767302446067,
3177,34.303159918636084,0.5886049475520849,33.59042410738766,
3178,33.97186007350683,0.6003649905323982,33.247060840949416,
3179,34.353356109932065,0.5983440205454826,33.629775047302246,
3180,34.053012961521745,0.5947879981249571,33.33475789986551,
3181,34.248851938173175,0.5858528893440962,33.539199037477374,
3182,33.94488198682666,0.5784370005130768,33.236071933060884,
3183,34.34317698702216,0.5854049231857061,33.632026985287666,
3184,34.158732974901795,0.7829789537936449,33.250592183321714,
3185,34.244386944919825,0.6046190392225981,33.51465309970081,
3186,34.09284888766706,0.5901840049773455,33.37739990092814,
3187,34.25384685397148,0.5826689302921295,33.54363003745675,
3188,33.951954217627645,0.5830430891364813,33.24595792219043,
3189,34.57805095240474,0.5808239802718163,33.86040008626878,
3190,34.40896584652364,0.6567519158124924,33.628460951149464,
3191,35.44062306173146,0.5864810664206743,34.73095898516476,
3192,34.7907361574471,0.5937390960752964,34.07145803794265,
3193,33.359827008098364,0.5894249770790339,32.64750097878277,
3194,35.00511101447046,0.5875700153410435,34.29139615036547,
3195,33.94551505334675,0.589997973293066,33.23215711861849,
3196,33.84032100439072,0.602958956733346,33.11279998160899,
3197,34.18554691597819,0.5878040101379156,33.47189910709858,
3198,35.48963810317218,0.5958310794085264,34.76728592067957,
3199,33.682349836453795,0.586298992857337,32.96642890200019,
3200,34.50598707422614,0.6068800576031208,33.774221083149314,
3201,33.94211106933653,0.5954129155725241,33.22135703638196,
3202,34.02327001094818,0.5928180180490017,33.30621309578419,
3203,34.50016910210252,0.588378868997097,33.783386228606105,
3204,34.016803838312626,0.5944930016994476,33.29774085432291,
3205,34.610813949257135,0.5859201774001122,33.8902180083096,
3206,34.29745510220528,0.5957738030701876,33.57777511700988,
3207,34.52744707465172,0.5908200982958078,33.81198411807418,
3208,33.94909994676709,0.6132610142230988,33.21250015869737,
3209,34.496021922677755,0.6010008510202169,33.77133212052286,
3210,34.1878398321569,0.5888729356229305,33.47524511627853,
3211,34.30489497259259,0.5901488475501537,33.59292121604085,
3212,34.12005095742643,0.600786879658699,33.39413111098111,
3213,34.572155913338065,0.5920331459492445,33.857293892651796,
3214,33.9931221678853,0.5879830569028854,33.28101593069732,
3215,34.44243501871824,0.5817778874188662,33.73688203282654,
3216,34.28258397616446,0.5909050814807415,33.567487029358745,
3217,34.317672019824386,0.5906480364501476,33.6023741401732,
3218,34.07593700103462,0.5946538876742125,33.35825097747147,
3219,34.626890905201435,0.5865211132913828,33.91721099615097,
3220,33.953062957152724,0.6254201289266348,33.204345032572746,
3221,34.74499797448516,0.5940019618719816,34.01468996889889,
3222,34.198211040347815,0.6017738487571478,33.439024118706584,
3223,34.532435005530715,0.780368922278285,33.61712209880352,
3224,33.95968512631953,0.6045589689165354,33.22903602384031,
3225,34.85788102261722,0.6144479848444462,34.090764820575714,
3226,33.881246112287045,0.8509340696036816,32.88678009994328,
3227,34.68727716244757,0.5926759913563728,33.96967216394842,
3228,34.14128301665187,0.599981052801013,33.38752896524966,
3229,34.57340388558805,0.8350459393113852,33.60076597891748,
3230,33.918495988473296,0.6191669963300228,33.174413023516536,
3231,34.860151121392846,0.6151178386062384,34.08962511457503,
3232,33.901646034792066,0.7838411256670952,32.97161194495857,
3233,34.574056044220924,0.5838319193571806,33.86639407835901,
3234,34.18007702566683,0.5972411017864943,33.437192905694246,
3235,34.60856596939266,0.773735111579299,33.692886820062995,
3236,33.88182399794459,0.610589049756527,33.146688947454095,
3237,34.79585307650268,0.5884661804884672,34.07166781835258,
3238,34.22450181096792,0.7191391196101904,33.379842992872,
3239,34.29273911751807,0.5953940562903881,33.57529593631625,
3240,34.530445002019405,0.5909628234803677,33.81440415978432,
3241,34.34408502653241,0.720710027962923,33.50018314085901,
3242,34.1666080057621,0.5958830006420612,33.44741999171674,
3243,34.508631099015474,0.5873790942132473,33.7922228500247,
3244,34.27173406817019,0.7306421175599098,33.41764095239341,
3245,34.27729709073901,0.592067139223218,33.56471797451377,
3246,34.536157036200166,0.5858819931745529,33.82234019227326,
3247,34.3156170565635,0.7251410279422998,33.416907070204616,
3248,34.26274890080094,0.6134042050689459,33.51050685159862,
3249,34.538698149845004,0.589512987062335,33.82528084330261,
3250,34.27133709192276,0.723706092685461,33.41798600740731,
3251,34.338674042373896,0.5936599336564541,33.61723409034312,
3252,34.552097087726,0.618502963334322,33.8066890835762,
3253,34.21156294643879,0.7551810704171658,33.316911896690726,
3254,34.232862992212176,0.638321042060852,33.46803900785744,
3255,34.48316315189004,0.6136470474302769,33.74205785803497,
3256,34.481971990317106,0.7857279852032661,33.573379972949624,
3257,34.37624801881611,0.6548629608005285,33.59487606212497,
3258,34.26497499458492,0.6330627948045731,33.506771083921194,
3259,34.50939594767988,0.7518942002207041,33.634780906140804,
3260,34.22569716349244,0.6015209946781397,33.49979897029698,
3261,34.457599045708776,0.5936110392212868,33.7398920673877,
3262,34.14827096275985,0.7181859109550714,33.30585709773004,
3263,34.413113025948405,0.5942850839346647,33.69575599208474,
3264,34.38854496926069,0.5902240518480539,33.67273090407252,
3265,34.29211303591728,0.7139830850064754,33.45377300865948,
3266,34.32833403348923,0.6103089544922113,33.59340596944094,
3267,34.50884507037699,0.5990010686218739,33.7854519020766,
3268,34.08793406561017,0.7192958146333694,33.244957216084,
3269,34.16061098687351,0.5907271988689899,33.43526180833578,
3270,34.139672992751,0.5880040116608143,33.42849505133927,
3271,34.34018115513027,0.7240511476993561,33.49098190665245,
3272,34.11759412847459,0.5876829382032156,33.40418986044824,
3273,34.492438891902566,0.5882601253688335,33.781115896999836,
3274,33.96026301197708,0.5983770824968815,33.238040981814265,
3275,34.449016908183694,0.6011070217937231,33.72151707299054,
3276,34.126810962334275,0.6008010823279619,33.399400068446994,
3277,34.453782020136714,0.5998271517455578,33.72864588163793,
3278,34.008270129561424,0.5915090441703796,33.29417179338634,
3279,34.51878298074007,0.5917639937251806,33.80390093661845,
3280,33.98371092043817,0.5889509338885546,33.27003913000226,
3281,34.387082094326615,0.5851418245583773,33.67611998692155,
3282,34.14061898365617,0.6005160976201296,33.41701882891357,
3283,34.41708884201944,0.6001009605824947,33.69227098301053,
3284,34.11007300019264,0.5860349629074335,33.40101707726717,
3285,34.24570895731449,0.5949190817773342,33.51499908603728,
3286,34.04050786048174,0.5960091948509216,33.31752889789641,
3287,34.4124399125576,0.6053650286048651,33.682017819955945,
3288,34.10938894376159,0.5921069532632828,33.389911986887455,
3289,34.30431289598346,0.6045189220458269,33.57442305423319,
3290,34.26433517597616,0.6090591195970774,33.53151003830135,
3291,34.3711560126394,0.600981991738081,33.64513395354152,
3292,34.03273201547563,0.5938839167356491,33.31347811035812,
3293,34.34285684488714,0.5914920475333929,33.62789889797568,
3294,34.24351685680449,0.602079089730978,33.516960917040706,
3295,34.25967809744179,0.6021938752382994,33.526570070534945,
3296,34.1064038220793,0.5972811486572027,33.38287794031203,
3297,34.467278979718685,0.5971458740532398,33.74405298382044,
3298,34.08944606781006,0.5967190954834223,33.36739703081548,
3299,34.39718298614025,0.6032108794897795,33.66873017512262,
3300,34.197699977084994,0.6148121319711208,33.45778491348028,
3301,33.93569006584585,0.6034208927303553,33.19617407396436,
3302,33.8417598977685,0.5931549239903688,33.12210296280682,
3303,34.19409994967282,0.5862941034138203,33.48285681568086,
3304,34.072295064106584,0.6435629911720753,33.30473299138248,
3305,34.17171281762421,0.6002869922667742,33.44758506864309,
3306,33.84822211228311,0.5962350405752659,33.1280289683491,
3307,34.05596921220422,0.6038451101630926,33.32868684083223,
3308,33.65119593217969,0.5973130464553833,32.92992594651878,
3309,34.037136007100344,0.6240720394998789,33.28962787054479,
3310,33.73756306245923,0.60029118321836,33.01222180016339,
3311,33.99816807359457,0.596347963437438,33.275432884693146,
3312,33.66739605553448,0.592272961512208,32.9515531193465,
3313,33.688426949083805,0.5919539835304022,32.97090204432607,
3314,33.25218101963401,0.6000860594213009,32.52954385243356,
3315,33.58200308866799,0.5968920886516571,32.86162088625133,
3316,33.15636399202049,0.5904240533709526,32.441999996080995,
3317,33.50004693493247,0.605336856096983,32.75902918539941,
3318,33.29159994609654,0.6001838482916355,32.56779699586332,
3319,32.925901003181934,0.5929148755967617,32.210208009928465,
3320,32.66208991408348,0.5880619864910841,31.94907889701426,
3321,32.541663851588964,0.5928429309278727,31.826056074351072,
3322,32.277436926960945,0.7330479566007853,31.420649029314518,
3323,31.935767037793994,0.5952820647507906,31.216003000736237,
3324,31.77859797142446,0.5940410774201155,31.020622001960874,
3325,32.640825025737286,0.7641569245606661,31.739901984110475,
3326,31.710515962913632,0.5920939147472382,30.993823893368244,
3327,31.931137898936868,0.5959370173513889,31.211827881634235,
3328,33.08608499355614,0.5961691495031118,32.36574190668762,
3329,32.20096603035927,0.6012499798089266,31.472480855882168,
3330,31.953137833625078,0.5900859832763672,31.23922599479556,
3331,32.928312895819545,0.5896000657230616,32.21381199546158,
3332,33.449491020292044,0.6039638537913561,32.71893807686865,
3333,34.298178972676396,0.6085459608584642,33.55662105605006,
3334,34.486591815948486,0.60281902551651,33.75787893310189,
3335,34.65821500867605,0.5933400243520737,33.942411886528134,
3336,33.611825900152326,0.5979251582175493,32.888881862163544,
3337,35.0132470484823,0.5969428457319736,34.292526077479124,
3338,33.84028282016516,0.5993340164422989,33.11431291513145,
3339,34.452144987881184,0.5920149851590395,33.73533021658659,
3340,34.18119112029672,0.6042548920959234,33.45229406841099,
3341,34.540193155407906,0.5961600691080093,33.819837030023336,
3342,33.86498405598104,0.5979938432574272,33.144008135423064,
3343,34.72468303516507,0.5967069882899523,34.0040628798306,
3344,33.96150702610612,0.5937330424785614,33.238654024899006,
3345,34.553937846794724,0.5882980767637491,33.84098899550736,
3346,34.060493810102344,0.5915348883718252,33.34271511994302,
3347,34.590841038152575,0.5996858235448599,33.86718314141035,
3348,33.915734849870205,0.5893378984183073,33.203260973095894,
3349,34.854312893003225,0.591290881857276,34.12374318577349,
3350,34.0560341719538,0.594299053773284,33.33856677636504,
3351,34.50686391443014,0.5902450066059828,33.793180948123336,
3352,34.21763307414949,0.5939370021224022,33.50105183199048,
3353,34.4558940269053,0.5934550426900387,33.739055041223764,
3354,34.04380101710558,0.5938850808888674,33.325825817883015,
3355,34.73074920475483,0.5912419874221087,34.01273605413735,
3356,34.09285400994122,0.5976648535579443,33.37006410583854,
3357,34.446462988853455,0.5976790562272072,33.72505493462086,
3358,34.31233996525407,0.5972760263830423,33.59112492762506,
3359,34.51952408067882,0.5890559405088425,33.80760317668319,
3360,34.02846399694681,0.5933609791100025,33.30902801826596,
3361,34.638681914657354,0.6026241462677717,33.912479877471924,
3362,34.241629065945745,0.5928019527345896,33.52511418052018,
3363,34.507447853684425,0.6121520418673754,33.767836866900325,
3364,34.15761003270745,0.5879669915884733,33.44829985871911,
3365,34.611289855092764,0.5867830477654934,33.8908308185637,
3366,34.32393912225962,0.5979889538139105,33.59398106113076,
3367,34.54156615771353,0.7431968115270138,33.649396151304245,
3368,34.146104007959366,0.6009070202708244,33.42142608016729,
3369,34.72108184359968,0.5961540155112743,33.95378612913191,
3370,34.13166292011738,0.8092720527201891,33.19168696179986,
3371,34.44240801036358,0.5949810147285461,33.72459998354316,
3372,34.28497794084251,0.5920920521020889,33.52480893954635,
3373,34.537882078439,0.8312538266181946,33.56805117800832,
3374,34.08827097155154,0.5983160808682442,33.36633206345141,
3375,34.59558985196054,0.5920841358602047,33.83997385390103,
3376,34.30187585763633,0.7372661493718624,33.42731390148401,
3377,34.439791925251484,0.5897691007703543,33.72668195515871,
3378,34.15210195817053,0.5959740374237299,33.42992509715259,
3379,34.65028619393706,0.7356519345194101,33.791817957535386,
3380,34.251098055392504,0.5921251140534878,33.53538294322789,
3381,34.07355514355004,0.596602912992239,33.34200498647988,
3382,34.216021187603474,0.7416410371661186,33.351457910612226,
3383,34.52546102926135,0.5902608390897512,33.81108702160418,
3384,34.12765986286104,0.5952799692749977,33.40677008964121,
3385,34.55729503184557,0.7284339517354965,33.70194090530276,
3386,34.11530517041683,0.5915679503232241,33.40029204264283,
3387,34.4677388202399,0.5966660100966692,33.74490514397621,
3388,34.14459992200136,0.732281943783164,33.28716894611716,
3389,34.57363578490913,0.5989870987832546,33.85015786625445,
3390,34.09069892950356,0.6000869907438755,33.36426988244057,
3391,34.60825886577368,0.7346139755100012,33.7469270452857,
3392,34.01532978750765,0.5956238601356745,33.296842128038406,
3393,34.5999610144645,0.5944638978689909,33.88123610056937,
3394,34.205268835648894,0.7364461198449135,33.34587602876127,
3395,34.38057517632842,0.5946808960288763,33.65851007401943,
3396,34.19236792251468,0.5891281180083752,33.47833384759724,
3397,34.49068288318813,0.7328181527554989,33.62881997600198,
3398,33.87907100841403,0.58961589820683,33.16700807772577,
3399,34.54809193499386,0.594408018514514,33.829172840341926,
3400,34.21354712918401,0.7321170996874571,33.35644397884607,
3401,34.488486824557185,0.5973668303340673,33.76906015910208,
3402,33.86629791930318,0.5929828621447086,33.14626798965037,
3403,34.727966878563166,0.7289820350706577,33.876107074320316,
3404,33.991693053394556,0.600180821493268,33.267026068642735,
3405,34.5027029979974,0.5998620763421059,33.77822693437338,
3406,34.1205820441246,0.7262600120157003,33.270630054175854,
3407,34.48451706208289,0.59349718503654,33.76845782622695,
3408,34.03043211437762,0.5973668303340673,33.30498607829213,
3409,34.648059168830514,0.7253540679812431,33.79938215948641,
3410,33.99684885516763,0.5936960224062204,33.27798983082175,
3411,34.485231852158904,0.5947030149400234,33.76824012957513,
3412,34.12712807767093,0.7186648435890675,33.28283107839525,
3413,34.32958899065852,0.6001051515340805,33.59430283308029,
3414,33.90243393369019,0.6027719937264919,33.17378391511738,
3415,34.704644000157714,0.7341301534324884,33.84768893010914,
3416,33.85447012260556,0.5980960559099913,33.13151397742331,
3417,34.552620025351644,0.5879548843950033,33.84080505929887,
3418,34.05500599183142,0.726357102394104,33.20425795391202,
3419,34.473900916054845,0.5976110696792603,33.75090705230832,
3420,33.863360062241554,0.5909360479563475,33.142368076369166,
3421,34.727980848401785,0.7245999295264482,33.87871105223894,
3422,33.84598297998309,0.5954091902822256,33.12721382826567,
3423,34.5531371422112,0.5958480760455132,33.83009694516659,
3424,33.99447398260236,0.7224490400403738,33.14717090688646,
3425,34.55778490751982,0.5960462149232626,33.83920597843826,
3426,33.83018495514989,0.6049950607120991,33.10178895480931,
3427,34.757157089188695,0.6021971348673105,34.03108287602663,
3428,33.86241593398154,0.5931188352406025,33.14571199007332,
3429,34.35712889768183,0.5865620914846659,33.63341186195612,
3430,34.129645908251405,0.5999901331961155,33.405043883249164,
3431,34.397752955555916,0.6010860670357943,33.67287805303931,
3432,34.0088049415499,0.5930080078542233,33.290613908320665,
3433,34.54804606735706,0.6036551203578711,33.81947707384825,
3434,33.91626593656838,0.5995281971991062,33.19342783652246,
3435,34.412972861900926,0.5931910127401352,33.68840296752751,
3436,34.14449584670365,0.595135148614645,33.4259569644928,
3437,34.54980393871665,0.59522595256567,33.831520937383175,
3438,33.864113967865705,0.6003030575811863,33.13923394307494,
3439,34.50010600499809,0.6014571990817785,33.77596801146865,
3440,34.02736596763134,0.5982581060379744,33.30550994724035,
3441,34.45807797834277,0.5925490986555815,33.74355682171881,
3442,34.15127610787749,0.6142780184745789,33.411859069019556,
3443,34.24342907965183,0.6037550047039986,33.51436089724302,
3444,34.03959586285055,0.5917618982493877,33.324032090604305,
3445,34.412384033203125,0.6084179040044546,33.668826101347804,
3446,33.89793704263866,0.595803139731288,33.17689197137952,
3447,34.18964403681457,0.6012988742440939,33.46368903294206,
3448,34.487732918933034,0.5978618282824755,33.7633911985904,
3449,33.96573499776423,0.5961479619145393,33.24597212485969,
3450,34.318313002586365,0.586336012929678,33.60532084479928,
3451,34.179568057879806,0.5942957941442728,33.46207016147673,
3452,34.23418593592942,0.6003528833389282,33.50903606042266,
3453,34.075743053108454,0.6063510663807392,33.34598685614765,
3454,34.4605571590364,0.5976730026304722,33.73586595989764,
3455,33.92155095934868,0.6014828104525805,33.196090022102,
3456,34.382174955680966,0.5954941734671593,33.66335481405258,
3457,34.16329901665449,0.6017910782247782,33.439015969634056,
3458,34.20348698273301,0.5929949693381786,33.48654299043119,
3459,34.014941891655326,0.5951658822596073,33.295700093731284,
3460,34.480368020012975,0.5891518667340279,33.76592416316271,
3461,34.24051799811423,0.5936450324952602,33.51091197691858,
3462,34.39660184085369,0.5929151084274054,33.6795540060848,
3463,34.30544910952449,0.5939300172030926,33.58710999600589,
3464,34.28539982996881,0.6136959418654442,33.54736603796482,
3465,34.044139087200165,0.5986769683659077,33.31935917958617,
3466,34.57535104826093,0.6079189479351044,33.838927978649735,
3467,33.99503300897777,0.6087450310587883,33.26106700114906,
3468,34.49340304359794,0.609131995588541,33.76553487032652,
3469,34.199572866782546,0.5981151480227709,33.47648284398019,
3470,34.36567494645715,0.594424782320857,33.6457290686667,
3471,34.065610030665994,0.595154007896781,33.34679105319083,
3472,34.57743790932,0.5995479878038168,33.85309409350157,
3473,34.011475974693894,0.5935109220445156,33.2950612064451,
3474,34.343544160947204,0.5940771661698818,33.626378048211336,
3475,34.253308083862066,0.6014958489686251,33.52830815128982,
3476,34.34390597976744,0.6028020288795233,33.616617089137435,
3477,34.2428139410913,0.6060879677534103,33.48656790331006,
3478,34.63307395577431,0.6065249908715487,33.9005880523473,
3479,34.017142141237855,0.5924568977206945,33.30195299349725,
3480,34.432778833433986,0.5974259693175554,33.70982804335654,
3481,34.21692084521055,0.5964459851384163,33.494319999590516,
3482,34.32479617185891,0.5964990705251694,33.60433387570083,
3483,34.10668997094035,0.6029431242495775,33.379715867340565,
3484,34.68570299446583,0.5885818973183632,33.968772972002625,
3485,34.02683208696544,0.5931919440627098,33.311610110104084,
3486,34.28459004499018,0.592618016526103,33.56812288984656,
3487,34.358506090939045,0.5917220842093229,33.643071074038744,
3488,34.39808404073119,0.62042404897511,33.64654001779854,
3489,33.9419930242002,0.5955628585070372,33.2267340272665,
3490,34.6484889741987,0.5941761191934347,33.92965602688491,
3491,34.023976884782314,0.6058309227228165,33.29272102564573,
3492,34.49549013748765,0.6052851676940918,33.76549086533487,
3493,34.65738403610885,0.601625069975853,33.91958796419203,
3494,34.45427608676255,0.6070139352232218,33.72182394377887,
3495,34.08286301419139,0.5926978774368763,33.36559608578682,
3496,34.685611026361585,0.6047459319233894,33.95542409271002,
3497,34.170139813795686,0.5952478386461735,33.451811177656054,
3498,34.29227415472269,0.5871949251741171,33.58058608137071,
3499,34.50258797965944,0.5936869420111179,33.78693712875247,
3500,34.446800127625465,0.5952480714768171,33.72738603502512,
3501,34.01323105208576,0.5929169710725546,33.296318957582116,
3502,34.70077691599727,0.6007449701428413,33.97530899383128,
3503,34.2539909761399,0.5896119400858879,33.54058205150068,
3504,34.2984430026263,0.5956380628049374,33.57792901806533,
3505,34.42189609631896,0.6038229912519455,33.69353385642171,
3506,34.51788006350398,0.5937439855188131,33.79883384332061,
3507,34.230364952236414,0.5983698647469282,33.50488701835275,
3508,34.55133689567447,0.5891190376132727,33.83786790072918,
3509,34.0528569649905,0.6043179892003536,33.313156105577946,
3510,34.4090040307492,0.658188946545124,33.625989919528365,
3511,34.41813006065786,0.5986879114061594,33.69527915492654,
3512,34.571164986118674,0.6070879753679037,33.80488697439432,
3513,33.77290000207722,0.7874700240790844,32.85094304010272,
3514,34.86582404002547,0.5992851220071316,34.140801057219505,
3515,34.150063060224056,0.6096730940043926,33.36472692899406,
3516,34.35819805599749,0.855030957609415,33.370348159223795,
3517,34.31949485093355,0.5903108976781368,33.601796021685004,
3518,34.60491797886789,0.6189430132508278,33.83463295176625,
3519,33.93712779507041,0.8045011200010777,32.998453825712204,
3520,34.82058201916516,0.5945800803601742,34.10058002918959,
3521,34.113282803446054,0.5981670692563057,33.34404085762799,
3522,34.437966998666525,0.7373278494924307,33.56936713680625,
3523,34.27887195721269,0.6016260012984276,33.55377400293946,
3524,34.588902024552226,0.6033140234649181,33.85907597839832,
3525,33.58451300300658,0.7344579789787531,32.71153010427952,
3526,34.82395503669977,0.6024411413818598,34.09590991213918,
3527,34.11016403697431,0.6080248858779669,33.383392030373216,
3528,34.620089223608375,0.7203370332717896,33.77527114935219,
3529,33.93651987425983,0.6053210236132145,33.205796033144,
3530,34.65329413302243,0.6014839746057987,33.92551117576659,
3531,34.012624993920326,0.7389399688690901,33.14924403093755,
3532,34.75439897738397,0.5931928753852844,34.03788898140192,
3533,33.81282906048,0.5913600325584412,33.09688810259104,
3534,34.638283075764775,0.7271140348166227,33.78740488551557,
3535,34.170365892350674,0.6105471402406693,33.43638498336077,
3536,34.50196492485702,0.6015559192746878,33.77362317405641,
3537,33.99324510246515,0.7318269927054644,33.13823393546045,
3538,34.837731160223484,0.5921348929405212,34.121847013011575,
3539,33.898640889674425,0.6004117894917727,33.176077995449305,
3540,34.59344804286957,0.7362999022006989,33.72910711914301,
3541,34.13863084279001,0.5978359840810299,33.405119087547064,
3542,34.355033189058304,0.6029768846929073,33.62205810844898,
3543,34.089373890310526,0.7309981156140566,33.23411988094449,
3544,34.684780053794384,0.6064369808882475,33.953145146369934,
3545,34.09028798341751,0.5968010518699884,33.36751600727439,
3546,34.45369494147599,0.726630911231041,33.599774120375514,
3547,34.245376009494066,0.6013030651956797,33.52002892643213,
3548,34.40622100606561,0.6063410546630621,33.670692006126046,
3549,34.04287016019225,0.729117076843977,33.188694855198264,
3550,34.60345300845802,0.5971230566501617,33.88311993330717,
3551,34.07844598405063,0.5983170121908188,33.3552670199424,
3552,34.387486055493355,0.7294029928743839,33.5348448716104,
3553,34.26436893641949,0.5965940654277802,33.54482306167483,
3554,34.37263099476695,0.6040979642421007,33.64360402338207,
3555,34.12886010482907,0.732853077352047,33.270373940467834,
3556,34.720180090516806,0.5958420224487782,34.000343875959516,
3557,33.2417581230402,0.6116509903222322,32.492928905412555,
3558,34.10692606121302,0.7292530499398708,33.25250907801092,
3559,33.88661099597812,0.5973479710519314,33.1625179387629,
3560,34.017289057374,0.5961279384791851,33.2958260551095,
3561,33.87383301742375,0.7301978766918182,33.02484308369458,
3562,34.18105491437018,0.604267930611968,33.45121699385345,
3563,33.75384118407965,0.5948611069470644,33.0348068382591,
3564,33.85088313370943,0.7342521566897631,32.99235599115491,
3565,33.73841685242951,0.5991149228066206,33.01534615457058,
3566,33.730676863342524,0.6013729143887758,33.002007054165006,
3567,33.51998794823885,0.735234934836626,32.66135207377374,
3568,33.74264622107148,0.6022241432219744,33.016589004546404,
3569,33.44472101889551,0.6043340545147657,32.71517506800592,
3570,33.466967986896634,0.7348579820245504,32.60863316245377,
3571,33.21789694018662,0.6034651305526495,32.49091701582074,
3572,33.31924695521593,0.598349841311574,32.581398030743,
3573,33.01877877674997,0.8136278484016657,32.06230397336185,
3574,33.046999014914036,0.5998369306325912,32.32001303695142,
3575,32.85443317145109,0.5996909458190203,32.131244195625186,
3576,33.6457600351423,0.6007349584251642,32.92141202837229,
3577,32.14106196537614,0.6016960833221674,31.416199868544936,
3578,31.975842779502273,0.603384105488658,31.247216975316405,
3579,32.80546306632459,0.6031100638210773,32.07932808436453,
3580,31.849351013079286,0.6040211301296949,31.121827894821763,
3581,31.871451064944267,0.6022339221090078,31.14565904252231,
3582,31.74498793669045,0.593873905017972,31.02647908963263,
3583,31.85104299336672,0.6006350740790367,31.12785192206502,
3584,32.14450599625707,0.598035054281354,31.425450928509235,
3585,32.065912848338485,0.6058320868760347,31.336331041529775,
3586,32.37921302206814,0.6083720363676548,31.6465909127146,
3587,34.63538596406579,0.6010609213262796,33.91021420247853,
3588,34.26120290532708,0.5950310733169317,33.54313597083092,
3589,34.30026606656611,0.6054858677089214,33.558978931978345,
3590,34.75538291968405,0.6032329984009266,34.026724053546786,
3591,34.11489399150014,0.6121699698269367,33.37817802093923,
3592,34.247003961354494,0.6189269479364157,33.50404812954366,
3593,34.53384805470705,0.6018020212650299,33.807434840127826,
3594,34.219135995954275,0.6051550153642893,33.487125067040324,
3595,34.29916314780712,0.6014809478074312,33.57251291163266,
3596,34.48417619802058,0.6022891029715538,33.76144403591752,
3597,34.36258714646101,0.6216098554432392,33.61678519286215,
3598,34.20791286043823,0.6113199051469564,33.46790513023734,
3599,34.44361896254122,0.5976320244371891,33.722497057169676,
3600,34.22574885189533,0.6037270650267601,33.49692188203335,
3601,34.40103982575238,0.5980448331683874,33.67964504286647,
3602,34.357475116848946,0.5953030195087194,33.63914508372545,
3603,34.352799877524376,0.60094497166574,33.627382945269346,
3604,34.19929486699402,0.6006858311593533,33.48029498010874,
3605,34.53052509576082,0.5940180271863937,33.80193212069571,
3606,34.38667207956314,0.5985810421407223,33.66382117383182,
3607,34.18620815500617,0.5979740526527166,33.46543083898723,
3608,34.5300508197397,0.5981568247079849,33.80580502562225,
3609,34.19262613169849,0.6011249497532845,33.468439942225814,
3610,34.42796505987644,0.6046011112630367,33.70102890767157,
3611,34.33780884370208,0.5942501593381166,33.62015588209033,
3612,34.40439281985164,0.6007740739732981,33.6787321139127,
3613,34.166819881647825,0.5979938432574272,33.44532405026257,
3614,34.54848611727357,0.6059829611331224,33.81804097443819,
3615,34.19818705879152,0.5990760400891304,33.477329183369875,
3616,34.36712012626231,0.5958990659564734,33.648381009697914,
3617,34.458047011867166,0.6057769060134888,33.726763213053346,
3618,34.31711113080382,0.6021650042384863,33.59082294628024,
3619,34.155253088101745,0.5948401521891356,33.43676286749542,
3620,34.63328490033746,0.6001940928399563,33.90666004270315,
3621,34.39610078930855,0.5910380277782679,33.66802097298205,
3622,34.18984706513584,0.6050888914614916,33.458553021773696,
3623,34.5546118915081,0.607077032327652,33.8231457863003,
3624,34.48758996091783,0.6043580360710621,33.755732933059335,
3625,34.09439790993929,0.6094858981668949,33.36009010672569,
3626,34.55109195783734,0.610375078395009,33.8148009032011,
3627,34.42542417906225,0.5997081752866507,33.70195277966559,
3628,34.15850014425814,0.6057899445295334,33.42889994382858,
3629,34.53916101716459,0.6019589491188526,33.81349099799991,
3630,34.38958106562495,0.6053980905562639,33.65759295411408,
3631,34.18559697456658,0.5970289930701256,33.460685051977634,
3632,34.622935112565756,0.5950320046395063,33.90539903193712,
3633,34.341919934377074,0.6041128654032946,33.619828056544065,
3634,34.17802508920431,0.5978788249194622,33.45266915857792,
3635,34.572192933410406,0.5981649737805128,33.85140816681087,
3636,34.4248719047755,0.6036639679223299,33.69826311245561,
3637,33.98825414478779,0.5934231448918581,33.2582478877157,
3638,34.55312084406614,0.5954320076853037,33.82801101543009,
3639,34.44366902112961,0.6054521072655916,33.714213874191046,
3640,34.176780143752694,0.601072097197175,33.453295938670635,
3641,34.54617108218372,0.6015878170728683,33.818015130236745,
3642,34.271419048309326,0.599841820076108,33.548889216035604,
3643,34.364321967586875,0.597815029323101,33.64428412169218,
3644,34.40510109066963,0.6062530446797609,33.68119290098548,
3645,34.34905922040343,0.7207728922367096,33.47832802683115,
3646,34.23329093493521,0.598694896325469,33.509778091683984,
3647,34.57683511078358,0.6049221847206354,33.81425095722079,
3648,34.224157920107245,0.8299991022795439,33.26425002887845,
3649,34.36269401572645,0.6342229899019003,33.601731061935425,
3650,34.48648005723953,0.6115459837019444,33.73403917066753,
3651,34.32374005205929,0.8664079941809177,33.323635114356875,
3652,34.200398018583655,0.6062269676476717,33.47038011997938,
3653,34.38704810105264,0.6091559771448374,33.61447900533676,
3654,34.0163460932672,0.8042559493333101,33.0767969135195,
3655,34.401341108605266,0.5969330668449402,33.68156496435404,
3656,34.329995047301054,0.6047498900443316,33.54677720926702,
3657,34.32449605315924,0.7565838750451803,33.43836613930762,
3658,33.9888259768486,0.6040520966053009,33.25921087525785,
3659,34.8857780918479,0.6043349858373404,33.977736020460725,
3660,33.98973308503628,0.6233570165932178,33.23272289708257,
3661,34.288149094209075,0.5988790653645992,33.566246973350644,
3662,34.24900281243026,0.6021489389240742,33.522598911076784,
3663,34.49193201959133,0.7350679952651262,33.63446309231222,
3664,33.95350812934339,0.5990969948470592,33.232077956199646,
3665,34.69448699615896,0.597239937633276,33.971305936574936,
3666,33.966503106057644,0.725418096408248,33.114860067144036,
3667,34.47076911106706,0.5961370188742876,33.75012706965208,
3668,34.22523196786642,0.6051398813724518,33.49663713015616,
3669,34.207063959911466,0.7270481437444687,33.34859386086464,
3670,34.0387390460819,0.6047189235687256,33.31140894442797,
3671,34.5178609713912,0.5930850747972727,33.79666595719755,
3672,34.08073610626161,0.7353110704571009,33.22198195382953,
3673,34.29601015523076,0.6019710563123226,33.569700084626675,
3674,34.224008210003376,0.5993321537971497,33.50191796198487,
3675,34.370155073702335,0.7294919341802597,33.51805894635618,
3676,34.08501693047583,0.6073238328099251,33.35285605862737,
3677,34.5105470623821,0.6033580284565687,33.78431010060012,
3678,34.07145803794265,0.7246430031955242,33.22418709285557,
3679,34.36858090572059,0.5959009286016226,33.65034516900778,
3680,34.20183411799371,0.6068029906600714,33.47193100489676,
3681,34.381638979539275,0.720771960914135,33.53833104483783,
3682,33.97611598484218,0.5983149167150259,33.25307089835405,
3683,34.603368025273085,0.5968990735709667,33.881906885653734,
3684,34.00054690428078,0.7323289755731821,33.14437693916261,
3685,34.11193285137415,0.6011610385030508,33.37584086693823,
3686,34.136360976845026,0.6022630259394646,33.410914009436965,
3687,34.279640996828675,0.7283231243491173,33.42806198634207,
3688,34.045570995658636,0.5917428061366081,33.32882304675877,
3689,34.480873961001635,0.6105948705226183,33.74770004302263,
3690,33.82665477693081,0.7341599557548761,32.96934999525547,
3691,34.44002801552415,0.6058700382709503,33.710920019075274,
3692,34.218373941257596,0.5964229349046946,33.49679918028414,
3693,34.15895998477936,0.7330360822379589,33.30314299091697,
3694,33.98239309899509,0.603754073381424,33.2539479713887,
3695,34.525960916653275,0.6119329482316971,33.7930959649384,
3696,33.99292309768498,0.7281461730599403,33.14413782209158,
3697,34.47298100218177,0.6039980798959732,33.74540596269071,
3698,34.02209491468966,0.6331079639494419,33.264321042224765,
3699,34.43798213265836,0.7379809394478798,33.57286308892071,
3700,33.9239751920104,0.6006720941513777,33.20132498629391,
3701,34.644061932340264,0.6429790519177914,33.866853918880224,
3702,34.0544527862221,0.7317238487303257,33.200164092704654,
3703,34.000412095338106,0.6024159956723452,33.27352087944746,
3704,34.325739135965705,0.6076099816709757,33.590746112167835,
3705,34.66045204550028,0.7338998839259148,33.801754005253315,
3706,34.017999889329076,0.6071960087865591,33.286608988419175,
3707,34.40812090411782,0.6126321386545897,33.670911798253655,
3708,34.01543898507953,0.731396023184061,33.159886952489614,
3709,34.68306199647486,0.601103063672781,33.95578684285283,
3710,34.02176988311112,0.6187278777360916,33.252632012590766,
3711,34.65253300964832,0.8413249161094427,33.68444205261767,
3712,34.11193308420479,0.6798459216952324,33.30195811577141,
3713,34.41021707840264,0.6493860855698586,33.634006045758724,
3714,34.22914398834109,0.7745157927274704,33.327929209917784,
3715,34.640798810869455,0.638321042060852,33.875694032758474,
3716,33.84597599506378,0.6328211165964603,33.085282891988754,
3717,34.83425290323794,0.7601799443364143,33.93414104357362,
3718,34.489047015085816,0.6454938556998968,33.714436925947666,
3719,34.338138066232204,0.627066008746624,33.58416096307337,
3720,34.29904393851757,0.6347119342535734,33.538263058289886,
3721,34.523125970736146,0.6365380249917507,33.75964518636465,
3722,34.23602203838527,0.6289950106292963,33.480092184618115,
3723,34.39020994119346,0.6515078712254763,33.614179119467735,
3724,34.37396395020187,0.6355380173772573,33.61355001106858,
3725,34.42710405215621,0.6335820071399212,33.66974205709994,
3726,34.28149386309087,0.625015003606677,33.533273031935096,
3727,34.52054504305124,0.6226298864930868,33.76903710886836,
3728,34.305229084566236,0.640359940007329,33.51553622633219,
3729,34.49022490531206,0.7563410326838493,33.60502701252699,
3730,34.38221011310816,0.6960448808968067,33.558000111952424,
3731,34.34183378703892,0.6666609551757574,33.54778001084924,
3732,34.36858602799475,0.6396118551492691,33.602927112951875,
3733,34.64616392739117,0.642233993858099,33.86249509640038,
3734,34.12713995203376,0.6411629728972912,33.359377877786756,
3735,34.57089513540268,0.6320350803434849,33.816037932410836,
3736,34.46873999200761,0.6629419513046741,33.66859583184123,
3737,34.31925596669316,0.6821679417043924,33.51482702419162,
3738,34.330907044932246,0.6610960699617863,33.5408397950232,
3739,34.64135294780135,0.6433899980038404,33.870421117171645,
3740,34.126958111301064,0.6655729375779629,33.3360459189862,
3741,34.51264393515885,0.6573239807039499,33.72954507358372,
3742,34.37640913762152,0.6291011814028025,33.621524926275015,
3743,34.43000093102455,0.6292958278208971,33.674779115244746,
3744,34.2660800088197,0.6300900131464005,33.51111011579633,
3745,34.51529494486749,0.6307109724730253,33.75735809095204,
3746,34.32257496751845,0.6285749841481447,33.56841509230435,
3747,34.45466514676809,0.6186619866639376,33.71030907146633,
3748,34.300917061045766,0.6326849106699228,33.54980587027967,
3749,34.70632899552584,0.6268650759011507,33.93997787497938,
3750,34.471641993150115,0.6296471692621708,33.71854592114687,
3751,34.29642505943775,0.6171748973429203,33.553695073351264,
3752,34.5372068695724,0.6320050451904535,33.77497592009604,
3753,34.49114179238677,0.6351559422910213,33.73084799386561,
3754,34.24946591258049,0.6313568446785212,33.49468414671719,
3755,34.54101993702352,0.6239551585167646,33.7917460128665,
3756,34.43766199052334,0.6325298454612494,33.680194057524204,
3757,34.12945591844618,0.6191970314830542,33.3870779722929,
3758,34.57914502359927,0.6079510785639286,33.842843025922775,
3759,34.48509401641786,0.632263021543622,33.73046708293259,
3760,34.21446913853288,0.6179141346365213,33.470816910266876,
3761,34.543893998488784,0.616719014942646,33.80481502972543,
3762,34.45857297629118,0.6637570913881063,33.668550895527005,
3763,34.23650306649506,0.6071222014725208,33.507468877360225,
3764,34.56677496433258,0.6151469424366951,33.83029391989112,
3765,34.23658199608326,0.6134479772299528,33.48798584192991,
3766,34.082644851878285,0.6160729099065065,33.3434131462127,
3767,34.525704104453325,0.61039999127388,33.786328975111246,
3768,34.455963876098394,0.6022998131811619,33.72990200296044,
3769,34.23437289893627,0.6108300294727087,33.50122016854584,
3770,34.36034987680614,0.6051838863641024,33.63764612004161,
3771,34.514831844717264,0.6021789740771055,33.79029384814203,
3772,34.24449008889496,0.6059901788830757,33.514984883368015,
3773,34.35964789241552,0.602570129558444,33.634754829108715,
3774,34.382984042167664,0.6176659371703863,33.642511116340756,
3775,34.47043080814183,0.6069929804652929,33.73918100260198,
3776,34.350364934653044,0.599999213591218,33.62440085038543,
3777,34.41140311770141,0.6219481583684683,33.66498393006623,
3778,34.3152629211545,0.6118838209658861,33.580632181838155,
3779,34.49272201396525,0.5997170228511095,33.76964200288057,
3780,34.29327113553882,0.6107478402554989,33.55902712792158,
3781,34.214295912534,0.6091708783060312,33.47182692959905,
3782,33.950367011129856,0.5978750996291637,33.22747000493109,
3783,34.6237129997462,0.5996148101985455,33.89816405251622,
3784,34.12384609691799,0.6113869603723288,33.388627925887704,
3785,34.555738093331456,0.6067631766200066,33.82404102012515,
3786,33.969394862651825,0.620054081082344,33.22683903388679,
3787,34.59838405251503,0.6054150871932507,33.867979887872934,
3788,34.089088905602694,0.6505108904093504,33.315685112029314,
3789,34.49652902781963,0.6013240199536085,33.769977977499366,
3790,33.96070213057101,0.6024809554219246,33.23442512191832,
3791,34.66391679830849,0.7409779354929924,33.79339701496065,
3792,33.94743101671338,0.6010220386087894,33.223321894183755,
3793,34.68006709590554,0.6048260256648064,33.91937795095146,
3794,34.01355096139014,0.7932910230010748,33.081508008763194,
3795,34.45295989513397,0.6070418749004602,33.72395411133766,
3796,34.11804814822972,0.6164258811622858,33.33668410778046,
3797,34.48131098411977,0.8524809964001179,33.49115187302232,
3798,33.924541203305125,0.6037650164216757,33.1931218970567,
3799,34.49936700053513,0.6034651305526495,33.74514984898269,
3800,34.17386789806187,0.8302698843181133,33.19903905503452,
3801,34.40000815317035,0.6109660025686026,33.660425804555416,
3802,34.088101936504245,0.5996560212224722,33.327460987493396,
3803,34.607775043696165,0.8464658167213202,33.625996205955744,
3804,33.921319991350174,0.613069161772728,33.18512090481818,
3805,34.53639009967446,0.6121420301496983,33.75632385723293,
3806,34.06454203650355,0.8229289669543505,33.111433032900095,
3807,34.437658032402396,0.6098831072449684,33.70563196949661,
3808,34.100902965292335,0.610667048022151,33.33793510682881,
3809,34.48864119127393,0.8307769894599915,33.5134519264102,
3810,34.03715696185827,0.6114449352025986,33.30028313212097,
3811,34.507218981161714,0.6109559908509254,33.76439493149519,
3812,34.05185602605343,0.7398240268230438,33.18506199866533,
3813,33.774328883737326,0.6005880422890186,33.03851210512221,
3814,33.84448401629925,0.6124777719378471,33.066715113818645,
3815,34.198320005089045,0.8409591391682625,33.22837199084461,
3816,33.74665114097297,0.6046008784323931,33.01815711893141,
3817,34.16099608875811,0.61215297318995,33.39433204382658,
3818,33.896306063979864,0.8107719477266073,32.94962807558477,
3819,34.08182901330292,0.6082390900701284,33.35006395354867,
3820,33.792063826695085,0.6110440008342266,33.02644286304712,
3821,34.00188311934471,0.7752538658678532,33.088722033426166,
3822,33.62451703287661,0.6067201029509306,32.89356688037515,
3823,33.91430992633104,0.6025568582117558,33.18650205619633,
3824,33.480777870863676,0.6671748124063015,32.68848708830774,
3825,33.81484001874924,0.6130251567810774,33.076709834858775,
3826,33.42873998917639,0.6203621160238981,32.680104952305555,
3827,33.69249706156552,0.6143148057162762,32.9476750921458,
3828,33.37254608049989,0.6310408934950829,32.61685906909406,
3829,33.8501560036093,0.6366940215229988,33.0760960932821,
3830,33.59726304188371,0.6173099391162395,32.856178004294634,
3831,33.114772057160735,0.6121050100773573,32.378653064370155,
3832,32.87624614313245,0.6118090823292732,32.14024496264756,
3833,33.08439813554287,0.6096360739320517,32.34920185059309,
3834,32.46036497876048,0.6161842029541731,31.722734915092587,
3835,32.062737038359046,0.6043750327080488,31.334644882008433,
3836,31.79072611965239,0.6010758224874735,31.06341604143381,
3837,31.985179986804724,0.6232550367712975,31.238191993907094,
3838,31.703209970146418,0.6108090747147799,30.96454101614654,
3839,32.00834896415472,0.6103140767663717,31.275176908820868,
3840,31.747855013236403,0.6073541007936001,31.016631051898003,
3841,31.986183021217585,0.6087122019380331,31.25361679121852,
3842,31.887114979326725,0.6889868527650833,31.069766962900758,
3843,33.235177863389254,0.5987710319459438,32.51095907762647,
3844,32.945854123681784,0.6637040060013533,32.154828077182174,
3845,34.54746096394956,0.6059799343347549,33.799648052081466,
3846,34.77340703830123,0.799132976680994,33.8489911518991,
3847,34.128314116969705,0.6091201212257147,33.392841927707195,
3848,34.0895049739629,0.6402740254998207,33.32188003696501,
3849,34.804316936060786,0.7328270003199577,33.948032185435295,
3850,34.08086788840592,0.6087711080908775,33.34711492061615,
3851,34.09030521288514,0.6010830402374268,33.366932068020105,
3852,34.63607607409358,0.7354540284723043,33.77700806595385,
3853,34.23634800128639,0.6121299229562283,33.50089699961245,
3854,34.12489499896765,0.6037680432200432,33.394288970157504,
3855,34.48701906017959,0.7304369937628508,33.63353409804404,
3856,34.278021194040775,0.6127520464360714,33.5402749478817,
3857,34.23311002552509,0.6054658442735672,33.50212913937867,
3858,34.41356006078422,0.6063350010663271,33.68217218667269,
3859,34.2124761082232,0.6114090792834759,33.47701090388,
3860,34.298921935260296,0.6107988301664591,33.56826398521662,
3861,34.63150607421994,0.6059459410607815,33.89177308417857,
3862,34.29442713968456,0.6060129962861538,33.55529299005866,
3863,34.20555009506643,0.639250036329031,33.43641594983637,
3864,34.58916884846985,0.6866499315947294,33.77861110493541,
3865,34.203303046524525,0.6358949467539787,33.43974309973419,
3866,34.35247601009905,0.6093080155551434,33.62032095901668,
3867,34.35135097242892,0.6104109343141317,33.61599310301244,
3868,34.41185993142426,0.6085671484470367,33.67946203798056,
3869,34.05569586902857,0.6002681329846382,33.33300887607038,
3870,34.56395003013313,0.6018748972564936,33.83765299804509,
3871,34.26075493916869,0.6459830328822136,33.493829891085625,
3872,34.3496308196336,0.6135951261967421,33.61156187020242,
3873,34.34909088537097,0.6138179451227188,33.60907197929919,
3874,34.41713401116431,0.6193411536514759,33.666869858279824,
3875,34.141045063734055,0.6057322025299072,33.410448813810945,
3876,34.56793702207506,0.5953768268227577,33.848338993266225,
3877,34.49425217695534,0.6006709299981594,33.749892143532634,
3878,34.29997083730996,0.6014250684529543,33.57580187730491,
3879,34.5189911313355,0.6700060330331326,33.722830936312675,
3880,34.35724717564881,0.5946368910372257,33.63857395015657,
3881,34.19366991147399,0.609010923653841,33.46003801561892,
3882,34.618197940289974,0.61027891933918,33.885417971760035,
3883,34.25972396507859,0.6068781949579716,33.52551185525954,
3884,34.3725960701704,0.6043838802725077,33.64420519210398,
3885,34.42083392292261,0.6013989914208651,33.69675693102181,
3886,34.41746300086379,0.607204157859087,33.685310976579785,
3887,34.17119989171624,0.6671571172773838,33.380769891664386,
3888,34.63695710524917,0.5982110742479563,33.9029710739851,
3889,34.297310980036855,0.6408370099961758,33.53033913299441,
3890,34.251597011461854,0.6127299275249243,33.51538791321218,
3891,34.48507492430508,0.6102409679442644,33.750338945537806,
3892,34.500620095059276,0.6175430025905371,33.75877998769283,
3893,33.91430410556495,0.6232201121747494,33.15562102943659,
3894,34.40104401670396,0.6034369580447674,33.67545991204679,
3895,34.364589024335146,0.6080260500311852,33.63744402304292,
3896,34.287971910089254,0.6124060600996017,33.550075022503734,
3897,34.413394052535295,0.606464920565486,33.68258196860552,
3898,34.235149854794145,0.614166958257556,33.49153697490692,
3899,34.453504951670766,0.6027359049767256,33.727603033185005,
3900,34.38828303478658,0.6097329314798117,33.6549321655184,
3901,34.221502020955086,0.6095219869166613,33.48861704580486,
3902,34.309265902265906,0.6095620337873697,33.573654014617205,
3903,34.577324986457825,0.6114169955253601,33.83847791701555,
3904,34.15258298628032,0.603412976488471,33.424834022298455,
3905,34.41036096774042,0.6075277924537659,33.675176091492176,
3906,34.33306096121669,0.6171779241412878,33.59261201694608,
3907,34.328956855461,0.6189451087266207,33.5879479534924,
3908,34.33041297830641,0.6025978364050388,33.60339207574725,
3909,34.36598600819707,0.6362670101225376,33.59627793543041,
3910,33.78955600783229,0.6060369778424501,33.054592087864876,
3911,34.53436284326017,0.6106768269091845,33.80072000436485,
3912,34.23312888480723,0.6070940289646387,33.50332798436284,
3913,34.476445987820625,0.6114218849688768,33.739661099389195,
3914,33.875021850690246,0.6037249695509672,33.14475296065211,
3915,34.77847296744585,0.6101648323237896,34.04375119134784,
3916,34.004578832536936,0.6394770462065935,33.23801211081445,
3917,34.5259269233793,0.6232801824808121,33.77726883627474,
3918,33.988686045631766,0.6117650773376226,33.25314098037779,
3919,34.60926003754139,0.6037631537765265,33.88222283683717,
3920,33.978644059970975,0.6091708783060312,33.244694117456675,
3921,34.66185205616057,0.6116868462413549,33.92661199904978,
3922,33.90919812954962,0.6087988149374723,33.173608127981424,
3923,34.58955301903188,0.6114710122346878,33.85269199497998,
3924,34.09656509757042,0.6068488582968712,33.36575301364064,
3925,34.98819982632995,0.5989409983158112,34.2046869918704,
3926,33.43676286749542,0.7709418423473835,32.536503160372376,
3927,34.49447196908295,0.6080379243940115,33.75852992758155,
3928,33.41308003291488,0.6061459425836802,32.682316144928336,
3929,34.63036706671119,0.6120949983596802,33.89345807954669,
3930,34.33233918622136,0.6775639485567808,33.526475075632334,
3931,33.933430910110474,0.6165839731693268,33.168374095112085,
3932,34.36197596602142,0.8067749440670013,33.413485158234835,
3933,34.59823410958052,0.6153651047497988,33.85865385644138,
3934,33.233064925298095,0.6122200284153223,32.47803798876703,
3935,34.587803995236754,0.7705050520598888,33.67967996746302,
3936,34.41973100416362,0.6055328994989395,33.6899000685662,
3937,34.023999935016036,0.6052490789443254,33.261467004194856,
3938,34.2702679336071,0.82225794903934,33.31734100356698,
3939,34.66382599435747,0.606750138103962,33.93456293269992,
3940,33.251648070290685,0.6136228330433369,32.46640204451978,
3941,34.438239177688956,0.7900169584900141,33.50080014206469,
3942,34.05119897797704,0.6600238848477602,33.265473088249564,
3943,33.78858580254018,0.679094111546874,32.962881959974766,
3944,33.98031904362142,0.819050008431077,33.01241993904114,
3945,34.66887888498604,0.6122919730842113,33.9288788381964,
3946,32.93675999157131,0.6069471128284931,32.20425103791058,
3947,34.45387096144259,0.7283061277121305,33.602481009438634,
3948,34.08259595744312,0.6055459380149841,33.35249004885554,
3949,34.265842055901885,0.6110011599957943,33.47975201904774,
3950,33.638746943324804,0.7987050339579582,32.69968391396105,
3951,34.42536201328039,0.603552907705307,33.697332022711635,
3952,33.572795102372766,0.6157250609248877,32.83300204202533,
3953,34.25788111053407,0.7424720097333193,33.391025848686695,
3954,34.09832692705095,0.6117480807006359,33.36264891549945,
3955,34.04597099870443,0.6076330319046974,33.31423713825643,
3956,33.67676702328026,0.7656340021640062,32.783786999061704,
3957,34.523549024015665,0.6729450542479753,33.70748879387975,
3958,33.71276590041816,0.6011598743498325,32.9879280179739,
3959,33.98408996872604,0.701401149854064,33.15994096919894,
3960,34.380608005449176,0.6092539988458157,33.64279307425022,
3961,34.12974905222654,0.6656798068434,33.32137200050056,
3962,34.255698788911104,0.7703399751335382,33.32989593036473,
3963,34.330388996750116,0.6115608848631382,33.59474800527096,
3964,34.28008803166449,0.61006098985672,33.54031499475241,
3965,34.12388195283711,0.790193909779191,33.20290404371917,
3966,34.547385992482305,0.617204001173377,33.80469302646816,
3967,33.55055209249258,0.6124540232121944,32.771404134109616,
3968,34.17686210013926,0.8021460380405188,33.243032870814204,
3969,34.17859016917646,0.6325992289930582,33.42241491191089,
3970,34.24371895380318,0.6159690674394369,33.47722394391894,
3971,34.01514608412981,0.776147935539484,33.1147201359272,
3972,34.362581092864275,0.6065370980650187,33.63036992959678,
3973,34.15660094469786,0.6143180653452873,33.401153050363064,
3974,34.560424042865634,0.831858953461051,33.598897978663445,
3975,34.56651302985847,0.6061398889869452,33.83501712232828,
3976,33.58444105833769,0.6105550564825535,32.81753300689161,
3977,34.22451508231461,0.8102890569716692,33.28608092851937,
3978,34.6944450866431,0.6131441332399845,33.95758988335729,
3979,33.493872033432126,0.608609989285469,32.728724880144,
3980,34.324062056839466,0.8321509230881929,33.354629995301366,
3981,34.501970978453755,0.6070011295378208,33.76982198096812,
3982,33.85823592543602,0.6172328721731901,33.077686093747616,
3983,34.328217850998044,0.8195340633392334,33.36963779293001,
3984,34.609060967341065,0.6094370037317276,33.875638153404,
3985,33.36216788738966,0.6146610248833895,32.574889017269015,
3986,34.32292188517749,0.8099100086838007,33.385477028787136,
3987,34.38638802617788,0.6070118397474289,33.65523903630674,
3988,33.8364839553833,0.6079350132495165,33.08288287371397,
3989,34.166287863627076,0.8266880176961422,33.1980399787426,
3990,34.45217106491327,0.6125799845904112,33.72224606573582,
3991,33.58679707162082,0.6069359369575977,32.83612011000514,
3992,34.31770787574351,0.7954409811645746,33.38068095035851,
3993,34.32750981301069,0.6078560836613178,33.595342887565494,
3994,34.037608886137605,0.6091580726206303,33.267917111516,
3995,34.13303685374558,0.8024871349334717,33.201684942469,
3996,34.48860300704837,0.6125760264694691,33.74728513881564,
3997,33.55254395864904,0.6059249863028526,32.773823011666536,
3998,34.27752107381821,0.8008121512830257,33.339016837999225,
3999,34.14637898094952,0.6134889554232359,33.400167943909764,
4000,34.14624999277294,0.6161290220916271,33.365549985319376,
4001,33.86383014731109,0.8021329995244741,32.931217923760414,
4002,34.323903964832425,0.6051650270819664,33.59197312965989,
4003,33.82617607712746,0.6665668915957212,32.99754415638745,
4004,33.937530824914575,0.8162150625139475,32.9843929503113,
4005,34.12137506529689,0.608398113399744,33.378909807652235,
4006,34.48855201713741,0.6045959889888763,33.70414488017559,
4007,33.95042195916176,0.7977189961820841,33.014323096722364,
4008,34.21051590703428,0.6129308603703976,33.470535185188055,
4009,34.01640197262168,0.6042888853698969,33.24739309027791,
4010,34.09119392745197,0.8243860211223364,33.12389994971454,
4011,34.06673506833613,0.6013188976794481,33.3425800781697,
4012,34.25643499940634,0.6082949694246054,33.49978616461158,
4013,33.80527696572244,0.8044268470257521,32.87395811639726,
4014,34.08716316334903,0.6062558386474848,33.357696142047644,
4015,34.452598076313734,0.6134251598268747,33.69249799288809,
4016,33.99504884146154,0.7922120857983828,33.076663967221975,
4017,33.84869918227196,0.6182871293276548,33.106634858995676,
4018,34.43131712265313,0.6112018600106239,33.67241006344557,
4019,33.898641820997,0.7922230288386345,32.96723705716431,
4020,33.90273195691407,0.6160088814795017,33.16020802594721,
4021,34.24030798487365,0.6229078862816095,33.43004919588566,
4022,33.67104288190603,0.7648288737982512,32.78014808893204,
4023,33.543799072504044,0.6158947944641113,32.79806114733219,
4024,34.600700018927455,0.6498917937278748,33.831835025921464,
4025,34.11851706914604,0.7132680620998144,33.28049392439425,
4026,33.52256189100444,0.6171800196170807,32.78106590732932,
4027,34.544124035164714,0.6157909519970417,33.80643203854561,
4028,34.00537301786244,0.6615619640797377,33.21920707821846,
4029,33.51383493281901,0.6090579554438591,32.77979604899883,
4030,34.74036999978125,0.6237048655748367,33.99396897293627,
4031,33.84414594620466,0.7080119103193283,33.01564417779446,
4032,33.4124849177897,0.6137778982520103,32.67033421434462,
4033,34.49399792589247,0.6278010550886393,33.74258615076542,
4034,34.2080791015178,0.6307670846581459,33.45233201980591,
4035,33.168670954182744,0.6073529366403818,32.43724093772471,
4036,34.92931090295315,0.6375198718160391,34.168065059930086,
4037,33.6252402048558,0.7143029943108559,32.77432615868747,
4038,32.870748080313206,0.6675240583717823,32.07775787450373,
4039,34.041209844872355,0.6106127984821796,33.30529504455626,
4040,34.10333185456693,0.6064812187105417,33.37279590778053,
4041,32.70938014611602,0.6080481689423323,31.979376915842295,
4042,34.58456601947546,0.6084120832383633,33.85143796913326,
4043,36.31350793875754,0.6140961777418852,35.55681789293885,
4044,32.74137992411852,0.6274848710745573,31.987567199394107,
4045,34.518244909122586,0.6163681391626596,33.77891005948186,
4046,34.853564109653234,0.6031680386513472,34.11933989264071,
4047,35.95785889774561,0.6200750358402729,35.20341287367046,
4048,34.046371933072805,0.6236729677766562,33.29590708017349,
4049,34.58985802717507,0.7410729303956032,33.72506611049175,
4050,37.641735980287194,0.6420249119400978,35.91906698420644,
4051,33.38803886435926,1.7858289647847414,31.4029841683805,
4052,32.88697684183717,0.8421880193054676,31.917416024953127,
4053,35.61584907583892,0.61810202896595,34.863858949393034,
4054,32.40197082050145,0.6109629757702351,31.665754038840532,
4055,36.98214702308178,0.7556900382041931,34.822965040802956,
4056,34.37018790282309,1.7347920220345259,32.4822929687798,
4057,32.14477910660207,0.6145678926259279,31.366085167974234,
4058,35.908502992242575,0.8154320530593395,34.95883499272168,
4059,35.63297283835709,0.6151970010250807,34.88308982923627,
4060,32.323972787708044,0.6550620310008526,31.542534939944744,
4061,33.605769043788314,0.7425851654261351,32.74226887151599,
4062,35.427289083600044,0.6141220219433308,34.68839102424681,
4063,32.18153608031571,0.6039969157427549,31.42548818141222,
4064,34.34825805015862,0.834739999845624,33.345956122502685,
4065,34.77726690471172,0.6148479878902435,34.03923404403031,
4066,34.72188417799771,0.6203979719430208,33.96004601381719,
4067,32.67311304807663,0.8316510356962681,31.70847799628973,
4068,32.590511022135615,0.621334183961153,31.842050841078162,
4069,33.19629398174584,0.6165630184113979,32.4433259665966,
4070,33.225995022803545,0.6086928769946098,32.49210608191788,
4071,31.329923076555133,0.6119431927800179,30.594053911045194,
4072,33.38548191823065,0.6093829870223999,32.652795081958175,
4073,32.21553610637784,0.614530872553587,31.476530013605952,
4074,31.676053069531918,0.621928833425045,30.93101899139583,
4075,32.258533872663975,0.6122440099716187,31.523040030151606,
4076,31.71492600813508,0.6172650028020144,30.973538989201188,
4077,31.59166406840086,0.6121161859482527,30.85455996915698,
4078,31.79856389760971,0.6027480121701956,31.068935990333557,
4079,31.333652092143893,0.6417459808290005,30.565642984583974,
4080,34.34448898769915,0.6046008784323931,33.61540101468563,
4081,33.040744019672275,0.613480107858777,32.30117494240403,
4082,31.62585897371173,0.6226280238479376,30.879745027050376,
4083,33.265761099755764,0.621104147285223,32.51917101442814,
4084,33.153394935652614,0.612619100138545,32.418912975117564,
4085,31.705749919638038,0.6173369474709034,30.953464098274708,
4086,32.62759908102453,0.7436280138790607,31.75979806110263,
4087,32.61458408087492,0.6086418870836496,31.88147209584713,
4088,32.055714866146445,0.6180230993777514,31.311935978010297,
4089,34.14465393871069,0.6154119037091732,33.40418101288378,
4090,31.855419045314193,0.61063002794981,31.12057805992663,
4091,34.40920892171562,0.6124069914221764,33.67210295982659,
4092,33.759284066036344,0.6499148439615965,32.98460110090673,
4093,32.21287205815315,0.6116330623626709,31.474831979721785,
4094,33.643447095528245,0.6105180364102125,32.90931205265224,
4095,33.38144300505519,0.6156349554657936,32.63963107019663,
4096,31.82784584350884,0.6075440905988216,31.096206046640873,
4097,33.16368698142469,0.6081999745219946,32.43285999633372,
4098,32.193158054724336,0.6026332266628742,31.4641238655895,
4099,32.18239895068109,0.6197139155119658,31.439311103895307,
4100,32.08315605297685,0.6161108613014221,31.336445128545165,
4101,32.184421084821224,0.6281060632318258,31.421116087585688,
4102,33.69391616433859,0.6170868873596191,32.94520918279886,
4103,32.29908482171595,0.6178938783705235,31.55736392363906,
4104,32.115360954776406,0.6120770704001188,31.37808502651751,
4105,34.208695171400905,0.6137371528893709,33.471354050561786,
4106,32.45314001105726,0.6103608757257462,31.719219172373414,
4107,32.15663391165435,0.6132698617875576,31.41618799418211,
4108,33.161262050271034,0.6916190031915903,32.343748956918716,
4109,33.811119850724936,0.605955021455884,33.07960904203355,
4110,32.094028079882264,0.6177572067826986,31.351903919130564,
4111,32.44516113772988,0.6097541190683842,31.713641015812755,
4112,33.45991694368422,0.6132661364972591,32.723445910960436,
4113,32.385215163230896,0.6139010656625032,31.646901974454522,
4114,32.21511701121926,0.7454929873347282,31.34698304347694,
4115,32.15461899526417,0.6129848770797253,31.41833213157952,
4116,33.98987790569663,0.6182510405778885,33.222427824512124,
4117,33.49572396837175,0.7807440124452114,32.577973091974854,
4118,32.35726687125862,0.6101499311625957,31.624383991584182,
4119,34.58462213166058,0.622232211753726,33.83543179370463,
4120,34.31615815497935,0.6066560745239258,33.58453302644193,
4121,32.549186144024134,0.6132789421826601,31.808966072276235,
4122,34.186971839517355,0.6092358380556107,33.451288007199764,
4123,34.33309611864388,0.6108561065047979,33.54586288332939,
4124,32.47921890579164,0.6454130634665489,31.695131910964847,
4125,33.91517698764801,0.6143150385469198,33.17771293222904,
4126,33.793176990002394,0.6143180653452873,33.05252781137824,
4127,32.75076695717871,0.6164780352264643,32.0089440792799,
4128,33.405463909730315,0.6141250487416983,32.66415209509432,
4129,33.54689804837108,0.6125529762357473,32.81228500418365,
4130,32.56918303668499,0.6200398784130812,31.824737088754773,
4131,33.450965071097016,0.6139311008155346,32.7122719027102,
4132,32.59027702733874,0.6148349493741989,31.851419946178794,
4133,34.497607965022326,0.6086230278015137,33.75540697015822,
4134,32.791021978482604,0.6132728885859251,32.054109033197165,
4135,32.599391881376505,0.6219560746103525,31.85282088816166,
4136,35.0067641120404,0.6124470382928848,34.269585041329265,
4137,32.73037099279463,0.6076239515095949,31.997835030779243,
4138,32.626611180603504,0.6131450645625591,31.887425109744072,
4139,34.35774892568588,0.6175760645419359,33.61613489687443,
4140,32.80168818309903,0.6123450584709644,32.06500085070729,
4141,32.54388482309878,0.6173138972371817,31.80276812054217,
4142,33.63809105940163,0.6108279339969158,32.90306217968464,
4143,32.88761293515563,0.6105960346758366,32.152499072253704,
4144,32.674665097147226,0.6170240230858326,31.932935118675232,
4145,32.82902901992202,0.6175099406391382,32.08474209532142,
4146,34.39484001137316,0.6579719483852386,33.60995603725314,
4147,32.587619964033365,0.6136978045105934,31.84960619546473,
4148,32.654855865985155,0.6140118930488825,31.916320091113448,
4149,33.81340787746012,0.6182410288602114,33.05960004217923,
4150,32.44787687435746,0.6198720075190067,31.703037908300757,
4151,32.53862680867314,0.6126409862190485,31.803013058379292,
4152,32.88011299446225,0.6131369154900312,32.142663141712546,
4153,32.71678485907614,0.6158610340207815,31.976338010281324,
4154,32.509362790733576,0.7490941789001226,31.634713988751173,
4155,32.532656798139215,0.6224571261554956,31.788164051249623,
4156,33.750366885215044,0.621533952653408,33.00427505746484,
4157,32.651312882080674,0.741065014153719,31.787108164280653,
4158,32.65313291922212,0.6148319225758314,31.91310609690845,
4159,34.30125000886619,0.6209858693182468,33.5268450435251,
4160,33.39098300784826,0.7902318611741066,32.456487184390426,
4161,32.768364995718,0.610455172136426,32.0299428422004,
4162,34.02429912239313,0.613420968875289,33.28591398894787,
4163,34.428816055879,0.6052071694284678,33.69952295906842,
4164,32.969296211376786,0.6155639421194792,32.23123913630843,
4165,33.57968898490071,0.6152549758553505,32.82958688214421,
4166,33.87246001511812,0.613256823271513,33.13509817235172,
4167,34.85061600804329,0.6187849212437868,34.10803689621389,
4168,33.630632096901536,0.620709965005517,32.88569604046643,
4169,34.07186199910939,0.6149259861558676,33.33167708478868,
4170,34.70926801674068,0.6200170610100031,33.965467009693384,
4171,33.69714505970478,0.6131469272077084,32.96074504032731,
4172,34.02074612677097,0.6129748653620481,33.283724915236235,
4173,34.97365117073059,0.6313878111541271,34.21621210873127,
4174,34.00747594423592,0.6238899659365416,33.26029307208955,
4175,33.946755807846785,0.624495092779398,33.19343994371593,
4176,34.50626693665981,0.6333941128104925,33.74879481270909,
4177,33.797197975218296,0.6202328950166702,33.053531078621745,
4178,33.5938970092684,0.7221228443086147,32.74659113958478,
4179,35.037547117099166,0.6299950182437897,34.28302984684706,
4180,33.69169286452234,0.6181721109896898,32.94634982012212,
4181,33.47408212721348,0.7715199608355761,32.56575088016689,
4182,34.712997963652015,0.6189150735735893,33.96072005853057,
4183,33.879459137097,0.6447900086641312,33.10668794438243,
4184,33.62236195243895,0.7188559975475073,32.775698928162456,
4185,34.71808903850615,0.6312481127679348,33.95636403001845,
4186,34.08053703606129,0.6126428488641977,33.342712093144655,
4187,33.35474105551839,0.7074419409036636,32.521508168429136,
4188,34.44189205765724,0.6300078239291906,33.68519921787083,
4189,33.52157399058342,0.6140710320323706,32.782845897600055,
4190,33.91429292969406,0.6217220798134804,33.16916082985699,
4191,34.38648208975792,0.6214159075170755,33.639864064753056,
4192,33.58735702931881,0.6302630063146353,32.83349797129631,
4193,34.037058940157294,0.625754939392209,33.285727025941014,
4194,34.17563810944557,0.6201870273798704,33.43055094592273,
4195,33.516656840220094,0.623675063252449,32.76941692456603,
4196,33.84185512550175,0.6111389957368374,33.10800809413195,
4197,33.86715101078153,0.6460139993578196,33.08164607733488,
4198,33.04413100704551,0.6444791797548532,32.27326390333474,
4199,33.78464397974312,0.6230759900063276,33.03699102252722,
4200,33.26519695110619,0.6228620186448097,32.51788602210581,
4201,33.306774916127324,0.6203928496688604,32.5622980017215,
4202,33.043770818039775,0.6158980540931225,32.30220405384898,
4203,32.831234857439995,0.6155360024422407,32.0900131482631,
4204,32.63856587000191,0.6167399697005749,31.898512039333582,
4205,32.588104950264096,0.6294799968600273,31.83508408255875,
4206,31.632829923182726,0.6199290510267019,30.88765707798302,
4207,32.01304213143885,0.614577904343605,31.273264903575182,
4208,31.61455108784139,0.6246890407055616,30.864869942888618,
4209,31.994596822187304,0.6192289292812347,31.247645849362016,
4210,33.505736850202084,0.6363159045577049,32.737546134740114,
4211,31.914198072627187,0.631013885140419,31.152778072282672,
4212,31.670064898207784,0.6236271001398563,30.91822098940611,
4213,33.152501098811626,0.627600122243166,32.38847479224205,
4214,31.899224035441875,0.6194168236106634,31.1534961219877,
4215,32.08110900595784,0.6263039540499449,31.32912702858448,
4216,34.303761087358,0.6210599094629288,33.55573210865259,
4217,33.77441503107548,0.6222359370440245,33.02959515713155,
4218,31.779215903952718,0.7569990120828152,30.89541895315051,
4219,34.18196504935622,0.617610989138484,33.43822294846177,
4220,33.67675491608679,0.6085869390517473,32.942065969109535,
4221,32.276572892442346,0.7496769540011883,31.399413011968136,
4222,33.39645802043378,0.6052218377590179,32.66487712971866,
4223,33.569772029295564,0.6359920371323824,32.808600924909115,
4224,33.160327933728695,0.7080209907144308,32.322602113708854,
4225,32.96510619111359,0.6169879343360662,32.22190588712692,
4226,32.64341899193823,0.6207190454006195,31.899150926619768,
4227,33.73440005816519,0.6155529990792274,32.993128057569265,
4228,31.998832942917943,0.6275458727031946,31.24767611734569,
4229,32.52064320258796,0.6182158831506968,31.76697506569326,
4230,32.696947921067476,0.6117681041359901,31.960417050868273,
4231,32.42215211503208,0.6216149777173996,31.6766370087862,
4232,32.14020887389779,0.6087708752602339,31.405434012413025,
4233,32.411094987764955,0.6243728566914797,31.661236193031073,
4234,32.011706847697496,0.6235111504793167,31.258506001904607,
4235,34.11392099224031,0.6244939286261797,33.361423993483186,
4236,31.981637002900243,0.6221411749720573,31.234557973220944,
4237,32.37943793646991,0.6136929150670767,31.63804509676993,
4238,33.14911900088191,0.642166007310152,32.38156298175454,
4239,32.40355406887829,0.6245921831578016,31.655303901061416,
4240,31.99858497828245,0.6172128487378359,31.258210074156523,
4241,34.90661806426942,0.6164349615573883,34.1654981020838,
4242,32.14869485236704,0.627168919891119,31.396410195156932,
4243,32.412905944511294,0.623075058683753,31.664679059758782,
4244,33.99873501621187,0.6204850506037474,33.25223899446428,
4245,33.42955419793725,0.6163730286061764,32.67804509960115,
4246,32.33015211299062,0.7498909253627062,31.452022027224302,
4247,33.53584697470069,0.6135390140116215,32.79636101797223,
4248,34.10129505209625,0.6162310019135475,33.358854008838534,
4249,32.60582801885903,0.7473691366612911,31.73346584662795,
4250,32.74919302202761,0.628163805231452,31.996779143810272,
4251,33.92371907830238,0.6095829885452986,33.16165413707495,
4252,32.85988513380289,0.8182739838957787,31.898122979328036,
4253,32.50179789029062,0.6214659661054611,31.75611700862646,
4254,33.11872691847384,0.6189360283315182,32.37497992813587,
4255,34.027359914034605,0.619600061327219,33.28382899053395,
4256,32.19780093058944,0.6185369566082954,31.45597386173904,
4257,32.77011797763407,0.618393998593092,32.02637005597353,
4258,33.007395919412374,0.6161278579384089,32.26407617330551,
4259,32.487810123711824,0.6239630747586489,31.736861914396286,
4260,32.3304811026901,0.6182768847793341,31.587030040100217,
4261,32.58548793382943,0.6384449079632759,31.804914120584726,
4262,32.6528821606189,0.6680150981992483,31.860484974458814,
4263,33.947719959542155,0.6322439294308424,33.190597081556916,
4264,32.59897814132273,0.6171469576656818,31.85422788374126,
4265,32.60813909582794,0.6387988105416298,31.843546079471707,
4266,34.4228339381516,0.6446889601647854,33.64941314794123,
4267,32.59624796919525,0.6286839488893747,31.84184106066823,
4268,32.599447993561625,0.6305070128291845,31.842864118516445,
4269,35.19366797991097,0.6292199250310659,34.437736961990595,
4270,32.59928594343364,0.62932213768363,31.844205921515822,
4271,32.63012692332268,0.61598583124578,31.89034597016871,
4272,34.65575794689357,0.6152249407023191,33.91185705550015,
4273,32.76406810618937,0.6188990082591772,32.01925405301154,
4274,32.563635148108006,0.6266259588301182,31.80774603970349,
4275,34.03883380815387,0.6302280817180872,33.27427990734577,
4276,32.751164864748716,0.6204082164913416,32.006949884817004,
4277,32.49582997523248,0.6219809874892235,31.73527610488236,
4278,33.0728879198432,0.6146971136331558,32.333801966160536,
4279,33.97894813679159,0.6259349174797535,33.22474914602935,
4280,32.56512712687254,0.7558148354291916,31.68411203660071,
4281,32.461083959788084,0.622111139819026,31.715826829895377,
4282,34.23727606423199,0.6260632071644068,33.48510782234371,
4283,32.61000895872712,0.7496760226786137,31.736189033836126,
4284,32.41872019134462,0.6178468465805054,31.67874412611127,
4285,33.76070107333362,0.6214999593794346,33.00506086088717,
4286,33.17855088971555,0.8361069485545158,32.21428510732949,
4287,32.48642315156758,0.6130579859018326,31.74896794371307,
4288,33.23443001136184,0.6184950470924377,32.490431098267436,
4289,34.2686721123755,0.6262368988245726,33.516923198476434,
4290,32.46472403407097,0.6369659677147865,31.70305211097002,
4291,32.46424091048539,0.6197639741003513,31.720225000754,
4292,33.45232200808823,0.61579211615026,32.71805797703564,
4293,32.29219396598637,0.615444965660572,31.538505107164383,
4294,32.39687392488122,0.6237039342522621,31.64936602115631,
4295,32.2852588724345,0.6170060951262712,31.54863603413105,
4296,32.21349697560072,0.6615330930799246,31.427709851413965,
4297,34.998346120119095,0.6193120498210192,34.2536608222872,
4298,32.186741940677166,0.6185411475598812,31.444723019376397,
4299,32.26336510851979,0.6239879876375198,31.515380134806037,
4300,34.16900197044015,0.6300259847193956,33.414681907743216,
4301,32.25889313034713,0.6165599916130304,31.518863048404455,
4302,32.15276589617133,0.6086220964789391,31.42068488523364,
4303,33.30921707674861,0.6140039768069983,32.56955090910196,
4304,32.360868994146585,0.6246240809559822,31.607114942744374,
4305,32.25638414733112,0.6195809692144394,31.50566783733666,
4306,32.13164093904197,0.6241099908947945,31.38048783876002,
4307,32.92078408412635,0.6212389562278986,32.17532089911401,
4308,32.290222123265266,0.7537850178778172,31.412714160978794,
4309,32.157250912860036,0.6220489740371704,31.39999113045633,
4310,33.871547784656286,0.6175169255584478,33.12810696661472,
4311,32.25202509202063,0.7516669575124979,31.375434016808867,
4312,32.12648699991405,0.6175630260258913,31.38077794574201,
4313,33.41499296948314,0.6055389530956745,32.68572688102722,
4314,33.95723202265799,0.6270508747547865,33.20668404921889,
4315,32.19779394567013,0.616573030129075,31.458338955417275,
4316,32.75050618685782,0.6198999471962452,32.00373495928943,
4317,33.521325094625354,0.6256289780139923,32.771258149296045,
4318,32.0441119838506,0.6163590587675571,31.303870026022196,
4319,33.42548292130232,0.611462164670229,32.689693849533796,
4320,32.642656937241554,0.6181690841913223,31.900468980893493,
4321,32.13842515833676,0.6262150127440691,31.388436211273074,
4322,34.39156897366047,0.6117941811680794,33.65654987283051,
4323,32.131363870576024,0.6167700048536062,31.39016986824572,
4324,32.09841996431351,0.6193309091031551,31.35491511784494,
4325,33.6422398686409,0.6176088936626911,32.88846812210977,
4326,31.2035100068897,0.6292569451034069,30.451891012489796,
4327,31.846851110458374,0.623171916231513,31.098653096705675,
4328,32.35322586260736,0.6209479179233313,31.604799907654524,
4329,31.90899407491088,0.6161809433251619,31.169589143246412,
4330,31.23642783612013,0.6237861234694719,30.487682903185487,
4331,31.829501036554575,0.614851014688611,31.086545204743743,
4332,33.48169312812388,0.6155071314424276,32.741960836574435,
4333,31.89381188713014,0.7538089994341135,31.01687808521092,
4334,31.21710615232587,0.6269239820539951,30.466172145679593,
4335,32.94180310331285,0.6210228893905878,32.19535015523434,
4336,33.12098095193505,0.6170249544084072,32.381384167820215,
4337,31.791978050023317,0.6215551402419806,31.044970033690333,
4338,33.99130096659064,0.6211209110915661,33.24123308993876,
4339,33.35126116871834,0.622711144387722,32.60453091934323,
4340,31.22922917827964,0.6253239698708057,30.473553109914064,
4341,34.14634917862713,0.6150919944047928,33.39617699384689,
4342,32.48210879974067,0.6123390048742294,31.746381893754005,
4343,31.839158153161407,0.6159150507301092,31.09854506328702,
4344,33.898210152983665,0.6274699699133635,33.146797912195325,
4345,31.92445496097207,0.6296078208833933,31.17083804681897,
4346,31.806280836462975,0.6309631280601025,31.04896889999509,
4347,33.2570830360055,0.6144018843770027,32.51831396482885,
4348,31.76561719737947,0.6225090473890305,31.01996285840869,
4349,31.937357038259506,0.609884038567543,31.195081071928144,
4350,31.82720486074686,0.6744840648025274,31.02610493078828,
4351,32.8414139803499,0.6239081267267466,32.094416907057166,
4352,31.795054906979203,0.6194408051669598,31.053686048835516,
4353,31.971288146451116,0.6203060038387775,31.22608200646937,
4354,33.42852299101651,0.6275239866226912,32.67147485166788,
4355,32.01997606083751,0.7471770513802767,31.147056026384234,
4356,31.823964091017842,0.6167800165712833,31.083449022844434,
4357,34.51393102295697,0.6155890878289938,33.730662893503904,
4358,32.41518884897232,0.8708839304745197,31.41482500359416,
4359,32.23308105953038,0.6247470155358315,31.485769897699356,
4360,34.35522108338773,0.644440995529294,33.58732210472226,
4361,33.976130886003375,0.6210310384631157,33.23032893240452,
4362,32.07188821397722,0.6246769335120916,31.32193419151008,
4363,33.866263926029205,0.6281391251832247,33.114349003881216,
4364,33.55643502436578,0.6285810377448797,32.79926208779216,
4365,32.246916089206934,0.620231032371521,31.500831013545394,
4366,33.10194308869541,0.6174170412123203,32.359809847548604,
4367,32.811427023261786,0.627364031970501,32.058777986094356,
4368,32.06512005999684,0.6217379122972488,31.316744163632393,
4369,34.15357414633036,0.6345659494400024,33.39508408680558,
4370,32.060223864391446,0.6252210587263107,31.309491023421288,
4371,32.234637066721916,0.6296150386333466,31.480845995247364,
4372,33.244931139051914,0.6269637960940599,32.48972212895751,
4373,32.307597110047936,0.6234929896891117,31.549375969916582,
4374,32.33143803663552,0.604360131546855,31.601966824382544,
4375,32.32843615114689,0.62160799279809,31.578012043610215,
4376,32.48431789688766,0.625713961198926,31.733240000903606,
4377,32.3074571788311,0.6218589842319489,31.558264046907425,
4378,32.33692096546292,0.6273498293012381,31.5859850961715,
4379,34.473939100280404,0.6199351046234369,33.72737090103328,
4380,32.47461607679725,0.7541680242866278,31.595832901075482,
4381,32.343355007469654,0.614238902926445,31.603073002770543,
4382,34.70521792769432,0.6255509797483683,33.95194304175675,
4383,32.42656006477773,0.7475139573216438,31.550748040899634,
4384,32.31561603024602,0.6427720654755831,31.548677012324333,
4385,34.53115001320839,0.624125124886632,33.7830379139632,
4386,32.465382013469934,0.7503589149564505,31.587460078299046,
4387,32.30395005084574,0.6365361623466015,31.541527016088367,
4388,33.88582984916866,0.6280059460550547,33.132920041680336,
4389,34.349709982052445,0.6232289597392082,33.5909491404891,
4390,32.532883109524846,0.6328430026769638,31.780658988282084,
4391,33.35479903034866,0.6223621312528849,32.606921857222915,
4392,34.379049902781844,0.6316869985312223,33.62309490330517,
4393,32.373093999922276,0.628424808382988,31.619993038475513,
4394,32.7656629960984,0.6182990036904812,32.022302970290184,
4395,33.49322406575084,0.6235949695110321,32.74434804916382,
4396,32.57954679429531,0.6315158680081367,31.822849065065384,
4397,33.703679917380214,0.6144649814814329,32.96642401255667,
4398,32.91485900990665,0.6265051197260618,32.162684947252274,
4399,32.419543946161866,0.6141820922493935,31.681880122050643,
4400,34.47987698018551,0.6176200695335865,33.73657399788499,
4401,32.41794998757541,0.6263500545173883,31.661744927987456,
4402,32.57437702268362,0.6185711827129126,31.83045401237905,
4403,33.57726614922285,0.6449851207435131,32.80937299132347,
4404,32.53399510867894,0.6159460172057152,31.79447096772492,
4405,32.27951191365719,0.628831097856164,31.513277906924486,
4406,32.436657929793,0.6223449017852545,31.688597053289413,
4407,32.52177708782256,0.6242960225790739,31.772965798154473,
4408,32.34196710400283,0.6150070112198591,31.601734925061464,
4409,32.24791307002306,0.6172000430524349,31.50480194017291,
4410,34.76622188463807,0.6226208060979843,34.01822899468243,
4411,32.29094995185733,0.6226659752428532,31.540438067167997,
4412,32.345229992643,0.6305300630629063,31.581846997141838,
4413,34.67176202684641,0.6273721810430288,33.912824001163244,
4414,32.5281429104507,0.7687020115554333,31.63581690751016,
4415,32.33408392407,0.6620290223509073,31.546032987535,
4416,34.05066207051277,0.6383070722222328,33.286301884800196,
4417,32.38301817327738,0.7618209347128868,31.494575086981058,
4418,32.30149205774069,0.6157280877232552,31.560983043164015,
4419,32.85321593284607,0.6144819781184196,32.05643501132727,
4420,33.47800811752677,0.8094478398561478,32.52761415205896,
4421,32.35666896216571,0.6309689488261938,31.59047500230372,
4422,32.39330695942044,0.6218980997800827,31.646234914660454,
4423,33.83349999785423,0.6271079182624817,33.07971707545221,
4424,32.16493595391512,0.6347878370434046,31.394517049193382,
4425,33.462445018813014,0.6389489863067865,32.69788413308561,
4426,33.12092903070152,0.6296720821410418,32.369942869991064,
4427,32.41228498518467,0.6244138348847628,31.66341409087181,
4428,34.352052956819534,0.6281330715864897,33.598877023905516,
4429,32.51471999101341,0.6230250000953674,31.767591135576367,
4430,32.0636760443449,0.6252990569919348,31.314902007579803,
4431,33.20152801461518,0.6239290814846754,32.450381899252534,
4432,32.325468957424164,0.6217681802809238,31.579645816236734,
4433,32.3412180878222,0.6209348794072866,31.595741165801883,
4434,32.1355399210006,0.6144840735942125,31.396535923704505,
4435,34.653367940336466,0.6244140677154064,33.90513593330979,
4436,32.11550414562225,0.6200750358402729,31.369769014418125,
4437,32.229632837697864,0.6120521575212479,31.4835908357054,
4438,33.9711990673095,0.6308250594884157,33.21300004608929,
4439,32.22433291375637,0.6403059232980013,31.458724988624454,
4440,31.788959866389632,0.6273069884628057,31.039005145430565,
4441,33.93521602265537,0.6434179376810789,33.16573309712112,
4442,31.88413893803954,0.7621229160577059,30.99746094085276,
4443,32.171228900551796,0.6192841101437807,31.42901905812323,
4444,32.97162987291813,0.6238329224288464,32.221928937360644,
4445,32.30086690746248,0.7566791027784348,31.42117988318205,
4446,31.769142020493746,0.6207181140780449,31.026139855384827,
4447,32.291752053424716,0.619522063061595,31.548619037494063,
4448,33.28824299387634,0.6235719192773104,32.54210017621517,
4449,32.21388114616275,0.620631966739893,31.468582106754184,
4450,33.544988138601184,0.6248881109058857,32.79559779912233,
4451,33.2949198782444,0.622512074187398,32.548940973356366,
4452,31.75677196122706,0.6230920553207397,31.006044941022992,
4453,33.87388586997986,0.6232599262148142,33.11255807057023,
4454,32.144278986379504,0.6230338476598263,31.399891013279557,
4455,32.14185684919357,0.6196950562298298,31.39723790809512,
4456,32.64967794530094,0.6178868934512138,31.9047630764544,
4457,34.69667490571737,0.6366190500557423,33.93604280427098,
4458,31.636148924008012,0.6243940442800522,30.887041939422488,
4459,32.135038170963526,0.6182750221341848,31.39111795462668,
4460,33.82675419561565,0.6258820649236441,33.07465300895274,
4461,32.0908569265157,0.6199369672685862,31.346038915216923,
4462,31.623418908566236,0.6140368059277534,30.88277718052268,
4463,34.214249113574624,0.6196850445121527,33.470632042735815,
4464,31.596702057868242,0.6130221299827099,30.859722988680005,
4465,32.143682008609176,0.6420610006898642,31.376088969409466,
4466,33.128200098872185,0.6232480518519878,32.381099881604314,
4467,32.220897963270545,0.7511749863624573,31.34606988169253,
4468,31.655518105253577,0.6188449915498495,30.912811867892742,
4469,32.385823084041476,0.6243078969419003,31.625078059732914,
4470,32.94931189157069,0.7809449452906847,32.0237351115793,
4471,31.58603305928409,0.6228550337255001,30.837050173431635,
4472,31.958061968907714,0.6167900282889605,31.217625830322504,
4473,32.96778700314462,0.6321088876575232,32.21175097860396,
4474,31.66992519982159,0.6265828851610422,30.918320175260305,
4475,33.54404587298632,0.622099032625556,32.800333108752966,
4476,33.31115795299411,0.6380658596754074,32.54808718338609,
4477,31.74387593753636,0.6301719695329666,30.990832019597292,
4478,32.68417110666633,0.6165420636534691,31.942726112902164,
4479,33.91121490858495,0.6339650135487318,33.15126779489219,
4480,31.653197016566992,0.6316101644188166,30.896489042788744,
4481,31.6977899055928,0.6253740284591913,30.946575105190277,
4482,32.66207780689001,0.6189919076859951,31.918757129460573,
4483,31.749150017276406,0.6499919109046459,30.97473899833858,
4484,31.637917971238494,0.6256180349737406,30.888388864696026,
4485,33.70527294464409,0.615288969129324,32.954182010143995,
4486,31.966014998033643,0.6277470383793116,31.212745001539588,
4487,32.0302490144968,0.6200331263244152,31.28481679596007,
4488,32.90424984879792,0.6241980008780956,32.15528791770339,
4489,32.17985690571368,0.7660691626369953,31.286445911973715,
4490,32.003856962546706,0.6187658291310072,31.256579095497727,
4491,32.10841701366007,0.6189220584928989,31.364376889541745,
4492,33.67184707894921,0.6204850506037474,32.92620601132512,
4493,32.029177993535995,0.6223060190677643,31.283062184229493,
4494,34.03665800578892,0.6361850537359715,33.27700984664261,
4495,33.38130819611251,0.6287291180342436,32.63012692332268,
4496,31.972417840734124,0.6237511988729239,31.22432390227914,
4497,33.957942156121135,0.6192608270794153,33.21552509441972,
4498,34.33275385759771,0.6120649632066488,33.59642392024398,
4499,32.044011168181896,0.6214880850166082,31.298157991841435,
4500,33.62682485021651,0.6193388253450394,32.883543986827135,
4501,34.10225594416261,0.6232680752873421,33.341837814077735,
4502,32.15424600057304,0.6404109299182892,31.38787392526865,
4503,32.7900240663439,0.6259661167860031,32.03927190043032,
4504,33.262900076806545,0.6208040285855532,32.5180918443948,
4505,32.244157046079636,0.6186810787767172,31.49968385696411,
4506,32.17970603145659,0.6231621373444796,31.432383926585317,
4507,32.44118299335241,0.6267321296036243,31.68950299732387,
4508,32.194958999753,0.6322888657450676,31.4392379950732,
4509,32.260318053886294,0.6240729708224535,31.514450907707214,
4510,34.010074101388454,0.620775856077671,33.26688800007105,
4511,32.2601730003953,0.6133189890533686,31.517705880105495,
4512,32.169067999348044,0.6162631325423717,31.427788781002164,
4513,33.25024200603366,0.6302699912339449,32.495057908818126,
4514,32.32495300471783,0.7616819348186255,31.436511082574725,
4515,32.22700301557779,0.627733999863267,31.47654398344457,
4516,32.30564808472991,0.6171090062707663,31.542232958599925,
4517,32.71197900176048,0.802797032520175,31.75769397057593,
4518,32.612480921670794,0.6232329178601503,31.862897099927068,
4519,32.80069911852479,0.6249039433896542,32.052131136879325,
4520,35.21014703437686,0.6311358883976936,34.45268119685352,
4521,32.52829401753843,0.624408945441246,31.77887503989041,
4522,34.653933020308614,0.6427881307899952,33.887056866660714,
4523,35.15246510505676,0.62323990277946,34.403600031509995,
4524,32.618026016280055,0.6195579189807177,31.873583095148206,
4525,34.375631948933005,0.6247370038181543,33.62758085131645,
4526,35.06052098236978,0.627333065494895,34.30738905444741,
4527,32.53431594930589,0.6254019681364298,31.7839200142771,
4528,34.71255605109036,0.6231649313122034,33.96492591127753,
4529,34.905260894447565,0.6242948584258556,34.156806068494916,
4530,32.60501008480787,0.6277109496295452,31.854210188612342,
4531,34.638596000149846,0.6206210236996412,33.894777996465564,
4532,34.925532061606646,0.6203809753060341,34.17914593592286,
4533,32.63106802478433,0.6308290176093578,31.862379051744938,
4534,34.74377794191241,0.6398849654942751,33.980042207986116,
4535,34.91594805382192,0.6204338278621435,34.175050212070346,
4536,32.49405906535685,0.6185530219227076,31.75094909965992,
4537,34.9928739015013,0.6242629606276751,34.24458112567663,
4538,34.64966407045722,0.6616560276597738,33.86450605466962,
4539,32.60215814225376,0.6224079988896847,31.855581095442176,
4540,34.73454504273832,0.6266308482736349,33.98413606919348,
4541,34.66363716870546,0.6447471678256989,33.894474850967526,
4542,32.45022986084223,0.6185099482536316,31.705369940027595,
4543,34.672913141548634,0.6306788418442011,33.918620087206364,
4544,34.48665887117386,0.6296460051089525,33.73149805702269,
4545,32.591624185442924,0.6329279858618975,31.835232861340046,
4546,34.601537976413965,0.6321019027382135,33.843503100797534,
4547,34.497723914682865,0.6238308269530535,33.750222995877266,
4548,32.51864016056061,0.6241139490157366,31.76884911954403,
4549,34.47926300577819,0.6174200680106878,33.72691688127816,
4550,34.169767051935196,0.6248971913009882,33.41848077252507,
4551,32.41008007898927,0.6312590558081865,31.653870828449726,
4552,34.02517200447619,0.6271279416978359,33.275501104071736,
4553,33.967941999435425,0.6215390749275684,33.22163410484791,
4554,32.17735793441534,0.6220659706741571,31.432370888069272,
4555,33.71522412635386,0.6300201639533043,32.96145889908075,
4556,33.42416509985924,0.6170182023197412,32.68148680217564,
4557,32.47820492833853,0.6287349388003349,31.718699960038066,
4558,33.00755890086293,0.6237039342522621,32.258969033136964,
4559,32.734033884480596,0.6216620095074177,31.986263114959,
4560,32.14875515550375,0.6284641567617655,31.397016951814294,
4561,32.44497603736818,0.6254059262573719,31.694580102339387,
4562,32.31890080496669,0.6328278686851263,31.56122495420277,
4563,32.45400101877749,0.6288560107350349,31.699850922450423,
4564,32.181765185669065,0.6191302090883255,31.43849689513445,
4565,34.42322090268135,0.6382858846336603,33.64976309239864,
4566,32.32727502472699,0.6261698435992002,31.577853951603174,
4567,32.352078007534146,0.6228678394109011,31.605520052835345,
4568,33.7014808319509,0.6213798187673092,32.956723123788834,
4569,32.534012803807855,0.6129569374024868,31.799453077837825,
4570,32.07251988351345,0.6204079836606979,31.327476957812905,
4571,32.98177104443312,0.6291021127253771,32.229189993813634,
4572,34.58133200183511,0.6269419100135565,33.82953116670251,
4573,32.350691966712475,0.631572911515832,31.593790045008063,
4574,32.327787950634956,0.6233258172869682,31.579320086166263,
4575,34.08837295137346,0.7546800188720226,33.21100980974734,
4576,32.14451507665217,0.6195290479809046,31.399755971506238,
4577,32.80029911547899,0.6375899538397789,32.01248706318438,
4578,32.98415103927255,0.7714368402957916,32.07810502499342,
4579,32.45324804447591,0.6254392210394144,31.703890999779105,
4580,34.38346413895488,0.6260829977691174,33.63021602854133,
4581,33.027758123353124,0.6677128840237856,32.22440415993333,
4582,31.305237906053662,0.618071062490344,30.56817688047886,
4583,33.122549997642636,0.6333100609481335,32.364184968173504,
4584,32.557118916884065,0.6377350073307753,31.800862168893218,
4585,31.51267091743648,0.621778191998601,30.7644868735224,
4586,31.799021176993847,0.6274599581956863,31.047818949446082,
4587,31.637345906347036,0.6341622211039066,30.874224845319986,
4588,31.267537036910653,0.6295940838754177,30.511012999340892,
4589,31.49130311794579,0.6377489771693945,30.7274148799479,
4590,33.38273405097425,0.6339938845485449,32.62069309130311,
4591,33.16239803098142,0.6292809266597033,32.40992804057896,
4592,31.290394021198153,0.6344539579004049,30.531641095876694,
4593,32.37817296758294,0.62405108474195,31.62812697701156,
4594,33.4032760001719,0.624476931989193,32.65318996272981,
4595,31.468956032767892,0.6311170291155577,30.71416704915464,
4596,31.52643609791994,0.6235409528017044,30.778629006817937,
4597,32.430338906124234,0.7623301353305578,31.532790046185255,
4598,31.646405113860965,0.6195250898599625,30.899395002052188,
4599,33.150572096928954,0.6526950746774673,32.37193892709911,
4600,33.827075036242604,0.633701216429472,33.06791977956891,
4601,32.200572080910206,0.6309919990599155,31.4441230148077,
4602,32.57631114684045,0.6252999883145094,31.826013000681996,
4603,33.18032203242183,0.6163311190903187,32.44021791033447,
4604,31.78112395107746,0.6260878872126341,31.032508006319404,
4605,32.12180896662176,0.6167041137814522,31.38211090117693,
4606,31.93884203210473,0.633985036984086,31.181212980300188,
4607,32.44592295959592,0.631445087492466,31.689034774899483,
4608,31.920552952215075,0.6213758606463671,31.17407509125769,
4609,34.2187499627471,0.6303431000560522,33.461821964010596,
4610,33.795055001974106,0.6292238831520081,33.04057405330241,
4611,32.247383845970035,0.6251141894608736,31.5039218403399,
4612,33.5620220284909,0.621819170191884,32.817168859764934,
4613,34.51905003748834,0.6328669842332602,33.75004790723324,
4614,32.142206095159054,0.6304800044745207,31.385243171826005,
4615,33.345208037644625,0.6227099802345037,32.59787894785404,
4616,34.06608407385647,0.637024873867631,33.303478034213185,
4617,32.16509404592216,0.6259360816329718,31.41490393318236,
4618,32.87080582231283,0.6440530996769667,32.1021790150553,
4619,33.13103690743446,0.6259719375520945,32.380316173657775,
4620,32.12758619338274,0.6264150142669678,31.379436841234565,
4621,32.3435019236058,0.6229938007891178,31.594473170116544,
4622,32.193758990615606,0.7697180844843388,31.299466965720057,
4623,32.160528004169464,0.6245998665690422,31.413092045113444,
4624,33.98228599689901,0.628412002697587,33.20297505706549,
4625,32.34160807915032,0.7930230349302292,31.39516687951982,
4626,32.14527410455048,0.624075997620821,31.395991099998355,
4627,33.48144795745611,0.6230459548532963,32.73442294448614,
4628,33.977186074480414,0.656115124002099,33.19740993902087,
4629,32.51630789600313,0.6384020671248436,31.7438249476254,
4630,32.97496517188847,0.6257309578359127,32.22472011111677,
4631,33.60276180319488,0.6232250016182661,32.856037840247154,
4632,32.46510587632656,0.6245498079806566,31.71607805415988,
4633,32.53358299843967,0.6286650896072388,31.782903941348195,
4634,32.719973009079695,0.6327999290078878,31.961814034730196,
4635,33.375723054632545,0.6262401584535837,32.6212989166379,
4636,32.31039200909436,0.6151399575173855,31.569432001560926,
4637,34.36469589360058,0.6258329376578331,33.61452603712678,
4638,34.80801288969815,0.6268180441111326,34.057395067065954,
4639,32.39378402940929,0.6307000294327736,31.63775894790888,
4640,34.28458399139345,0.6331899203360081,33.52825599722564,
4641,34.65911187231541,0.6230820436030626,33.909535966813564,
4642,32.213195925578475,0.6278990767896175,31.45689400844276,
4643,34.49082211591303,0.6271640304476023,33.68405206128955,
4644,34.646644024178386,0.6795399822294712,33.832747023552656,
4645,32.6118019875139,0.6398051045835018,31.835738802328706,
4646,34.554951125755906,0.6349449977278709,33.793956972658634,
4647,34.32595613412559,0.6274520419538021,33.57420698739588,
4648,32.66856400296092,0.6295170169323683,31.915433006361127,
4649,34.69032188877463,0.6300839595496655,33.93579111434519,
4650,34.1343879699707,0.6248198915272951,33.38565700687468,
4651,32.613011077046394,0.6198491901159286,31.870567938312888,
4652,34.512462094426155,0.6303330883383751,33.7603020016104,
4653,34.00767012499273,0.6440870929509401,33.23885495774448,
4654,32.63993887230754,0.6352178752422333,31.874791020527482,
4655,34.39675108529627,0.626550056040287,33.64556794986129,
4656,33.34645903669298,0.6289950106292963,32.59199601598084,
4657,32.58798480965197,0.6276899948716164,31.836142065003514,
4658,33.52736192755401,0.6330178584903479,32.77085116133094,
4659,32.5734990183264,0.6281801033765078,31.81960596702993,
4660,32.593959011137486,0.6328420713543892,31.8363921251148,
4661,32.5245528947562,0.6237500347197056,31.765218125656247,
4662,32.25113404914737,0.631286995485425,31.49531502276659,
4663,32.410454005002975,0.6276860367506742,31.659611966460943,
4664,33.927896060049534,0.6332378834486008,33.16984698176384,
4665,32.51806809566915,0.7588260341435671,31.630532117560506,
4666,32.26087195798755,0.6270231679081917,31.510957051068544,
4667,34.06460001133382,0.6235430482774973,33.31745485775173,
4668,32.419719034805894,0.7512890733778477,31.54179290868342,
4669,32.64704020693898,0.6307989824563265,31.892416067421436,
4670,33.13008905388415,0.629316084086895,32.36421407200396,
4671,33.40604621917009,0.8087290916591883,32.46986400336027,
4672,32.496838830411434,0.6343091372400522,31.738465884700418,
4673,32.493671867996454,0.62391790561378,31.746587017551064,
4674,33.763909013941884,0.6262250244617462,33.01290702074766,
4675,35.15856713056564,0.6257279310375452,34.4100589863956,
4676,32.57772885262966,0.6310560274869204,31.823965022340417,
4677,33.752116141840816,0.6331999320536852,32.98320295289159,
4678,34.76880909875035,0.6281030364334583,34.016483929008245,
4679,32.38481795415282,0.6230541039258242,31.63835988380015,
4680,33.22091978043318,0.6251109298318624,32.471863087266684,
4681,34.48929497972131,0.6295901257544756,33.73353695496917,
4682,32.1152419783175,0.618017977103591,31.372745987027884,
4683,32.91449695825577,0.6245160475373268,32.16446493752301,
4684,33.73720194213092,0.6209230050444603,32.98922581598163,
4685,32.4074390809983,0.6403911393135786,31.643267953768373,
4686,34.191735088825226,0.623019877821207,33.442242071032524,
4687,33.16939785145223,0.6286781281232834,32.41782099939883,
4688,32.12269488722086,0.6274490151554346,31.372016994282603,
4689,34.15172384120524,0.6248040590435266,33.4035970736295,
4690,32.309794100001454,0.6270310841500759,31.558413989841938,
4691,32.36259380355477,0.6225008983165026,31.618576031178236,
4692,33.28072000294924,0.6279218941926956,32.529552932828665,
4693,32.16809593141079,0.6319251842796803,31.39912779442966,
4694,31.76417900249362,0.6209020502865314,31.021296977996826,
4695,32.44382701814175,0.6305449642241001,31.688383081927896,
4696,31.76577785052359,0.6258569192141294,31.009788159281015,
4697,32.1571019012481,0.628775916993618,31.40461491420865,
4698,33.958724001422524,0.625968910753727,33.20733713917434,
4699,32.22552314400673,0.7563619874417782,31.342055182904005,
4700,32.01171290129423,0.6271949969232082,31.259753042832017,
4701,33.28569792211056,0.6324739661067724,32.528511015698314,
4702,31.939388951286674,0.7562749087810516,31.061221146956086,
4703,34.66375404968858,0.6317950319498777,33.90958998352289,
4704,32.75516512803733,0.627678819000721,32.002750085666776,
4705,33.79958099685609,0.6513809785246849,33.02394296042621,
4706,33.997612074017525,0.6306059658527374,33.24298607185483,
4707,32.67835988663137,0.6285770796239376,31.926459865644574,
4708,33.622273011133075,0.6266988348215818,32.87128102965653,
4709,33.73557282611728,0.6204380188137293,32.98061108216643,
4710,31.503055011853576,0.6251530721783638,30.75545490719378,
4711,33.103391993790865,0.6329698953777552,32.34758204780519,
4712,32.56732109002769,0.6293870974332094,31.81436099112034,
4713,31.828633043915033,0.6207709666341543,31.078410102054477,
4714,33.80775102414191,0.6233279127627611,33.06275699287653,
4715,31.974902842193842,0.6340828258544207,31.21542907319963,
4716,31.642243033275008,0.6256639026105404,30.893413117155433,
4717,33.719799015671015,0.6332870107144117,32.96282817609608,
4718,31.56729694455862,0.6204028613865376,30.822904082015157,
4719,31.86861891299486,0.6222380325198174,31.123596942052245,
4720,32.33594889752567,0.6191139109432697,31.594193074852228,
4721,31.857899157330394,0.6245910190045834,31.11087786965072,
4722,31.747855013236403,0.6235640030354261,31.00181999616325,
4723,33.88256602920592,0.6297209765762091,33.12699915841222,
4724,31.68097697198391,0.7789491210132837,30.777102801948786,
4725,34.84755498357117,0.6295859348028898,34.08154402859509,
4726,33.57659699395299,0.6290129385888577,32.82356192357838,
4727,31.984396977350116,0.7626330479979515,31.098596984520555,
4728,34.458807902410626,0.6283849943429232,33.7107852101326,
4729,32.98923093825579,0.6191539578139782,32.252103090286255,
4730,32.04309591092169,0.759379006922245,31.161203049123287,
4731,33.841076074168086,0.6184510421007872,33.098203828558326,
4732,32.20639401115477,0.6314660422503948,31.451855087652802,
4733,34.03530898503959,0.6214878521859646,33.293396001681685,
4734,33.088997937738895,0.6212210282683372,32.34285092912614,
4735,32.160622999072075,0.6266399286687374,31.410902040079236,
4736,33.43151183798909,0.6326809525489807,32.67602506093681,
4737,32.3616920504719,0.6246480625122786,31.615516869351268,
4738,31.940114917233586,0.6200049538165331,31.19534393772483,
4739,34.24508008174598,0.621110899373889,33.50013098679483,
4740,31.95140790194273,0.6311119068413973,31.1978820245713,
4741,32.201162073761225,0.6299261003732681,31.434949953109026,
4742,33.85226987302303,0.629764050245285,33.10062317177653,
4743,32.208321848884225,0.6353408098220825,31.44645714201033,
4744,32.21347485668957,0.6246080156415701,31.46408684551716,
4745,33.146123168990016,0.6296888459473848,32.392547000199556,
4746,32.202020986005664,0.6247018463909626,31.45288210362196,
4747,32.43527514860034,0.6197630427777767,31.69081499800086,
4748,32.54526387900114,0.6289619486778975,31.79286513477564,
4749,32.186915166676044,0.6233709864318371,31.439925078302622,
4750,34.38649605959654,0.6284289993345737,33.63285795785487,
4751,34.27064488641918,0.6298930384218693,33.51675905287266,
4752,32.16633712872863,0.6336341612040997,31.410645926371217,
4753,34.78822414763272,0.6339340470731258,34.029335947707295,
4754,34.18376995250583,0.6207351107150316,33.440245082601905,
4755,32.22274500876665,0.6337009835988283,31.466505955904722,
4756,34.33882584795356,0.626739114522934,33.588381949812174,
4757,33.8681461289525,0.6240550428628922,33.111931988969445,
4758,32.340985955670476,0.6324478890746832,31.58640512265265,
4759,34.219782100990415,0.6289840675890446,33.466653898358345,
4760,33.295992994681,0.6438489072024822,32.52800600603223,
4761,32.49393682926893,0.7614479400217533,31.609810888767242,
4762,33.44703186303377,0.6353089120239019,32.68705611117184,
4763,33.5389650426805,0.6310008466243744,32.784943003207445,
4764,32.3919290676713,0.747577054426074,31.521227909252048,
4765,32.68321789801121,0.6328120362013578,31.925953924655914,
4766,32.369833905249834,0.6301249377429485,31.61579300649464,
4767,34.5144949387759,0.6306848954409361,33.75936206430197,
4768,32.339817844331264,0.6247041746973991,31.592895975336432,
4769,32.453431049361825,0.6552240811288357,31.676969956606627,
4770,33.872852101922035,0.6230019498616457,33.121961168944836,
4771,32.49414591118693,0.6770780310034752,31.694676959887147,
4772,32.301119063049555,0.6327040027827024,31.54340898618102,
4773,34.548139898106456,0.6215141620486975,33.7928649969399,
4774,32.66747295856476,0.6282941903918982,31.916039995849133,
4775,32.557656057178974,0.6393459625542164,31.792338006198406,
4776,34.27695808932185,0.6373191718012094,33.51573785766959,
4777,32.561392057687044,0.6421678699553013,31.794472131878138,
4778,32.90212689898908,0.6273128092288971,32.149624079465866,
4779,33.47830194979906,0.6271449383348227,32.72965899668634,
4780,32.684359000995755,0.6299570668488741,31.930950935930014,
4781,32.77622698806226,0.6375659722834826,32.01754484325647,
4782,33.132103038951755,0.626192195340991,32.379295909777284,
4783,32.55811799317598,0.6389699410647154,31.793818110600114,
4784,35.47819796949625,0.6465758197009563,34.70900817774236,
4785,32.67526696436107,0.6291540339589119,31.927532982081175,
4786,32.69102401100099,0.6264981348067522,31.941036926582456,
4787,34.87527114339173,0.6340891122817993,34.11636198870838,
4788,33.37381803430617,0.6380341947078705,32.60854887776077,
4789,32.34162484295666,0.6189129780977964,31.586657045409083,
4790,34.580298932269216,0.6336860824376345,33.82073808461428,
4791,34.51481112278998,0.6319640669971704,33.75657205469906,
4792,32.654637936502695,0.630068127065897,31.900221016258,
4793,33.995175966992974,0.6185278762131929,33.25264295563102,
4794,34.631599904969335,0.6285279523581266,33.87976507656276,
4795,32.32453088276088,0.6355780642479658,31.565508106723428,
4796,33.80644787102938,0.6261039525270462,33.05512689985335,
4797,34.06020696274936,0.6282089743763208,33.303056145086884,
4798,32.62803703546524,0.6328611634671688,31.871733022853732,
4799,32.89407794363797,0.6280578672885895,32.142773969098926,
4800,33.70944713242352,0.6346991285681725,32.94737380929291,
4801,32.3168789036572,0.6376798264682293,31.556513160467148,
4802,32.66727598384023,0.6382321007549763,31.90580802038312,
4803,32.601132057607174,0.6278189830482006,31.846494879573584,
4804,32.79086295515299,0.7696999236941338,31.895885011181235,
4805,32.28768892586231,0.6447660271078348,31.491799047216773,
4806,32.10321208462119,0.636175973340869,31.325263204053044,
4807,33.37862202897668,0.8167950436472893,32.433581072837114,
4808,32.12516498751938,0.6424800958484411,31.35781013406813,
4809,32.27605111896992,0.6357228849083185,31.516699120402336,
4810,34.50288693420589,0.6252909079194069,33.75474503263831,
4811,32.3451729491353,0.6307470612227917,31.59020794555545,
4812,32.33268205076456,0.6381429266184568,31.567397993057966,
4813,33.964127069339156,0.6283640395849943,33.218262949958444,
4814,32.10586216300726,0.6232359446585178,31.360113061964512,
4815,33.989198971539736,0.6256210617721081,33.23873784393072,
4816,33.372925128787756,0.6289749871939421,32.620578072965145,
4817,32.281100982800126,0.6340569816529751,31.5250800922513,
4818,34.52305612154305,0.6318590603768826,33.76775491051376,
4819,33.180768834427,0.6337380036711693,32.41867804899812,
4820,32.089119078591466,0.6492598913609982,31.316030072048306,
4821,34.02972896583378,0.6393759977072477,33.25481410138309,
4822,32.52902114763856,0.6350788753479719,31.770338071510196,
4823,32.09120500832796,0.6215099710971117,31.346568139269948,
4824,33.018507063388824,0.6239372305572033,32.27079682983458,
4825,34.09128496423364,0.6387289613485336,33.329203026369214,
4826,31.998716993257403,0.6387061439454556,31.236124923452735,
4827,32.1397848892957,0.6352150812745094,31.379141844809055,
4828,33.29665493220091,0.624778913334012,32.549295108765364,
4829,32.11801894940436,0.6335440557450056,31.36095288209617,
4830,32.04803098924458,0.6238799542188644,31.296975910663605,
4831,32.14098792523146,0.6269041914492846,31.38842899352312,
4832,32.11292903870344,0.7728161290287971,31.21487097814679,
4833,32.097227871418,0.6391010247170925,31.337047927081585,
4834,31.96849604137242,0.6364420987665653,31.207365915179253,
4835,33.99206488393247,0.6350001785904169,33.234114991500974,
4836,32.05515490844846,0.6404609885066748,31.290580984205008,
4837,32.074155984446406,0.6259290967136621,31.312844017520547,
4838,33.61728694289923,0.6308329757303,32.859910978004336,
4839,31.640742905437946,0.6459672003984451,30.869827838614583,
4840,33.834814094007015,0.6389219779521227,33.072629012167454,
4841,33.164172200486064,0.6340560503304005,32.4064779561013,
4842,31.35447110980749,0.6361119449138641,30.595733085647225,
4843,32.97816892154515,0.6251630838960409,32.22972899675369,
4844,31.796660972759128,0.626161927357316,31.040485948324203,
4845,31.641611829400063,0.6292860489338636,30.887011904269457,
4846,31.75427601672709,0.6259980145841837,31.003504991531372,
4847,33.114294055849314,0.6343629211187363,32.35533507540822,
4848,31.367929885163903,0.6361689884215593,30.606098007410765,
4849,31.662275083363056,0.6333640776574612,30.90565907768905,
4850,31.786778010427952,0.6266608834266663,31.038312008604407,
4851,31.626890879124403,0.6370160263031721,30.866383109241724,
4852,31.341686844825745,0.6328949239104986,30.584769090637565,
4853,32.60961687192321,0.6453478708863258,31.795601127669215,
4854,33.47048000432551,0.8247881196439266,32.51179191283882,
4855,31.815687892958522,0.638236990198493,31.05580317787826,
4856,34.13308993913233,0.6295270286500454,33.38042087852955,
4857,34.03538907878101,0.6326229777187109,33.27735885977745,
4858,31.717822887003422,0.6509888917207718,30.94176296144724,
4859,34.22828298062086,0.6285719573497772,33.47696806304157,
4860,33.62553403712809,0.641214894130826,32.85509813576937,
4861,32.216259045526385,0.6322599947452545,31.460965983569622,
4862,33.21823198348284,0.6381520070135593,32.45645109564066,
4863,33.41145487502217,0.6352919153869152,32.652832102030516,
4864,31.721811974421144,0.6315549835562706,30.963063007220626,
4865,32.49668003991246,0.631227158010006,31.742142979055643,
4866,33.821577904745936,0.6266948767006397,33.06718519888818,
4867,32.18311793170869,0.6273321341723204,31.43314691260457,
4868,31.67795017361641,0.6253051105886698,30.927794985473156,
4869,33.7668489664793,0.6302581168711185,33.00152299925685,
4870,32.191577134653926,0.634768046438694,31.43320302478969,
4871,32.38088893704116,0.6381780840456486,31.619188841432333,
4872,32.752170925959945,0.628800829872489,31.994623132050037,
4873,32.35055599361658,0.6341219414025545,31.590275932103395,
4874,32.165382988750935,0.6425478495657444,31.400049105286598,
4875,32.6034699101001,0.6380861159414053,31.843296019360423,
4876,32.31146093457937,0.6368029862642288,31.549822073429823,
4877,32.3581020347774,0.6359890103340149,31.598512083292007,
4878,34.4304540194571,0.6331971380859613,33.67451601661742,
4879,32.658726908266544,0.7729169446974993,31.762579921633005,
4880,32.195365987718105,0.6314897909760475,31.43945918418467,
4881,34.61130801588297,0.6241670344024897,33.83960691280663,
4882,34.37425382435322,0.8655760902911425,33.36511692032218,
4883,32.3731480166316,0.6293558981269598,31.620759051293135,
4884,34.129990031942725,0.6291400641202927,33.37744693271816,
4885,34.536492079496384,0.7843428757041693,33.619311172515154,
4886,32.561710104346275,0.6301440298557281,31.807786785066128,
4887,34.216372994706035,0.6423620507121086,33.44619181007147,
4888,34.72091909497976,0.6325230933725834,33.964524045586586,
4889,32.59908896870911,0.64900703728199,31.826585065573454,
4890,33.83039799518883,0.6377759855240583,33.06703409180045,
4891,34.40077998675406,0.6263100076466799,33.648777985945344,
4892,32.54338703118265,0.6857451517134905,31.731094932183623,
4893,33.251737942919135,0.6281090900301933,32.50000183470547,
4894,33.94394018687308,0.633997144177556,33.18629087880254,
4895,32.5298379175365,0.6354469805955887,31.770117115229368,
4896,32.52444788813591,0.6331568583846092,31.76676807925105,
4897,33.185076201334596,0.6339577957987785,32.42735215462744,
4898,32.51060005277395,0.6328069139271975,31.751336995512247,
4899,32.57645899429917,0.680695055052638,31.770175090059638,
4900,34.894613083451986,0.643203966319561,34.127752063795924,
4901,32.7690860722214,0.6433539092540741,31.991846160963178,
4902,32.90202189236879,0.6403489969670773,32.13844005949795,
4903,34.5842819660902,0.6322399713099003,33.827405190095305,
4904,32.91736985556781,0.6332569755613804,32.160924980416894,
4905,32.70812192931771,0.6322730332612991,31.952549936249852,
4906,34.16073205880821,0.6320469547063112,33.4050259552896,
4907,32.70355914719403,0.6337210070341825,31.943344976752996,
4908,32.947874860838056,0.6370020564645529,32.18618012033403,
4909,33.39879401028156,0.6404551677405834,32.6323218178004,
4910,32.901818165555596,0.6371550261974335,32.13833994232118,
4911,32.735110027715564,0.6267970893532038,31.983786029741168,
4912,33.1217790953815,0.6368709728121758,32.36147598363459,
4913,32.70680084824562,0.6306751165539026,31.953953905031085,
4914,32.93394693173468,0.6263679824769497,32.18283201567829,
4915,34.479145891964436,0.6367398891597986,33.71923114173114,
4916,33.08828198350966,0.6316769868135452,32.331806141883135,
4917,32.58487000130117,0.6328490562736988,31.817152863368392,
4918,34.84726301394403,0.6356718949973583,34.086053958162665,
4919,32.68811502493918,0.630463007837534,31.934354919940233,
4920,32.42228413000703,0.6313200574368238,31.662344001233578,
4921,34.218777902424335,0.6363550201058388,33.458004938438535,
4922,32.61371119879186,0.779252965003252,31.712200958281755,
4923,32.58337778970599,0.6324690766632557,31.826664926484227,
4924,33.56575616635382,0.6402961444109678,32.79987396672368,
4925,34.952323883771896,0.7810669485479593,34.04745482839644,
4926,32.433786895126104,0.6373890209943056,31.672240002080798,
4927,33.05537695996463,0.6397669203579426,32.25532919168472,
4928,34.20196706429124,0.7685949094593525,33.30538817681372,
4929,32.5367390178144,0.626665074378252,31.786374980583787,
4930,32.42218494415283,0.6406449247151613,31.662669964134693,
4931,34.43081211298704,0.6255737971514463,33.67677913047373,
4932,32.44118602015078,0.6333088967949152,31.68205707333982,
4933,32.304981956258416,0.6340721156448126,31.534193782135844,
4934,33.803052036091685,0.6304511334747076,33.05313806049526,
4935,32.3064299300313,0.6354679353535175,31.546446029096842,
4936,32.22979512065649,0.637369928881526,31.46816696971655,
4937,33.917115069925785,0.6324148271232843,33.16189208999276,
4938,32.21149300225079,0.6317649967968464,31.45493916235864,
4939,32.32859796844423,0.6281358655542135,31.57851519063115,
4940,34.04548089019954,0.6254431791603565,33.28958596102893,
4941,32.28655201382935,0.6482631433755159,31.513853929936886,
4942,32.21504180692136,0.64119603484869,31.445086933672428,
4943,33.0027649179101,0.6353030912578106,32.242272049188614,
4944,32.226090086624026,0.6365040317177773,31.466512940824032,
4945,32.34702884219587,0.6428640335798264,31.577097019180655,
4946,34.83833000063896,0.6318658124655485,34.07970815896988,
4947,32.34833595342934,0.6342809647321701,31.59033111296594,
4948,32.21064177341759,0.6401389837265015,31.44733002409339,
4949,34.0550250839442,0.6317258812487125,33.28794101253152,
4950,32.00193005613983,0.637406948953867,31.239748932421207,
4951,32.20098605379462,0.6380549166351557,31.43744496628642,
4952,32.85665716975927,0.6324299611151218,32.097662100568414,
4953,33.051133854314685,0.6424940656870604,32.286155968904495,
4954,31.866972101852298,0.6370749324560165,31.10595908947289,
4955,32.1984700858593,0.6396151147782803,31.435075914487243,
4956,33.771080896258354,0.7681471761316061,32.87264402024448,
4957,32.1736850310117,0.6423320155590773,31.405437970533967,
4958,31.830003019422293,0.638952013105154,31.06520790606737,
4959,33.989520044997334,0.6369729526340961,33.22543390095234,
4960,31.803139951080084,0.6459890864789486,31.029151054099202,
4961,32.13509311899543,0.6426800973713398,31.361429952085018,
4962,34.07919593155384,0.6392442155629396,33.30979589372873,
4963,32.18793007545173,0.6494859699159861,31.409547198563814,
4964,31.829976942390203,0.6345598958432674,31.069661024957895,
4965,33.473556861281395,0.6337470840662718,32.70314401015639,
4966,31.58222301863134,0.628564041107893,30.82967409864068,
4967,31.98262397199869,0.6347920279949903,31.223495956510305,
4968,34.1426229570061,0.6396169774234295,33.379051834344864,
4969,31.930120196193457,0.6359049584716558,31.16541518829763,
4970,31.572604086250067,0.6306851282715797,30.816385988146067,
4971,33.25376403518021,0.6570210680365562,32.47078601270914,
4972,31.64234501309693,0.6382670253515244,30.877975979819894,
4973,31.948401127010584,0.6401301361620426,31.18286794051528,
4974,31.8184660281986,0.6358150858432055,31.05860692448914,
4975,34.19737285003066,0.6309018936008215,33.4409330971539,
4976,31.528410967439413,0.6405219901353121,30.759301967918873,
4977,32.018464989960194,0.6280289962887764,31.23003407381475,
4978,33.21025683544576,0.7720799185335636,32.309446949511766,
4979,31.97203390300274,0.6364809814840555,31.21213591657579,
4980,31.584020936861634,0.6291449535638094,30.82871693186462,
4981,33.803083933889866,0.6405629683285952,33.02696696482599,
4982,32.078515039756894,0.6483369506895542,31.306148041039705,
4983,31.97941300459206,0.6363647989928722,31.216436065733433,
4984,34.02757900767028,0.6458519492298365,33.25669793412089,
4985,32.32024610042572,0.6428449414670467,31.550284940749407,
4986,32.31040691025555,0.6348961032927036,31.55157994478941,
4987,34.580325009301305,0.6472188979387283,33.80740596912801,
4988,32.32085891067982,0.6368150934576988,31.558086862787604,
4989,32.31208212673664,0.6331249605864286,31.555552035570145,
4990,33.90030702576041,0.6306180730462074,33.14570104703307,
4991,32.24343783222139,0.6409031338989735,31.47829882800579,
4992,32.37470402382314,0.6390900816768408,31.612707069143653,
4993,32.798212952911854,0.6314809434115887,32.04220114275813,
4994,32.42696821689606,0.6309580057859421,31.67094220407307,
4995,32.29709598235786,0.6369580514729023,31.53625107370317,
4996,32.34565886668861,0.6299871020019054,31.587453093379736,
4997,33.54349499568343,0.6279461085796356,32.78070501983166,
4998,32.52295404672623,0.6369899492710829,31.762820901349187,
4999,32.6406960375607,0.6294460035860538,31.886145006865263,
5000,34.675081027671695,0.7691751234233379,33.78347191028297,
5001,32.61451795697212,0.6381140556186438,31.85327211394906,
5002,32.59336296468973,0.6302599795162678,31.836441019549966,
5003,34.39297201111913,0.7743141613900661,33.49519078619778,
5004,32.580153085291386,0.628539826720953,31.826889142394066,
5005,32.63742313720286,0.6405969616025686,31.82791918516159,
5006,33.60941889695823,0.844605965539813,32.6281578745693,
5007,32.6312561519444,0.6349829491227865,31.864911084994674,
5008,32.55881113000214,0.6403748411685228,31.787426210939884,
5009,34.654481103643775,0.645733904093504,33.88426802121103,
5010,32.57908602245152,0.6781080737709999,31.77505498751998,
5011,32.58225182071328,0.6594678852707148,31.793463975191116,
5012,35.12788307853043,0.6353829521685839,34.367436077445745,
5013,32.719163922593,0.6384029984474182,31.945584109053016,
5014,32.68057107925415,0.6385559681802988,31.91585699096322,
5015,34.73349800333381,0.6950739771127701,33.911517122760415,
5016,32.684091944247484,0.6350260227918625,31.92130895331502,
5017,32.69493696279824,0.6331780459731817,31.93716797977686,
5018,34.056365955621004,0.6404651794582605,33.2878390327096,
5019,32.70323504693806,0.6438607815653086,31.935569131746888,
5020,32.646571984514594,0.637285877019167,31.8855841178447,
5021,33.28309999778867,0.6378728430718184,32.519848085939884,
5022,32.63821289874613,0.6405450403690338,31.87115304172039,
5023,32.70179685205221,0.6342711858451366,31.94466489367187,
5024,32.6851571444422,0.6451199296861887,31.916242092847824,
5025,32.67478896304965,0.6344241555780172,31.914728926494718,
5026,32.67173585481942,0.6329759489744902,31.912446953356266,
5027,32.74487401358783,0.6414579693228006,31.976557103917003,
5028,32.9121861141175,0.6460868753492832,32.14103216305375,
5029,32.86264091730118,0.6413781084120274,32.08552487194538,
5030,32.88685390725732,0.6368209142237902,32.124467892572284,
5031,35.02059495076537,0.6342499982565641,34.260630840435624,
5032,32.866084948182106,0.6359969265758991,32.104614889249206,
5033,32.80963399447501,0.632250914350152,32.04597206786275,
5034,35.21642810665071,0.6277740467339754,34.46501004509628,
5035,32.849529990926385,0.6322490517050028,32.09073678590357,
5036,32.84542006440461,0.6291009485721588,32.090503023937345,
5037,34.465034026652575,0.6392919458448887,33.700403990224004,
5038,32.787449890747666,0.6411669310182333,32.02092996798456,
5039,32.78229502029717,0.6323650013655424,32.02108712866902,
5040,34.060009056702256,0.7609608583152294,33.17380114458501,
5041,32.74469985626638,0.626944936811924,31.993131153285503,
5042,32.772220904007554,0.6365529261529446,32.009877962991595,
5043,34.71312299370766,0.7686840835958719,33.82121305912733,
5044,32.79569884762168,0.6376139353960752,32.0336299482733,
5045,32.67490002326667,0.6308460142463446,31.871178187429905,
5046,34.89941102452576,0.8557250257581472,33.915086882188916,
5047,32.664393074810505,0.6413508672267199,31.899417052045465,
5048,32.549511874094605,0.6352129857987165,31.78435703739524,
5049,34.850959898903966,0.649547204375267,34.07613281160593,
5050,32.607194036245346,0.6535090506076813,31.828468898311257,
5051,32.703474862501025,0.6428209599107504,31.9351339712739,
5052,34.518874948844314,0.6301940884441137,33.76469388604164,
5053,32.72229107096791,0.64504100009799,31.953821890056133,
5054,32.63438306748867,0.635793898254633,31.873302068561316,
5055,33.921511145308614,0.6404409650713205,33.15738611854613,
5056,32.59215201251209,0.6347158923745155,31.834433088079095,
5057,32.72779984399676,0.6384400185197592,31.965031987056136,
5058,33.22564996778965,0.6300539243966341,32.469808124005795,
5059,32.72898984141648,0.6385899614542723,31.964462948963046,
5060,32.6245310716331,0.6278580985963345,31.869679922237992,
5061,32.42291393689811,0.6349741015583277,31.653106911107898,
5062,32.42036700248718,0.6334451027214527,31.659668078646064,
5063,32.49578503891826,0.6372139323502779,31.735233031213284,
5064,32.44384308345616,0.6312469486147165,31.689712079241872,
5065,32.75860194116831,0.6494279950857162,31.986613990738988,
5066,32.444687094539404,0.6393110379576683,31.68133203871548,
5067,32.50065795145929,0.6377939134836197,31.739073107019067,
5068,34.923102939501405,0.6410740315914154,34.15709687396884,
5069,32.50127797946334,0.6398181430995464,31.738871010020375,
5070,32.38437790423632,0.6346129812300205,31.625447096303105,
5071,33.75121112912893,0.6261819507926702,32.99724101088941,
5072,32.334539107978344,0.6380539853125811,31.571565894410014,
5073,32.39255817607045,0.6429951172322035,31.62651089951396,
5074,34.678675001487136,0.7737360429018736,33.78279786556959,
5075,32.42514003068209,0.6429189816117287,31.656817067414522,
5076,32.43419690988958,0.638989033177495,31.669943127781153,
5077,34.82658788561821,0.7719218265265226,33.91776513308287,
5078,32.32565009966493,0.634653028100729,31.565750017762184,
5079,32.27548813447356,0.6384439766407013,31.49445098824799,
5080,33.95279101096094,0.8370298892259598,32.986341044306755,
5081,32.199586974456906,0.6394628435373306,31.43505100160837,
5082,32.30774914845824,0.641991849988699,31.540848081931472,
5083,33.79456698894501,0.6373529322445393,33.030912978574634,
5084,32.36456494778395,0.6363799329847097,31.60341503098607,
5085,32.28715714067221,0.6448489148169756,31.51707397773862,
5086,33.07704208418727,0.6427098996937275,32.31112891808152,
5087,32.21430513076484,0.6399331614375114,31.449856935068965,
5088,32.26230503059924,0.6411110516637564,31.49823914282024,
5089,32.19793108291924,0.6379198748618364,31.435829121619463,
5090,32.38391503691673,0.6336970254778862,31.621925998479128,
5091,32.18995896168053,0.6417038384824991,31.425526132807136,
5092,32.25530404597521,0.6364679429680109,31.492738984525204,
5093,34.10300216637552,0.6400560960173607,33.325508935377,
5094,31.90060378983617,0.6484771147370338,31.12684888765216,
5095,31.934732105582952,0.6440239958465099,31.16484102793038,
5096,34.26307695917785,0.64307008869946,33.49638404324651,
5097,31.941802939400077,0.6404698360711336,31.176543096080422,
5098,31.83949296362698,0.6400439888238907,31.077062943950295,
5099,33.36092387326062,0.6407639011740685,32.59625704959035,
5100,31.847228994593024,0.6379848346114159,31.083269976079464,
5101,31.941778026521206,0.6333638448268175,31.14596218802035,
5102,33.59593800269067,0.7992940954864025,32.66658796928823,
5103,31.91402996890247,0.6322290282696486,31.15807194262743,
5104,31.81490791030228,0.6547821685671806,31.03618696331978,
5105,33.67638401687145,0.6531509570777416,32.89884701371193,
5106,31.856769928708673,0.6435050163418055,31.08819597400725,
5107,31.89300512894988,0.6428130436688662,31.12497297115624,
5108,32.63631300069392,0.6409070920199156,31.865329947322607,
5109,32.3041039519012,0.635053962469101,31.532139983028173,
5110,32.062303042039275,0.6449581123888493,31.292401952669024,
5111,31.85215499252081,0.6456440314650536,31.083085807040334,
5112,32.671610126271844,0.6350819021463394,31.91007301211357,
5113,32.239769119769335,0.6387331523001194,31.476262025535107,
5114,32.06688188947737,0.6333109922707081,31.309495912864804,
5115,34.42776505835354,0.6393000949174166,33.66394294425845,
5116,32.13154198601842,0.6412409711629152,31.367536867037416,
5117,32.25388308055699,0.6399929989129305,31.48658201098442,
5118,33.35885005071759,0.6300588138401508,32.60401310399175,
5119,32.23527781665325,0.6419389974325895,31.468145083636045,
5120,32.086171908304095,0.6398789118975401,31.320206122472882,
5121,33.96109212189913,0.765977194532752,33.06994796730578,
5122,32.087584026157856,0.6434388924390078,31.319211004301906,
5123,32.27809886448085,0.6377038080245256,31.472216127440333,
5124,33.065784024074674,0.7854008581489325,32.14153996668756,
5125,32.392675057053566,0.6359878461807966,31.619961140677333,
5126,32.44135295972228,0.6335030775517225,31.68014297261834,
5127,34.144371980801225,0.6320029497146606,33.38808612897992,
5128,32.49878482893109,0.6360351108014584,31.738521996885538,
5129,32.43074589408934,0.643399078398943,31.664462061598897,
5130,33.50869310088456,0.6366157904267311,32.742721028625965,
5131,32.66745014116168,0.648043118417263,31.89413994550705,
5132,32.47100580483675,0.6454021204262972,31.699954997748137,
5133,32.620016019791365,0.646339962258935,31.84998594224453,
5134,32.870884984731674,0.641475897282362,32.105919905006886,
5135,32.42507390677929,0.6456160917878151,31.655133003368974,
5136,32.46597200632095,0.6404391024261713,31.70301904901862,
5137,34.69345113262534,0.6333619821816683,33.93623302690685,
5138,32.47398301027715,0.6369249895215034,31.70996787957847,
5139,32.421245938166976,0.6458291318267584,31.64944495074451,
5140,34.66418106108904,0.6382639985531569,33.90177804976702,
5141,32.544957008212805,0.637491000816226,31.765311025083065,
5142,32.45648508891463,0.6404807791113853,31.693118158727884,
5143,34.121565986424685,0.6395080126821995,33.35848404094577,
5144,32.53834694623947,0.6378819234669209,31.77674999460578,
5145,32.55317616276443,0.638043973594904,31.790999928489327,
5146,33.60119718126953,0.6461269222199917,32.83028304576874,
5147,32.54875913262367,0.6472559180110693,31.77509317174554,
5148,32.53460908308625,0.631517032161355,31.77482495084405,
5149,34.27523514255881,0.6399019621312618,33.51214108988643,
5150,32.556351041421294,0.6466989871114492,31.78625414147973,
5151,32.557118916884065,0.6469050422310829,31.784272054210305,
5152,33.664800925180316,0.775777967646718,32.7646981459111,
5153,32.487360993400216,0.6398481782525778,31.72009182162583,
5154,32.5717858504504,0.636667013168335,31.76570893265307,
5155,32.94644202105701,0.7802690379321575,32.02777681872249,
5156,32.504521775990725,0.644295010715723,31.736187869682908,
5157,32.66637120395899,0.6302411202341318,31.89721400849521,
5158,34.78402807377279,0.6704260595142841,33.988042967393994,
5159,32.89046906866133,0.654940027743578,32.11257001385093,
5160,32.790124183520675,0.6402709987014532,32.02432906255126,
5161,34.06479116529226,0.6350448820739985,33.30533509142697,
5162,32.957124058157206,0.6397690158337355,32.193908002227545,
5163,32.67647488974035,0.6400400307029486,31.90920501947403,
5164,33.49848208017647,0.6354949437081814,32.73860504850745,
5165,34.9920429289341,0.6362181156873703,34.233516780659556,
5166,32.73304901085794,0.6405359599739313,31.966356094926596,
5167,33.17509591579437,0.6349380128085613,32.415980007499456,
5168,35.282128024846315,0.6408730987459421,34.51658901758492,
5169,32.62369800359011,0.6496529094874859,31.849757069721818,
5170,33.086023991927505,0.6399278063327074,32.320452155545354,
5171,34.77294486947358,0.6432030349969864,34.00770295411348,
5172,32.78917307034135,0.6355021614581347,32.02852001413703,
5173,32.72170387208462,0.6336618680506945,31.951304990798235,
5174,34.199739806354046,0.6419140845537186,33.43404293991625,
5175,32.667919062078,0.633767805993557,31.910520046949387,
5176,32.52024087123573,0.6407198961824179,31.755801988765597,
5177,34.65131390839815,0.6358160171657801,33.891937928274274,
5178,32.520917942747474,0.6379960104823112,31.759037170559168,
5179,32.6291189994663,0.6379140540957451,31.86320886015892,
5180,34.137054812163115,0.6345650181174278,33.37910585105419,
5181,32.62625099159777,0.6407718174159527,31.860572984442115,
5182,32.52607095055282,0.643325038254261,31.759684905409813,
5183,33.88416999951005,0.6346479058265686,33.12302101403475,
5184,32.56092802621424,0.6402418948709965,31.794861890375614,
5185,32.707748003304005,0.6565519142895937,31.92412806674838,
5186,34.781903959810734,0.652907881885767,34.00326916016638,
5187,32.6811911072582,0.6474009715020657,31.909467885270715,
5188,32.540868036448956,0.6412449292838573,31.773914117366076,
5189,34.47274398058653,0.6484680343419313,33.68477593176067,
5190,32.436575973406434,0.634149881079793,31.679399078711867,
5191,32.57572208531201,0.6406859029084444,31.80842404253781,
5192,33.61818101257086,0.6419380661100149,32.85060892812908,
5193,32.57425711490214,0.6423380691558123,31.80599003098905,
5194,32.45259798131883,0.6397028919309378,31.68871207162738,
5195,32.79432514682412,0.786354998126626,31.882005045190454,
5196,32.71476714871824,0.6435620598495007,31.946532893925905,
5197,32.582060899585485,0.6483688484877348,31.776378164067864,
5198,32.83630800433457,0.8461179677397013,31.86390083283186,
5199,35.13596695847809,0.64330012537539,34.372768830507994,
5200,32.487188931554556,0.649299006909132,31.71244403347373,
5201,34.520645160228014,0.6385981105268002,33.757881028577685,
5202,35.1322500500828,0.6378102116286755,34.37121398746967,
5203,32.58346510119736,0.6448198109865189,31.809025211259723,
5204,34.234276972711086,0.6439450662583113,33.463434083387256,
5205,34.882473992183805,0.6415268871933222,34.10545689985156,
5206,32.130555948242545,0.6455450784415007,31.360266963019967,
5207,34.25135393626988,0.6412670481950045,33.46829186193645,
5208,34.42100598476827,0.6424279417842627,33.65535591728985,
5209,32.323163002729416,0.6429941859096289,31.55374596826732,
5210,34.064013976603746,0.6443781312555075,33.29110983759165,
5211,34.12235900759697,0.6405150052160025,33.36140909232199,
5212,32.17972186394036,0.6461450830101967,31.407640082761645,
5213,33.849264960736036,0.634821830317378,33.09034020639956,
5214,33.58732699416578,0.6389350164681673,32.8187420964241,
5215,32.32489782385528,0.6451639346778393,31.553890090435743,
5216,33.158876933157444,0.6393850781023502,32.39281591959298,
5217,32.549638068303466,0.6406221073120832,31.783711863681674,
5218,32.194663072004914,0.649274094030261,31.421120977029204,
5219,32.29280700907111,0.6446030456572771,31.522921985015273,
5220,34.09903892315924,0.6361189298331738,33.334235893562436,
5221,32.35396300442517,0.6677480414509773,31.545510981231928,
5222,32.05228899605572,0.6598499603569508,31.268771970644593,
5223,33.75813411548734,0.6488251965492964,32.985854893922806,
5224,32.02795097604394,0.6453429814428091,31.2588419765234,
5225,32.32321189716458,0.6434388924390078,31.555394176393747,
5226,34.10646482370794,0.6451399531215429,33.33519515581429,
5227,32.57305710576475,0.6365068256855011,31.757732154801488,
5228,32.07760606892407,0.6556699518114328,31.29073092713952,
5229,34.146592020988464,0.6545940414071083,33.36700005456805,
5230,32.19343605451286,0.6447772029787302,31.42753685824573,
5231,32.37372590228915,0.6358169484883547,31.615249114111066,
5232,32.63494209386408,0.6465080659836531,31.86398488469422,
5233,34.9074169062078,0.6343461573123932,34.142127027735114,
5234,31.940727028995752,0.6468940991908312,31.168372835963964,
5235,32.4533770326525,0.7808059453964233,31.546904938295484,
5236,33.99443696253002,0.6448070053011179,33.22439012117684,
5237,32.44743007235229,0.640972051769495,31.668157083913684,
5238,32.57589181885123,0.8668960072100163,31.552810920402408,
5239,33.180894795805216,0.6590159609913826,32.39631396718323,
5240,32.253550132736564,0.6526492070406675,31.476769829168916,
5241,33.973084995523095,0.643762992694974,33.20684703066945,
5242,32.434534979984164,0.642803031951189,31.667148927226663,
5243,32.386149978265166,0.6341920234262943,31.627435004338622,
5244,33.19397591985762,0.6453839596360922,32.42158913053572,
5245,32.799360109493136,0.6389869377017021,32.03481202945113,
5246,32.245941925793886,0.6465050391852856,31.47470997646451,
5247,32.40063600242138,0.6398740224540234,31.63264994509518,
5248,33.96484884433448,0.6620630156248808,33.17632502876222,
5249,32.382146921008825,0.6525549106299877,31.604743096977472,
5250,32.279008999466896,0.6431580986827612,31.51251282542944,
5251,33.332598861306906,0.6439690478146076,32.564341090619564,
5252,32.549602910876274,0.6474549882113934,31.776152085512877,
5253,32.41395903751254,0.647412845864892,31.632987083867192,
5254,34.63125880807638,0.6393669173121452,33.86225108988583,
5255,32.61314006522298,0.6303880363702774,31.85907006263733,
5256,32.604636158794165,0.6423129234462976,31.839515082538128,
5257,33.87147979810834,0.63470215536654,33.11304189264774,
5258,34.89626105874777,0.6444789469242096,34.1254360973835,
5259,32.44367986917496,0.63932198099792,31.680244021117687,
5260,33.653279999271035,0.6561619229614735,32.8728670720011,
5261,34.891000017523766,0.6343219429254532,34.129849867895246,
5262,32.60152507573366,0.6318129599094391,31.841946998611093,
5263,33.14646799117327,0.6484289187937975,32.37274009734392,
5264,34.70412688329816,0.6430880166590214,33.93775690346956,
5265,32.38511201925576,0.6428959313780069,31.62048989906907,
5266,32.93917514383793,0.6999960169196129,32.11299888789654,
5267,33.95537193864584,0.6435329560190439,33.187983091920614,
5268,32.62917906977236,0.6519381422549486,31.848657876253128,
5269,32.69894397817552,0.8088720496743917,31.74728900194168,
5270,33.24690391309559,0.6377107929438353,32.48391719534993,
5271,32.549882074818015,0.643871957436204,31.782408943399787,
5272,32.772679114714265,0.7770180236548185,31.873011030256748,
5273,32.615754986181855,0.7135129999369383,31.776118092238903,
5274,32.646687934175134,0.6448111962527037,31.87475400045514,
5275,34.47659593075514,0.702710822224617,33.64795399829745,
5276,32.832283060997725,0.6428898777812719,32.06162713468075,
5277,32.57633186876774,0.6459248252213001,31.80553112179041,
5278,34.03351595625281,0.6896988488733768,33.21574814617634,
5279,33.99461600929499,0.6496729329228401,33.21344708092511,
5280,33.08085212484002,0.6356928497552872,32.32251014560461,
5281,36.52480198070407,0.6339901592582464,35.76616197824478,
5282,34.63499713689089,0.6474500987678766,33.862822921946645,
5283,32.54173300229013,0.6361829582601786,31.780062010511756,
5284,34.07945786602795,0.6405489984899759,33.31309207715094,
5285,32.928325003013015,0.6430430803447962,32.14767505414784,
5286,33.11983705498278,0.6568480748683214,32.33881713822484,
5287,35.51353677175939,0.6449469365179539,34.74401799030602,
5288,33.40620384551585,0.648509943857789,32.6323751360178,
5289,32.68587798811495,0.6358418613672256,31.921055167913437,
5290,33.35644397884607,0.6383229047060013,32.599625177681446,
5291,35.25714413262904,0.6596199236810207,34.39381206408143,
5292,35.455163102597,2.5923249777406454,32.732010120525956,
5293,33.824241952970624,0.6622220389544964,33.03703595884144,
5294,33.90628518536687,0.6536359433084726,33.127808943390846,
5295,33.396322978660464,0.6535940337926149,32.61797712184489,
5296,36.33890184573829,0.6617128383368254,35.551587119698524,
5297,33.089580945670605,0.6401028949767351,32.326037995517254,
5298,33.04542601108551,0.6385771557688713,32.2835638653487,
5299,33.58574886806309,0.6330031901597977,32.828775933012366,
5300,37.61785407550633,0.6502380128949881,36.842231173068285,
5301,32.84283401444554,0.642233993858099,32.06495218910277,
5302,34.03727593831718,0.6555288564413786,33.17572898231447,
5303,37.32018102891743,3.379613859578967,33.8114220649004,
5304,32.68786799162626,0.6463290192186832,31.91901301033795,
5305,34.39810802228749,0.6393799558281898,33.635079860687256,
5306,34.662958001717925,0.6460649892687798,33.891941886395216,
5307,32.820704160258174,0.6507379002869129,32.0418041665107,
5308,34.495566971600056,0.6457190029323101,33.721850952133536,
5309,34.76668195798993,0.6457110866904259,33.99775503203273,
5310,32.89634012617171,0.6404148880392313,32.132530119270086,
5311,34.39790313132107,0.6407040636986494,33.63325889222324,
5312,34.81917409226298,0.6482831668108702,34.045700915157795,
5313,32.855032943189144,0.6462018936872482,32.08202705718577,
5314,34.487501019611955,0.6419538985937834,33.72090612538159,
5315,34.89011502824724,0.6357461679726839,34.12677487358451,
5316,32.874390948563814,0.6347890011966228,32.11495699360967,
5317,34.235455095767975,0.6431939546018839,33.45750807784498,
5318,34.73226190544665,0.6991468835622072,33.90622907318175,
5319,32.5413451064378,0.6646881811320782,31.750499038025737,
5320,34.35741504654288,0.6551090627908707,33.57586683705449,
5321,34.22151715494692,0.6572760175913572,33.43779896385968,
5322,32.49694802798331,0.6454961840063334,31.726749846711755,
5323,34.165744902566075,0.6500049494206905,33.383989008143544,
5324,34.21862004324794,0.7014460861682892,33.3910770714283,
5325,32.80320297926664,0.6448428612202406,32.032499089837074,
5326,34.02945795096457,0.7052430883049965,33.19856710731983,
5327,33.87478203512728,0.6546119693666697,33.09531998820603,
5328,34.622706938534975,0.6852359510958195,33.81145093590021,
5329,33.839461859315634,0.6377170793712139,33.07818388566375,
5330,33.80297217518091,0.6386179011315107,33.04080502130091,
5331,34.987018909305334,0.6424698513001204,34.22007919289172,
5332,34.13076093420386,0.6414100062102079,33.361078007146716,
5333,34.201415022835135,0.6439699791371822,33.41953502967954,
5334,34.31317093782127,0.639085192233324,33.547324826940894,
5335,34.2269791290164,0.6469390355050564,33.45537604764104,
5336,34.23676500096917,0.657765893265605,33.4504519123584,
5337,34.615169977769256,0.6429359782487154,33.844961086288095,
5338,33.627435099333525,0.7723381277173758,32.73057588376105,
5339,34.2091410420835,0.6560799665749073,33.4269090089947,
5340,34.853236051276326,0.64106285572052,34.06105819158256,
5341,33.217839896678925,0.8307390380650759,32.255869125947356,
5342,34.09114200621843,0.6501448806375265,33.316131914034486,
5343,34.94183998554945,0.6456889677792788,34.13725714199245,
5344,33.124195877462626,0.8597609121352434,32.129327999427915,
5345,34.09902495332062,0.6594189908355474,33.313247142359614,
5346,34.880138002336025,0.7008640095591545,34.04923318885267,
5347,33.46918197348714,0.8278961759060621,32.49631589278579,
5348,34.139285795390606,0.644515035673976,33.370411954820156,
5349,34.44851702079177,0.6506489589810371,33.66229310631752,
5350,33.02465006709099,0.7857580203562975,32.11278887465596,
5351,33.86957501061261,0.6405189633369446,33.10597804374993,
5352,34.0149300172925,0.6437799893319607,33.247155137360096,
5353,33.81123603321612,0.6425771862268448,33.043334959074855,
5354,33.48623402416706,0.6738181691616774,32.688198843970895,
5355,33.94169197417796,0.6491930689662695,33.169877948239446,
5356,33.62783300690353,0.6417329423129559,32.86186093464494,
5357,33.58287503942847,0.6494799163192511,32.81120513565838,
5358,33.445165026932955,0.6456209812313318,32.6751300599426,
5359,33.47196104004979,0.6425899919122458,32.705388963222504,
5360,33.33329316228628,0.6975899450480938,32.50901214778423,
5361,33.03858684375882,0.6440489087253809,32.270906027406454,
5362,32.86347701214254,0.6487781647592783,32.090450869873166,
5363,32.83016895875335,0.6467739585787058,32.0570410694927,
5364,32.132661901414394,0.6502820178866386,31.35732188820839,
5365,32.26066008210182,0.6442070007324219,31.481780810281634,
5366,34.01493211276829,0.6477900315076113,33.240261022001505,
5367,32.01781399548054,0.6700488738715649,31.221316196024418,
5368,32.08228386938572,0.7170489989221096,31.239934032782912,
5369,33.47734618000686,0.6453199312090874,32.70990098826587,
5370,32.06172795034945,0.6522799376398325,31.285584205761552,
5371,32.229228876531124,0.6481790915131569,31.45023202523589,
5372,32.421221025288105,0.691449036821723,31.60461806692183,
5373,32.184740994125605,0.656432006508112,31.4046130515635,
5374,32.315902877599,0.655412906780839,31.53580497018993,
5375,32.17893303371966,0.6480461452156305,31.406997004523873,
5376,32.285074004903436,0.6458680145442486,31.513925874605775,
5377,34.79637810960412,0.6404370069503784,34.03089218772948,
5378,32.196358079090714,0.7797849830240011,31.290622195228934,
5379,33.453403040766716,0.6368670146912336,32.69088501110673,
5380,34.27718603052199,0.655369134619832,33.497008960694075,
5381,32.65640698373318,0.7683211006224155,31.751420814543962,
5382,34.412410110235214,0.6478279829025269,33.64150901325047,
5383,34.33121182024479,0.6344309076666832,33.570236060768366,
5384,32.43172587826848,0.7740228902548552,31.534533947706223,
5385,34.44721992127597,0.6455909460783005,33.67672208696604,
5386,33.79813092760742,0.6394840311259031,32.99700701609254,
5387,32.99905499443412,0.860277097672224,31.995829893276095,
5388,34.12563097663224,0.6435881368815899,33.35807588882744,
5389,33.68972893804312,0.6342269480228424,32.93232014402747,
5390,34.00846407748759,0.6455688271671534,33.2395532168448,
5391,34.21677090227604,0.6506969220936298,33.44170097261667,
5392,33.2514529582113,0.6507639773190022,32.477620989084244,
5393,34.59776216186583,0.6474030669778585,33.83187297731638,
5394,34.0571419801563,0.6424179300665855,33.28609908930957,
5395,32.9885589890182,0.6408181507140398,32.22204186022282,
5396,34.28237000480294,0.6439259741455317,33.51277415640652,
5397,34.32496916502714,0.6479669827967882,33.54269498959184,
5398,32.759911846369505,0.647751847282052,31.988937174901366,
5399,34.6825229935348,0.6487329956144094,33.909855876117945,
5400,34.05099990777671,0.6530960090458393,33.27350108884275,
5401,32.787567935884,0.6336609367281199,32.03052515164018,
5402,34.27455108612776,0.6400670390576124,33.50919787772,
5403,33.952119993045926,0.638880068436265,33.1886678468436,
5404,32.484936993569136,0.6437031552195549,31.71876003034413,
5405,34.18161510489881,0.6455020047724247,33.41373382136226,
5406,33.32425584085286,0.6429068744182587,32.55714615806937,
5407,32.77469985187054,0.6381380371749401,32.00674615800381,
5408,33.48839213140309,0.637071905657649,32.725346041843295,
5409,34.31637701578438,0.6407271139323711,33.550071995705366,
5410,32.49252703972161,0.6474629044532776,31.719407998025417,
5411,33.32625492475927,0.6388449110090733,32.56279998458922,
5412,34.590363036841154,0.6385520100593567,33.82545686326921,
5413,32.86978090181947,0.6436789408326149,32.091590110212564,
5414,32.95211400836706,0.639178091660142,32.18686510808766,
5415,34.85387796536088,0.640195095911622,34.08977296203375,
5416,32.83510287292302,0.6441539153456688,32.065893057733774,
5417,32.91564108803868,0.6893498357385397,32.09731401875615,
5418,34.020365914329886,0.6513530388474464,33.24545011855662,
5419,32.935188151896,0.6737408693879843,32.13747311383486,
5420,33.02175994031131,0.654564006254077,32.240779139101505,
5421,33.593644853681326,0.6519730668514967,32.81919099390507,
5422,32.76655194349587,0.6584080401808023,31.980158062651753,
5423,33.04358501918614,0.6336260121315718,32.28532802313566,
5424,32.89190703071654,0.6334430072456598,32.13538113050163,
5425,32.9207859467715,0.6381119601428509,32.157967099919915,
5426,35.34324187785387,0.6951070390641689,34.51804514043033,
5427,32.868599984794855,0.6738749798387289,32.06931799650192,
5428,32.759713008999825,0.6504578050225973,31.984063098207116,
5429,35.129066091030836,0.6456971168518066,34.34460796415806,
5430,32.367917941883206,0.6399268750101328,31.604155199602246,
5431,32.57411392405629,0.6583109498023987,31.794340116903186,
5432,34.30511290207505,0.6456070113927126,33.535020891577005,
5433,32.61753614060581,0.6427720654755831,31.84598498046398,
5434,32.5117320753634,0.6438170094043016,31.7437001504004,
5435,33.70951605029404,0.6426170002669096,32.939505064859986,
5436,32.42848813533783,0.6548119708895683,31.649584881961346,
5437,32.85055188462138,0.6580560002475977,32.06700109876692,
5438,32.76065504178405,0.6459800060838461,31.989407958462834,
5439,32.580859027802944,0.7811030372977257,31.67620999738574,
5440,34.47810094803572,0.648468965664506,33.70671207085252,
5441,32.597688026726246,0.6466989871114492,31.826047925278544,
5442,32.51886018551886,0.7709620986133814,31.62430110387504,
5443,34.064858919009566,0.6475979462265968,33.29356503672898,
5444,32.48926089145243,0.6454610265791416,31.668701907619834,
5445,33.546172082424164,0.7844988722354174,32.61926909908652,
5446,33.544784877449274,0.6531018298119307,32.767620170488954,
5447,32.4518159031868,0.6459238938987255,31.682706205174327,
5448,34.336058888584375,0.6446109618991613,33.56306813657284,
5449,33.06818986311555,0.639461213722825,32.29989297688007,
5450,32.577038975432515,0.6425650790333748,31.811740016564727,
5451,33.63840305246413,0.6434980314224958,32.87047683261335,
5452,34.395925933495164,0.6415201351046562,33.63095689564943,
5453,32.46467118151486,0.656472984701395,31.68376418761909,
5454,33.36783801205456,0.6453949026763439,32.60143590159714,
5455,34.00466381572187,0.6485239136964083,33.22943998500705,
5456,32.55219501443207,0.6617298349738121,31.76618809811771,
5457,32.822264125570655,0.6492799147963524,32.0480321533978,
5458,33.443333115428686,0.6372439675033092,32.678212970495224,
5459,32.47752087190747,0.6507530342787504,31.703985994681716,
5460,35.25773691944778,0.6433171220123768,34.48929497972131,
5461,32.81941986642778,0.6440870929509401,32.03547792509198,
5462,32.262729946523905,0.6406540051102638,31.496457988396287,
5463,34.48811499401927,0.6406169850379229,33.72201812453568,
5464,32.490473007783294,0.6503639742732048,31.715773046016693,
5465,32.21546206623316,0.6426258478313684,31.449815956875682,
5466,33.87086605653167,0.6475390400737524,33.10049697756767,
5467,32.23324008285999,0.6486030761152506,31.461413949728012,
5468,32.35420887358487,0.645879190415144,31.58358298242092,
5469,32.82578894868493,0.641942024230957,32.05984900705516,
5470,32.28611405938864,0.6470039952546358,31.51108301244676,
5471,32.30936313048005,0.675746938213706,31.507692066952586,
5472,32.285045832395554,0.6497849244624376,31.50991490110755,
5473,32.21095004118979,0.6473870016634464,31.44019702449441,
5474,34.42468401044607,0.6522010080516338,33.64560892805457,
5475,32.253690995275974,0.6637030746787786,31.459965044632554,
5476,32.477868953719735,0.8011700119823217,31.551057938486338,
5477,33.70460798032582,0.6504449993371964,32.91744505986571,
5478,32.05584897659719,0.6462531164288521,31.267768004909158,
5479,32.79422502964735,0.8721300400793552,31.781302066519856,
5480,32.890792936086655,0.6619500927627087,32.10534784011543,
5481,32.168797217309475,0.654011033475399,31.388055998831987,
5482,33.63668220117688,0.6506999488919973,32.86225511692464,
5483,34.12574203684926,0.6527139339596033,33.34940713830292,
5484,32.090373104438186,0.656970078125596,31.304006930440664,
5485,34.559721825644374,0.7146780844777822,33.72092708013952,
5486,33.63896091468632,0.640493119135499,32.87387196905911,
5487,32.17283193953335,0.6478889845311642,31.400884967297316,
5488,34.472599159926176,0.643349951133132,33.70621707290411,
5489,33.707048976793885,0.6512741092592478,32.93063584715128,
5490,32.06530190072954,0.6412740331143141,31.300548929721117,
5491,33.94043515436351,0.6391899660229683,33.17792201414704,
5492,32.844144152477384,0.6459788419306278,32.07077318802476,
5493,32.18699409626424,0.6356569938361645,31.409834045916796,
5494,33.112687058746815,0.6602650973945856,32.32768806628883,
5495,31.758056953549385,0.6584750954061747,30.976827954873443,
5496,31.86330385506153,0.6411089561879635,31.101324129849672,
5497,32.16323000378907,0.6519490852952003,31.387935858219862,
5498,31.828034901991487,0.6387268658727407,31.070586992427707,
5499,32.29635115712881,0.6396418903023005,31.53318609111011,
5500,31.85549797490239,0.6516259163618088,31.079785898327827,
5501,32.14782988652587,0.6381571292877197,31.38623689301312,
5502,33.9699680916965,0.6470850203186274,33.19924999959767,
5503,32.16345584951341,0.6496140267699957,31.388498144224286,
5504,32.06229885108769,0.7833170238882303,31.155452830716968,
5505,33.541291020810604,0.6509728264063597,32.76752610690892,
5506,31.81141195818782,0.6376469973474741,31.0468680690974,
5507,34.00450199842453,0.6407450418919325,33.23698206804693,
5508,33.589248079806566,0.6433818489313126,32.82066318206489,
5509,32.5574919115752,0.6448780186474323,31.775212148204446,
5510,34.744733944535255,0.647353008389473,33.97191083058715,
5511,34.59672397002578,0.6500841118395329,33.822295954450965,
5512,32.18516614288092,0.656581949442625,31.405198154971004,
5513,34.705667989328504,0.6543570198118687,33.92662899568677,
5514,34.14216102100909,0.6518301088362932,33.36656396277249,
5515,32.55165810696781,0.6537400186061859,31.771034002304077,
5516,34.191229147836566,0.6414628587663174,33.424986992031336,
5517,34.25629809498787,0.6447099149227142,33.48885220475495,
5518,32.18571003526449,0.6483551114797592,31.41285595484078,
5519,33.85782311670482,0.6405040621757507,33.09347713366151,
5520,33.65183086134493,0.6470091175287962,32.87858492694795,
5521,32.58546511642635,0.6409320048987865,31.819012016057968,
5522,32.95638388954103,0.6469788495451212,32.186160096898675,
5523,33.10870099812746,0.6457110866904259,32.33967488631606,
5524,32.2155118919909,0.6458358839154243,31.44355514086783,
5525,32.65133313834667,0.6473120301961899,31.866583041846752,
5526,32.2429989464581,0.6512568797916174,31.469617038965225,
5527,32.70569094456732,0.6464079488068819,31.935194972902536,
5528,32.31512801721692,0.6531151011586189,31.537367962300777,
5529,32.67360804602504,0.6420519202947617,31.90932795405388,
5530,32.41165215149522,0.6451208610087633,31.642409041523933,
5531,32.68774598836899,0.6530610844492912,31.910386867821217,
5532,32.28896507062018,0.6501469761133194,31.514294911175966,
5533,33.55724993161857,0.6400300189852715,32.79167087748647,
5534,32.25737111642957,0.6498231086879969,31.48231189697981,
5535,32.90862403810024,0.6476379930973053,32.13386703282595,
5536,34.22082797624171,0.6435590330511332,33.44934806227684,
5537,32.69031294621527,0.6439331918954849,31.923506874591112,
5538,34.08893197774887,0.9492479730397463,33.011962193995714,
5539,34.43628503009677,0.6433660164475441,33.66944706067443,
5540,32.29589504189789,0.6588499527424574,31.5116869751364,
5541,35.33815196715295,0.7825689390301704,34.42051098681986,
5542,34.55537301488221,0.6465078331530094,33.782601123675704,
5543,32.74330892600119,0.651984941214323,31.967972172424197,
5544,35.62449384480715,0.7807400543242693,34.72299315035343,
5545,34.557647071778774,0.6489590741693974,33.78155780956149,
5546,32.93099696747959,0.6533348932862282,32.15169091708958,
5547,35.23497702553868,0.7820641621947289,34.32679898105562,
5548,34.73266982473433,0.6583188660442829,33.949004020541906,
5549,32.70558011718094,0.6542899645864964,31.92514693364501,
5550,35.68601701408625,0.7835759315639734,34.77797005325556,
5551,34.65530718676746,0.6489250808954239,33.88281399384141,
5552,32.90873416699469,0.6555449217557907,32.12655591778457,
5553,35.45735403895378,0.7805530913174152,34.54771894030273,
5554,34.89797096699476,0.6483029574155807,34.12601491436362,
5555,32.749151112511754,0.6466710474342108,31.9789070636034,
5556,35.40700604207814,0.656364019960165,34.62569694966078,
5557,34.71106290817261,0.647564884275198,33.9254520367831,
5558,32.93157718144357,0.6558760069310665,32.14863291941583,
5559,35.11659591458738,0.6617140024900436,34.32778804562986,
5560,34.493487095460296,0.6500978488475084,33.7173321750015,
5561,32.77014894410968,0.6506841164082289,31.99490485712886,
5562,35.72770394384861,0.6405259482562542,34.96053791604936,
5563,33.73897587880492,0.653320923447609,32.96118299476802,
5564,32.97127690166235,0.653768889605999,32.1957201231271,
5565,35.5673071462661,0.6497851572930813,34.79133383370936,
5566,34.244918962940574,0.6451928056776524,33.452900126576424,
5567,32.92212705127895,0.7841070182621479,32.010696129873395,
5568,36.019557155668736,0.7254350930452347,35.1707530207932,
5569,33.396969083696604,0.7009091787040234,32.56785497069359,
5570,32.97735098749399,0.6929989904165268,32.15560712851584,
5571,35.66185897216201,0.6842620205134153,34.849905176088214,
5572,34.130829153582454,0.6920979358255863,33.31115911714733,
5573,32.51950512640178,0.6727920845150948,31.707596965134144,
5574,35.595778841525316,0.6709771696478128,34.79907102882862,
5575,33.814061898738146,0.7042749784886837,32.9822669737041,
5576,32.75564289651811,0.6823150906711817,31.947053968906403,
5577,35.25955998338759,0.6839130073785782,34.448093036189675,
5578,34.54679693095386,0.6875770632177591,33.73273694887757,
5579,32.47131803072989,0.6649740971624851,31.681747874245048,
5580,35.40851688012481,0.6670770235359669,34.61260907351971,
5581,34.20024807564914,0.6625510286539793,33.4126278758049,
5582,32.77583420276642,0.6617649924010038,31.980740139260888,
5583,34.89517094567418,0.6700248923152685,34.09739793278277,
5584,34.83706503175199,0.6717629730701447,34.02310307137668,
5585,32.58770192041993,0.7191970944404602,31.740723876282573,
5586,35.348933190107346,0.7155390921980143,34.51138408854604,
5587,34.032040974125266,0.6899049039930105,33.216826152056456,
5588,32.79999899677932,0.6821679417043924,31.99139004573226,
5589,34.60630401968956,0.6798149552196264,33.79058395512402,
5590,35.30398290604353,0.6790200714021921,34.49705406092107,
5591,32.27258613333106,0.6720740348100662,31.47525410167873,
5592,34.840756095945835,0.6737548392266035,34.03661516495049,
5593,34.69199291430414,0.6711259484291077,33.899784088134766,
5594,32.81534998677671,0.6812638603150845,32.00555103830993,
5595,34.379520220682025,0.719612929970026,33.52538892067969,
5596,35.20620986819267,0.6764910649508238,34.403116907924414,
5597,32.292514806613326,0.7240860722959042,31.43960004672408,
5598,34.53978896141052,0.6557931192219257,33.758076839149,
5599,34.58571597002447,0.6749329622834921,33.77946885302663,
5600,32.77366817928851,0.6660588551312685,31.981925014406443,
5601,33.91202702187002,0.6640739738941193,33.11881190165877,
5602,34.87181314267218,0.6672278977930546,34.07357004471123,
5603,32.31787797994912,0.677863834425807,31.50910511612892,
5604,34.04442383907735,0.6660521030426025,33.24940497986972,
5605,33.537353156134486,0.6629349663853645,32.734102103859186,
5606,31.370026990771294,0.6745648570358753,30.57449613697827,
5607,32.145743956789374,0.6608050316572189,31.362855108454823,
5608,33.08413806371391,0.6592879071831703,32.297326950356364,
5609,31.77330596372485,0.6620229687541723,30.937713105231524,
5610,31.555538065731525,0.8206490892916918,30.60180996544659,
5611,32.39919198676944,0.6496990099549294,31.6305139567703,
5612,31.454255804419518,0.6445329636335373,30.686110956594348,
5613,33.10654382221401,0.6506128702312708,32.33143105171621,
5614,31.60917479544878,0.6531700491905212,30.830100877210498,
5615,31.754886033013463,0.6485560443252325,30.97745287232101,
5616,31.758741941303015,0.643514096736908,30.989212915301323,
5617,34.455806016922,0.661343103274703,33.66701980121434,
5618,31.52942704036832,0.6578341126441956,30.74505878612399,
5619,31.75641898997128,0.6632739678025246,30.966714955866337,
5620,33.528764033690095,0.6519469898194075,32.74702210910618,
5621,33.2380800973624,0.6461329758167267,32.45552605949342,
5622,32.01302490197122,0.6657179910689592,31.22343309223652,
5623,32.89547888562083,0.6604278460144997,32.111145090311766,
5624,33.93880114890635,0.6470319349318743,33.16490305587649,
5625,32.314500072970986,0.6439760327339172,31.546328915283084,
5626,32.169765094295144,0.6542140617966652,31.393577810376883,
5627,34.109083004295826,0.6502841133624315,33.33086986094713,
5628,32.21950796432793,0.7059639319777489,31.386604998260736,
5629,32.46540087275207,0.7914851885288954,31.550150830298662,
5630,33.4299870301038,0.6559290923178196,32.64493099413812,
5631,32.371174078434706,0.6535961292684078,31.567453872412443,
5632,32.30971400626004,0.7891352288424969,31.396361999213696,
5633,32.48747391626239,0.6501241587102413,31.712126918137074,
5634,32.18063712120056,0.6476088892668486,31.406518071889877,
5635,34.03468197211623,0.6652751471847296,33.24326779693365,
5636,32.45898010209203,0.6606811657547951,31.6725829616189,
5637,32.575422897934914,0.65415701828897,31.785173108801246,
5638,33.378173829987645,0.6561810150742531,32.597125973552465,
5639,33.71358779259026,0.6581218913197517,32.9300609882921,
5640,32.48368087224662,0.6575151346623898,31.698322854936123,
5641,32.8211288433522,0.6475441623479128,32.04797185026109,
5642,34.927086904644966,0.6535209249705076,34.15129496715963,
5643,32.59811387397349,0.6503809709101915,31.82138199917972,
5644,32.426062040030956,0.6580399349331856,31.643009977415204,
5645,34.362778067588806,0.6531300023198128,33.58607413247228,
5646,32.55064599215984,0.6507218349725008,31.774578150361776,
5647,32.59507194161415,0.6559998728334904,31.816923059523106,
5648,33.39414414949715,0.6532578263431787,32.616431126371026,
5649,32.78134996071458,0.6586280651390553,31.99644200503826,
5650,32.47888898476958,0.6603652145713568,31.693256925791502,
5651,32.6275210827589,0.640269136056304,31.862366944551468,
5652,34.97755900025368,0.6516759749501944,34.19869509525597,
5653,32.82129601575434,0.6470989901572466,32.03876502811909,
5654,32.74611011147499,0.657576834782958,31.963173067197204,
5655,35.02453910186887,0.6561838090419769,34.244480077177286,
5656,32.74483885616064,0.6468039937317371,31.97315987199545,
5657,32.79812401160598,0.6457050330936909,32.02897706069052,
5658,34.97601789422333,0.6972260307520628,34.15472689084709,
5659,32.75468619540334,0.6817509420216084,31.949606025591493,
5660,32.676273956894875,0.6530899554491043,31.900784000754356,
5661,34.68566411174834,0.6409359630197287,33.920069923624396,
5662,32.68137387931347,0.6499048322439194,31.906898133456707,
5663,32.723255921155214,0.6456919945776463,31.95292199961841,
5664,34.160115057602525,0.6583540234714746,33.373106038197875,
5665,32.772284001111984,0.6958791054785252,31.95076691918075,
5666,32.789611956104636,0.787405064329505,31.874509993940592,
5667,33.635436091572046,0.6443120073527098,32.86481206305325,
5668,32.64450584538281,0.6489709485322237,31.869469908997416,
5669,32.96396601945162,0.7876090239733458,32.04071894288063,
5670,33.130242954939604,0.6607410032302141,32.345418818295,
5671,32.88718522526324,0.652677845209837,32.08046616055071,
5672,33.824912970885634,0.8539699483662844,32.825015950948,
5673,34.64957606047392,0.6509271916002035,33.872646978124976,
5674,32.989182975143194,0.649336026981473,32.2149449493736,
5675,34.353740978986025,0.7478760089725256,33.48079789429903,
5676,35.63918313011527,0.6467909552156925,34.86598492600024,
5677,32.86144300363958,0.651458976790309,32.05835004337132,
5678,33.86375796981156,0.8403169922530651,32.88842597976327,
5679,35.52707005292177,0.6546929944306612,34.74398911930621,
5680,33.09387504123151,0.6505630444735289,32.276758924126625,
5681,33.728894079104066,0.8547981269657612,32.72686689160764,
5682,35.8345799613744,0.7130599115043879,34.99032906256616,
5683,32.93145401403308,0.7117460481822491,32.05813001841307,
5684,33.84447004646063,0.860556960105896,32.8506191726774,
5685,35.49658809788525,0.6550629623234272,34.707266837358475,
5686,32.85272093489766,0.6520578172057867,32.05401706509292,
5687,33.7251101154834,0.846134964376688,32.738570123910904,
5688,35.43663490563631,0.6489017978310585,34.66413915157318,
5689,32.75140095502138,0.6498740985989571,31.971427844837308,
5690,34.02567794546485,0.8140429854393005,33.092892030254006,
5691,35.32272716984153,0.6501511670649052,34.54831289127469,
5692,32.89112192578614,0.6560580804944038,32.103017903864384,
5693,33.907589968293905,0.8384590037167072,32.94069296680391,
5694,35.160745959728956,0.6479311268776655,34.38945207744837,
5695,32.76872797869146,0.6547740194946527,31.98669315315783,
5696,34.32471305131912,0.7418619934469461,33.4572340361774,
5697,35.07571388036013,0.6619768682867289,34.2871870379895,
5698,32.867674017325044,0.6536978762596846,32.091211061924696,
5699,34.07151508145034,0.7756720297038555,33.17285398952663,
5700,34.99457100406289,0.6583530921489,34.21182185411453,
5701,32.61061501689255,0.6428000051528215,31.833003973588347,
5702,34.518406027927995,0.6431988440454006,33.750421134755015,
5703,34.65005289763212,0.6437578704208136,33.880965085700154,
5704,32.80962212011218,0.6516319699585438,32.035100972279906,
5705,34.222207963466644,0.6492119282484055,33.45114202238619,
5706,34.58880912512541,0.6521958857774734,33.812724985182285,
5707,32.62096410617232,0.6537218578159809,31.843421049416065,
5708,34.714679000899196,0.6615838501602411,33.92957313917577,
5709,34.082381054759026,0.6396938115358353,33.31962018273771,
5710,32.777144107967615,0.6546440999954939,31.999466940760612,
5711,34.49132316745818,0.6499739829450846,33.71838293969631,
5712,34.0929648373276,0.6529330275952816,33.31577894277871,
5713,32.57467900402844,0.6588459946215153,31.791543122380972,
5714,34.386859042569995,0.6543828640133142,33.60783401876688,
5715,33.390105003491044,0.6556909065693617,32.611096976324916,
5716,32.815343933179975,0.6542738992720842,32.0382381323725,
5717,33.73002586886287,0.6475308910012245,32.94366202317178,
5718,32.6565511059016,0.6492789834737778,31.88183601014316,
5719,32.21153002232313,0.6602848879992962,31.427707988768816,
5720,33.05287612602115,0.649911118671298,32.27832680568099,
5721,32.13362907990813,0.6485749036073685,31.360997119918466,
5722,32.430658116936684,0.6503080949187279,31.65625501424074,
5723,32.18377800658345,0.696465140208602,31.359747983515263,
5724,32.31405885890126,0.6572720594704151,31.531909946352243,
5725,34.41096283495426,0.6488109938800335,33.63814204931259,
5726,32.360885059461,0.6605018861591816,31.57485811971128,
5727,32.21082198433578,0.6669631693512201,31.419076956808567,
5728,34.12571898661554,0.667450949549675,33.333790954202414,
5729,32.196461921557784,0.653641065582633,31.41832910478115,
5730,32.37613011151552,0.6415529642254114,31.6085668746382,
5731,34.154280088841915,0.6558129098266363,33.374194987118244,
5732,32.39739197306335,0.6536678411066532,31.625050120055676,
5733,32.04781119711697,0.6446279585361481,31.268384074792266,
5734,34.44824391044676,0.6472249515354633,33.67614792659879,
5735,32.08918799646199,0.6496130954474211,31.316742999479175,
5736,32.032474875450134,0.6541728507727385,31.25212318263948,
5737,33.652661833912134,0.6729441229254007,32.856744015589356,
5738,32.00114518404007,0.6499469745904207,31.227644998580217,
5739,32.13424910791218,0.7913429290056229,31.217414885759354,
5740,32.516911160200834,0.6523239426314831,31.741946004331112,
5741,32.03798504546285,0.642979983240366,31.266828067600727,
5742,33.76983408816159,0.6420661229640245,33.00214605405927,
5743,32.02156908810139,0.6565519142895937,31.242639990523458,
5744,32.030811067670584,0.6533290725201368,31.254442874342203,
5745,32.907091081142426,0.6588699761778116,32.125337049365044,
5746,31.982026994228363,0.6512240506708622,31.206742860376835,
5747,32.23629016429186,0.651204027235508,31.458586920052767,
5748,32.001035986468196,0.6409210618585348,31.23208088800311,
5749,32.43554616346955,0.6398849654942751,31.65680100210011,
5750,34.438293194398284,0.6569691468030214,33.658730797469616,
5751,32.13286609388888,0.6803369615226984,31.326779862865806,
5752,32.30120800435543,0.6639871280640364,31.512918882071972,
5753,34.84727907925844,0.6587631069123745,34.06250989064574,
5754,32.31800883077085,0.6518419831991196,31.540653901174664,
5755,32.496515195816755,0.6505618803203106,31.722460174933076,
5756,34.68576492741704,0.6414419040083885,33.91874907538295,
5757,32.49189490452409,0.6543691270053387,31.710702925920486,
5758,32.293824944645166,0.6478400900959969,31.52231709100306,
5759,34.09866290166974,0.6547060329467058,33.3203140180558,
5760,32.279222970828414,0.6517621222883463,31.501036835834384,
5761,32.449163030833006,0.6543041672557592,31.67000785470009,
5762,32.95258688740432,0.6518689915537834,32.17684291303158,
5763,32.4640350881964,0.6552347913384438,31.6831530071795,
5764,32.427035039290786,0.7852260023355484,31.516477931290865,
5765,32.70604694262147,0.650645000860095,31.921925023198128,
5766,32.58133307099342,0.6467620842158794,31.778579112142324,
5767,33.59049302525818,0.8315080776810646,32.62882283888757,
5768,32.57990884594619,0.646218890324235,31.8085381295532,
5769,32.75037091225386,0.6582308560609818,31.96738800033927,
5770,34.162909956648946,0.6517311558127403,33.38640392757952,
5771,32.76790608651936,0.6595340091735125,31.98539512231946,
5772,32.72028896026313,0.6518021691590548,31.945861876010895,
5773,33.755283104255795,0.647595152258873,32.984063029289246,
5774,32.59996301494539,0.6483010947704315,31.82934387587011,
5775,32.96856000088155,0.655959127470851,32.187017844989896,
5776,32.94399497099221,0.6458819843828678,32.17077907174826,
5777,32.709876075387,0.6805469747632742,31.902099959552288,
5778,34.788395976647735,0.6580168846994638,34.000304993242025,
5779,32.72283379919827,0.6833591032773256,31.91370889544487,
5780,32.64736081473529,0.6587200332432985,31.86634392477572,
5781,34.753830172121525,0.6545449141412973,33.964167116209865,
5782,32.727143028751016,0.6437960546463728,31.9578240159899,
5783,32.79846999794245,0.6524240598082542,32.01944683678448,
5784,35.07920796982944,0.6596839521080256,34.29299406707287,
5785,32.79184899292886,0.6551858969032764,32.01133501715958,
5786,32.68878092058003,0.6566231604665518,31.908625969663262,
5787,34.68902921304107,0.6680169608443975,33.896083012223244,
5788,32.742189010605216,0.6472170352935791,31.971159856766462,
5789,32.80859091319144,0.6524091586470604,32.03288884833455,
5790,34.32578383944929,0.6563961505889893,33.54541305452585,
5791,32.81363588757813,0.6558638997375965,32.03362016938627,
5792,32.768337056040764,0.6534759886562824,31.99043497443199,
5793,34.1049931012094,0.6553661078214645,33.325426978990436,
5794,32.76315703988075,0.6622548680752516,31.97782998904586,
5795,32.85805298946798,0.6519039161503315,32.08264312706888,
5796,33.44757808372378,0.6431369110941887,32.680090982466936,
5797,33.14045397564769,0.6507579237222672,32.35407103784382,
5798,32.989527098834515,0.658601988106966,32.20602683722973,
5799,33.07279106229544,0.6495220586657524,32.29959588497877,
5800,32.95978996902704,0.6505181081593037,32.18153608031571,
5801,33.043002942577004,0.654011033475399,32.26236789487302,
5802,32.92091120965779,0.6482519675046206,32.15054306201637,
5803,33.03174604661763,0.6499430164694786,32.25762699730694,
5804,33.07585301809013,0.7861058693379164,32.15875499881804,
5805,33.00865204073489,0.6665061227977276,32.22281695343554,
5806,32.977084862068295,0.6551488768309355,32.15271607041359,
5807,33.245366998016834,0.8192320819944143,32.281490974128246,
5808,32.942777033895254,0.6486561615020037,32.17079397290945,
5809,33.293755957856774,0.6478519644588232,32.52563485875726,
5810,34.837793093174696,0.6483211182057858,34.0671360027045,
5811,33.104656962677836,0.6562999915331602,32.32300118543208,
5812,33.143477980047464,0.6592408753931522,32.35913719981909,
5813,34.894959069788456,0.649214955046773,34.108496038243175,
5814,32.95743791386485,0.6591889541596174,32.17310598120093,
5815,33.21880288422108,0.6565279327332973,32.43796993046999,
5816,34.576050005853176,0.6576068699359894,33.792854053899646,
5817,32.95626398175955,0.6600639317184687,32.172144157812,
5818,34.105829894542694,0.6461488083004951,33.33479515276849,
5819,34.52811297029257,0.6609500851482153,33.743608044460416,
5820,32.96922193840146,0.6552629638463259,32.187126111239195,
5821,35.330839920789,0.6520028691738844,34.55359302461147,
5822,34.732405096292496,0.649105990305543,33.95719616673887,
5823,33.012626925483346,0.6538270972669125,32.234415877610445,
5824,35.174865974113345,0.6598201580345631,34.38773984089494,
5825,34.91064393892884,0.6521979812532663,34.13507807999849,
5826,33.0204248894006,0.6496869027614594,32.246990129351616,
5827,35.017591901123524,0.6489369552582502,34.22718704678118,
5828,34.06143304891884,0.8323588408529758,33.10056705959141,
5829,32.37582091242075,0.6474649999290705,31.591743929311633,
5830,34.97353685088456,0.6553460843861103,34.1944289393723,
5831,34.16240797378123,0.6808240432292223,33.35717599838972,
5832,32.351605128496885,0.6599770858883858,31.56749880872667,
5833,34.86168710514903,0.6510189268738031,34.085899125784636,
5834,34.289870876818895,0.6562420167028904,33.51049101911485,
5835,32.394737005233765,0.6591358687728643,31.611707992851734,
5836,34.58994091488421,0.6607291288673878,33.8039209600538,
5837,34.177534049376845,0.6634038873016834,33.38989499025047,
5838,32.36015792936087,0.6620502099394798,31.572564970701933,
5839,34.5288310199976,0.6558650638908148,33.75025815330446,
5840,33.9396120980382,0.6642639636993408,33.15085405483842,
5841,32.40799601189792,0.6644558161497116,31.619400018826127,
5842,34.46594998240471,0.6607191171497107,33.68160198442638,
5843,33.793641021475196,0.6506340578198433,33.017760841175914,
5844,32.353008864447474,0.6519390735775232,31.576876062899828,
5845,34.12651503458619,0.6543758790940046,33.3352480083704,
5846,33.190983114764094,0.657849945127964,32.40862698294222,
5847,32.22341905348003,0.6564429495483637,31.44327411428094,
5848,34.23664881847799,0.6508298683911562,33.462071092799306,
5849,32.512587029486895,0.6490291561931372,31.73975693061948,
5850,32.18490909785032,0.6539090536534786,31.407804926857352,
5851,33.75693713314831,0.6531269755214453,32.98170096240938,
5852,32.24679199047387,0.6621759384870529,31.46099508740008,
5853,32.21896896138787,0.6528010126203299,31.43839491531253,
5854,32.69276907667518,0.6525157950818539,31.918394146487117,
5855,32.197336200624704,0.6524650380015373,31.41721594147384,
5856,32.44324307888746,0.651300884783268,31.66944393888116,
5857,32.197598135098815,0.6625880487263203,31.4101439435035,
5858,32.41200419142842,0.6631899159401655,31.62598400376737,
5859,32.21643203869462,0.6672129966318607,31.4232069067657,
5860,32.18928980641067,0.655322102829814,31.408942071720958,
5861,33.72765285894275,0.6580560002475977,32.93556906282902,
5862,31.941354973241687,0.7897547911852598,31.027785036712885,
5863,32.06348908133805,0.6546350196003914,31.28508199006319,
5864,33.988418988883495,0.6622900255024433,33.152119955047965,
5865,32.19879814423621,0.8179629221558571,31.24912502244115,
5866,31.845042016357183,0.6448398344218731,31.07706201262772,
5867,34.2190379742533,0.6603838410228491,33.43514702282846,
5868,33.645008923485875,0.6562049966305494,32.864555018022656,
5869,32.08381310105324,0.6507220678031445,31.31066495552659,
5870,33.94435299560428,0.655533978715539,33.16556103527546,
5871,33.413550816476345,0.6543770432472229,32.63469412922859,
5872,31.858657021075487,0.6655510514974594,31.069101067259908,
5873,33.960802014917135,0.6566769443452358,33.181189093738794,
5874,32.63316000811756,0.6636378820985556,31.8430601619184,
5875,31.976901926100254,0.6500671152025461,31.2042529694736,
5876,33.15814002417028,0.6505839992314577,32.38317905925214,
5877,32.43863093666732,0.6570569239556789,31.64830105379224,
5878,32.21793007105589,0.6604890804737806,31.438629841431975,
5879,32.27554215118289,0.6493518594652414,31.502080149948597,
5880,32.22855809144676,0.652422197163105,31.45079896785319,
5881,32.421190990135074,0.6583619397133589,31.636409927159548,
5882,32.20706502906978,0.6506610661745071,31.432528980076313,
5883,33.205906860530376,0.6546031218022108,32.42795588448644,
5884,32.19806309789419,0.6763739511370659,31.391849042847753,
5885,32.377142226323485,0.6513760890811682,31.602862989529967,
5886,34.367425134405494,0.6549488753080368,33.587400102987885,
5887,32.60726993903518,0.7913450244814157,31.617574160918593,
5888,32.31301880441606,0.670379027724266,31.50990419089794,
5889,33.81023206748068,0.6736009381711483,33.013815991580486,
5890,32.3247779160738,0.7866350933909416,31.414431985467672,
5891,32.53764612600207,0.6655869074165821,31.74781217239797,
5892,32.64991892501712,0.6571169942617416,31.868550926446915,
5893,34.03495391830802,0.8040119428187609,33.09729299508035,
5894,32.61824604123831,0.681502977386117,31.817327020689845,
5895,34.81696895323694,0.6686809938400984,34.023718908429146,
5896,34.39070889726281,0.656096963211894,33.60996791161597,
5897,32.75554510764778,0.6519199814647436,31.978425104171038,
5898,34.734158078208566,0.6623158697038889,33.93826098181307,
5899,34.74593395367265,0.6643931847065687,33.95598684437573,
5900,32.63581614010036,0.6567700766026974,31.85513592325151,
5901,34.83222401700914,0.6603470537811518,34.048310946673155,
5902,34.35080894269049,0.6649969145655632,33.55811513029039,
5903,32.76306507177651,0.7086959667503834,31.92808898165822,
5904,34.85312685370445,0.6851539947092533,34.043584018945694,
5905,34.50448205694556,0.6624090019613504,33.71754614636302,
5906,32.595227006822824,0.6626038812100887,31.809357926249504,
5907,35.021184012293816,0.6605898961424828,34.23085901886225,
5908,34.2895919457078,0.693115871399641,33.47180993296206,
5909,33.00576005131006,0.6645801477134228,32.207144889980555,
5910,34.93224293924868,0.6590532138943672,34.15062790736556,
5911,34.44135282188654,0.7512241136282682,33.56613195501268,
5912,32.76857011951506,0.6549709942191839,31.988295959308743,
5913,35.10071989148855,0.6678840145468712,34.31285615079105,
5914,34.131846157833934,0.7802729960530996,33.22586906142533,
5915,32.97943319194019,0.6547188386321068,32.20120817422867,
5916,34.81807583011687,0.6525530479848385,34.03753088787198,
5917,34.494020976126194,0.7125770207494497,33.6559999268502,
5918,32.751454040408134,0.6588979158550501,31.96710697375238,
5919,35.155636025592685,0.6523241754621267,34.378229873254895,
5920,34.03724916279316,0.7836220320314169,33.130242954939604,
5921,32.972932793200016,0.6781769916415215,32.170396065339446,
5922,35.09080596268177,0.6585749797523022,34.308417001739144,
5923,34.19403498992324,0.8071609772741795,33.261610893532634,
5924,32.79817593283951,0.666406936943531,32.011149916797876,
5925,35.099365981295705,0.6660530343651772,34.29783182218671,
5926,34.40413298085332,0.7880181074142456,33.48813485354185,
5927,33.19781203754246,0.6465420592576265,32.42764691822231,
5928,34.96788814663887,0.6516000721603632,34.14574987255037,
5929,34.21728778630495,0.8171729277819395,33.26134500093758,
5930,33.01735897548497,0.6569619290530682,32.2347569745034,
5931,35.096660954877734,0.6707720458507538,34.2520410194993,
5932,33.949850127100945,0.8452930487692356,32.96946105547249,
5933,33.191981026902795,0.659080920740962,32.408125000074506,
5934,34.92474602535367,0.6603631190955639,34.11958506330848,
5935,34.22687016427517,0.8479100652039051,33.252435037866235,
5936,33.00844109617174,0.6581339985132217,32.22496807575226,
5937,35.150633193552494,0.6516720168292522,34.34439213015139,
5938,33.96855015307665,0.8553550578653812,32.972489949315786,
5939,33.24768808670342,0.6566450465470552,32.46640786528587,
5940,35.198121098801494,0.6681140512228012,34.365901025012136,
5941,33.63122092559934,0.8521878626197577,32.6313569676131,
5942,32.8701410908252,0.6573409773409367,32.087822910398245,
5943,34.945174818858504,0.6553248967975378,34.17061013169587,
5944,34.4818290323019,0.7232760544866323,33.635098952800035,
5945,32.81546803191304,0.6632162258028984,32.02759777195752,
5946,35.001629032194614,0.6659391801804304,34.211663994938135,
5947,34.187642158940434,0.7799728773534298,33.27028709463775,
5948,32.89769706316292,0.6767180748283863,32.09582809358835,
5949,35.16617603600025,0.6694640032947063,34.37196905724704,
5950,34.11496989428997,0.7914029993116856,33.199165016412735,
5951,32.84107893705368,0.6746340077370405,32.042274018749595,
5952,35.13944614678621,0.6613729055970907,34.35373702086508,
5953,34.127852180972695,0.8139729034155607,33.18993607535958,
5954,32.925491919741035,0.6652260199189186,32.13574597612023,
5955,35.10903404094279,0.6644499953836203,34.320041071623564,
5956,34.27731478586793,0.7816969882696867,33.37036003358662,
5957,32.622202998027205,0.6585849914699793,31.83046611957252,
5958,34.51293404214084,0.6572899874299765,33.732066163793206,
5959,34.45823001675308,0.6575318984687328,33.67310715839267,
5960,32.51600498333573,0.6772729102522135,31.716265017166734,
5961,34.55157415010035,0.6635759491473436,33.76337396912277,
5962,34.3940588645637,0.6538440939038992,33.61657401546836,
5963,32.64651680365205,0.6694500334560871,31.844813842326403,
5964,34.25081190653145,0.6558559834957123,33.466008957475424,
5965,34.51332007534802,0.6641868967562914,33.72517810203135,
5966,32.557693077251315,0.6743830163031816,31.759883975610137,
5967,34.62879196740687,0.6622299551963806,33.84210797958076,
5968,34.290873911231756,0.6531609687954187,33.513825852423906,
5969,32.66655607149005,0.6528778467327356,31.890051206573844,
5970,33.891087863594294,0.6870029028505087,33.078870037570596,
5971,34.29851704277098,0.6690039299428463,33.50505093112588,
5972,32.565767876803875,0.653544906526804,31.78861504420638,
5973,34.04243802651763,0.6559370085597038,33.25037704780698,
5974,34.49855791404843,0.6630269344896078,33.71357708238065,
5975,32.4509060010314,0.6514149717986584,31.675130827352405,
5976,33.319893991574645,0.6647740956395864,32.52655593678355,
5977,34.886796958744526,0.6545709911733866,34.10916589200497,
5978,32.43712987750769,0.6521360483020544,31.657590996474028,
5979,32.84653997980058,0.668840017169714,32.05547691322863,
5980,34.325936110690236,0.656547024846077,33.54576206766069,
5981,32.40550309419632,0.6555230356752872,31.622247071936727,
5982,32.37014287151396,0.6604429800063372,31.58446797169745,
5983,33.50684302859008,0.6672670133411884,32.71177504211664,
5984,32.44171594269574,0.7050761487334967,31.610419042408466,
5985,32.43152191862464,0.6661319639533758,31.640470027923584,
5986,32.4261540081352,0.6639380007982254,31.636351021006703,
5987,32.428591046482325,0.6509649101644754,31.649734126403928,
5988,32.4161269236356,0.6723038386553526,31.613541999831796,
5989,32.29409107007086,0.6579870823770761,31.49689082056284,
5990,32.07240509800613,0.6663799285888672,31.27857204526663,
5991,32.349585089832544,0.6652779411524534,31.557306181639433,
5992,32.22304210066795,0.6622502114623785,31.436651945114136,
5993,32.3373400606215,0.6602820940315723,31.554912915453315,
5994,32.09732985123992,0.6732200272381306,31.2977300491184,
5995,34.48488796129823,0.6664730608463287,33.68928493000567,
5996,32.31314313597977,0.7844239007681608,31.40357695519924,
5997,32.306838082149625,0.6668190471827984,31.516404822468758,
5998,33.71498710475862,0.671519199386239,32.91957499459386,
5999,35.176601028069854,0.7689180783927441,34.283998887985945,
6000,32.13513409718871,0.6633459124714136,31.34602401405573,
6001,33.74745091423392,0.6576459854841232,32.96650294214487,
6002,34.5939991530031,0.6565419025719166,33.8175711221993,
6003,32.32632693834603,0.6545670330524445,31.545507023110986,
6004,33.18783105351031,0.6768009625375271,32.38612203858793,
6005,34.82285491190851,0.6523870397359133,34.035312943160534,
6006,32.79803693294525,0.6577558815479279,32.02150110155344,
6007,33.532825065776706,0.6670241709798574,32.739067915827036,
6008,34.238385036587715,0.6739660166203976,33.43445505015552,
6009,32.88753307424486,0.6527272053062916,32.10970899090171,
6010,33.11714110895991,0.6703140679746866,32.32197999022901,
6011,34.01810000650585,0.651978887617588,33.24266895651817,
6012,32.76740317232907,0.6645258981734514,31.97780903428793,
6013,32.86078595556319,0.6589570548385382,32.075239112600684,
6014,32.96664706431329,0.6587922107428312,32.18394797295332,
6015,32.862165942788124,0.657048774883151,32.0820021443069,
6016,32.74956811219454,0.6652071606367826,31.961414963006973,
6017,32.85236400552094,0.6479669827967882,32.080459874123335,
6018,32.76044689118862,0.6578259635716677,31.976717058569193,
6019,32.818248961120844,0.6710230372846127,32.02286595478654,
6020,32.73083386011422,0.6697869393974543,31.936217099428177,
6021,33.01072516478598,0.6633088923990726,32.21110790036619,
6022,32.87389292381704,0.6641289219260216,32.08506014198065,
6023,33.04310282692313,0.6595691666007042,32.25842793472111,
6024,32.899652142077684,0.6588711403310299,32.11179794743657,
6025,33.062095986679196,0.6668849382549524,32.268025912344456,
6026,33.10637385584414,0.6856389809399843,32.29475300759077,
6027,33.27090013772249,0.6721599493175745,32.47476904653013,
6028,32.870525028556585,0.6722761318087578,32.07404096610844,
6029,33.25932798907161,0.6681201048195362,32.467301934957504,
6030,34.35949399136007,0.6609049160033464,33.573538064956665,
6031,33.042342867702246,0.6664381362497807,32.25198993459344,
6032,33.278989139944315,0.6635789759457111,32.48799103312194,
6033,35.75300006195903,0.7911031134426594,34.83887598849833,
6034,32.86818484775722,0.6622029468417168,32.079632161185145,
6035,33.93244999460876,0.6712749600410461,33.137615071609616,
6036,35.55775084532797,0.8004507981240749,34.633005037903786,
6037,33.25015213340521,0.6611798889935017,32.45962900109589,
6038,33.53044809773564,0.657492084428668,32.74704399518669,
6039,35.680077970027924,0.8076890371739864,34.74926785565913,
6040,33.00477517768741,0.6553512066602707,32.22643188200891,
6041,34.08617712557316,0.658154021948576,33.30363496206701,
6042,35.42512096464634,0.789848854765296,34.509518183767796,
6043,33.2185800652951,0.6568359676748514,32.44023700244725,
6044,33.62359805032611,0.6777769885957241,32.819129060953856,
6045,35.97372095100582,0.8064648136496544,35.04297509789467,
6046,32.987728016451,0.6735359784215689,32.18917106278241,
6047,33.768256893381476,0.6618688348680735,32.98426722176373,
6048,35.53762100636959,0.7944090757519007,34.62005592882633,
6049,33.1700190436095,0.6618748884648085,32.383434008806944,
6050,33.57848501764238,0.6527509540319443,32.801839988678694,
6051,35.637432942166924,0.7924900855869055,34.722254844382405,
6052,32.98968612216413,0.670210923999548,32.19432313926518,
6053,34.22464895993471,0.6675641052424908,33.42220187187195,
6054,35.57207994163036,0.7925808895379305,34.65484315529466,
6055,33.20950292982161,0.652482034638524,32.43245789781213,
6056,33.792650792747736,0.6710330490022898,32.996814930811524,
6057,35.74837604537606,0.7970540318638086,34.82855297625065,
6058,33.03741104900837,0.6630390416830778,32.25067304447293,
6059,33.896777080371976,0.6581258494406939,33.115705009549856,
6060,35.45493399724364,0.7867140229791403,34.54276290722191,
6061,33.20589009672403,0.6627680268138647,32.4173120316118,
6062,33.73707504943013,0.6581109482795,32.9532390460372,
6063,35.54710396565497,0.7923499215394258,34.63118616491556,
6064,33.08625100180507,0.6531288381665945,32.303631072863936,
6065,34.206275129690766,0.6584199145436287,33.42360118404031,
6066,35.582032054662704,0.7927380502223969,34.66334007680416,
6067,33.164493972435594,0.6710679735988379,32.36921806819737,
6068,33.65869005210698,0.6564799696207047,32.876729033887386,
6069,35.542357014492154,0.6650160066783428,34.74237699992955,
6070,32.94444503262639,0.6510431412607431,32.16781304217875,
6071,34.08245090395212,0.6610238924622536,33.29828893765807,
6072,35.529146203771234,0.6557370070368052,34.74686900153756,
6073,33.04678690619767,0.6599579937756062,32.26395393721759,
6074,34.07315397635102,0.6533709820359945,33.29548402689397,
6075,35.497454926371574,0.6626399699598551,34.710579086095095,
6076,32.94701618142426,0.6671368610113859,32.15601807460189,
6077,33.97037694230676,0.665023922920227,33.18262007087469,
6078,35.377851920202374,0.6598848849534988,34.59245711565018,
6079,32.99136599525809,0.6656830664724112,32.20132505521178,
6080,34.016984049230814,0.6552638951689005,33.23911200277507,
6081,35.48175492323935,0.6693240720778704,34.68568902462721,
6082,32.959702890366316,0.6488901562988758,32.184466952458024,
6083,34.0499400626868,0.6520969327539206,33.273149048909545,
6084,35.26475396938622,0.6582760252058506,34.48015404865146,
6085,33.00574002787471,0.6600259803235531,32.21158706583083,
6086,34.034522948786616,0.6636870093643665,33.24642893858254,
6087,35.402936860919,0.6586278323084116,34.615853102877736,
6088,32.763730036094785,0.6646679248660803,31.9762930739671,
6089,34.522776026278734,0.6654330063611269,33.734176075086,
6090,35.08987603709102,0.6763099227100611,34.289926989004016,
6091,32.99343399703503,0.6778070237487555,32.19196177087724,
6092,34.29393586702645,0.6575530860573053,33.51286193355918,
6093,35.378752974793315,0.6619759369641542,34.592344891279936,
6094,32.75657491758466,0.6573658902198076,31.97397501207888,
6095,34.494799096137285,0.6569221150130033,33.71397498995066,
6096,35.22162698209286,0.6614038720726967,34.431779058650136,
6097,33.01408211700618,0.6640329957008362,32.22618019208312,
6098,33.85584591887891,0.6675459444522858,33.06357306428254,
6099,35.28909501619637,0.662981066852808,34.50297890231013,
6100,32.75609784759581,0.6649428978562355,31.967552145943046,
6101,34.40216602757573,0.657703960314393,33.6101611610502,
6102,34.781487891450524,0.6588920950889587,33.999199979007244,
6103,32.7772949822247,0.6579351611435413,31.995964935049415,
6104,34.775516018271446,0.6618381012231112,33.98943692445755,
6105,34.71816098317504,0.6654160097241402,33.92693214118481,
6106,32.64535404741764,0.6512568797916174,31.869928119704127,
6107,34.77911790832877,0.6681410595774651,33.98663294501603,
6108,34.65685900300741,0.6605999078601599,33.872332191094756,
6109,32.74076711386442,0.6540450267493725,31.962662935256958,
6110,34.58612388931215,0.6571488920599222,33.80466904491186,
6111,34.549827920272946,0.6607761606574059,33.767799846827984,
6112,32.72301401011646,0.6648050621151924,31.932919984683394,
6113,35.170451970770955,0.6634828168898821,34.38322409056127,
6114,34.560807049274445,0.655431067571044,33.78178598359227,
6115,32.804123125970364,0.6607030518352985,32.01736183837056,
6116,34.74884806200862,0.6607640534639359,33.96063088439405,
6117,34.40175694413483,0.6530610844492912,33.61370391212404,
6118,32.29773882776499,0.6784980650991201,31.4958649687469,
6119,34.718569135293365,0.6579218897968531,33.937657019123435,
6120,33.898053923621774,0.6648749113082886,33.11040811240673,
6121,32.573278062045574,0.6622059736400843,31.782686011865735,
6122,34.28256814368069,0.6549791432917118,33.50492799654603,
6123,33.6196469143033,0.6617200560867786,32.83166908659041,
6124,32.318065874278545,0.6796859670430422,31.512153102084994,
6125,34.17541412636638,0.6643719971179962,33.38701487518847,
6126,33.01185113377869,0.6668670102953911,32.220903085544705,
6127,32.557468162849545,0.6724311970174313,31.75888489931822,
6128,33.70049991644919,0.6634271703660488,32.91332698427141,
6129,32.56522514857352,0.6682968232780695,31.77349315956235,
6130,32.32068312354386,0.6702749524265528,31.527203042060137,
6131,32.896780874580145,0.658632954582572,32.11476490832865,
6132,32.37519203685224,0.7858739700168371,31.46477905102074,
6133,32.91178005747497,0.6637261249125004,32.11356699466705,
6134,32.372219022363424,0.6565079092979431,31.59286710433662,
6135,33.35132892243564,0.8527878671884537,32.374711940065026,
6136,32.67724299803376,0.663764076307416,31.88691008836031,
6137,32.86512405611575,0.6562250200659037,32.086614053696394,
6138,34.15451617911458,0.6571460980921984,33.37330790236592,
6139,33.06865296326578,0.6697350181639194,32.27324807085097,
6140,32.60096302255988,0.666577834635973,31.806481070816517,
6141,33.83659292012453,0.6475108675658703,33.064430113881826,
6142,32.88168995641172,0.6587719544768333,32.09788189269602,
6143,32.88116189651191,0.6636229809373617,32.094903057441115,
6144,32.94091415591538,0.6607910618185997,32.15562389232218,
6145,35.53118486888707,0.6617580074816942,34.745425917208195,
6146,32.594073098152876,0.6579321343451738,31.8136690184474,
6147,32.90233598090708,0.669185072183609,32.109712017700076,
6148,35.12221900746226,0.6702251266688108,34.327200846746564,
6149,32.88977197371423,0.664793886244297,32.09198918193579,
6150,32.58269000798464,0.660730991512537,31.797537114471197,
6151,34.8136518150568,0.6529029924422503,34.040619153529406,
6152,32.559518003836274,0.663229962810874,31.769389053806663,
6153,32.97930606640875,0.6624048110097647,32.193892169743776,
6154,33.9916730299592,0.6671680603176355,33.19913009181619,
6155,32.82872214913368,0.6663871463388205,32.03646279871464,
6156,32.69568597897887,0.6746379658579826,31.895485939458013,
6157,33.53747702203691,0.6596529856324196,32.75351389311254,
6158,32.554009929299355,0.6601521745324135,31.771195819601417,
6159,34.97497504577041,0.6590050179511309,34.18984613381326,
6160,32.799744978547096,0.670338049530983,32.007637899369,
6161,32.85536007024348,0.6585009396076202,32.07100206054747,
6162,34.54325394704938,0.6802740972489119,33.73963409103453,
6163,32.82362106256187,0.6616660393774509,32.03895082697272,
6164,32.520954962819815,0.656618969514966,31.74156602472067,
6165,34.570876974612474,0.6601831410080194,33.77583483234048,
6166,32.85637893714011,0.6650891155004501,32.068059081211686,
6167,33.04405487142503,0.6593440193682909,32.261905958876014,
6168,34.15332897566259,0.6629740819334984,33.36667409166694,
6169,33.117860089987516,0.6621519569307566,32.33084292151034,
6170,32.926844200119376,0.6665119435638189,32.13361417874694,
6171,33.87916786596179,0.6625668611377478,33.085890114307404,
6172,32.91491488926113,0.6727951113134623,32.11788693442941,
6173,33.0066098831594,0.6623880472034216,32.22201601602137,
6174,32.88966487161815,0.6643321830779314,32.10152895189822,
6175,33.16712100058794,0.7952901069074869,32.24722878076136,
6176,33.13455590978265,0.6719829980283976,32.33843692578375,
6177,33.01193006336689,0.6734239868819714,32.21188299357891,
6178,33.04718993604183,0.814744969829917,32.10860094986856,
6179,33.35694200359285,0.6630560383200645,32.56566496565938,
6180,32.896365970373154,0.6614790763705969,32.112603075802326,
6181,34.365504048764706,0.7954509928822517,33.43392699025571,
6182,34.66466604731977,0.660985941067338,33.88122306205332,
6183,33.286956837400794,0.6557509768754244,32.472135964781046,
6184,34.096327144652605,0.8383691310882568,33.12829090282321,
6185,35.57332116179168,0.6654509343206882,34.78349419310689,
6186,33.10926491394639,0.6614308804273605,32.299041049554944,
6187,33.85858004912734,0.8356980979442596,32.892955001443624,
6188,35.71883495897055,0.6762619595974684,34.918477991595864,
6189,33.325509168207645,0.6681070663034916,32.50801400281489,
6190,33.3401900716126,0.8789440616965294,32.32665383256972,
6191,35.92532407492399,0.6712989415973425,35.13048612512648,
6192,33.132512122392654,0.6512701511383057,32.33710885979235,
6193,33.57960609719157,0.8881839457899332,32.56049216724932,
6194,35.78641195781529,0.6620329804718494,35.001026932150126,
6195,33.3146711345762,0.6645661778748035,32.51340286806226,
6196,33.42383913695812,0.9050990920513868,32.37279993481934,
6197,35.882793832570314,0.6686518900096416,35.07964313030243,
6198,32.97960106283426,0.6652229931205511,32.1683248039335,
6199,33.44702394679189,0.8746630046516657,32.435481203719974,
6200,35.62070592306554,0.6675210315734148,34.82858603820205,
6201,33.15800800919533,0.6796820089221001,32.307382905855775,
6202,33.47141691483557,0.8861159440129995,32.444213051348925,
6203,35.79006111249328,0.6485320627689362,35.011383006349206,
6204,33.019715920090675,0.6759639363735914,32.18620107509196,
6205,33.79532787948847,0.8608601056039333,32.77924191206694,
6206,35.74478602968156,0.6855649407953024,34.93433399125934,
6207,33.21959008462727,0.6793488282710314,32.37661602906883,
6208,33.362779999151826,0.8458190131932497,32.37511613406241,
6209,35.7433189637959,0.6627989932894707,34.956259885802865,
6210,33.03467994555831,0.6666809786111116,32.21624414436519,
6211,33.756474032998085,0.8383209351450205,32.78812090866268,
6212,35.446543013677,0.6676421035081148,34.65404408052564,
6213,33.11544400639832,0.6574620492756367,32.29484683834016,
6214,33.51922007277608,0.848670955747366,32.533020013943315,
6215,35.59225797653198,0.6937670987099409,34.77341705001891,
6216,32.88522595539689,0.6837551482021809,32.04776393249631,
6217,34.19887204654515,0.8374589961022139,33.220335841178894,
6218,35.38969112560153,0.6771569605916739,34.58399907685816,
6219,33.13975501805544,0.6781471893191338,32.27826696820557,
6220,33.75290590338409,0.8908670861274004,32.72556490264833,
6221,35.441413056105375,0.6958311423659325,34.62092694826424,
6222,32.89259294979274,0.6949310190975666,32.037533121183515,
6223,34.20604905113578,0.8226048666983843,33.247092040255666,
6224,35.07287986576557,0.6821909919381142,34.26485206000507,
6225,33.075856044888496,0.6690358277410269,32.24223107099533,
6226,33.941698959097266,0.8495170623064041,32.95201878063381,
6227,35.18690005876124,0.688076950609684,34.37304403632879,
6228,32.858141930773854,0.6775469519197941,32.05588296987116,
6229,34.142676973715425,0.7862858474254608,33.21882197633386,
6230,34.4913920853287,0.6718940567225218,33.694793935865164,
6231,32.785297837108374,0.659226905554533,32.005611108615994,
6232,34.58449593745172,0.6613899022340775,33.79858308471739,
6233,34.52232596464455,0.6696791388094425,33.72951201163232,
6234,32.634385861456394,0.6687860004603863,31.838366063311696,
6235,34.970595967024565,0.6752910558134317,34.16530508548021,
6236,34.32983416132629,0.6809819024056196,33.52257120423019,
6237,32.760294852778316,0.6661210209131241,31.970089999958873,
6238,34.653654089197516,0.6757588125765324,33.853308064863086,
6239,34.1339570004493,0.6951179821044207,33.311752835288644,
6240,32.6249769423157,0.6693881005048752,31.83130780234933,
6241,34.74110295064747,0.6731590256094933,33.94384402781725,
6242,33.759814919903874,0.6655219476670027,32.9717209096998,
6243,32.75390504859388,0.6669510621577501,31.96244710125029,
6244,34.40562402829528,0.6742328405380249,33.61065313220024,
6245,33.26679905876517,0.6601589266210794,32.47110499069095,
6246,32.463495852425694,0.6651689764112234,31.672392040491104,
6247,34.03678792528808,0.6652851589024067,33.24737586081028,
6248,32.439870992675424,0.666061183437705,31.647924799472094,
6249,32.700692070648074,0.6632870063185692,31.907466938719153,
6250,33.21787598542869,0.6595959421247244,32.43437106721103,
6251,32.719044014811516,0.6589300464838743,31.936296029016376,
6252,32.46987285092473,0.6707590073347092,31.67838999070227,
6253,32.70292794331908,0.6893097888678312,31.886793207377195,
6254,32.439864007756114,0.6660120561718941,31.649737153202295,
6255,32.69330505281687,0.6725189741700888,31.900855945423245,
6256,32.73750003427267,0.6545751821249723,31.955239828675985,
6257,32.73767605423927,0.6667880807071924,31.945931958034635,
6258,32.66720101237297,0.6684870459139347,31.87461686320603,
6259,35.10408406145871,0.6614821031689644,34.317169804126024,
6260,32.519444124773145,0.6671010050922632,31.719216844066978,
6261,33.05133804678917,0.6679529324173927,32.248425064608455,
6262,34.250931115821004,0.6610848940908909,33.46444899216294,
6263,32.53126400522888,0.6718200165778399,31.733931973576546,
6264,34.602453000843525,0.6647638510912657,33.80999015644193,
6265,34.56879407167435,0.6679210346192122,33.7726310826838,
6266,32.431759871542454,0.6685159169137478,31.622342998161912,
6267,35.69040191359818,0.7705190218985081,34.791759913787246,
6268,34.40096299163997,0.7536490447819233,33.51768385618925,
6269,32.72457607090473,0.7045259699225426,31.89460700377822,
6270,35.28805496171117,0.7018700707703829,34.46163097396493,
6271,34.259766107425094,0.6894839461892843,33.447754103690386,
6272,32.47102699242532,0.665449071675539,31.669142888858914,
6273,35.23657494224608,0.6859300192445517,34.42383790388703,
6274,34.10516586154699,0.6804747972637415,33.29977416433394,
6275,32.68925589509308,0.6730728782713413,31.892566941678524,
6276,34.94309005327523,0.676079886034131,34.13680219091475,
6277,34.42425816319883,0.6816440727561712,33.603248884901404,
6278,32.711417181417346,0.6826100870966911,31.900723930448294,
6279,35.05022684112191,0.6885959301143885,34.23675801604986,
6280,34.275520127266645,0.6700658705085516,33.48256298340857,
6281,32.74526703171432,0.6692521274089813,31.953380908817053,
6282,34.755239030346274,0.6671091541647911,33.953412901610136,
6283,34.30971410125494,0.7040391210466623,33.48173480480909,
6284,32.66961709596217,0.6918630097061396,31.85418201610446,
6285,34.668220207095146,0.6891251541674137,33.856418915092945,
6286,34.53180403448641,0.6611619610339403,33.744110027328134,
6287,32.75508317165077,0.6661189254373312,31.967780087143183,
6288,34.46234995499253,0.6707608699798584,33.66601699963212,
6289,34.221993992105126,0.6773571949452162,33.42064283788204,
6290,32.67921507358551,0.6561200134456158,31.8992689717561,
6291,34.0577750466764,0.6689040455967188,33.267508959397674,
6292,33.786530839279294,0.674273120239377,32.988503808155656,
6293,32.90986898355186,0.6633598823100328,32.11211506277323,
6294,33.62750308588147,0.6681189406663179,32.83658507280052,
6295,33.77516195178032,0.6625507958233356,32.98526210710406,
6296,32.773838145658374,0.659378943964839,31.993421958759427,
6297,33.39766594581306,0.6681981030851603,32.60588692501187,
6298,33.53202296420932,0.6577980238944292,32.75085799396038,
6299,33.06508203968406,0.7921871729195118,32.15169790200889,
6300,32.82728395424783,0.6646551191806793,32.03886793926358,
6301,32.97169413417578,0.668498920276761,32.17970114201307,
6302,32.87540492601693,0.7961059454828501,31.955968122929335,
6303,32.97605598345399,0.6671431474387646,32.18504786491394,
6304,32.78191387653351,0.6625012028962374,31.994819873943925,
6305,34.59265409037471,0.6605519447475672,33.80957921035588,
6306,32.75227500125766,0.6695350166410208,31.960146967321634,
6307,33.00049714744091,0.6605128291994333,32.214014092460275,
6308,34.692998975515366,0.7144310511648655,33.850987907499075,
6309,33.079811139032245,0.6681280210614204,32.27476286701858,
6310,33.102323999628425,0.6805791053920984,32.296991907060146,
6311,34.7001061309129,0.6696369964629412,33.907840959727764,
6312,33.125946996733546,0.6590450648218393,32.343697967007756,
6313,33.11818419024348,0.6732090841978788,32.320694997906685,
6314,34.248985815793276,0.663242070004344,33.4623500239104,
6315,33.07819087058306,0.664479797706008,32.285906141623855,
6316,33.291629049926996,0.6610790733247995,32.50714996829629,
6317,33.92009111121297,0.6592769641429186,33.13385299406946,
6318,33.06379611603916,0.6629601120948792,32.27692097425461,
6319,33.261888194829226,0.6582769565284252,32.4782500974834,
6320,33.38523884303868,0.6719559896737337,32.589783892035484,
6321,33.12081820331514,0.6709119770675898,32.327209832146764,
6322,34.82562489807606,0.66767493262887,34.033583011478186,
6323,33.258744049817324,0.6647801492363214,32.475411891937256,
6324,33.09933398850262,0.6689131259918213,32.307287910953164,
6325,35.65425705164671,0.6627291440963745,34.85513082705438,
6326,33.371056197211146,0.6659780628979206,32.58095099590719,
6327,32.944370061159134,0.6614041049033403,32.15979808010161,
6328,35.57732910849154,0.6572119891643524,34.79599207639694,
6329,33.11564004980028,0.6664569955319166,32.32467081397772,
6330,33.01870194263756,0.6627650000154972,32.23355393856764,
6331,35.25827708654106,0.6613738369196653,34.47246318683028,
6332,33.15751114860177,0.6597000174224377,32.37353777512908,
6333,32.93891088105738,0.6670011207461357,32.14936191216111,
6334,35.00091005116701,0.66324882209301,34.21295410953462,
6335,33.13442203216255,0.6570960395038128,32.35319792293012,
6336,33.034050138667226,0.6725010462105274,32.23706595599651,
6337,34.52590317465365,0.6693920586258173,33.72876485809684,
6338,33.84477808140218,0.6543209310621023,33.06668088771403,
6339,33.0089230556041,0.6641671061515808,32.22028608433902,
6340,34.431915963068604,0.6690989248454571,33.63927407190204,
6341,34.82577810063958,0.6723180413246155,34.01858196593821,
6342,32.91443292982876,0.6684949621558189,32.117774011567235,
6343,34.03846896253526,0.6760118994861841,33.23682607151568,
6344,34.82313081622124,0.6734631024301052,34.02436105534434,
6345,32.80123998411,0.6654651369899511,32.01287402771413,
6346,33.8669209741056,0.6674639880657196,33.074792008847,
6347,35.02975404262543,0.6681710947304964,34.237785963341594,
6348,32.91745483875275,0.6745699793100357,32.11477887816727,
6349,33.47227699123323,0.674783019348979,32.67955710180104,
6350,35.15548282302916,0.658456003293395,34.3726419378072,
6351,32.847406109794974,0.6608488038182259,32.05902618356049,
6352,33.275434048846364,0.6627298425883055,32.491486985236406,
6353,34.829003969207406,0.6803160067647696,34.02515407651663,
6354,32.89848007261753,0.6556888110935688,32.119584036991,
6355,32.80585096217692,0.6548878736793995,32.02801221050322,
6356,34.539062064141035,0.6707841530442238,33.738045021891594,
6357,32.743585063144565,0.6769339088350534,31.93363710306585,
6358,32.73010719567537,0.6634288001805544,31.9430201780051,
6359,33.991375006735325,0.664364080876112,33.2034919410944,
6360,32.67451305873692,0.6743439007550478,31.878296984359622,
6361,32.77233196422458,0.6691168528050184,31.982273096218705,
6362,33.240969059988856,0.6701890379190445,32.44148497469723,
6363,32.80317294411361,0.6842680741101503,31.995009863749146,
6364,32.69699099473655,0.6718020886182785,31.900832895189524,
6365,32.7683100476861,0.6665689870715141,31.978680985048413,
6366,32.73156192153692,0.6620758213102818,31.9436511490494,
6367,32.832551980391145,0.6690439768135548,32.040531979873776,
6368,32.95495011843741,0.6696358323097229,32.16026513837278,
6369,32.86480996757746,0.7928758859634399,31.94683906622231,
6370,32.72892814129591,0.6681710947304964,31.93635307252407,
6371,33.39116298593581,0.6662409286946058,32.59907499887049,
6372,32.83005394041538,0.7992961909621954,31.90847090445459,
6373,32.12673286907375,0.6731098983436823,31.319160014390945,
6374,34.358808072283864,0.6700798403471708,33.56625116430223,
6375,33.47837692126632,0.7883280050009489,32.566356007009745,
6376,32.01279905624688,0.6772859487682581,31.21285606175661,
6377,33.93355989828706,0.6666940171271563,33.144846092909575,
6378,33.61364803276956,0.6590180564671755,32.830003881827,
6379,32.166737131774426,0.6670211441814899,31.37333900667727,
6380,33.18659891374409,0.6620991043746471,32.40188187919557,
6381,32.999424962326884,0.6632909644395113,32.211037119850516,
6382,31.943285139277577,0.6565439980477095,31.162507133558393,
6383,32.11913607083261,0.6637279875576496,31.33320901542902,
6384,34.14204204455018,0.6765059661120176,33.34179800003767,
6385,32.09854103624821,0.6671990267932415,31.30899602547288,
6386,32.05186198465526,0.67294598557055,31.25624801032245,
6387,33.8183450512588,0.6715799681842327,33.02379813976586,
6388,32.01387892477214,0.6675198674201965,31.224110163748264,
6389,32.50257996842265,0.6681738886982203,31.704611144959927,
6390,33.313170075416565,0.671283109113574,32.51754189841449,
6391,32.32646617107093,0.6804990116506815,31.524255871772766,
6392,32.22765005193651,0.6716169882565737,31.43372107297182,
6393,32.638961216434836,0.6665319669991732,31.847415026277304,
6394,32.20877191051841,0.6677529308944941,31.417232006788254,
6395,32.39277401007712,0.6726060528308153,31.596692046150565,
6396,34.87760596908629,0.6664320826530457,34.084609942510724,
6397,32.51192509196699,0.8059660904109478,31.58241813071072,
6398,32.23933489061892,0.6645380053669214,31.452476046979427,
6399,34.580105217173696,0.671090092509985,33.785223960876465,
6400,32.344228122383356,0.803875969722867,31.41547995619476,
6401,32.37785515375435,0.6736619397997856,31.581070041283965,
6402,33.734939992427826,0.662011094391346,32.90272783488035,
6403,33.35689613595605,0.8684901986271143,32.36370882950723,
6404,32.2177039925009,0.6756770890206099,31.419274862855673,
6405,33.10908400453627,0.661100959405303,32.31556084938347,
6406,34.219018183648586,0.6704889237880707,33.42404216527939,
6407,32.714471919462085,0.6698679644614458,31.922233058139682,
6408,32.6182481367141,0.672684982419014,31.821958953514695,
6409,34.147389931604266,0.6590189877897501,33.36471109651029,
6410,32.560385996475816,0.6656020414084196,31.771263107657433,
6411,32.72857889533043,0.6694269832223654,31.936865067109466,
6412,34.65141891501844,0.6709559820592403,33.85567106306553,
6413,32.645222963765264,0.6722100079059601,31.846994999796152,
6414,32.558979000896215,0.6637538317590952,31.770423986017704,
6415,34.44418916478753,0.6672691088169813,33.63588382489979,
6416,32.59771806187928,0.6643219385296106,31.81035304442048,
6417,32.68707520328462,0.675339950248599,31.88665397465229,
6418,33.795343013480306,0.679597957059741,32.9921820666641,
6419,32.64711098745465,0.6746388971805573,31.84941690415144,
6420,32.612421084195375,0.6648770067840815,31.825493089854717,
6421,33.32399716600776,0.6776431109756231,32.51358191482723,
6422,32.7517450787127,0.6706949789077044,31.955478945747018,
6423,32.93151198886335,0.6717659998685122,32.13661001063883,
6424,33.107785042375326,0.6665049586445093,32.31733897700906,
6425,32.91247016750276,0.6743718404322863,32.11377700790763,
6426,32.813501078635454,0.6731590256094933,32.01748197898269,
6427,35.49014194868505,0.6621640641242266,34.70670199021697,
6428,32.82372700050473,0.6766971200704575,32.02434699051082,
6429,32.9460499342531,0.6690770387649536,32.15365018695593,
6430,35.11307202279568,0.6671380251646042,34.32318405248225,
6431,32.890383852645755,0.6745229475200176,32.0922639220953,
6432,32.784732058644295,0.6626478862017393,31.999550061300397,
6433,34.679199103266,0.6757800001651049,33.8870701380074,
6434,32.75999892503023,0.6668481510132551,31.970940064638853,
6435,32.89709403179586,0.6701841484755278,32.105410005897284,
6436,34.16500682942569,0.6699180230498314,33.37078308686614,
6437,33.25508488342166,0.8119260892271996,32.31003298424184,
6438,33.16996991634369,0.6634951569139957,32.381744822487235,
6439,33.82532112300396,0.6697359494864941,33.03080308251083,
6440,33.19864603690803,0.7977040950208902,32.27529488503933,
6441,33.15751883201301,0.6723729893565178,32.36198704689741,
6442,33.13917410559952,0.6601649802178144,32.35612902790308,
6443,33.299455186352134,0.797538086771965,32.371328910812736,
6444,33.122353022918105,0.6773190107196569,32.320146914571524,
6445,33.16753008402884,0.6676819175481796,32.348491018638015,
6446,33.875596011057496,0.8845960255712271,32.865260960534215,
6447,33.1669298466295,0.6638229824602604,32.38001302815974,
6448,33.11991086229682,0.6676909979432821,32.329440116882324,
6449,34.97310006059706,0.6684500258415937,34.18125188909471,
6450,33.13502995297313,0.674491049721837,32.335503958165646,
6451,33.17354083992541,0.6697250064462423,32.3812288697809,
6452,34.825840033590794,0.6730109453201294,34.02863722294569,
6453,33.006017096340656,0.667833024635911,32.20505593344569,
6454,32.896765042096376,0.6720039527863264,32.10065816529095,
6455,35.40499601513147,0.6697229109704494,34.61217996664345,
6456,32.92277199216187,0.6644970271736383,32.12804393842816,
6457,33.044455107301474,0.6716551724821329,32.24893403239548,
6458,35.11749813333154,0.6719620432704687,34.31927296333015,
6459,33.00359984859824,0.6611950229853392,32.21675404347479,
6460,32.88081311620772,0.6740749813616276,32.08471788093448,
6461,35.02650000154972,0.6641829386353493,34.23192910850048,
6462,32.9452040605247,0.6650958675891161,32.1566101629287,
6463,32.996078953146935,0.6613240111619234,32.20543102361262,
6464,34.78547208942473,0.6619971245527267,33.996799029409885,
6465,32.999570947140455,0.6752850022166967,32.20030083321035,
6466,32.909402856603265,0.6716910284012556,32.11479401215911,
6467,34.477285109460354,0.6693468894809484,33.682520035654306,
6468,32.89824887178838,0.6621051579713821,32.1099569555372,
6469,32.45717007666826,0.6629510316997766,31.657672952860594,
6470,33.61826902255416,0.6732649635523558,32.8191090375185,
6471,32.46388793922961,0.6693571340292692,31.67054383084178,
6472,32.624077051877975,0.7061900105327368,31.793697038665414,
6473,35.187578992918134,0.6730810273438692,34.3894159886986,
6474,32.54506201483309,0.6739310920238495,31.742669874802232,
6475,32.529879128560424,0.6581360939890146,31.746309949085116,
6476,34.89046706818044,0.67306705750525,34.09395110793412,
6477,32.491221092641354,0.6760749965906143,31.69107181020081,
6478,32.55517012439668,0.6821129936724901,31.74761007539928,
6479,34.10711791366339,0.6678309291601181,33.31575798802078,
6480,32.61706093326211,0.6779839750379324,31.8159069865942,
6481,32.486357958987355,0.6688209250569344,31.693675089627504,
6482,33.27777003869414,0.67515904083848,32.47878304682672,
6483,32.50379394739866,0.6652651354670525,31.71379491686821,
6484,32.595720840618014,0.6726670544594526,31.79975808598101,
6485,32.403888180851936,0.6643261294811964,31.605252996087074,
6486,32.358912052586675,0.6688940338790417,31.566160963848233,
6487,32.433704007416964,0.6686779670417309,31.641343142837286,
6488,32.42599521763623,0.669931061565876,31.63160802796483,
6489,32.60963107459247,0.8028559386730194,31.683467095717788,
6490,32.43290400132537,0.6724018603563309,31.636305153369904,
6491,32.478841952979565,0.694548012688756,31.66029811836779,
6492,34.729099133983254,0.6753620691597462,33.9253400452435,
6493,33.1546189263463,0.6691368762403727,31.80774417705834,
6494,32.41463494487107,0.6883339956402779,31.600253889337182,
6495,34.27770594134927,0.6736570503562689,33.47824397496879,
6496,32.43134915828705,0.6787709426134825,31.627398915588856,
6497,32.409464940428734,0.6768009625375271,31.604707008227706,
6498,35.235018003731966,0.6915109697729349,34.41996197216213,
6499,34.940931014716625,0.6783201824873686,33.060734858736396,
6500,33.17791689187288,1.3915421441197395,31.623353017494082,
6501,34.91898090578616,0.6741101387888193,34.109233878552914,
6502,32.68097713589668,0.6722270045429468,31.884954078122973,
6503,34.28837703540921,0.6732391193509102,32.70816896110773,
6504,36.639611003920436,2.426065970212221,34.042284125462174,
6505,32.217927975580096,0.6785541772842407,31.41227993182838,
6506,32.29763195849955,0.666978070512414,31.505982857197523,
6507,37.79826080426574,0.6739860400557518,37.000517128035426,
6508,34.751015016809106,0.6624248344451189,33.96444907411933,
6509,32.26100583560765,0.6807560566812754,31.45605302415788,
6510,34.79013405740261,0.6643622182309628,34.00125098414719,
6511,32.98219619318843,0.676591182127595,32.181645976379514,
6512,34.624536987394094,0.6727781146764755,33.823869889602065,
6513,34.81537103652954,0.6679689977318048,34.02175707742572,
6514,32.2522958740592,0.6718290969729424,31.45601088181138,
6515,32.34156989492476,0.6681601516902447,31.54528304003179,
6516,37.65354887582362,0.6633650045841932,36.164897959679365,
6517,32.36264199949801,0.7942698430269957,31.41713119111955,
6518,32.134776934981346,0.6691690068691969,31.34239395149052,
6519,36.1577698495239,0.6584951188415289,35.37450195290148,
6520,34.088822081685066,0.6822070572525263,33.28399499878287,
6521,32.220202032476664,0.673667062073946,31.423042993992567,
6522,33.62261294387281,0.6724600680172443,32.82589395530522,
6523,32.194884959608316,0.6724060513079166,31.40012500807643,
6524,32.16052195057273,0.6682679522782564,31.368762953206897,
6525,32.91649301536381,0.6701101083308458,32.12300594896078,
6526,32.132965978235006,0.6697610951960087,31.340332003310323,
6527,32.191195990890265,0.67888293415308,31.390022020787,
6528,32.16336388140917,0.6681540980935097,31.371660996228456,
6529,32.2080219630152,0.6620769854635,31.424526823684573,
6530,32.1236050222069,0.6807190366089344,31.320587964728475,
6531,32.196242129430175,0.6662809755653143,31.40620794147253,
6532,32.413996988907456,0.6837209220975637,31.603530049324036,
6533,32.41123096086085,0.6689270958304405,31.606726814061403,
6534,32.429161947220564,0.6694479379802942,31.63635008968413,
6535,35.19838093779981,0.6783271674066782,34.39637599512935,
6536,32.45899803005159,0.6683850660920143,31.667563831433654,
6537,32.48007805086672,0.6651009898632765,31.69118007645011,
6538,34.92305800318718,0.6679019425064325,34.131256863474846,
6539,32.49110700562596,0.6652011070400476,31.703900080174208,
6540,32.4954348616302,0.6750528700649738,31.695256009697914,
6541,34.86193320713937,0.7989970035851002,33.93901698291302,
6542,32.470606034621596,0.6796082016080618,31.666335882619023,
6543,32.52022806555033,0.6678591016680002,31.72909002751112,
6544,34.18134688399732,0.8028389420360327,33.25305110774934,
6545,32.44095202535391,0.6660399958491325,31.65184217505157,
6546,32.41032408550382,0.6627521943300962,31.62337583489716,
6547,33.96586189046502,0.7033930160105228,33.133988035842776,
6548,32.47492108494043,0.6662800442427397,31.684206100180745,
6549,32.7774821780622,0.6748388987034559,31.96844318881631,
6550,34.35824811458588,0.6789569742977619,33.552970038726926,
6551,32.803988084197044,0.681580975651741,31.997157959267497,
6552,32.731062034145,0.6870559882372618,31.920742010697722,
6553,33.77680596895516,0.6679710932075977,32.98454382456839,
6554,32.74100786074996,0.669470988214016,31.948146875947714,
6555,32.802976900711656,0.6676460616290569,32.01076993718743,
6556,33.08588801883161,0.6817178800702095,32.27866208180785,
6557,32.79205900616944,0.6743890698999166,31.99514397419989,
6558,32.74431102909148,0.673934817314148,31.94646816700697,
6559,32.864948036149144,0.6672597955912352,32.067997148260474,
6560,32.8441159799695,0.6738679949194193,32.04438299871981,
6561,32.802112167701125,0.6708099972456694,32.00607211329043,
6562,32.734142150729895,0.6702980026602745,31.940503045916557,
6563,33.46646693535149,0.6824431475251913,32.65973902307451,
6564,32.85170812159777,0.6805530283600092,32.043872866779566,
6565,33.17057597450912,0.6768261082470417,32.35363098792732,
6566,35.718548810109496,0.6721529643982649,34.92211387492716,
6567,33.18914701230824,0.6885300390422344,32.37620694562793,
6568,33.02550595253706,0.6698700599372387,32.23170503042638,
6569,35.70887912064791,0.6733909249305725,34.911606926470995,
6570,33.0012699123472,0.6716300267726183,32.20575908198953,
6571,33.04144414141774,0.6690218579024076,32.24821691401303,
6572,35.622013034299016,0.6796049419790506,34.818060928955674,
6573,33.084330847486854,0.6734009366482496,32.28755109012127,
6574,33.02493318915367,0.6790049374103546,32.221772940829396,
6575,35.68724705837667,0.6697801873087883,34.89166684448719,
6576,33.03152392618358,0.6679450161755085,32.238815911114216,
6577,33.085974864661694,0.6666758563369513,32.29554393328726,
6578,35.48623691312969,0.6660560611635447,34.696466056630015,
6579,33.12491090036929,0.6789760664105415,32.321775099262595,
6580,33.030386082828045,0.6724279373884201,32.234990037977695,
6581,35.30528210103512,0.6748388987034559,34.49561609886587,
6582,32.85404900088906,0.6728100124746561,32.061120960861444,
6583,33.04851287975907,0.6768009625375271,32.24755986593664,
6584,34.784212009981275,0.6710570305585861,33.98895915597677,
6585,33.120842883363366,0.6766959559172392,32.320528058335185,
6586,32.87776093930006,0.6676169577986002,32.08616189658642,
6587,34.64407077990472,0.6729320157319307,33.84563699364662,
6588,32.88594703190029,0.6834191735833883,32.07837091758847,
6589,33.1195869948715,0.6747508887201548,32.321172999218106,
6590,34.336798125877976,0.6715571507811546,33.5409389808774,
6591,33.16325903870165,0.6674369797110558,32.37290098331869,
6592,32.951463013887405,0.6678439676761627,32.1592150721699,
6593,33.90274499543011,0.6760710384696722,33.103300957009196,
6594,32.920890022069216,0.6681100931018591,32.127612037584186,
6595,33.111958066001534,0.6697119679301977,32.317628152668476,
6596,33.00131484866142,0.7936600595712662,32.088550040498376,
6597,32.948508160188794,0.6641661748290062,32.14648179709911,
6598,32.607508823275566,0.6695820484310389,31.813537934795022,
6599,33.046059077605605,0.8082641288638115,32.11373393423855,
6600,32.61391702108085,0.6778140086680651,31.812502071261406,
6601,32.914366107434034,0.6836690008640289,32.10678789764643,
6602,34.239549888297915,0.6603819783776999,33.45525008626282,
6603,32.950700959190726,0.6801930721849203,32.147354912012815,
6604,32.61244297027588,0.6788210012018681,31.807680148631334,
6605,34.69457617029548,0.6806040182709694,33.88939588330686,
6606,32.8655440825969,0.6826031021773815,32.059775898233056,
6607,32.99040487036109,0.6685210391879082,32.19856298528612,
6608,33.91072596423328,0.6710069719702005,33.114766934886575,
6609,33.34294096566737,0.6777599919587374,32.54121704958379,
6610,32.64366602525115,0.6754889618605375,31.844757962971926,
6611,33.586500911042094,0.6705769337713718,32.79067319817841,
6612,35.42596590705216,0.6702891550958157,34.631042974069715,
6613,32.829896081238985,0.671932939440012,32.02548390254378,
6614,33.325723838061094,0.6707049906253815,32.53017785027623,
6615,35.57204408571124,0.6762652192264795,34.77252088487148,
6616,32.62854088097811,0.6796759553253651,31.824812991544604,
6617,33.18697609938681,0.6701310630887747,32.39288390614092,
6618,35.106159979477525,0.6802938878536224,34.30133801884949,
6619,32.86516200751066,0.6703049875795841,32.07250498235226,
6620,33.056615153327584,0.666219973936677,32.26689901202917,
6621,35.41832487098873,0.6681771483272314,34.62722199037671,
6622,32.60123892687261,0.676480121910572,31.80036204867065,
6623,32.92096592485905,0.6671380251646042,32.13012614287436,
6624,34.893188858404756,0.6698360666632652,34.10049295052886,
6625,32.80044998973608,0.6679759826511145,32.008874928578734,
6626,32.59084792807698,0.6735909264534712,31.79307305254042,
6627,34.68741104006767,0.6732170004397631,33.816321985796094,
6628,32.666017999872565,0.7174701895564795,31.80362982675433,
6629,31.75368718802929,0.7006179075688124,30.91817209497094,
6630,33.49082195200026,0.6967270746827126,32.67022501677275,
6631,31.79264417849481,0.671945046633482,30.996662098914385,
6632,31.830664025619626,0.6845169700682163,31.022656010463834,
6633,33.597552916035056,0.6770901381969452,32.79496589675546,
6634,31.794995069503784,0.6727280560880899,30.9962029568851,
6635,31.769096152856946,0.6683729588985443,30.97671619616449,
6636,32.04719186760485,0.6704200059175491,31.25363402068615,
6637,31.817212933674455,0.6789430044591427,31.013401923701167,
6638,31.777726020663977,0.6982798222452402,30.955677153542638,
6639,31.923015834763646,0.8111260831356049,30.988726997748017,
6640,33.34115189500153,0.6703760009258986,32.5473640114069,
6641,31.74398490227759,0.6851041689515114,30.936673982068896,
6642,33.64178887568414,0.6775779183954,32.839945051819086,
6643,34.3734729103744,0.6716868374496698,33.579250099137425,
6644,31.84162313118577,0.6766540464013815,31.04292694479227,
6645,33.93149795010686,0.6761499680578709,33.11944706365466,
6646,34.93906790390611,0.6720260716974735,34.140666015446186,
6647,32.21707115881145,0.6789350882172585,31.409514835104346,
6648,33.45281700603664,0.7198869716376066,32.60208806023002,
6649,34.606494940817356,0.6641780491918325,33.817057963460684,
6650,32.35952206887305,0.6730770692229271,31.56616212800145,
6651,33.23701093904674,0.664296094328165,32.44872484356165,
6652,33.82668201811612,0.6872129160910845,33.013956155627966,
6653,32.48102008365095,0.6713250186294317,31.68561402708292,
6654,32.44492085650563,0.6753199268132448,31.642423011362553,
6655,33.304566983133554,0.6656600162386894,32.51576190814376,
6656,32.33131696470082,0.678208889439702,31.527419108897448,
6657,32.52500994130969,0.6792200729250908,31.71997587196529,
6658,33.932359889149666,0.6727678701281548,33.13525905832648,
6659,32.49393217265606,0.6720868404954672,31.69680805876851,
6660,32.282521948218346,0.6821311544626951,31.47103381343186,
6661,34.007209120318294,0.674388138577342,33.19057100452483,
6662,32.585368026047945,0.6796270608901978,31.778170028701425,
6663,32.74297993630171,0.6840319838374853,31.933798920363188,
6664,32.79721597209573,0.6850960198789835,31.981708016246557,
6665,32.97995403409004,0.6764470599591732,32.177255023270845,
6666,32.54025289788842,0.6844860035926104,31.73187095671892,
6667,32.71281300112605,0.6743341218680143,31.91418689675629,
6668,34.5415158662945,0.6825050804764032,33.73591089621186,
6669,32.735345885157585,0.6702379323542118,31.936821062117815,
6670,32.54204988479614,0.6931840907782316,31.725310953333974,
6671,35.31750710681081,0.6724470295011997,34.52160186134279,
6672,32.572656869888306,0.6789141334593296,31.76888800226152,
6673,32.867762027308345,0.8127510081976652,31.936447834596038,
6674,34.71489599905908,0.6709150038659573,33.92021614126861,
6675,32.79725112952292,0.6779108662158251,31.992865027859807,
6676,32.66641707159579,0.8131340146064758,31.727589899674058,
6677,35.319661954417825,0.6761648692190647,34.507350996136665,
6678,32.77953900396824,0.6737860385328531,31.980006955564022,
6679,33.15155208110809,0.8167610503733158,32.21168392337859,
6680,34.903008956462145,0.6801241543143988,34.09774787724018,
6681,33.11993204988539,0.6863749586045742,32.2841249871999,
6682,33.01703999750316,0.9119450114667416,31.97052888572216,
6683,34.75986002013087,0.6825230084359646,33.95445109345019,
6684,32.80888986773789,0.6785320583730936,32.006572000682354,
6685,34.625432919710875,0.6831339560449123,33.81929313763976,
6686,34.265464870259166,0.6782810669392347,33.459109952673316,
6687,33.01507793366909,0.6773248314857483,32.21316612325609,
6688,34.474686020985246,0.6716828793287277,33.67725107818842,
6689,34.211477963253856,0.6762591656297445,33.41387887485325,
6690,32.77148096822202,0.6778459064662457,31.97141899727285,
6691,34.80776213109493,0.6743359845131636,34.01070297695696,
6692,33.69009797461331,0.6735778879374266,32.88917616009712,
6693,33.25407090596855,0.6728549487888813,32.44585217908025,
6694,34.88003299571574,0.6705380510538816,34.086654894053936,
6695,33.9325659442693,0.6729650776833296,33.135883044451475,
6696,32.98865188844502,0.6877221167087555,32.17636188492179,
6697,35.35072016529739,0.6771699991077185,34.54943001270294,
6698,33.66250288672745,0.6823409348726273,32.85669907927513,
6699,33.223455073311925,0.6739809177815914,32.42672001942992,
6700,34.83349597081542,0.6775010842829943,34.030788112431765,
6701,33.56684697791934,0.6666688714176416,32.77696412988007,
6702,32.97898918390274,0.67692412994802,32.17595093883574,
6703,35.15039198100567,0.6778489332646132,34.343202132731676,
6704,33.15588505938649,0.6820380222052336,32.34895202331245,
6705,33.35685795173049,0.6676279008388519,32.564882189035416,
6706,34.82539998367429,0.6717571523040533,34.02958484366536,
6707,33.452674048021436,0.6836848333477974,32.64720202423632,
6708,32.99740795046091,0.6740561220794916,32.19821793027222,
6709,34.621370024979115,0.6753189954906702,33.809540094807744,
6710,33.113147132098675,0.679404940456152,32.307056011632085,
6711,32.94006595388055,0.6735189817845821,32.13807404972613,
6712,34.251149045303464,0.6861651781946421,33.44152984209359,
6713,33.171816961839795,0.6878350395709276,32.35963103361428,
6714,32.97354304231703,0.6793949287384748,32.164025120437145,
6715,33.87831291183829,0.6753199268132448,33.08087098412216,
6716,34.98591994866729,0.682012876495719,34.179785987362266,
6717,32.9274139367044,0.6845921743661165,32.120403833687305,
6718,33.62398687750101,0.6787220481783152,32.821113942191005,
6719,34.96314794756472,0.6725580897182226,34.1673931106925,
6720,32.93392900377512,0.669626984745264,32.14143100194633,
6721,33.47250819206238,0.6848219782114029,32.66271413303912,
6722,34.69416592270136,0.7003990467637777,33.86972285807133,
6723,33.16699014976621,0.6696111522614956,32.37417200580239,
6724,33.44999090768397,0.6778840906918049,32.64562599360943,
6725,34.58749409765005,0.6798929534852505,33.77313818782568,
6726,32.91137795895338,0.6763390265405178,32.113878056406975,
6727,32.833484932780266,0.6786840967833996,32.03086485154927,
6728,33.95263897255063,0.6777569651603699,33.151634968817234,
6729,33.78175222314894,0.674515962600708,32.984830904752016,
6730,32.65909804031253,0.668846070766449,31.86450689099729,
6731,33.74014189466834,0.6799930706620216,32.93629107065499,
6732,35.424473928287625,0.6771350745111704,34.62037583813071,
6733,32.858113991096616,0.6733320187777281,32.05987182445824,
6734,33.84740394540131,0.671677989885211,33.05184398777783,
6735,35.50609992817044,0.6880001164972782,34.69497803598642,
6736,32.655450981110334,0.6837130058556795,31.848367070779204,
6737,33.86019100435078,0.6681811064481735,33.06429903022945,
6738,35.27499595656991,0.6804219447076321,34.47121707722545,
6739,32.895691925659776,0.6764968857169151,32.08930906839669,
6740,33.7856849655509,0.6816729437559843,32.98008907586336,
6741,34.7493109293282,0.6787960883229971,33.935040002688766,
6742,32.535495003685355,0.6762738339602947,31.735584139823914,
6743,32.795832958072424,0.6701631937175989,32.0025528781116,
6744,34.57395313307643,0.6657540798187256,33.78495783545077,
6745,32.30985393747687,0.6734288763254881,31.512201065197587,
6746,32.559957122430205,0.6783220451325178,31.75584110431373,
6747,34.85915600322187,0.7182399276643991,34.013427095487714,
6748,32.53010706976056,0.6696779746562243,31.73681301996112,
6749,32.28434803895652,0.6770540494471788,31.478395918384194,
6750,34.35384598560631,0.6672621238976717,33.56136986985803,
6751,32.28338807821274,0.6804049480706453,31.479147961363196,
6752,32.52424602396786,0.672169029712677,31.72896197065711,
6753,33.37657102383673,0.6679189391434193,32.5855549890548,
6754,32.6228910125792,0.6726449355483055,31.82476805523038,
6755,32.362102065235376,0.6713198963552713,31.567662954330444,
6756,32.6166998129338,0.6918199360370636,31.80129313841462,
6757,32.14291296899319,0.684947008267045,31.322900904342532,
6758,32.20083611086011,0.7245640736073256,31.352500896900892,
6759,32.18044596724212,0.691728200763464,31.365674920380116,
6760,32.2091868147254,0.6705957930535078,31.404106179252267,
6761,32.400563126429915,0.9361179545521736,31.32944507524371,
6762,32.49189583584666,0.6787178572267294,31.688263174146414,
6763,33.916424959897995,0.6684169638901949,33.12117210589349,
6764,34.05063506215811,0.6797781679779291,33.245411003008485,
6765,33.84515596553683,0.6923598702996969,33.023152966052294,
6766,34.96420686133206,0.7368759252130985,34.0997981838882,
6767,34.11655803211033,0.6877691484987736,33.30611786805093,
6768,33.42282585799694,0.6789600010961294,32.61780785396695,
6769,34.92556791752577,0.6827071774750948,34.119714982807636,
6770,33.88694697059691,0.7137560751289129,33.047441858798265,
6771,33.53192494250834,0.672393012791872,32.73632703348994,
6772,35.077392123639584,0.6848261691629887,34.27016595378518,
6773,33.8899081107229,0.804093899205327,32.95261808671057,
6774,33.75390311703086,0.6790019106119871,32.949276035651565,
6775,35.08143709041178,0.6851500365883112,34.24839093349874,
6776,33.191154012456536,0.865753972902894,32.179028959944844,
6777,34.302929881960154,0.6806938908994198,33.501818077638745,
6778,35.12745397165418,0.6707319989800453,34.30462395772338,
6779,33.18380704149604,0.9028199128806591,32.15536009520292,
6780,33.90650195069611,0.6798799149692059,33.1013691611588,
6781,35.50865198485553,0.687367981299758,34.67685007490218,
6782,32.72024099715054,0.8942249696701765,31.665557064116,
6783,34.5404539257288,0.6815160159021616,33.73047988861799,
6784,35.104566952213645,0.6713857874274254,34.264800138771534,
6785,33.04833802394569,0.8872770704329014,32.03096194192767,
6786,33.7916249409318,0.6723159458488226,32.99750084988773,
6787,35.330442013219,0.6688418798148632,34.48583395220339,
6788,33.01220294088125,0.9089929517358541,31.97018802165985,
6789,34.434698056429625,0.6990779656916857,33.60096993856132,
6790,35.267229890450835,0.6736200302839279,34.44711095653474,
6791,33.19220500998199,0.9018499404191971,32.151276944205165,
6792,33.70247385464609,0.6883300375193357,32.89328794926405,
6793,35.440868930891156,0.6717459764331579,34.613367170095444,
6794,33.065224066376686,0.8611888624727726,32.065849052742124,
6795,34.0446881018579,0.681387959048152,33.23882003314793,
6796,35.18643113784492,0.6847449112683535,34.3570071272552,
6797,33.508227905258536,0.874960096552968,32.489082077518106,
6798,33.54785684496164,0.6887770723551512,32.73404482752085,
6799,35.491368966177106,0.6807518657296896,34.6738260705024,
6800,33.143036998808384,0.888362992554903,32.11403382010758,
6801,34.183779964223504,0.6914681289345026,33.36854302324355,
6802,35.18162504769862,0.6922888569533825,34.32436613366008,
6803,33.460624050349,0.910191098228097,32.42295794188976,
6804,33.53938087821007,0.6837770342826843,32.73121686652303,
6805,35.366643918678164,0.6789418403059244,34.51223601587117,
6806,33.358167856931686,0.8659609593451023,32.35096903517842,
6807,33.937721978873014,0.6839069537818432,33.12780614942312,
6808,35.1697311270982,0.6777280941605568,34.33288400992751,
6809,33.52590906433761,0.8924899157136679,32.48822409659624,
6810,33.562574069947004,0.6836289539933205,32.755912048742175,
6811,35.34958302043378,0.6794931832700968,34.49798887595534,
6812,33.3086580503732,0.9107748046517372,32.26258303038776,
6813,34.05432403087616,0.6802279967814684,33.248546067625284,
6814,35.26288806460798,0.6824519950896502,34.411212895065546,
6815,33.36551203392446,0.8640571031719446,32.37257292494178,
6816,33.54139206930995,0.6846499163657427,32.73278009146452,
6817,35.718112951144576,0.6818471010774374,34.88523489795625,
6818,33.007722115144134,0.8961050771176815,31.967957969754934,
6819,34.09166797064245,0.6766319274902344,33.290102146565914,
6820,35.4079520329833,0.6832201033830643,34.54900998622179,
6821,33.44496712088585,0.8872379548847675,32.406180165708065,
6822,33.86310092173517,0.6821828428655863,33.05701701901853,
6823,35.82217311486602,0.678960932418704,34.98248313553631,
6824,33.34169019944966,0.8975898381322622,32.30442316271365,
6825,33.513449132442474,0.6788461469113827,32.708796905353665,
6826,35.748083144426346,0.6774449720978737,34.90094211883843,
6827,33.40728092007339,0.8960280101746321,32.379518961533904,
6828,33.49255002103746,0.6828170735388994,32.686433987692,
6829,35.80809896811843,0.6822310388088226,34.96215678751469,
6830,33.29811408184469,0.8792488370090723,32.291727140545845,
6831,33.600836992263794,0.6760249380022287,32.797956140711904,
6832,35.71228310465813,0.708739971742034,34.86053110100329,
6833,33.300101989880204,0.8508949540555477,32.3127971496433,
6834,33.54279510676861,0.6759269163012505,32.7432369813323,
6835,35.779624013230205,0.6744549609720707,34.931864123791456,
6836,33.308845944702625,0.8317709434777498,32.33791096135974,
6837,33.39293086901307,0.687828054651618,32.57011412642896,
6838,35.722129978239536,0.6800498813390732,34.89937912672758,
6839,33.19542785175145,0.9362529963254929,32.127401093021035,
6840,33.62663299776614,0.6810238119214773,32.82251697964966,
6841,35.756652941927314,0.6713070906698704,34.921140875667334,
6842,33.16847002133727,0.8449719753116369,32.18902996741235,
6843,33.50531798787415,0.6756479851901531,32.707426929846406,
6844,35.74129892513156,0.6792871281504631,34.90140498615801,
6845,33.12763315625489,0.8470609318464994,32.15255308896303,
6846,33.54068985208869,0.6787499878555536,32.73892286233604,
6847,35.645338939502835,0.6753189954906702,34.823363879695535,
6848,33.23751990683377,0.9038529824465513,32.19538112170994,
6849,33.69118017144501,0.685323029756546,32.87714393809438,
6850,35.810190020129085,0.7044018711894751,34.94884702377021,
6851,33.28378894366324,0.9246710687875748,32.21999108791351,
6852,33.293123822659254,0.7098300848156214,32.458512810990214,
6853,35.37807613611221,0.6821230053901672,34.541514003649354,
6854,32.98567095771432,0.9032490197569132,31.95017809048295,
6855,33.768922090530396,0.6777639500796795,32.96352713368833,
6856,35.21814593113959,0.6845099851489067,34.36730708926916,
6857,33.28372398391366,0.8699931204319,32.2836390696466,
6858,33.891988918185234,0.6787329912185669,33.0894161015749,
6859,35.18915502354503,0.6788901519030333,34.35398801229894,
6860,33.32577086985111,0.8754839655011892,32.31739904731512,
6861,33.71001989580691,0.6757499650120735,32.90633484721184,
6862,35.28280393220484,0.6786060985177755,34.455643966794014,
6863,33.278021030128,0.8463510312139988,32.300012884661555,
6864,33.865334931761026,0.6823609583079815,33.05925591848791,
6865,35.08492698892951,0.6814890075474977,34.22960499301553,
6866,33.46174908801913,0.8807568810880184,32.44047309271991,
6867,33.920587971806526,0.674593960866332,33.122410997748375,
6868,35.06827098317444,0.6784568540751934,34.23948818817735,
6869,33.126686001196504,0.9309379383921623,32.051126938313246,
6870,34.08388793468475,0.6842429284006357,33.27513602562249,
6871,34.78191816248,0.6747599691152573,33.94480608403683,
6872,33.623066963627934,0.8599660359323025,32.62366005219519,
6873,33.691330114379525,0.6867051124572754,32.88185107521713,
6874,34.7439490724355,0.6826929748058319,33.937305212020874,
6875,33.540887059643865,0.8284901268780231,32.58747095242143,
6876,34.280127845704556,0.6826929748058319,33.473748015239835,
6877,34.589070128276944,0.6715869531035423,33.748329151421785,
6878,33.5474400781095,0.8555690292268991,32.55942603573203,
6879,33.94549596123397,0.678021926432848,33.14090799540281,
6880,34.65102706104517,0.6844899617135525,33.79787388257682,
6881,33.34432793781161,0.818667933344841,32.39517495967448,
6882,34.333504969254136,0.6717201322317123,33.538243966177106,
6883,34.45941302925348,0.6869020871818066,33.621013863012195,
6884,33.56727305799723,0.8374887984246016,32.60166919790208,
6885,33.733111107721925,0.6853269878774881,32.90274296887219,
6886,33.64457585848868,0.6889100186526775,32.83012192696333,
6887,33.693033969029784,0.6780438125133514,32.893197145313025,
6888,33.83028297685087,0.6806391756981611,33.02566381171346,
6889,33.49397890269756,0.6800489500164986,32.69054205156863,
6890,33.59294915571809,0.6817008834332228,32.788102980703115,
6891,33.782383194193244,0.6838790141046047,32.976038986817,
6892,33.12430693767965,0.6850159261375666,32.315274933353066,
6893,33.4526770748198,0.6748191080987453,32.654214883223176,
6894,33.20628800429404,0.6761630065739155,32.40787098184228,
6895,32.53153502009809,0.6639999337494373,31.742864986881614,
6896,32.94171206653118,0.7010290864855051,32.1159849409014,
6897,32.510911114513874,0.686942832544446,31.69826907105744,
6898,31.815232010558248,0.6767739541828632,31.01330902427435,
6899,31.845459947362542,0.6829339545220137,31.040091067552567,
6900,31.84329392388463,0.6787439342588186,31.040755100548267,
6901,32.48189203441143,0.6831679493188858,31.663441099226475,
6902,32.452728133648634,0.6717948708683252,31.655932078137994,
6903,32.397249015048146,0.6811961065977812,31.588640995323658,
6904,32.28754992596805,0.6764510180801153,31.486231833696365,
6905,34.24625005573034,0.6834119558334351,33.43772096559405,
6906,32.26967598311603,0.6787588354200125,31.46595903672278,
6907,32.49793406575918,0.6780060939490795,31.698090955615044,
6908,34.749193117022514,0.6801430135965347,33.94302795641124,
6909,32.54345618188381,0.6733459886163473,31.745100859552622,
6910,32.39074116572738,0.6808508187532425,31.584304058924317,
6911,34.73590686917305,0.6761518307030201,33.93598506227136,
6912,32.39002311602235,0.8091218769550323,31.455680960789323,
6913,32.64714195393026,0.6708810105919838,31.852470012381673,
6914,33.94402004778385,0.6818829569965601,33.137437887489796,
6915,32.67780807800591,0.8061998523771763,31.746699009090662,
6916,32.94309601187706,0.6786081939935684,32.13971899822354,
6917,33.584619872272015,0.6820838898420334,32.73127996362746,
6918,33.12478796578944,0.8668829686939716,32.12126297876239,
6919,35.042066127061844,0.6751560140401125,34.240836976096034,
6920,33.133438089862466,0.6735329516232014,32.336129108443856,
6921,34.2162000015378,0.7927219849079847,33.29538204707205,
6922,34.73770502023399,0.6927088834345341,33.92085712403059,
6923,33.17899815738201,0.6835130043327808,32.37282787449658,
6924,34.02563906274736,0.803353963419795,33.0990890506655,
6925,34.775549080222845,0.6849819328635931,33.9664570055902,
6926,32.86997089162469,0.6838589906692505,32.062757993116975,
6927,34.57757621072233,0.6933619733899832,33.7575520388782,
6928,34.745706943795085,0.6817849352955818,33.94037717953324,
6929,32.88456401787698,0.6850471254438162,32.07685798406601,
6930,34.266801085323095,0.7128508295863867,33.42952509410679,
6931,34.88037595525384,0.678780023008585,34.07639008946717,
6932,32.722136937081814,0.6821479182690382,31.91550704650581,
6933,34.651096910238266,0.6870951037853956,33.824502024799585,
6934,34.913948038592935,0.6778689566999674,34.11152702756226,
6935,33.023341093212366,0.6757320370525122,32.224148977547884,
6936,33.908313140273094,0.8106359746307135,32.97336702235043,
6937,34.97526701539755,0.6801399867981672,34.17161083780229,
6938,32.795409206300974,0.6815739907324314,31.99054696597159,
6939,34.560872009024024,0.7747849449515343,33.66155317053199,
6940,34.827810944989324,0.6755150388926268,34.03501189313829,
6941,33.02473109215498,0.6770188920199871,32.21677290275693,
6942,34.05978297814727,0.813464866951108,33.12123008072376,
6943,34.93166295811534,0.6858748383820057,34.11777503788471,
6944,32.816782826557755,0.6743951234966516,32.0180079434067,
6945,34.594698110595345,0.7529058493673801,33.71785208582878,
6946,34.768006997182965,0.6795539520680904,33.963131019845605,
6947,32.993556931614876,0.6682181265205145,32.202247995883226,
6948,34.0890500228852,0.7802860345691442,33.18311111070216,
6949,35.26853211224079,0.6978230085223913,34.43273087032139,
6950,33.09219004586339,0.6904990877956152,32.25464792922139,
6951,34.3345848377794,0.853035831823945,33.348354045301676,
6952,35.01500189304352,0.6714509800076485,34.219072898849845,
6953,33.22716895490885,0.6805569864809513,32.37659903243184,
6954,33.86364481411874,0.8831687737256289,32.84279000945389,
6955,35.31974321231246,0.6759329698979855,34.52036320231855,
6956,33.20516203530133,0.7349790539592505,32.31342206709087,
6957,33.936307998374104,0.8680729661136866,32.939224038273096,
6958,34.980544121935964,0.6848489865660667,34.171426901593804,
6959,33.283415948972106,0.6849090568721294,32.438850961625576,
6960,33.84483582340181,0.8732851129025221,32.8163499943912,
6961,35.09411099366844,0.6889239884912968,34.27708614617586,
6962,33.12351694330573,0.6735317874699831,32.30553911998868,
6963,34.17531307786703,0.8503561839461327,33.19139499217272,
6964,35.062423907220364,0.6927240174263716,34.244701033458114,
6965,33.12813979573548,0.6969301030039787,32.25791687145829,
6966,33.78385305404663,0.8667369838804007,32.78280491940677,
6967,35.40930198505521,0.691290944814682,34.59492395631969,
6968,33.016748959198594,0.6857099942862988,32.173092011362314,
6969,34.04601104557514,0.8751419372856617,33.02312106825411,
6970,35.214428789913654,0.6920399609953165,34.403389086946845,
6971,33.1133808940649,0.6801211275160313,32.272160053253174,
6972,33.76082703471184,0.8534700609743595,32.77357202023268,
6973,35.22333805449307,0.6873798556625843,34.40784616395831,
6974,32.91159821674228,0.692067900672555,32.08893397822976,
6975,34.3725741840899,0.8376301266252995,33.41549797914922,
6976,34.99244595877826,0.7014560978859663,34.165052929893136,
6977,33.090457087382674,0.6944159977138042,32.24471281282604,
6978,34.03518395498395,0.8776080794632435,33.021993935108185,
6979,35.08792701177299,0.6912711542099714,34.27166282199323,
6980,32.93280699290335,0.6913801189512014,32.117977971211076,
6981,34.24718091264367,0.8357500191777945,33.27463986352086,
6982,34.526933915913105,0.6938138976693153,33.70678215287626,
6983,32.941126031801105,0.6917598657310009,32.122820150107145,
6984,34.34897703118622,0.7197989616543055,33.504895167425275,
6985,35.0275079254061,0.6994791328907013,34.20465788803995,
6986,32.59349800646305,0.6905898917466402,31.77888016216457,
6987,34.74911488592625,0.6825290620326996,33.94265193492174,
6988,34.53921899199486,0.6824508309364319,33.732454059645534,
6989,32.94197493232787,0.689357053488493,32.12876315228641,
6990,34.14511401206255,0.7154860068112612,33.30315579660237,
6991,34.94242113083601,0.6867300253361464,34.13127898238599,
6992,32.59531105868518,0.6841968279331923,31.787389190867543,
6993,34.845524933189154,0.6826880853623152,34.04041286557913,
6994,34.659367986023426,0.6798140238970518,33.855024026706815,
6995,33.029356971383095,0.678463838994503,32.22739999182522,
6996,33.966540126129985,0.7943729870021343,33.0496069509536,
6997,34.81888095848262,0.6791180931031704,34.00309896096587,
6998,32.44792600162327,0.6859709974378347,31.638117041438818,
6999,34.75002897903323,0.6739748641848564,33.94684800878167,
7000,34.61027587763965,0.6845090538263321,33.79757795482874,
7001,32.728697871789336,0.6906508933752775,31.91695804707706,
7002,34.63502204976976,0.7130659651011229,33.796546049416065,
7003,34.87462713383138,0.6893270183354616,34.058886812999845,
7004,32.46325999498367,0.6872890517115593,31.647357158362865,
7005,34.72641692496836,0.6948220543563366,33.90365093946457,
7006,34.38446996733546,0.6777611561119556,33.583486918359995,
7007,32.73495100438595,0.6868699565529823,31.924848211929202,
7008,34.22462707385421,0.6801700219511986,33.419915940612555,
7009,34.66812684200704,0.6874031387269497,33.86132791638374,
7010,32.42680011317134,0.6761460099369287,31.62408689968288,
7011,35.494684940204024,0.6742018740624189,34.69215100631118,
7012,34.29357102140784,0.6776631344109774,33.492160961031914,
7013,32.16050215996802,0.6927719805389643,31.330914003774524,
7014,34.936940064653754,0.6828829646110535,34.13012996315956,
7015,33.93636713735759,0.6858219858258963,33.127369126304984,
7016,32.23117510788143,0.6850338540971279,31.422280007973313,
7017,34.69050116837025,0.6881190929561853,33.87767402455211,
7018,34.236422972753644,0.6924350745975971,33.41993992216885,
7019,32.16942003928125,0.6933030672371387,31.354787992313504,
7020,34.41840293817222,0.7317059207707644,33.56096590869129,
7021,33.383648842573166,0.6945589557290077,32.56505308672786,
7022,32.22831804305315,0.6953601259738207,31.408637994900346,
7023,34.828422823920846,0.6950960960239172,34.00854812934995,
7024,33.249210100620985,0.686482060700655,32.4400058016181,
7025,32.15437615290284,0.687489053234458,31.341810012236238,
7026,34.266237169504166,0.6803090218454599,33.46126596443355,
7027,32.54408203065395,0.6932942196726799,31.723844818770885,
7028,32.17318211682141,0.7018130272626877,31.34588012471795,
7029,33.80999597720802,0.6953799165785313,32.97836612910032,
7030,32.690553925931454,0.6830899510532618,31.882927054539323,
7031,32.61939506046474,0.6924520712345839,31.803254038095474,
7032,32.76858804747462,0.6860180292278528,31.958959065377712,
7033,32.56124188192189,0.6864690221846104,31.752879032865167,
7034,32.64016006141901,0.6870399229228497,31.828812090680003,
7035,32.50640397891402,0.6852499209344387,31.696863938122988,
7036,32.693074783310294,0.6870857905596495,31.88008116558194,
7037,32.53949317149818,0.7056919857859612,31.708142952993512,
7038,32.655589981004596,0.6912350654602051,31.839449889957905,
7039,32.81337511725724,0.6929140072315931,31.99515910819173,
7040,32.76951611042023,0.6851928774267435,31.960736960172653,
7041,32.542703906074166,0.6824478041380644,31.732378993183374,
7042,34.41399894654751,0.8219501469284296,33.46936497837305,
7043,32.63830579817295,0.6892790552228689,31.823113095015287,
7044,32.629374181851745,0.6863598246127367,31.81900200434029,
7045,35.37438204512,0.8301581256091595,34.40986596979201,
7046,33.20556110702455,0.6896709091961384,32.39162708632648,
7047,32.86137594841421,0.6747920997440815,32.06165903247893,
7048,35.10520001873374,0.8136599790304899,34.16563104838133,
7049,33.71718293055892,0.6805961020290852,32.912448048591614,
7050,32.97650907188654,0.6834820378571749,32.16804680414498,
7051,34.98671483248472,0.8141491562128067,34.049461828544736,
7052,34.508752869442105,0.6851369980722666,33.69958000257611,
7053,32.907565822824836,0.6736330687999725,32.096106093376875,
7054,35.320837050676346,0.8212779648602009,34.37232505530119,
7055,34.02682417072356,0.6989208050072193,33.202785067260265,
7056,33.00970001146197,0.6904029287397861,32.14602614752948,
7057,35.5408180039376,0.8272468112409115,34.56618217751384,
7058,33.981786109507084,0.6774680223315954,33.17799302749336,
7059,32.96804986894131,0.6771101616322994,32.12597081437707,
7060,35.59009311720729,0.8170870132744312,34.64047494344413,
7061,34.26494495943189,0.6872960366308689,33.44385186210275,
7062,33.03098492324352,0.6850690115243196,32.22281206399202,
7063,35.693067125976086,0.801948131993413,34.765814896672964,
7064,33.65528583526611,0.6851230282336473,32.84687688574195,
7065,33.19240594282746,0.6884369067847729,32.37649495713413,
7066,35.54959408938885,0.8240940514951944,34.6013770904392,
7067,33.972088946029544,0.6864788010716438,33.15770416520536,
7068,33.043500036001205,0.6770628970116377,32.24210697226226,
7069,35.894133849069476,0.8024971466511488,34.96700385585427,
7070,33.392034005373716,0.6814380176365376,32.58668491616845,
7071,33.1733210477978,0.6895130500197411,32.35555300489068,
7072,35.695800092071295,0.8258409798145294,34.74585199728608,
7073,33.88694999739528,0.6902602035552263,33.072966849431396,
7074,33.02287100814283,0.6865730974823236,32.21136680804193,
7075,35.898681031540036,0.8100918494164944,34.96619104407728,
7076,33.47711404785514,0.6744710262864828,32.67842507921159,
7077,33.22909981943667,0.68623386323452,32.408578088507056,
7078,35.8080028090626,0.8090289775282145,34.87341618165374,
7079,33.91745802946389,0.6874629762023687,33.10594288632274,
7080,33.155696000903845,0.7030949927866459,32.32359001412988,
7081,35.85918294265866,0.8292088750749826,34.90514191798866,
7082,33.725391840562224,0.6978870369493961,32.90647198446095,
7083,33.29578205011785,0.6878669373691082,32.483299961313605,
7084,35.564683144912124,0.8195270784199238,34.62045104242861,
7085,34.07379798591137,0.6782608106732368,33.273349050432444,
7086,33.17906497977674,0.6870860233902931,32.36806089989841,
7087,35.51395796239376,0.8017499931156635,34.58627895452082,
7088,33.73697306960821,0.681285047903657,32.933095935732126,
7089,33.264851197600365,0.6892578676342964,32.444348093122244,
7090,35.55417596362531,0.805361894890666,34.62429903447628,
7091,33.87802606448531,0.6862799637019634,33.06786599569023,
7092,33.1059698946774,0.6821209099143744,32.298635924234986,
7093,35.541519057005644,0.8096229285001755,34.5943090505898,
7094,33.86041591875255,0.6860350258648396,33.05034805089235,
7095,33.04591402411461,0.6812810897827148,32.23671391606331,
7096,35.673914942890406,0.8167691994458437,34.732522908598185,
7097,33.89444597996771,0.690187094733119,33.08247588574886,
7098,33.119252882897854,0.6844841409474611,32.31075778603554,
7099,35.57000891305506,0.8107570465654135,34.6329458989203,
7100,33.90275198034942,0.6897870916873217,33.087957883253694,
7101,33.007991034537554,0.6886080373078585,32.19516319222748,
7102,35.642721923068166,0.8148930501192808,34.70520582050085,
7103,34.12948898039758,0.6822871509939432,33.32020994275808,
7104,33.124919049441814,0.6762819830328226,32.324462896212935,
7105,35.42722295969725,0.8203461766242981,34.48002692312002,
7106,34.21682701446116,0.687937019392848,33.405028050765395,
7107,33.10362296178937,0.6902939639985561,32.280422979965806,
7108,35.46155197545886,0.813561026006937,34.52245704829693,
7109,33.87077804654837,0.7070938590914011,33.02794904448092,
7110,32.83924609422684,0.6898220162838697,32.02600800432265,
7111,35.546328872442245,0.822960864752531,34.59765203297138,
7112,34.28228897973895,0.6967110093683004,33.46026991494,
7113,32.79366507194936,0.6910699885338545,31.97788307443261,
7114,35.544261103495955,0.8147670887410641,34.6032939851284,
7115,34.07105593942106,0.6939331069588661,33.25359709560871,
7116,32.80056896619499,0.6856648251414299,31.99153719469905,
7117,35.4816869366914,0.8194160182029009,34.53696193173528,
7118,34.06654205173254,0.7135220803320408,33.22973498143256,
7119,32.875936944037676,0.6845700554549694,32.06747095100582,
7120,35.431069089099765,0.8081779815256596,34.499885980039835,
7121,34.12625193595886,0.678985146805644,33.325426978990436,
7122,32.86989196203649,0.688344007357955,32.05535188317299,
7123,35.33282200805843,0.8191058877855539,34.3903040047735,
7124,34.340183017775416,0.6899409927427769,33.52472884580493,
7125,32.67790796235204,0.690842978656292,31.851090025156736,
7126,35.15571006573737,0.8197359275072813,34.21127493493259,
7127,34.18872505426407,0.6887409836053848,33.377520041540265,
7128,32.57747110910714,0.6805348675698042,31.773671973496675,
7129,35.10441002435982,0.8130490314215422,34.166651079431176,
7130,34.40410899929702,0.6894080433994532,33.58864807523787,
7131,32.636750023812056,0.6845388561487198,31.827672151848674,
7132,34.88613595254719,0.8170590735971928,33.94389804452658,
7133,34.71481194719672,0.6884480826556683,33.90296990983188,
7134,32.54923108033836,0.6797739770263433,31.74548107199371,
7135,35.06988403387368,0.806617084890604,34.13834096863866,
7136,34.41153606399894,0.6870501674711704,33.59762695617974,
7137,32.683436991646886,0.6931661628186703,31.865393975749612,
7138,34.63538712821901,0.8059151004999876,33.70598191395402,
7139,35.23305105045438,0.6867130286991596,34.42429401911795,
7140,32.58713195100427,0.682382145896554,31.780296936631203,
7141,34.34418304823339,0.8115039672702551,33.397441962733865,
7142,34.37149501405656,0.6931168027222157,33.555599162355065,
7143,32.22420811653137,0.6752661429345608,31.424155924469233,
7144,33.97364215925336,0.8142369333654642,33.036098117008805,
7145,34.24575994722545,0.6900040898472071,33.43338007107377,
7146,32.285036984831095,0.695427879691124,31.419778941199183,
7147,33.3964629098773,0.9260480292141438,32.33285015448928,
7148,33.728716894984245,0.6903409957885742,32.91473793797195,
7149,32.13508310727775,0.6758901290595531,31.33736294694245,
7150,33.95698987878859,0.691849971190095,33.142634900286794,
7151,33.14017900265753,0.6767390295863152,32.340659061446786,
7152,32.2663860861212,0.7004330400377512,31.444205902516842,
7153,33.530690940096974,0.6839181296527386,32.72530692629516,
7154,32.23846689797938,0.6718328222632408,31.441403087228537,
7155,32.1555738337338,0.6855421233922243,31.34745778515935,
7156,32.75661007501185,0.6839169654995203,31.95056109689176,
7157,32.73878991603851,0.689556123688817,31.91602393053472,
7158,32.29371388442814,0.678173964843154,31.49291407316923,
7159,32.34785096719861,0.6932870019227266,31.530385138466954,
7160,32.918998040258884,0.7053220178931952,32.08976099267602,
7161,32.61029114946723,0.6869449280202389,31.799666117876768,
7162,32.43426699191332,0.6938320584595203,31.615955056622624,
7163,35.196089185774326,0.683194026350975,34.39055499620736,
7164,32.60361682623625,0.6796899251639843,31.80045704357326,
7165,32.60767995379865,0.6920939777046442,31.79232496768236,
7166,34.80196697637439,0.6807770114392042,33.99526886641979,
7167,32.69855701364577,0.6800040137022734,31.89579606987536,
7168,32.461224822327495,0.6928970105946064,31.64471685886383,
7169,35.079131834208965,0.6811919156461954,34.27539113909006,
7170,32.569603994488716,0.6911789532750845,31.756825977936387,
7171,32.55032212473452,0.6832480430603027,31.745982822030783,
7172,34.34993885457516,0.6877020932734013,33.53903396055102,
7173,32.89332217536867,0.6891591474413872,32.06790704280138,
7174,32.89509401656687,0.6893158424645662,32.08337910473347,
7175,33.916285960003734,0.6826107855886221,33.11071917414665,
7176,35.0715781096369,0.6926010828465223,34.25443894229829,
7177,32.610336784273386,0.6830419879406691,31.804484082385898,
7178,34.016343066468835,0.680701108649373,33.212696900591254,
7179,34.695979906246066,0.6775031797587872,33.896402921527624,
7180,32.934887101873755,0.7066831458359957,32.1060698479414,
7181,33.5062351077795,0.6952430121600628,32.68818696960807,
7182,35.47801706008613,0.6898380815982819,34.664392936974764,
7183,32.69096394069493,0.6868720520287752,31.88080294057727,
7184,33.465788001194596,0.6888799834996462,32.65062300488353,
7185,34.817191772162914,0.6868720520287752,34.00478698313236,
7186,32.92401577346027,0.6960548926144838,32.101683085784316,
7187,33.07106113061309,0.8353749290108681,32.104261917993426,
7188,34.610193921253085,0.710903899744153,33.770924899727106,
7189,32.899039098992944,0.7060018833726645,32.056930009275675,
7190,33.31638406962156,0.8269851095974445,32.36656077206135,
7191,33.96641695871949,0.6945009808987379,33.14964706078172,
7192,33.1571139395237,0.6829118356108665,32.34627516940236,
7193,32.930735033005476,0.8330040145665407,31.97437501512468,
7194,33.57893810607493,0.6894711405038834,32.76679688133299,
7195,32.83746703527868,0.6879700813442469,32.02812094241381,
7196,34.73627590574324,0.7207230664789677,33.891310915350914,
7197,32.97073487192392,0.6843211594969034,32.16220997273922,
7198,33.21000002324581,0.6852769292891026,32.397928182035685,
7199,34.6669580321759,0.6821451243013144,33.862509066239,
7200,33.47653499804437,0.6904990877956152,32.663163961842656,
7201,32.83162205480039,0.6858808919787407,32.02383010648191,
7202,34.802685026079416,0.6775220390409231,33.999192994087934,
7203,33.10299199074507,0.6865269970148802,32.29221701622009,
7204,33.18321914412081,0.6842489819973707,32.37494709901512,
7205,34.49036390520632,0.6833700463175774,33.67297793738544,
7206,33.91755698248744,0.6912997923791409,33.10328698717058,
7207,33.16490305587649,0.6914820987731218,32.351190922781825,
7208,34.61851109750569,0.6813218351453543,33.813959220424294,
7209,35.009867046028376,0.688639935106039,34.19868997298181,
7210,33.325934782624245,0.6821798160672188,32.52033912576735,
7211,34.60500901564956,0.6943861953914165,33.785583917051554,
7212,35.395090002566576,0.6887810304760933,34.57738691940904,
7213,33.147700130939484,0.6909871008247137,32.333534909412265,
7214,35.20621103234589,0.6880920846015215,34.39407097175717,
7215,34.851829055696726,0.6787839811295271,34.04994192533195,
7216,33.285163110122085,0.6829618941992521,32.47753414325416,
7217,34.60575616918504,0.795853091403842,33.68183085694909,
7218,35.390619887039065,0.7004300132393837,34.56787788309157,
7219,33.243375131860375,0.6876748520880938,32.40274405106902,
7220,33.951679011806846,0.8609739597886801,32.94653701595962,
7221,35.3588811121881,0.696046045050025,34.52521003782749,
7222,33.154269913211465,0.6952460389584303,32.28990104980767,
7223,33.49927091039717,0.8932081982493401,32.465956872329116,
7224,35.946412943303585,0.6921289023011923,35.130518954247236,
7225,33.00322010181844,0.6882019806653261,32.15955710038543,
7226,33.543688943609595,0.915115000680089,32.49453497119248,
7227,35.61424999497831,0.6867880001664162,34.80527619831264,
7228,33.16830703988671,0.6914488039910793,32.323229126632214,
7229,33.535473980009556,0.8786879479885101,32.51537401229143,
7230,35.81691486760974,0.6931740790605545,35.000938922166824,
7231,33.02726615220308,0.6900888402014971,32.194016966968775,
7232,33.66057900711894,0.9217560291290283,32.5815100222826,
7233,35.559379030019045,0.6813909858465195,34.75712682120502,
7234,33.1315400544554,0.6873661186546087,32.27943507954478,
7235,33.54124794714153,0.8561857976019382,32.5522581115365,
7236,35.75385105796158,0.6957151927053928,34.935903968289495,
7237,32.99693111330271,0.681786797940731,32.1526350453496,
7238,33.63546309992671,0.8977411780506372,32.59618696756661,
7239,35.62165587209165,0.7025608792901039,34.79516808874905,
7240,32.9003119841218,0.6938728038221598,32.05538121983409,
7241,33.91427104361355,0.886084046214819,32.89967612363398,
7242,35.441413056105375,0.7003070786595345,34.61630502715707,
7243,33.05893507786095,0.6939999293535948,32.203510869294405,
7244,33.71073608286679,0.8999209385365248,32.6612729113549,
7245,35.48216400668025,0.698308926075697,34.66117102652788,
7246,32.933659153059125,0.6974260322749615,32.088377978652716,
7247,33.93286094069481,0.8826989214867353,32.90971904061735,
7248,35.29462590813637,0.6962029729038477,34.47660687379539,
7249,33.01112097688019,0.6859090644866228,32.16071682982147,
7250,33.811924047768116,0.889801885932684,32.79503411613405,
7251,35.34812806174159,0.6855670362710953,34.53417704440653,
7252,32.90335112251341,0.6923379842191935,32.0847739931196,
7253,33.774692099541426,0.8482120465487242,32.767978962510824,
7254,35.009714076295495,0.6817420944571495,34.21020996756852,
7255,32.70458499900997,0.6829611957073212,31.89296484924853,
7256,34.370308043435216,0.7324609905481339,33.51309918798506,
7257,34.84070114791393,0.6914311088621616,34.02711381204426,
7258,32.622453989461064,0.6828380282968283,31.814947025850415,
7259,34.559463150799274,0.6920471787452698,33.745520981028676,
7260,34.63004296645522,0.684869010001421,33.821308985352516,
7261,32.72898495197296,0.692067900672555,31.911675119772553,
7262,34.47602689266205,0.6975850556045771,33.65449793636799,
7263,34.63766095228493,0.6840501446276903,33.83035399019718,
7264,32.646090956404805,0.6906499620527029,31.833121087402105,
7265,34.727455116808414,0.6958020385354757,33.905179938301444,
7266,34.429297083988786,0.7124932017177343,33.59380201436579,
7267,32.641573110595345,0.7045760285109282,31.815045047551394,
7268,34.64888106100261,0.6885069888085127,33.83680805563927,
7269,34.558989107608795,0.6931719835847616,33.73244917020202,
7270,32.53150708042085,0.6951999384909868,31.712159048765898,
7271,34.13430112414062,0.6903389003127813,33.32398412749171,
7272,35.09570797905326,0.6960050668567419,34.26936385221779,
7273,32.31664514169097,0.6930797826498747,31.49945312179625,
7274,34.47827394120395,0.6983100902289152,33.65673590451479,
7275,34.715390065684915,0.6955908611416817,33.89758802950382,
7276,32.555014127865434,0.6894590333104134,31.743580009788275,
7277,34.04849604703486,0.6846899632364511,33.240419114008546,
7278,34.44103617221117,0.7043578661978245,33.61385012976825,
7279,32.242874847725034,0.7034989539533854,31.416717916727066,
7280,33.935816027224064,0.6851579528301954,33.12818589620292,
7281,33.96039712242782,0.6827129982411861,33.15080003812909,
7282,32.41439093835652,0.6931128446012735,31.59692999906838,
7283,33.47032982856035,0.686336774379015,32.66060003079474,
7284,33.532090950757265,0.6907898932695389,32.71731408312917,
7285,32.77408494614065,0.6822869181632996,31.95890295319259,
7286,33.11101300641894,0.6837360560894012,32.303564017638564,
7287,32.92393800802529,0.6977368611842394,32.10345795378089,
7288,32.69297303631902,0.6786049343645573,31.89054294489324,
7289,32.92541718110442,0.6976688746362925,32.1045599412173,
7290,32.62559184804559,0.6850890349596739,31.81494981981814,
7291,32.86750800907612,0.6867439951747656,32.05665503628552,
7292,32.64812380075455,0.6860480643808842,31.83484892360866,
7293,32.91164920665324,0.682994956150651,32.10359998047352,
7294,32.93849201872945,0.687221996486187,32.12897898629308,
7295,32.940109027549624,0.6901710294187069,32.12572494521737,
7296,32.69318398088217,0.6841800641268492,31.884763156995177,
7297,34.927746979519725,0.6938630249351263,34.110556123778224,
7298,32.649199943989515,0.6859749555587769,31.84083104133606,
7299,32.9165100120008,0.6855828687548637,32.108306186273694,
7300,35.256353905424476,0.6857430562376976,34.448400838300586,
7301,33.08055084198713,0.688956119120121,32.25705190561712,
7302,32.89134195074439,0.7003350183367729,32.0685759652406,
7303,35.38991301320493,0.6984509527683258,34.567868104204535,
7304,32.946998020634055,0.6946919020265341,32.128899125382304,
7305,33.061539055779576,0.6947580259293318,32.24406810477376,
7306,34.95834697969258,0.6950481329113245,34.140788950026035,
7307,33.06907182559371,0.6911850068718195,32.25593199022114,
7308,32.9149269964546,0.704627949744463,32.088095089420676,
7309,34.643368097022176,0.695402966812253,33.82651414722204,
7310,32.86059503443539,0.69276406429708,32.04440395347774,
7311,33.00799895077944,0.6813020445406437,32.204101793468,
7312,35.43715598061681,0.6797970272600651,34.633714938536286,
7313,33.046999014914036,0.6874389946460724,32.23863709717989,
7314,32.912492053583264,0.6921479944139719,32.09846583195031,
7315,35.306860925629735,0.6859870627522469,34.497429151088,
7316,32.93765406124294,0.689217122271657,32.12619898840785,
7317,33.29878416843712,0.6912529934197664,32.47583610936999,
7318,34.99650000594556,0.6842419970780611,34.1859539039433,
7319,33.29449496231973,0.6956900469958782,32.47522911988199,
7320,33.030258025974035,0.8193198591470718,32.088750042021275,
7321,35.06926796399057,0.6894199177622795,34.254901111125946,
7322,32.92708611115813,0.6912860553711653,32.11388294585049,
7323,33.416973892599344,0.8223399054259062,32.4721341021359,
7324,34.39902304671705,0.685055973008275,33.59125601127744,
7325,33.31914986483753,0.6950960960239172,32.501660054549575,
7326,33.030540915206075,0.8160790894180536,32.090910943225026,
7327,33.958876971155405,0.6935819983482361,33.141920110210776,
7328,32.98703581094742,0.6917461287230253,32.17116999439895,
7329,33.3663709461689,0.8203738834708929,32.41936699487269,
7330,33.42653810977936,0.6828322075307369,32.62214781716466,
7331,33.34766300395131,0.6895740516483784,32.485117902979255,
7332,33.71437196619809,0.8727549575269222,32.71007211878896,
7333,33.20651897229254,0.6902969907969236,32.38145890645683,
7334,33.194304909557104,0.6958211306482553,32.375243958085775,
7335,35.08688509464264,0.6872899830341339,34.27663794718683,
7336,33.189580077305436,0.6852620281279087,32.38156088627875,
7337,33.23481697589159,0.6854310631752014,32.42471907287836,
7338,34.999588038772345,0.6870939396321774,34.18829804286361,
7339,33.23568217456341,0.6906541530042887,32.422717893496156,
7340,33.200873993337154,0.6891209632158279,32.38843404687941,
7341,34.89965107291937,0.6834380328655243,34.0935499407351,
7342,33.1725450232625,0.6890629883855581,32.35832881182432,
7343,33.20785006508231,0.6900280714035034,32.39482082426548,
7344,34.72812497057021,0.6971759721636772,33.91446219757199,
7345,33.20762678049505,0.6873928941786289,32.39680314436555,
7346,33.15163706429303,0.6920380983501673,32.33415889553726,
7347,34.55342189408839,0.7007177919149399,33.726131077855825,
7348,33.22177706286311,0.6872941739857197,32.412150874733925,
7349,33.33804802969098,0.6895740516483784,32.515543047338724,
7350,34.27908010780811,0.6865360774099827,33.469768008217216,
7351,33.03576307371259,0.692279078066349,32.222067937254906,
7352,33.75958697870374,0.692207831889391,32.941516023129225,
7353,33.76256790943444,0.697963172569871,32.94207691214979,
7354,33.29574014060199,0.6915098056197166,32.48001402243972,
7355,35.355224972590804,0.698834890499711,34.53498100861907,
7356,34.04331300407648,0.6813618820160627,33.23857602663338,
7357,33.06069201789796,0.687591964378953,32.249459996819496,
7358,35.767148016020656,0.687669962644577,34.952107816934586,
7359,34.160171169787645,0.6875409744679928,33.348859986290336,
7360,33.26080506667495,0.687361927703023,32.44926198385656,
7361,35.32958682626486,0.6927719805389643,34.514341969043016,
7362,34.65818194672465,0.6983678322285414,33.835334004834294,
7363,33.0569080542773,0.693230889737606,32.24011813290417,
7364,35.45272699557245,0.689301174134016,34.63933989405632,
7365,34.36407004483044,0.6819739937782288,33.54447800666094,
7366,32.78740402311087,0.6997559685260057,31.963148154318333,
7367,35.0508289411664,0.6838389672338963,34.24246609210968,
7368,34.324427833780646,0.6834941450506449,33.515258925035596,
7369,32.58274984546006,0.6985338404774666,31.7609419580549,
7370,35.46022903174162,0.6861318834125996,34.6517120487988,
7371,34.40990322269499,0.6938308943063021,33.58383500017226,
7372,32.80796715989709,0.6993960123509169,31.984048895537853,
7373,35.238628974184394,0.7003678474575281,34.41915102303028,
7374,34.59590603597462,0.6837649270892143,33.78724213689566,
7375,32.692944863811135,0.700782984495163,31.86609409749508,
7376,35.49272799864411,0.7041320204734802,34.66266510076821,
7377,34.15798000060022,0.7505039684474468,33.281126990914345,
7378,32.77283604256809,0.6900480948388577,31.956393038854003,
7379,35.4849121067673,0.7035569287836552,34.65752303600311,
7380,34.10817892290652,0.8541510906070471,33.12763990834355,
7381,32.39556890912354,0.6981620099395514,31.56110900454223,
7382,35.27083294466138,0.6935480050742626,34.449803875759244,
7383,34.127450082451105,0.6975780706852674,33.30609784461558,
7384,32.63960382901132,0.6998740136623383,31.815564027056098,
7385,34.9543618503958,0.7003201171755791,34.13002099841833,
7386,34.64087494648993,0.6950830575078726,33.82256277836859,
7387,32.41065703332424,0.6933549884706736,31.59200889058411,
7388,35.03443696536124,0.7031301502138376,34.206886775791645,
7389,34.329392947256565,0.7144438568502665,33.49068108946085,
7390,32.547777984291315,0.6980900652706623,31.724260887131095,
7391,34.79616600088775,0.693808076903224,33.978979801759124,
7392,34.5040550455451,0.6900269072502851,33.689117059111595,
7393,32.463102135807276,0.6920201703906059,31.647190917283297,
7394,34.893302945420146,0.6987850647419691,34.06999190337956,
7395,34.470270154997706,0.6892010569572449,33.6494070943445,
7396,32.657037023454905,0.7021639030426741,31.826560152694583,
7397,34.36186583712697,0.7116720080375671,33.51718210615218,
7398,34.31404894217849,0.6932190153747797,33.49580499343574,
7399,32.12879202328622,0.700636999681592,31.30236780270934,
7400,33.99140993133187,0.7009489927440882,33.165765926241875,
7401,33.720712875947356,0.6998621392995119,32.89467701688409,
7402,32.23042981699109,0.6878101266920567,31.41669393517077,
7403,34.921706886962056,0.6999641191214323,34.09569477662444,
7404,33.4911379031837,0.7032169960439205,32.663502963259816,
7405,32.13866986334324,0.728741055354476,31.290133018046618,
7406,34.64790899306536,0.6870271172374487,33.83697709068656,
7407,32.94540010392666,0.6927310023456812,32.12898992933333,
7408,32.287685899063945,0.6988588720560074,31.465552048757672,
7409,33.92400383017957,0.7050491403788328,33.09248201549053,
7410,32.55701414309442,0.7032779976725578,31.718169106170535,
7411,32.257810002192855,0.7676300592720509,31.359618064016104,
7412,33.32175896503031,0.7636721711605787,32.43219084106386,
7413,32.699648989364505,0.7292770314961672,31.830259831622243,
7414,32.412013970315456,0.7336311973631382,31.553006963804364,
7415,34.176984103396535,0.7242688443511724,33.32385909743607,
7416,32.692375825718045,0.72263996116817,31.845676945522428,
7417,32.495422987267375,0.7119369693100452,31.655721832066774,
7418,34.06991600058973,0.7208960596472025,33.220621990039945,
7419,32.78374020010233,0.7235540542751551,31.93292487412691,
7420,32.72794792428613,0.7251370698213577,31.877489993348718,
7421,33.11035200022161,0.7143178954720497,32.26899215951562,
7422,33.222866943106055,0.7263859733939171,32.37078804522753,
7423,32.47617813758552,0.7087921258062124,31.640501925721765,
7424,32.682767137885094,0.7049189880490303,31.853510066866875,
7425,35.00338178128004,0.7177160587161779,34.16127897799015,
7426,32.82859595492482,0.8442550897598267,31.85776388272643,
7427,32.49180410057306,0.7200769614428282,31.643538968637586,
7428,34.82085303403437,0.708526000380516,33.98541500791907,
7429,33.18507596850395,0.834951177239418,32.20611694268882,
7430,33.0945928581059,0.7289501372724771,32.20194997265935,
7431,34.61350384168327,0.8903320413082838,33.59312587417662,
7432,33.30035204999149,0.9484121110290289,32.21978899091482,
7433,33.074675127863884,0.7671751081943512,32.18032303266227,
7434,35.96171597018838,0.7590369787067175,35.08188296109438,
7435,33.20772689767182,0.8862768299877644,32.19348401762545,
7436,33.098882995545864,0.7448617834597826,32.22765703685582,
7437,35.9703809954226,0.7467230316251516,35.09824490174651,
7438,33.22315588593483,0.8721679914742708,32.225067960098386,
7439,33.10199617408216,0.7627138402312994,32.20156696625054,
7440,35.90054693631828,0.7867231033742428,34.99128692783415,
7441,33.22911588475108,0.8906479924917221,32.210937002673745,
7442,33.06124615482986,0.7472250144928694,32.18330699019134,
7443,35.68462887778878,0.739741139113903,34.81635102070868,
7444,33.17746100947261,0.8747908286750317,32.177000073716044,
7445,33.102120039984584,0.7384680211544037,32.22252591513097,
7446,35.36080406047404,0.7264059968292713,34.45915202610195,
7447,33.2616709638387,0.966944033280015,32.14792697690427,
7448,33.12777611427009,0.726817175745964,32.27107389830053,
7449,35.19840911030769,0.7327960338443518,34.29742087610066,
7450,33.96446700207889,0.9468221105635166,32.86804701201618,
7451,33.077721018344164,0.7315322291105986,32.21798688173294,
7452,35.00228514894843,0.7256160024553537,34.149145940318704,
7453,34.214023035019636,0.9256501216441393,33.1560040358454,
7454,33.13878015615046,0.7584958802908659,32.25312917493284,
7455,34.99209810979664,0.756407156586647,34.109342843294144,
7456,34.46016903035343,0.917200930416584,33.40977989137173,
7457,33.003856893628836,0.7345958147197962,32.143349992111325,
7458,34.77786481380463,0.7167761214077473,33.93670986406505,
7459,34.42780999466777,0.8485161233693361,33.38069492019713,
7460,33.31845602951944,0.7387739606201649,32.42940688505769,
7461,35.230885026976466,0.7498499471694231,34.29648908786476,
7462,34.123882884159684,0.9280529338866472,33.06859009899199,
7463,33.45634997822344,0.7390899118036032,32.59099507704377,
7464,35.106268944218755,0.748947961255908,34.19352998025715,
7465,34.24914088100195,0.9375980589538813,33.18208293057978,
7466,33.219109987840056,0.746455043554306,32.34655293636024,
7467,34.99353211373091,0.7272909861057997,34.10029294900596,
7468,33.988548908382654,0.90185203589499,32.95947192236781,
7469,33.379466040059924,0.7132778409868479,32.545591006055474,
7470,34.77693512104452,0.7350519299507141,33.8669391348958,
7471,34.63469794951379,0.9185560047626495,33.5855009034276,
7472,33.232673071324825,0.7302300073206425,32.377669122070074,
7473,34.96073093265295,0.7109439466148615,34.07340915873647,
7474,34.0028319042176,0.9293868206441402,32.944047125056386,
7475,33.40023709461093,0.7272900547832251,32.54572791047394,
7476,34.790717996656895,0.7146438583731651,33.89461012557149,
7477,33.87333499267697,0.8800651412457228,32.84823405556381,
7478,32.89282787591219,0.6927179638296366,32.06819295883179,
7479,34.07700499519706,0.7084521930664778,33.243911806494,
7480,34.835465950891376,0.6960779428482056,34.01437308639288,
7481,32.87310292944312,0.7037459872663021,32.04285888932645,
7482,33.91410689800978,0.723749864846468,33.06652698665857,
7483,34.841510001569986,0.7026901002973318,34.01503898203373,
7484,32.90803590789437,0.7151279132813215,32.06886793486774,
7485,34.226274117827415,0.7016230374574661,33.39312504976988,
7486,35.01539584249258,0.7224979344755411,34.16876797564328,
7487,32.861345913261175,0.7039811462163925,32.03213796950877,
7488,33.302447060123086,0.6989981047809124,32.47410012409091,
7489,34.71359610557556,0.7103730458766222,33.87799602933228,
7490,32.93581586331129,0.7035629823803902,32.108742045238614,
7491,32.92081318795681,0.7163039408624172,32.07957511767745,
7492,34.318081103265285,0.7035809103399515,33.489387948065996,
7493,32.75585500523448,0.7010931149125099,31.917789950966835,
7494,32.78030105866492,0.701752956956625,31.95420210249722,
7495,33.614312997087836,0.7046828977763653,32.78703009709716,
7496,32.81098185107112,0.696761067956686,31.98545495979488,
7497,32.74921397678554,0.706701073795557,31.91754803992808,
7498,32.78891509398818,0.7023289799690247,31.961498083546758,
7499,32.76961017400026,0.6993520073592663,31.94618597626686,
7500,32.909600995481014,0.6997839082032442,32.09001896902919,
7501,33.10736990533769,0.6929980590939522,32.289765076711774,
7502,32.81166800297797,0.6926259957253933,31.994410092011094,
7503,32.875759061425924,0.6954940035939217,32.05622103996575,
7504,35.595102002844214,0.7030640263110399,34.767912002280354,
7505,32.73362689651549,0.6899419240653515,31.91843000240624,
7506,33.06896518915892,0.6929249502718449,32.25164511241019,
7507,35.38229106925428,0.7088091224431992,34.54920183867216,
7508,32.88051695562899,0.6923789624124765,32.06184902228415,
7509,33.728467067703605,0.7721979636698961,32.821133034303784,
7510,35.08846089243889,0.7003750652074814,34.263096982613206,
7511,32.64027088880539,0.6956141442060471,31.820395961403847,
7512,34.607065841555595,0.6859570275992155,33.79523288458586,
7513,35.159793915227056,0.7003620266914368,34.333596006035805,
7514,32.72456512786448,0.7004840299487114,31.897463835775852,
7515,34.47698918171227,0.7036428432911634,33.64095208235085,
7516,35.167655907571316,0.7087618578225374,34.333896124735475,
7517,32.63610997237265,0.7309941574931145,31.78058681078255,
7518,34.39038805663586,0.7185910362750292,33.54824706912041,
7519,35.03458481281996,0.697724986821413,34.212016966193914,
7520,32.669452019035816,0.699145020917058,31.846513971686363,
7521,34.48433103039861,0.6900550797581673,33.670918783172965,
7522,34.80471787042916,0.6987869273871183,33.98243011906743,
7523,32.62683190405369,0.7024160586297512,31.80167800746858,
7524,34.809896955266595,0.6993580609560013,33.984932117164135,
7525,34.857260063290596,0.6984220817685127,34.022083040326834,
7526,32.67674194648862,0.6961789913475513,31.857211841270328,
7527,34.37190898694098,0.687610125169158,33.55935006402433,
7528,35.41039605624974,0.7052370347082615,34.577880054712296,
7529,32.445435877889395,0.6931708194315434,31.628203112632036,
7530,34.64881889522076,0.6981659680604935,33.82767108269036,
7531,35.09597992524505,0.6878380663692951,34.28419097326696,
7532,32.64983999542892,0.6977089215070009,31.827086117118597,
7533,34.169493010267615,0.6895801052451134,33.352955942973495,
7534,35.26815981604159,0.6812559440732002,34.462568117305636,
7535,32.41982590407133,0.687010120600462,31.610606936737895,
7536,34.76347494870424,0.6934539414942265,33.94095413386822,
7537,34.9129440728575,0.7084030658006668,34.078466007485986,
7538,32.715179957449436,0.7099190261214972,31.88259806483984,
7539,34.59922783076763,0.6948129739612341,33.78061391413212,
7540,35.25605401955545,0.7025180384516716,34.4281040597707,
7541,32.32811507768929,0.6989638786762953,31.491119181737304,
7542,34.4059590715915,0.7007850799709558,33.58215605840087,
7543,34.69363786280155,0.6983128841966391,33.871266059577465,
7544,32.345765037462115,0.6892401725053787,31.533533008769155,
7545,34.36074708588421,0.7000558543950319,33.53682509623468,
7546,34.456376917660236,0.7016828749328852,33.63038203679025,
7547,32.240339089185,0.7000169716775417,31.413126038387418,
7548,34.41057098098099,0.697137089446187,33.591628074645996,
7549,34.0382931753993,0.6969671230763197,33.217096934095025,
7550,32.30321197770536,0.6954560521990061,31.482791993767023,
7551,33.96125603467226,0.7042009383440018,33.13197405077517,
7552,33.45586103387177,0.7055308669805527,32.626325031742454,
7553,32.201582100242376,0.6889239884912968,31.389107927680016,
7554,33.212259877473116,0.7000751793384552,32.38783194683492,
7555,32.3396329768002,0.7018279284238815,31.507577979937196,
7556,32.302699983119965,0.6934700068086386,31.48794500157237,
7557,32.63633418828249,0.6969401147216558,31.805536011233926,
7558,32.65056596137583,0.6963459309190512,31.8294579628855,
7559,32.68687590025365,0.8366890251636505,31.72678197734058,
7560,32.59884798899293,0.7079059723764658,31.767857959493995,
7561,32.636953983455896,0.6966518703848124,31.784519087523222,
7562,32.85676706582308,0.8442830294370651,31.875894870609045,
7563,32.60843409225345,0.7043839432299137,31.783335143700242,
7564,32.61638293042779,0.7046898826956749,31.788696069270372,
7565,34.518658882007,0.70152897387743,33.696378115564585,
7566,32.598007936030626,0.7003210484981537,31.77585988305509,
7567,32.55753614939749,0.7027650717645884,31.731902854517102,
7568,35.19493993371725,0.6915349513292313,34.380767960101366,
7569,32.56181604228914,0.7007608655840158,31.736823031678796,
7570,32.5718461535871,0.6880569271743298,31.760904006659985,
7571,35.14889697544277,0.7038949988782406,34.32167088612914,
7572,32.62500884011388,0.6937349680811167,31.807153951376677,
7573,32.947425032034516,0.6890830118209124,32.123351003974676,
7574,35.17622477374971,0.6963650230318308,34.35683692805469,
7575,32.916677882894874,0.6952229887247086,32.09836594760418,
7576,32.82182081602514,0.7015061564743519,31.99740801937878,
7577,35.04846594296396,0.7025969680398703,34.22194020822644,
7578,32.688918989151716,0.7013881113380194,31.86479094438255,
7579,33.03951304405928,0.6893270183354616,32.22504397854209,
7580,34.223461989313364,0.6896490231156349,33.41241995804012,
7581,32.98473893664777,0.7003508508205414,32.16272918507457,
7582,32.96231012791395,0.7008388638496399,32.138342037796974,
7583,33.88005797751248,0.7035569287836552,33.05357997305691,
7584,32.70709398202598,0.7001960184425116,31.880192924290895,
7585,34.908093977719545,0.6903251633048058,34.0940929017961,
7586,33.30450411885977,0.6928169168531895,32.48954005539417,
7587,32.9699139110744,0.6910210940986872,32.15617896057665,
7588,34.97174917720258,0.6872660014778376,34.15996395051479,
7589,33.454704796895385,0.6839281413704157,32.63653186149895,
7590,33.34670583717525,0.7017948664724827,32.519321190193295,
7591,35.230322973802686,0.6937910802662373,34.41193397156894,
7592,33.36406499147415,0.707295024767518,32.534370897337794,
7593,33.45238300971687,0.704111997038126,32.621006947010756,
7594,35.135895013809204,0.68868906237185,34.324116073548794,
7595,33.423888962715864,0.6863919552415609,32.61391003616154,
7596,33.37192814797163,0.7024661172181368,32.546652015298605,
7597,35.082498798146844,0.6881630979478359,34.271032782271504,
7598,33.34681293927133,0.6940299645066261,32.53034898079932,
7599,33.43062195926905,0.7008248940110207,32.605140935629606,
7600,34.9286119453609,0.6978979799896479,34.10868695937097,
7601,33.46072696149349,0.6905929185450077,32.64600015245378,
7602,33.378331921994686,0.6959100719541311,32.56027493625879,
7603,35.06324696354568,0.6953089032322168,34.24557507969439,
7604,33.40579895302653,0.7018418982625008,32.581913052126765,
7605,33.37899106554687,0.7014840375632048,32.5445169582963,
7606,34.91392103023827,0.702728983014822,34.08946795389056,
7607,33.39079115539789,0.6973010022193193,32.57095208391547,
7608,33.420739928260446,0.703183002769947,32.594025833532214,
7609,34.74789601750672,0.7081599906086922,33.91297301277518,
7610,33.414375968277454,0.7016430608928204,32.590606017038226,
7611,33.328672870993614,0.7077089976519346,32.49876410700381,
7612,34.742302959784865,0.6962090265005827,33.91998098231852,
7613,33.32831896841526,0.6987720262259245,32.508856151252985,
7614,33.418603939935565,0.7056619506329298,32.59013290517032,
7615,34.568062983453274,0.6982588674873114,33.74654310755432,
7616,33.49299216642976,0.6958071608096361,32.6725400518626,
7617,33.39034505188465,0.7072449661791325,32.561539905145764,
7618,34.51586910523474,0.7079979404807091,33.68667303584516,
7619,33.34948304109275,0.7094440516084433,32.517575891688466,
7620,33.43633213080466,0.704171834513545,32.61039895005524,
7621,33.648368902504444,0.6888529751449823,32.82571095041931,
7622,33.22071488946676,0.7011168636381626,32.40017802454531,
7623,33.37006689980626,0.6932399701327085,32.55367814563215,
7624,33.25031790882349,0.7094889879226685,32.41998399607837,
7625,33.11394713819027,0.7053711451590061,32.28755481541157,
7626,34.37946201302111,0.7007229141891003,33.555658999830484,
7627,33.132839016616344,0.6915540434420109,32.31839183717966,
7628,33.28566299751401,0.7024649530649185,32.45925693772733,
7629,35.831460962072015,0.6967748049646616,35.0112181622535,
7630,33.27811602503061,0.7023091893643141,32.45430300012231,
7631,33.14697812311351,0.7001960184425116,32.32322679832578,
7632,35.976191982626915,0.7046419195830822,35.14862898737192,
7633,33.121105981990695,0.6999040488153696,32.29481400921941,
7634,33.237169962376356,0.6941561587154865,32.41969086229801,
7635,35.77551688067615,0.689805019646883,34.967307932674885,
7636,33.19622413255274,0.6942360196262598,32.37788914702833,
7637,33.09681895188987,0.6937610451132059,32.26905991323292,
7638,35.80868593417108,0.6961009930819273,34.991086926311255,
7639,33.182819141075015,0.6910881493240595,32.369545893743634,
7640,33.21899985894561,0.7046919781714678,32.389102037996054,
7641,35.688445903360844,0.6937549915164709,34.870651084929705,
7642,33.269234001636505,0.7052100263535976,32.43830008432269,
7643,33.101695124059916,0.7164098788052797,32.25984098389745,
7644,35.5367420706898,0.7218539249151945,34.69194890931249,
7645,33.09095301665366,0.6990900728851557,32.2717500384897,
7646,33.22541690431535,0.703086145222187,32.398971961811185,
7647,35.402939887717366,0.6894099060446024,34.59043800830841,
7648,33.19025016389787,0.7083371747285128,32.35979890450835,
7649,33.08942192234099,0.6898478604853153,32.27538010105491,
7650,35.71148798801005,0.6930578965693712,34.894226118922234,
7651,33.12051389366388,0.7009750697761774,32.295568846166134,
7652,33.26229611411691,0.6886827759444714,32.44928503409028,
7653,34.4833938870579,0.6982360500842333,33.651017816737294,
7654,31.926365103572607,0.6941459141671658,31.110351905226707,
7655,31.814910005778074,0.7105821277946234,30.98123986274004,
7656,33.980831038206816,0.7013359572738409,33.15678099170327,
7657,31.852751970291138,0.6992998532950878,31.03137807920575,
7658,31.88317804597318,0.70549501106143,31.055009923875332,
7659,32.79514494352043,0.8387139532715082,31.83417022228241,
7660,31.915836967527866,0.7088840939104557,31.07921895571053,
7661,31.846745871007442,0.6893069949001074,31.035196967422962,
7662,33.501287922263145,0.7257109973579645,32.65198087319732,
7663,31.88622393645346,0.7071320433169603,31.056701904162765,
7664,32.06888912245631,0.7008139509707689,31.244921032339334,
7665,33.09050411917269,0.6975908763706684,32.26835699751973,
7666,32.22586982883513,0.7020719349384308,31.401584157720208,
7667,34.09327915869653,0.7070519495755434,33.26436900533736,
7668,32.60279190726578,0.6938509177416563,31.784435966983438,
7669,33.46285899169743,0.7046139799058437,32.62034407816827,
7670,34.27169402129948,0.707543920725584,33.44024997204542,
7671,32.722038915380836,0.7012761197984219,31.897708075121045,
7672,35.27265205048025,0.6997559685260057,34.448335878551006,
7673,34.15856510400772,0.69792615249753,33.336244989186525,
7674,32.71435387432575,0.7038868498057127,31.88459505327046,
7675,35.29559192247689,0.6945759523659945,34.47824600152671,
7676,34.48937810026109,0.7118610665202141,33.6533198133111,
7677,32.91808604262769,0.7008200045675039,32.09315799176693,
7678,35.44237790629268,0.6999671459197998,34.61873880587518,
7679,34.81684788130224,0.6977550219744444,33.996907994151115,
7680,32.960306853055954,0.6990411784499884,32.136926893144846,
7681,35.353944171220064,0.6857479456812143,34.54584698192775,
7682,34.68025801703334,0.7054179441183805,33.85101188905537,
7683,33.350275829434395,0.6991419941186905,32.52819902263582,
7684,35.13964498415589,0.705075217410922,34.31147988885641,
7685,34.85642303712666,0.702582998201251,34.019434126093984,
7686,34.12440815009177,0.7013508584350348,33.299613976851106,
7687,34.751638071611524,0.6997000891715288,33.9281908236444,
7688,33.750679809600115,0.7083900272846222,32.919021090492606,
7689,34.26066297106445,0.6901021115481853,33.4477499127388,
7690,34.997220849618316,0.6987929809838533,34.173096995800734,
7691,33.588789170607924,0.6975799333304167,32.766194082796574,
7692,34.35140382498503,0.691005028784275,33.53640693239868,
7693,35.2299059741199,0.7050961721688509,34.40108080394566,
7694,33.341710921376944,0.7025618106126785,32.51463919878006,
7695,34.93776312097907,0.6949608214199543,34.11440900526941,
7696,34.80531205423176,0.7094079628586769,33.97235996089876,
7697,33.37016305886209,0.7075080648064613,32.541477121412754,
7698,34.923947881907225,0.6923610344529152,34.10975798033178,
7699,35.10883706621826,0.6917659193277359,34.294795943424106,
7700,33.091693883761764,0.6914499681442976,32.24443015642464,
7701,34.231815952807665,0.878242077305913,33.201165962964296,
7702,35.662125097587705,0.7008612155914307,34.837961895391345,
7703,33.39908295311034,0.6877670530229807,32.55898901261389,
7704,33.56267185881734,0.9425568860024214,32.481599133461714,
7705,35.74234200641513,0.6933719851076603,34.92620796896517,
7706,33.36235694587231,0.7148338481783867,32.49215800315142,
7707,33.52950909174979,0.9475720580667257,32.44522609747946,
7708,35.79985583201051,0.705768121406436,34.97097990475595,
7709,33.42178696766496,0.6946120411157608,32.57677610963583,
7710,33.51314598694444,0.9404101874679327,32.43421297520399,
7711,35.74900492094457,0.6987529341131449,34.92788108997047,
7712,33.382639987394214,0.7050901185721159,32.50646498054266,
7713,33.4815438836813,0.9437678381800652,32.39471511915326,
7714,35.80263489857316,0.6959098391234875,34.980516182258725,
7715,33.425436122342944,0.6904888432472944,32.57751208730042,
7716,33.43706694431603,0.8852719329297543,32.42067503742874,
7717,35.87421402335167,0.7005599327385426,35.03929590806365,
7718,33.72426005080342,0.6939850281924009,32.87864406593144,
7719,33.48604100756347,0.8374559693038464,32.5230888556689,
7720,35.86186282336712,0.7006640080362558,35.03778902813792,
7721,33.53270096704364,0.6965270731598139,32.70923695527017,
7722,33.623846946284175,0.8478041272610426,32.65792992897332,
7723,35.65083397552371,0.6987641099840403,34.830951830372214,
7724,33.67138304747641,0.7116899359971285,32.835629070177674,
7725,33.49021705798805,0.827818876132369,32.53895207308233,
7726,35.84096301347017,0.7039702031761408,35.013451939448714,
7727,33.578254049643874,0.7077159825712442,32.74809289723635,
7728,33.642899012193084,0.8358480408787727,32.68380695953965,
7729,35.63776006922126,0.6919549778103828,34.814937971532345,
7730,33.667623065412045,0.7002619095146656,32.842966029420495,
7731,33.46150601282716,0.8350370917469263,32.50456089153886,
7732,35.85674613714218,0.7036421447992325,35.0298339035362,
7733,33.521133940666914,0.6948700174689293,32.69233298487961,
7734,33.342221984639764,0.829154858365655,32.38916699774563,
7735,35.86260601878166,0.7085858378559351,35.03207000903785,
7736,33.39703404344618,0.7040759082883596,32.57171297445893,
7737,33.4531890694052,0.8344009984284639,32.49751287512481,
7738,35.73876596055925,0.6982269696891308,34.91355595178902,
7739,33.552356995642185,0.6976269651204348,32.73078496567905,
7740,33.440897008404136,0.831355107948184,32.48030599206686,
7741,35.924003925174475,0.69383904337883,35.108406795188785,
7742,34.67154083773494,0.6978129968047142,33.809219021350145,
7743,33.488353015854955,0.8384180255234241,32.52676408737898,
7744,34.95735488831997,0.6917801219969988,34.13896984420717,
7745,33.794863848015666,0.6889891810715199,32.898366916924715,
7746,36.019121995195746,3.4707810264080763,32.42405992932618,
7747,34.13962502963841,0.7112449966371059,33.29989011399448,
7748,33.38580997660756,0.7208711467683315,32.54028595983982,
7749,35.835908027365804,0.7150680758059025,34.34097790159285,
7750,35.32085195183754,1.2248679995536804,33.94192201085389,
7751,33.00771210342646,0.7036870811134577,32.1825398132205,
7752,34.2871299944818,0.698604853823781,33.464447129517794,
7753,37.55307896062732,1.8289999570697546,35.60239099897444,
7754,33.08657486923039,0.6978230085223913,32.26570109836757,
7755,33.08227797970176,0.7138550281524658,32.24468813277781,
7756,38.39795314706862,0.703462166711688,36.46710282191634,
7757,34.000450978055596,1.6519678756594658,32.18573401682079,
7758,33.489222871139646,0.702281016856432,32.661458011716604,
7759,34.11639202386141,0.7011950947344303,33.29034894704819,
7760,35.33019591122866,0.6993759889155626,33.53915689513087,
7761,34.99197820201516,2.6179731357842684,32.17182983644307,
7762,33.783311024308205,0.6913328543305397,32.971293199807405,
7763,33.65156101062894,0.7031969726085663,32.82593400217593,
7764,34.19921500608325,0.7025161758065224,33.371602883562446,
7765,34.71626294776797,0.7036959286779165,33.8765662163496,
7766,32.594733173027635,0.7139798253774643,31.759985024109483,
7767,32.67697989940643,0.6987049710005522,31.85425605624914,
7768,35.084357019513845,0.7180101238191128,34.242363879457116,
7769,32.68737089820206,0.7047518156468868,31.8601131439209,
7770,32.538916915655136,0.7161949761211872,31.703406013548374,
7771,34.73013290204108,0.6976809818297625,33.90675596892834,
7772,32.603684114292264,0.708945095539093,31.77053388208151,
7773,32.7375759370625,0.7197940722107887,31.893722945824265,
7774,34.220600966364145,0.7321259472519159,33.36296696215868,
7775,32.905043102800846,0.7220290135592222,32.05275698564947,
7776,32.8586280811578,0.976306851953268,31.757394084706903,
7777,33.56046392582357,0.7270951755344868,32.7074509114027,
7778,32.70548302680254,0.7134750485420227,31.866534147411585,
7779,34.95553717948496,0.9473699610680342,33.888078993186355,
7780,33.371249912306666,0.7332260720431805,32.51486294902861,
7781,32.65234804712236,0.7066510152071714,31.809765845537186,
7782,34.956609131768346,0.7055168971419334,34.125498961657286,
7783,35.13278299942613,0.7033238653093576,34.301461186259985,
7784,32.61512494646013,0.7296318653970957,31.761661171913147,
7785,35.14997917227447,0.7110009901225567,34.31332181207836,
7786,34.97874108143151,0.7140880916267633,34.140802919864655,
7787,32.66483312472701,0.7068079430609941,31.832924112677574,
7788,35.0150978192687,0.7005902007222176,34.18786986730993,
7789,35.06071609444916,0.7042139768600464,34.22705712728202,
7790,32.588266069069505,0.701547134667635,31.764643965288997,
7791,35.15165881253779,0.709454994648695,34.31728598661721,
7792,34.8820851650089,0.7056619506329298,34.0524900238961,
7793,32.71564585156739,0.7111160084605217,31.879167072474957,
7794,35.134263802319765,0.7047140970826149,34.305084962397814,
7795,34.981649136170745,0.7097921334207058,34.147670958191156,
7796,32.600113889202476,0.712445005774498,31.763563863933086,
7797,35.051405895501375,0.7075669709593058,34.208254888653755,
7798,35.01930204220116,0.7011429406702518,34.19553907588124,
7799,32.77560602873564,0.7093749009072781,31.94788214750588,
7800,35.48950399272144,0.6950979586690664,34.67122092843056,
7801,34.51416501775384,0.7302879821509123,33.657622057944536,
7802,32.85048785619438,0.7032910361886024,32.0250999648124,
7803,35.05498287267983,0.7029620464891195,34.22216000035405,
7804,35.185165936127305,0.7127819117158651,34.34866201132536,
7805,32.477382104843855,0.6973592098802328,31.655729981139302,
7806,35.44723195955157,0.7069099228829145,34.61514902301133,
7807,34.52041791751981,0.7024630904197693,33.693894976750016,
7808,32.866571797057986,0.7041750941425562,32.037995057180524,
7809,34.88130890764296,0.7086500991135836,34.04778195545077,
7810,35.2479568682611,0.7098340429365635,34.413580084219575,
7811,32.47258486226201,0.7100158836692572,31.638885149732232,
7812,35.27724603191018,0.6912399549037218,34.46191688999534,
7813,35.10365798138082,0.7134219631552696,34.255573991686106,
7814,33.060016110539436,0.7051429711282253,32.230712939053774,
7815,34.85645889304578,1.0189341846853495,33.71367184445262,
7816,34.99442501924932,0.7097129710018635,34.160627983510494,
7817,32.988914055749774,0.7017920725047588,32.163911033421755,
7818,35.055442014709115,0.9337959345430136,33.99665700271726,
7819,34.855285193771124,0.7091991137713194,34.02510401792824,
7820,33.09774701483548,0.7077159825712442,32.26609015837312,
7821,34.9398220423609,0.9930259548127651,33.823235193267465,
7822,34.94526515714824,0.7096270564943552,34.112244844436646,
7823,33.00885506905615,0.7045171223580837,32.1807328145951,
7824,35.078662913292646,1.0171830654144287,33.9384600520134,
7825,34.78167811408639,0.7126249838620424,33.94402004778385,
7826,32.927843974903226,0.7079809438437223,32.09716500714421,
7827,35.16718512400985,0.9199040941894054,34.122871002182364,
7828,34.929556073620915,0.7095509208738804,34.09709897823632,
7829,33.02399697713554,0.7029669359326363,32.18540293164551,
7830,35.3310729842633,0.9971440304070711,34.209592966362834,
7831,34.82851502485573,0.7190799806267023,33.98510115221143,
7832,33.28899294137955,0.7572441827505827,32.359405886381865,
7833,34.81196193024516,1.0069150011986494,33.6744817905128,
7834,35.073909210041165,0.7101758383214474,34.240619046613574,
7835,33.042618073523045,0.7062230724841356,32.19270706176758,
7836,35.08209600113332,0.9934178087860346,33.945315051823854,
7837,34.80397816747427,0.7084282115101814,33.97152200341225,
7838,33.20830501616001,0.706732040271163,32.36330300569534,
7839,34.91219412535429,0.9983438067138195,33.76005217432976,
7840,35.075901076197624,0.7102719973772764,34.2425771523267,
7841,33.05997606366873,0.7051180582493544,32.18501294031739,
7842,35.14601290225983,1.0183060076087713,33.966897055506706,
7843,34.62424804456532,0.6968078669160604,33.80466904491186,
7844,33.215491101145744,0.7036200258880854,32.38747990690172,
7845,35.39953590370715,1.000232994556427,34.25627201795578,
7846,34.98211200349033,0.7146969437599182,34.141401993110776,
7847,33.37879478931427,0.70537393912673,32.51029411330819,
7848,35.04969505593181,1.0668020695447922,33.82756095379591,
7849,35.1314009167254,0.7089099381119013,34.29859317839146,
7850,33.50192494690418,0.6967890076339245,32.652579015120864,
7851,34.766401164233685,1.0765169281512499,33.55504502542317,
7852,35.33425508067012,0.7149549201130867,34.49273807927966,
7853,33.4366699680686,0.7255130913108587,32.547981943935156,
7854,34.79059389792383,1.1153339873999357,33.52713701315224,
7855,35.45672702603042,0.7061529904603958,34.62561103515327,
7856,33.5155981592834,0.7132680620998144,32.622266095131636,
7857,34.48948380537331,1.0859479662030935,33.255184069275856,
7858,35.7767790555954,0.7168021984398365,34.9354138597846,
7859,33.43083197250962,0.7061739452183247,32.57939009927213,
7860,34.518348053097725,1.0780130978673697,33.307482954114676,
7861,35.91947886161506,0.7104789838194847,35.07434390485287,
7862,33.64551090635359,0.7030370179563761,32.76995802298188,
7863,34.166097175329924,1.1664610356092453,32.86302089691162,
7864,36.28326905891299,0.723174074664712,35.43478390201926,
7865,33.33463100716472,0.7016169838607311,32.46681485325098,
7866,34.415666945278645,1.123606925830245,33.13762601464987,
7867,35.11289693415165,0.7008870597928762,34.28825200535357,
7868,33.54480699636042,0.703067984431982,32.69130107946694,
7869,34.69020896591246,1.0746351908892393,33.48732483573258,
7870,35.27042083442211,0.7112370803952217,34.436424961313605,
7871,33.37203408591449,0.7047669496387243,32.522572902962565,
7872,34.96219799853861,1.0611359030008316,33.76642009243369,
7873,34.76047492586076,0.7003061473369598,33.93686795607209,
7874,33.65909797139466,0.7088999263942242,32.76882693171501,
7875,34.787359880283475,1.120834145694971,33.51798001676798,
7876,35.19098297692835,0.7032789289951324,34.36323604546487,
7877,32.75970998220146,0.6975650321692228,31.89527289941907,
7878,34.61422887630761,1.0511879809200764,33.43180101364851,
7879,34.88824889063835,0.7065408863127232,34.057388082146645,
7880,32.75405406020582,0.7101849187165499,31.9195210468024,
7881,35.063432063907385,0.7432380225509405,34.19628902338445,
7882,35.14651604928076,0.711748143658042,34.31022888980806,
7883,32.675685128197074,0.7183020934462547,31.833485001698136,
7884,35.11650301516056,0.8673819247633219,34.121195087209344,
7885,34.974669106304646,0.7209079340100288,34.13065802305937,
7886,32.8081741463393,0.7098780479282141,31.97436989285052,
7887,35.00639111734927,0.9294669143855572,33.95417798310518,
7888,35.141835920512676,0.7177479565143585,34.29906698875129,
7889,32.705482095479965,0.6990002002567053,31.883491901680827,
7890,35.12813593260944,0.7969471625983715,34.2055328655988,
7891,35.05371790379286,0.7195111829787493,34.209328005090356,
7892,32.7819399535656,0.7167311850935221,31.94051398895681,
7893,34.923357889056206,0.8758620824664831,33.91315904445946,
7894,35.112051060423255,0.7061208598315716,34.28221098147333,
7895,32.67543110996485,0.7125388365238905,31.84035699814558,
7896,35.047393059358,0.7786229252815247,34.14060594514012,
7897,35.18631891347468,0.7056868635118008,34.35987117700279,
7898,32.69613487645984,0.6980129983276129,31.873477855697274,
7899,34.91205000318587,0.8784011006355286,33.908773912116885,
7900,35.13400815427303,0.71385083720088,34.296933095902205,
7901,32.66631695441902,0.702359015122056,31.83698281645775,
7902,34.99815403483808,0.7846099324524403,34.088581101968884,
7903,35.08245083503425,0.7063159719109535,34.2504670843482,
7904,32.69954398274422,0.7164459675550461,31.858500093221664,
7905,35.08125711232424,0.8426019921898842,34.11434986628592,
7906,35.00932292081416,0.7108519785106182,34.1752958483994,
7907,32.68490405753255,0.7082519587129354,31.85299993492663,
7908,35.057072062045336,0.7960139773786068,34.134685061872005,
7909,34.262968925759196,0.7085299585014582,33.42009102925658,
7910,32.31587097980082,0.7125430274754763,31.48084389977157,
7911,34.47691001929343,0.697131035849452,33.655872801318765,
7912,34.99121009372175,0.7174599450081587,34.14952103048563,
7913,31.84778685681522,0.7146389689296484,31.010068021714687,
7914,34.773241030052304,0.708186998963356,33.933639992028475,
7915,34.46444985456765,0.7036221213638783,33.63770502619445,
7916,32.36330579966307,0.7124729454517365,31.52616717852652,
7917,34.10980198532343,0.7069839630275965,33.28026016242802,
7918,34.78345205076039,0.7048039697110653,33.954626182094216,
7919,31.934879953041673,0.7109278813004494,31.100691063329577,
7920,34.06525496393442,0.7015590090304613,33.23588287457824,
7921,33.94894697703421,0.7153239566832781,33.1100660841912,
7922,32.28725912049413,0.7067429833114147,31.454685144126415,
7923,33.29114289954305,0.7031490094959736,32.46461087837815,
7924,34.5135279931128,0.7118680514395237,33.67740008980036,
7925,32.48797403648496,0.7123390678316355,31.64097503758967,
7926,33.0710259731859,0.7150240708142519,32.23205893300474,
7927,34.04814517125487,0.7203379645943642,33.20384514518082,
7928,32.710823928937316,0.7125400006771088,31.87503502704203,
7929,32.51098981127143,0.6966129876673222,31.69084805995226,
7930,33.46520499326289,0.713014043867588,32.625569961965084,
7931,32.503053080290556,0.7126519922167063,31.66671795770526,
7932,32.643883023411036,0.7041872013360262,31.816537957638502,
7933,32.5130510609597,0.708727864548564,31.680844025686383,
7934,32.694326946511865,0.7084847893565893,31.86372620984912,
7935,32.529234886169434,0.7043899968266487,31.70002601109445,
7936,32.7017679810524,0.7130249869078398,31.866047997027636,
7937,32.52573101781309,0.7082761730998755,31.69418592005968,
7938,32.72597608156502,0.708581879734993,31.88942722044885,
7939,32.70966000854969,0.969679793342948,31.61456622183323,
7940,33.22621202096343,0.7284581661224365,32.37715386785567,
7941,32.94243407435715,0.7009741384536028,32.08119096234441,
7942,34.68159306794405,1.080353045836091,33.45596510916948,
7943,35.05083289928734,0.7326418999582529,34.19514698907733,
7944,33.05924194864929,0.7102419622242451,32.200751127675176,
7945,34.8609471693635,1.029639970511198,33.66499184630811,
7946,35.24856502190232,0.7103821262717247,34.41485692746937,
7947,32.896243035793304,0.7223449647426605,32.04914298839867,
7948,35.12758295983076,1.036195084452629,33.96232984960079,
7949,34.90380081348121,0.7200089748948812,34.058431163430214,
7950,33.03230996243656,0.7125269621610641,32.196876825764775,
7951,34.92995514534414,1.0294828098267317,33.77649700269103,
7952,35.19081277772784,0.7086710538715124,34.354513976722956,
7953,32.885835971683264,0.7145481649786234,32.04781794920564,
7954,35.14558891765773,1.0365198832005262,33.984574023634195,
7955,34.913846058771014,0.7147099822759628,34.08001712523401,
7956,33.03757100366056,0.7113409228622913,32.20147709362209,
7957,35.27348907664418,0.9580098558217287,34.169052029028535,
7958,35.12391308322549,0.7797118742018938,34.219239139929414,
7959,33.359658205881715,0.7338549476116896,32.47307799756527,
7960,34.83142610639334,1.0796950664371252,33.60535786487162,
7961,35.17069201916456,0.7224499713629484,34.323371946811676,
7962,33.287039026618004,0.708186998963356,32.424930948764086,
7963,34.96651095338166,1.079845940694213,33.75585284084082,
7964,35.00401508063078,0.7100079674273729,34.169513965025544,
7965,33.3379281219095,0.7145630661398172,32.464100047945976,
7966,34.980414900928736,1.08064291998744,33.7657630443573,
7967,35.018684109672904,0.7164259441196918,34.177302150055766,
7968,33.35124300792813,0.7109579164534807,32.49430190771818,
7969,34.961351891979575,1.0332760866731405,33.780694007873535,
7970,34.98961194418371,0.716482987627387,34.14821112528443,
7971,33.38722209446132,0.7024859078228474,32.50846010632813,
7972,34.86511390656233,1.075336942449212,33.64796913228929,
7973,35.04164097830653,0.7120131049305201,34.19446595944464,
7974,33.54339697398245,0.708332983776927,32.678590854629874,
7975,35.13653902336955,1.0851151309907436,33.62433006986976,
7976,35.73363507166505,1.83427007868886,33.77155493944883,
7977,33.415737096220255,0.7265668828040361,32.53271710127592,
7978,34.58283492363989,1.1260001920163631,33.30527897924185,
7979,35.18709191121161,0.7183670531958342,34.34549202211201,
7980,33.55682408437133,0.7116890046745539,32.70082804374397,
7981,34.6563458442688,1.1180720757693052,33.39567594230175,
7982,35.28404398821294,0.7098440546542406,34.449125872924924,
7983,33.39186008088291,0.7092501036822796,32.541507855057716,
7984,35.023885080590844,1.088388031348586,33.803896978497505,
7985,34.85054918564856,0.7236320525407791,34.00380094535649,
7986,33.534681191667914,0.7213191129267216,32.67873194999993,
7987,34.88533012568951,1.1038060765713453,33.63234596326947,
7988,35.08231695741415,0.7016521412879229,34.25714699551463,
7989,33.167812041938305,0.7029890548437834,32.307236921042204,
7990,34.96705507859588,1.1072210036218166,33.69895997457206,
7991,34.764732932671905,0.7177661173045635,33.92480593174696,
7992,33.274071058258414,0.7001948542892933,32.40623604506254,
7993,35.24631401523948,1.0369019582867622,34.07412604428828,
7994,34.91911897435784,0.7585161365568638,34.03853392228484,
7995,33.154629869386554,0.7185100112110376,32.28336991742253,
7996,35.019584000110626,1.0529430583119392,33.83448999375105,
7997,35.005433950573206,0.717672985047102,34.16389785706997,
7998,33.2931790035218,0.7107860874384642,32.399340998381376,
7999,34.942436031997204,1.054455991834402,33.75519602559507,
8000,35.13824404217303,0.698520103469491,34.31514580734074,
8001,33.18708389997482,0.7055890746414661,32.32187102548778,
8002,34.95845105499029,1.0192717891186476,33.79521821625531,
8003,34.944013925269246,0.7096920162439346,34.11198500543833,
8004,33.307573990896344,0.7114738691598177,32.43762510828674,
8005,34.53128784894943,1.0469830594956875,33.34115399047732,
8006,35.14658403582871,0.7110668811947107,34.31143704801798,
8007,32.817001920193434,0.7064139936119318,31.98602399788797,
8008,35.18361318856478,0.8949481416493654,34.16613792069256,
8009,34.87017611041665,0.7097430061548948,34.03277904726565,
8010,32.962345983833075,0.7169460877776146,32.12093305774033,
8011,35.016668029129505,0.953722046688199,33.938726875931025,
8012,35.22103000432253,0.721717020496726,34.375753020867705,
8013,32.81380305998027,0.7165591232478619,31.9749868940562,
8014,35.13488708995283,0.9886699263006449,34.02117802761495,
8015,34.89389200694859,0.714978901669383,34.055354073643684,
8016,32.999322982504964,0.7102559320628643,32.16703003272414,
8017,34.99179799109697,1.0086840484291315,33.858998911455274,
8018,35.24559596553445,0.7132380269467831,34.41039496101439,
8019,32.79419103637338,0.7075062021613121,31.964497873559594,
8020,35.126534989103675,0.9346951264888048,34.067303873598576,
8021,34.45267793722451,0.7104629185050726,33.604610012844205,
8022,32.68391499295831,0.7005960214883089,31.85671614482999,
8023,34.840749111026525,0.7076570764183998,34.009254071861506,
8024,35.289844032377005,0.7180818356573582,34.448298159986734,
8025,32.32211992144585,0.7136559579521418,31.483477214351296,
8026,35.28818511404097,0.7044151425361633,34.459569957107306,
8027,34.848170820623636,0.7172089535742998,34.007336013019085,
8028,32.67847606912255,0.7138040382415056,31.84041497297585,
8029,34.71593093127012,0.7279729470610619,33.86470093391836,
8030,35.37636809051037,0.7109649013727903,34.54548213630915,
8031,32.309011090546846,0.7020931225270033,31.4832900185138,
8032,35.236433148384094,0.7120829541236162,34.400505013763905,
8033,34.87667301669717,0.7137989159673452,34.04042706824839,
8034,32.653576927259564,0.7076549809426069,31.822819961234927,
8035,34.72941601648927,0.7024840451776981,33.90155080705881,
8036,35.43836087919772,0.7273410446941853,34.58755183964968,
8037,32.10106189362705,0.7155591156333685,31.252549961209297,
8038,35.14668112620711,0.7123940158635378,34.31148990057409,
8039,34.85030005685985,0.7159709930419922,34.010687144473195,
8040,32.53447404131293,0.7121269591152668,31.69276099652052,
8041,34.803877118974924,0.7198038510978222,33.95905112847686,
8042,35.23397305980325,0.7237058598548174,34.38596217893064,
8043,32.118114875629544,0.7165190763771534,31.277686823159456,
8044,35.271664848551154,0.7199400570243597,34.4277280382812,
8045,34.81236193329096,0.7184389978647232,33.97041303105652,
8046,32.53681887872517,0.7220727857202291,31.690984033048153,
8047,34.90299801342189,0.7121898233890533,34.06801517121494,
8048,35.17863596789539,0.7124680560082197,34.339571138843894,
8049,32.16076409444213,0.7094519678503275,31.327218050137162,
8050,35.15173913910985,0.7011990528553724,34.32540292851627,
8051,34.80940801091492,0.7239389233291149,33.962035086005926,
8052,32.48771815560758,0.7064170204102993,31.65788110345602,
8053,35.323057090863585,0.7081429939717054,34.478165907785296,
8054,35.55117500945926,0.7132610771805048,34.712096909061074,
8055,32.76277706027031,0.7154261693358421,31.922928988933563,
8056,35.74003488756716,0.7125057745724916,34.9003782030195,
8057,35.12014914304018,0.702837947756052,34.28921685554087,
8058,33.08465890586376,0.708612147718668,32.23478002473712,
8059,34.5735470764339,1.0203940328210592,33.408130053430796,
8060,35.47434904612601,0.7115050684660673,34.633114002645016,
8061,32.74423605762422,0.7102880626916885,31.91120596602559,
8062,35.167520865798,1.0136771015822887,34.03021604754031,
8063,34.83286709524691,0.7170590106397867,33.98994216695428,
8064,33.29670405946672,0.7159369997680187,32.43864607065916,
8065,34.7338558640331,1.0114789474755526,33.583813114091754,
8066,35.364276031032205,0.711960019543767,34.52772391028702,
8067,32.9972340259701,0.7154399063438177,32.13136503472924,
8068,35.08920385502279,1.0142340324819088,33.942039124667645,
8069,35.05719196982682,0.7227009627968073,34.20044505037367,
8070,33.53743487969041,0.7173500489443541,32.66590693965554,
8071,34.66619900427759,1.1030880268663168,33.43424806371331,
8072,35.37831595167518,0.7103090174496174,34.54080084338784,
8073,33.14973507076502,0.7173710037022829,32.28134382516146,
8074,35.12525302357972,1.0675541125237942,33.91758888028562,
8075,34.73725891672075,0.7166480645537376,33.89492887072265,
8076,33.47323089838028,0.7240099366754293,32.59088005870581,
8077,34.75216496735811,1.0486471001058817,33.57327403500676,
8078,35.30258685350418,0.7131681777536869,34.46526383049786,
8079,33.15570508129895,0.7155791390687227,32.29993884451687,
8080,35.2127980440855,1.072022132575512,33.98897289298475,
8081,34.62393907830119,0.722099095582962,33.77698385156691,
8082,33.325068186968565,0.6990688852965832,32.468062127009034,
8083,34.836157923564315,1.057271845638752,33.63472013734281,
8084,35.34609405323863,0.7158350199460983,34.50658707879484,
8085,33.275413792580366,0.7115819025784731,32.40617201663554,
8086,35.02116701565683,1.02908699773252,33.85805804282427,
8087,34.953605849295855,0.7202979177236557,34.10879406146705,
8088,33.41044089756906,0.7198459934443235,32.51492790877819,
8089,34.979910822585225,1.0590199381113052,33.78814994357526,
8090,35.03147209994495,0.7168450392782688,34.18806288391352,
8091,33.31522201187909,0.7734219543635845,32.394006149843335,
8092,35.15761601738632,1.0928611736744642,33.937182975932956,
8093,34.820593893527985,0.750234816223383,33.94974512048066,
8094,33.44486095011234,0.7224068976938725,32.547091133892536,
8095,35.01908201724291,1.0805269703269005,33.81183301098645,
8096,35.033282125368714,0.7133418694138527,34.196119057014585,
8097,33.35861908271909,0.7011259440332651,32.490412006154656,
8098,35.00830288976431,1.0454619769006968,33.83062803186476,
8099,34.90507509559393,0.716065987944603,34.0673909522593,
8100,33.41401997022331,0.7202120032161474,32.53448591567576,
8101,35.16187099739909,1.058625988662243,33.947681076824665,
8102,34.9922941531986,0.7277298718690872,34.13684503175318,
8103,33.48018997348845,0.6999520119279623,32.63367502950132,
8104,35.62479489482939,1.071864040568471,34.4230979681015,
8105,34.44356191903353,0.7098678033798933,33.609408186748624,
8106,33.5546531714499,0.7109949365258217,32.69535908475518,
8107,35.898562986403704,1.075970008969307,34.68790394254029,
8108,34.32801808230579,0.7072777952998877,33.49864506162703,
8109,33.508907072246075,0.7200059480965137,32.64675196260214,
8110,36.11557581461966,1.1086759623140097,34.8615690600127,
8111,34.05564813874662,0.7151009049266577,33.218753058463335,
8112,33.58337702229619,0.7072840817272663,32.72504196502268,
8113,35.28753505088389,1.116171944886446,34.02093308977783,
8114,34.56602292135358,0.7178469095379114,33.72547496110201,
8115,33.54170499369502,0.7019820623099804,32.64793287962675,
8116,35.061231115832925,1.1175160761922598,33.79544382914901,
8117,34.69271189533174,0.7118289358913898,33.844972029328346,
8118,33.44214800745249,0.7154999766498804,32.56276296451688,
8119,34.81056401506066,1.071239123120904,33.60140300355852,
8120,35.265782149508595,0.7168268784880638,34.4251049682498,
8121,33.28410000540316,0.7164501585066319,32.418705988675356,
8122,35.1007420103997,1.030643004924059,33.929083961993456,
8123,34.7715481184423,0.7206120062619448,33.924759132787585,
8124,34.03425216674805,0.7144359406083822,33.1614890601486,
8125,34.5001220703125,1.0850569233298302,33.284300938248634,
8126,35.0022881757468,0.7119120564311743,34.16547505185008,
8127,34.275426995009184,0.7144350092858076,33.37485692463815,
8128,34.74552510306239,1.2032839003950357,33.393927151337266,
8129,34.27554084919393,0.7281908765435219,33.42307801358402,
8130,34.4019781332463,0.7256811950355768,33.54225098155439,
8131,34.612726885825396,1.0389250237494707,33.44430704601109,
8132,34.733987879008055,0.713069923222065,33.896940061822534,
8133,34.64014804922044,0.7293170783668756,33.745042979717255,
8134,34.330564085394144,1.091713085770607,33.09085196815431,
8135,34.156303154304624,0.7155360653996468,33.31936500035226,
8136,35.0006481166929,0.7207030430436134,34.11390888504684,
8137,34.27398088388145,1.090075122192502,33.051894046366215,
8138,34.552725963294506,0.7217589300125837,33.70424802415073,
8139,35.32089106738567,0.7293738890439272,34.406433114781976,
8140,34.151582047343254,1.1195831466466188,32.901329919695854,
8141,33.846995094791055,0.7124559488147497,33.0116709228605,
8142,35.34874087199569,0.7159889210015535,34.454575041309,
8143,34.188706893473864,1.1061159893870354,32.934592105448246,
8144,34.452419029548764,0.7190599571913481,33.60978304408491,
8145,33.67566200904548,0.7059890776872635,32.78619609773159,
8146,35.405082860961556,1.06028001755476,34.20255007222295,
8147,34.25983991473913,0.7299000862985849,33.40636193752289,
8148,33.68641599081457,0.7109360303729773,32.832720782607794,
8149,34.595627104863524,1.0099341161549091,33.43815798871219,
8150,34.909053007140756,0.7204250432550907,34.06438301317394,
8151,33.057888969779015,0.7194238714873791,32.21464715898037,
8152,35.215278854593635,0.9310259483754635,34.16034812107682,
8153,34.78454798460007,0.7221039850264788,33.936561085283756,
8154,33.13942695967853,0.7102519739419222,32.30681922286749,
8155,34.811061806976795,0.9988481178879738,33.688836032524705,
8156,35.22928594611585,0.7166850846260786,34.388354048132896,
8157,32.982777804136276,0.7161831017583609,32.14283101260662,
8158,34.97367585077882,1.0004520881921053,33.85047009214759,
8159,34.81631516478956,0.7175731007009745,33.97601586766541,
8160,33.10114494524896,0.7211340125650167,32.25238202139735,
8161,34.88066210411489,0.9795660153031349,33.77854987047613,
8162,35.212652990594506,0.7184930145740509,34.37189687974751,
8163,32.954752910882235,0.7112741004675627,32.11830207146704,
8164,35.07113503292203,0.9961549658328295,33.946824027225375,
8165,34.305942011997104,0.7344209589064121,33.43511209823191,
8166,32.68397715874016,0.7115399930626154,31.848090002313256,
8167,34.79547309689224,0.7143570110201836,33.95587997511029,
8168,35.47675791196525,0.7144520059227943,34.63812591508031,
8169,32.34615083783865,0.7124620024114847,31.508150976151228,
8170,35.240343073382974,0.7107008714228868,34.40535510890186,
8171,34.71418493427336,0.7222848944365978,33.86784601025283,
8172,32.72242611274123,0.7140610832720995,31.882895855233073,
8173,34.6261749509722,0.709532992914319,33.79308199509978,
8174,35.3491569403559,0.7169549353420734,34.505265997722745,
8175,32.32861403375864,0.7115139160305262,31.49236598983407,
8176,35.31072405166924,0.7098810747265816,34.47787184268236,
8177,34.88937090151012,0.7124477997422218,34.05350120738149,
8178,32.73319103755057,0.719746807590127,31.891532009467483,
8179,34.528649877756834,0.7188960444182158,33.6866769939661,
8180,35.3973601013422,0.7159730885177851,34.55802798271179,
8181,32.87292690947652,0.7215228397399187,32.015993958339095,
8182,35.1772450376302,0.8183999452739954,34.235237864777446,
8183,35.379090113565326,0.7180101238191128,34.537500934675336,
8184,32.777854008600116,0.7157549262046814,31.931999139487743,
8185,34.967676969245076,1.0304839815944433,33.81184511817992,
8186,34.86159280873835,0.7131348829716444,34.025011118501425,
8187,33.06775796227157,0.7096990011632442,32.23458491265774,
8188,34.80314207263291,0.9952329564839602,33.685086062178016,
8189,35.34428891725838,0.7095059845596552,34.5123668666929,
8190,32.83607494086027,0.7134759798645973,31.99700708501041,
8191,35.073803970590234,1.0198138188570738,33.93239318393171,
8192,34.764053067192435,0.7317131385207176,33.909847028553486,
8193,33.094936050474644,0.705796992406249,32.26826712489128,
8194,34.78776593692601,0.9632578585296869,33.700607949867845,
8195,35.298587987199426,0.7109909784048796,34.46466801688075,
8196,32.811293844133615,0.7059709168970585,31.982013024389744,
8197,35.225954139605165,0.9539399761706591,34.13847694173455,
8198,34.976192051544785,0.7198650855571032,34.132889937609434,
8199,33.245038939639926,0.713377958163619,32.37893804907799,
8200,34.839682979509234,1.0742570739239454,33.63459184765816,
8201,35.12872289866209,0.7317918352782726,34.27435108460486,
8202,33.04523206315935,0.7169090677052736,32.16907102614641,
8203,35.00172193162143,1.0239998809993267,33.832390094175935,
8204,34.9810398183763,0.7223929278552532,34.134367015212774,
8205,33.22470700368285,0.7126529235392809,32.37635991536081,
8206,34.78573192842305,1.0388409718871117,33.60087610781193,
8207,35.15829308889806,0.7110729347914457,34.324249951168895,
8208,32.96806989237666,0.7084449753165245,32.12447511032224,
8209,35.10917606763542,1.0496319737285376,33.90994691289961,
8210,34.86141609027982,0.7133479230105877,34.01850792579353,
8211,33.12056488357484,0.7088829297572374,32.24918316118419,
8212,34.87222013063729,0.9879739955067635,33.74161501415074,
8213,35.52592312917113,0.7097839843481779,34.68070807866752,
8214,33.30347896553576,0.7155369967222214,32.447858015075326,
8215,34.9428728222847,1.0762468446046114,33.717526122927666,
8216,34.87558593042195,0.7259221747517586,34.02627492323518,
8217,33.477004151791334,0.7135840132832527,32.6120238751173,
8218,34.82775716111064,1.0340460576117039,33.65377010777593,
8219,35.154137993231416,0.7129160221666098,34.31779192760587,
8220,33.258986892178655,0.7051280699670315,32.414119923487306,
8221,35.07726592943072,1.0570988524705172,33.876206958666444,
8222,34.90625601261854,0.7134759798645973,34.07030086964369,
8223,33.356985077261925,0.7083120290189981,32.50792482867837,
8224,34.86705501563847,1.0975729674100876,33.62453496083617,
8225,35.17235396429896,0.7197970990091562,34.329731948673725,
8226,33.24581705965102,0.7200329564511776,32.385915983468294,
8227,35.0410679820925,1.1016270145773888,33.79322914406657,
8228,34.922193037346005,0.712712062522769,34.08611402846873,
8229,33.47817808389664,0.7077169138938189,32.58782299235463,
8230,34.86507688648999,1.0650709737092257,33.660311019048095,
8231,35.11564899235964,0.7159879896789789,34.275488927960396,
8232,33.485735999420285,0.7163190748542547,32.57728600874543,
8233,34.90790189243853,1.0651741176843643,33.69180508889258,
8234,34.88031099550426,0.7256069220602512,34.028978087008,
8235,33.51631015539169,0.715143047273159,32.64217800460756,
8236,34.88399414345622,1.063633942976594,33.673263154923916,
8237,35.04223097115755,0.7245130836963654,34.193560015410185,
8238,33.38931407779455,0.7150690071284771,32.525381073355675,
8239,35.04621284082532,1.0892502032220364,33.825614023953676,
8240,34.921220038086176,0.7165460847318172,34.08049396239221,
8241,33.49652513861656,0.7174299098551273,32.62886102311313,
8242,34.93188787251711,1.04522705078125,33.7389491032809,
8243,35.01531691290438,0.7356670685112476,34.15689500980079,
8244,33.5504999384284,0.7191980257630348,32.64091582968831,
8245,34.924899926409125,1.0697180405259132,33.70948601514101,
8246,34.70675298012793,0.7222851272672415,33.86052302084863,
8247,33.416055142879486,0.7139670196920633,32.547381008043885,
8248,34.91741209290922,1.016560010612011,33.752602990716696,
8249,35.085191018879414,0.7140887901186943,34.24608311615884,
8250,33.225002931430936,0.7182271219789982,32.36824506893754,
8251,35.094137070700526,1.0495779570192099,33.91539701260626,
8252,34.86984805203974,0.7135970517992973,34.028714057058096,
8253,33.42184005305171,0.7051280699670315,32.5320390984416,
8254,34.80792115442455,1.084623159840703,33.59259688295424,
8255,35.21624719724059,0.7192650809884071,34.373007947579026,
8256,33.25225808657706,0.7163251284509897,32.36986882984638,
8257,35.02524900250137,1.095810905098915,33.7850721552968,
8258,34.83431902714074,0.7219160906970501,33.988176845014095,
8259,33.43036398291588,0.7211440242826939,32.54893491975963,
8260,34.807722084224224,1.0740850120782852,33.599676098674536,
8261,35.05333117209375,0.7096258923411369,34.206668147817254,
8262,33.16822391934693,0.7121760863810778,32.289849827066064,
8263,34.89048802293837,1.0427669622004032,33.71473797596991,
8264,35.02654400654137,0.720268813893199,34.18097319081426,
8265,33.36934209801257,0.712221022695303,32.52469887956977,
8266,34.75556895136833,1.042255898937583,33.56291796080768,
8267,35.10736720636487,0.7231510244309902,34.260722110047936,
8268,33.62311003729701,0.7180019747465849,32.73042105138302,
8269,34.80259096249938,1.094399020075798,33.56410702690482,
8270,35.088105825707316,0.7285689935088158,34.23082013614476,
8271,34.10368808545172,0.7121169473975897,33.21374603547156,
8272,34.30289099924266,1.1170071084052324,33.028915990144014,
8273,34.734755055978894,0.7235100492835045,33.88788201846182,
8274,34.03075993992388,0.7112089078873396,33.15922408364713,
8275,34.67418882064521,1.0648099705576897,33.47198409028351,
8276,34.68232089653611,0.7208590395748615,33.84290589019656,
8277,34.31052784435451,0.7204387802630663,33.41850801371038,
8278,34.09233409911394,1.1284048669040203,32.81388198956847,
8279,34.914397867396474,0.7131949532777071,34.079293021932244,
8280,34.067112021148205,0.73022092692554,33.19138311780989,
8281,34.62664200924337,1.06152705848217,33.434635028243065,
8282,34.33890012092888,0.7238241378217936,33.486919943243265,
8283,34.60321691818535,0.7074230816215277,33.74738502316177,
8284,34.13290809839964,1.0951010044664145,32.907489920035005,
8285,34.913038834929466,0.7248451001942158,34.064956940710545,
8286,34.576551988720894,0.7270819041877985,33.70798612013459,
8287,34.38282711431384,1.1620530858635902,33.076874911785126,
8288,34.1335020493716,0.7253498770296574,33.282316057011485,
8289,35.07910901680589,0.7162170950323343,34.21912784688175,
8290,33.96602300927043,1.120473025366664,32.71538601256907,
8291,34.71816284582019,0.7285540923476219,33.86490000411868,
8292,35.000846022740006,0.7148159202188253,34.14835222065449,
8293,34.05110398307443,1.0864748619496822,32.818721141666174,
8294,33.80917594768107,0.713579123839736,32.96827687881887,
8295,35.345280077308416,0.7280490826815367,34.470190992578864,
8296,33.88714790344238,1.055294880643487,32.70228416658938,
8297,34.402539022266865,0.7210040930658579,33.559178933501244,
8298,35.003631142899394,0.707071041688323,34.144171979278326,
8299,34.43736187182367,1.0602811817079782,33.24358188547194,
8300,33.769032917916775,0.7240690756589174,32.921608071774244,
8301,35.52117315120995,0.7206429727375507,34.64883007109165,
8302,33.73400284908712,1.105946023017168,32.494564075022936,
8303,34.554320154711604,0.7146000862121582,33.71620993129909,
8304,34.29457498714328,0.7201549597084522,33.41566817834973,
8305,34.74699379876256,1.0151760652661324,33.598860958591104,
8306,33.926884876564145,0.720340060070157,33.08025491423905,
8307,34.87904788926244,0.7267959881573915,33.996365033090115,
8308,34.090891014784575,1.0754549875855446,32.88187808357179,
8309,34.68215302564204,0.7412589620798826,33.75115594826639,
8310,34.18755601160228,0.7268181070685387,33.32727705128491,
8311,34.39379693008959,1.036996953189373,33.226277912035584,
8312,34.85579206608236,0.7273170631378889,34.00392294861376,
8313,33.76521309837699,0.7134310435503721,32.89755410514772,
8314,34.73829198628664,1.03376479819417,33.57431408949196,
8315,34.56275095231831,0.7294421084225178,33.70929812081158,
8316,34.140500938519835,0.7239230908453465,33.268105937168,
8317,34.35039101168513,1.0882618371397257,33.11693901196122,
8318,34.88838393241167,0.722596189007163,34.041056875139475,
8319,33.635516883805394,0.7153749465942383,32.78974303975701,
8320,34.83185498043895,1.044953940436244,33.634728053584695,
8321,34.450100967660546,0.7397579029202461,33.58539193868637,
8322,34.16615189053118,0.7271110080182552,33.29597809351981,
8323,34.416931914165616,1.0619768872857094,33.221543999388814,
8324,34.832402132451534,0.7273668888956308,33.98144897073507,
8325,34.0024190954864,0.7269501220434904,33.12059096060693,
8326,34.53790512867272,1.0866750963032246,33.31928583793342,
8327,34.81823508627713,0.7172049954533577,33.97810482420027,
8328,33.85939192958176,0.7275470998138189,32.97790396027267,
8329,34.75082712247968,1.0884660296142101,33.517281990498304,
8330,34.560466185212135,0.7271838840097189,33.710695104673505,
8331,34.06240604817867,0.7187130395323038,33.18321891129017,
8332,34.55551713705063,1.0734729003161192,33.33213203586638,
8333,34.78422109037638,0.7195950020104647,33.94030500203371,
8334,33.732502022758126,0.7275470998138189,32.86825097166002,
8335,34.70843192189932,1.0110971052199602,33.566398080438375,
8336,34.74282193928957,0.7369518280029297,33.88160606846213,
8337,33.89316005632281,0.7118331268429756,33.01180503331125,
8338,34.53940898180008,1.0688379406929016,33.32395805045962,
8339,34.96144199743867,0.7122380193322897,34.120919881388545,
8340,33.55215210467577,0.7090179715305567,32.69412508234382,
8341,34.855379024520516,1.083312090486288,33.6311359424144,
8342,34.974797163158655,0.7290199864655733,34.119391115382314,
8343,33.715736120939255,0.7279189303517342,32.81287010759115,
8344,34.61180301383138,1.0904299560934305,33.38431194424629,
8345,34.8702329210937,0.730146886780858,34.0148841496557,
8346,33.802245976403356,0.7218099199235439,32.89715899154544,
8347,34.774864092469215,1.10600795596838,33.53875293396413,
8348,34.846215043216944,0.7235321681946516,33.995418809354305,
8349,33.636512933298945,0.7321259472519159,32.76360593736172,
8350,34.812519093975425,1.0891128331422806,33.57712412253022,
8351,34.79313594289124,0.7332370150834322,33.93500205129385,
8352,33.71228091418743,0.7201230619102716,32.83352591097355,
8353,34.812059020623565,1.053371001034975,33.61865505576134,
8354,34.81596801429987,0.7268090266734362,33.96616387180984,
8355,33.775788033381104,0.7238001562654972,32.869641901925206,
8356,34.72498198971152,1.0658630635589361,33.52051507681608,
8357,35.12037894688547,0.7145868148654699,34.27037317305803,
8358,33.856374211609364,0.723525881767273,32.996609108522534,
8359,35.08882503956556,1.1572379153221846,33.77879108302295,
8360,34.47339287959039,0.7248681504279375,33.624168019741774,
8361,33.86972122825682,0.7222900167107582,32.98712195828557,
8362,35.14114301651716,1.1724750511348248,33.838197123259306,
8363,34.64631596580148,0.7227030582726002,33.80072186701,
8364,33.60370686277747,0.7242551073431969,32.72187593393028,
8365,35.550329834222794,1.1090780608356,34.307226072996855,
8366,34.30097294040024,0.7230490446090698,33.45007495954633,
8367,33.66500581614673,0.7212979253381491,32.793764024972916,
8368,35.42218613438308,1.0644178837537766,34.2145711183548,
8369,34.56202591769397,0.7231759373098612,33.71424414217472,
8370,33.594782929867506,0.7183579728007317,32.71192591637373,
8371,34.85198691487312,1.1246870271861553,33.564692130312324,
8372,34.92252295836806,0.7133139297366142,34.080686047673225,
8373,33.6391890887171,0.7240271661430597,32.73662785068154,
8374,34.90311908535659,1.0704770684242249,33.696813974529505,
8375,34.91171100176871,0.7271720096468925,34.059935016557574,
8376,33.761291997507215,0.714561901986599,32.898820005357265,
8377,34.816095139831305,1.0952088050544262,33.570868195965886,
8378,34.927964210510254,0.7181100081652403,34.08637410029769,
8379,33.590509090572596,0.7163521368056536,32.72107592783868,
8380,35.05395399406552,1.0928749106824398,33.82442588917911,
8381,34.735111985355616,0.7407998200505972,33.86959806084633,
8382,33.77479896880686,0.7280821446329355,32.88317704573274,
8383,34.82153592631221,1.0977741330862045,33.57651783153415,
8384,34.924789099022746,0.7166049908846617,34.08796014264226,
8385,33.58585084788501,0.7253601215779781,32.719454960897565,
8386,35.02795705571771,1.0668328031897545,33.80906209349632,
8387,34.742752788588405,0.7340810261666775,33.88483007438481,
8388,33.744052052497864,0.7211389020085335,32.887011067941785,
8389,34.542676992714405,1.066328026354313,33.33387291058898,
8390,35.00361880287528,0.7166948635131121,34.160414012148976,
8391,33.26353803277016,0.7256218232214451,32.4019561521709,
8392,35.244550090283155,1.0595798958092928,34.05509400181472,
8393,34.56983692012727,0.72428397834301,33.721666084602475,
8394,33.622829942032695,0.7207838352769613,32.74951409548521,
8395,34.793013939633965,1.022428972646594,33.52340101264417,
8396,35.49260715954006,0.7739239372313023,34.58346799015999,
8397,33.15992304123938,0.7464459631592035,32.223962945863605,
8398,34.90637196227908,1.0749159846454859,33.68596103973687,
8399,34.85801117494702,0.7291371002793312,34.00202910415828,
8400,33.539666095748544,0.7173148915171623,32.64149813912809,
8401,34.654943039640784,1.038022106513381,33.47566490992904,
8402,35.32185894437134,0.7200511172413826,34.47985206730664,
8403,33.005091827362776,0.7265061140060425,32.142910873517394,
8404,35.192848881706595,1.0319191496819258,34.01238098740578,
8405,34.57517293281853,0.7196979131549597,33.72035804204643,
8406,33.08405680581927,0.7166741415858269,32.24223689176142,
8407,34.83262215740979,1.0405879002064466,33.662562957033515,
8408,35.33612610772252,0.729291932657361,34.481857903301716,
8409,32.82248298637569,0.7211740594357252,31.9769240450114,
8410,35.09050188586116,0.9971507824957371,33.96781301125884,
8411,34.8834169562906,0.724063953384757,34.035905031487346,
8412,33.08888617902994,0.7115358021110296,32.25249703973532,
8413,34.849036019295454,1.0220299009233713,33.700402127578855,
8414,35.34781886264682,0.714760972186923,34.50781502760947,
8415,32.880343962460756,0.7188578601926565,32.03118313103914,
8416,35.01521213911474,1.0005231015384197,33.86717685498297,
8417,34.93924206122756,0.7275049574673176,34.08665885217488,
8418,33.18434092216194,0.7236569654196501,32.29264495894313,
8419,34.71912699751556,1.0452792048454285,33.544222824275494,
8420,35.39129300042987,0.7265659514814615,34.54159200191498,
8421,32.371276058256626,0.7256141398102045,31.511527951806784,
8422,34.75644811987877,0.879600178450346,33.75223698094487,
8423,34.786040894687176,0.7260430138558149,33.936754101887345,
8424,32.56548196077347,0.7225139997899532,31.719730934128165,
8425,35.03850684501231,0.7330761291086674,34.180101938545704,
8426,35.275200149044394,0.729819992557168,34.422362921759486,
8427,32.2967239189893,0.7233479991555214,31.44967299886048,
8428,35.17522499896586,0.7185540162026882,34.3327010050416,
8429,34.90024991333485,0.7222159765660763,34.05339294113219,
8430,32.55802090279758,0.7074498571455479,31.723691150546074,
8431,34.947494976222515,0.7168450392782688,34.107776125893,
8432,35.305991070345044,0.7240250706672668,34.45698809809983,
8433,32.31610404327512,0.732166925445199,31.460806028917432,
8434,35.15145811252296,0.7181449327617884,34.309125039726496,
8435,34.943497041240335,0.7304409518837929,34.08998204395175,
8436,32.568925991654396,0.7173100020736456,31.729589914903045,
8437,35.10253713466227,0.7128780707716942,34.25460588186979,
8438,35.434459103271365,0.7199069950729609,34.5895120408386,
8439,32.9261920414865,0.7210180629044771,32.080933917313814,
8440,34.70511105842888,1.063512172549963,33.511415822431445,
8441,35.27488396503031,0.7315098773688078,34.41982110962272,
8442,32.8289067838341,0.7201051339507103,31.985756941139698,
8443,35.03914480097592,0.9446819312870502,33.96980301477015,
8444,35.0256219971925,0.7165309507399797,34.18382094241679,
8445,32.88014489226043,0.7240669801831245,32.03221200965345,
8446,34.85205303877592,0.9562880732119083,33.77140895463526,
8447,35.27343412861228,0.7233289070427418,34.42576411180198,
8448,32.75986993685365,0.7149770390242338,31.918626045808196,
8449,35.09075986221433,0.9391719941049814,34.025791799649596,
8450,35.15609889291227,0.7212639320641756,34.310207003727555,
8451,32.903722021728754,0.7268821354955435,32.054582843557,
8452,34.857825841754675,1.0209069587290287,33.7106401566416,
8453,35.67046485841274,0.7321778684854507,34.80102214962244,
8454,33.10970985330641,0.7450429257005453,32.19175199046731,
8455,34.91708403453231,1.0613289196044207,33.71834312565625,
8456,35.06034705787897,0.7324479520320892,34.20265391469002,
8457,33.22846884839237,0.723118893802166,32.35026798211038,
8458,34.86463497392833,1.0664791334420443,33.666139002889395,
8459,35.0984800606966,0.7270029745995998,34.249433083459735,
8460,33.12953398562968,0.7124289404600859,32.238163985311985,
8461,35.12230212800205,1.0713799856603146,33.915227046236396,
8462,34.895285964012146,0.7271070498973131,34.042902989313006,
8463,33.32099411636591,0.7179288659244776,32.437094021588564,
8464,34.843118162825704,1.0341920424252748,33.6675108410418,
8465,35.18047905527055,0.7365259807556868,34.31883011944592,
8466,33.39136089198291,0.7372258696705103,32.492670929059386,
8467,34.8727589007467,1.1054230853915215,33.635841915383935,
8468,34.93282897397876,0.7214050274342299,34.086974104866385,
8469,33.75201299786568,0.7205898873507977,32.88114396855235,
8470,34.77426688186824,1.0697508696466684,33.56083412654698,
8471,34.963378915563226,0.7267289329320192,34.11419317126274,
8472,34.28983595222235,0.719395000487566,33.42659492045641,
8473,34.27732200361788,1.097650034353137,33.04739110171795,
8474,34.76694808341563,0.730942003428936,33.91169500537217,
8475,34.533062018454075,0.7256839890033007,33.67365384474397,
8476,34.48340995237231,1.0845970828086138,33.24358910322189,
8477,34.45015591569245,0.7529580034315586,33.57152012176812,
8478,34.76392407901585,0.7282868027687073,33.88134902343154,
8479,34.44480895996094,1.09758204780519,33.20439299568534,
8480,34.50512187555432,0.7411770056933165,33.64088688977063,
8481,35.14994587749243,0.7251331117004156,34.281702945008874,
8482,34.226539079099894,1.1473831254988909,32.92411286383867,
8483,34.25917006097734,0.7296570111066103,33.405871829018,
8484,35.27021803893149,0.7209070026874542,34.3909258954227,
8485,34.58404797129333,1.1323019862174988,33.2987611182034,
8486,34.270307049155235,0.7315860129892826,33.41531311161816,
8487,33.99055986665189,0.7226429879665375,33.12110481783748,
8488,35.08404013700783,1.0558338835835457,33.89429021626711,
8489,34.53390416689217,0.7327389903366566,33.67808600887656,
8490,33.77330303192139,0.7253061048686504,32.88066294044256,
8491,35.101169953122735,1.0818929877132177,33.88042305596173,
8492,34.67245399951935,0.7302409503608942,33.8190549518913,
8493,33.69693108834326,0.7224360015243292,32.817180966958404,
8494,35.06005206145346,1.0905810631811619,33.83752703666687,
8495,34.791554091498256,0.7376000285148621,33.92900410108268,
8496,33.74093398451805,0.72463508695364,32.85774984396994,
8497,34.953073831275105,1.0526280384510756,33.75937696546316,
8498,34.77386385202408,0.7294469978660345,33.9200459420681,
8499,33.66376296617091,0.7163169793784618,32.798805041238666,
8500,34.97014916501939,1.1054167989641428,33.73112506233156,
8501,34.945677034556866,0.7258839905261993,34.083520993590355,
8502,33.68066786788404,0.7248849142342806,32.760289032012224,
8503,34.897616831585765,1.091544982045889,33.652155892923474,
8504,35.297014052048326,0.7194920908659697,34.45469890721142,
8505,33.63333805464208,0.7248239126056433,32.74983400478959,
8506,34.56542710773647,1.0891139972954988,33.340037101879716,
8507,35.3899069596082,0.7314858958125114,34.53563712537289,
8508,33.614019863307476,0.72254310362041,32.73337590508163,
8509,34.61711294949055,1.089888159185648,33.38817902840674,
8510,35.649668192490935,0.7324009202420712,34.79932504706085,
8511,33.54843286797404,0.7163041736930609,32.66396187245846,
8512,34.516256069764495,1.0888890828937292,33.288239035755396,
8513,36.043426021933556,0.7236450910568237,35.19463399425149,
8514,33.49132998846471,0.7175758946686983,32.62493805959821,
8515,34.30405096150935,1.1596481781452894,33.005888806656,
8516,35.70557897910476,0.718897907063365,34.86005403101444,
8517,33.251558896154165,0.733761815354228,32.366940984502435,
8518,34.61795602925122,1.130957156419754,33.33345684222877,
8519,34.92627409286797,0.7224420551210642,34.078940050676465,
8520,33.523462945595384,0.7192539051175117,32.639976125210524,
8521,34.78015586733818,1.0396018624305725,33.60558720305562,
8522,35.0073107983917,0.7166888099163771,34.16792512871325,
8523,33.310330007225275,0.7198220118880272,32.419130904600024,
8524,35.17530392855406,1.0648821480572224,33.96833501756191,
8525,34.56997801549733,0.7319310680031776,33.713932847604156,
8526,33.4407661575824,0.7166359573602676,32.570921117439866,
8527,34.95135996490717,1.0609880555421114,33.756767865270376,
8528,35.1495211943984,0.7274681702256203,34.29617080837488,
8529,33.278945134952664,0.735448906198144,32.39930607378483,
8530,35.14643502421677,1.0822620242834091,33.92338007688522,
8531,34.74428202025592,0.7237379904836416,33.89509115368128,
8532,33.60532387159765,0.7441900670528412,32.7186668291688,
8533,35.02672305330634,1.1515629012137651,33.73392601497471,
8534,34.74363102577627,0.7354491390287876,33.88369083404541,
8535,33.375698141753674,0.7202860433608294,32.514352118596435,
8536,34.96467601507902,1.0499709751456976,33.76802592538297,
8537,35.12199013493955,0.7332840468734503,34.26546812988818,
8538,33.21283799596131,0.7219018880277872,32.33505506068468,
8539,35.150645999237895,1.0709499474614859,33.94413203932345,
8540,34.7660300321877,0.7168818265199661,33.92724017612636,
8541,33.465731889009476,0.7209049072116613,32.587985042482615,
8542,34.820841858163476,1.0709210764616728,33.609031001105905,
8543,35.115588922053576,0.7205868605524302,34.26963905803859,
8544,33.14764308743179,0.7185149006545544,32.27396309375763,
8545,35.0314169190824,1.0409110691398382,33.85150386020541,
8546,34.926127875223756,0.7258879486471415,34.07498891465366,
8547,33.36805710569024,0.7213021162897348,32.48737985268235,
8548,34.79215293191373,1.1028519365936518,33.54884311556816,
8549,34.712095046415925,0.7214630022644997,33.854569075629115,
8550,32.724014949053526,0.7278388366103172,31.871298095211387,
8551,35.12700693681836,0.8861410897225142,34.117680974304676,
8552,35.05906695500016,0.7204439025372267,34.2144810128957,
8553,32.80811104923487,0.7190869655460119,31.961512053385377,
8554,34.89134693518281,0.8867508731782436,33.88078114949167,
8555,35.23063310422003,0.7309168577194214,34.37640215270221,
8556,32.72297605872154,0.7207838352769613,31.878693960607052,
8557,35.059344954788685,0.9175960440188646,34.01944902725518,
8558,34.96472188271582,0.728303100913763,34.111807122826576,
8559,32.844532979652286,0.7172978948801756,32.00191003270447,
8560,34.911246970295906,0.890746945515275,33.89483108185232,
8561,35.15284811146557,0.7282360456883907,34.30030192248523,
8562,32.71897207014263,0.7268621120601892,31.867920886725187,
8563,35.0893319118768,0.8867660071700811,34.078499069437385,
8564,35.08814191445708,0.7336270064115524,34.22971395775676,
8565,32.90192107670009,0.728393904864788,32.03905699774623,
8566,34.95232807472348,0.9969128295779228,33.83033303543925,
8567,34.94975296780467,0.7291268557310104,34.09698395989835,
8568,32.87703194655478,0.720395939424634,32.031865091994405,
8569,34.88803002983332,0.9674150496721268,33.795766066759825,
8570,35.26268806308508,0.7304830942302942,34.40967504866421,
8571,32.651862828060985,0.7249631453305483,31.802145997062325,
8572,35.19815090112388,0.9599251206964254,34.11261993460357,
8573,34.85979698598385,0.7322900928556919,34.004478016868234,
8574,32.881088787689805,0.727697042748332,32.030303962528706,
8575,34.94290099479258,0.939063960686326,33.880773931741714,
8576,35.36629397422075,0.7115050684660673,34.53016886487603,
8577,32.68396994099021,0.7255161181092262,31.836668960750103,
8578,35.01269384287298,0.9546109940856695,33.931900979951024,
8579,34.95366987772286,0.7351250387728214,34.09402398392558,
8580,32.89672778919339,0.7350179366767406,32.03408303670585,
8581,35.11955006979406,0.9227809496223927,34.059717087075114,
8582,35.39023990742862,0.7381991017609835,34.52771087177098,
8583,32.980955904349685,0.7328779902309179,32.05863409675658,
8584,35.02033022232354,1.0534839238971472,33.82706199772656,
8585,35.178424092009664,0.7324358448386192,34.31931301020086,
8586,33.179712016135454,0.7369741797447205,32.284186920151114,
8587,34.720937022939324,1.0697520337998867,33.51706685498357,
8588,35.1629788056016,0.7283920422196388,34.30369892157614,
8589,32.89808984845877,0.7209829054772854,32.05220401287079,
8590,35.08851118385792,0.9541909676045179,34.00554112158716,
8591,34.96359894052148,0.7149090524762869,34.12834298796952,
8592,33.19391794502735,0.7160957902669907,32.3287770152092,
8593,34.74710998125374,1.0520648211240768,33.54945010505617,
8594,35.313946194946766,0.7385879289358854,34.449589904397726,
8595,32.868332928046584,0.7382719777524471,32.0045321714133,
8596,35.102917114272714,0.9974439162760973,33.980512991547585,
8597,35.13511782512069,0.7218180689960718,34.27782212384045,
8598,33.33861683495343,0.729176914319396,32.46006811968982,
8599,34.66211399063468,1.0284199379384518,33.50165602751076,
8600,35.40186397731304,0.7287431508302689,34.54684489406645,
8601,33.08130381628871,0.7316849660128355,32.21435705199838,
8602,34.962753066793084,1.0831158142536879,33.744581043720245,
8603,35.01253295689821,0.721996882930398,34.16503616608679,
8604,33.37784088216722,0.7239058613777161,32.49471704475582,
8605,34.604379907250404,1.0670439805835485,33.406210131943226,
8606,35.282813012599945,0.7296248804777861,34.42836808972061,
8607,33.12695398926735,0.7219938561320305,32.2447360958904,
8608,35.16537602990866,1.0727480985224247,33.96213403902948,
8609,34.83468503691256,0.7246029563248158,33.982815919443965,
8610,33.346959855407476,0.7317140698432922,32.46335405856371,
8611,34.87804997712374,1.0682919528335333,33.65963906981051,
8612,35.27403995394707,0.7579880766570568,34.391009947285056,
8613,33.47608493641019,0.7364039774984121,32.595010939985514,
8614,34.90063501521945,1.0473299771547318,33.71813101693988,
8615,35.11059284210205,0.7345299236476421,34.25108315423131,
8616,33.32843305543065,0.7365918718278408,32.44088403880596,
8617,35.09985492564738,1.1145011521875858,33.852408872917295,
8618,34.76096480153501,0.7286760956048965,33.907136879861355,
8619,33.54678186587989,0.7252569776028395,32.67798409797251,
8620,34.94964190758765,1.092549879103899,33.72305096127093,
8621,35.13365797698498,0.7222320418804884,34.28945504128933,
8622,33.347727032378316,0.7252849172800779,32.467301934957504,
8623,35.076486179605126,1.101858215406537,33.835237845778465,
8624,34.851036965847015,0.7414510473608971,33.98509602993727,
8625,33.55158818885684,0.730718020349741,32.67058287747204,
8626,34.80306197889149,1.0630409233272076,33.60062907449901,
8627,35.11242615059018,0.7327231578528881,34.24526285380125,
8628,33.342355163767934,0.7142550311982632,32.45610115118325,
8629,35.03527515567839,1.0852380655705929,33.807517029345036,
8630,35.08595284074545,0.7329138461500406,34.22850393690169,
8631,33.407467883080244,0.7314588874578476,32.519208965823054,
8632,35.083489026874304,1.1159279383718967,33.816589042544365,
8633,34.76548893377185,0.7329618092626333,33.90716016292572,
8634,33.5314329713583,0.7238811813294888,32.657479867339134,
8635,34.91553803905845,1.0765029583126307,33.695405116304755,
8636,35.17005802132189,0.740919029340148,34.30472291074693,
8637,33.397031016647816,0.7279410492628813,32.52243692986667,
8638,35.026764031499624,1.0563440155237913,33.838416915386915,
8639,34.954524831846356,0.7296870462596416,34.09575507976115,
8640,33.57280697673559,0.7285750471055508,32.677884912118316,
8641,34.7683010622859,1.1204711627215147,33.50899391807616,
8642,35.10945406742394,0.7288421038538218,34.25650694407523,
8643,33.40645390562713,0.7291100919246674,32.50738908536732,
8644,35.107644042000175,1.1726741213351488,33.80299801938236,
8645,34.632648807018995,0.734223984181881,33.76178513281047,
8646,33.22236402891576,0.727187842130661,32.34395105391741,
8647,35.11073789559305,1.0587580036371946,33.89580897055566,
8648,34.99355097301304,0.7350759115070105,34.13444710895419,
8649,33.308392856270075,0.7327438797801733,32.42407995276153,
8650,34.93602201342583,1.1045150458812714,33.69663003832102,
8651,35.17307387664914,0.7296851836144924,34.31965783238411,
8652,33.21641799993813,0.7402871269732714,32.316535944119096,
8653,34.95792904868722,1.084023155272007,33.72461604885757,
8654,35.05967790260911,0.7234190125018358,34.214223036542535,
8655,33.31005503423512,0.7257768884301186,32.421124167740345,
8656,34.87813682295382,1.0777481365948915,33.66342303343117,
8657,35.20257608033717,0.7357620634138584,34.343490144237876,
8658,33.21075206622481,0.7282751612365246,32.32605801895261,
8659,35.086777061223984,1.1097230017185211,33.839268144220114,
8660,34.86175602301955,0.7874600123614073,33.94366800785065,
8661,33.099420135840774,0.753631116822362,32.175489934161305,
8662,35.117041086778045,1.047132071107626,33.93535688519478,
8663,34.924985840916634,0.7283599115908146,34.07179703935981,
8664,33.153235912323,0.7280099671334028,32.28547121398151,
8665,34.910293063148856,1.0763229802250862,33.70035206899047,
8666,35.17294698394835,0.7295738905668259,34.32418894954026,
8667,33.128959126770496,0.7286509498953819,32.24929119460285,
8668,34.97418202459812,1.0341731831431389,33.79637189209461,
8669,35.02855799160898,0.7293701637536287,34.174885833635926,
8670,35.295374924317,1.504587009549141,33.64943293854594,
8671,34.22964317724109,1.1923599522560835,32.88816683925688,
8672,34.11113005131483,0.7366409990936518,33.2507339771837,
8673,33.11739698983729,0.727697042748332,32.26536698639393,
8674,35.159735940396786,1.008827006444335,34.02509796433151,
8675,35.03180295228958,0.7398677989840508,34.16678216308355,
8676,33.194608986377716,0.7217391394078732,32.330060843378305,
8677,33.971516182646155,1.066823024302721,32.760659931227565,
8678,35.310514038428664,0.7273431401699781,34.4596398063004,
8679,32.20750205218792,0.7277661934494972,31.355398008599877,
8680,35.518718184903264,0.728570856153965,34.66531611047685,
8681,34.52462097629905,0.7253738585859537,33.67493604309857,
8682,32.77519508264959,0.7302628364413977,31.922766007483006,
8683,34.8643041215837,0.7258050609380007,34.0116978622973,
8684,35.4646909981966,0.7604451384395361,34.58089893683791,
8685,32.19549101777375,0.7440429180860519,31.32865414954722,
8686,35.56066006422043,0.7229459006339312,34.70789105631411,
8687,34.61418300867081,0.7329829968512058,33.758105942979455,
8688,32.785237999632955,0.7328009232878685,31.927637988701463,
8689,34.65810418128967,0.7257391698658466,33.80692284554243,
8690,35.41795094497502,0.7377141155302525,34.559015883132815,
8691,32.18894195742905,0.7239468395709991,31.341751106083393,
8692,35.408332012593746,0.7186930160969496,34.564611967653036,
8693,35.398642998188734,0.730261905118823,34.538180101662874,
8694,32.81737491488457,0.7220970001071692,31.970141921192408,
8695,35.1312980055809,1.0134871117770672,33.98898500017822,
8696,34.90179404616356,0.7210411131381989,34.0560229960829,
8697,33.054848900064826,0.7258148398250341,32.20174415037036,
8698,34.83315394259989,1.0243169963359833,33.68240897543728,
8699,35.43139295652509,0.7299219723790884,34.57635990343988,
8700,32.70214097574353,0.735004898160696,31.840699026361108,
8701,35.107317147776484,0.9894710965454578,33.9935589581728,
8702,34.754854859784245,0.7225680164992809,33.90602907165885,
8703,33.08690316043794,0.7270839996635914,32.2360610589385,
8704,34.744050819426775,1.0058279149234295,33.60662399791181,
8705,35.46453104354441,0.7336419075727463,34.606701927259564,
8706,32.679599011316895,0.717455055564642,31.83771390467882,
8707,35.176329081878066,0.9532470721751451,34.10122497007251,
8708,34.85545003786683,0.7278469856828451,34.0033071115613,
8709,33.09799009002745,0.742343021556735,32.22054895013571,
8710,35.137230064719915,1.0506119579076767,33.963419031351805,
8711,35.13737814500928,0.7248641923069954,34.28948880173266,
8712,33.040297916159034,0.7356929127126932,32.17192902229726,
8713,34.93214910849929,1.0203749407082796,33.78249402157962,
8714,35.0741280708462,0.7372398395091295,34.21338205225766,
8715,33.098918152973056,0.7255540695041418,32.205878058448434,
8716,34.828434931114316,0.9971009567379951,33.69541699066758,
8717,35.22482514381409,0.739231938496232,34.36150820925832,
8718,33.04940299130976,0.7298949640244246,32.16858603991568,
8719,34.85359181649983,1.0252490174025297,33.68235309608281,
8720,35.19648779183626,0.7345499470829964,34.33402697555721,
8721,33.0985919572413,0.7299310527741909,32.21230395138264,
8722,34.90732004866004,1.077486900612712,33.6975350510329,
8723,35.0676691159606,0.7264949381351471,34.218261949718,
8724,33.045075135305524,0.7397409062832594,32.14805107563734,
8725,35.081882029771805,1.110791927203536,33.827085979282856,
8726,35.092961974442005,0.7262618746608496,34.242216031998396,
8727,33.221862046048045,0.7257161196321249,32.34738204628229,
8728,34.92389898747206,1.0728579945862293,33.72179297730327,
8729,35.05161986686289,0.7269750349223614,34.20152189210057,
8730,33.13825512304902,0.7299759890884161,32.23147592507303,
8731,35.00514500774443,1.0297198314219713,33.84503396227956,
8732,35.0676269736141,0.738407950848341,34.203527960926294,
8733,33.183307852596045,0.7291790097951889,32.299787970259786,
8734,34.922781167551875,1.0435639414936304,33.73271389864385,
8735,35.11320916004479,0.733294989913702,34.25225103273988,
8736,33.22015516459942,0.769549049437046,32.273398945108056,
8737,35.00227793119848,1.0998081415891647,33.75922399573028,
8738,35.02298705279827,0.7352209649980068,34.16453511454165,
8739,33.25831890106201,0.7212010677903891,32.37196709960699,
8740,34.94102298282087,1.0460729245096445,33.735055942088366,
8741,35.40868987329304,0.7280479185283184,34.54610495828092,
8742,33.54387590661645,0.732421176508069,32.658201875165105,
8743,34.906317945569754,1.0855409782379866,33.690127078443766,
8744,35.03107000142336,0.7252709474414587,34.183623967692256,
8745,33.63574598915875,0.725114019587636,32.75977494195104,
8746,34.785055089741945,1.079007051885128,33.55760499835014,
8747,34.96130183339119,0.7276809774339199,34.111916087567806,
8748,33.6571189109236,0.7295920513570309,32.76107693091035,
8749,34.85847404226661,1.1216870043426752,33.60558208078146,
8750,34.99242011457682,0.7333098910748959,34.135083202272654,
8751,33.5617249365896,0.7246159948408604,32.67177799716592,
8752,34.788477001711726,1.0812189429998398,33.56377105228603,
8753,34.97245302423835,0.7401630282402039,34.1087959241122,
8754,33.53856992907822,0.7400198373943567,32.63599402271211,
8755,34.984529949724674,1.0897389147430658,33.767869928851724,
8756,34.988917876034975,0.7321508601307869,34.136984031647444,
8757,33.59560901299119,0.7316120900213718,32.66925388015807,
8758,34.70946312882006,1.1170299258083105,33.46027014777064,
8759,35.04940588027239,0.7290639914572239,34.19654397293925,
8760,33.464923966676,0.7268378976732492,32.56966406479478,
8761,34.99269997701049,1.1205680202692747,33.74056797474623,
8762,34.9181960336864,0.7346151396632195,34.05681299045682,
8763,33.60131196677685,0.7335161790251732,32.718732953071594,
8764,34.91298598237336,1.0923880618065596,33.68602809496224,
8765,35.076231928542256,0.7403581403195858,34.21160881407559,
8766,33.50213496014476,0.7269901689141989,32.607462955638766,
8767,34.923638915643096,1.0963019449263811,33.67738286033273,
8768,34.91603792645037,0.7438010070472956,34.04813399538398,
8769,33.56163599528372,0.7272139191627502,32.70319802686572,
8770,34.87556101754308,1.1134978849440813,33.630347112193704,
8771,35.076502012088895,0.7224371656775475,34.22892699018121,
8772,33.48743519745767,0.732281943783164,32.60134416632354,
8773,34.786535892635584,1.080312067642808,33.54058787226677,
8774,34.794696839526296,0.7485928945243359,33.922244096174836,
8775,33.37014582939446,0.7308179046958685,32.47137716971338,
8776,34.94005301035941,1.0290080681443214,33.776485826820135,
8777,35.13491107150912,0.7390989921987057,34.269073978066444,
8778,33.77329697832465,0.7254080846905708,32.8936621081084,
8779,34.66904512606561,1.107804011553526,33.41274196282029,
8780,34.76759698241949,0.744726974517107,33.89900294132531,
8781,33.44074496999383,0.7281731814146042,32.55377593450248,
8782,35.05044197663665,1.0701010469347239,33.84951688349247,
8783,34.91387120448053,0.7483400404453278,34.042291110381484,
8784,33.92628696747124,0.7302479352802038,33.03586901165545,
8785,34.741139970719814,1.1387758422642946,33.4435801487416,
8786,34.626831067726016,0.740701099857688,33.75938185490668,
8787,34.27454107441008,0.7420468609780073,33.39409804902971,
8788,34.560984931886196,1.131333177909255,33.27886201441288,
8789,34.712116001173854,0.7507370319217443,33.82728388532996,
8790,34.52944802120328,0.7415118161588907,33.62662601284683,
8791,34.579619066789746,1.155660953372717,33.28329301439226,
8792,34.13147199898958,0.7334188558161259,33.2734789699316,
8793,35.2145079523325,0.7402950432151556,34.3172219581902,
8794,34.00939702987671,1.101047033444047,32.77571778744459,
8795,34.63430888950825,0.7328810170292854,33.77665509469807,
8796,35.16597510315478,0.730457017198205,34.2920629773289,
8797,34.68442987650633,1.1525419540703297,33.37838803417981,
8798,33.680828055366874,0.7321271114051342,32.82552398741245,
8799,34.770418191328645,0.721160089597106,33.910930855199695,
8800,34.39807798713446,1.1128161568194628,33.13085902482271,
8801,34.65909813530743,0.7368670776486397,33.796721836552024,
8802,33.422069158405066,0.7209000177681446,32.566094072535634,
8803,35.358351888135076,1.035722903907299,34.17896619066596,
8804,34.432479878887534,0.7374389097094536,33.570350147783756,
8805,33.15544803626835,0.7271259091794491,32.292502000927925,
8806,34.59958406165242,1.0497481562197208,33.423786982893944,
8807,35.09323508478701,0.7282050792127848,34.23825395293534,
8808,32.74858486838639,0.7236709352582693,31.90130414441228,
8809,35.268353996798396,0.7662191055715084,34.37436302192509,
8810,34.694151021540165,0.7293389644473791,33.84073404595256,
8811,33.04142691195011,0.7302120793610811,32.1838550735265,
8812,34.82286911457777,0.8763840887695551,33.81889592856169,
8813,35.35474999807775,0.7551980670541525,34.47564598172903,
8814,32.719468930736184,0.7284409366548061,31.863684998825192,
8815,35.22165794856846,0.9145839139819145,34.1809350065887,
8816,34.76676996797323,0.7348640356212854,33.90747192315757,
8817,33.01886096596718,0.7329711224883795,32.1623079944402,
8818,34.78732914663851,0.9193879086524248,33.74327509663999,
8819,35.38274299353361,0.735787907615304,34.52443704009056,
8820,32.68201812170446,0.7225859444588423,31.835413072258234,
8821,35.01466289162636,0.9874568786472082,33.8977980427444,
8822,35.29215604066849,0.7559189107269049,34.411015920341015,
8823,33.00486598163843,0.7330509833991528,32.14848996140063,
8824,35.125171998515725,1.0464871302247047,33.95292302593589,
8825,34.914924995973706,0.7379900198429823,34.05375289730728,
8826,33.16815313883126,0.7301578298211098,32.302227104082704,
8827,35.06530891172588,1.0807670187205076,33.841841854155064,
8828,35.10522888973355,0.733767868950963,34.246440045535564,
8829,33.03836681880057,0.7394948042929173,32.15243900194764,
8830,35.290580010041595,1.0330870281904936,34.112437861040235,
8831,34.7620090469718,0.7352977991104126,33.902036026120186,
8832,33.22848607786,0.7271948270499706,32.33057400211692,
8833,35.462069092318416,1.0997029021382332,34.2290960252285,
8834,34.68119911849499,0.7330439984798431,33.82126707583666,
8835,33.04522018879652,0.7237049285322428,32.16919000260532,
8836,35.6207441072911,1.0317179840058088,34.45851895958185,
8837,35.048333927989006,0.7298099808394909,34.183607902377844,
8838,33.224816899746656,0.731348991394043,32.32479700818658,
8839,35.72181682102382,1.1326950043439865,34.44526600651443,
8840,34.26962113007903,0.7665730081498623,33.37846603244543,
8841,33.354905899614096,0.7408640813082457,32.44767803698778,
8842,34.97214708477259,1.091378042474389,33.75006001442671,
8843,35.310869105160236,0.7494750898331404,34.436335088685155,
8844,33.11402490362525,0.738644041121006,32.19543304294348,
8845,35.04757699556649,1.0855570435523987,33.829643158242106,
8846,34.7851668484509,0.7420000620186329,33.9177988935262,
8847,33.45224494114518,0.740565825253725,32.542410073801875,
8848,34.60867702960968,1.0970639996230602,33.372106961905956,
8849,35.41923710145056,0.7617068476974964,34.534123027697206,
8850,33.04437501356006,0.7335131522268057,32.157168025150895,
8851,35.10444983839989,1.079309033229947,33.879101974889636,
8852,34.82734085991979,0.7463609799742699,33.9579489082098,
8853,33.3020118996501,0.7396060973405838,32.412558095529675,
8854,35.23282706737518,1.0721869766712189,34.029887057840824,
8855,35.031127044931054,0.7383029442280531,34.1697558760643,
8856,33.44309702515602,0.7337059359997511,32.54821593873203,
8857,34.82416179031134,1.09360390342772,33.58507505618036,
8858,35.06542695686221,0.7277471013367176,34.214370884001255,
8859,33.33999402821064,0.7241799030452967,32.466833014041185,
8860,35.05641920492053,1.1099090334028006,33.80487998947501,
8861,34.892601892352104,0.7403611671179533,34.02935899794102,
8862,33.36937096901238,0.7218457758426666,32.476960215717554,
8863,35.01635207794607,1.1047439184039831,33.769523026421666,
8864,35.05325992591679,0.7451588753610849,34.176555927842855,
8865,33.30400004051626,0.7333448156714439,32.40890521556139,
8866,35.11170111596584,1.0964260436594486,33.874209970235825,
8867,34.87140219658613,0.7400119211524725,34.004393965005875,
8868,33.394173020496964,0.7535149343311787,32.49769797548652,
8869,35.4700218886137,1.0869288817048073,34.2183040920645,
8870,34.951640060171485,0.7475370075553656,34.07990303821862,
8871,33.79735886119306,0.7243040017783642,32.905436819419265,
8872,34.685943042859435,1.1315431911498308,33.403461799025536,
8873,35.18756898120046,0.7321268785744905,34.33118597604334,
8874,33.601009054109454,0.7367378566414118,32.704490004107356,
8875,34.87946488894522,1.0898229666054249,33.63384190015495,
8876,34.893034026026726,0.7385269273072481,34.028069116175175,
8877,33.78571895882487,0.7424601353704929,32.89125603623688,
8878,34.72463600337505,1.1869538575410843,33.38520717807114,
8879,35.14751303009689,0.738989096134901,34.28145288489759,
8880,33.609732054173946,0.7236569654196501,32.72834210656583,
8881,34.94603396393359,1.0826229117810726,33.731781877577305,
8882,34.88277900032699,0.7342938333749771,34.024723106995225,
8883,33.81104511208832,0.7329159416258335,32.93403913266957,
8884,34.77054601535201,1.0830899700522423,33.532127970829606,
8885,34.88072892650962,0.7233498618006706,34.02280807495117,
8886,33.66939490661025,0.7292390801012516,32.76422177441418,
8887,34.96164991520345,1.111782854422927,33.71958015486598,
8888,34.87755102105439,0.7414538413286209,34.011732088401914,
8889,33.659202978014946,0.7244390435516834,32.796676037833095,
8890,34.92218884639442,1.1097711976617575,33.681787783280015,
8891,35.43793107382953,0.7310369983315468,34.57855200394988,
8892,33.64086989313364,0.751987099647522,32.73649490438402,
8893,34.72660691477358,1.13900494761765,33.446975983679295,
8894,35.85947002284229,0.7336700800806284,34.99981597997248,
8895,33.6681860499084,0.7456589955836535,32.764594070613384,
8896,34.22297700308263,1.1314621660858393,32.96184493228793,
8897,35.07806803099811,0.7358239963650703,34.21892202459276,
8898,33.59586000442505,0.7277170661836863,32.72207314148545,
8899,34.925444051623344,1.1418380308896303,33.65244087763131,
8900,34.58662796765566,0.7373250555247068,33.72539905831218,
8901,32.88083104416728,0.7240569684654474,32.02190506272018,
8902,35.311484010890126,1.0139180812984705,34.16632884182036,
8903,34.52801704406738,0.7337999995797873,33.67016604170203,
8904,33.48286380060017,0.7314051035791636,32.56414388306439,
8905,34.71662104129791,1.0866769589483738,33.491655020043254,
8906,35.54818779230118,0.7346251513808966,34.68868089839816,
8907,32.98726701177657,0.7322330493479967,32.119010807946324,
8908,35.17386503517628,1.0606520809233189,33.97926199249923,
8909,34.54406186938286,0.7422619964927435,33.67690206505358,
8910,33.459546975791454,0.730050029233098,32.55190094932914,
8911,34.693947061896324,1.0297009721398354,33.513268921524286,
8912,35.50796816125512,0.7468839175999165,34.63818714953959,
8913,32.94759709388018,0.7349129300564528,32.04737394116819,
8914,35.18858412280679,1.0495248716324568,34.00330920703709,
8915,34.6337859518826,0.7261571008712053,33.783277962356806,
8916,33.46659685485065,0.7465088274329901,32.55205508321524,
8917,34.71160004846752,1.063012983649969,33.50273286923766,
8918,35.476489923894405,0.7416550070047379,34.607007866725326,
8919,32.97413792461157,0.7384000346064568,32.09662809967995,
8920,35.11973982676864,1.0266578756272793,33.95858500152826,
8921,34.73957208916545,0.7383339107036591,33.87616900727153,
8922,33.400640822947025,0.7337850984185934,32.50534785911441,
8923,34.695570822805166,1.0958579368889332,33.47036801278591,
8924,36.481844028458,0.7416089065372944,35.61374801211059,
8925,33.89126108959317,0.7317159324884415,33.007127000018954,
8926,34.00659188628197,1.1801919899880886,32.669977052137256,
8927,34.9500379525125,0.7321769371628761,34.09401490353048,
8928,35.51389696076512,0.7411499973386526,34.099960001185536,
8929,35.40130890905857,1.2834519147872925,33.99404603987932,
8930,34.03340210206807,0.7457660976797342,33.160174963995814,
8931,34.65931909158826,0.7605310529470444,33.74651097692549,
8932,37.806257139891386,1.0641987901180983,35.43276619166136,
8933,32.54787600599229,0.7541768718510866,31.656875973567367,
8934,32.756699016317725,0.7283720187842846,31.866186996921897,
8935,34.01092393323779,1.0761439334601164,32.80593198724091,
8936,35.84289411082864,0.733671011403203,34.274131059646606,
8937,35.318133886903524,3.3608460798859596,31.747414031997323,
8938,33.17158995196223,1.1572709772735834,31.859930837526917,
8939,33.316444139927626,0.7360349409282207,32.4567889329046,
8940,35.98371590487659,0.736800953745842,35.08457099087536,
8941,35.83269310183823,1.0982479434460402,34.59139494225383,
8942,33.391313860192895,0.7354381959885359,32.531284959986806,
8943,35.47817817889154,0.7358768489211798,34.57194403745234,
8944,34.191007958725095,1.1684868950396776,32.89177920669317,
8945,36.71078593470156,0.8349649142473936,35.74629197828472,
8946,33.422851003706455,0.7546409033238888,32.520038075745106,
8947,33.61013694666326,1.2213101144880056,32.23223192617297,
8948,36.31562297232449,0.7410859689116478,35.44406220316887,
8949,33.77305483445525,0.7560430094599724,32.847905065864325,
8950,33.516296185553074,1.1466860305517912,32.22336806356907,
8951,34.456091932952404,0.7487260736525059,33.57944404706359,
8952,33.66506891325116,0.731572974473238,32.80832292512059,
8953,34.94032099843025,1.0407210793346167,33.77498593181372,
8954,34.75807700306177,0.73850410990417,33.89375889673829,
8955,33.805994084104896,0.7366749923676252,32.92231005616486,
8956,34.700782969594,1.106057083234191,33.44226209446788,
8957,34.67501699924469,0.7383781485259533,33.81283697672188,
8958,34.10159703344107,0.7374600972980261,33.21540099568665,
8959,34.61742610670626,1.0882741771638393,33.387781819328666,
8960,34.64541211724281,0.7504920940846205,33.76807481981814,
8961,34.10476120188832,0.7577009964734316,33.19797897711396,
8962,34.51495198532939,1.0472137946635485,33.318404108285904,
8963,34.6327880397439,0.7396431174129248,33.770632930099964,
8964,34.49436207301915,0.7251491770148277,33.601908944547176,
8965,34.719758899882436,1.0941359214484692,33.47205696627498,
8966,34.696229035034776,0.7392158731818199,33.82819308899343,
8967,35.01618420705199,0.7357150316238403,34.12220091558993,
8968,34.05197407118976,1.1304139625281096,32.78754698112607,
8969,34.54548097215593,0.7427290547639132,33.67762709967792,
8970,35.3824021294713,0.7392778061330318,34.487124998122454,
8971,34.013980999588966,1.1169780045747757,32.7620510943234,
8972,34.28334603086114,0.7442741189152002,33.41453685425222,
8973,35.51063407212496,0.7369269151240587,34.61543703451753,
8974,34.44442292675376,1.145196845754981,33.153291093185544,
8975,33.96563301794231,0.7436240557581186,33.09977287426591,
8976,36.03324992582202,0.732974149286747,35.154306795448065,
8977,34.92838004603982,1.2064957991242409,33.58614421449602,
8978,33.6428910959512,0.7392340339720249,32.78012201189995,
8979,35.209724912419915,0.7446380332112312,34.328760812059045,
8980,35.46433406881988,1.1362910736352205,34.16420100256801,
8981,33.64480193704367,0.7334679830819368,32.77545212768018,
8982,34.314543940126896,0.7384361233562231,33.40128599666059,
8983,34.470619168132544,1.1278730817139149,33.19563600234687,
8984,33.82168500684202,0.7468450348824263,32.95118291862309,
8985,34.829005133360624,0.7309289649128914,33.95524201914668,
8986,34.727948950603604,1.0870429687201977,33.50827097892761,
8987,33.93259202130139,0.7356060668826103,33.073466969653964,
8988,34.55327497795224,0.747014069929719,33.66457507945597,
8989,34.787544049322605,1.1117160320281982,33.54467288590968,
8990,34.014846896752715,0.7304130122065544,33.15967321395874,
8991,34.32042710483074,0.727806007489562,33.44388795085251,
8992,35.09762603789568,1.0649238247424364,33.88602798804641,
8993,34.02551496401429,0.7467619143426418,33.156730933114886,
8994,34.25004705786705,0.7358707953244448,33.36105518974364,
8995,35.04122490994632,1.1058279778808355,33.77149114385247,
8996,34.37367896549404,0.7414231076836586,33.507117070257664,
8997,34.210102166980505,0.7468650583177805,33.31192000769079,
8998,35.32224800437689,1.068904995918274,34.09879095852375,
8999,34.525783034041524,0.7388920057564974,33.66264305077493,
9000,34.037129022181034,0.7327999919652939,33.16574986092746,
9001,35.00204998999834,1.1172269005328417,33.73959707096219,
9002,34.71233416348696,0.745441997423768,33.841524040326476,
9003,33.901999006047845,0.727407168596983,33.017309848219156,
9004,35.027173114940524,1.1093099601566792,33.755436073988676,
9005,34.6672791056335,0.7361711468547583,33.80684484727681,
9006,33.94946898333728,0.7362309843301773,33.055312000215054,
9007,34.86841404810548,1.1718901805579662,33.553835935890675,
9008,34.93466298095882,0.7400179747492075,34.06784893013537,
9009,33.96118199452758,0.7647520396858454,33.026381861418486,
9010,34.89378304220736,1.145451096817851,33.61359005793929,
9011,34.78922904469073,0.7411749102175236,33.92398194409907,
9012,34.022409934550524,0.7424859795719385,33.10946095734835,
9013,34.70816812478006,1.1211750097572803,33.452105009928346,
9014,34.47546809911728,0.7352810353040695,33.615997061133385,
9015,33.87988009490073,0.7366940844804049,33.00019889138639,
9016,34.73446285352111,1.0634108912199736,33.517756033688784,
9017,35.2392450440675,0.7330519147217274,34.383425023406744,
9018,33.48467592149973,0.7468778640031815,32.583128195255995,
9019,35.025120014324784,1.1106268502771854,33.77467021346092,
9020,34.54741998575628,0.7353350520133972,33.68644788861275,
9021,33.840219024568796,0.7363790646195412,32.96701097860932,
9022,34.837295999750495,1.0875128209590912,33.56482717208564,
9023,35.166914807632565,0.7624411955475807,34.27961282432079,
9024,33.477151999250054,0.7478049956262112,32.58000686764717,
9025,35.13772808946669,1.1062039993703365,33.89778500422835,
9026,34.4627529848367,0.7306961342692375,33.60775695182383,
9027,33.8827611412853,0.7338370196521282,32.987575978040695,
9028,34.70225911587477,1.0876399464905262,33.45823404379189,
9029,34.92527501657605,0.7393390405923128,34.05477781780064,
9030,33.09044614434242,0.729723135009408,32.19518600963056,
9031,35.23230901919305,1.0642679408192635,34.02980207465589,
9032,34.76608591154218,0.7502050139009953,33.891019178554416,
9033,33.339577028527856,0.7369839586317539,32.41930319927633,
9034,34.87538709305227,1.096624881029129,33.64616120234132,
9035,35.199277102947235,0.7493461016565561,34.326884895563126,
9036,33.16297009587288,0.7351930253207684,32.243635039776564,
9037,35.08473909460008,1.0627720039337873,33.87638903222978,
9038,34.83181516639888,0.7467709947377443,33.9607410132885,
9039,33.38628704659641,0.734901987016201,32.48481312766671,
9040,34.80207617394626,1.127007883042097,33.52689114399254,
9041,35.24021478369832,0.7383360061794519,34.37845502048731,
9042,33.09487411752343,0.7309759967029095,32.20734908245504,
9043,35.13768804259598,1.0672290809452534,33.93262694589794,
9044,34.89993419498205,0.7325371261686087,34.042072016745806,
9045,33.372517907992005,0.7380479946732521,32.47845289297402,
9046,34.62588903494179,1.0892960708588362,33.39811903424561,
9047,35.506091080605984,0.7414449937641621,34.6402560826391,
9048,33.33300817757845,0.7433940190821886,32.44352503679693,
9049,35.02796893008053,1.0939789935946465,33.78415806218982,
9050,34.64223397895694,0.7591939065605402,33.75977906398475,
9051,33.91267801634967,0.7455251179635525,33.02388684824109,
9052,34.58384098485112,1.1502429842948914,33.2909869030118,
9053,35.16773506999016,0.7435940206050873,34.300790866836905,
9054,34.028274938464165,0.7405020296573639,33.11541792936623,
9055,34.661840880289674,1.1191689409315586,33.41323300264776,
9056,34.466416109353304,0.7464159280061722,33.596625085920095,
9057,34.916665870696306,0.7415208965539932,34.01512699201703,
9058,33.99640507996082,1.1363511439412832,32.72822382859886,
9059,34.896258963271976,0.7501749787479639,34.02181691490114,
9060,34.76585983298719,0.7356181740760803,33.883569994941354,
9061,33.94065611064434,1.1340470518916845,32.64846000820398,
9062,34.76842097006738,0.7436380255967379,33.89947093091905,
9063,34.89908901974559,0.7383350748568773,34.00317206978798,
9064,33.842214150354266,1.1309790425002575,32.56838605739176,
9065,33.269126899540424,0.7344859186559916,32.41134504787624,
9066,34.67407287098467,0.7265869062393904,33.82515907287598,
9067,35.170393995940685,0.8875869680196047,34.16421916335821,
9068,32.96765987761319,0.7359811570495367,32.10563585162163,
9069,34.861898981034756,0.7444331422448158,33.996180864050984,
9070,35.03591497428715,0.9557150769978762,33.955652033910155,
9071,32.9903659876436,0.7374859414994717,32.12907398119569,
9072,34.78815406560898,0.7332570385187864,33.93236012198031,
9073,35.18979391083121,0.8624179754406214,34.203700022771955,
9074,32.78165799565613,0.7431840058416128,31.91477502696216,
9075,35.05725390277803,0.7416398730129004,34.192081075161695,
9076,34.960079938173294,0.9410211350768805,33.896452048793435,
9077,33.25964114628732,0.7398820016533136,32.383834943175316,
9078,34.69306812621653,0.7329289801418781,33.837916096672416,
9079,35.54820315912366,0.8900419343262911,34.53354490920901,
9080,33.44178688712418,0.7446459494531155,32.57483500055969,
9081,33.7548409588635,0.7327219936996698,32.899627927690744,
9082,35.79986793920398,0.8699300233274698,34.80615885928273,
9083,33.42920099385083,0.7407891098409891,32.56453387439251,
9084,33.724277978762984,0.7378240115940571,32.86267607472837,
9085,35.735605051741004,0.8757668547332287,34.73433502949774,
9086,33.44045905396342,0.7347338832914829,32.57787204347551,
9087,33.690558979287744,0.7551917806267738,32.812988152727485,
9088,35.77802097424865,0.84828888066113,34.80743011459708,
9089,33.42320094816387,0.7301259320229292,32.57081494666636,
9090,33.582064090296626,0.7267449982464314,32.732147956267,
9091,35.79771192744374,0.7832071278244257,34.89225101657212,
9092,33.486006082966924,0.7328928913921118,32.627953914925456,
9093,33.66081393323839,0.7306160405278206,32.79715892858803,
9094,35.84414999932051,0.8403831161558628,34.88187398761511,
9095,33.556641079485416,0.7366479840129614,32.69659308716655,
9096,33.697119913995266,0.7444629445672035,32.829518197104335,
9097,35.59156600385904,0.9906110353767872,34.47864600457251,
9098,33.70717796497047,0.7435840088874102,32.84185007214546,
9099,33.615468069911,0.7376291323453188,32.753614941611886,
9100,35.765094915404916,1.03226606734097,34.6100889146328,
9101,33.547577913850546,0.7355818524956703,32.68272499553859,
9102,33.721601124852896,0.7360528688877821,32.862880965694785,
9103,35.771465161815286,1.020433846861124,34.62199098430574,
9104,33.6700810585171,0.7306511979550123,32.81359490938485,
9105,33.63729710690677,0.7554730400443077,32.7591928653419,
9106,35.7739080209285,0.9862878359854221,34.66220898553729,
9107,33.52235513739288,0.7370070088654757,32.661814941093326,
9108,33.752859104424715,0.7292169611901045,32.900655176490545,
9109,35.80316319130361,0.9738041553646326,34.69773195683956,
9110,33.71174284256995,0.739069189876318,32.84823498688638,
9111,33.83835800923407,0.7283391896635294,32.932438887655735,
9112,35.567125072702765,1.035681925714016,34.37917889095843,
9113,33.694994170218706,0.744648976251483,32.82440104521811,
9114,33.915562089532614,0.7285100873559713,33.04640599526465,
9115,35.51707905717194,1.074634026736021,34.31010595522821,
9116,33.911274978891015,0.7442138157784939,33.04408001713455,
9117,33.879326889291406,0.7543121464550495,32.991159008815885,
9118,35.46107606962323,1.0679620318114758,34.24473898485303,
9119,34.00618094019592,0.7384112104773521,33.14374899491668,
9120,33.77496590837836,0.737602123990655,32.88393490947783,
9121,35.44064983725548,1.0610809549689293,34.23452912829816,
9122,34.222041023895144,0.7341720629483461,33.36363984271884,
9123,33.74006715603173,0.7402719929814339,32.83452684991062,
9124,35.364416893571615,1.0868872050195932,34.145248821005225,
9125,34.58338603377342,0.7397281005978584,33.709001960232854,
9126,33.61348691396415,0.7321219891309738,32.72195300087333,
9127,35.40877113118768,1.103558810427785,34.15345516987145,
9128,34.65603501535952,0.7371008396148682,33.79472717642784,
9129,33.83750910870731,0.7419700268656015,32.942053861916065,
9130,34.80882500298321,1.1090869084000587,33.55463198386133,
9131,34.97404302470386,0.7396801374852657,34.110747976228595,
9132,33.59596314840019,0.7330549415200949,32.711295876652,
9133,35.1430750451982,1.0915638413280249,33.908761106431484,
9134,35.14528111554682,0.730183208361268,34.29330978542566,
9135,33.883440075442195,0.7339729927480221,32.98763604834676,
9136,34.49506894685328,1.1604090686887503,33.20212312974036,
9137,35.587194841355085,0.7446231320500374,34.71728996373713,
9138,33.67007407359779,0.7392731495201588,32.79061196371913,
9139,34.77323707193136,1.171383075416088,33.47232285887003,
9140,35.778426099568605,0.7513368036597967,34.90440011955798,
9141,33.72066910378635,0.7338100112974644,32.81783498823643,
9142,34.17865792289376,1.18349795229733,32.85343898460269,
9143,36.29343304783106,0.7407888770103455,35.42917314916849,
9144,33.619362162426114,0.733344117179513,32.73025993257761,
9145,34.78559502400458,1.1924579739570618,33.42487709596753,
9146,35.3315940592438,0.7469509728252888,34.460874972864985,
9147,33.704689936712384,0.7326051127165556,32.82930492423475,
9148,35.17641103826463,1.1771251447498798,33.855492947623134,
9149,34.4935969915241,0.73221605271101,33.638771856203675,
9150,33.62151421606541,0.734671950340271,32.738154055550694,
9151,35.59610806405544,1.1559058912098408,34.29653821513057,
9152,34.426074009388685,0.741718104109168,33.56130491010845,
9153,33.83188904263079,0.7395090069621801,32.931669848039746,
9154,34.76993693038821,1.1545629240572453,33.438306069001555,
9155,34.71010201610625,0.7459830958396196,33.84012193419039,
9156,33.76853605732322,0.7324630860239267,32.88107202388346,
9157,35.06171307526529,1.1213880497962236,33.787277061492205,
9158,34.42856506444514,0.7510101422667503,33.555365866050124,
9159,33.68783788755536,0.7384149357676506,32.78960497118533,
9160,35.09095683693886,1.1302940547466278,33.83285691961646,
9161,34.62603501975536,0.7383618503808975,33.76522311009467,
9162,33.51274109445512,0.7408219389617443,32.59659907780588,
9163,35.25918792001903,1.0659820400178432,34.06160697340965,
9164,34.94343999773264,0.7657320238649845,34.05002411454916,
9165,33.64498587325215,0.7387639489024878,32.74664096534252,
9166,34.80051178485155,1.1415169574320316,33.52570394054055,
9167,35.70940182544291,0.7387350779026747,34.84892495907843,
9168,33.54004095308483,0.7383970078080893,32.65546797774732,
9169,34.64007913134992,1.10600795596838,33.38796994648874,
9170,35.76538083143532,0.7360768504440784,34.90620804950595,
9171,33.60208007507026,0.7300709839910269,32.72894909605384,
9172,34.284773049876094,1.1436580680310726,33.004994969815016,
9173,34.29719200357795,0.7522800005972385,33.41099596582353,
9174,33.24042400345206,0.74188900180161,32.38150104880333,
9175,35.46157409437001,1.0139390360563993,34.32450001128018,
9176,33.84143905714154,0.7463740184903145,32.97195699997246,
9177,33.251713030040264,0.7390158716589212,32.39001310430467,
9178,35.66247597336769,0.80477399751544,34.73293501883745,
9179,33.86770188808441,0.7589419838041067,32.985740108415484,
9180,33.18723919801414,0.738255912438035,32.324610045179725,
9181,35.73948610574007,0.7473309524357319,34.86926504410803,
9182,33.80727209150791,0.7341820746660233,32.94916986487806,
9183,33.37294305674732,0.7445449009537697,32.50384610146284,
9184,35.739365965127945,0.8369439747184515,34.78260198608041,
9185,34.24439998343587,0.7479749619960785,33.3695518784225,
9186,33.2730021327734,0.7502471562474966,32.39861689507961,
9187,35.529682878404856,0.9721778333187103,34.43335113115609,
9188,34.45322695188224,0.746843870729208,33.5810761898756,
9189,32.9333390109241,0.7384729105979204,32.05761616118252,
9190,35.34074197523296,0.9659368079155684,34.245186019688845,
9191,34.70876603387296,0.7779339794069529,33.80756010301411,
9192,33.09689718298614,0.754473963752389,32.21655893139541,
9193,35.04147985950112,1.061144983395934,33.855849876999855,
9194,35.158148035407066,0.7495449390262365,34.284727182239294,
9195,32.87954907864332,0.7413150742650032,32.01719792559743,
9196,35.18487303517759,1.039212103933096,34.01806601323187,
9197,34.863390028476715,0.7370989769697189,33.99744094349444,
9198,33.09167898260057,0.7678170222789049,32.19896601513028,
9199,34.96236097998917,1.0513339657336473,33.77717896364629,
9200,35.23450414650142,0.7506790570914745,34.35923904180527,
9201,32.89419994689524,0.7517391350120306,32.01728384010494,
9202,35.19827895797789,1.0565230622887611,34.018134931102395,
9203,34.84020591713488,0.7432908751070499,33.97456114180386,
9204,33.0765969119966,0.7320339791476727,32.22089190967381,
9205,34.96754402294755,1.0277160909026861,33.80546602420509,
9206,35.236407071352005,0.7453737780451775,34.36617413535714,
9207,33.367822179570794,0.7545328699052334,32.42231206968427,
9208,34.74669810384512,1.1280681937932968,33.459397964179516,
9209,35.1977760437876,0.751968938857317,34.3219549395144,
9210,33.14715507440269,0.7371220272034407,32.225375063717365,
9211,35.15980998054147,1.0677461978048086,33.94299396313727,
9212,34.577978076413274,0.7387381047010422,33.71457592584193,
9213,33.37579010985792,0.746825011447072,32.46560087427497,
9214,34.96181988157332,1.0049110278487206,33.83118310011923,
9215,35.11028690263629,0.7464908994734287,34.239890053868294,
9216,33.09505898505449,0.7284099701792002,32.22762607038021,
9217,35.16747197136283,1.032471191138029,33.984900917857885,
9218,34.693215042352676,0.7394729182124138,33.82981498725712,
9219,33.33194297738373,0.7478140760213137,32.444109907373786,
9220,34.98130198568106,1.1457118671387434,33.69392012245953,
9221,35.39143083617091,0.7461369968950748,34.5130218192935,
9222,33.385619055479765,0.7387769874185324,32.503232127055526,
9223,35.1561838760972,1.114024082198739,33.910916885361075,
9224,34.564762841910124,0.7583280093967915,33.68118894286454,
9225,33.76686689443886,0.74199796654284,32.87437208928168,
9226,34.98996514827013,1.104252878576517,33.736046170815825,
9227,34.772491082549095,0.7521659135818481,33.898005029186606,
9228,33.815078902989626,0.7552232127636671,32.91765600442886,
9229,35.25108308531344,1.1690899264067411,33.935358049348,
9230,34.15420604869723,0.7660100236535072,33.26433105394244,
9231,34.197998931631446,0.7439369801431894,33.29722909256816,
9232,34.95841287076473,1.1481710243970156,33.664154121652246,
9233,34.39340693876147,0.7633790373802185,33.5072479210794,
9234,34.49399513192475,0.7450438570231199,33.61639496870339,
9235,34.83474790118635,1.1357730254530907,33.55636796914041,
9236,33.91347802244127,0.7485710084438324,33.04143901914358,
9237,34.96081102639437,0.7483689114451408,34.05887493863702,
9238,35.15157522633672,1.138255000114441,33.864735858514905,
9239,33.9481180999428,0.7444180082529783,33.08025514706969,
9240,35.75459495186806,0.7562590762972832,34.86122912727296,
9241,34.206735203042626,1.1731712147593498,32.898700796067715,
9242,34.14900600910187,0.7439251057803631,33.27965992502868,
9243,35.23101983591914,0.7418771274387836,34.30152405053377,
9244,34.48264207690954,1.1397881899029016,33.21257093921304,
9245,33.82497513666749,0.7442859932780266,32.959650037810206,
9246,34.307359950616956,0.7412289269268513,33.394691068679094,
9247,35.14581895433366,1.1277520097792149,33.86693703942001,
9248,34.14968308061361,0.7430599071085453,33.28370815142989,
9249,33.850962994620204,0.7318470161408186,32.963408855721354,
9250,35.589590203016996,1.1530788615345955,34.30375503376126,
9251,33.828380052000284,0.744011951610446,32.96098602004349,
9252,34.022701904177666,0.7481910288333893,33.11556507833302,
9253,35.37326282821596,1.0942949447780848,34.130295971408486,
9254,34.07433698885143,0.754073029384017,33.1975519657135,
9255,33.913482213392854,0.7769940420985222,32.99835999496281,
9256,35.44402797706425,1.072768121957779,34.22524104826152,
9257,33.970755990594625,0.7504548411816359,33.099928172305226,
9258,33.944285940378904,0.7423269562423229,33.04842906072736,
9259,35.34345282241702,1.0636851657181978,34.1389118693769,
9260,33.9726060628891,0.7616030052304268,33.08676299639046,
9261,33.878174144774675,0.7459430489689112,32.977182883769274,
9262,35.570293897762895,1.1071141343563795,34.31556886062026,
9263,33.948238007724285,0.7349748630076647,33.08814810588956,
9264,33.90152915380895,0.725198071449995,33.02979399450123,
9265,35.391183802857995,1.0662281420081854,34.15797185152769,
9266,34.04605411924422,0.7439788896590471,33.17799209617078,
9267,33.7391949724406,0.7337820716202259,32.867261907085776,
9268,35.608619917184114,1.1100061237812042,34.3635908793658,
9269,33.8900329079479,0.7406608201563358,33.01508305594325,
9270,33.538584131747484,0.744897872209549,32.64592494815588,
9271,35.53710784763098,1.0899859480559826,34.30806612595916,
9272,33.733592834323645,0.7563850376754999,32.85224689170718,
9273,33.61053206026554,0.7422810886055231,32.74501208215952,
9274,35.58813501149416,1.0205479338765144,34.442302072420716,
9275,33.826197031885386,0.7431330159306526,32.9611471388489,
9276,33.54288311675191,0.7421660702675581,32.67291188240051,
9277,35.748743917793036,1.002859091386199,34.628431778401136,
9278,33.71600201353431,0.763030955567956,32.82719012349844,
9279,33.668030984699726,0.7408841047435999,32.80304395593703,
9280,35.80006002448499,1.0759660508483648,34.60006997920573,
9281,33.86178403161466,0.7648980244994164,32.973821042105556,
9282,33.52949698455632,0.7452638819813728,32.64141804538667,
9283,35.684433998540044,1.0450328700244427,34.49209802784026,
9284,33.76053995452821,0.7530280854552984,32.88246993906796,
9285,33.501507015898824,0.745994970202446,32.61789702810347,
9286,35.468262853100896,1.039023045450449,34.30446796119213,
9287,33.521285047754645,0.7443048525601625,32.65382815152407,
9288,33.45924708992243,0.7449539843946695,32.590974820777774,
9289,35.956507083028555,0.7410249672830105,35.09241412393749,
9290,33.4792451467365,0.7482441142201424,32.606479013338685,
9291,33.47070491872728,0.7431551348417997,32.6038699131459,
9292,35.6435258872807,0.8433791808784008,34.675367875024676,
9293,33.71537197381258,0.749839935451746,32.84162515774369,
9294,33.332419116050005,0.7356840651482344,32.47276693582535,
9295,35.92318203300238,0.8086750749498606,34.990626852959394,
9296,33.57089892961085,0.7437458261847496,32.702015014365315,
9297,33.475827192887664,0.7348018698394299,32.61781111359596,
9298,35.55996320210397,0.8784818928688765,34.55841192044318,
9299,33.68701599538326,0.7468268740922213,32.81740308739245,
9300,33.370011020451784,0.7459979970008135,32.49858506023884,
9301,35.81040189601481,0.7978288922458887,34.87267415039241,
9302,33.203324070200324,0.7376119028776884,32.34000317752361,
9303,33.42897701077163,0.7447989191859961,32.560521038249135,
9304,35.63230694271624,0.7526581175625324,34.75473285652697,
9305,33.66624005138874,0.7496781181544065,32.793577993288636,
9306,33.02709502168,0.7360898889601231,32.1598700247705,
9307,36.17225005291402,0.7388510275632143,35.30856594443321,
9308,33.21789880283177,0.7343359757214785,32.358899945393205,
9309,33.477919176220894,0.7504872046411037,32.60409599170089,
9310,35.548479994758964,0.7383031770586967,34.68653396703303,
9311,33.65352819673717,0.7462690118700266,32.783486880362034,
9312,33.03482593037188,0.730631873011589,32.18156401999295,
9313,36.133262095972896,0.7345620542764664,35.274780821055174,
9314,33.20183698087931,0.7401269394904375,32.338300021365285,
9315,33.48346916027367,0.7402999326586723,32.61562902480364,
9316,35.56482493877411,0.7342619355767965,34.70543003641069,
9317,33.44662790186703,0.7423032075166702,32.56649384275079,
9318,32.98953897319734,0.7415511645376682,32.12048183195293,
9319,35.90770298615098,0.7372070103883743,35.04532086662948,
9320,33.144603949040174,0.7409641984850168,32.275093952193856,
9321,33.24323892593384,0.7432191632688046,32.37569285556674,
9322,35.530374851077795,0.7478729821741581,34.65647017583251,
9323,33.45051617361605,0.7865088991820812,32.53791597671807,
9324,32.944894162938,0.7427949458360672,32.07793598994613,
9325,35.74516298249364,0.7412810809910297,34.87780690193176,
9326,33.04813499562442,0.7426280062645674,32.177485059946775,
9327,33.20268192328513,0.7301089353859425,32.349309884011745,
9328,35.22338788025081,0.7444999646395445,34.35192606411874,
9329,33.42438209801912,0.7488850969821215,32.55428001284599,
9330,32.90293598547578,0.7333529647439718,32.042644917964935,
9331,35.519927041605115,0.7419812027364969,34.65412184596062,
9332,33.1332350615412,0.7519959472119808,32.25621301680803,
9333,33.33132597617805,0.7527659181505442,32.444668002426624,
9334,35.52628215402365,0.7501689251512289,34.6524310298264,
9335,33.421182073652744,0.8043018169701099,32.494564075022936,
9336,33.34672306664288,0.7329911459237337,32.4893849901855,
9337,38.09333615936339,1.7293109558522701,36.245950032025576,
9338,33.57299719937146,0.7542851381003857,32.6947218272835,
9339,33.214971190318465,0.7428538519889116,32.347377156838775,
9340,36.14755300804973,0.7456580642610788,35.28127307072282,
9341,33.397907158359885,0.7577140349894762,32.51580288633704,
9342,33.373265992850065,0.7448289543390274,32.50969387590885,
9343,35.8818091917783,0.7346360944211483,35.023827804252505,
9344,33.581841038540006,0.7601999677717686,32.69289806485176,
9345,33.198755932971835,0.7408680394291878,32.334270887076855,
9346,35.98381392657757,0.7435078732669353,35.11624806560576,
9347,33.568976912647486,0.7556108757853508,32.68925193697214,
9348,33.37970096617937,0.7430529221892357,32.51346107572317,
9349,35.96317605115473,0.7496029138565063,35.07719514891505,
9350,34.11277080886066,0.74980896897614,33.23918115347624,
9351,33.34152093157172,0.7474857848137617,32.47157717123628,
9352,36.12185409292579,0.741919968277216,35.253328969702125,
9353,34.11691100336611,0.7472538854926825,33.24437793344259,
9354,33.4501841571182,0.7452021818608046,32.57095790468156,
9355,35.2841280400753,1.050695776939392,34.07325502485037,
9356,34.59766414016485,0.7381259929388762,33.736225916072726,
9357,33.36320188827813,0.7379609160125256,32.47501002624631,
9358,35.41249711997807,1.0678400285542011,34.202242037281394,
9359,34.79732107371092,0.7538897916674614,33.92068715766072,
9360,33.5109680891037,0.752338906750083,32.584151020273566,
9361,34.85829709097743,1.0665198788046837,33.646830124780536,
9362,35.215615993365645,0.749040162190795,34.34290480799973,
9363,33.33623008802533,0.7499780040234327,32.42004383355379,
9364,35.05637194029987,1.1080291587859392,33.80120196379721,
9365,35.1920158136636,0.7421269547194242,34.314134856685996,
9366,33.77590095624328,0.7345969788730145,32.8871700912714,
9367,34.43890903145075,1.1924260761588812,33.10505812987685,
9368,34.46557791903615,0.737795140594244,33.601105911657214,
9369,33.29136408865452,0.7927368860691786,32.37375011667609,
9370,35.743946908041835,0.9656378533691168,34.65326502919197,
9371,33.557424088940024,0.7514460012316704,32.684453995898366,
9372,33.73323380947113,0.7424498908221722,32.86703699268401,
9373,35.3708709590137,1.0575898922979832,34.18651898391545,
9374,33.880996983498335,0.7370382081717253,33.01766188815236,
9375,33.30761194229126,0.7411690894514322,32.44222700595856,
9376,36.063026171177626,0.8454511407762766,35.09219200350344,
9377,33.34508300758898,0.7560101803392172,32.46581694111228,
9378,33.68410002440214,0.7544909603893757,32.80712105333805,
9379,35.49718810245395,1.0082419030368328,34.365337109193206,
9380,33.798126969486475,0.7542071398347616,32.91994286701083,
9381,33.76782010309398,0.7430389523506165,32.88956801407039,
9382,35.84082284942269,1.0134701151400805,34.70180695876479,
9383,33.85837795212865,0.748086953535676,32.98794315196574,
9384,33.70142285712063,0.7369180675595999,32.8267349395901,
9385,35.74352595023811,1.083511859178543,34.51290912926197,
9386,33.7757000233978,0.7780028972774744,32.869943184778094,
9387,33.77560805529356,0.7719690911471844,32.865016954019666,
9388,35.63875402323902,1.0684148874133825,34.42519693635404,
9389,33.84004579856992,0.75540691614151,32.96207613311708,
9390,33.697274047881365,0.7492711301892996,32.776780892163515,
9391,35.710315918549895,1.0367429349571466,34.53000704757869,
9392,33.7332091294229,0.7378589361906052,32.87020395509899,
9393,33.83800503797829,0.744593795388937,32.94939920306206,
9394,35.60623899102211,1.1457439977675676,34.33222905732691,
9395,33.89361617155373,0.7441318593919277,33.02370896562934,
9396,33.69994810782373,0.7495700847357512,32.79911098070443,
9397,35.42940388433635,1.0837619192898273,34.18859699741006,
9398,33.75536878593266,0.7542381063103676,32.87830902263522,
9399,33.41679694131017,0.7262979634106159,32.56615507416427,
9400,36.027918104082346,0.9692669846117496,34.93848582729697,
9401,33.57867710292339,0.7717548869550228,32.6834418810904,
9402,33.75307284295559,0.7595368660986423,32.83155709505081,
9403,35.41757399216294,1.0754589457064867,34.20724696479738,
9404,33.708208007737994,0.7460559718310833,32.8380239661783,
9405,33.39322796091437,0.7353289984166622,32.53279812633991,
9406,36.088138120248914,0.8292258717119694,35.13217996805906,
9407,33.45417301170528,0.7651669438928366,32.56069216877222,
9408,33.676187973469496,0.747020123526454,32.804711954668164,
9409,35.56671505793929,1.0396740399301052,34.401548793539405,
9410,33.73604011721909,0.7537950295954943,32.853598007932305,
9411,33.415220910683274,0.7455330342054367,32.54838287830353,
9412,36.18386993184686,0.9444861207157373,35.113900899887085,
9413,33.33731391467154,0.814113998785615,32.38698490895331,
9414,33.625708194449544,0.7517030462622643,32.75130898691714,
9415,35.5915289837867,0.9781739208847284,34.489401150494814,
9416,33.64416002295911,0.753532163798809,32.76458499021828,
9417,33.35288004018366,0.754704000428319,32.474342035129666,
9418,36.127737956121564,0.7634391076862812,35.24035192094743,
9419,33.309702994301915,0.7428689859807491,32.442730851471424,
9420,33.63999701105058,0.7604039274156094,32.75223798118532,
9421,35.672142868861556,0.9959721937775612,34.547227900475264,
9422,33.61975704319775,0.7435840088874102,32.75148291140795,
9423,33.361987909302115,0.7570968009531498,32.478487119078636,
9424,36.160190124064684,0.7389381062239408,35.29586992226541,
9425,33.26358087360859,0.7508581038564444,32.38956700079143,
9426,33.57745986431837,0.755692133679986,32.69805898889899,
9427,35.71016015484929,0.8825790137052536,34.70399905927479,
9428,33.67033111862838,0.7487640250474215,32.79756801202893,
9429,33.25182688422501,0.7376659195870161,32.38074015825987,
9430,36.02663706988096,0.7503039669245481,35.1530488114804,
9431,33.24830601923168,0.746401958167553,32.38304890692234,
9432,35.60977801680565,2.2541088983416557,33.170185051858425,
9433,34.33762304484844,1.1566500179469585,33.03472697734833,
9434,33.53632288053632,0.7436729501932859,32.66859706491232,
9435,33.26527285389602,0.7447919342666864,32.39612095057964,
9436,36.2337629776448,0.7450319826602936,35.365407122299075,
9437,33.2700430881232,0.7380449678748846,32.40607283078134,
9438,33.478986006230116,0.7582290563732386,32.59880095720291,
9439,35.73931218124926,0.7951769512146711,34.82023603282869,
9440,33.528337022289634,0.7517230696976185,32.65189193189144,
9441,33.16267696209252,0.7350088562816381,32.30247413739562,
9442,36.32563608698547,0.7512648589909077,35.44878703542054,
9443,33.21622498333454,0.7356831338256598,32.35623496584594,
9444,33.47546188160777,0.7442531641572714,32.60723687708378,
9445,35.185778979212046,0.7943359669297934,34.255275037139654,
9446,33.15642382949591,0.7434799335896969,32.288210932165384,
9447,32.75993396528065,0.7478098850697279,31.88874199986458,
9448,35.84023588337004,0.7514599710702896,34.96371489018202,
9449,32.693802844733,0.748425954952836,31.818873016163707,
9450,33.11929199844599,0.7521130610257387,32.24259987473488,
9451,35.33009020611644,0.7340069860219955,34.342383965849876,
9452,33.22308603674173,0.8029751479625702,32.281388994306326,
9453,32.75412996299565,0.7726140320301056,31.85872593894601,
9454,35.29678890481591,0.750374048948288,34.42299203015864,
9455,32.79208415187895,0.7543058600276709,31.912601087242365,
9456,33.18775491788983,0.7435658480972052,32.3202779982239,
9457,34.51283392496407,0.745472963899374,33.64298492670059,
9458,33.190514892339706,0.7476010359823704,32.31985215097666,
9459,32.82124502584338,0.7425530347973108,31.956022838130593,
9460,34.75291398353875,0.7458899635821581,33.88308803550899,
9461,33.320417860522866,0.7540679071098566,32.429871149361134,
9462,33.42042583972216,0.750967999920249,32.5465970672667,
9463,34.46379094384611,0.7446189410984516,33.59427000395954,
9464,33.307619858533144,0.754442997276783,32.42954006418586,
9465,33.52818917483091,0.7550017908215523,32.65036200173199,
9466,33.8470998685807,0.7324968464672565,32.99104003235698,
9467,33.60852412879467,0.7437190506607294,32.741210889071226,
9468,33.135891892015934,0.7445039227604866,32.26649994030595,
9469,33.439140068367124,0.7642570417374372,32.545615918934345,
9470,33.635961124673486,0.7545598782598972,32.75414812378585,
9471,33.45398395322263,0.7521179504692554,32.5795270036906,
9472,33.06768904440105,0.7470040582120419,32.19764097593725,
9473,36.0966098960489,0.7469230331480503,35.22790898568928,
9474,33.12917496077716,0.7408498786389828,32.26605406962335,
9475,33.442690037190914,0.7438398897647858,32.57318399846554,
9476,35.79915896989405,0.7420300971716642,34.9331428296864,
9477,33.724633045494556,0.7403041236102581,32.850673887878656,
9478,33.43499405309558,0.7419709581881762,32.57084614597261,
9479,36.00853402167559,0.7462610956281424,35.13927082531154,
9480,33.4139340557158,0.7331760134547949,32.55889588035643,
9481,33.65141595713794,0.7465968374162912,32.78171014972031,
9482,35.492046969011426,0.7465698290616274,34.621354192495346,
9483,33.63061882555485,0.7478820625692606,32.761235954239964,
9484,33.384704031050205,0.7475700695067644,32.51337492838502,
9485,35.999073181301355,0.7401062175631523,35.13669688254595,
9486,33.4005409386009,0.7413688581436872,32.53658604808152,
9487,33.66201603785157,0.7373678963631392,32.80116314999759,
9488,35.559600219130516,0.7429479155689478,34.688367042690516,
9489,33.609695034101605,0.7469998672604561,32.73363411426544,
9490,33.36803591810167,0.7303638849407434,32.51217002980411,
9491,35.99688317626715,0.8757100440561771,34.99770094640553,
9492,33.37080986239016,0.754116103053093,32.49300387687981,
9493,33.631223952397704,0.7586239371448755,32.73705509491265,
9494,35.941967042163014,0.7540860679000616,35.06479086354375,
9495,33.74166414141655,0.7460149936378002,32.87300490774214,
9496,33.745520981028676,0.7347278296947479,32.88753121159971,
9497,35.60447203926742,0.758209964260459,34.72386114299297,
9498,33.77658105455339,0.7560299709439278,32.89735899306834,
9499,34.01100798510015,0.7464329246431589,33.14064210280776,
9500,35.47347290441394,0.7509600836783648,34.599691862240434,
9501,33.62591518089175,0.7446599192917347,32.75726712308824,
9502,33.65313587710261,0.7467509713023901,32.787967938929796,
9503,35.619077971205115,0.7446040399372578,34.751650877296925,
9504,33.6655811406672,0.7481470238417387,32.794659957289696,
9505,33.9156489353627,0.7389271631836891,33.053346909582615,
9506,35.53638211451471,0.7558211218565702,34.65815796516836,
9507,33.61653396859765,0.7492490112781525,32.74641511961818,
9508,33.83358707651496,0.749662984162569,32.961176009848714,
9509,35.74359603226185,0.7455169688910246,34.863063134253025,
9510,33.79438281990588,0.7470089476555586,32.92332007549703,
9511,34.09372386522591,0.7367120124399662,33.23469101451337,
9512,35.28566798195243,0.7427330128848553,34.41861388273537,
9513,33.79798703826964,0.742277130484581,32.9325448255986,
9514,34.39555689692497,0.7286118343472481,33.54447218589485,
9515,34.95245613157749,0.7509191054850817,34.07908300869167,
9516,33.883754862472415,0.7489530835300684,33.012027852237225,
9517,34.478754037991166,0.7517219055444002,33.602372044697404,
9518,35.04447196610272,0.752367777749896,34.16753001511097,
9519,33.737099962309,0.7466250099241734,32.86732989363372,
9520,34.65208783745766,0.7492732256650925,33.78044697456062,
9521,34.865432884544134,0.7459621410816908,33.996600890532136,
9522,33.91212900169194,0.7533058524131775,33.03575608879328,
9523,35.10903590358794,0.7390128448605537,34.24617298878729,
9524,34.33127701282501,0.7407520897686481,33.46784389577806,
9525,33.63657114095986,0.7467649411410093,32.75558911263943,
9526,34.99966487288475,0.7394410204142332,34.13547505624592,
9527,34.49044586159289,0.7386489305645227,33.62928400747478,
9528,33.592134015634656,0.7412359118461609,32.728704158216715,
9529,35.2746220305562,0.7284190505743027,34.42177688702941,
9530,34.313322976231575,0.7551859598606825,33.434268087148666,
9531,33.68577500805259,0.7485970854759216,32.81444497406483,
9532,35.356273874640465,0.7433840073645115,34.489009995013475,
9533,34.39942910335958,0.7551799062639475,33.52526808157563,
9534,33.553579123690724,0.7467749528586864,32.683751080185175,
9535,35.76995781622827,0.7574800401926041,34.89078697748482,
9536,34.046069951727986,0.7621170952916145,33.16042199730873,
9537,33.65871915593743,0.7439220789819956,32.793215941637754,
9538,35.51025013439357,0.7419490721076727,34.642006969079375,
9539,34.17217009700835,0.757734989747405,33.29772502183914,
9540,33.51548803038895,0.7415718864649534,32.64943300746381,
9541,36.03178611956537,0.7462590001523495,35.14933097176254,
9542,33.69994601234794,0.7558390498161316,32.81709202565253,
9543,33.592616906389594,0.7662300486117601,32.704779878258705,
9544,35.84967786446214,0.7477439939975739,34.97867309488356,
9545,34.02841300703585,0.7487330585718155,33.15770300105214,
9546,33.39469991624355,0.7440049666911364,32.52781997434795,
9547,36.14034503698349,0.7392179686576128,35.27719201520085,
9548,33.648330019786954,0.7557361386716366,32.77036896906793,
9549,33.680994994938374,0.744969816878438,32.813060097396374,
9550,36.16542904637754,0.752127030864358,35.28874507173896,
9551,33.83767604827881,0.7489519193768501,32.966233091428876,
9552,33.40246994048357,0.753150088712573,32.52571797929704,
9553,35.96515697427094,0.8425640407949686,34.99948396347463,
9554,33.58798194676638,0.7414829451590776,32.72430901415646,
9555,33.58814516104758,0.7451861165463924,32.72086405195296,
9556,35.520401084795594,1.0007480159401894,34.394246991723776,
9557,33.8066010735929,0.7429090328514576,32.92985004372895,
9558,33.21603895165026,0.7523358799517155,32.34134800732136,
9559,36.06155305169523,0.8455950301140547,35.09253798983991,
9560,33.44172495417297,0.7576651405543089,32.560860039666295,
9561,33.636268926784396,0.7416668813675642,32.77183300815523,
9562,35.45233700424433,0.9721380192786455,34.353082068264484,
9563,33.793771173805,0.7543130777776241,32.916171941906214,
9564,33.239249140024185,0.748450867831707,32.368330052122474,
9565,36.06856684200466,0.7734019309282303,35.16971506178379,
9566,33.404926070943475,0.7457009050995111,32.538308994844556,
9567,33.56385906226933,0.7408189121633768,32.69995702430606,
9568,35.58138711377978,0.939980847761035,34.5166081096977,
9569,33.841590164229274,0.7637341041117907,32.961827935650945,
9570,33.22524088434875,0.7469849660992622,32.35479514114559,
9571,36.104443948715925,0.8538011461496353,35.12848983518779,
9572,33.414869802072644,0.7490059360861778,32.54259284585714,
9573,33.536081900820136,0.7466720417141914,32.65628986991942,
9574,35.44533206149936,0.9661000221967697,34.35534215532243,
9575,33.668696880340576,0.7561799138784409,32.7893381472677,
9576,33.11718604527414,0.7528520654886961,32.23984991200268,
9577,36.28398897126317,0.7490150164812803,35.41022585704923,
9578,33.27315510250628,0.7475509773939848,32.40186697803438,
9579,33.461004961282015,0.7402917835861444,32.5981630012393,
9580,35.62935395166278,0.8568400517106056,34.64968106709421,
9581,33.64855400286615,0.7497190963476896,32.776947831735015,
9582,33.12591998837888,0.74957893230021,32.25021110847592,
9583,36.149769090116024,0.7392761763185263,35.28787987306714,
9584,33.29903702251613,0.7507370319217443,32.42412302643061,
9585,33.44434918835759,0.7433400023728609,32.57525898516178,
9586,35.544319078326225,0.7736110128462315,34.64746498502791,
9587,33.70211413130164,0.7505880203098059,32.828782917931676,
9588,33.11901283450425,0.7473728619515896,32.24815311841667,
9589,35.6584710534662,0.7434049621224403,34.786541014909744,
9590,33.36706687696278,0.7443670183420181,32.50192804262042,
9591,33.048100071027875,0.7482171058654785,32.176902052015066,
9592,35.9468930400908,0.7414631545543671,35.07936093956232,
9593,33.176403027027845,0.7563750259578228,32.298345817252994,
9594,33.23141695000231,0.7453409489244223,32.36257005482912,
9595,35.74907104484737,0.759652117267251,34.86542985774577,
9596,33.37036003358662,0.7588909938931465,32.48344990424812,
9597,32.93995093554258,0.7419819012284279,32.077113166451454,
9598,35.8874280937016,0.743719981983304,35.01890995539725,
9599,33.32114079967141,0.747893936932087,32.45029202662408,
9600,33.205684972926974,0.7371308747678995,32.346206018701196,
9601,35.45783297158778,0.7447751704603434,34.58873787894845,
9602,34.0134990401566,0.7551750168204308,33.134430181235075,
9603,32.978338189423084,0.7494250312447548,32.10630198009312,
9604,35.73972498998046,0.7451209239661694,34.87164410762489,
9605,34.57399900071323,0.763133866712451,33.67858612909913,
9606,33.4335220977664,0.7539479993283749,32.55750797688961,
9607,35.913268104195595,0.7495200261473656,35.04190989769995,
9608,34.081049961969256,0.7528569549322128,33.203354105353355,
9609,33.28000381588936,0.7496329490095377,32.40820998325944,
9610,35.882645985111594,0.7482569199055433,35.01069615595043,
9611,33.93242391757667,0.7542960811406374,33.05549104698002,
9612,33.42298115603626,0.7549701258540154,32.54479495808482,
9613,35.48139217309654,0.9840449783951044,34.37372809275985,
9614,34.50483502820134,0.7535349577665329,33.62714406102896,
9615,33.20268215611577,0.7396410219371319,32.34067908488214,
9616,35.5396531522274,1.0838410817086697,34.32617289945483,
9617,34.37348990701139,0.7517959456890821,33.49888604134321,
9618,33.432000083848834,0.7459679618477821,32.51374000683427,
9619,35.07885802537203,1.0805909987539053,33.83589396253228,
9620,34.85147189348936,0.7510280702263117,33.97718979977071,
9621,33.674454083666205,0.7551971357315779,32.760928850620985,
9622,35.0883009377867,1.1342340148985386,33.817547140643,
9623,34.685277845710516,0.7550029549747705,33.80872798152268,
9624,33.5397960152477,0.7350831292569637,32.62958489358425,
9625,35.20703315734863,1.0969249997287989,33.97744195535779,
9626,34.3080279417336,0.7414389401674271,33.4398599807173,
9627,33.685585018247366,0.7548821158707142,32.79889584518969,
9628,35.18748912028968,1.0754100512713194,33.98125502280891,
9629,34.50679103843868,0.7402831688523293,33.64308294840157,
9630,33.53342297486961,0.7594581693410873,32.62305585667491,
9631,35.37680488079786,1.1017529759556055,34.145632991567254,
9632,34.174964064732194,0.7603310514241457,33.2912839949131,
9633,33.91434298828244,0.7531340233981609,33.02282397635281,
9634,35.17867508344352,1.114359125494957,33.933338010683656,
9635,34.36067304573953,0.7532031740993261,33.485078951343894,
9636,34.30309402756393,0.7469118572771549,33.41822512447834,
9637,35.10243399068713,1.1660030577331781,33.77280989661813,
9638,34.250142984092236,0.7509209681302309,33.373165875673294,
9639,34.9330329336226,0.7468170952051878,34.03340210206807,
9640,34.526644041761756,1.2086951173841953,33.18235697224736,
9641,34.19908694922924,0.7548988796770573,33.321780152618885,
9642,35.41023307479918,0.7497640326619148,34.499009838327765,
9643,34.45685817860067,1.2278640642762184,33.09710696339607,
9644,33.940518042072654,0.756814144551754,33.06026104837656,
9645,35.81368108280003,0.7384722121059895,34.89641286432743,
9646,34.29613099433482,1.1998680420219898,32.95688098296523,
9647,34.040522063151,0.754066975787282,33.1632848829031,
9648,34.096924122422934,0.7616558577865362,33.16869307309389,
9649,35.28460185043514,1.1073078494518995,34.040244994685054,
9650,33.918432891368866,0.7488781120628119,33.05004793219268,
9651,34.08935805782676,0.7533850148320198,33.18107686936855,
9652,35.2561860345304,1.0906360112130642,34.02780904434621,
9653,33.75571989454329,0.7465251255780458,32.87451388314366,
9654,33.931059995666146,0.7402109913527966,33.03905506618321,
9655,35.43031890876591,1.0998097714036703,34.18878512457013,
9656,33.9885710272938,0.7491118740290403,33.11555599793792,
9657,33.78569590859115,0.7502490188926458,32.86488610319793,
9658,35.688303178176284,1.0443690698593855,34.50593608431518,
9659,33.77615101635456,0.746601028367877,32.9056850168854,
9660,33.92644692212343,0.7565210107713938,33.00649207085371,
9661,35.32386803999543,1.0953398887068033,34.09951692447066,
9662,33.97398488596082,0.7385851349681616,33.11070497147739,
9663,33.708387054502964,0.7390060927718878,32.82508393749595,
9664,35.73012095876038,1.105237053707242,34.49269197881222,
9665,33.78620697185397,0.7535230834037066,32.91148389689624,
9666,33.93150516785681,0.7471488788723946,32.975242007523775,
9667,35.31824215315282,1.162810018286109,34.022714011371136,
9668,34.03537790291011,0.7583298720419407,33.15460216253996,
9669,33.49809697829187,0.7484517991542816,32.59529615752399,
9670,35.80439486540854,1.0940840002149343,34.580857027322054,
9671,33.58574421145022,0.7420110050588846,32.72018698044121,
9672,33.81696995347738,0.7509440183639526,32.90720912627876,
9673,35.405865870416164,1.0583121329545975,34.202662063762546,
9674,33.93438598141074,0.7584409322589636,33.05378812365234,
9675,33.43254700303078,0.7539310026913881,32.556516816839576,
9676,36.02002304978669,1.0196759831160307,34.87750794738531,
9677,33.58200704678893,0.762229086831212,32.695640809834,
9678,33.809847896918654,0.7446510717272758,32.89837087504566,
9679,35.34698789007962,1.0585279669612646,34.1412159614265,
9680,33.99538085795939,0.7614740170538425,33.10588700696826,
9681,33.37745810858905,0.7451178971678019,32.510681077837944,
9682,36.00422292947769,0.9821411222219467,34.8978778347373,
9683,33.58976892195642,0.7550159934908152,32.7091331128031,
9684,33.8301919400692,0.7549871224910021,32.91078796610236,
9685,35.20052507519722,1.1034549679607153,33.932475140318274,
9686,33.844021148979664,0.7440450135618448,32.97739499248564,
9687,33.32077991217375,0.7440901827067137,32.456701854243875,
9688,36.28694289363921,0.8222039323300123,35.337426932528615,
9689,33.3078820258379,0.7517361082136631,32.43230585940182,
9690,33.84227096103132,0.7427530363202095,32.89883094839752,
9691,35.3293230291456,1.0616299696266651,34.13655492477119,
9692,33.86657009832561,0.7396519649773836,33.005156088620424,
9693,33.34182687103748,0.7476392202079296,32.470486825332046,
9694,36.24425199814141,0.9296939242631197,35.191696137189865,
9695,33.279743045568466,0.7464778609573841,32.41104306653142,
9696,33.88334205374122,0.7527919951826334,32.94383501634002,
9697,35.321553936228156,1.0820520110428333,34.092725021764636,
9698,33.849521074444056,0.7545528933405876,32.9708328936249,
9699,33.33534603007138,0.7519288919866085,32.4595021083951,
9700,36.184787983074784,0.9018699638545513,35.15888098627329,
9701,32.49287814833224,0.7515009492635727,31.607671175152063,
9702,32.89065300486982,0.7524811662733555,32.01568592339754,
9703,35.163491033017635,0.7460818160325289,34.29185599088669,
9704,33.00904994830489,0.7559268269687891,32.126749167218804,
9705,32.49981696717441,0.7436180021613836,31.63413400761783,
9706,35.25309497490525,0.7493779994547367,34.37488595955074,
9707,32.72773511707783,0.7619981188327074,31.841428950428963,
9708,33.0074611119926,0.7519980426877737,32.13292500004172,
9709,34.619288984686136,0.7463421206921339,33.7473398540169,
9710,33.187567023560405,0.7537659257650375,32.30963693931699,
9711,32.50035201199353,0.7527810521423817,31.623831018805504,
9712,34.50288902968168,0.7467051036655903,33.63097202964127,
9713,32.72891486994922,0.7578080985695124,31.847954960539937,
9714,33.00795913673937,0.7473640143871307,32.13671501725912,
9715,33.526593120768666,0.7491640280932188,32.65386587008834,
9716,35.27460200712085,0.7639089599251747,34.38855102285743,
9717,33.098714193329215,0.7543701212853193,32.21031301654875,
9718,33.754320815205574,0.7551698945462704,32.875023083761334,
9719,36.182811949402094,0.7633781060576439,35.293048014864326,
9720,33.167344983667135,0.7435588631778955,32.30153094045818,
9721,33.933606930077076,0.736151123419404,33.073415979743004,
9722,35.4505639988929,0.7481789216399193,34.57603417336941,
9723,33.38272892870009,0.7523400709033012,32.5053499545902,
9724,33.811995992437005,0.7501249201595783,32.93866594322026,
9725,35.78454605303705,0.762399984523654,34.90121802315116,
9726,33.21261401288211,0.757759902626276,32.33173815533519,
9727,34.07823806628585,0.7441530469805002,33.20868290029466,
9728,35.44982289895415,0.766996992751956,34.557178849354386,
9729,33.38803397491574,0.7566341664642096,32.507180934771895,
9730,33.93209306523204,0.7509030401706696,33.05857698433101,
9731,35.64375499263406,0.7564700208604336,34.76594411768019,
9732,33.171548042446375,0.7523468229919672,32.29637397453189,
9733,34.358404111117125,0.7497528567910194,33.47300202585757,
9734,35.31722095794976,0.7539929356426001,34.440896939486265,
9735,33.60087797045708,0.7432159036397934,32.735345186665654,
9736,34.312919015064836,0.7533160969614983,33.435339108109474,
9737,35.46553384512663,0.7473859004676342,34.59452115930617,
9738,33.79836189560592,0.7582129910588264,32.915421994403005,
9739,34.72790215164423,0.7509489078074694,33.852305030450225,
9740,34.47485715150833,0.74728112667799,33.60433387570083,
9741,33.591155894100666,0.7544830441474915,32.71603211760521,
9742,34.589755116030574,0.7556250784546137,33.70818286202848,
9743,35.445800982415676,0.7560029625892639,34.567432943731546,
9744,33.32479693926871,0.7616309449076653,32.43678295984864,
9745,34.962456906214356,0.7740489672869444,34.06302398070693,
9746,34.728568978607655,0.7719488348811865,33.832689048722386,
9747,33.52283616550267,0.7507959380745888,32.64954802580178,
9748,34.9451769143343,0.7603189442306757,34.05872290022671,
9749,35.29809298925102,0.769247068092227,34.39374500885606,
9750,33.758393954485655,0.7572651375085115,32.87800797261298,
9751,35.64445790834725,0.7527160923928022,34.76936393417418,
9752,34.23135005868971,0.7801160681992769,33.3283799700439,
9753,33.73518097214401,0.7544050458818674,32.85732096992433,
9754,35.90880800038576,0.7552108727395535,35.0289021153003,
9755,34.069075947627425,0.7725250907242298,33.17380789667368,
9756,33.784617902711034,0.7512839511036873,32.90983894839883,
9757,36.264700815081596,0.7522818632423878,35.38972698152065,
9758,34.29997595958412,0.7675159722566605,33.41150190681219,
9759,33.72791898436844,0.749669037759304,32.856661127880216,
9760,36.47686401382089,0.7439719047397375,35.60684295371175,
9761,34.95685220696032,0.7502930238842964,34.087076084688306,
9762,33.84662792086601,0.7499251514673233,32.948144944384694,
9763,34.89672811701894,1.1619850993156433,33.58700894750655,
9764,35.44955188408494,0.7765600457787514,34.55043095164001,
9765,33.97150384262204,0.7659399416297674,33.04272796958685,
9766,34.82822119258344,1.1446818243712187,33.53919298388064,
9767,36.10439691692591,0.812178011983633,35.16583004966378,
9768,34.10121891647577,0.8177340496331453,33.133088843896985,
9769,34.46441586129367,1.2794930953532457,33.052471932023764,
9770,34.281739965081215,0.7854870054870844,33.36878097616136,
9771,33.93638809211552,0.7670018821954727,33.01483020186424,
9772,35.21713288500905,1.1404789984226227,33.92322896979749,
9773,34.14130490273237,0.7796408608555794,33.236410934478045,
9774,34.01855588890612,0.7792611140757799,33.09129201807082,
9775,35.467728972435,1.1634009424597025,34.17355916462839,
9776,34.09746801480651,0.781207112595439,33.19581993855536,
9777,34.01725413277745,0.7602348923683167,33.11648592352867,
9778,35.572965862229466,1.1328170076012611,34.28308805450797,
9779,34.07253115437925,0.7784171029925346,33.17331802099943,
9780,34.09307007677853,0.7986079435795546,33.140335930511355,
9781,35.25657905265689,1.1444790288805962,33.900263952091336,
9782,33.53608399629593,0.7686368189752102,32.645079074427485,
9783,33.75192801468074,0.7747320923954248,32.85204689018428,
9784,35.6476828455925,1.0839409660547972,34.44350394420326,
9785,33.88643218204379,0.7747150957584381,32.966535072773695,
9786,33.74511981382966,0.9151329286396503,32.689549028873444,
9787,35.94248299486935,1.171746989712119,34.625245025381446,
9788,33.69503002613783,0.8322650101035833,32.73543599061668,
9789,33.80170091986656,0.8169871289283037,32.83977578394115,
9790,35.588484024629,1.181154977530241,34.275896148756146,
9791,33.88706292025745,0.800485024228692,32.95856388285756,
9792,33.53491798043251,0.8039930835366249,32.60558191686869,
9793,35.95008794218302,1.0852660052478313,34.74136581644416,
9794,33.65187393501401,0.8094811346381903,32.717010006308556,
9795,33.806608989834785,0.8098578546196222,32.80954412184656,
9796,35.61364789493382,1.1502541601657867,34.32702785357833,
9797,33.747025998309255,0.8091770578175783,32.803916139528155,
9798,33.444965025410056,0.7961010560393333,32.525016926229,
9799,36.09668998979032,0.9812437929213047,34.99121614731848,
9800,33.41430006548762,0.794311985373497,32.50072803348303,
9801,33.664554823189974,0.7632679771631956,32.7773520257324,
9802,35.70386301726103,1.0202981065958738,34.55770690925419,
9803,33.65892288275063,0.7826031651347876,32.74458087980747,
9804,33.440808998420835,0.7791260723024607,32.53756300546229,
9805,36.176712019369006,0.9245539549738169,35.12688702903688,
9806,33.44437200576067,0.7869449909776449,32.532301964238286,
9807,33.69396994821727,0.7666849996894598,32.80102997086942,
9808,35.68849619477987,0.9861248545348644,34.57501414231956,
9809,33.683522837236524,0.7861719932407141,32.77383395470679,
9810,33.40187598951161,0.7684370502829552,32.509421929717064,
9811,36.11990297213197,0.8818360511213541,35.115302074700594,
9812,33.45403983257711,0.7696209941059351,32.560375053435564,
9813,33.42030616477132,0.7794881239533424,32.506956020370126,
9814,35.53734696470201,0.9105908684432507,34.502872033044696,
9815,33.496216870844364,0.7653378415852785,32.608692068606615,
9816,33.217302057892084,0.7608809974044561,32.333899987861514,
9817,36.20171104557812,0.7466720417141914,35.325841046869755,
9818,33.199202036485076,0.7611210457980633,32.31359808705747,
9819,33.422884065657854,0.7692968938499689,32.53197390586138,
9820,35.835816990584135,0.7519370410591364,34.9595679435879,
9821,33.42870599590242,0.7693818770349026,32.53562608733773,
9822,33.177901059389114,0.7533431053161621,32.301470870152116,
9823,36.212564911693335,0.7539989892393351,35.33509303815663,
9824,33.211897825822234,0.768240075558424,32.31877903454006,
9825,33.462380059063435,0.7574521005153656,32.58214797824621,
9826,35.84324801340699,0.7467109244316816,34.971195040270686,
9827,33.38439506478608,0.7504608947783709,32.51117700710893,
9828,33.25076098553836,0.7544138934463263,32.37320203334093,
9829,36.04008303955197,0.7621711120009422,35.143028013408184,
9830,32.92828192934394,0.7566087879240513,32.04705915413797,
9831,33.305173041298985,0.7498511113226414,32.42600988596678,
9832,35.58520297519863,0.7477398030459881,34.71223218366504,
9833,33.30334881320596,0.7647948805242777,32.41621609777212,
9834,32.949703047052026,0.7582320831716061,32.069985987618566,
9835,35.93870298936963,0.7520390208810568,35.062842071056366,
9836,32.95431309379637,0.7585289422422647,32.07194316200912,
9837,33.32574502564967,0.7676491513848305,32.43456105701625,
9838,35.50665103830397,0.7572951726615429,34.626015927642584,
9839,33.33628294058144,0.7571701426059008,32.45527087710798,
9840,32.9528299625963,0.7634658832103014,32.06603694707155,
9841,35.77750199474394,0.7467509713023901,34.90622597746551,
9842,32.929846085608006,0.769641948863864,32.0348939858377,
9843,33.32610195502639,0.7566898129880428,32.445742981508374,
9844,35.30015307478607,0.7537710480391979,34.41880689933896,
9845,33.15660008229315,0.7715190295130014,32.25093404762447,
9846,33.64994493313134,0.7539230864495039,32.773083075881004,
9847,35.4231339879334,0.7423427887260914,34.554735058918595,
9848,33.72524701990187,0.7739730644971132,32.827498856931925,
9849,33.256669994443655,0.7599750533699989,32.3743128683418,
9850,35.62058205716312,0.7567610591650009,34.74110714159906,
9851,33.47338596358895,0.7544949185103178,32.59539604187012,
9852,33.71703391894698,0.7585370913147926,32.83511498011649,
9853,35.41465103626251,0.7537198252975941,34.536042949184775,
9854,33.90532499179244,0.76475297100842,33.01906096749008,
9855,33.30713207833469,0.7681939750909805,32.412071945145726,
9856,35.759368911385536,0.7575179915875196,34.877944039180875,
9857,33.474958036094904,0.7686479948461056,32.583544962108135,
9858,33.653387101367116,0.7517221383750439,32.77880186215043,
9859,35.48113000579178,0.7512872107326984,34.60443485528231,
9860,33.86196191422641,0.7659750990569592,32.97242196276784,
9861,33.542211167514324,0.7546700071543455,32.65348798595369,
9862,35.79516592435539,0.7504289969801903,34.92014482617378,
9863,33.74679898843169,0.7648719474673271,32.859127037227154,
9864,33.58720592223108,0.75682089664042,32.7030741609633,
9865,36.00434586405754,0.7515468169003725,35.12055100873113,
9866,33.745100954547524,0.7553012110292912,32.867236994206905,
9867,33.56534196063876,0.7719830609858036,32.67001896165311,
9868,36.065383115783334,0.7576209027320147,35.18351400271058,
9869,33.5499020293355,0.7643369026482105,32.662431010976434,
9870,33.583628945052624,0.7413509301841259,32.71802212111652,
9871,36.20730899274349,0.767068937420845,35.31763795763254,
9872,33.627565018832684,0.7569058798253536,32.7478451654315,
9873,33.564100973308086,0.7554409094154835,32.68312197178602,
9874,36.29062091931701,0.7552700117230415,35.40773317217827,
9875,33.56585302390158,0.7638931274414062,32.67902182415128,
9876,33.69030589237809,0.7587878499180079,32.80894295312464,
9877,35.928725032135844,0.9446588810533285,34.85090704634786,
9878,33.701309002935886,0.7727630436420441,32.803781097754836,
9879,33.66956696845591,0.7604931015521288,32.78574300929904,
9880,35.83005117252469,1.1368771083652973,34.56861083395779,
9881,33.69347401894629,0.7843601051717997,32.785709016025066,
9882,33.7865580804646,0.8191019296646118,32.812752993777394,
9883,35.71405098773539,1.094725914299488,34.48674106039107,
9884,33.71353400871158,0.7680419366806746,32.81876305118203,
9885,33.660816960036755,0.7798220030963421,32.75656700134277,
9886,35.79770401120186,1.084434799849987,34.587923204526305,
9887,33.675982151180506,0.7495079189538956,32.80515410006046,
9888,33.72319112531841,0.7501649670302868,32.83076104708016,
9889,35.65984289161861,1.0662151034921408,34.44720106199384,
9890,33.71833194978535,0.7737448904663324,32.822246896103024,
9891,33.649385906755924,0.7570511661469936,32.76955080218613,
9892,35.774558084085584,1.0753360111266375,34.57508608698845,
9893,33.741330029442906,0.774080166593194,32.83303789794445,
9894,33.986690919846296,0.7479148916900158,33.07907795533538,
9895,35.53776117041707,1.0990970768034458,34.30959698744118,
9896,33.99426699616015,0.7542271632701159,33.11631386168301,
9897,33.88288221322,0.7643790449947119,32.953938003629446,
9898,35.67851195111871,1.1544658336788416,34.39198504202068,
9899,33.74116006307304,0.7544988766312599,32.85826719366014,
9900,33.97131385281682,0.7504718378186226,33.05669710971415,
9901,35.42152093723416,1.109597971662879,34.17602903209627,
9902,33.95358007401228,0.7502580992877483,33.08191895484924,
9903,33.817042130976915,0.7554248441010714,32.91681315749884,
9904,35.66861595027149,1.1188520584255457,34.40368687734008,
9905,33.76388689503074,0.7490320131182671,32.893018098548055,
9906,33.978719962760806,0.7549780420958996,33.06746785528958,
9907,35.43167095631361,1.1276139412075281,34.16216094046831,
9908,33.928503980860114,0.7526208646595478,33.05267496034503,
9909,33.74152979813516,0.7456238381564617,32.82581316307187,
9910,35.693005891516805,1.0855388827621937,34.47733796201646,
9911,33.69170008227229,0.7607531733810902,32.80522394925356,
9912,33.95160287618637,0.7501428481191397,33.053659135475755,
9913,35.41183308698237,1.1516790837049484,34.128584899008274,
9914,33.99694990366697,0.7616949733346701,33.11178297735751,
9915,33.677845960482955,0.7484038360416889,32.78585406951606,
9916,35.82769492641091,1.0636020451784134,34.61895091459155,
9917,33.66681607440114,0.7554260082542896,32.78783801943064,
9918,33.952235942706466,0.7553000468760729,33.05912506766617,
9919,35.42315820232034,1.1201868765056133,34.143460216000676,
9920,33.9324539527297,0.7510071154683828,33.05798699147999,
9921,33.75788684934378,0.7428398821502924,32.82845509238541,
9922,35.80818488262594,1.0983871761709452,34.578245831653476,
9923,33.72624283656478,0.7586530409753323,32.84352691844106,
9924,34.00181303732097,0.7578579243272543,33.075863029807806,
9925,34.909258829429746,1.1442429386079311,33.62569306045771,
9926,33.54902402497828,0.7577328942716122,32.668431056663394,
9927,33.20899396203458,0.7470250129699707,32.33845392242074,
9928,36.222601076588035,0.7492811419069767,35.355140920728445,
9929,33.20340998470783,0.7538709323853254,32.325312960892916,
9930,33.54275296442211,0.760264927521348,32.66022796742618,
9931,35.70977505296469,0.8765049278736115,34.70932901836932,
9932,33.574440982192755,0.7621808908879757,32.689612125977874,
9933,33.225162187591195,0.760671915486455,32.342175021767616,
9934,36.17745009250939,0.7558739744126797,35.297265043482184,
9935,33.299210015684366,0.7609641179442406,32.41493692621589,
9936,33.54540420696139,0.7527419365942478,32.66703593544662,
9937,35.62591294758022,0.9157678578048944,34.58471596240997,
9938,33.58046407811344,0.7661490235477686,32.689637038856745,
9939,33.305787947028875,0.7469968404620886,32.43483719415963,
9940,36.133999936282635,0.8183529134839773,35.1918030064553,
9941,33.23862096294761,0.7521389052271843,32.352139009162784,
9942,33.55832886882126,0.7567820139229298,32.63160213828087,
9943,35.568256163969636,0.9556158911436796,34.47743598371744,
9944,33.49378006532788,0.769119942560792,32.60019002482295,
9945,33.15576212480664,0.7622989360243082,32.251226948574185,
9946,36.229799035936594,0.9513909462839365,35.149015951901674,
9947,33.180434955284,0.7632100023329258,32.29449992068112,
9948,33.52537611499429,0.7567929569631815,32.627242151647806,
9949,35.665408009663224,0.9736709762364626,34.55953416414559,
9950,33.393823774531484,0.7438091561198235,32.52533101476729,
9951,33.20336411707103,0.7451570127159357,32.30723598971963,
9952,36.024037981405854,0.975034898146987,34.91840907372534,
9953,33.22465205565095,0.7886199746280909,32.30780782178044,
9954,33.50066184066236,0.7646300364285707,32.55899390205741,
9955,35.79473891295493,0.9975479915738106,34.655140014365315,
9956,33.42398605309427,0.7634500507265329,32.53391711041331,
9957,32.758114859461784,0.7785281632095575,31.780284829437733,
9958,35.82887398079038,0.9727650322020054,34.72178382799029,
9959,32.69864502362907,0.7586590945720673,31.819329829886556,
9960,33.239955082535744,0.7478450424969196,32.36765414476395,
9961,35.27037217281759,0.9395508095622063,34.205523086711764,
9962,33.144530141726136,0.7495179306715727,32.26424194872379,
9963,32.73326181806624,0.8365518879145384,31.7719338927418,
9964,35.98186117596924,0.7877128664404154,35.06903606466949,
9965,32.94076002202928,0.7743500173091888,32.04251197166741,
9966,33.28235517255962,0.7620858959853649,32.396021066233516,
9967,34.63204996660352,0.7604819256812334,33.74751401133835,
9968,33.12363103032112,0.7560309022665024,32.24470908753574,
9969,32.62033616192639,0.7519498467445374,31.74538305029273,
9970,34.84789002686739,0.7515209726989269,33.97345403209329,
9971,32.67340478487313,0.7634460926055908,31.77932696416974,
9972,33.1646678969264,0.7665550801903009,32.27542480453849,
9973,34.62222102098167,0.7581620011478662,33.728959038853645,
9974,32.96135296113789,0.7539410144090652,32.08309900946915,
9975,33.134813187643886,0.7527968846261501,32.25924517028034,
9976,34.23853893764317,0.7465530652552843,33.36819703690708,
9977,33.14440418034792,0.7626870647072792,32.25935692898929,
9978,33.33729086443782,0.7584060076624155,32.45569998398423,
9979,33.73855818063021,0.7507211994379759,32.86861791275442,
9980,33.54523703455925,0.7537950295954943,32.66704105772078,
9981,33.156514866277575,0.7525288965553045,32.280210172757506,
9982,33.48046983592212,0.7522499654442072,32.600656151771545,
9983,33.423753920942545,0.78037497587502,32.520856941118836,
9984,33.33409107290208,0.7646100129932165,32.446870813146234,
9985,34.18843308463693,0.7472930010408163,33.31673098728061,
9986,33.560334937646985,0.7490168791264296,32.68740605562925,
9987,33.147820038720965,0.7612810004502535,32.263428904116154,
9988,35.41864920407534,0.7640228141099215,34.53163104131818,
9989,33.76413299702108,0.7499710191041231,32.87835093215108,
9990,33.64389087073505,0.7711718790233135,32.74887101724744,
9991,35.16001510433853,0.7677949033677578,34.26964208483696,
9992,33.92552491277456,0.7583799306303263,33.03989511914551,
9993,33.47669402137399,0.7547559216618538,32.599800964817405,
9994,34.95646617375314,0.7525018882006407,34.08218896947801,
9995,33.87149493210018,0.7766720373183489,32.97183592803776,
9996,33.69018994271755,0.7439441978931427,32.82334981486201,
9997,34.57443695515394,0.758741982281208,33.69132801890373,
9998,34.31527107022703,0.7612698245793581,33.42798515222967,
9999,33.493563067168,0.7599249947816133,32.60894492268562,
10000,34.755576169118285,0.7568420842289925,33.86811399832368,
10001,35.05688696168363,0.7551251910626888,34.177451860159636,
10002,33.65132003091276,0.7504960522055626,32.77609194628894,
10003,33.99868216365576,0.7751800585538149,33.099520951509476,
10004,35.655306885018945,0.7602369878441095,34.771621925756335,
10005,33.71446602977812,0.7546572014689445,32.82454586587846,
10006,34.48182693682611,0.7684770971536636,33.58869184739888,
10007,35.04062304273248,0.7593240588903427,34.15691386908293,
10008,33.824127865955234,0.7555440533906221,32.945829909294844,
10009,34.90503481589258,0.7598150987178087,34.02294497936964,
10010,34.619054989889264,0.7597832009196281,33.73595094308257,
10011,33.71269814670086,0.7461898494511843,32.84405008889735,
10012,35.1872518658638,0.7577610667794943,34.305870067328215,
10013,34.393907990306616,0.7535121403634548,33.51653483696282,
10014,33.795671071857214,0.7578770164400339,32.91245014406741,
10015,35.70050187408924,0.7767749484628439,34.79938209056854,
10016,34.391473047435284,0.773577019572258,33.49297889508307,
10017,33.8127959985286,0.8281341288238764,32.827313989400864,
10018,35.035673063248396,0.9475459810346365,33.959364984184504,
10019,34.22928787767887,0.7672151550650597,33.338777953758836,
10020,33.83906790986657,0.7553689647465944,32.914272043854,
10021,35.77202302403748,1.011714804917574,34.61078321561217,
10022,34.20354798436165,0.7530089933425188,33.325767843052745,
10023,33.924530958756804,0.7546271663159132,33.01971103064716,
10024,35.7712390832603,0.8913010824471712,34.73869198933244,
10025,34.135306952521205,0.7565638516098261,33.253937028348446,
10026,33.94231200218201,0.7502869702875614,33.06664084084332,
10027,34.58943893201649,0.8850041776895523,33.5804580245167,
10028,34.2247171793133,0.7628619205206633,33.337460132315755,
10029,33.88443891890347,0.7537549827247858,33.00682222470641,
10030,34.38665019348264,0.8820460643619299,33.38040201924741,
10031,34.147635102272034,0.7556341588497162,33.26857998035848,
10032,34.03060603886843,0.7569838780909777,33.14689011313021,
10033,34.30608497001231,0.8886500727385283,33.293048851192,
10034,34.24508706666529,0.7635941728949547,33.356319880113006,
10035,33.90967100858688,0.749936094507575,33.03493489511311,
10036,34.3909440562129,0.8801089134067297,33.388176932930946,
10037,33.99203787557781,0.7644190918654203,33.09215302579105,
10038,33.64613908343017,0.7654181681573391,32.75482193566859,
10039,34.39945704303682,0.8864998817443848,33.383597154170275,
10040,34.17737106792629,0.7616688963025808,33.291841158643365,
10041,33.72430591844022,0.7656710222363472,32.83800580538809,
10042,34.56733585335314,0.9010110516101122,33.542264020070434,
10043,34.54959578812122,0.7613368798047304,33.66602398455143,
10044,33.6713760625571,0.7561929523944855,32.786249881610274,
10045,34.17634894140065,0.8924610447138548,33.160038059577346,
10046,35.316310822963715,0.7541219238191843,34.43824918940663,
10047,33.67549413815141,0.7552560418844223,32.79621386900544,
10048,33.978626830503345,0.8935430087149143,32.961071934551,
10049,35.51065502688289,0.7598451338708401,34.62805598974228,
10050,33.67377002723515,0.7659459952265024,32.783943926915526,
10051,33.83310395292938,0.8880270179361105,32.822109991684556,
10052,35.633882973343134,0.7604318670928478,34.748589154332876,
10053,33.65187416784465,0.7497731130570173,32.76632586494088,
10054,33.46185199916363,0.8928049355745316,32.44149801321328,
10055,35.64646118320525,0.7510019931942225,34.7723001614213,
10056,33.35152892395854,0.7559771183878183,32.473133876919746,
10057,33.71126297861338,0.8984878659248352,32.68844401463866,
10058,35.5686959810555,0.7624118588864803,34.6820701379329,
10059,33.582373056560755,0.7572229951620102,32.700504874810576,
10060,33.49352115765214,0.8772560395300388,32.49064809642732,
10061,35.97598895430565,0.7666309829801321,35.08598799817264,
10062,33.33030198700726,0.7502760272473097,32.45505108498037,
10063,33.74624508433044,0.8800129871815443,32.74296200834215,
10064,35.516141913831234,0.7572020404040813,34.632463939487934,
10065,33.62109884619713,0.7447099778801203,32.751645194366574,
10066,33.500755205750465,0.8808269631117582,32.4961410369724,
10067,35.862710094079375,0.7626288570463657,34.970493987202644,
10068,33.41560997068882,0.7815388962626457,32.511896919459105,
10069,33.632323844358325,0.7680950220674276,32.72985410876572,
10070,35.55751289241016,0.7519498467445374,34.681593999266624,
10071,33.44786097295582,0.7664288859814405,32.55999297834933,
10072,33.48509292118251,0.7551719900220633,32.60556817986071,
10073,35.93583614565432,0.7571708410978317,35.05049995146692,
10074,33.3017089869827,0.7638160604983568,32.41466195322573,
10075,33.573555992916226,0.7568611763417721,32.69269899465144,
10076,35.68709106184542,0.755316810682416,34.80749321170151,
10077,33.45559514127672,0.757371075451374,32.57479099556804,
10078,33.415456069633365,0.761678908020258,32.525994116440415,
10079,35.94858502037823,0.7616640068590641,35.06255499087274,
10080,33.297760877758265,0.748838996514678,32.425547018647194,
10081,33.598453970626,0.7517971098423004,32.7237700112164,
10082,35.667977994307876,0.7530590519309044,34.79244094341993,
10083,33.46447413787246,0.7657180540263653,32.57658984512091,
10084,33.290772000327706,0.7420619949698448,32.42513700388372,
10085,35.796877928078175,0.765244010835886,34.8953849170357,
10086,33.052970888093114,0.7507610134780407,32.17854001559317,
10087,33.28170417807996,0.7603659760206938,32.39801689051092,
10088,35.54677893407643,0.7521521765738726,34.67100393027067,
10089,33.3998401183635,0.7530469447374344,32.523622969165444,
10090,32.929942943155766,0.7531510200351477,32.05376514233649,
10091,35.76266299933195,0.767506891861558,34.87287205643952,
10092,33.11491501517594,0.7590160239487886,32.23198000341654,
10093,33.261741045862436,0.756230903789401,32.38092618994415,
10094,35.48418590798974,0.7561829406768084,34.60492007434368,
10095,33.32573804073036,0.7598400115966797,32.44098601862788,
10096,32.94405713677406,0.7692440412938595,32.05044684000313,
10097,35.50842287950218,0.7555889897048473,34.63019500486553,
10098,32.96691901050508,0.7530420552939177,32.09041082300246,
10099,33.312223851680756,0.7609880995005369,32.4285589158535,
10100,35.067472839728,0.7438361644744873,34.20025599189103,
10101,33.57193502597511,0.7573131006211042,32.6858670450747,
10102,33.8521299418062,0.7620060350745916,32.967053120955825,
10103,35.37129797041416,0.7593589834868908,34.48886191472411,
10104,33.70711184106767,0.759823014959693,32.82371908426285,
10105,33.5894119925797,0.7699490524828434,32.69530995748937,
10106,35.71632690727711,0.7554930634796619,34.83684011735022,
10107,33.62237592227757,0.7460508495569229,32.754075014963746,
10108,33.714496064931154,0.7618239615112543,32.828533090651035,
10109,35.50345916301012,0.7582209073007107,34.6184941008687,
10110,33.88698794879019,0.74972421862185,33.01523393020034,
10111,33.47602509893477,0.7557880599051714,32.59812691248953,
10112,35.8183397911489,0.7591210305690765,34.93631700985134,
10113,34.09095201641321,0.7500660140067339,33.21640007197857,
10114,33.70686713606119,0.7711248472332954,32.808061921969056,
10115,35.95231915824115,0.7501270156353712,35.078214947134256,
10116,34.920013044029474,0.7493868470191956,34.04631302691996,
10117,34.683485981076956,0.7615000940859318,32.845818903297186,
10118,35.84279795177281,1.4541640412062407,34.2476440127939,
10119,35.54955497384071,0.754036009311676,34.66253401711583,
10120,33.788692904636264,0.758135924115777,32.90698793716729,
10121,34.23599316738546,0.7701159920543432,33.34821807220578,
10122,35.80984496511519,0.7593920454382896,34.926742082461715,
10123,37.154674995690584,0.7627441082149744,36.271272925660014,
10124,33.944149035960436,0.7616039365530014,33.0546461045742,
10125,36.526945885270834,0.7569261360913515,35.647128941491246,
10126,35.05009692162275,0.7636439986526966,34.16377701796591,
10127,33.61527808010578,0.7610190659761429,32.731713028624654,
10128,35.29378189705312,0.7650838233530521,34.40566500648856,
10129,33.81001204252243,0.7541938684880733,32.933237962424755,
10130,35.75991094112396,0.7583091501146555,34.303616965189576,
10131,34.82625400647521,0.909243943169713,33.79161609336734,
10132,33.790507121011615,0.7544928230345249,32.91327110491693,
10133,33.81104487925768,0.7631860207766294,32.89516502991319,
10134,38.030155934393406,0.9106469806283712,36.98847210034728,
10135,33.81139598786831,0.7556399796158075,32.9337720759213,
10136,34.210609970614314,0.7664200384169817,33.31859991885722,
10137,36.882210057228804,0.8871711324900389,35.52752290852368,
10138,35.74191709049046,2.0242941100150347,33.59049092978239,
10139,33.7837440893054,0.7585480343550444,32.9072221647948,
10140,35.01670295372605,0.7605480495840311,34.12987291812897,
10141,34.6619519405067,0.7604630663990974,33.4583839867264,
10142,37.12039580568671,3.931795945391059,33.054363913834095,
10143,33.93225301988423,0.7658170070499182,33.043691888451576,
10144,33.912617014721036,0.753781059756875,33.036259934306145,
10145,33.8173140771687,0.7649019826203585,32.929694978520274,
10146,34.027595072984695,0.7744529284536839,33.13011792488396,
10147,33.821041928604245,0.7651920896023512,32.934177899733186,
10148,33.920248970389366,0.7663138676434755,33.03236095234752,
10149,34.133757930248976,0.7722289301455021,33.22846791706979,
10150,34.00972601957619,0.760603928938508,33.12645107507706,
10151,33.96914107725024,0.7615890353918076,33.08383491821587,
10152,34.11623486317694,0.7521170191466808,33.24096696451306,
10153,34.04571418650448,0.7663958240300417,33.15713116899133,
10154,33.95830700173974,0.7658230606466532,33.07054680772126,
10155,34.1282410081476,0.7574851624667645,33.24914793483913,
10156,33.95923203788698,0.7507139816880226,33.08450896292925,
10157,34.02781905606389,0.7684540469199419,33.13761996105313,
10158,34.13410694338381,0.7619911339133978,33.249728847295046,
10159,34.003617009148,0.7536590564996004,33.126665046438575,
10160,34.002454951405525,0.7635350339114666,33.11485308222473,
10161,34.06065609306097,0.7673830259591341,33.166749170050025,
10162,33.99454616010189,0.7479880005121231,33.12046197243035,
10163,33.97994791157544,0.7515260949730873,33.09550601989031,
10164,34.114758018404245,0.7569198496639729,33.2357850857079,
10165,33.81829406134784,0.7596199866384268,32.92510309256613,
10166,33.91519095748663,0.7505768444389105,33.04035309702158,
10167,33.90981489792466,0.7547470740973949,33.033560030162334,
10168,33.93079387024045,0.7560369558632374,33.053775085136294,
10169,33.79532881081104,0.7605110295116901,32.913628965616226,
10170,34.18610291555524,0.7626330479979515,33.30215881578624,
10171,33.78846705891192,0.7629739120602608,32.90227195248008,
10172,33.96759810857475,0.7710778154432774,33.072977093979716,
10173,34.073602175340056,0.7627720478922129,33.190210815519094,
10174,33.934929175302386,0.7679560221731663,33.04225183092058,
10175,33.81189005449414,0.7697120308876038,32.91914192959666,
10176,34.284061985090375,0.7688601035624743,33.39257184416056,
10177,33.80281990393996,0.7687830366194248,32.913072034716606,
10178,33.95293978974223,0.7657590322196484,33.06505410000682,
10179,34.445718163624406,0.7560781668871641,33.56692986562848,
10180,33.953706035390496,0.7613338530063629,33.0699582118541,
10181,33.67222798988223,0.7550101727247238,32.78452786616981,
10182,34.82836904004216,0.7566041313111782,33.95049390383065,
10183,33.69516017846763,0.7673469372093678,32.804897986352444,
10184,33.96296314895153,0.7449761033058167,33.091902965679765,
10185,34.396238857880235,0.7501519285142422,33.52347109466791,
10186,33.92500802874565,0.756456982344389,33.0460648983717,
10187,33.68478617630899,0.7685709279030561,32.79325622133911,
10188,34.97575409710407,0.7431712001562119,34.10603082738817,
10189,33.673886908218265,0.7534010801464319,32.797835068777204,
10190,33.89622108079493,0.761908944696188,33.01141690462828,
10191,34.47853191755712,0.7583219558000565,33.597100991755724,
10192,33.93882396630943,0.7504899986088276,33.07049605064094,
10193,33.69292709976435,0.7516390178352594,32.81825082376599,
10194,34.98985106125474,0.7654230576008558,34.10283196717501,
10195,33.673124853521585,0.7690279744565487,32.781813060864806,
10196,33.95775402896106,0.7600490935146809,33.0751771107316,
10197,34.28203612565994,0.7694670930504799,33.37912308052182,
10198,33.621410839259624,0.7649909239262342,32.731495099142194,
10199,33.58771908096969,0.7802208419889212,32.682531978935,
10200,35.14374210499227,0.7711760699748993,34.25492695532739,
10201,33.54895091615617,0.7653918582946062,32.66025404445827,
10202,33.81811920553446,0.7651580963283777,32.92834199965,
10203,34.91913480684161,0.7689048070460558,34.02774198912084,
10204,33.64059212617576,0.7584909908473492,32.75385103188455,
10205,33.80107693374157,0.7570290472358465,32.92011795565486,
10206,34.80135789141059,0.7587450090795755,33.91890088096261,
10207,33.54381397366524,0.7598199881613255,32.65696205198765,
10208,33.85453508235514,0.7691709324717522,32.962690107524395,
10209,34.876953810453415,0.7553508039563894,33.99893711321056,
10210,33.594612032175064,0.760404858738184,32.71060902625322,
10211,33.78994599916041,0.7618600502610207,32.905525993555784,
10212,34.87974707968533,0.7581750396639109,33.99814199656248,
10213,33.129435032606125,0.7715639658272266,32.224179012700915,
10214,33.57124398462474,0.7712331134825945,32.678091898560524,
10215,34.93628790602088,0.7660668343305588,34.046984976157546,
10216,33.35415502078831,0.7584900595247746,32.46823395602405,
10217,33.348610159009695,0.7956211920827627,32.429655781015754,
10218,35.53284588269889,0.7625729776918888,34.646057058125734,
10219,33.06266898289323,0.756740802899003,32.18079311773181,
10220,33.56462996453047,0.7542229723185301,32.688300125300884,
10221,35.09579598903656,0.779193826019764,34.19242100790143,
10222,33.33747200667858,0.7630819454789162,32.450727885589004,
10223,33.41214801184833,0.7583140395581722,32.5318668037653,
10224,35.232523921877146,0.7573198527097702,34.348545130342245,
10225,33.109016017988324,0.7642759010195732,32.218242064118385,
10226,34.1766991186887,0.7647108286619186,33.28815405257046,
10227,34.993849927559495,0.7526699919253588,34.11749005317688,
10228,33.31333491951227,0.7579340599477291,32.43240900337696,
10229,34.88513198681176,0.7670649792999029,33.98297796957195,
10230,34.297688864171505,0.7575037889182568,33.416830003261566,
10231,33.76049501821399,0.7542688399553299,32.88458404131234,
10232,35.19136807881296,0.7571429014205933,34.308951115235686,
10233,34.13157816976309,0.759767834097147,33.247374230995774,
10234,33.304630080237985,0.7572819013148546,32.421994023025036,
10235,36.085163010284305,0.7715111132711172,35.19024606794119,
10236,33.54453295469284,0.7730061188340187,32.64871798455715,
10237,33.806212013587356,0.7735071703791618,32.90999191813171,
10238,35.284355049952865,0.7616258226335049,34.39867007546127,
10239,33.921548863872886,0.7593100890517235,33.039707923308015,
10240,33.343773102387786,0.77024195343256,32.450557919219136,
10241,36.09692514874041,0.7506499532610178,35.22450407035649,
10242,33.43453211709857,0.7569000590592623,32.555500976741314,
10243,33.8167529553175,0.759403919801116,32.9357439186424,
10244,35.25338205508888,0.7621480617672205,34.368282882496715,
10245,34.111060900613666,0.7611429318785667,33.217130927369,
10246,33.2415581215173,0.7541249506175518,32.365079037845135,
10247,36.16083390079439,0.7495682220906019,35.28714785352349,
10248,33.37168111465871,0.7728100754320621,32.476405845955014,
10249,33.985238056629896,0.7683439180254936,33.09404803439975,
10250,34.965554950758815,0.7701728027313948,34.071220085024834,
10251,34.056914038956165,0.7725819014012814,33.15997100435197,
10252,33.3418280351907,0.7931678555905819,32.42257493548095,
10253,36.343900952488184,0.7695518434047699,35.45149904675782,
10254,33.37606298737228,0.7646807935088873,32.488402212038636,
10255,33.996486105024815,0.7660097908228636,33.109931042417884,
10256,35.3363030590117,0.7667150348424911,34.44664506241679,
10257,34.05911102890968,0.7440631743520498,33.19275286048651,
10258,33.30653486773372,0.7630349136888981,32.421023119241,
10259,36.019884049892426,0.7632090710103512,35.13389406725764,
10260,33.38904888369143,0.7661799900233746,32.499925000593066,
10261,33.958659041672945,0.7550930604338646,33.070028061047196,
10262,35.473331809043884,0.7684789597988129,34.580990904942155,
10263,34.121643053367734,0.7612549234181643,33.238162053748965,
10264,33.69071800261736,0.7600081153213978,32.807582058012486,
10265,35.678674932569265,0.7607459556311369,34.79600604623556,
10266,33.793474081903696,0.7606660947203636,32.90990088135004,
10267,33.9917850214988,0.7687401957809925,33.099636901170015,
10268,35.07100185379386,0.7610700558871031,34.18665402568877,
10269,34.02865305542946,0.7689599879086018,33.135646022856236,
10270,33.7190858554095,0.7821139879524708,32.81414904631674,
10271,35.757957957684994,0.7714468520134687,34.86260096542537,
10272,33.68291491642594,0.766111072152853,32.79393492266536,
10273,34.008981892839074,0.7551559247076511,33.136958023533225,
10274,35.135970916599035,0.7573280017822981,34.25694885663688,
10275,33.9541130233556,0.7464068476110697,33.086745999753475,
10276,33.703657099977136,0.7545740809291601,32.82318287529051,
10277,35.92197597026825,0.7776748389005661,35.01018509268761,
10278,33.87869196012616,0.777810113504529,32.977059949189425,
10279,33.986109076067805,0.7669290062040091,33.096861094236374,
10280,35.78148200176656,0.7694601081311703,34.88723002374172,
10281,34.01326900348067,0.7608928717672825,33.12987904064357,
10282,33.860762137919664,0.7638770621269941,32.9738799482584,
10283,35.20370088517666,0.9070090018212795,34.17318896390498,
10284,33.884834963828325,0.7634349167346954,32.998571172356606,
10285,34.055595053359866,0.7597198709845543,33.13763695769012,
10286,35.00980813987553,0.9616750758141279,33.908160869032145,
10287,34.06162699684501,0.7819030433893204,33.15591113641858,
10288,33.89103594236076,0.7818739395588636,32.97665994614363,
10289,35.347254015505314,1.0168510489165783,34.205351024866104,
10290,33.853743923828006,0.7690589409321547,32.960905926302075,
10291,34.032183000817895,0.7684819865971804,33.13160105608404,
10292,36.72924591228366,0.9154230356216431,35.67921300418675,
10293,33.81530405022204,0.7635119836777449,32.91981713846326,
10294,33.73637399636209,0.7657429669052362,32.84660610370338,
10295,35.48592678271234,0.8850900921970606,34.477232955396175,
10296,33.75783795490861,0.7621101103723049,32.873057993128896,
10297,33.782389014959335,0.7655580993741751,32.89233194664121,
10298,35.63499404117465,0.8930719923228025,34.61904590949416,
10299,33.83074584417045,0.7608470041304827,32.94825181365013,
10300,33.76092086546123,0.7669650949537754,32.87193598225713,
10301,35.550192929804325,0.8894731290638447,34.53899105079472,
10302,33.76741986721754,0.7566700223833323,32.88855217397213,
10303,33.82906294427812,0.7739909924566746,32.93252200819552,
10304,35.612974083051085,0.912852119654417,34.575745929032564,
10305,33.792125061154366,0.7579999510198832,32.90910297073424,
10306,33.77118892967701,0.7628840394318104,32.88284409791231,
10307,35.59315297752619,0.8991740178316832,34.57092400640249,
10308,33.74576405622065,0.76905800960958,32.854188000783324,
10309,33.88594393618405,0.7658030372112989,32.98135893419385,
10310,35.49246606417,0.8871131576597691,34.48269097134471,
10311,33.86071301065385,0.764364842325449,32.973540015518665,
10312,33.73599308542907,0.7618691306561232,32.85104688256979,
10313,35.672994097694755,0.8891799952834845,34.661756828427315,
10314,33.73871720395982,0.7557359058409929,32.860609935596585,
10315,33.917190972715616,0.7658821996301413,33.031148836016655,
10316,35.28616880066693,0.7629480678588152,34.39980302937329,
10317,33.902114955708385,0.7695660460740328,33.00958778709173,
10318,33.71617500670254,0.7624079007655382,32.83201204612851,
10319,35.66953004337847,0.7690649945288897,34.77511298842728,
10320,33.73466804623604,0.7576530333608389,32.8551740385592,
10321,33.90120808035135,0.7698030676692724,33.00891211256385,
10322,35.84875096566975,0.7677448447793722,34.95677909813821,
10323,33.89913192950189,0.7696831598877907,33.006455982103944,
10324,33.75686192885041,0.7609520107507706,32.873300136998296,
10325,35.73750518262386,0.7605580613017082,34.840282052755356,
10326,33.49930397234857,0.7566399872303009,32.618862111121416,
10327,33.817925956100225,0.7583289407193661,32.93754206970334,
10328,35.12677294202149,0.7564830593764782,34.246318973600864,
10329,33.75740605406463,0.7843479979783297,32.8510208055377,
10330,33.861818024888635,0.7755868136882782,32.96309011057019,
10331,35.752897849306464,0.7683287840336561,34.86221516504884,
10332,33.56806398369372,0.7583159022033215,32.684966223314404,
10333,34.40560889430344,0.7644467987120152,33.5197311360389,
10334,34.98798399232328,0.765868928283453,34.099294105544686,
10335,33.716619946062565,0.7478459738194942,32.84691600129008,
10336,34.31222797371447,0.7693229708820581,33.41973386704922,
10337,35.39147786796093,0.7720198482275009,34.496741136536,
10338,33.52626599371433,0.7610248867422342,32.64159499667585,
10339,34.85694294795394,0.7605860009789467,33.97425287403166,
10340,34.6304951235652,0.7645071018487215,33.742395928129554,
10341,33.67647994309664,0.7716638501733541,32.766690012067556,
10342,34.81671097688377,0.7564658299088478,33.93640904687345,
10343,34.8712510894984,0.7636090740561485,33.98527600802481,
10344,33.262324053794146,0.7697609253227711,32.365808030590415,
10345,35.44599818997085,0.7556008640676737,34.56722595728934,
10346,34.09011987969279,0.7642270065844059,33.20135804824531,
10347,33.676637103781104,0.7705539464950562,32.781719928607345,
10348,35.22741701453924,0.7606090512126684,34.342654049396515,
10349,34.75582413375378,0.761744100600481,33.8709088973701,
10350,33.23148610070348,0.7568530272692442,32.349509885534644,
10351,34.75462202914059,0.7613189518451691,33.86894706636667,
10352,34.830322954803705,0.776753993704915,33.925353083759546,
10353,33.67590205743909,0.7540320511907339,32.79829304665327,
10354,33.59194798395038,0.7620467804372311,32.70543017424643,
10355,36.0637151170522,0.7796511054039001,35.161047941073775,
10356,33.240285934880376,0.7747630588710308,32.342229038476944,
10357,33.926192903891206,0.7666719611734152,33.02618209272623,
10358,35.824373830109835,0.7694738451391459,34.93110416457057,
10359,33.4471061360091,0.7636540103703737,32.560308929532766,
10360,34.17569492012262,0.7564628031104803,33.29448401927948,
10361,35.2067060302943,0.7554709445685148,34.32732494547963,
10362,33.72651687823236,0.764031196013093,32.83854899927974,
10363,34.19233998283744,0.7587650325149298,33.30956702120602,
10364,35.46644910238683,0.7700938731431961,34.57152913324535,
10365,33.48622005432844,0.7731420919299126,32.58918598294258,
10366,34.842869034036994,0.7574490737169981,33.962415996938944,
10367,34.60962604731321,0.7598910015076399,33.7263869587332,
10368,33.752509858459234,0.773122999817133,32.85653400234878,
10369,34.903347957879305,0.7669071201235056,34.01163103990257,
10370,34.88446585834026,0.7616039365530014,33.99830893613398,
10371,33.42890599742532,0.7717779371887445,32.53487800247967,
10372,35.43484816327691,0.7729500066488981,34.53950094990432,
10373,34.13078002631664,0.7556451018899679,33.24101190082729,
10374,33.842368982732296,0.7655450608581305,32.948117004707456,
10375,34.6538710873574,0.9035589173436165,33.62640691921115,
10376,35.19278089515865,0.7704910822212696,34.29942508228123,
10377,33.42217393219471,0.7617599330842495,32.504630042240024,
10378,34.16643897071481,0.991414999589324,33.03914191201329,
10379,35.160067956894636,0.7778508588671684,34.256540006026626,
10380,33.909669145941734,0.7752859964966774,32.97466109506786,
10381,33.72700582258403,1.023799180984497,32.56249986588955,
10382,35.872198874130845,0.7874439470469952,34.962405916303396,
10383,33.45686593092978,0.7776150014251471,32.53417811356485,
10384,34.01222499087453,0.928390072658658,32.946769846603274,
10385,35.20652302540839,0.7715199608355761,34.31199607439339,
10386,33.82489504292607,0.7698379922658205,32.93036809191108,
10387,33.5566820576787,0.8861550595611334,32.54761500284076,
10388,35.91173002496362,0.7609599269926548,35.02638405188918,
10389,33.55802013538778,0.7662209682166576,32.656159019097686,
10390,33.95176702179015,0.8859848603606224,32.94222801923752,
10391,35.3354059625417,0.7678049150854349,34.444977063685656,
10392,33.84952596388757,0.7580500096082687,32.968543004244566,
10393,33.63826987333596,0.8807708509266376,32.63290808536112,
10394,35.760079976171255,0.7724389433860779,34.86342402175069,
10395,33.50928402505815,0.7636367809027433,32.62143721804023,
10396,33.968249103054404,0.8887110743671656,32.955692848190665,
10397,35.41626292280853,0.7602768018841743,34.53349811024964,
10398,33.8584880810231,0.7728259079158306,32.96270198188722,
10399,33.615970984101295,0.8890258613973856,32.60369901545346,
10400,35.90295882895589,0.7732801605015993,35.00749100930989,
10401,33.52437587454915,0.7796718273311853,32.62109705246985,
10402,33.993953838944435,0.8924880530685186,32.974621979519725,
10403,35.372918006032705,0.7870600093156099,34.46039604023099,
10404,33.87876600027084,0.7921508513391018,32.96223911456764,
10405,34.279470797628164,0.8984571322798729,33.243387937545776,
10406,35.596988163888454,0.7821319159120321,34.69124506227672,
10407,33.93553593195975,0.7859179750084877,33.025102922692895,
10408,34.63924815878272,0.903241103515029,33.61037885770202,
10409,34.743651980534196,0.7811859250068665,33.835917012766004,
10410,33.905663061887026,0.7900630589574575,32.99193410202861,
10411,35.163903841748834,0.8103740401566029,34.22901011072099,
10412,34.45592988282442,0.7749779615551233,33.55254209600389,
10413,33.910776022821665,0.7818560115993023,33.00297888927162,
10414,35.21158290095627,0.7760799489915371,34.31077906861901,
10415,34.55335786566138,0.7658670656383038,33.66868291050196,
10416,33.855196088552475,0.7587929721921682,32.97210508026183,
10417,35.7114439830184,0.7654919754713774,34.82215106487274,
10418,34.20460480265319,0.765274977311492,33.31657010130584,
10419,33.96738809533417,0.7655040826648474,33.078859094530344,
10420,35.18629400059581,0.7679329719394445,34.289587987586856,
10421,34.136668080464005,0.7612458430230618,33.24044309556484,
10422,34.297757083550096,0.7612009067088366,33.41252286918461,
10423,34.277958096936345,0.7641599513590336,33.389931079000235,
10424,34.164901124313474,0.7722878362983465,33.27017114497721,
10425,34.424784826114774,0.7619080133736134,33.537630923092365,
10426,34.19504896737635,0.77400216832757,33.293952932581306,
10427,34.15647288784385,0.7764170877635479,33.25506392866373,
10428,34.73782306537032,0.7700400892645121,33.844871912151575,
10429,34.095610957592726,0.7730249781161547,33.199579920619726,
10430,34.13177211768925,0.7594921626150608,33.24726899154484,
10431,35.00208305194974,0.7735032122582197,34.104466903954744,
10432,34.030124079436064,0.7649660110473633,33.14124699681997,
10433,34.14773801341653,0.7639150135219097,33.25854381546378,
10434,35.285237012431026,0.761986942961812,34.39889498986304,
10435,34.04022008180618,0.7750799413770437,33.14280300401151,
10436,34.1152201872319,0.7753779646009207,33.21495302952826,
10437,35.41471203789115,0.767494086176157,34.511197824031115,
10438,33.76023191958666,0.7790019735693932,32.85751002840698,
10439,33.90995902009308,0.7645860314369202,33.021916169673204,
10440,35.45862506143749,0.7573170587420464,34.57817784510553,
10441,33.78309798426926,0.7656118832528591,32.889818074181676,
10442,33.85610785335302,0.8121640421450138,32.91772003285587,
10443,35.479553043842316,0.7682440336793661,34.58193293772638,
10444,33.75187003985047,0.7666321471333504,32.862362917512655,
10445,33.904315903782845,0.7712049409747124,33.00766507163644,
10446,34.63086090050638,0.7823430933058262,33.72327797114849,
10447,33.78082416020334,0.7795121055096388,32.8785318415612,
10448,33.883044961839914,0.7600539829581976,32.992028864100575,
10449,34.71644013188779,0.7989779114723206,33.79135997965932,
10450,33.78440300002694,0.7591629400849342,32.89958601817489,
10451,33.94424100406468,0.7920819334685802,33.02523889578879,
10452,34.70255993306637,0.8073840290307999,33.767515094950795,
10453,33.74773683026433,0.7826217915862799,32.82339102588594,
10454,33.81466120481491,0.8144320454448462,32.87294297479093,
10455,34.88814504817128,0.7944819517433643,33.968414179980755,
10456,33.75928616151214,0.7772059179842472,32.85727999173105,
10457,33.840215066447854,0.7701900321990252,32.94638404622674,
10458,34.681669203564525,0.7590819150209427,33.7963851634413,
10459,33.69149100035429,0.7669560145586729,32.797659980133176,
10460,33.749903086572886,0.7748929783701897,32.8508079983294,
10461,34.851809963583946,0.76717184856534,33.96107396110892,
10462,33.67353696376085,0.7691299542784691,32.780440989881754,
10463,33.94914208911359,0.7662780117243528,33.056230982765555,
10464,34.59936706349254,0.7587841246277094,33.71807700023055,
10465,33.71658222749829,0.7694337982684374,32.82180009409785,
10466,34.093968104571104,0.7813239935785532,33.18729205057025,
10467,34.66827096417546,0.7652151398360729,33.77830097451806,
10468,33.69081416167319,0.7622800767421722,32.80544909648597,
10469,34.20511307194829,0.764140160754323,33.30419096164405,
10470,34.19072809629142,0.762860057875514,33.30250293947756,
10471,33.1950131803751,0.7841992191970348,32.28636784479022,
10472,35.710192983970046,0.7617799565196037,34.82498996891081,
10473,33.46550208516419,0.7610570173710585,32.581235049292445,
10474,33.49991887807846,0.7606069557368755,32.61604905128479,
10475,35.513319075107574,0.7528581190854311,34.63827399536967,
10476,33.94103702157736,0.7664831355214119,33.05148403160274,
10477,33.185410080477595,0.7693849038332701,32.293078023940325,
10478,35.76341294683516,0.7744398899376392,34.865265944972634,
10479,34.11105694249272,0.7767460774630308,33.21010293439031,
10480,33.485410967841744,0.7677951361984015,32.59329195134342,
10481,35.018414026126266,0.7604940328747034,34.13350693881512,
10482,34.45251705124974,0.7586460560560226,33.56952383182943,
10483,33.19021011702716,0.7679660338908434,32.298201927915215,
10484,35.647418117150664,0.76312106102705,34.7587950527668,
10485,35.04860191605985,0.7845999207347631,34.12690805271268,
10486,33.16606814041734,0.7720810826867819,32.27163897827268,
10487,35.154292825609446,0.7778219878673553,34.25223100930452,
10488,35.08782805874944,0.7661208510398865,34.19538401067257,
10489,33.63119694404304,0.7626449223607779,32.74494712240994,
10490,34.0622600633651,0.7791509851813316,33.15955703146756,
10491,35.281535936519504,0.7704030722379684,34.384466940537095,
10492,33.218728145584464,0.7650828920304775,32.33004198409617,
10493,35.247124964371324,0.7700559217482805,34.347842913120985,
10494,33.523397985845804,1.0181418620049953,32.35899796709418,
10495,33.59430003911257,0.7631541229784489,32.70781086757779,
10496,35.468773916363716,0.7708938792347908,34.55283516086638,
10497,33.95380103029311,1.015854999423027,32.798954052850604,
10498,33.17244886420667,0.768902013078332,32.279842998832464,
10499,36.05467197485268,0.7722750306129456,35.15136195346713,
10500,33.45533413812518,0.98091596737504,32.33003616333008,
10501,33.7093670386821,0.7626169826835394,32.81219908967614,
10502,35.921233939006925,0.7783160544931889,34.98946991749108,
10503,33.825434977188706,0.9092548862099648,32.78808202594519,
10504,33.68209605105221,0.7632400374859571,32.795216189697385,
10505,35.466312896460295,0.7599808741360903,34.581443993374705,
10506,33.8519811630249,0.9013400413095951,32.82555704936385,
10507,33.70996890589595,0.773897860199213,32.80770615674555,
10508,35.619193920865655,0.770969782024622,34.723310032859445,
10509,33.81499997340143,0.8925630245357752,32.799331936985254,
10510,33.68885302916169,0.762515002861619,32.801838824525476,
10511,35.610376158729196,0.7883410435169935,34.69639807008207,
10512,33.89320499263704,0.9268708527088165,32.8421441372484,
10513,33.74402620829642,0.7788401562720537,32.841942040249705,
10514,35.62203096225858,0.7743178866803646,34.72782904282212,
10515,33.82011805661023,0.8831371087580919,32.8114980366081,
10516,33.77712797373533,0.7789311930537224,32.87595184519887,
10517,35.82956385798752,0.7849819958209991,34.90825719200075,
10518,34.10229505971074,0.8984580636024475,33.07710401713848,
10519,33.96167606115341,0.782764982432127,33.05458906106651,
10520,35.08305503055453,0.7711739744991064,34.187890123575926,
10521,34.07497005537152,0.8971099741756916,33.05560001172125,
10522,33.981819869950414,0.7643310818821192,33.094096928834915,
10523,35.170603077858686,0.7740701548755169,34.273392986506224,
10524,34.08691310323775,0.8993768133223057,33.059555105865,
10525,33.93668006174266,0.7668109610676765,33.045036951079965,
10526,35.28770408593118,0.7873000577092171,34.371788846328855,
10527,34.102060133591294,0.9008930064737797,33.077436964958906,
10528,33.95430906675756,0.783159164711833,33.046979922801256,
10529,35.27934500016272,0.7764347828924656,34.37849413603544,
10530,34.162071999162436,0.8926731534302235,33.146861009299755,
10531,33.9424479752779,0.76335109770298,33.051643054932356,
10532,35.14942689798772,0.7720950525254011,34.250746946781874,
10533,34.61766708642244,0.9012920781970024,33.58008689247072,
10534,34.116504015401006,0.763680087402463,33.23091194033623,
10535,34.59616284817457,0.771180959418416,33.70328899472952,
10536,35.039057955145836,0.7682619616389275,34.1455580201,
10537,34.032369032502174,0.7868341635912657,33.12176000326872,
10538,34.67403398826718,0.7819931488484144,33.766415901482105,
10539,35.621317801997066,0.7728410419076681,34.72808306105435,
10540,34.141577081754804,0.7661629933863878,33.25275192037225,
10541,34.25006102770567,0.782534945756197,33.35041995160282,
10542,36.05996887199581,0.7631659973412752,35.17414885573089,
10543,34.0009939391166,0.7586840074509382,33.11664005741477,
10544,34.33692501857877,0.778683926910162,33.43635005876422,
10545,34.35367695055902,0.7690310012549162,33.46355399116874,
10546,34.08504091203213,0.7726289331912994,33.189792884513736,
10547,34.22519098967314,0.7738491985946894,33.32838579080999,
10548,34.41291791386902,0.7736901752650738,33.515769988298416,
10549,33.88427500613034,0.7656239904463291,32.985132886096835,
10550,34.38011999242008,0.7656719535589218,33.49088807590306,
10551,34.054987132549286,0.765013974159956,33.16766698844731,
10552,33.95003010518849,0.7767900824546814,33.05056784301996,
10553,34.3514468986541,0.782637856900692,33.44632312655449,
10554,34.22971209511161,0.7633669301867485,33.34499313496053,
10555,33.82329805754125,0.7746501360088587,32.92680601589382,
10556,34.689673921093345,0.7717742118984461,33.7908249348402,
10557,34.086136147379875,0.7739879656583071,33.19098404608667,
10558,33.903476083651185,0.7552029564976692,33.01973291672766,
10559,34.7097001504153,0.7608369924128056,33.82747690193355,
10560,34.10302707925439,0.776184955611825,33.20472105406225,
10561,33.851140178740025,0.7814299315214157,32.94126596301794,
10562,35.14571092091501,0.785142881795764,34.235383151099086,
10563,33.97819004021585,0.7968940772116184,33.059698063880205,
10564,33.94537791609764,0.7745600305497646,33.047192031517625,
10565,35.239811055362225,0.7748319767415524,34.32946698740125,
10566,33.61589089035988,0.7633410859853029,32.73098194040358,
10567,33.826052909716964,0.7704801391810179,32.93457580730319,
10568,35.08318914100528,0.7711548823863268,34.18635809794068,
10569,33.95341895520687,0.7747968193143606,33.056691056117415,
10570,33.466404071077704,0.773030798882246,32.56746707484126,
10571,35.523561062291265,0.7737209089100361,34.62682501412928,
10572,33.58343197032809,0.7726079784333706,32.6882831286639,
10573,33.780535915866494,0.7607950828969479,32.89485187269747,
10574,35.2108480874449,0.765206990763545,34.3217458575964,
10575,33.91443705186248,0.7606439758092165,33.02746801637113,
10576,33.46739709377289,0.7567438296973705,32.58719411678612,
10577,35.77193501405418,0.7689609192311764,34.880671883001924,
10578,33.574100118130445,0.7662680000066757,32.68417390063405,
10579,33.81537809036672,0.7648949977010489,32.92476711794734,
10580,34.92908296175301,0.7922288496047258,34.01438007131219,
10581,33.829183084890246,0.7890369743108749,32.90617116726935,
10582,33.48058718256652,0.7803980261087418,32.57465991191566,
10583,35.04523914307356,0.7641690317541361,34.16456514969468,
10584,33.59312820248306,0.7616470102220774,32.70734194666147,
10585,33.6786478292197,0.7657250389456749,32.79137099161744,
10586,34.702128963544965,0.7752310484647751,33.80818688310683,
10587,33.76829996705055,0.7601659744977951,32.88589301519096,
10588,33.47121900878847,0.7659830152988434,32.58191887289286,
10589,35.27114097960293,0.7589799351990223,34.388232976198196,
10590,33.63403398543596,0.778137007728219,32.733041094616055,
10591,33.707524882629514,0.7737530395388603,32.81081281602383,
10592,34.70650617964566,0.7686149328947067,33.81365002132952,
10593,33.821590011939406,0.8433270268142223,32.855666941031814,
10594,33.48972788080573,0.7640719413757324,32.60199096985161,
10595,35.12340295128524,0.7669560145586729,34.23310094512999,
10596,33.62144390121102,0.7583100814372301,32.74065302684903,
10597,33.69343397207558,0.7761430460959673,32.783985836431384,
10598,35.47536279074848,0.7648260798305273,34.58521980792284,
10599,33.7886530905962,0.7813170086592436,32.88364899344742,
10600,33.39921706356108,0.770527170971036,32.50763495452702,
10601,35.96302913501859,0.7814748678356409,35.05776799283922,
10602,33.519960939884186,0.7641150150448084,32.63327619060874,
10603,33.689846051856875,0.7757530547678471,32.79260988347232,
10604,35.46580392867327,0.7713560480624437,34.57038593478501,
10605,33.79466291517019,0.7647059392184019,32.907681073993444,
10606,33.38998509570956,0.7679339032620192,32.49525115825236,
10607,35.985308000817895,0.7618879899382591,35.096178064122796,
10608,33.55287993326783,0.7613140624016523,32.665929989889264,
10609,33.690836979076266,0.7802078034728765,32.78716909699142,
10610,35.353157902136445,0.7668980397284031,34.46296788752079,
10611,33.804798033088446,0.7750329095870256,32.908255932852626,
10612,33.42063701711595,0.7668021135032177,32.53139788284898,
10613,35.586260026320815,0.7694140076637268,34.68334209173918,
10614,33.583478070795536,0.791097991168499,32.674961956217885,
10615,33.19446789100766,0.7641019765287638,32.30579989030957,
10616,36.2706920132041,0.794905936345458,35.351936938241124,
10617,33.3205780480057,0.7820359896868467,32.416571164503694,
10618,33.53877295739949,0.7864919025450945,32.629939960315824,
10619,35.57717800140381,0.7606500294059515,34.695538925006986,
10620,33.62739481963217,0.7625140715390444,32.74085302837193,
10621,33.177651930600405,0.772703206166625,32.28230378590524,
10622,36.196148954331875,0.8923299610614777,35.17570602707565,
10623,33.23963284492493,0.7665620651096106,32.351261004805565,
10624,33.57224096544087,0.7656898815184832,32.62978419661522,
10625,35.463925218209624,0.9587998501956463,34.36648193746805,
10626,33.50836597383022,0.7841468323022127,32.59923914447427,
10627,33.20614597760141,0.7703250739723444,32.27828978560865,
10628,36.18130297400057,0.9442470036447048,35.09292099624872,
10629,33.330678939819336,0.7697879336774349,32.42790489457548,
10630,33.6946789175272,0.7722051814198494,32.79168996959925,
10631,35.615036031231284,1.0245959274470806,34.46511900983751,
10632,33.68178103119135,0.7766929920762777,32.78250782750547,
10633,33.38809800334275,0.7709658239036798,32.45205106213689,
10634,36.036032950505614,1.027097925543785,34.88082508556545,
10635,33.306682016700506,0.7657648529857397,32.41951600648463,
10636,33.731505041942,0.7708240300416946,32.8082419000566,
10637,35.42620502412319,0.9429729543626308,34.34467292390764,
10638,33.64292602054775,0.7809670642018318,32.7402560506016,
10639,33.58835307881236,0.7577610667794943,32.42252510972321,
10640,35.96951789222658,0.9046678896993399,34.894549986347556,
10641,33.38535921648145,0.8272780105471611,32.43350004777312,
10642,33.71762507595122,0.7959390059113503,32.780469162389636,
10643,35.49732104875147,0.9067931678146124,34.468643832951784,
10644,33.71227206662297,0.7776180282235146,32.81237883493304,
10645,33.59537897631526,0.7682109717279673,32.69381797872484,
10646,36.03554586879909,0.9009619243443012,35.01124307513237,
10647,33.61371299251914,0.7707790937274694,32.72000188007951,
10648,33.80502620711923,0.7767169736325741,32.9040780197829,
10649,35.38943198509514,0.8984699379652739,34.36861699447036,
10650,33.832251792773604,0.7793859113007784,32.92848402634263,
10651,33.58346479944885,0.7853421848267317,32.66769601032138,
10652,35.81220004707575,0.8939499966800213,34.795899875462055,
10653,33.58495584689081,0.7902171928435564,32.67182596027851,
10654,33.83021801710129,0.7737081032246351,32.93256089091301,
10655,35.3981729131192,0.8979290723800659,34.37870787456632,
10656,33.85387104935944,0.7801919709891081,32.95141295529902,
10657,33.56945910491049,0.773959094658494,32.66903292387724,
10658,35.84475303068757,0.8969781920313835,34.82451685704291,
10659,33.548929961398244,0.7769768126308918,32.64446719549596,
10660,33.865935169160366,0.7866239175200462,32.954355934634805,
10661,35.8680619392544,0.9033859241753817,34.82896718196571,
10662,34.03049404732883,0.7778769358992577,33.128955168649554,
10663,34.01459311135113,0.7939371280372143,33.09737681411207,
10664,35.1677059661597,0.8879201486706734,34.15669081732631,
10665,34.033136209473014,0.7672179490327835,33.14417600631714,
10666,34.06665497459471,0.7680270355194807,33.175475895404816,
10667,35.06342601031065,0.7800750900059938,34.15987780317664,
10668,34.07301101833582,0.7755209226161242,33.17605913616717,
10669,34.0245240367949,0.7738729473203421,33.128099981695414,
10670,35.20941594615579,0.7782150059938431,34.306830959394574,
10671,34.04814610257745,0.7660749834030867,33.15729508176446,
10672,34.030358074232936,0.7711260113865137,33.13629003241658,
10673,35.149873001500964,0.7664528675377369,34.260608023032546,
10674,33.97364099510014,0.7677979301661253,33.08497089892626,
10675,34.01861386373639,0.7702570874243975,33.12572790309787,
10676,35.21695709787309,0.7731909863650799,34.32048298418522,
10677,34.03289616107941,0.7814131677150726,33.11784099787474,
10678,33.967453986406326,0.7729420904070139,33.07292191311717,
10679,35.23917309939861,0.7722550071775913,34.345320891588926,
10680,34.037390956655145,0.7928230334073305,33.122102031484246,
10681,34.03910086490214,0.7750208023935556,33.1414770334959,
10682,35.16367403790355,0.7691218052059412,34.277178114280105,
10683,34.00663519278169,0.7596490904688835,33.12820382416248,
10684,33.958499087020755,0.7879838813096285,33.046668162569404,
10685,35.37323116324842,0.7702058646827936,34.481025068089366,
10686,33.93858298659325,0.7716298568993807,33.04470609873533,
10687,34.00279604829848,0.7815121207386255,33.09827297925949,
10688,35.65388615243137,0.7668100297451019,34.759837901219726,
10689,33.97550014778972,0.767553923651576,33.08364888653159,
10690,34.3440449796617,0.7700561545789242,33.45095901750028,
10691,35.83981702104211,0.7686929311603308,34.94878904893994,
10692,33.96462392993271,0.777378911152482,33.06674608029425,
10693,35.11799103580415,0.8122650906443596,34.16757984086871,
10694,34.161438001319766,0.7941110525280237,33.24510180391371,
10695,33.83071511052549,0.7751020602881908,32.93399093672633,
10696,35.279480973258615,0.7688801269978285,34.38742086291313,
10697,34.031831892207265,0.7742231246083975,33.13672705553472,
10698,33.919098787009716,0.7815149147063494,33.015660010278225,
10699,35.53093899972737,0.7685211021453142,34.63934198953211,
10700,34.16596702300012,0.7760729640722275,33.26568100601435,
10701,33.81965192966163,0.7726380135864019,32.92438806965947,
10702,35.91417893767357,0.7653909269720316,35.02404200844467,
10703,34.044197062030435,0.767149031162262,33.15196908079088,
10704,33.90353382565081,0.7640270050615072,33.01350004039705,
10705,34.43049406632781,0.7698708213865757,33.53706910274923,
10706,34.18156388215721,0.7702491711825132,33.28958596102893,
10707,33.81356014870107,0.7644558791071177,32.92813594453037,
10708,34.57238688133657,0.7680640555918217,33.68144598789513,
10709,34.058284014463425,0.7712868973612785,33.14873808994889,
10710,33.95016514696181,0.7945450488477945,33.03795610554516,
10711,34.73004209809005,0.7732880767434835,33.83403900079429,
10712,34.177900990471244,0.7752738893032074,33.28036796301603,
10713,33.814518013969064,0.767786055803299,32.92006999254227,
10714,34.93920806795359,0.7757130078971386,34.039923222735524,
10715,34.062077989801764,0.7836578879505396,33.15589600242674,
10716,33.93001691438258,0.7752301171422005,33.03405689075589,
10717,35.26902897283435,0.77639683149755,34.3628681730479,
10718,34.157928079366684,0.7636360824108124,33.27295393683016,
10719,33.82986388169229,0.7693830411881208,32.93624706566334,
10720,35.92947497963905,0.7861710619181395,35.021433839574456,
10721,34.044126980006695,0.8326668757945299,33.08266610838473,
10722,33.929921919479966,0.7723481394350529,33.03330182097852,
10723,35.31150799244642,0.9051719680428505,34.28395697847009,
10724,34.176416927948594,0.7819109596312046,33.271794905886054,
10725,32.7521450817585,0.7762350142002106,31.840271083638072,
10726,34.649345092475414,0.900136074051261,33.62217009998858,
10727,33.02779910154641,0.8122208528220654,32.092428067699075,
10728,33.299244940280914,0.7979050278663635,32.37520391121507,
10729,34.889617934823036,0.7840381003916264,33.98106899112463,
10730,33.487475011497736,0.7736680563539267,32.59098180569708,
10731,32.727854093536735,0.7773370016366243,31.82880999520421,
10732,34.977082861587405,0.7783879991620779,34.074174938723445,
10733,32.97823294997215,0.7739318534731865,32.0812719874084,
10734,33.23021694086492,0.7770380470901728,32.33187785372138,
10735,34.45684304460883,0.7833170238882303,33.54539396241307,
10736,34.55448499880731,0.7829128298908472,33.648079028353095,
10737,32.727879006415606,0.7779628504067659,31.82606096379459,
10738,35.21761088632047,0.774729996919632,34.32191093452275,
10739,34.616963006556034,0.7795628625899553,33.71558501385152,
10740,33.250355161726475,0.7725730538368225,32.35520492307842,
10741,35.28396296314895,0.7702268194407225,34.37850018963218,
10742,35.18186695873737,0.7805998902767897,34.27888918668032,
10743,33.80077821202576,0.7725590839982033,32.90410409681499,
10744,34.800204914063215,0.9364008437842131,33.7386061437428,
10745,35.17726715654135,0.7944870740175247,34.25820986740291,
10746,33.6432340554893,0.7958200294524431,32.70681481808424,
10747,34.18474202044308,1.0245221201330423,33.01876992918551,
10748,35.053994972258806,0.7913319859653711,34.140214091166854,
10749,33.87304814532399,0.7824180647730827,32.956823939457536,
10750,33.80694310180843,0.9585949592292309,32.72227803245187,
10751,35.7082299888134,0.7726950570940971,34.81902903877199,
10752,33.5808708332479,0.7668209727853537,32.664180966094136,
10753,33.98455213755369,0.9356951341032982,32.92257385328412,
10754,35.27856012806296,0.7725509349256754,34.381658071652055,
10755,33.895271830260754,0.8012210018932819,32.9696498811245,
10756,33.730199094861746,0.9046979248523712,32.70089393481612,
10757,35.86520394310355,0.7719621062278748,34.95751298032701,
10758,33.991080010309815,0.7730601355433464,33.093150006607175,
10759,34.08555709756911,0.9036329574882984,33.059907145798206,
10760,35.067117074504495,0.7765910122543573,34.16694817133248,
10761,33.94302888773382,0.7719839923083782,33.04723487235606,
10762,34.12923798896372,0.9097079746425152,33.09580613858998,
10763,35.158378072082996,0.7848620880395174,34.251844976097345,
10764,33.94777816720307,0.7688039913773537,33.05554902181029,
10765,34.11623300053179,0.8931329939514399,33.100973116233945,
10766,35.181194078177214,0.7819330785423517,34.27616902627051,
10767,33.911684062331915,0.7649080362170935,33.02211198024452,
10768,34.06232804991305,0.8846260607242584,33.05526194162667,
10769,35.33181804232299,0.7675578817725182,34.44118401966989,
10770,33.96056988276541,0.7818271405994892,33.05415390059352,
10771,34.01350695639849,0.9027260821312666,32.98790496774018,
10772,35.26213299483061,0.7804860360920429,34.357181983068585,
10773,34.04192207381129,0.7845319341868162,33.1218121573329,
10774,34.18049914762378,0.9170030243694782,33.138647908344865,
10775,34.9984560161829,0.8404389955103397,34.03413691557944,
10776,34.06084585003555,0.7662288844585419,33.167883986607194,
10777,33.93926005810499,0.778543995693326,33.03662990219891,
10778,35.311134066432714,0.7672018837183714,34.41516519524157,
10779,33.97128591313958,0.775214983150363,33.06955494917929,
10780,34.07585388049483,0.7947999984025955,33.15631300210953,
10781,35.119428066536784,0.7899878546595573,34.2050651088357,
10782,34.05816201120615,0.7800168823450804,33.1542759668082,
10783,33.968945033848286,0.7741597946733236,33.07236707769334,
10784,35.288105020299554,0.7751029916107655,34.39069213345647,
10785,33.951115095987916,0.7857820019125938,33.042830880731344,
10786,34.07349716871977,0.7775239646434784,33.17304095253348,
10787,35.11073300614953,0.7897750474512577,34.198529087007046,
10788,34.06568802893162,0.7746960036456585,33.17047911696136,
10789,34.0451670344919,0.7668528705835342,33.14416203647852,
10790,35.289025167003274,0.7649508770555258,34.400907112285495,
10791,33.99019502103329,0.7771260570734739,33.092458033934236,
10792,34.3211111612618,0.7766380440443754,33.421496860682964,
10793,34.800104796886444,0.7731348741799593,33.903367118909955,
10794,34.18367402628064,0.7685520686209202,33.290690975263715,
10795,34.79593503288925,0.7833121344447136,33.88679586350918,
10796,34.71403499133885,0.7786180358380079,33.8101820088923,
10797,34.0619629714638,0.786901917308569,33.149216091260314,
10798,35.620857030153275,0.7937389891594648,34.70029612071812,
10799,34.268870018422604,0.7925289683043957,33.35321391932666,
10800,34.19994120486081,0.7836208678781986,33.29245513305068,
10801,35.77817790210247,0.7708538323640823,34.884659107774496,
10802,34.405307145789266,0.7749709766358137,33.507965970784426,
10803,34.451597137376666,0.7774101104587317,33.54880400002003,
10804,34.89128383807838,0.7677969988435507,33.9983890298754,
10805,34.090035827830434,0.7724778261035681,33.177887089550495,
10806,34.771648002788424,0.7708391640335321,33.87597296386957,
10807,34.044703003019094,0.7805950008332729,33.141967840492725,
10808,34.254412865266204,0.7729490753263235,33.35822094231844,
10809,35.04723799414933,0.7726990152150393,34.15218181908131,
10810,34.09590199589729,0.7808508817106485,33.191533060744405,
10811,34.11084017716348,0.7757630664855242,33.211925998330116,
10812,35.509154200553894,0.7774480618536472,34.607077948749065,
10813,33.960979199036956,0.7863841019570827,33.04802183993161,
10814,34.20963417738676,0.7722640875726938,33.31398800946772,
10815,35.753038013353944,0.767646124586463,34.86321005038917,
10816,34.13076605647802,0.7777190767228603,33.22934499010444,
10817,34.102039178833365,0.777633860707283,33.20097015239298,
10818,35.52495990879834,0.7681080605834723,34.632039023563266,
10819,33.970258897170424,0.7877310272306204,33.05971994996071,
10820,33.98649417795241,0.7741639856249094,33.08856301009655,
10821,35.60601407662034,0.777415931224823,34.693434135988355,
10822,33.8447408284992,0.7798669394105673,32.93752809986472,
10823,33.794468035921454,0.7802129257470369,32.89106395095587,
10824,35.39327601902187,0.8007159922271967,34.4691569916904,
10825,33.84285303764045,0.78177684918046,32.9340270254761,
10826,33.77448790706694,0.8240959141403437,32.79231721535325,
10827,34.81058916077018,0.999201089143753,33.67787692695856,
10828,33.70301006361842,0.7884909864515066,32.78678306378424,
10829,33.880524104461074,0.7934640161693096,32.896026968955994,
10830,34.606292145326734,0.9384409058839083,33.54135388508439,
10831,33.80074794404209,0.7767989300191402,32.90206287056208,
10832,33.70480518788099,0.7836560253053904,32.79865602962673,
10833,34.842923982068896,0.9672308806329966,33.72826403938234,
10834,33.680239925161004,0.7741979788988829,32.77940396219492,
10835,33.80743809975684,0.7737400010228157,32.88706508465111,
10836,34.6620820928365,1.0161178652197123,33.50839903578162,
10837,33.65554311312735,0.7825631182640791,32.73785696364939,
10838,33.47208094783127,0.7798189762979746,32.56868710741401,
10839,34.97671592049301,0.9112989064306021,33.94252806901932,
10840,33.474835101515055,0.7824611384421587,32.56983682513237,
10841,33.926428062841296,0.7789300289005041,33.024263102561235,
10842,34.527875017374754,0.9247930720448494,33.477485878393054,
10843,33.69035408832133,0.7928761187940836,32.77353988960385,
10844,33.71832310222089,0.7854409050196409,32.80764608643949,
10845,35.131939919665456,0.9287609718739986,34.0801659040153,
10846,33.43192581087351,0.7790941745042801,32.53018786199391,
10847,33.866328187286854,0.7753979880362749,32.96793904155493,
10848,34.487647004425526,0.9674429893493652,33.40205689892173,
10849,33.66261092014611,0.789447920396924,32.74852014146745,
10850,33.71268720366061,0.7885140366852283,32.802732894197106,
10851,35.11524619534612,0.8685318753123283,34.12337601184845,
10852,33.478290075436234,0.7740010041743517,32.58579480461776,
10853,33.8346129283309,0.7750510703772306,32.92474499903619,
10854,34.41183711402118,0.9240650106221437,33.363631926476955,
10855,33.56255404651165,0.7755558472126722,32.66459098085761,
10856,33.530127024278045,0.7729220669716597,32.633821945637465,
10857,35.189344082027674,0.775669002905488,34.290137933567166,
10858,33.28013699501753,0.7802839390933514,32.377036986872554,
10859,33.830477157607675,0.7770999800413847,32.929143868386745,
10860,34.721798030659556,0.8938841056078672,33.702826825901866,
10861,33.626655116677284,0.815332168713212,32.68965194001794,
10862,33.522526966407895,0.7703148294240236,32.62888407334685,
10863,35.277490969747305,0.7843950297683477,34.3709378503263,
10864,33.24683313257992,0.7706698961555958,32.35393692739308,
10865,33.999562030658126,0.7665830198675394,33.109757816419005,
10866,34.40247499383986,0.895458972081542,33.38469308800995,
10867,33.57642609626055,0.793535029515624,32.6597651001066,
10868,34.306721994653344,0.7739269640296698,33.4087940864265,
10869,34.79130216874182,0.970382010564208,33.68654195219278,
10870,33.544967183843255,0.7840509060770273,32.63757494278252,
10871,35.177156096324325,0.7767099887132645,34.24016898497939,
10872,33.83292490616441,0.9984129574149847,32.69586805254221,
10873,33.63145585171878,0.8124921005219221,32.69457188434899,
10874,35.58618505485356,0.7756289560347795,34.64951505884528,
10875,33.804554026573896,0.9661009535193443,32.70269208587706,
10876,33.60935114324093,0.7795100100338459,32.70654194056988,
10877,35.62417812645435,0.7816620636731386,34.71286897547543,
10878,33.693933859467506,0.9161049965769053,32.65268285758793,
10879,33.59365998767316,0.775475986301899,32.69577701576054,
10880,35.66466295160353,0.7721979636698961,34.76756298914552,
10881,33.72494410723448,0.8996189571917057,32.702137948945165,
10882,33.59253308735788,0.7749160286039114,32.69541193731129,
10883,35.617633955553174,0.7707758340984583,34.722662065178156,
10884,33.69528707116842,0.9094551205635071,32.66276489011943,
10885,33.88733393512666,0.7688018959015608,32.98407117836177,
10886,35.611151019111276,0.7732908707112074,34.7136661875993,
10887,34.03256204910576,0.9112479165196419,32.99813694320619,
10888,33.76589412800968,0.7757809944450855,32.867230009287596,
10889,35.49470193684101,0.7679278496652842,34.603898180648685,
10890,33.877399982884526,0.9095021523535252,32.8443618491292,
10891,33.92427694052458,0.7811619434505701,33.021303126588464,
10892,35.22881190292537,0.7816259749233723,34.32366391643882,
10893,34.04114698059857,0.9026129264384508,33.016273053362966,
10894,33.76004984602332,0.7863000500947237,32.85174700431526,
10895,35.446550929918885,0.7776750717312098,34.54742697067559,
10896,33.924490911886096,0.891638919711113,32.90575207211077,
10897,33.948143012821674,0.7775761187076569,33.04672800004482,
10898,35.1991408970207,0.7840490434318781,34.297149162739515,
10899,34.10167898982763,0.8908358868211508,33.086175099015236,
10900,33.75924495048821,0.773073872551322,32.85997314378619,
10901,35.480756079778075,0.7990750018507242,34.546189941465855,
10902,34.145121928304434,0.910589937120676,33.11190102249384,
10903,33.85913395322859,0.7830269169062376,32.95101295225322,
10904,35.41276906616986,0.7776280399411917,34.5124660525471,
10905,33.95935194566846,0.8971928618848324,32.94082102365792,
10906,34.02889589779079,0.7661038544028997,33.13947794958949,
10907,35.051338840276,0.7785530760884285,34.148938953876495,
10908,34.02052586898208,0.7871938869357109,33.10918901115656,
10909,33.8265229947865,0.7758389692753553,32.92413800954819,
10910,35.69016885012388,0.787464901804924,34.778397995978594,
10911,33.97820517420769,0.7944749668240547,33.06085104122758,
10912,34.06366892158985,0.7729299832135439,33.16796594299376,
10913,34.993337001651525,0.7777630817145109,34.09342002123594,
10914,34.36164604499936,0.7760429289191961,33.458190970122814,
10915,33.86275703087449,0.7977481000125408,32.93940611183643,
10916,35.25737696327269,0.7896940223872662,34.34771206229925,
10917,35.01600702293217,0.7750710938125849,34.104554913938046,
10918,34.11935386247933,0.7761351298540831,33.21943408809602,
10919,34.709643106907606,0.7757949642837048,33.81165489554405,
10920,35.50405288115144,0.7710149511694908,34.60885491222143,
10921,34.1525599360466,0.7741360459476709,33.256469992920756,
10922,34.339341102167964,0.7831428665667772,33.433860167860985,
10923,35.95443814992905,0.7720170542597771,35.060072084888816,
10924,34.1207031160593,0.7733351085335016,33.22181198745966,
10925,34.37544894404709,0.7816499564796686,33.47187489271164,
10926,34.700881922617555,0.7957960478961468,33.779120072722435,
10927,34.159616101533175,0.781291862949729,33.25468604452908,
10928,34.31999706663191,0.7900961209088564,33.407656010240316,
10929,34.51657388359308,0.7938779890537262,33.599916845560074,
10930,34.087722189724445,0.7708810735493898,33.193612936884165,
10931,34.402335062623024,0.7782401517033577,33.502331003546715,
10932,34.38703785650432,0.7822380866855383,33.48209802061319,
10933,33.97613391280174,0.7745290640741587,33.06425688788295,
10934,34.33633595705032,0.768942991271615,33.44403300434351,
10935,34.12947501055896,0.7735239341855049,33.23338506743312,
10936,34.15945591405034,0.785907031968236,33.250265987589955,
10937,34.136267844587564,0.7785670459270477,33.23464002460241,
10938,34.36380298808217,0.786168035119772,33.453227020800114,
10939,33.99706492200494,0.7823370397090912,33.09297887608409,
10940,34.397951094433665,0.7760981097817421,33.49373699165881,
10941,34.10658799111843,0.778798945248127,33.206368098035455,
10942,34.14246300235391,0.7792680989950895,33.240068005397916,
10943,34.150602063164115,0.7926591206341982,33.230039989575744,
10944,34.30431801825762,0.7709981873631477,33.411414828151464,
10945,33.986409893259406,0.7752291858196259,33.08891481719911,
10946,34.35874916613102,0.7751770317554474,33.46136608161032,
10947,34.12916301749647,0.7852539420127869,33.224581042304635,
10948,34.20232515782118,0.8245070930570364,33.25103688985109,
10949,34.12534901872277,0.7688829209655523,33.22132304310799,
10950,33.969579031690955,0.7709099445492029,33.07633590884507,
10951,33.732624957337976,0.7713478989899158,32.837586011737585,
10952,34.26264016889036,0.7720808498561382,33.367424039170146,
10953,33.84691895917058,0.7714310195297003,32.9494250472635,
10954,33.80503901280463,0.7740440778434277,32.90770202875137,
10955,34.11703300662339,0.7786729838699102,33.21526595391333,
10956,33.92517217434943,0.7774580735713243,33.02386892028153,
10957,33.74714404344559,0.773517182096839,32.84906782209873,
10958,34.39403488300741,0.7831449620425701,33.4860859438777,
10959,33.89542503282428,0.7732401136308908,32.998861046507955,
10960,33.79937703721225,0.7877598982304335,32.888634130358696,
10961,35.384017042815685,0.7803430780768394,34.48157594539225,
10962,33.918567933142185,0.7707660552114248,33.01949007436633,
10963,33.73442613519728,0.7709169294685125,32.84098906442523,
10964,35.572828957811,0.7755330298095942,34.67331896536052,
10965,33.78859697841108,0.7791609968990088,32.87494904361665,
10966,33.77658501267433,0.7617662195116282,32.8909067902714,
10967,35.410335985943675,0.769604928791523,34.51741812750697,
10968,33.96155498921871,0.7846290245652199,33.05448894388974,
10969,33.61970302648842,0.7806920912116766,32.7124809846282,
10970,35.59008985757828,0.7750070653855801,34.690887900069356,
10971,33.752028131857514,0.7764559704810381,32.85296191461384,
10972,33.790929010137916,0.7914879824966192,32.876054057851434,
10973,35.44923500157893,0.7756249979138374,34.5483860000968,
10974,33.934024162590504,0.7971199229359627,33.01189001649618,
10975,33.65108696743846,0.7787218783050776,32.75161609053612,
10976,35.80752108246088,0.7883368525654078,34.89145799539983,
10977,33.747382927685976,0.772716011852026,32.850387040525675,
10978,33.77590118907392,0.7828520610928535,32.86687983199954,
10979,35.74579698033631,0.7868008688092232,34.834159072488546,
10980,33.887828001752496,0.7771761156618595,32.98633988015354,
10981,33.008642960339785,0.7805428467690945,32.09285414777696,
10982,35.49216082319617,0.9319051168859005,34.436635905876756,
10983,33.13704882748425,0.7903198711574078,32.22235105931759,
10984,33.30507199279964,0.7746277842670679,32.40613010711968,
10985,35.629876889288425,0.848475843667984,34.64655298739672,
10986,33.36604009382427,0.8073649369180202,32.43525116704404,
10987,32.953658839687705,0.7866430096328259,32.04316692426801,
10988,35.83144396543503,0.7800508756190538,34.92432995699346,
10989,33.12126197852194,0.7723190356045961,32.22469496540725,
10990,33.23563584126532,0.7790240924805403,32.33115212060511,
10991,35.65089497715235,0.8219240698963404,34.70597509294748,
10992,33.34627114236355,0.7655520457774401,32.457686960697174,
10993,33.01545279100537,0.7813610136508942,32.110729021951556,
10994,35.72867810726166,0.7883948273956776,34.81688816100359,
10995,33.0107759218663,0.7716510444879532,32.11412392556667,
10996,33.272322034463286,0.7707530166953802,32.37759112380445,
10997,35.73139104992151,0.7830930408090353,34.81274098157883,
10998,33.623066963627934,0.7730519864708185,32.725685043260455,
10999,33.85863499715924,0.7791949901729822,32.91063895449042,
11000,35.50723381340504,0.9740230161696672,34.39277410507202,
11001,33.926392905414104,0.789811136201024,33.014117972925305,
11002,33.44052191823721,0.7812799885869026,32.48885297216475,
11003,36.12443711608648,0.9964499622583389,34.99650000594556,
11004,33.562080934643745,0.7857989985495806,32.65021415427327,
11005,33.86062500067055,0.785978976637125,32.91528392583132,
11006,35.97027086652815,0.962505117058754,34.868713933974504,
11007,33.957092091441154,0.779824098572135,33.05626497603953,
11008,33.38854480534792,0.7720710709691048,32.4914469383657,
11009,36.519101122394204,0.9083349723368883,35.48546391539276,
11010,33.39334297925234,0.7729688659310341,32.495786203071475,
11011,33.82529504597187,0.7814769633114338,32.919686986133456,
11012,35.60710302554071,0.9129568934440613,34.56920408643782,
11013,33.74733100645244,0.7814101409167051,32.830473966896534,
11014,33.76699099317193,0.7832760456949472,32.857755897566676,
11015,35.83009890280664,0.9126190561801195,34.79445190168917,
11016,33.732617972418666,0.7775709964334965,32.82888303510845,
11017,33.74528093263507,0.7753190584480762,32.84584288485348,
11018,35.64611286856234,0.9201429784297943,34.60189700126648,
11019,33.737251069396734,0.7790639065206051,32.83427003771067,
11020,33.778173150494695,0.7680030539631844,32.88540709763765,
11021,35.759259946644306,0.9059379808604717,34.72848399542272,
11022,33.81151403300464,0.80819521099329,32.87635883316398,
11023,33.8002669159323,0.8089009206742048,32.86621696315706,
11024,35.723763052374125,0.9633710142225027,34.639665158465505,
11025,33.77950005233288,0.8006258867681026,32.85568905994296,
11026,33.76492206007242,0.785997835919261,32.855255994945765,
11027,35.50435113720596,0.9152221027761698,34.465097822248936,
11028,33.779146149754524,0.7758829742670059,32.878156984224916,
11029,33.97297812625766,0.7766028866171837,33.05943217128515,
11030,35.556392977014184,0.9013041853904724,34.52753787860274,
11031,33.99352706037462,0.7972519379109144,33.07672613300383,
11032,33.95704086869955,0.8143358863890171,33.018333138898015,
11033,35.43277992866933,0.7959601934999228,34.514227882027626,
11034,33.8447499088943,0.7826210930943489,32.93808503076434,
11035,33.940491965040565,0.7951611187309027,33.0230079125613,
11036,35.34840396605432,0.80103799700737,34.418646013364196,
11037,33.97593321278691,0.768312020227313,33.07987982407212,
11038,33.85649714618921,0.774285988882184,32.95756294392049,
11039,35.42483481578529,0.7798089645802975,34.519186010584235,
11040,33.88025285676122,0.7835761643946171,32.97236794605851,
11041,33.92826300114393,0.7798979058861732,33.0244111828506,
11042,35.31743516214192,0.7717139087617397,34.41951400600374,
11043,33.95025106146932,0.784710980951786,33.042625058442354,
11044,33.84962002746761,0.7795749697834253,32.9436210449785,
11045,35.66810302436352,0.7861829362809658,34.74756400100887,
11046,34.14904698729515,0.7761670276522636,33.24917401187122,
11047,34.16341496631503,0.7697900291532278,33.272323897108436,
11048,34.85786891542375,0.7887789979577065,33.9424719568342,
11049,34.17048300616443,0.7840478792786598,33.26720604673028,
11050,34.16125802323222,0.7966181728988886,33.24034181423485,
11051,35.0344970356673,0.787666067481041,34.124118043109775,
11052,34.144249046221375,0.7791288662701845,33.2375830039382,
11053,34.169781021773815,0.7837321609258652,33.261034870520234,
11054,34.916914999485016,0.7836748845875263,34.00953393429518,
11055,34.174317959696054,0.7827319204807281,33.26697205193341,
11056,34.14676710963249,0.7802860345691442,33.237765077501535,
11057,35.295017063617706,0.7881759665906429,34.381818026304245,
11058,34.131410997360945,0.7886190433055162,33.219731878489256,
11059,34.17798411101103,0.7814110722392797,33.27228105627,
11060,35.650597885251045,0.7841719780117273,34.7409350797534,
11061,34.019740065559745,0.7882460486143827,33.09583500958979,
11062,34.09616486169398,0.781133072450757,33.19216403178871,
11063,36.06290905736387,0.7868020329624414,35.15098802745342,
11064,34.16661382652819,0.8108080364763737,33.23047095909715,
11065,34.300611121580005,0.7808890659362078,33.39184611104429,
11066,34.562630113214254,0.7763640023767948,33.66227797232568,
11067,34.09327007830143,0.7883470971137285,33.182282000780106,
11068,34.63759087026119,0.7894700393080711,33.72278297320008,
11069,34.38707999885082,0.8044769056141376,33.458382124081254,
11070,34.13955518044531,0.787573866546154,33.2291501108557,
11071,35.06892709992826,0.7758820429444313,34.16798007674515,
11072,34.352344926446676,0.7735281251370907,33.455605851486325,
11073,34.07019702717662,0.7861610502004623,33.160933991894126,
11074,35.49986379221082,0.7880609482526779,34.58089311607182,
11075,34.31456605903804,0.7789600640535355,33.40600384399295,
11076,34.11776293069124,0.7904830854386091,33.203989965841174,
11077,35.83824494853616,0.776166096329689,34.92674604058266,
11078,33.99501205421984,0.7866921368986368,33.08523679152131,
11079,33.93962304107845,0.7990601006895304,33.01664092577994,
11080,34.98076996766031,0.9297269862145185,33.92432886175811,
11081,34.15634296834469,0.8392820600420237,33.192033879458904,
11082,33.823685022071004,0.7791698444634676,32.88524108938873,
11083,34.70628196373582,0.9985629003494978,33.57918304391205,
11084,34.084181068465114,0.8055961225181818,33.15017791464925,
11085,34.02743488550186,0.7826641667634249,33.0755019094795,
11086,34.131936030462384,1.020702999085188,32.96930412761867,
11087,34.179532900452614,0.8279180619865656,33.22738199494779,
11088,33.80693797953427,0.7921359501779079,32.858333084732294,
11089,34.72397709265351,0.9773941710591316,33.60900189727545,
11090,33.95635006017983,0.7829309906810522,33.051166916266084,
11091,33.96834107115865,0.7860399782657623,33.02028705365956,
11092,34.38339312560856,1.0009021498262882,33.24606386013329,
11093,34.2534810770303,0.7866199593991041,33.33189687691629,
11094,33.73931907117367,0.786889111623168,32.78538305312395,
11095,34.59017211571336,0.9951700922101736,33.46238401718438,
11096,33.90578390099108,0.7902700453996658,32.99153107218444,
11097,33.98442314937711,0.7910318672657013,33.03332906216383,
11098,34.219283843412995,0.9924629703164101,33.08985591866076,
11099,34.11009209230542,0.7901431526988745,33.196812961250544,
11100,33.74460409395397,0.7733111269772053,32.797761959955096,
11101,34.84572982415557,0.9847509209066629,33.73528202064335,
11102,33.913865918293595,0.7880229968577623,33.001508098095655,
11103,33.95329602062702,0.7849568501114845,33.01238617859781,
11104,34.25026102922857,1.0013659484684467,33.120427979156375,
11105,34.14938598871231,0.7770040538161993,33.24919403530657,
11106,33.69416715577245,0.7815440185368061,32.75617980398238,
11107,34.85899092629552,0.9865539614111185,33.73181400820613,
11108,33.9226049836725,0.7823198102414608,33.01584301516414,
11109,33.64189085550606,0.7936318870633841,32.68906893208623,
11110,34.22178188338876,0.9812440257519484,33.10143295675516,
11111,33.83193304762244,0.8232318796217442,32.88531699217856,
11112,33.311757957562804,0.7837559096515179,32.404049998149276,
11113,35.32877122052014,0.842041103169322,34.36177596449852,
11114,33.54957886040211,0.8062580600380898,32.6185030862689,
11115,33.60262489877641,0.7881519850343466,32.69260982051492,
11116,34.748701145872474,0.9323861449956894,33.69181789457798,
11117,34.076171927154064,0.7838080637156963,33.165886998176575,
11118,33.35262509062886,0.8552100043743849,32.37404301762581,
11119,35.15365603379905,0.9535390418022871,34.073798917233944,
11120,33.98888511583209,0.7863880600780249,33.07822090573609,
11121,33.66722399368882,0.7776010315865278,32.705680932849646,
11122,34.30405096150935,0.9826819878071547,33.18445407785475,
11123,35.485319094732404,0.7926700636744499,34.569235984236,
11124,33.372191013768315,0.7817600853741169,32.44355879724026,
11125,34.445350989699364,1.0522010270506144,33.24988693930209,
11126,35.76223202981055,0.7915429305285215,34.84785510227084,
11127,33.93524792045355,0.7905368693172932,33.01957598887384,
11128,34.191159065812826,0.9118940215557814,33.153994008898735,
11129,34.956423100084066,0.791194848716259,34.04150321148336,
11130,34.03876814991236,0.7901070639491081,33.12566503882408,
11131,34.07173207961023,0.9204850066453218,33.02885009907186,
11132,35.31858301721513,0.7880090270191431,34.407162107527256,
11133,33.93611195497215,0.77805295586586,33.03884086199105,
11134,34.16279191151261,0.9010089561343193,33.13860693015158,
11135,35.081940004602075,0.8378778584301472,34.119064919650555,
11136,34.05652707442641,0.8072808850556612,33.123780973255634,
11137,34.094715025275946,0.9245509281754494,33.04470097646117,
11138,35.202143946662545,0.7867140229791403,34.29238684475422,
11139,33.920027082785964,0.7880218327045441,33.00742409192026,
11140,34.1600370593369,0.9213828016072512,33.115406055003405,
11141,35.142885986715555,0.7904320955276489,34.21691502444446,
11142,34.14873010478914,0.7997220382094383,33.22133608162403,
11143,34.177240915596485,0.9057691786438227,33.14693598076701,
11144,35.079054068773985,0.7829791866242886,34.17173493653536,
11145,34.01693515479565,0.7854201830923557,33.10739295557141,
11146,34.264570102095604,0.9099110029637814,33.2311219535768,
11147,34.93619686923921,0.7944910321384668,34.01622292585671,
11148,34.1396271251142,0.7884330116212368,33.226987114176154,
11149,34.08440086059272,0.7859389297664165,33.17496017552912,
11150,35.20751907490194,0.7914539892226458,34.290924901142716,
11151,34.06104608438909,0.7915010210126638,33.14831689931452,
11152,34.14328792132437,0.7753279060125351,33.24391902424395,
11153,34.958263859152794,0.7888330146670341,34.0471500530839,
11154,34.12807802669704,0.8014659397304058,33.20384514518082,
11155,33.96324906498194,0.7778829894959927,33.062051981687546,
11156,35.376067040488124,0.7916500326246023,34.460964845493436,
11157,34.16907321661711,0.7941359654068947,33.240598160773516,
11158,34.223448019474745,0.7861349731683731,33.31445204094052,
11159,34.74271087907255,0.7751539815217257,33.84454199112952,
11160,34.22874608077109,0.7764170877635479,33.32596202380955,
11161,34.13925692439079,0.7971390150487423,33.217702992260456,
11162,35.16151988878846,0.7872309070080519,34.25133996643126,
11163,34.15307984687388,0.799017958343029,33.23055803775787,
11164,34.26405694335699,0.7947240956127644,33.34626299329102,
11165,34.76717509329319,0.7779980078339577,33.86618010699749,
11166,34.22820707783103,0.786180142313242,33.31879898905754,
11167,34.20564089901745,0.7843330968171358,33.296520821750164,
11168,35.05374095402658,0.7809491362422705,34.1492029838264,
11169,34.09954812377691,0.7863130886107683,33.1889227963984,
11170,34.874468110501766,0.7908048573881388,33.959632040932775,
11171,34.611686831340194,0.7787670474499464,33.70938100852072,
11172,34.27391382865608,0.7946908008307219,33.36102911271155,
11173,35.61392705887556,0.7833889685571194,34.69442809000611,
11174,34.35623901896179,0.7894928567111492,33.44955598004162,
11175,34.41042103804648,0.7735369727015495,33.51259813643992,
11176,35.94391397200525,0.7835589349269867,35.03699414432049,
11177,34.70957791432738,0.7865510415285826,33.799136988818645,
11178,34.140578005462885,0.7784811314195395,33.237529918551445,
11179,34.75345694459975,0.7890339475125074,33.840951044112444,
11180,34.39078596420586,0.7800271268934011,33.48700189962983,
11181,34.968899795785546,0.782292801886797,34.06239906325936,
11182,34.29107507690787,0.7825340144336224,33.38523698039353,
11183,34.692795015871525,0.7963378448039293,33.77308417111635,
11184,35.184493055567145,0.7911459542810917,34.26956501789391,
11185,34.53461290337145,0.7841968908905983,33.623987110331655,
11186,34.386244136840105,0.7916209287941456,33.47032214514911,
11187,36.29674296826124,0.7943739183247089,35.378171131014824,
11188,34.29654589854181,0.7906558457762003,33.38163299486041,
11189,34.20918807387352,0.7735369727015495,33.26968802139163,
11190,35.02113092690706,0.984701095148921,33.899627858772874,
11191,34.26950192078948,0.7922311779111624,33.34998898208141,
11192,34.05652893707156,0.7982421666383743,33.09967089444399,
11193,34.41400290466845,1.0167518630623817,33.26688893139362,
11194,34.12554203532636,0.7758208084851503,33.22723414748907,
11195,34.20794801786542,0.7866870146244764,33.25402201153338,
11196,34.263181034475565,1.0187639854848385,33.112467965111136,
11197,34.13895005360246,0.7821761537343264,33.234752947464585,
11198,34.00909993797541,0.7808168884366751,33.057188149541616,
11199,34.41722597926855,1.0045100934803486,33.26229494996369,
11200,33.99654198437929,0.7865549996495247,33.085771137848496,
11201,34.18778395280242,0.7885410450398922,33.25648000463843,
11202,34.2244531493634,1.0137429926544428,33.070930978283286,
11203,34.14066298864782,0.7787849754095078,33.235068898648024,
11204,33.959291875362396,0.7800019811838865,33.01945491693914,
11205,34.39551196061075,1.0349680669605732,33.22039102204144,
11206,33.922099974006414,0.7853899151086807,33.01263600587845,
11207,34.15261395275593,0.7774429395794868,33.214820083230734,
11208,34.2249118257314,1.0427639354020357,33.05153106339276,
11209,34.132579108700156,0.783547991886735,33.22718199342489,
11210,33.92791305668652,0.7837219163775444,33.01190002821386,
11211,34.41768907941878,1.0187351144850254,33.25998387299478,
11212,33.93996297381818,0.784306088462472,33.03008200600743,
11213,34.13847484625876,0.8085030131042004,33.177189994603395,
11214,34.27238203585148,1.0510031133890152,33.0898140091449,
11215,34.11608701571822,0.7951860316097736,33.199323108419776,
11216,33.96289888769388,0.7936779875308275,33.02220511250198,
11217,34.43545592017472,1.036464935168624,33.27327989973128,
11218,33.9776158798486,0.7884229999035597,33.067396841943264,
11219,34.10863899625838,0.7743078749626875,33.20252103731036,
11220,34.227567026391625,1.0173500049859285,33.071775920689106,
11221,33.93612406216562,0.7881741039454937,33.01450004801154,
11222,33.769997069612145,0.7914220914244652,32.83434687182307,
11223,34.550300100818276,1.003307057544589,33.40887790545821,
11224,33.76886900514364,0.7984170224517584,32.84852090291679,
11225,33.992790849879384,0.7821728941053152,33.030512975528836,
11226,34.43343611434102,1.016436843201518,33.29027909785509,
11227,33.92493911087513,0.7945888210088015,32.99995418637991,
11228,33.81222812458873,0.7857508026063442,32.864781096577644,
11229,34.77960382588208,0.9754521306604147,33.676189836114645,
11230,33.77051604911685,0.7880339398980141,32.85988210700452,
11231,33.9792410377413,0.7789121009409428,33.0490309279412,
11232,34.36146001331508,0.9734570048749447,33.251001965254545,
11233,33.944821916520596,0.7899110205471516,33.03075302392244,
11234,33.77137379720807,0.7797041907906532,32.85896289162338,
11235,34.75650981999934,1.0057061444967985,33.60017901286483,
11236,33.780003897845745,0.7779730949550867,32.879217993468046,
11237,33.61206012777984,0.7763879839330912,32.69008896313608,
11238,34.6458179410547,0.9539399761706591,33.545346930623055,
11239,33.61362498253584,0.8551720529794693,32.63651207089424,
11240,33.97102910093963,0.7940230425447226,33.018582966178656,
11241,34.63711799122393,0.9711089078336954,33.52872910909355,
11242,33.68432493880391,0.7886548992246389,32.77166490443051,
11243,33.85423822328448,0.7820338942110538,32.94881107285619,
11244,34.76765286177397,0.9659391362220049,33.67829485796392,
11245,33.58751302585006,0.7921908982098103,32.67215192317963,
11246,33.89335400424898,0.7812939584255219,32.98871801234782,
11247,34.60537502542138,0.9359971154481173,33.53102202527225,
11248,33.72326400130987,0.7829519454389811,32.81842917203903,
11249,33.85986806824803,0.7946868427097797,32.93531318195164,
11250,34.71482079476118,0.9819800034165382,33.599388087168336,
11251,33.59322901815176,0.793317100033164,32.67616708762944,
11252,33.88305217958987,0.7857379969209433,32.974200090393424,
11253,34.95590784586966,0.969455111771822,33.847301034256816,
11254,33.72709406539798,0.784191070124507,32.819296000525355,
11255,34.27883516997099,0.7914628367871046,33.30560494214296,
11256,34.2683179769665,1.0219397954642773,33.11917511746287,
11257,33.98763504810631,0.7806918583810329,33.08168915100396,
11258,34.01321009732783,0.7800739258527756,33.078557113185525,
11259,34.635507967323065,0.9993230924010277,33.504833932965994,
11260,33.71594403870404,0.784748001024127,32.80914411880076,
11261,34.30212801322341,0.780206173658371,33.36105798371136,
11262,34.09956814721227,1.0297608096152544,32.942461082711816,
11263,33.9990200009197,0.7909180130809546,33.08577206917107,
11264,34.00073410011828,0.7907240651547909,33.058145083487034,
11265,34.731688909232616,0.9980069007724524,33.58907904475927,
11266,33.74119591899216,0.790454912930727,32.82830701209605,
11267,34.21951294876635,0.7825051434338093,33.28702598810196,
11268,34.20996805652976,1.0100961662828922,33.061566995456815,
11269,34.119300078600645,0.7950151339173317,33.18908787332475,
11270,34.072690876200795,0.7805440109223127,33.150674076750875,
11271,34.647868014872074,1.0165059939026833,33.49076514132321,
11272,33.86537404730916,0.7863750215619802,32.954924972727895,
11273,34.40409479662776,0.7834790740162134,33.47801882773638,
11274,34.04038492590189,1.0391189716756344,32.861934043467045,
11275,34.12154200486839,0.8380119688808918,33.1630939617753,
11276,34.092318965122104,0.786669785156846,33.1223220564425,
11277,34.487402997910976,1.0362269822508097,33.31913612782955,
11278,33.816718962043524,0.7859379984438419,32.90851810015738,
11279,34.42361322231591,0.7872548885643482,33.47052400931716,
11280,34.067092929035425,1.0559640359133482,32.878785859793425,
11281,34.117898903787136,0.7741039153188467,33.2204659935087,
11282,34.028830006718636,0.7873468566685915,33.08177599683404,
11283,34.482432063668966,1.0113578755408525,33.336763037368655,
11284,33.803665079176426,0.8016531355679035,32.88006200455129,
11285,34.485008800402284,0.7901240605860949,33.52020098827779,
11286,34.17456895112991,1.0277379769831896,33.00959104672074,
11287,34.1985528357327,0.7810629904270172,33.293596003204584,
11288,34.168788930401206,0.7797710131853819,33.228489803150296,
11289,34.5642170868814,1.0531200096011162,33.374825958162546,
11290,33.92586391419172,0.7884670048952103,33.015015069395304,
11291,34.43252784200013,0.7808860391378403,33.52067689411342,
11292,34.16005917824805,1.0110950097441673,33.016125904396176,
11293,34.21596507541835,0.7957390043884516,33.297087997198105,
11294,34.12317205220461,0.7784920744597912,33.184689935296774,
11295,34.55080697312951,0.9942699689418077,33.30683009698987,
11296,34.22027500346303,1.0696379467844963,33.00407202914357,
11297,34.43429316394031,0.7915899623185396,33.497897908091545,
11298,33.9789551217109,0.9190679993480444,32.936148112639785,
11299,34.18344003148377,0.7947299163788557,33.26516202650964,
11300,34.210952930152416,0.7866609375923872,33.26845006085932,
11301,34.4704850576818,0.9202591609209776,33.40789279900491,
11302,34.175303066149354,0.7822129409760237,33.26916112564504,
11303,34.54500390216708,0.7883680518716574,33.63371780142188,
11304,34.3066721688956,0.9072457905858755,33.272278029471636,
11305,34.27035198546946,0.7869917899370193,33.36022701114416,
11306,34.427270060405135,0.7814019918441772,33.51760818623006,
11307,34.43412506021559,0.9045018814504147,33.407415030524135,
11308,34.1388878878206,0.7931869477033615,33.22503296658397,
11309,34.54577992670238,0.7870909757912159,33.633864019066095,
11310,34.279315965250134,0.9112770203500986,33.244299003854394,
11311,34.28996913135052,0.7869659457355738,33.38187700137496,
11312,34.4394720159471,0.7916581816971302,33.52237795479596,
11313,34.78092607110739,0.9172719437628984,33.74176798388362,
11314,34.154594875872135,0.7827139925211668,33.246499951928854,
11315,34.49764708057046,0.7782240863889456,33.59501506201923,
11316,35.037777153775096,0.9188798721879721,33.990633208304644,
11317,34.154332941398025,0.7904029916971922,33.22932403534651,
11318,34.21428008005023,0.7919319905340672,33.30387105233967,
11319,35.59840586967766,0.924218911677599,34.55262095667422,
11320,34.01139797642827,0.795542960986495,33.093188889324665,
11321,34.34663685038686,0.7924339734017849,33.430667128413916,
11322,35.94154701568186,0.9009330533444881,34.91233801469207,
11323,34.13549205288291,0.7747809868305922,33.23699114844203,
11324,34.264458110556006,0.7795209530740976,33.362257992848754,
11325,34.92000582627952,0.7882039062678814,34.008256159722805,
11326,33.948071068152785,0.7932430598884821,33.03206688724458,
11327,34.10107619129121,0.7855091243982315,33.19143387489021,
11328,34.38854799605906,0.7886020466685295,33.477146876975894,
11329,34.138032933697104,0.7986489217728376,33.214383060112596,
11330,34.04948394745588,0.788272125646472,33.134079072624445,
11331,34.495268017053604,0.7780049927532673,33.59529795125127,
11332,33.98674610070884,0.8018610533326864,33.06160983629525,
11333,34.12908292375505,0.7856430020183325,33.210678957402706,
11334,34.24901980906725,0.7862551137804985,33.33985200151801,
11335,34.10527599044144,0.7791751995682716,33.200244884938,
11336,34.18519580736756,0.7856988813728094,33.27512298710644,
11337,34.42685701884329,0.7959390059113503,33.5093061439693,
11338,33.96415594033897,0.8040238171815872,33.037147019058466,
11339,34.34558305889368,0.7929380517452955,33.43014605343342,
11340,34.27367494441569,0.7956430781632662,33.35589193738997,
11341,34.13410112261772,0.7887419778853655,33.222903963178396,
11342,34.208368975669146,0.7851209957152605,33.300210954621434,
11343,34.3662528321147,0.7958610076457262,33.447684021666646,
11344,34.57621484994888,0.7911319844424725,33.33897911943495,
11345,36.49085899814963,3.1227830331772566,33.23553199879825,
11346,34.13420100696385,0.7795300334692001,33.22883998043835,
11347,34.11698108538985,0.7972999010235071,33.200419042259455,
11348,35.21370212547481,0.7892560679465532,34.30130099877715,
11349,34.14221899583936,0.7944400422275066,33.21299888193607,
11350,33.81315805017948,0.7976929191499949,32.893318915739655,
11351,36.26153408549726,0.7933150045573711,35.34527588635683,
11352,35.605412907898426,0.7973171304911375,34.415689995512366,
11353,34.06772296875715,0.8146800100803375,33.130770083516836,
11354,34.52032897621393,0.7985280826687813,33.594628097489476,
11355,33.9672788977623,0.8001928217709064,33.04472309537232,
11356,37.11945214308798,1.1522420682013035,35.83996091037989,
11357,34.59014184772968,0.7953669410198927,33.670468954369426,
11358,33.82574510760605,0.7945490069687366,32.908703200519085,
11359,35.348620964214206,0.7955420296639204,34.427155973389745,
11360,37.379401037469506,0.8179880678653717,36.436198046430945,
11361,34.02837901376188,0.8174779359251261,33.08811713941395,
11362,34.89299095235765,0.8105859160423279,33.957851119339466,
11363,35.90254602022469,0.8092019706964493,34.968892112374306,
11364,33.843053970485926,0.7983681280165911,32.919690012931824,
11365,35.92246491461992,0.7983341347426176,34.97324604541063,
11366,34.618953010067344,0.9916259441524744,33.49841991439462,
11367,33.81982515566051,0.8053150959312916,32.892698887735605,
11368,33.60116085968912,0.7988929282873869,32.6797750312835,
11369,35.22419393993914,0.9557378944009542,34.143943106755614,
11370,33.67261099629104,0.8083151187747717,32.74145699106157,
11371,33.961353125050664,0.7926500402390957,33.027208875864744,
11372,34.803224029019475,0.9654441382735968,33.710438990965486,
11373,33.859360963106155,0.7897331379354,32.9476878978312,
11374,33.712817123159766,0.7940400391817093,32.77525398880243,
11375,34.87156820483506,1.0084721725434065,33.7360929697752,
11376,33.690555952489376,0.7883838843554258,32.778096152469516,
11377,33.89298007823527,0.7921080105006695,32.95153006911278,
11378,34.572500037029386,0.992027809843421,33.44908403232694,
11379,33.83524203673005,0.7933930028229952,32.91912307031453,
11380,33.6823770776391,0.787010183557868,32.74978091940284,
11381,34.8825769033283,0.9732500184327364,33.75816601328552,
11382,33.93816598691046,0.8095600642263889,33.00714795477688,
11383,34.020270919427276,0.7960479706525803,33.05632807314396,
11384,34.669520100578666,1.0201351251453161,33.50123483687639,
11385,33.78749103285372,0.7912639994174242,32.867935951799154,
11386,33.9760179631412,0.809206860139966,33.032125094905496,
11387,34.49242911301553,1.0098060593008995,33.3587599452585,
11388,33.94195809960365,0.7990000303834677,33.02068309858441,
11389,33.89373188838363,0.7984710391610861,32.93929202482104,
11390,34.60198896937072,1.0086139664053917,33.4667400456965,
11391,33.81872409954667,0.7803638000041246,32.915996154770255,
11392,33.98933494463563,0.7806499488651752,33.037340035662055,
11393,34.536439925432205,1.0018751490861177,33.39100698940456,
11394,33.945437986403704,0.7900490891188383,33.03381591103971,
11395,33.84193801321089,0.7889340631663799,32.90351410396397,
11396,34.85080786049366,0.9963999036699533,33.72839093208313,
11397,33.96776714362204,0.7870430126786232,33.04744511842728,
11398,34.06437183730304,0.7839861791580915,33.097507897764444,
11399,34.44286901503801,1.0683781001716852,33.25095004402101,
11400,33.96545210853219,0.7850730326026678,33.057695953175426,
11401,33.99454499594867,0.7945641409605742,33.04774593561888,
11402,34.493047976866364,1.018795883283019,33.34232000634074,
11403,33.94673205912113,0.7808678783476353,33.04412495344877,
11404,33.97357789799571,0.7761549204587936,33.05235109291971,
11405,34.4892127905041,1.0441620834171772,33.309228951111436,
11406,33.9622690808028,0.7992452010512352,33.04006299003959,
11407,34.06114410609007,0.7876139134168625,33.103405963629484,
11408,34.41447112709284,1.0377729777246714,33.24287314899266,
11409,33.95249298773706,0.7904970552772284,33.03816099651158,
11410,33.98957196623087,0.7791619282215834,33.037301851436496,
11411,34.45718716830015,1.004606019705534,33.315574983134866,
11412,33.94969296641648,0.8003718685358763,33.02847594022751,
11413,34.108194056898355,0.7916830945760012,33.15528598614037,
11414,34.39550497569144,0.9937169961631298,33.26833015307784,
11415,34.05860299244523,0.7930269930511713,33.14623795449734,
11416,34.055013908073306,0.7800611201673746,33.12564501538873,
11417,34.44021404720843,1.034687040373683,33.2748640794307,
11418,33.999486826360226,0.7903929799795151,33.08463096618652,
11419,34.07992119900882,0.7997590582817793,33.150161849334836,
11420,34.417458111420274,1.0453430004417896,33.224632032215595,
11421,34.06483703292906,0.7843731436878443,33.15514698624611,
11422,34.05862906947732,0.7935019675642252,33.10583112761378,
11423,34.489542013034225,0.9981729090213776,33.35893200710416,
11424,34.04559497721493,0.791831873357296,33.13155402429402,
11425,34.11688981577754,0.8119288831949234,33.134123077616096,
11426,34.29275401867926,1.0202450212091208,33.136473037302494,
11427,34.03697698377073,0.7827270310372114,33.13076193444431,
11428,34.03468290343881,0.7886679377406836,33.11411407776177,
11429,34.5829629804939,0.9950189851224422,33.439741004258394,
11430,34.20140082016587,0.7892011199146509,33.28918688930571,
11431,34.23407091759145,0.781322130933404,33.29223208129406,
11432,34.527356969192624,1.0466198436915874,33.338156063109636,
11433,34.21416808851063,0.7870129775255919,33.305610064417124,
11434,34.26993894390762,0.7823270279914141,33.33376906812191,
11435,34.371964167803526,0.968047883361578,33.26744097284973,
11436,34.25700310617685,0.7959660142660141,33.33648480474949,
11437,34.24310218542814,0.7793172262609005,33.30830694176257,
11438,34.40444404259324,0.9321069810539484,33.33429014310241,
11439,34.22815212979913,0.7995699997991323,33.30527595244348,
11440,34.261364955455065,0.7939799688756466,33.34318706765771,
11441,34.78065296076238,0.9150970727205276,33.73693092726171,
11442,34.19074905104935,0.7815239951014519,33.287273021414876,
11443,34.1784090269357,0.7886849343776703,33.266520127654076,
11444,35.23874515667558,0.9142679627984762,34.202822018414736,
11445,34.13936612196267,0.7925368845462799,33.2131611648947,
11446,34.117917995899916,0.7936100009828806,33.20103301666677,
11447,35.42491397820413,0.9155101142823696,34.387500025331974,
11448,34.108884166926146,0.8026179857552052,33.18333299830556,
11449,34.10992491990328,0.7954740431159735,33.19059615023434,
11450,36.06014186516404,0.9281989187002182,35.008999053388834,
11451,34.10984389483929,0.7896639872342348,33.1981519702822,
11452,34.12316390313208,0.7848409004509449,33.213355112820864,
11453,35.09494592435658,0.9155180305242538,34.0533631388098,
11454,34.05200596898794,0.7928488776087761,33.14075106754899,
11455,34.3035829719156,0.7926200050860643,33.38649799115956,
11456,34.41490698605776,0.922136940062046,33.36947783827782,
11457,34.12505588494241,0.7975348271429539,33.20554015226662,
11458,34.4293809030205,0.7934470195323229,33.5135729983449,
11459,34.337691962718964,0.8054778445512056,33.40899711474776,
11460,34.082646016031504,0.7954428438097239,33.164147986099124,
11461,34.273840952664614,0.7800681050866842,33.358406042680144,
11462,34.24665401689708,0.7888160180300474,33.33506686612964,
11463,33.87206303887069,0.7969141006469727,32.95316291041672,
11464,34.33862514793873,0.7964910473674536,33.418647944927216,
11465,34.072402864694595,0.7911401335150003,33.158326987177134,
11466,34.102289006114006,0.7917941547930241,33.18751999177039,
11467,34.255036851391196,0.7905620150268078,33.33870484493673,
11468,34.15190312080085,0.7825538050383329,33.244688995182514,
11469,33.88405591249466,0.7764238398522139,32.990832114592195,
11470,34.33550405316055,0.7800089661031961,33.43316703103483,
11471,33.99680997245014,0.7979560177773237,33.07616105303168,
11472,34.05576106160879,0.7935441099107265,33.137367805466056,
11473,34.06353481113911,0.792813953012228,33.14906801097095,
11474,34.272948978468776,0.7930467836558819,33.35794503800571,
11475,33.91605778597295,0.8008829317986965,32.990409061312675,
11476,34.17529002763331,0.8598270360380411,33.19361084140837,
11477,34.03331316076219,0.7878730539232492,33.11054804362357,
11478,33.9629917871207,0.7852199487388134,33.05281209759414,
11479,33.905151998624206,0.7867778185755014,32.99546311609447,
11480,34.26806186325848,0.7902579382061958,33.35310518741608,
11481,33.921682043001056,0.7889631669968367,33.01486885175109,
11482,33.96987519226968,0.7813828997313976,33.06416398845613,
11483,34.14767608046532,0.7845929358154535,33.24121795594692,
11484,34.01161800138652,0.7940549403429031,33.094909973442554,
11485,33.86754100210965,0.7924048695713282,32.94788300991058,
11486,34.265125868842006,0.7910269778221846,33.35044509731233,
11487,33.94740493968129,0.7961839437484741,33.02820189855993,
11488,34.001759020611644,0.7905310485512018,33.088574884459376,
11489,34.29253911599517,0.7915850728750229,33.37622690014541,
11490,34.01308902539313,0.7976051419973373,33.092758851125836,
11491,33.92287902534008,0.7962989620864391,33.00390997901559,
11492,34.46598700247705,0.7920609787106514,33.555016154423356,
11493,33.567019971087575,0.7823880296200514,32.65160298906267,
11494,33.61129714176059,0.7835119031369686,32.706314930692315,
11495,34.721103962510824,0.7885070517659187,33.81018107756972,
11496,33.59038708731532,0.7845270447432995,32.6788870152086,
11497,33.56119501404464,0.7861398626118898,32.65260998159647,
11498,35.06891010329127,0.7886891253292561,34.158311085775495,
11499,33.56373403221369,0.7894148584455252,32.65126817859709,
11500,33.60561095178127,0.7942670490592718,32.68902678973973,
11501,35.08943202905357,0.7978018838912249,34.16805900633335,
11502,33.60216412693262,0.7911010179668665,32.68910199403763,
11503,33.579396083950996,0.7902150973677635,32.66559983603656,
11504,35.14649416320026,0.8070999756455421,34.217267064377666,
11505,33.574913162738085,0.7953888271003962,32.65926009044051,
11506,33.59917993657291,0.7986740674823523,32.67705789767206,
11507,34.90402502939105,0.7847549859434366,33.99740485474467,
11508,33.630294958129525,0.7897501345723867,32.7171019744128,
11509,33.76437188126147,0.7930339779704809,32.83703583292663,
11510,34.833220997825265,0.8035958744585514,33.906950149685144,
11511,33.98047690279782,0.7899338379502296,33.06580102071166,
11512,33.80558220669627,0.8094229269772768,32.87062793970108,
11513,35.08859500288963,0.7960498332977295,34.17033306322992,
11514,33.776914002373815,0.7932009175419807,32.86023600958288,
11515,34.04148109257221,0.8116699755191803,33.107094932347536,
11516,34.481839975342155,0.7981760427355766,33.56051282025874,
11517,34.066837979480624,0.7875629235059023,33.15701801329851,
11518,33.75441185198724,0.7965229451656342,32.835243036970496,
11519,34.83596793375909,0.8224840275943279,33.890387043356895,
11520,33.728576032444835,0.7946179248392582,32.810847042128444,
11521,34.070667112246156,0.790389021858573,33.1583300139755,
11522,34.43923802115023,0.7870940025895834,33.528663916513324,
11523,34.040716011077166,0.7946488913148642,33.12424500472844,
11524,33.74441806226969,0.7963150274008512,32.82574191689491,
11525,34.65076698921621,0.7813579868525267,33.734824042767286,
11526,33.99275499396026,0.8424988482147455,33.02703099325299,
11527,33.85615302249789,0.7976859342306852,32.93437394313514,
11528,34.84427789226174,0.83127710968256,33.890636870637536,
11529,33.85080909356475,0.8161501027643681,32.91201195679605,
11530,33.90321391634643,0.8037041407078505,32.97725087031722,
11531,34.581203013658524,0.7955520413815975,33.66366308182478,
11532,33.92228181473911,0.7882979698479176,33.00988394767046,
11533,33.827041974291205,0.7953927852213383,32.90881309658289,
11534,34.73512805067003,0.7978191133588552,33.814300084486604,
11535,33.82498095743358,0.8046848233789206,32.899069134145975,
11536,33.91436394304037,0.7896889001131058,33.00099796615541,
11537,34.56248599104583,0.7888269610702991,33.65170303732157,
11538,33.91800005920231,0.788944074884057,33.005558885633945,
11539,33.83898106403649,0.7921219803392887,32.92416105978191,
11540,34.73113989457488,0.7984009571373463,33.808900974690914,
11541,33.928101882338524,0.7995699997991323,32.994835171848536,
11542,34.01984996162355,0.7985359989106655,33.09829696081579,
11543,34.47707090526819,0.7893498986959457,33.56282110325992,
11544,34.09531293436885,0.8061418775469065,33.16168510355055,
11545,33.96781301125884,0.8432280737906694,33.00213906913996,
11546,34.697918919846416,0.8068298920989037,33.76864013262093,
11547,33.91244309023023,0.7980500813573599,32.993008848279715,
11548,34.07865087501705,0.7969790603965521,33.15754304639995,
11549,34.36473594047129,0.7916430477052927,33.450949005782604,
11550,34.01900292374194,0.8096769452095032,33.085396979004145,
11551,33.94114994443953,0.7954009342938662,33.02225098013878,
11552,34.64968083426356,0.7910418789833784,33.735956996679306,
11553,33.91815791837871,0.7860308978706598,33.00834307447076,
11554,34.05485418625176,0.7861850317567587,33.14526402391493,
11555,34.375816117972136,0.7925690151751041,33.46155094914138,
11556,34.11075007170439,0.8076659869402647,33.17923890426755,
11557,34.29962298832834,0.787470955401659,33.37581595405936,
11558,34.596470883116126,0.7950710132718086,33.67656911723316,
11559,34.28598609752953,0.7949250284582376,33.365391893312335,
11560,34.28125288337469,0.8198530413210392,33.336367923766375,
11561,34.58900097757578,0.7908579427748919,33.671728102490306,
11562,34.31826294399798,0.8214509580284357,33.3743360824883,
11563,34.273294964805245,0.8016899228096008,33.35057711228728,
11564,34.41559011116624,0.7946270052343607,33.497507916763425,
11565,34.28469807840884,0.7867240346968174,33.376114908605814,
11566,34.2523951549083,0.8068860042840242,33.32126815803349,
11567,34.42058991640806,0.796453095972538,33.49886485375464,
11568,34.285641042515635,0.7934500463306904,33.36830297484994,
11569,34.28907017223537,0.7950018625706434,33.369735116139054,
11570,34.404285019263625,0.7974591571837664,33.48010894842446,
11571,34.32738105766475,0.7979939691722393,33.39546616189182,
11572,34.806772135198116,0.8658319711685181,33.81761512719095,
11573,34.391471883282065,0.8789810817688704,33.370777033269405,
11574,34.051707945764065,0.850234879180789,33.07176101952791,
11575,34.80491507798433,0.8336489554494619,33.84640906006098,
11576,34.16892513632774,0.8176290430128574,33.22618594393134,
11577,34.19404197484255,0.8245829958468676,33.247119979932904,
11578,35.00004904344678,0.8195389527827501,34.056568052619696,
11579,34.27766007371247,0.819050008431077,33.33487012423575,
11580,34.048788947984576,0.8269920945167542,33.09748391620815,
11581,35.55433894507587,0.8214318659156561,34.60964607074857,
11582,34.13662896491587,0.8253748528659344,33.187138149514794,
11583,34.17882486246526,0.8153470698744059,33.24071201495826,
11584,35.76818504370749,0.8023921400308609,34.8436760250479,
11585,34.2886159196496,0.810862984508276,33.354949904605746,
11586,33.99452590383589,0.8183920290321112,33.05165399797261,
11587,36.23771807178855,0.9225080721080303,35.19206610508263,
11588,34.03845289722085,0.8109048940241337,33.10504416003823,
11589,34.236147068440914,0.8200369775295258,33.24316209182143,
11590,35.11233301833272,1.0337529238313437,33.90161716379225,
11591,34.45083601400256,1.0044940281659365,33.32020598463714,
11592,34.34954606927931,0.9333500638604164,33.28789584338665,
11593,34.5892000477761,1.0167229920625687,33.44660811126232,
11594,34.263720037415624,0.8733989670872688,33.26730290427804,
11595,34.25100212916732,0.8692881092429161,33.2585908472538,
11596,34.477181965485215,0.9865900501608849,33.36638095788658,
11597,34.247560892254114,0.8466481231153011,33.27678795903921,
11598,34.22404802404344,0.8317639585584402,33.27018418349326,
11599,34.53174186870456,0.9797639213502407,33.425702014938,
11600,34.20161991380155,0.8548120968043804,33.21849997155368,
11601,34.196444088593125,0.8435961790382862,33.22779084555805,
11602,34.46397907100618,0.9561679325997829,33.38562301360071,
11603,34.23951310105622,0.8318268228322268,33.28327718190849,
11604,34.19321798719466,0.832853140309453,33.235597889870405,
11605,34.5740569755435,0.9453669190406799,33.49257702939212,
11606,33.98104012012482,0.8287548553198576,33.02633995190263,
11607,34.16306199505925,0.8196400012820959,33.217321848496795,
11608,34.22140912152827,0.9501320309937,33.14332105219364,
11609,34.215568797662854,0.8499459363520145,33.24020095169544,
11610,34.071736969053745,0.8625639602541924,33.08057808317244,
11611,34.501029876992106,0.9646338876336813,33.41122204437852,
11612,33.98269508033991,0.8295008447021246,33.02840515971184,
11613,34.18295504525304,0.8379830978810787,33.22059288620949,
11614,34.20877014286816,1.004922902211547,33.07795710861683,
11615,34.229209180921316,0.8270530961453915,33.2754859700799,
11616,34.03180302120745,0.8165398612618446,33.09001005254686,
11617,34.291764022782445,0.9403731673955917,33.225271850824356,
11618,33.9417380746454,0.8322480134665966,32.9840627964586,
11619,34.16877705603838,0.8267131634056568,33.217463875189424,
11620,34.179065842181444,0.9599369950592518,33.09578797779977,
11621,33.917520893737674,0.8085120934993029,32.97653095796704,
11622,33.94406381994486,0.8068389724940062,33.0135531257838,
11623,33.96950010210276,0.9463669266551733,32.89732104167342,
11624,33.94258487969637,0.8146329782903194,33.00222707912326,
11625,33.88504218310118,0.8536309469491243,32.90562308393419,
11626,34.01036700233817,0.935669057071209,32.95068698935211,
11627,33.86880410835147,0.802421011030674,32.94396377168596,
11628,33.899376168847084,0.7997918874025345,32.975746085867286,
11629,33.985680900514126,0.9495588019490242,32.91085711680353,
11630,33.89690304175019,0.79499208368361,32.979286974295974,
11631,33.838795963674784,0.7857279852032661,32.90228615514934,
11632,34.14080897346139,0.9766530711203814,33.01436803303659,
11633,33.84361113421619,0.7930370047688484,32.92810404673219,
11634,33.94160605967045,0.7899841293692589,32.99895185045898,
11635,34.11352401599288,1.0438051540404558,32.93999587185681,
11636,33.9040148537606,0.8202579338103533,32.95884816907346,
11637,33.86437217704952,0.7983308751136065,32.8849230427295,
11638,34.54943094402552,1.0042379144579172,33.416773891076446,
11639,33.55701919645071,0.8080650586634874,32.626823987811804,
11640,33.97343493998051,0.7985059637576342,33.01748097874224,
11641,34.431171137839556,0.9843050502240658,33.31368695944548,
11642,33.91517512500286,0.800758134573698,32.990833977237344,
11643,33.5161539260298,0.803614966571331,32.587616937235,
11644,35.182646941393614,0.9416609536856413,34.11595709621906,
11645,33.54370500892401,0.8210949599742889,32.60104497894645,
11646,33.99036801420152,0.8007350843399763,33.04702905006707,
11647,34.40191084519029,1.0146310087293386,33.23549800552428,
11648,33.93234312534332,0.790006946772337,33.020061207935214,
11649,33.54399488307536,0.7946689147502184,32.627154141664505,
11650,35.1122678257525,0.9289991576224566,34.06071988865733,
11651,33.57280697673559,0.7988261058926582,32.65204490162432,
11652,33.96391589194536,0.7953678723424673,33.02785218693316,
11653,34.730796003714204,0.9828051552176476,33.60819397494197,
11654,34.638833021745086,0.8180721197277308,33.698393031954765,
11655,34.05464510433376,0.8008209988474846,33.102552872151136,
11656,34.422682132571936,1.055483939126134,33.237294992432,
11657,33.902063965797424,0.781649025157094,32.99573389813304,
11658,34.232947044074535,0.794252147898078,33.28063199296594,
11659,34.10347690805793,1.0568918660283089,32.9142480622977,
11660,34.20330584049225,0.8029879536479712,33.27585500665009,
11661,33.8785438798368,0.7934649474918842,32.941776094958186,
11662,34.45993806235492,1.0018390603363514,33.314608968794346,
11663,33.85369200259447,0.8042638655751944,32.926314044743776,
11664,34.26434192806482,0.7960849907249212,33.2809379324317,
11665,34.12502887658775,1.0339929722249508,32.937295967713,
11666,34.150840947404504,0.8333520963788033,33.192755887284875,
11667,33.8953270111233,0.7941420190036297,32.95251214876771,
11668,34.6152069978416,0.983924837782979,33.49512303248048,
11669,33.94297696650028,0.8268719539046288,32.98117616213858,
11670,34.36958906240761,0.8029821328818798,33.405816880986094,
11671,34.1350210364908,1.0389769449830055,32.967719016596675,
11672,34.32590584270656,0.8141291327774525,33.387628849595785,
11673,34.04363105073571,0.7999429944902658,33.091282937675714,
11674,34.53852818347514,1.0430470574647188,33.36338698863983,
11675,33.95078610628843,0.8034391794353724,33.0243359785527,
11676,34.313765121623874,0.7942579686641693,33.376076025888324,
11677,34.17218802496791,1.0535512119531631,32.98091399483383,
11678,34.31935305707157,0.812566140666604,33.38776505552232,
11679,34.07584805972874,0.796549953520298,33.12354302033782,
11680,34.60133797489107,1.0832431726157665,33.38485397398472,
11681,33.95557287149131,0.8471980690956116,32.98691287636757,
11682,34.32615986093879,0.8182290475815535,33.36425800807774,
11683,34.12080788984895,0.9873609524220228,33.00796286202967,
11684,34.30608008056879,0.7961099036037922,33.38550613261759,
11685,34.4961229711771,0.7923878729343414,33.53518410585821,
11686,34.32197496294975,0.9529439266771078,33.232904970645905,
11687,34.4433169811964,0.7955331820994616,33.52434700354934,
11688,34.24595994874835,0.7970309816300869,33.32796203903854,
11689,34.49216694571078,0.9422691073268652,33.425933914259076,
11690,34.262533066794276,0.8129598572850227,33.32674107514322,
11691,34.487954108044505,0.8309190161526203,33.53141201660037,
11692,34.278457053005695,0.9352399501949549,33.220146084204316,
11693,34.39448308199644,0.8156870026141405,33.45155785791576,
11694,34.240559907630086,0.7861580234020948,33.33083586767316,
11695,34.55621609464288,0.9305921848863363,33.500347984954715,
11696,34.273851895704865,0.8081451524049044,33.33534486591816,
11697,34.41604203544557,0.7960458751767874,33.49521919153631,
11698,34.904192900285125,0.9243730455636978,33.85594300925732,
11699,34.4065020326525,0.8018380030989647,33.482779981568456,
11700,34.20077892951667,0.7927550468593836,33.28862483613193,
11701,35.46794899739325,0.9193269070237875,34.41246412694454,
11702,34.21083395369351,0.7953648455440998,33.292779000476,
11703,34.48034101165831,0.7978461217135191,33.557458082214,
11704,36.00058984011412,0.9225048124790192,34.95514206588268,
11705,34.42294290289283,0.793183920904994,33.50578504614532,
11706,34.1744429897517,0.7991818711161613,33.25357614085078,
11707,35.52346210926771,0.7979180663824081,34.603318898007274,
11708,34.1419018805027,0.7976819761097431,33.220615005120635,
11709,34.449795028194785,0.8001059759408236,33.523306949064136,
11710,35.58200295083225,0.812305137515068,34.64609384536743,
11711,34.42653804086149,0.793882180005312,33.50154682993889,
11712,34.14836106821895,0.7981529925018549,33.22566393762827,
11713,36.45962686277926,0.802014023065567,35.534004913643,
11714,34.180764108896255,0.8003208786249161,33.253303030505776,
11715,34.48089910671115,0.8244698401540518,33.53206510655582,
11716,35.297788912430406,0.8065958973020315,34.3683110550046,
11717,34.28873582743108,0.79962401650846,33.356837928295135,
11718,34.106072038412094,0.8004799019545317,33.18364708684385,
11719,34.58977001719177,0.7881729397922754,33.67972210980952,
11720,34.11368001252413,0.7992950268089771,33.190827118232846,
11721,34.27933692000806,0.809740973636508,33.34640385583043,
11722,34.34655396267772,0.7891729474067688,33.43389299698174,
11723,34.20661296695471,0.7993711624294519,33.28480990603566,
11724,34.1442481148988,0.7972409948706627,33.2257931586355,
11725,34.476447850465775,0.7945431862026453,33.557380782440305,
11726,34.137418027967215,0.796089181676507,33.21702382527292,
11727,34.341015852987766,0.7950100116431713,33.423363929614425,
11728,34.302025102078915,0.8090408518910408,33.37348811328411,
11729,34.33288005180657,0.8187969215214252,33.39493810199201,
11730,34.17236218228936,0.8045199792832136,33.244304824620485,
11731,34.50405807234347,0.8010740857571363,33.57720607891679,
11732,34.10029411315918,0.7908050902187824,33.18628203123808,
11733,34.569354029372334,0.8166381157934666,33.61774398945272,
11734,34.45656201802194,0.8186120539903641,33.514524111524224,
11735,34.312051022425294,0.8153629023581743,33.37358497083187,
11736,34.69602297991514,0.8020771201699972,33.771072048693895,
11737,34.35646812431514,0.7990209851413965,33.43351581133902,
11738,34.23377592116594,0.8177671115845442,33.29233801923692,
11739,35.12772195972502,0.8055639918893576,34.19559798203409,
11740,34.35893403366208,0.7838830351829529,33.45140488818288,
11741,34.373564878478646,0.846827169880271,33.403596840798855,
11742,35.663558868691325,0.8053688798099756,34.733186941593885,
11743,34.514241851866245,0.807509059086442,33.58373395167291,
11744,34.294474171474576,0.7970270235091448,33.37468905374408,
11745,36.215441999956965,0.7985651027411222,35.29298189096153,
11746,34.27103883586824,0.8021111134439707,33.34500780329108,
11747,34.31362006813288,0.8165210019797087,33.379099098965526,
11748,35.931712947785854,0.7928090635687113,35.01305100508034,
11749,33.397596096619964,0.8005381096154451,32.463186886161566,
11750,33.728081965819,0.8048219606280327,32.76975802145898,
11751,34.34120491147041,1.0071571450680494,33.20084186270833,
11752,33.67331298068166,0.797429820522666,32.75274811312556,
11753,33.41833990998566,0.800201902166009,32.495155930519104,
11754,35.2792339399457,0.830864068120718,34.32698990218341,
11755,33.425468020141125,0.7954190950840712,32.507653813809156,
11756,33.71557896025479,0.8028070442378521,32.79438801109791,
11757,34.69434496946633,0.9147559758275747,33.6570970248431,
11758,33.63613807596266,0.7995360065251589,32.71439904347062,
11759,33.413069089874625,0.8045709691941738,32.48739708214998,
11760,35.223479848355055,0.8365910034626722,34.26889004185796,
11761,33.42086402699351,0.8075179066509008,32.49014797620475,
11762,33.69408380240202,0.7932980079203844,32.777458894997835,
11763,34.81256100349128,0.9239509236067533,33.760410035029054,
11764,33.69976906105876,0.7970959413796663,32.77698112651706,
11765,33.76516490243375,0.8249168749898672,32.804564107209444,
11766,35.06392682902515,0.9361980482935905,34.0007240884006,
11767,34.02937715873122,0.8219759911298752,33.084822818636894,
11768,33.811311004683375,0.8064829744398594,32.84146706573665,
11769,34.75246694870293,0.9978788439184427,33.62472518347204,
11770,33.75123511068523,0.7960700895637274,32.83171099610627,
11771,34.050044137984514,0.792443985119462,33.11176598072052,
11772,34.505241084843874,1.0021389462053776,33.37133000604808,
11773,34.058570861816406,0.7959248032420874,33.14103907905519,
11774,33.907154807820916,0.8175920229405165,32.91784692555666,
11775,34.65082705952227,1.0290190111845732,33.49656704813242,
11776,33.7574768345803,0.7981620728969574,32.83712198026478,
11777,34.081812016665936,0.7978449575603008,33.14241301268339,
11778,34.2946769669652,1.0400260798633099,33.10272702947259,
11779,34.05100596137345,0.8109940681606531,33.118174877017736,
11780,33.80323410965502,0.7998968940228224,32.86255500279367,
11781,34.80024100281298,1.0302450973540545,33.60749804414809,
11782,33.956593833863735,0.8178330026566982,33.00780802965164,
11783,34.067048924043775,0.8058829698711634,33.11192407272756,
11784,34.48810800909996,1.1085309088230133,33.23235991410911,
11785,34.04773701913655,0.8055628277361393,33.11986499466002,
11786,34.057887038215995,0.8028009906411171,33.09961804188788,
11787,34.42840510979295,1.0471399873495102,33.25026202946901,
11788,33.984976122155786,0.7946470286697149,33.06725691072643,
11789,34.08307582139969,0.7901021745055914,33.131969859823585,
11790,34.34116393327713,1.0380579624325037,33.16520689986646,
11791,34.05871195718646,0.8012820035219193,33.13541901297867,
11792,33.99991011247039,0.7970519363880157,33.06601196527481,
11793,34.562080865725875,1.0778710711747408,33.33224495872855,
11794,34.01505504734814,0.8252738043665886,33.06397516280413,
11795,34.15407286956906,0.8090988267213106,33.17856718786061,
11796,34.67155108228326,1.0213018395006657,33.512579975649714,
11797,34.16467597708106,0.788344070315361,33.24365010485053,
11798,34.226486925035715,0.7900348864495754,33.283651107922196,
11799,34.5478190574795,1.0325659532099962,33.38024998083711,
11800,34.205867908895016,0.8016361389309168,33.281825948506594,
11801,34.23051303252578,0.804919982329011,33.26875111088157,
11802,34.879472106695175,0.9612289723008871,33.781168051064014,
11803,34.16012809611857,0.7778080180287361,33.26053195632994,
11804,34.21863215044141,0.7974330801516771,33.29662489704788,
11805,35.39350791834295,0.9131359402090311,34.35876895673573,
11806,34.19050294905901,0.7987481076270342,33.26922305859625,
11807,34.18325213715434,0.7819761522114277,33.27913302928209,
11808,35.873913904652,0.9121750481426716,34.84037099406123,
11809,34.14480807259679,0.7868881803005934,33.236173912882805,
11810,34.17570097371936,0.7961520459502935,33.255846006795764,
11811,35.48125899396837,0.921962084248662,34.43757095374167,
11812,34.19895004481077,0.7985259871929884,33.2785549107939,
11813,34.379239892587066,0.7836110889911652,33.461907878518105,
11814,34.56150507554412,0.9135000873357058,33.527441089972854,
11815,34.35090696439147,0.8031020406633615,33.42700097709894,
11816,34.33671314269304,0.7905019447207451,33.42189313843846,
11817,34.417730988934636,0.9155350271612406,33.37999084033072,
11818,34.35411211103201,0.8051488548517227,33.42541912570596,
11819,34.35510606504977,0.7943899836391211,33.43443316407502,
11820,34.40706501714885,0.7920409552752972,33.49405899643898,
11821,34.34091014787555,0.7975730113685131,33.421693136915565,
11822,34.34006404131651,0.7796620484441519,33.438065089285374,
11823,34.38745206221938,0.7840578909963369,33.48241513594985,
11824,34.3769749160856,0.7908379193395376,33.462359104305506,
11825,34.34994304552674,0.7895370945334435,33.43887091614306,
11826,34.65649206191301,0.7938600610941648,33.740608021616936,
11827,34.34109897352755,0.7879978511482477,33.42979610897601,
11828,34.34611903503537,0.7972728926688433,33.4267090074718,
11829,35.07518186233938,0.7769949734210968,34.16162985377014,
11830,34.332470037043095,0.7778420113027096,33.4326489828527,
11831,34.464213997125626,0.7824301719665527,33.55944179929793,
11832,35.32574395649135,0.7932039443403482,34.41041195765138,
11833,34.39967194572091,0.7949001155793667,33.482730854302645,
11834,34.26368115469813,0.8000580128282309,33.33976701833308,
11835,35.835695918649435,0.7966079283505678,34.917685901746154,
11836,34.33175408281386,0.7937748450785875,33.41627796180546,
11837,34.43645313382149,0.8089870680123568,33.50502997636795,
11838,36.37759597040713,0.7819030433893204,35.47506686300039,
11839,34.37543218024075,0.7907319813966751,33.46347203478217,
11840,34.285922069102526,0.7909859996289015,33.37263595312834,
11841,35.30762414447963,0.7932691369205713,34.39400694333017,
11842,34.31628691032529,0.7964761462062597,33.3977029658854,
11843,34.42195407114923,0.7982379756867886,33.50148000754416,
11844,34.55983800813556,0.7889010012149811,33.64870208315551,
11845,34.38551095314324,0.8022328838706017,33.45050220377743,
11846,34.63928401470184,0.8000570815056562,33.715456956997514,
11847,34.51196197420359,0.7973250467330217,33.592984080314636,
11848,34.10067898221314,0.7954551838338375,33.182801911607385,
11849,35.01918399706483,0.7895538583397865,34.107774030417204,
11850,34.22706900164485,0.7869899272918701,33.31791190430522,
11851,34.37349386513233,0.7872669957578182,33.46558893099427,
11852,35.356990061700344,0.7921389769762754,34.44069414399564,
11853,34.58115202374756,0.7854460272938013,33.67619984783232,
11854,34.04864901676774,0.8001478854566813,33.12731417827308,
11855,36.19599295780063,0.7886150851845741,35.286050057038665,
11856,34.24532292410731,0.7941448129713535,33.32944703288376,
11857,34.40792206674814,0.7907899562269449,33.49161799997091,
11858,34.969541942700744,0.9676048066467047,33.87895203195512,
11859,34.42750289104879,0.7876579184085131,33.518523909151554,
11860,34.10218097269535,0.7857840973883867,33.17396598868072,
11861,34.38291605561972,1.07844197191298,33.15546200610697,
11862,33.84518902748823,0.8011620957404375,32.922995975241065,
11863,34.25483196042478,0.7866569794714451,33.284971956163645,
11864,34.120438154786825,1.017909962683916,32.96987898647785,
11865,34.18034897185862,0.7958901114761829,33.262281911447644,
11866,33.89721899293363,0.7898760959506035,32.941579120233655,
11867,34.585186978802085,1.005277968943119,33.447626046836376,
11868,33.82206987589598,0.7958149071782827,32.9007429536432,
11869,34.14759389124811,0.7897699251770973,33.18381309509277,
11870,34.183792071416974,1.0190040338784456,33.031872007995844,
11871,34.2939761467278,0.8137940894812346,33.357962034642696,
11872,34.07369693741202,0.8060501422733068,33.10308395884931,
11873,34.972297959029675,1.0325980838388205,33.80818199366331,
11874,33.9703569188714,0.7919471245259047,33.05639396421611,
11875,34.29785999469459,0.8098951075226068,33.34631584584713,
11876,35.054277861490846,0.9530289098620415,33.97366497665644,
11877,33.96453405730426,0.7791740354150534,33.0526118632406,
11878,33.70551811531186,0.7925159297883511,32.75421308353543,
11879,35.22358601912856,0.9314180351793766,34.15270894765854,
11880,33.65127393044531,0.7880129851400852,32.74090588092804,
11881,33.855656860396266,0.7958579808473587,32.93904894962907,
11882,35.40494781918824,0.933714909479022,34.34377210214734,
11883,33.91124401241541,0.7799461018294096,33.009350998327136,
11884,33.725990913808346,0.7965881377458572,32.80670684762299,
11885,35.836751107126474,0.9232219308614731,34.791603917256,
11886,33.655744045972824,0.7963981479406357,32.738389912992716,
11887,33.89259008690715,0.7866381201893091,32.97964786179364,
11888,34.808597061783075,0.9145829826593399,33.77265017479658,
11889,33.937402069568634,0.7909811101853848,33.02535810507834,
11890,33.64182007499039,0.7906050886958838,32.72642707452178,
11891,34.828083822503686,0.9220079518854618,33.78376108594239,
11892,33.631959930062294,0.8025751449167728,32.707013888284564,
11893,33.86338893324137,0.7859750185161829,32.940607983618975,
11894,35.14870605431497,0.9092080872505903,34.11176195368171,
11895,33.79639401100576,0.7813458796590567,32.89399715140462,
11896,34.28314998745918,0.8051590994000435,33.35004090331495,
11897,33.95384713076055,0.9338320232927799,32.902979059144855,
11898,34.29146693088114,0.7978749927133322,33.37247506715357,
11899,33.80745998583734,0.7921860087662935,32.89351100102067,
11900,34.83446012251079,0.9163068607449532,33.79339398816228,
11901,33.829551888629794,0.7939371280372143,32.913598930463195,
11902,34.25950394012034,0.790485879406333,33.34675193764269,
11903,33.91665406525135,0.918881967663765,32.87519491277635,
11904,34.28532602265477,0.7922819349914789,33.36856700479984,
11905,33.77527603879571,0.8023339323699474,32.84923708997667,
11906,34.740978851914406,0.9170679841190577,33.70182518847287,
11907,33.82602706551552,0.7970060687512159,32.90619282051921,
11908,34.260316053405404,0.821980182081461,33.31476589664817,
11909,34.16836215183139,0.915363896638155,33.11428800225258,
11910,34.18710408732295,0.7984039839357138,33.26704911887646,
11911,33.90087583102286,0.8031351026147604,32.974551897495985,
11912,34.67093710787594,0.9220701176673174,33.62178197130561,
11913,33.91639981418848,0.8085449226200581,32.98471891321242,
11914,34.199913032352924,0.7969399448484182,33.285286044701934,
11915,34.254780039191246,0.9390020277351141,33.19464507512748,
11916,34.22806807793677,0.7997499778866768,33.305633114650846,
11917,33.93904305994511,0.7957229390740395,33.021576004102826,
11918,34.64340092614293,0.9225879330188036,33.59887399710715,
11919,33.87774503789842,0.7828210946172476,32.967878971248865,
11920,34.13811093196273,0.7867990061640739,33.227979904040694,
11921,34.2382718808949,0.9209909476339817,33.19490700960159,
11922,34.10790488123894,0.8112960495054722,33.1746160518378,
11923,33.893771935254335,0.7937129121273756,32.97070716507733,
11924,34.95580796152353,0.9882741142064333,33.83942786604166,
11925,34.02174590155482,0.8391321171075106,33.04827190004289,
11926,34.230356104671955,0.8256449364125729,33.283498138189316,
11927,34.33743095956743,0.9179189801216125,33.294226974248886,
11928,34.22765713185072,0.7881831843405962,33.31800480373204,
11929,33.99510006420314,0.7965031545609236,33.07644883170724,
11930,34.56768998876214,0.9237781632691622,33.52167480625212,
11931,34.01602990925312,0.7914041634649038,33.10362878255546,
11932,34.233217826113105,0.7949690334498882,33.31252885982394,
11933,34.22961011528969,0.916535034775734,33.19193795323372,
11934,34.278068924322724,0.7969220168888569,33.35785190574825,
11935,34.05704186297953,0.808065989986062,33.124592853710055,
11936,34.52494298107922,0.9292149916291237,33.47423183731735,
11937,34.0247699059546,0.8026440627872944,33.100405940786004,
11938,34.23007391393185,0.7945699617266655,33.314605010673404,
11939,34.21983798034489,0.9236240293830633,33.16909400746226,
11940,34.312771866098046,0.8303620852530003,33.358757849782705,
11941,34.53285899013281,0.8102459833025932,33.58655120246112,
11942,34.49939680285752,0.9322080295532942,33.44170283526182,
11943,34.4963138923049,0.7944151293486357,33.579181879758835,
11944,34.46688991971314,0.8033269550651312,33.54552504606545,
11945,34.50273699127138,0.9212768636643887,33.460490172728896,
11946,34.44619500078261,0.7881629280745983,33.53344416245818,
11947,34.48026301339269,0.7830080576241016,33.5751217789948,
11948,34.506577998399734,0.921651953831315,33.46038609743118,
11949,34.415798960253596,0.7941671647131443,33.50106882862747,
11950,34.47877592407167,0.7986580021679401,33.55863410979509,
11951,34.55946804024279,0.7962242234498262,33.64176698960364,
11952,34.47509207762778,0.792419072240591,33.558237133547664,
11953,34.46361911483109,0.8002729155123234,33.54257019236684,
11954,34.54288491047919,0.801292946562171,33.61617913469672,
11955,34.41635286435485,0.7847901433706284,33.50953198969364,
11956,34.46773299947381,0.784154050052166,33.555567963048816,
11957,34.488497069105506,0.8149880450218916,33.53918879292905,
11958,34.40809901803732,0.8056389633566141,33.481627935543656,
11959,34.429233986884356,0.7998340297490358,33.5057838819921,
11960,34.837207989767194,0.7957289926707745,33.920109970495105,
11961,34.37238303013146,0.783856026828289,33.467432018369436,
11962,34.36061413958669,0.8011930622160435,33.437975915148854,
11963,35.121015971526504,0.7917070761322975,34.20817293226719,
11964,34.41436099819839,0.7855510339140892,33.50573591887951,
11965,34.40644405782223,0.7917080074548721,33.49238587543368,
11966,35.720819141715765,0.797497108578682,34.80089781805873,
11967,34.3897701241076,0.7839419413357973,33.48403493873775,
11968,34.62631208822131,0.7890611886978149,33.71634799987078,
11969,36.43559315241873,0.7969611324369907,35.513170063495636,
11970,34.387046936899424,0.7969550788402557,33.46923692151904,
11971,35.678548039868474,0.7990098092705011,34.758218098431826,
11972,34.740064991638064,0.7920120842754841,33.824841026216745,
11973,34.079561941325665,0.7884628139436245,33.15812116488814,
11974,36.19770705699921,0.8041509427130222,35.26525408960879,
11975,34.4005711376667,0.8561098948121071,33.26653107069433,
11976,34.42825307138264,1.024171942844987,33.25021918863058,
11977,34.978740848600864,0.8268668316304684,34.031260991469026,
11978,34.34831788763404,0.8165929466485977,33.410183154046535,
11979,34.137692069634795,0.8009518496692181,33.21435605175793,
11980,35.51653609611094,0.793342012912035,34.59700010716915,
11981,34.29629001766443,0.7949748542159796,33.3785021211952,
11982,34.213748993352056,0.8039949461817741,33.28730002976954,
11983,35.985098918899894,0.7928039412945509,35.06974200718105,
11984,34.34140305034816,0.7838539313524961,33.434442011639476,
11985,34.16875586844981,0.7880080956965685,33.22701808065176,
11986,35.12706910260022,1.0386731009930372,33.9563200250268,
11987,34.13866204209626,0.8000389207154512,33.21783011779189,
11988,34.26168602891266,0.7992051541805267,33.313995925709605,
11989,35.41072807274759,0.9350809268653393,34.3403872102499,
11990,34.25717609934509,0.8214600384235382,33.31225295551121,
11991,33.981319051235914,0.814142869785428,33.0412769690156,
11992,36.27617610618472,0.9460530709475279,35.20742291584611,
11993,33.98659988306463,0.8062699344009161,33.05909316986799,
11994,34.26565695554018,0.7992638275027275,33.343806164339185,
11995,34.63066997937858,0.9145918302237988,33.59362902119756,
11996,34.240343142300844,0.806903000921011,33.31084689125419,
11997,33.97952509112656,0.8001350797712803,33.05740305222571,
11998,34.52521120198071,0.9211739525198936,33.4824959281832,
