=== picker_demo Model B (Llama-3.1-8B-FP8 TP=1 fp8 weights, bf16 KV) started 2026-05-22T19:08:58+08:00 ===
model:    RedHatAI/Meta-Llama-3.1-8B-Instruct-FP8  (tp=1, dtype=bf16, kv=bf16)

=== recalibrating coefficients ===
<frozen runpy>:128: RuntimeWarning: 'beam_engine.methods.bs_kernel.calibrate' found in sys.modules after import of package 'beam_engine.methods.bs_kernel', but prior to execution of 'beam_engine.methods.bs_kernel.calibrate'; this may result in unpredictable behaviour
[calibrate] probing NVIDIA H100 80GB HBM3
  raw decode_launch=42.91 → anchored to launch_us=7.35
[calibrate] wrote /home/u4320956/.cache/beam_engine/coeffs-NVIDIA_H100_80GB_HBM3.json
  B_hbm                =  1278907.2 bytes/µs   (1.28 TB/s)
  merge_launch_us      =     5.0379
  merge_bw_us_per_row  =   0.003459
  per_tile[ 16]      =      28.93 µs
  per_tile[ 64]      =      28.94 µs
  per_tile[128]      =      29.27 µs
  decode_launch_us     =       7.35
  decode_us_per_beam_kv=   0.001442
[W522 19:09:01.640251132 AllocatorConfig.cpp:28] Warning: PYTORCH_CUDA_ALLOC_CONF is deprecated, use PYTORCH_ALLOC_CONF instead (function operator())


==========================================================
=== B1: beam_search (hotpot)  (K=4, B=1, L_p=40000, max_new=128) ===
==========================================================
  --- method: paged ---
grid: 1 (K,L_p,B) cells × 1 methods = 1 runs
methods: ['paged']
max_new: 128
tp_size: 1, device: cuda
Loading tokenizer + model...
Fetching 8 files:   0%|          | 0/8 [00:00<?, ?it/s]Fetching 8 files: 100%|██████████| 8/8 [00:00<00:00, 116914.40it/s]
Model loaded.

loaded 30 prompts from data/hotpotqa.jsonl
  paged          warmup K=4   L_p=40000  B=1  === picker_demo Model B (Llama-3.1-8B-FP8 TP=1 fp8 weights, bf16 KV) started 2026-05-22T19:16:59+08:00 ===
model:    RedHatAI/Meta-Llama-3.1-8B-Instruct-FP8  (tp=1, dtype=bf16, kv=bf16; fp8-KV fallback on OOM)
mode:     smart-rerun (refresh bs_kernel against new cost model)

=== recalibrating coefficients ===
<frozen runpy>:128: RuntimeWarning: 'beam_engine.methods.bs_kernel.calibrate' found in sys.modules after import of package 'beam_engine.methods.bs_kernel', but prior to execution of 'beam_engine.methods.bs_kernel.calibrate'; this may result in unpredictable behaviour
[calibrate] probing NVIDIA H100 80GB HBM3
  raw decode_launch=33.83 → anchored to launch_us=7.27
[calibrate] wrote /home/u4320956/.cache/beam_engine/coeffs-NVIDIA_H100_80GB_HBM3.json
  B_hbm                =  1294059.0 bytes/µs   (1.29 TB/s)
  merge_launch_us      =     5.3542
  merge_bw_us_per_row  =   0.003287
  per_tile[ 16]      =      24.50 µs
  per_tile[ 64]      =      24.25 µs
  per_tile[128]      =      24.62 µs
  decode_launch_us     =       7.27
  decode_us_per_beam_kv=   0.001397
[W522 19:17:03.000032189 AllocatorConfig.cpp:28] Warning: PYTORCH_CUDA_ALLOC_CONF is deprecated, use PYTORCH_ALLOC_CONF instead (function operator())


==========================================================
=== B1: beam_search (hotpot)  (K=4, B=1, L_p=40000, mn=128)  decision=bsk_only ===
==========================================================
  --- method: bs_kernel ---
grid: 1 (K,L_p,B) cells × 1 methods = 1 runs
methods: ['bs_kernel']
max_new: 128
tp_size: 1, device: cuda
Loading tokenizer + model...
Fetching 8 files:   0%|          | 0/8 [00:00<?, ?it/s]Fetching 8 files: 100%|██████████| 8/8 [00:00<00:00, 125203.10it/s]
Model loaded.

loaded 30 prompts from data/hotpotqa.jsonl
  bs_kernel      warmup K=4   L_p=40000  B=1  
[bs_kernel plan-trace] 127 steps (PER_BEAM: 0, DEC_TAIL: 0, SHARED: 127)

  -- SHARED path (127 steps) --
  strategy mix: {'SHARED_2L_1POOL': 127}
  level-0 pack cache hits: 122/127 (96.1%)   plan_info cache hits: 115/127 (90.6%)
  phase                        mean     median        p90        p99        total
  decomp_ms                   0.275      0.402      0.419      0.462        34.92
  pick_ms                     0.124      0.130      0.137      0.147        15.81
  shared_pack_ms              0.116      0.112      0.121      0.299        14.74
  shared_plan_ms              0.426      0.058      0.066      0.607        54.08
  shared_write_ms             0.041      0.040      0.041      0.047         5.17
discard          decode_total= 2271.7ms  (  5.3s wall)
  bs_kernel             K=4   L_p=40000  B=1  
[bs_kernel plan-trace] 127 steps (PER_BEAM: 0, DEC_TAIL: 0, SHARED: 127)

  -- SHARED path (127 steps) --
  strategy mix: {'SHARED_2L_1POOL': 127}
  level-0 pack cache hits: 122/127 (96.1%)   plan_info cache hits: 115/127 (90.6%)
  phase                        mean     median        p90        p99        total
  decomp_ms                   0.270      0.394      0.413      0.431        34.30
  pick_ms                     0.123      0.129      0.137      0.142        15.60
  shared_pack_ms              0.114      0.111      0.117      0.298        14.47
  shared_plan_ms              0.107      0.058      0.066      0.609        13.65
  shared_write_ms             0.040      0.039      0.041      0.047         5.05
prefill= 1720.8ms  decode_total= 2163.5ms  per_pt_token= 17.04ms  (  4.1s wall)

wrote 1 rows to benchmarks/bs_kernel/results/paper-exp/picker_demo/Llama-3.1-8B-FP8/B1_bs_kernel.csv
[W522 19:17:23.292950796 AllocatorConfig.cpp:28] Warning: PYTORCH_CUDA_ALLOC_CONF is deprecated, use PYTORCH_ALLOC_CONF instead (function operator())
  --- method: bs_kernel_2l1p ---
grid: 1 (K,L_p,B) cells × 1 methods = 1 runs
methods: ['bs_kernel_2l1p']
max_new: 128
tp_size: 1, device: cuda
Loading tokenizer + model...
Fetching 8 files:   0%|          | 0/8 [00:00<?, ?it/s]Fetching 8 files: 100%|██████████| 8/8 [00:00<00:00, 121135.13it/s]
Model loaded.

loaded 30 prompts from data/hotpotqa.jsonl
  bs_kernel_2l1p warmup K=4   L_p=40000  B=1  
[bs_kernel plan-trace] 127 steps (PER_BEAM: 0, DEC_TAIL: 0, SHARED: 127)

  -- SHARED path (127 steps) --
  strategy mix: {'SHARED_2L_1POOL': 127}
  level-0 pack cache hits: 122/127 (96.1%)   plan_info cache hits: 115/127 (90.6%)
  phase                        mean     median        p90        p99        total
  decomp_ms                   0.273      0.399      0.420      0.443        34.63
  pick_ms                     0.065      0.063      0.069      0.081         8.30
  shared_pack_ms              0.116      0.112      0.120      0.301        14.76
  shared_plan_ms              0.478      0.057      0.069      0.609        60.66
  shared_write_ms             0.041      0.040      0.042      0.048         5.25
discard          decode_total= 2293.0ms  (  5.3s wall)
  bs_kernel_2l1p        K=4   L_p=40000  B=1  
[bs_kernel plan-trace] 127 steps (PER_BEAM: 0, DEC_TAIL: 0, SHARED: 127)

  -- SHARED path (127 steps) --
  strategy mix: {'SHARED_2L_1POOL': 127}
  level-0 pack cache hits: 122/127 (96.1%)   plan_info cache hits: 115/127 (90.6%)
  phase                        mean     median        p90        p99        total
  decomp_ms                   0.268      0.392      0.410      0.437        34.09
  pick_ms                     0.064      0.063      0.069      0.074         8.11
  shared_pack_ms              0.115      0.112      0.120      0.291        14.57
  shared_plan_ms              0.107      0.057      0.066      0.605        13.63
  shared_write_ms             0.040      0.040      0.041      0.044         5.10
prefill= 1721.5ms  decode_total= 2174.2ms  per_pt_token= 17.12ms  (  4.1s wall)

wrote 1 rows to benchmarks/bs_kernel/results/paper-exp/picker_demo/Llama-3.1-8B-FP8/B1_bs_kernel_2l1p.csv
[W522 19:17:43.401645076 AllocatorConfig.cpp:28] Warning: PYTORCH_CUDA_ALLOC_CONF is deprecated, use PYTORCH_ALLOC_CONF instead (function operator())
  --- method: bs_kernel_2ldt ---
grid: 1 (K,L_p,B) cells × 1 methods = 1 runs
methods: ['bs_kernel_2ldt']
max_new: 128
tp_size: 1, device: cuda
Loading tokenizer + model...
Fetching 8 files:   0%|          | 0/8 [00:00<?, ?it/s]Fetching 8 files: 100%|██████████| 8/8 [00:00<00:00, 115704.94it/s]
Model loaded.

loaded 30 prompts from data/hotpotqa.jsonl
  bs_kernel_2ldt warmup K=4   L_p=40000  B=1  
[bs_kernel plan-trace] 127 steps (PER_BEAM: 0, DEC_TAIL: 127, SHARED: 0)

  -- DEC_TAIL path (127 steps) --
  prefix re-plans: 4/127 (3.1%)   decode full re-plans: 1/127 (0.8%)
  phase                        mean     median        p90        p99        total
  decomp_ms                   0.262      0.402      0.425      0.466        33.26
  pick_ms                     0.049      0.048      0.052      0.060         6.25
  prefix_plan_ms              0.340      0.022      0.026      0.770        43.15
  decode_build_ms             0.096      0.098      0.103      0.112        12.15
  decode_plan_ms              0.448      0.010      0.011      0.014        56.93
discard          decode_total= 2475.5ms  (  5.5s wall)
  bs_kernel_2ldt        K=4   L_p=40000  B=1  
[bs_kernel plan-trace] 127 steps (PER_BEAM: 0, DEC_TAIL: 127, SHARED: 0)

  -- DEC_TAIL path (127 steps) --
  prefix re-plans: 4/127 (3.1%)   decode full re-plans: 1/127 (0.8%)
  phase                        mean     median        p90        p99        total
  decomp_ms                   0.258      0.396      0.420      0.458        32.80
  pick_ms                     0.048      0.048      0.051      0.056         6.15
  prefix_plan_ms              0.046      0.022      0.026      0.752         5.81
  decode_build_ms             0.094      0.097      0.102      0.109        11.90
  decode_plan_ms              0.012      0.010      0.011      0.012         1.53
prefill= 1722.0ms  decode_total= 2301.1ms  per_pt_token= 18.12ms  (  4.2s wall)

wrote 1 rows to benchmarks/bs_kernel/results/paper-exp/picker_demo/Llama-3.1-8B-FP8/B1_bs_kernel_2ldt.csv
[W522 19:18:04.942254913 AllocatorConfig.cpp:28] Warning: PYTORCH_CUDA_ALLOC_CONF is deprecated, use PYTORCH_ALLOC_CONF instead (function operator())
merged: B1_beam_search_K4_B1_Lp40000_mn128.csv ← 3 baselines + 3 bs_kernel rows

==========================================================
=== B2: multi_chain_reasoning  (K=4, B=1, mn=32, R=4)  decision=bsk_only ===
==========================================================
model: RedHatAI/Meta-Llama-3.1-8B-Instruct-FP8  (tp_size=1)
scenarios: ['multi_chain_reasoning']
methods:   ['bs_kernel', 'bsk_2l_1p', 'bsk_2l_dt']
max_new:   32, repeat: 3

Loading tokenizer + model...
Fetching 8 files:   0%|          | 0/8 [00:00<?, ?it/s]Fetching 8 files: 100%|██████████| 8/8 [00:00<00:00, 110014.53it/s]
Model loaded.

k_overrides: [4]
Building TreeSpecs (this tokenizes the inputs)...
  multi_chain_reasoning    [K=4     ] B=1   K=4   L_shared~2581  L_priv~23    n_leaves=4

--- multi_chain_reasoning [K=4] ---

[bs_kernel plan-trace] 31 steps (PER_BEAM: 0, DEC_TAIL: 0, SHARED: 31)

  -- SHARED path (31 steps) --
  strategy mix: {'SHARED_2L_1POOL': 31}
  level-0 pack cache hits: 30/31 (96.8%)   plan_info cache hits: 28/31 (90.3%)
  phase                        mean     median        p90        p99        total
  decomp_ms                   0.064      0.015      0.028      0.503         2.00
  pick_ms                     0.085      0.080      0.092      0.125         2.62
  shared_pack_ms              0.103      0.096      0.110      0.119         3.19
  shared_plan_ms              1.175      0.053      0.070      0.628        36.43
  shared_write_ms             0.044      0.041      0.047      0.048         1.37
  bs_kernel    warmup  wall=  1.9s  decode_total=  589.0ms

[bs_kernel plan-trace] 31 steps (PER_BEAM: 0, DEC_TAIL: 0, SHARED: 31)

  -- SHARED path (31 steps) --
  strategy mix: {'SHARED_2L_1POOL': 31}
  level-0 pack cache hits: 30/31 (96.8%)   plan_info cache hits: 28/31 (90.3%)
  phase                        mean     median        p90        p99        total
  decomp_ms                   0.059      0.015      0.017      0.476         1.83
  pick_ms                     0.081      0.080      0.085      0.087         2.50
  shared_pack_ms              0.101      0.096      0.103      0.122         3.13
  shared_plan_ms              0.112      0.053      0.057      0.613         3.46
  shared_write_ms             0.040      0.040      0.041      0.042         1.25
  bs_kernel    r=0  prefill=   87.4ms  decode=  519.5ms  plan/step= 0.48ms  fwd/step=16.17ms  p50/step=16.64ms  wall=  0.7s

[bs_kernel plan-trace] 31 steps (PER_BEAM: 0, DEC_TAIL: 0, SHARED: 31)

  -- SHARED path (31 steps) --
  strategy mix: {'SHARED_2L_1POOL': 31}
  level-0 pack cache hits: 30/31 (96.8%)   plan_info cache hits: 28/31 (90.3%)
  phase                        mean     median        p90        p99        total
  decomp_ms                   0.059      0.015      0.017      0.472         1.84
  pick_ms                     0.080      0.080      0.084      0.087         2.49
  shared_pack_ms              0.100      0.095      0.103      0.117         3.10
  shared_plan_ms              0.112      0.053      0.061      0.620         3.47
  shared_write_ms             0.040      0.040      0.042      0.042         1.25
  bs_kernel    r=1  prefill=   87.5ms  decode=  518.5ms  plan/step= 0.48ms  fwd/step=16.14ms  p50/step=16.61ms  wall=  0.7s

[bs_kernel plan-trace] 31 steps (PER_BEAM: 0, DEC_TAIL: 0, SHARED: 31)

  -- SHARED path (31 steps) --
  strategy mix: {'SHARED_2L_1POOL': 31}
  level-0 pack cache hits: 30/31 (96.8%)   plan_info cache hits: 28/31 (90.3%)
  phase                        mean     median        p90        p99        total
  decomp_ms                   0.058      0.015      0.020      0.463         1.81
  pick_ms                     0.080      0.079      0.083      0.087         2.47
  shared_pack_ms              0.099      0.095      0.101      0.115         3.08
  shared_plan_ms              0.112      0.054      0.060      0.613         3.47
  shared_write_ms             0.040      0.040      0.042      0.043         1.25
  bs_kernel    r=2  prefill=   87.4ms  decode=  516.8ms  plan/step= 0.47ms  fwd/step=16.09ms  p50/step=16.60ms  wall=  0.7s
  bsk_2l_1p    warmup  wall=  0.7s  decode_total=  511.2ms
  bsk_2l_1p    r=0  prefill=   87.1ms  decode=  512.2ms  plan/step= 0.45ms  fwd/step=15.96ms  p50/step=16.42ms  wall=  0.7s
  bsk_2l_1p    r=1  prefill=   87.0ms  decode=  512.2ms  plan/step= 0.45ms  fwd/step=15.96ms  p50/step=16.40ms  wall=  0.7s
  bsk_2l_1p    r=2  prefill=   87.3ms  decode=  511.9ms  plan/step= 0.45ms  fwd/step=15.96ms  p50/step=16.40ms  wall=  0.7s
  bsk_2l_dt    warmup  wall=  0.8s  decode_total=  617.2ms
  bsk_2l_dt    r=0  prefill=   87.2ms  decode=  545.4ms  plan/step= 0.34ms  fwd/step=17.14ms  p50/step=17.52ms  wall=  0.7s
  bsk_2l_dt    r=1  prefill=   87.2ms  decode=  547.1ms  plan/step= 0.34ms  fwd/step=17.20ms  p50/step=17.57ms  wall=  0.7s
  bsk_2l_dt    r=2  prefill=   87.3ms  decode=  544.9ms  plan/step= 0.34ms  fwd/step=17.13ms  p50/step=17.50ms  wall=  0.7s
  rank (decode_total): bsk_2l_1p=511.9, bs_kernel=516.8, bsk_2l_dt=544.9


wrote 9 rows to benchmarks/bs_kernel/results/paper-exp/picker_demo/Llama-3.1-8B-FP8/B2_multi_chain_reasoning_K4_B1_mn32.bsk.csv

=== summary (best decode_total per method, ms) ===
multi_chain_reasoning    [K=4     ]   rank (decode_total): bsk_2l_1p=511.9, bs_kernel=516.8, bsk_2l_dt=544.9
[W522 19:18:25.750027561 AllocatorConfig.cpp:28] Warning: PYTORCH_CUDA_ALLOC_CONF is deprecated, use PYTORCH_ALLOC_CONF instead (function operator())
[W522 19:18:26.238609466 AllocatorConfig.cpp:28] Warning: PYTORCH_CUDA_ALLOC_CONF is deprecated, use PYTORCH_ALLOC_CONF instead (function operator())
merged: B2_multi_chain_reasoning_K4_B1_mn32.csv ← 9 baselines + 9 bs_kernel rows

==========================================================
=== B3: multi_doc_qa  (K=64, B=1, mn=256, R=64)  decision=bsk_only ===
==========================================================
model: RedHatAI/Meta-Llama-3.1-8B-Instruct-FP8  (tp_size=1)
scenarios: ['multi_doc_qa']
methods:   ['bs_kernel', 'bsk_2l_1p', 'bsk_2l_dt']
max_new:   256, repeat: 3

Loading tokenizer + model...
Fetching 8 files:   0%|          | 0/8 [00:00<?, ?it/s]Fetching 8 files: 100%|██████████| 8/8 [00:00<00:00, 115307.33it/s]
Model loaded.

k_overrides: [64]
Building TreeSpecs (this tokenizes the inputs)...
  multi_doc_qa             [K=64    ] B=1   K=64  L_shared~86627 L_priv~39    n_leaves=64

--- multi_doc_qa [K=64] ---

[bs_kernel plan-trace] 255 steps (PER_BEAM: 0, DEC_TAIL: 255, SHARED: 0)

  -- DEC_TAIL path (255 steps) --
  prefix re-plans: 1/255 (0.4%)   decode full re-plans: 1/255 (0.4%)
  phase                        mean     median        p90        p99        total
  decomp_ms                   0.072      0.028      0.037      0.590        18.42
  pick_ms                     0.087      0.086      0.091      0.100        22.29
  prefix_plan_ms              0.165      0.016      0.017      0.023        42.14
  decode_build_ms             0.146      0.145      0.155      0.166        37.24
  decode_plan_ms              0.232      0.010      0.011      0.015        59.09
  bs_kernel    warmup  wall= 13.4s  decode_total= 5518.8ms

[bs_kernel plan-trace] 255 steps (PER_BEAM: 0, DEC_TAIL: 255, SHARED: 0)

  -- DEC_TAIL path (255 steps) --
  prefix re-plans: 1/255 (0.4%)   decode full re-plans: 1/255 (0.4%)
  phase                        mean     median        p90        p99        total
  decomp_ms                   0.077      0.028      0.031      0.600        19.70
  pick_ms                     0.086      0.086      0.089      0.091        21.99
  prefix_plan_ms              0.020      0.016      0.017      0.025         5.23
  decode_build_ms             0.147      0.147      0.157      0.163        37.54
  decode_plan_ms              0.012      0.010      0.011      0.012         3.06
  bs_kernel    r=0  prefill= 6544.3ms  decode= 5395.2ms  plan/step= 0.46ms  fwd/step=20.59ms  p50/step=21.12ms  wall= 12.3s

[bs_kernel plan-trace] 255 steps (PER_BEAM: 0, DEC_TAIL: 255, SHARED: 0)

  -- DEC_TAIL path (255 steps) --
  prefix re-plans: 1/255 (0.4%)   decode full re-plans: 1/255 (0.4%)
  phase                        mean     median        p90        p99        total
  decomp_ms                   0.078      0.028      0.031      0.582        19.89
  pick_ms                     0.086      0.086      0.088      0.093        21.91
  prefix_plan_ms              0.020      0.016      0.017      0.022         5.20
  decode_build_ms             0.147      0.147      0.158      0.164        37.60
  decode_plan_ms              0.012      0.010      0.011      0.014         3.06
  bs_kernel    r=1  prefill= 6536.7ms  decode= 5396.3ms  plan/step= 0.46ms  fwd/step=20.59ms  p50/step=21.13ms  wall= 12.3s

[bs_kernel plan-trace] 255 steps (PER_BEAM: 0, DEC_TAIL: 255, SHARED: 0)

  -- DEC_TAIL path (255 steps) --
  prefix re-plans: 1/255 (0.4%)   decode full re-plans: 1/255 (0.4%)
  phase                        mean     median        p90        p99        total
  decomp_ms                   0.078      0.028      0.031      0.588        19.93
  pick_ms                     0.086      0.086      0.089      0.093        22.02
  prefix_plan_ms              0.020      0.016      0.017      0.024         5.19
  decode_build_ms             0.147      0.148      0.156      0.164        37.57
  decode_plan_ms              0.012      0.010      0.011      0.012         3.07
  bs_kernel    r=2  prefill= 6524.2ms  decode= 5399.4ms  plan/step= 0.46ms  fwd/step=20.60ms  p50/step=21.14ms  wall= 12.3s
  bsk_2l_1p    warmup  wall= 13.5s  decode_total= 6550.1ms
  bsk_2l_1p    r=0  prefill= 6537.4ms  decode= 6541.6ms  plan/step= 0.55ms  fwd/step=24.99ms  p50/step=26.91ms  wall= 13.4s
  bsk_2l_1p    r=1  prefill= 6555.0ms  decode= 6508.8ms  plan/step= 0.55ms  fwd/step=24.86ms  p50/step=26.73ms  wall= 13.4s
  bsk_2l_1p    r=2  prefill= 6531.5ms  decode= 6543.1ms  plan/step= 0.55ms  fwd/step=24.99ms  p50/step=26.91ms  wall= 13.4s
  bsk_2l_dt    warmup  wall= 12.3s  decode_total= 5366.3ms
  bsk_2l_dt    r=0  prefill= 6525.0ms  decode= 5384.2ms  plan/step= 0.42ms  fwd/step=20.58ms  p50/step=21.09ms  wall= 12.3s
  bsk_2l_dt    r=1  prefill= 6549.2ms  decode= 5365.4ms  plan/step= 0.42ms  fwd/step=20.51ms  p50/step=21.01ms  wall= 12.3s
  bsk_2l_dt    r=2  prefill= 6542.4ms  decode= 5365.5ms  plan/step= 0.42ms  fwd/step=20.51ms  p50/step=21.02ms  wall= 12.3s
  rank (decode_total): bsk_2l_dt=5365.4, bs_kernel=5395.2, bsk_2l_1p=6508.8


wrote 9 rows to benchmarks/bs_kernel/results/paper-exp/picker_demo/Llama-3.1-8B-FP8/B3_multi_doc_qa_K64_B1_mn256.bsk.csv

=== summary (best decode_total per method, ms) ===
multi_doc_qa             [K=64    ]   rank (decode_total): bsk_2l_dt=5365.4, bs_kernel=5395.2, bsk_2l_1p=6508.8
[W522 19:21:11.290717783 AllocatorConfig.cpp:28] Warning: PYTORCH_CUDA_ALLOC_CONF is deprecated, use PYTORCH_ALLOC_CONF instead (function operator())
[W522 19:21:12.839748926 AllocatorConfig.cpp:28] Warning: PYTORCH_CUDA_ALLOC_CONF is deprecated, use PYTORCH_ALLOC_CONF instead (function operator())
merged: B3_multi_doc_qa_K64_B1_mn256.csv ← 9 baselines + 9 bs_kernel rows

==========================================================
=== B4: multi_few_shot  (K=32, B=4, mn=256, R=128)  decision=bsk_only ===
==========================================================
model: RedHatAI/Meta-Llama-3.1-8B-Instruct-FP8  (tp_size=1)
scenarios: ['multi_few_shot']
methods:   ['bs_kernel', 'bsk_2l_1p', 'bsk_2l_dt']
max_new:   256, repeat: 3

Loading tokenizer + model...
Fetching 8 files:   0%|          | 0/8 [00:00<?, ?it/s]Fetching 8 files: 100%|██████████| 8/8 [00:00<00:00, 115307.33it/s]
Model loaded.

k_overrides: [32]
Building TreeSpecs (this tokenizes the inputs)...
  multi_few_shot           [K=32    ] B=4   K=32  L_shared~5864  L_priv~129   n_leaves=128

--- multi_few_shot [K=32] ---

[bs_kernel plan-trace] 255 steps (PER_BEAM: 0, DEC_TAIL: 118, SHARED: 137)

  -- DEC_TAIL path (118 steps) --
  prefix re-plans: 1/118 (0.8%)   decode full re-plans: 1/118 (0.8%)
  phase                        mean     median        p90        p99        total
  decomp_ms                   0.173      0.059      0.505      0.536        20.39
  pick_ms                     0.132      0.132      0.136      0.139        15.56
  prefix_plan_ms              0.026      0.018      0.022      0.026         3.03
  decode_build_ms             0.232      0.231      0.242      0.254        27.41
  decode_plan_ms              0.657      0.011      0.012      0.015        77.56

  -- SHARED path (137 steps) --
  strategy mix: {'SHARED_2L_1POOL': 137}
  level-0 pack cache hits: 136/137 (99.3%)   plan_info cache hits: 102/137 (74.5%)
  phase                        mean     median        p90        p99        total
  decomp_ms                   0.175      0.051      0.495      0.617        23.91
  pick_ms                     0.131      0.130      0.133      0.139        17.89
  shared_pack_ms              0.224      0.223      0.245      0.260        30.73
  shared_plan_ms              0.528      0.058      0.689      0.734        72.34
  shared_write_ms             0.067      0.065      0.073      0.076         9.18
  bs_kernel    warmup  wall=  7.2s  decode_total= 4709.4ms

[bs_kernel plan-trace] 255 steps (PER_BEAM: 0, DEC_TAIL: 118, SHARED: 137)

  -- DEC_TAIL path (118 steps) --
  prefix re-plans: 1/118 (0.8%)   decode full re-plans: 1/118 (0.8%)
  phase                        mean     median        p90        p99        total
  decomp_ms                   0.171      0.056      0.498      0.532        20.21
  pick_ms                     0.131      0.131      0.134      0.136        15.42
  prefix_plan_ms              0.025      0.017      0.022      0.026         3.00
  decode_build_ms             0.236      0.236      0.247      0.252        27.85
  decode_plan_ms              0.016      0.011      0.012      0.013         1.88

  -- SHARED path (137 steps) --
  strategy mix: {'SHARED_2L_1POOL': 137}
  level-0 pack cache hits: 136/137 (99.3%)   plan_info cache hits: 102/137 (74.5%)
  phase                        mean     median        p90        p99        total
  decomp_ms                   0.176      0.052      0.503      0.618        24.13
  pick_ms                     0.130      0.129      0.133      0.136        17.75
  shared_pack_ms              0.227      0.225      0.246      0.265        31.11
  shared_plan_ms              0.218      0.057      0.686      0.706        29.82
  shared_write_ms             0.067      0.065      0.074      0.079         9.21
  bs_kernel    r=0  prefill= 1161.6ms  decode= 4583.9ms  plan/step= 0.85ms  fwd/step=17.00ms  p50/step=18.23ms  wall=  6.0s

[bs_kernel plan-trace] 255 steps (PER_BEAM: 0, DEC_TAIL: 118, SHARED: 137)

  -- DEC_TAIL path (118 steps) --
  prefix re-plans: 1/118 (0.8%)   decode full re-plans: 1/118 (0.8%)
  phase                        mean     median        p90        p99        total
  decomp_ms                   0.171      0.055      0.504      0.523        20.15
  pick_ms                     0.132      0.131      0.135      0.138        15.54
  prefix_plan_ms              0.026      0.018      0.023      0.027         3.05
  decode_build_ms             0.235      0.235      0.245      0.251        27.79
  decode_plan_ms              0.016      0.011      0.012      0.012         1.87

  -- SHARED path (137 steps) --
  strategy mix: {'SHARED_2L_1POOL': 137}
  level-0 pack cache hits: 136/137 (99.3%)   plan_info cache hits: 102/137 (74.5%)
  phase                        mean     median        p90        p99        total
  decomp_ms                   0.174      0.052      0.493      0.626        23.88
  pick_ms                     0.130      0.129      0.133      0.139        17.79
  shared_pack_ms              0.226      0.225      0.245      0.258        30.99
  shared_plan_ms              0.217      0.057      0.682      0.695        29.69
  shared_write_ms             0.067      0.065      0.073      0.075         9.13
  bs_kernel    r=1  prefill= 1157.9ms  decode= 4584.4ms  plan/step= 0.85ms  fwd/step=17.00ms  p50/step=18.21ms  wall=  6.0s

[bs_kernel plan-trace] 255 steps (PER_BEAM: 0, DEC_TAIL: 118, SHARED: 137)

  -- DEC_TAIL path (118 steps) --
  prefix re-plans: 1/118 (0.8%)   decode full re-plans: 1/118 (0.8%)
  phase                        mean     median        p90        p99        total
  decomp_ms                   0.171      0.055      0.503      0.518        20.21
  pick_ms                     0.130      0.130      0.134      0.137        15.40
  prefix_plan_ms              0.026      0.018      0.022      0.027         3.02
  decode_build_ms             0.236      0.235      0.249      0.257        27.89
  decode_plan_ms              0.016      0.011      0.012      0.012         1.86

  -- SHARED path (137 steps) --
  strategy mix: {'SHARED_2L_1POOL': 137}
  level-0 pack cache hits: 136/137 (99.3%)   plan_info cache hits: 102/137 (74.5%)
  phase                        mean     median        p90        p99        total
  decomp_ms                   0.175      0.052      0.500      0.604        23.98
  pick_ms                     0.130      0.129      0.133      0.142        17.79
  shared_pack_ms              0.227      0.224      0.248      0.270        31.14
  shared_plan_ms              0.217      0.057      0.685      0.698        29.69
  shared_write_ms             0.067      0.065      0.074      0.077         9.22
  bs_kernel    r=2  prefill= 1162.0ms  decode= 4583.4ms  plan/step= 0.85ms  fwd/step=16.99ms  p50/step=18.23ms  wall=  6.0s
  bsk_2l_1p    warmup  wall=  6.2s  decode_total= 4747.5ms
  bsk_2l_1p    r=0  prefill= 1161.7ms  decode= 4743.5ms  plan/step= 0.94ms  fwd/step=17.53ms  p50/step=18.14ms  wall=  6.2s
  bsk_2l_1p    r=1  prefill= 1163.1ms  decode= 4747.7ms  plan/step= 0.94ms  fwd/step=17.55ms  p50/step=18.16ms  wall=  6.2s
  bsk_2l_1p    r=2  prefill= 1159.9ms  decode= 4745.1ms  plan/step= 0.94ms  fwd/step=17.54ms  p50/step=18.14ms  wall=  6.1s
  bsk_2l_dt    warmup  wall=  6.1s  decode_total= 4681.4ms
  bsk_2l_dt    r=0  prefill= 1159.8ms  decode= 4676.9ms  plan/step= 0.65ms  fwd/step=17.56ms  p50/step=18.43ms  wall=  6.1s
  bsk_2l_dt    r=1  prefill= 1160.6ms  decode= 4678.8ms  plan/step= 0.65ms  fwd/step=17.57ms  p50/step=18.43ms  wall=  6.1s
  bsk_2l_dt    r=2  prefill= 1162.4ms  decode= 4678.8ms  plan/step= 0.65ms  fwd/step=17.57ms  p50/step=18.44ms  wall=  6.1s
  rank (decode_total): bs_kernel=4583.4, bsk_2l_dt=4676.9, bsk_2l_1p=4743.5


wrote 9 rows to benchmarks/bs_kernel/results/paper-exp/picker_demo/Llama-3.1-8B-FP8/B4_multi_few_shot_K32_B4_mn256.bsk.csv

=== summary (best decode_total per method, ms) ===
multi_few_shot           [K=32    ]   rank (decode_total): bs_kernel=4583.4, bsk_2l_dt=4676.9, bsk_2l_1p=4743.5
[W522 19:22:38.932429620 AllocatorConfig.cpp:28] Warning: PYTORCH_CUDA_ALLOC_CONF is deprecated, use PYTORCH_ALLOC_CONF instead (function operator())
[W522 19:22:38.473410955 AllocatorConfig.cpp:28] Warning: PYTORCH_CUDA_ALLOC_CONF is deprecated, use PYTORCH_ALLOC_CONF instead (function operator())
merged: B4_multi_few_shot_K32_B4_mn256.csv ← 9 baselines + 9 bs_kernel rows

==========================================================
=== B5: multi_level_system  (K=64, B=4, mn=256, R=256)  decision=bsk_only ===
==========================================================
model: RedHatAI/Meta-Llama-3.1-8B-Instruct-FP8  (tp_size=1)
scenarios: ['multi_level_system']
methods:   ['bs_kernel', 'bsk_2l_1p', 'bsk_2l_dt']
max_new:   256, repeat: 3

Loading tokenizer + model...
Fetching 8 files:   0%|          | 0/8 [00:00<?, ?it/s]Fetching 8 files: 100%|██████████| 8/8 [00:00<00:00, 112598.77it/s]
Model loaded.

k_overrides: [64]
Building TreeSpecs (this tokenizes the inputs)...
  multi_level_system       [K=64    ] B=4   K=64  L_shared~2515  L_priv~80    n_leaves=256

--- multi_level_system [K=64] ---

[bs_kernel plan-trace] 255 steps (PER_BEAM: 0, DEC_TAIL: 0, SHARED: 255)

  -- SHARED path (255 steps) --
  strategy mix: {'SHARED_2L_1POOL': 255}
  level-0 pack cache hits: 254/255 (99.6%)   plan_info cache hits: 222/255 (87.1%)
  phase                        mean     median        p90        p99        total
  decomp_ms                   0.202      0.072      0.978      1.128        51.50
  pick_ms                     0.125      0.124      0.129      0.133        31.88
  shared_pack_ms              0.335      0.337      0.411      0.462        85.50
  shared_plan_ms              0.320      0.061      0.803      0.832        81.67
  shared_write_ms             0.086      0.084      0.092      0.101        21.94
  bs_kernel    warmup  wall=  6.6s  decode_total= 4393.7ms

[bs_kernel plan-trace] 255 steps (PER_BEAM: 0, DEC_TAIL: 0, SHARED: 255)

  -- SHARED path (255 steps) --
  strategy mix: {'SHARED_2L_1POOL': 255}
  level-0 pack cache hits: 254/255 (99.6%)   plan_info cache hits: 222/255 (87.1%)
  phase                        mean     median        p90        p99        total
  decomp_ms                   0.205      0.075      0.997      1.080        52.39
  pick_ms                     0.125      0.124      0.129      0.133        31.88
  shared_pack_ms              0.335      0.332      0.406      0.449        85.38
  shared_plan_ms              0.156      0.060      0.790      0.816        39.84
  shared_write_ms             0.087      0.085      0.098      0.107        22.08
  bs_kernel    r=0  prefill=  810.8ms  decode= 4346.8ms  plan/step= 1.09ms  fwd/step=15.80ms  p50/step=16.79ms  wall=  5.4s

[bs_kernel plan-trace] 255 steps (PER_BEAM: 0, DEC_TAIL: 0, SHARED: 255)

  -- SHARED path (255 steps) --
  strategy mix: {'SHARED_2L_1POOL': 255}
  level-0 pack cache hits: 254/255 (99.6%)   plan_info cache hits: 222/255 (87.1%)
  phase                        mean     median        p90        p99        total
  decomp_ms                   0.205      0.075      0.991      1.093        52.24
  pick_ms                     0.125      0.124      0.129      0.133        31.82
  shared_pack_ms              0.335      0.334      0.403      0.444        85.33
  shared_plan_ms              0.156      0.060      0.788      0.813        39.77
  shared_write_ms             0.087      0.085      0.099      0.109        22.24
  bs_kernel    r=1  prefill=  812.1ms  decode= 4343.9ms  plan/step= 1.09ms  fwd/step=15.79ms  p50/step=16.78ms  wall=  5.4s

[bs_kernel plan-trace] 255 steps (PER_BEAM: 0, DEC_TAIL: 0, SHARED: 255)

  -- SHARED path (255 steps) --
  strategy mix: {'SHARED_2L_1POOL': 255}
  level-0 pack cache hits: 254/255 (99.6%)   plan_info cache hits: 222/255 (87.1%)
  phase                        mean     median        p90        p99        total
  decomp_ms                   0.205      0.075      0.990      1.093        52.19
  pick_ms                     0.125      0.124      0.129      0.132        31.79
  shared_pack_ms              0.335      0.332      0.405      0.446        85.37
  shared_plan_ms              0.156      0.060      0.786      0.814        39.69
  shared_write_ms             0.086      0.084      0.099      0.107        22.00
  bs_kernel    r=2  prefill=  810.5ms  decode= 4342.9ms  plan/step= 1.09ms  fwd/step=15.79ms  p50/step=16.78ms  wall=  5.4s
  bsk_2l_1p    warmup  wall=  5.4s  decode_total= 4327.3ms
  bsk_2l_1p    r=0  prefill=  812.2ms  decode= 4332.0ms  plan/step= 1.05ms  fwd/step=15.78ms  p50/step=16.74ms  wall=  5.4s
  bsk_2l_1p    r=1  prefill=  813.1ms  decode= 4343.6ms  plan/step= 1.05ms  fwd/step=15.82ms  p50/step=16.76ms  wall=  5.4s
  bsk_2l_1p    r=2  prefill=  813.3ms  decode= 4345.5ms  plan/step= 1.05ms  fwd/step=15.83ms  p50/step=16.74ms  wall=  5.4s
  bsk_2l_dt    warmup  wall=  5.6s  decode_total= 4479.0ms
  bsk_2l_dt    r=0  prefill=  813.6ms  decode= 4405.6ms  plan/step= 0.83ms  fwd/step=16.29ms  p50/step=17.00ms  wall=  5.5s
  bsk_2l_dt    r=1  prefill=  813.3ms  decode= 4436.1ms  plan/step= 0.83ms  fwd/step=16.41ms  p50/step=17.16ms  wall=  5.5s
  bsk_2l_dt    r=2  prefill=  812.9ms  decode= 4417.8ms  plan/step= 0.83ms  fwd/step=16.34ms  p50/step=17.07ms  wall=  5.5s
  rank (decode_total): bsk_2l_1p=4332.0, bs_kernel=4342.9, bsk_2l_dt=4405.6


wrote 9 rows to benchmarks/bs_kernel/results/paper-exp/picker_demo/Llama-3.1-8B-FP8/B5_multi_level_system_K64_B4_mn256.bsk.csv

=== summary (best decode_total per method, ms) ===
multi_level_system       [K=64    ]   rank (decode_total): bsk_2l_1p=4332.0, bs_kernel=4342.9, bsk_2l_dt=4405.6
[W522 19:23:57.939700889 AllocatorConfig.cpp:28] Warning: PYTORCH_CUDA_ALLOC_CONF is deprecated, use PYTORCH_ALLOC_CONF instead (function operator())
[W522 19:23:57.512035357 AllocatorConfig.cpp:28] Warning: PYTORCH_CUDA_ALLOC_CONF is deprecated, use PYTORCH_ALLOC_CONF instead (function operator())
merged: B5_multi_level_system_K64_B4_mn256.csv ← 9 baselines + 9 bs_kernel rows

==========================================================
=== B6: multi_chain_reasoning  (K=64, B=32, mn=256, R=2048)  decision=all ===
==========================================================
model: RedHatAI/Meta-Llama-3.1-8B-Instruct-FP8  (tp_size=1)
scenarios: ['multi_chain_reasoning']
methods:   ['paged', 'fasttree', 'deft', 'bs_kernel', 'bsk_2l_1p', 'bsk_2l_dt']
max_new:   256, repeat: 3

Loading tokenizer + model...
Fetching 8 files:   0%|          | 0/8 [00:00<?, ?it/s]Fetching 8 files: 100%|██████████| 8/8 [00:00<00:00, 112222.18it/s]
Model loaded.

k_overrides: [64]
Building TreeSpecs (this tokenizes the inputs)...
  multi_chain_reasoning    [K=64    ] B=32  K=64  L_shared~2574  L_priv~23    n_leaves=2048

--- multi_chain_reasoning [K=64] ---
  paged        r=0  FAILED: OutOfMemoryError: CUDA out of memory. Tried to allocate 90.21 GiB. GPU 0 has a total capacity of 79.10 GiB of which 70.12 GiB is free. Including non-PyTorch memory, this process has 8.97 GiB memory in use. Of the allocated memory 8.46 GiB is allocated by PyTorch, and 184.00 KiB is reserved by PyTorch but unallocated. If reserved but unallocated memory is large try setting PYTORCH_CUDA_ALLOC_CONF=expandable_segments:True to avoid fragmentation.  See documentation for Memory Management  (https://pytorch.org/docs/stable/notes/cuda.html#environment-variables)
  fasttree     r=0  FAILED: OutOfMemoryError: CUDA out of memory. Tried to allocate 90.21 GiB. GPU 0 has a total capacity of 79.10 GiB of which 70.12 GiB is free. Including non-PyTorch memory, this process has 8.97 GiB memory in use. Of the allocated memory 8.46 GiB is allocated by PyTorch, and 184.00 KiB is reserved by PyTorch but unallocated. If reserved but unallocated memory is large try setting PYTORCH_CUDA_ALLOC_CONF=expandable_segments:True to avoid fragmentation.  See documentation for Memory Management  (https://pytorch.org/docs/stable/notes/cuda.html#environment-variables)
  deft         r=0  FAILED: OutOfMemoryError: CUDA out of memory. Tried to allocate 90.21 GiB. GPU 0 has a total capacity of 79.10 GiB of which 70.12 GiB is free. Including non-PyTorch memory, this process has 8.97 GiB memory in use. Of the allocated memory 8.46 GiB is allocated by PyTorch, and 184.00 KiB is reserved by PyTorch but unallocated. If reserved but unallocated memory is large try setting PYTORCH_CUDA_ALLOC_CONF=expandable_segments:True to avoid fragmentation.  See documentation for Memory Management  (https://pytorch.org/docs/stable/notes/cuda.html#environment-variables)
  bs_kernel    r=0  FAILED: OutOfMemoryError: CUDA out of memory. Tried to allocate 90.21 GiB. GPU 0 has a total capacity of 79.10 GiB of which 70.12 GiB is free. Including non-PyTorch memory, this process has 8.97 GiB memory in use. Of the allocated memory 8.46 GiB is allocated by PyTorch, and 184.00 KiB is reserved by PyTorch but unallocated. If reserved but unallocated memory is large try setting PYTORCH_CUDA_ALLOC_CONF=expandable_segments:True to avoid fragmentation.  See documentation for Memory Management  (https://pytorch.org/docs/stable/notes/cuda.html#environment-variables)
  bsk_2l_1p    r=0  FAILED: OutOfMemoryError: CUDA out of memory. Tried to allocate 90.21 GiB. GPU 0 has a total capacity of 79.10 GiB of which 70.12 GiB is free. Including non-PyTorch memory, this process has 8.97 GiB memory in use. Of the allocated memory 8.46 GiB is allocated by PyTorch, and 184.00 KiB is reserved by PyTorch but unallocated. If reserved but unallocated memory is large try setting PYTORCH_CUDA_ALLOC_CONF=expandable_segments:True to avoid fragmentation.  See documentation for Memory Management  (https://pytorch.org/docs/stable/notes/cuda.html#environment-variables)
  bsk_2l_dt    r=0  FAILED: OutOfMemoryError: CUDA out of memory. Tried to allocate 90.21 GiB. GPU 0 has a total capacity of 79.10 GiB of which 70.12 GiB is free. Including non-PyTorch memory, this process has 8.97 GiB memory in use. Of the allocated memory 8.46 GiB is allocated by PyTorch, and 184.00 KiB is reserved by PyTorch but unallocated. If reserved but unallocated memory is large try setting PYTORCH_CUDA_ALLOC_CONF=expandable_segments:True to avoid fragmentation.  See documentation for Memory Management  (https://pytorch.org/docs/stable/notes/cuda.html#environment-variables)
  rank (decode_total): paged=inf, fasttree=inf, deft=inf, bs_kernel=inf, bsk_2l_1p=inf, bsk_2l_dt=inf


wrote 0 rows to benchmarks/bs_kernel/results/paper-exp/picker_demo/Llama-3.1-8B-FP8/B6_multi_chain_reasoning_K64_B32_mn256.csv

=== summary (best decode_total per method, ms) ===
multi_chain_reasoning    [K=64    ]   rank (decode_total): paged=inf, fasttree=inf, deft=inf, bs_kernel=inf, bsk_2l_1p=inf, bsk_2l_dt=inf
[W522 19:24:10.743955879 AllocatorConfig.cpp:28] Warning: PYTORCH_CUDA_ALLOC_CONF is deprecated, use PYTORCH_ALLOC_CONF instead (function operator())
[W522 19:24:11.278923059 AllocatorConfig.cpp:28] Warning: PYTORCH_CUDA_ALLOC_CONF is deprecated, use PYTORCH_ALLOC_CONF instead (function operator())

==========================================================
=== D1: multi_chain_reasoning  (K=32, B=32, mn=256, R=1024)  decision=all ===
==========================================================
model: RedHatAI/Meta-Llama-3.1-8B-Instruct-FP8  (tp_size=1)
scenarios: ['multi_chain_reasoning']
methods:   ['paged', 'fasttree', 'deft', 'bs_kernel', 'bsk_2l_1p', 'bsk_2l_dt']
max_new:   256, repeat: 3

Loading tokenizer + model...
Fetching 8 files:   0%|          | 0/8 [00:00<?, ?it/s]Fetching 8 files: 100%|██████████| 8/8 [00:00<00:00, 118149.41it/s]
Model loaded.

k_overrides: [32]
Building TreeSpecs (this tokenizes the inputs)...
  multi_chain_reasoning    [K=32    ] B=32  K=32  L_shared~2574  L_priv~23    n_leaves=1024

--- multi_chain_reasoning [K=32] ---
  paged        warmup  wall= 25.4s  decode_total=20563.2ms
  paged        r=0  prefill= 3022.6ms  decode=20589.4ms  plan/step= 7.57ms  fwd/step=72.79ms  p50/step=80.43ms  wall= 24.4s
  paged        r=1  prefill= 3020.1ms  decode=20561.1ms  plan/step= 7.54ms  fwd/step=72.71ms  p50/step=80.37ms  wall= 24.3s
  paged        r=2  prefill= 3032.6ms  decode=20576.9ms  plan/step= 7.57ms  fwd/step=72.73ms  p50/step=80.41ms  wall= 24.4s
  fasttree     warmup  wall= 28.8s  decode_total=24966.6ms
  fasttree     r=0  prefill= 3029.6ms  decode=24562.6ms  plan/step=15.62ms  fwd/step=80.29ms  p50/step=94.94ms  wall= 28.4s
  fasttree     r=1  prefill= 3024.2ms  decode=24538.1ms  plan/step=15.54ms  fwd/step=80.29ms  p50/step=94.89ms  wall= 28.3s
  fasttree     r=2  prefill= 3028.0ms  decode=24558.6ms  plan/step=15.62ms  fwd/step=80.30ms  p50/step=94.92ms  wall= 28.3s
  deft         warmup  wall= 28.4s  decode_total=24558.0ms
  deft         r=0  prefill= 3029.3ms  decode=24503.6ms  plan/step= 2.08ms  fwd/step=93.60ms  p50/step=95.82ms  wall= 28.3s
  deft         r=1  prefill= 3027.1ms  decode=24534.1ms  plan/step= 2.07ms  fwd/step=93.73ms  p50/step=96.00ms  wall= 28.3s
  deft         r=2  prefill= 3029.7ms  decode=24420.7ms  plan/step= 2.09ms  fwd/step=93.26ms  p50/step=95.56ms  wall= 28.2s

[bs_kernel plan-trace] 255 steps (PER_BEAM: 0, DEC_TAIL: 0, SHARED: 255)

  -- SHARED path (255 steps) --
  strategy mix: {'SHARED_2L_1POOL': 255}
  level-0 pack cache hits: 254/255 (99.6%)   plan_info cache hits: 32/255 (12.5%)
  phase                        mean     median        p90        p99        total
  decomp_ms                   1.151      1.111      1.704      1.839       293.44
  pick_ms                     0.437      0.435      0.449      0.460       111.48
  shared_pack_ms              0.953      0.946      1.258      1.345       242.89
  shared_plan_ms              1.435      1.396      1.436      1.469       365.90
  shared_write_ms             0.265      0.266      0.280      0.292        67.59
  bs_kernel    warmup  wall= 16.3s  decode_total=12509.1ms

[bs_kernel plan-trace] 255 steps (PER_BEAM: 0, DEC_TAIL: 0, SHARED: 255)

  -- SHARED path (255 steps) --
  strategy mix: {'SHARED_2L_1POOL': 255}
  level-0 pack cache hits: 254/255 (99.6%)   plan_info cache hits: 32/255 (12.5%)
  phase                        mean     median        p90        p99        total
  decomp_ms                   1.147      1.112      1.716      1.851       292.60
  pick_ms                     0.436      0.435      0.446      0.458       111.23
  shared_pack_ms              0.965      0.967      1.282      1.361       246.14
  shared_plan_ms              1.235      1.392      1.431      1.464       314.93
  shared_write_ms             0.268      0.268      0.281      0.291        68.32
  bs_kernel    r=0  prefill= 3035.0ms  decode=12477.3ms  plan/step= 5.06ms  fwd/step=43.49ms  p50/step=48.90ms  wall= 16.3s

[bs_kernel plan-trace] 255 steps (PER_BEAM: 0, DEC_TAIL: 0, SHARED: 255)

  -- SHARED path (255 steps) --
  strategy mix: {'SHARED_2L_1POOL': 255}
  level-0 pack cache hits: 254/255 (99.6%)   plan_info cache hits: 32/255 (12.5%)
  phase                        mean     median        p90        p99        total
  decomp_ms                   1.149      1.120      1.708      1.851       293.11
  pick_ms                     0.436      0.436      0.446      0.459       111.27
  shared_pack_ms              0.958      0.954      1.262      1.364       244.31
  shared_plan_ms              1.235      1.394      1.432      1.459       314.93
  shared_write_ms             0.267      0.265      0.282      0.296        68.01
  bs_kernel    r=1  prefill= 3037.1ms  decode=12473.3ms  plan/step= 5.05ms  fwd/step=43.49ms  p50/step=48.83ms  wall= 16.3s

[bs_kernel plan-trace] 255 steps (PER_BEAM: 0, DEC_TAIL: 0, SHARED: 255)

  -- SHARED path (255 steps) --
  strategy mix: {'SHARED_2L_1POOL': 255}
  level-0 pack cache hits: 254/255 (99.6%)   plan_info cache hits: 32/255 (12.5%)
  phase                        mean     median        p90        p99        total
  decomp_ms                   1.146      1.106      1.701      1.850       292.25
  pick_ms                     0.437      0.436      0.447      0.461       111.35
  shared_pack_ms              0.966      0.966      1.277      1.375       246.41
  shared_plan_ms              1.234      1.394      1.425      1.470       314.74
  shared_write_ms             0.266      0.265      0.281      0.291        67.71
  bs_kernel    r=2  prefill= 3038.2ms  decode=12473.2ms  plan/step= 5.05ms  fwd/step=43.49ms  p50/step=48.96ms  wall= 16.3s
  bsk_2l_1p    warmup  wall= 16.2s  decode_total=12426.8ms
  bsk_2l_1p    r=0  prefill= 3031.6ms  decode=12421.9ms  plan/step= 4.87ms  fwd/step=43.48ms  p50/step=48.73ms  wall= 16.2s
  bsk_2l_1p    r=1  prefill= 3032.3ms  decode=12438.4ms  plan/step= 4.90ms  fwd/step=43.51ms  p50/step=48.82ms  wall= 16.2s
  bsk_2l_1p    r=2  prefill= 3030.8ms  decode=12428.5ms  plan/step= 4.89ms  fwd/step=43.48ms  p50/step=48.74ms  wall= 16.2s
  bsk_2l_dt    warmup  wall= 15.6s  decode_total=11808.6ms
  bsk_2l_dt    r=0  prefill= 3033.9ms  decode=11747.8ms  plan/step= 3.46ms  fwd/step=42.23ms  p50/step=45.68ms  wall= 15.6s
  bsk_2l_dt    r=1  prefill= 3034.6ms  decode=11752.9ms  plan/step= 3.46ms  fwd/step=42.26ms  p50/step=45.83ms  wall= 15.6s
  bsk_2l_dt    r=2  prefill= 3030.1ms  decode=11746.8ms  plan/step= 3.46ms  fwd/step=42.23ms  p50/step=45.67ms  wall= 15.6s
  rank (decode_total): bsk_2l_dt=11746.8, bsk_2l_1p=12421.9, bs_kernel=12473.2, paged=20561.1, deft=24420.7, fasttree=24538.1


wrote 18 rows to benchmarks/bs_kernel/results/paper-exp/picker_demo/Llama-3.1-8B-FP8/D1_multi_chain_reasoning_K32_B32_mn256.csv

=== summary (best decode_total per method, ms) ===
multi_chain_reasoning    [K=32    ]   rank (decode_total): bsk_2l_dt=11746.8, bsk_2l_1p=12421.9, bs_kernel=12473.2, paged=20561.1, deft=24420.7, fasttree=24538.1
[W522 19:33:03.140783288 AllocatorConfig.cpp:28] Warning: PYTORCH_CUDA_ALLOC_CONF is deprecated, use PYTORCH_ALLOC_CONF instead (function operator())
[W522 19:33:03.670931145 AllocatorConfig.cpp:28] Warning: PYTORCH_CUDA_ALLOC_CONF is deprecated, use PYTORCH_ALLOC_CONF instead (function operator())

==========================================================
=== D2: multi_few_shot  (K=16, B=32, mn=256, R=512)  decision=all ===
==========================================================
model: RedHatAI/Meta-Llama-3.1-8B-Instruct-FP8  (tp_size=1)
scenarios: ['multi_few_shot']
methods:   ['paged', 'fasttree', 'deft', 'bs_kernel', 'bsk_2l_1p', 'bsk_2l_dt']
max_new:   256, repeat: 3

Loading tokenizer + model...
Fetching 8 files:   0%|          | 0/8 [00:00<?, ?it/s]Fetching 8 files: 100%|██████████| 8/8 [00:00<00:00, 107892.06it/s]
Model loaded.

k_overrides: [16]
Building TreeSpecs (this tokenizes the inputs)...
  multi_few_shot           [K=16    ] B=32  K=16  L_shared~5840  L_priv~107   n_leaves=512

--- multi_few_shot [K=16] ---
  paged        r=0  FAILED: OutOfMemoryError: CUDA out of memory. Tried to allocate 9.98 GiB. GPU 0 has a total capacity of 79.10 GiB of which 3.82 GiB is free. Including non-PyTorch memory, this process has 75.27 GiB memory in use. Of the allocated memory 74.65 GiB is allocated by PyTorch, and 25.75 MiB is reserved by PyTorch but unallocated. If reserved but unallocated memory is large try setting PYTORCH_CUDA_ALLOC_CONF=expandable_segments:True to avoid fragmentation.  See documentation for Memory Management  (https://pytorch.org/docs/stable/notes/cuda.html#environment-variables)
  fasttree     r=0  FAILED: OutOfMemoryError: CUDA out of memory. Tried to allocate 9.98 GiB. GPU 0 has a total capacity of 79.10 GiB of which 3.82 GiB is free. Including non-PyTorch memory, this process has 75.27 GiB memory in use. Of the allocated memory 74.64 GiB is allocated by PyTorch, and 33.75 MiB is reserved by PyTorch but unallocated. If reserved but unallocated memory is large try setting PYTORCH_CUDA_ALLOC_CONF=expandable_segments:True to avoid fragmentation.  See documentation for Memory Management  (https://pytorch.org/docs/stable/notes/cuda.html#environment-variables)
  deft         r=0  FAILED: OutOfMemoryError: CUDA out of memory. Tried to allocate 9.98 GiB. GPU 0 has a total capacity of 79.10 GiB of which 3.82 GiB is free. Including non-PyTorch memory, this process has 75.27 GiB memory in use. Of the allocated memory 74.64 GiB is allocated by PyTorch, and 33.75 MiB is reserved by PyTorch but unallocated. If reserved but unallocated memory is large try setting PYTORCH_CUDA_ALLOC_CONF=expandable_segments:True to avoid fragmentation.  See documentation for Memory Management  (https://pytorch.org/docs/stable/notes/cuda.html#environment-variables)
  bs_kernel    r=0  FAILED: OutOfMemoryError: CUDA out of memory. Tried to allocate 9.98 GiB. GPU 0 has a total capacity of 79.10 GiB of which 3.74 GiB is free. Including non-PyTorch memory, this process has 75.35 GiB memory in use. Of the allocated memory 74.72 GiB is allocated by PyTorch, and 32.62 MiB is reserved by PyTorch but unallocated. If reserved but unallocated memory is large try setting PYTORCH_CUDA_ALLOC_CONF=expandable_segments:True to avoid fragmentation.  See documentation for Memory Management  (https://pytorch.org/docs/stable/notes/cuda.html#environment-variables)
  bsk_2l_1p    r=0  FAILED: OutOfMemoryError: CUDA out of memory. Tried to allocate 9.98 GiB. GPU 0 has a total capacity of 79.10 GiB of which 3.74 GiB is free. Including non-PyTorch memory, this process has 75.35 GiB memory in use. Of the allocated memory 74.72 GiB is allocated by PyTorch, and 32.62 MiB is reserved by PyTorch but unallocated. If reserved but unallocated memory is large try setting PYTORCH_CUDA_ALLOC_CONF=expandable_segments:True to avoid fragmentation.  See documentation for Memory Management  (https://pytorch.org/docs/stable/notes/cuda.html#environment-variables)
  bsk_2l_dt    r=0  FAILED: OutOfMemoryError: CUDA out of memory. Tried to allocate 9.98 GiB. GPU 0 has a total capacity of 79.10 GiB of which 3.74 GiB is free. Including non-PyTorch memory, this process has 75.35 GiB memory in use. Of the allocated memory 74.72 GiB is allocated by PyTorch, and 32.62 MiB is reserved by PyTorch but unallocated. If reserved but unallocated memory is large try setting PYTORCH_CUDA_ALLOC_CONF=expandable_segments:True to avoid fragmentation.  See documentation for Memory Management  (https://pytorch.org/docs/stable/notes/cuda.html#environment-variables)
  rank (decode_total): paged=inf, fasttree=inf, deft=inf, bs_kernel=inf, bsk_2l_1p=inf, bsk_2l_dt=inf


wrote 0 rows to benchmarks/bs_kernel/results/paper-exp/picker_demo/Llama-3.1-8B-FP8/D2_multi_few_shot_K16_B32_mn256.csv

=== summary (best decode_total per method, ms) ===
multi_few_shot           [K=16    ]   rank (decode_total): paged=inf, fasttree=inf, deft=inf, bs_kernel=inf, bsk_2l_1p=inf, bsk_2l_dt=inf
[W522 19:33:20.104962928 AllocatorConfig.cpp:28] Warning: PYTORCH_CUDA_ALLOC_CONF is deprecated, use PYTORCH_ALLOC_CONF instead (function operator())
[W522 19:33:21.904783616 AllocatorConfig.cpp:28] Warning: PYTORCH_CUDA_ALLOC_CONF is deprecated, use PYTORCH_ALLOC_CONF instead (function operator())

==========================================================
=== D3: multi_level_system  (K=32, B=16, mn=256, R=512)  decision=all ===
==========================================================
model: RedHatAI/Meta-Llama-3.1-8B-Instruct-FP8  (tp_size=1)
scenarios: ['multi_level_system']
methods:   ['paged', 'fasttree', 'deft', 'bs_kernel', 'bsk_2l_1p', 'bsk_2l_dt']
max_new:   256, repeat: 3

Loading tokenizer + model...
Fetching 8 files:   0%|          | 0/8 [00:00<?, ?it/s]Fetching 8 files: 100%|██████████| 8/8 [00:00<00:00, 108590.39it/s]
Model loaded.

k_overrides: [32]
Building TreeSpecs (this tokenizes the inputs)...
  multi_level_system       [K=32    ] B=16  K=32  L_shared~2515  L_priv~80    n_leaves=512

--- multi_level_system [K=32] ---
  paged        warmup  wall= 14.6s  decode_total=10935.9ms
  paged        r=0  prefill= 2165.5ms  decode=10872.8ms  plan/step= 3.63ms  fwd/step=38.79ms  p50/step=42.77ms  wall= 13.5s
  paged        r=1  prefill= 2164.1ms  decode=10897.0ms  plan/step= 3.63ms  fwd/step=38.87ms  p50/step=42.90ms  wall= 13.5s
  paged        r=2  prefill= 2168.9ms  decode=10888.0ms  plan/step= 3.63ms  fwd/step=38.84ms  p50/step=42.84ms  wall= 13.5s
  fasttree     warmup  wall= 16.4s  decode_total=13769.9ms
  fasttree     r=0  prefill= 2170.6ms  decode=13362.2ms  plan/step= 4.50ms  fwd/step=47.67ms  p50/step=52.02ms  wall= 16.1s
  fasttree     r=1  prefill= 2167.2ms  decode=13362.4ms  plan/step= 4.50ms  fwd/step=47.67ms  p50/step=52.08ms  wall= 16.0s
  fasttree     r=2  prefill= 2170.7ms  decode=13361.8ms  plan/step= 4.50ms  fwd/step=47.67ms  p50/step=52.09ms  wall= 16.0s
  deft         warmup  wall= 17.3s  decode_total=14633.6ms
  deft         r=0  prefill= 2170.2ms  decode=14611.7ms  plan/step= 1.11ms  fwd/step=55.95ms  p50/step=57.59ms  wall= 17.3s
  deft         r=1  prefill= 2160.8ms  decode=14613.6ms  plan/step= 1.10ms  fwd/step=55.97ms  p50/step=57.59ms  wall= 17.3s
  deft         r=2  prefill= 2166.4ms  decode=14611.4ms  plan/step= 1.11ms  fwd/step=55.95ms  p50/step=57.56ms  wall= 17.3s

[bs_kernel plan-trace] 255 steps (PER_BEAM: 0, DEC_TAIL: 0, SHARED: 255)

  -- SHARED path (255 steps) --
  strategy mix: {'SHARED_2L_1POOL': 255}
  level-0 pack cache hits: 254/255 (99.6%)   plan_info cache hits: 222/255 (87.1%)
  phase                        mean     median        p90        p99        total
  decomp_ms                   0.492      0.158      2.633      2.707       125.35
  pick_ms                     0.239      0.238      0.244      0.254        61.05
  shared_pack_ms              0.581      0.575      0.731      0.785       148.25
  shared_plan_ms              0.419      0.066      0.994      1.050       106.85
  shared_write_ms             0.137      0.134      0.153      0.164        34.83
  bs_kernel    warmup  wall=  9.8s  decode_total= 7124.8ms

[bs_kernel plan-trace] 255 steps (PER_BEAM: 0, DEC_TAIL: 0, SHARED: 255)

  -- SHARED path (255 steps) --
  strategy mix: {'SHARED_2L_1POOL': 255}
  level-0 pack cache hits: 254/255 (99.6%)   plan_info cache hits: 222/255 (87.1%)
  phase                        mean     median        p90        p99        total
  decomp_ms                   0.490      0.160      2.627      2.713       124.96
  pick_ms                     0.239      0.238      0.244      0.250        60.99
  shared_pack_ms              0.581      0.574      0.735      0.787       148.16
  shared_plan_ms              0.190      0.067      1.000      1.048        48.42
  shared_write_ms             0.137      0.136      0.156      0.164        34.97
  bs_kernel    r=0  prefill= 2168.5ms  decode= 7069.0ms  plan/step= 1.98ms  fwd/step=25.52ms  p50/step=27.30ms  wall=  9.7s

[bs_kernel plan-trace] 255 steps (PER_BEAM: 0, DEC_TAIL: 0, SHARED: 255)

  -- SHARED path (255 steps) --
  strategy mix: {'SHARED_2L_1POOL': 255}
  level-0 pack cache hits: 254/255 (99.6%)   plan_info cache hits: 222/255 (87.1%)
  phase                        mean     median        p90        p99        total
  decomp_ms                   0.491      0.160      2.607      2.704       125.28
  pick_ms                     0.239      0.238      0.243      0.250        60.90
  shared_pack_ms              0.583      0.580      0.728      0.786       148.63
  shared_plan_ms              0.190      0.067      1.004      1.042        48.48
  shared_write_ms             0.137      0.135      0.152      0.163        34.91
  bs_kernel    r=1  prefill= 2169.0ms  decode= 7069.5ms  plan/step= 1.98ms  fwd/step=25.52ms  p50/step=27.31ms  wall=  9.7s

[bs_kernel plan-trace] 255 steps (PER_BEAM: 0, DEC_TAIL: 0, SHARED: 255)

  -- SHARED path (255 steps) --
  strategy mix: {'SHARED_2L_1POOL': 255}
  level-0 pack cache hits: 254/255 (99.6%)   plan_info cache hits: 222/255 (87.1%)
  phase                        mean     median        p90        p99        total
  decomp_ms                   0.490      0.157      2.619      2.704       124.88
  pick_ms                     0.239      0.239      0.244      0.250        60.97
  shared_pack_ms              0.581      0.575      0.730      0.784       148.16
  shared_plan_ms              0.188      0.066      0.994      1.032        48.05
  shared_write_ms             0.136      0.133      0.153      0.162        34.56
  bs_kernel    r=2  prefill= 2167.0ms  decode= 7064.6ms  plan/step= 1.97ms  fwd/step=25.51ms  p50/step=27.23ms  wall=  9.7s
  bsk_2l_1p    warmup  wall=  9.7s  decode_total= 7036.7ms
  bsk_2l_1p    r=0  prefill= 2163.2ms  decode= 7032.8ms  plan/step= 1.88ms  fwd/step=25.48ms  p50/step=27.18ms  wall=  9.7s
  bsk_2l_1p    r=1  prefill= 2169.3ms  decode= 7036.9ms  plan/step= 1.88ms  fwd/step=25.49ms  p50/step=27.18ms  wall=  9.7s
  bsk_2l_1p    r=2  prefill= 2173.2ms  decode= 7032.8ms  plan/step= 1.88ms  fwd/step=25.47ms  p50/step=27.12ms  wall=  9.7s
  bsk_2l_dt    warmup  wall=  9.5s  decode_total= 6803.8ms
  bsk_2l_dt    r=0  prefill= 2171.0ms  decode= 6769.5ms  plan/step= 1.56ms  fwd/step=24.76ms  p50/step=26.34ms  wall=  9.4s
  bsk_2l_dt    r=1  prefill= 2170.7ms  decode= 6769.1ms  plan/step= 1.57ms  fwd/step=24.75ms  p50/step=26.31ms  wall=  9.4s
  bsk_2l_dt    r=2  prefill= 2166.3ms  decode= 6774.7ms  plan/step= 1.56ms  fwd/step=24.78ms  p50/step=26.32ms  wall=  9.4s
  rank (decode_total): bsk_2l_dt=6769.1, bsk_2l_1p=7032.8, bs_kernel=7064.6, paged=10872.8, fasttree=13361.8, deft=14611.4


wrote 18 rows to benchmarks/bs_kernel/results/paper-exp/picker_demo/Llama-3.1-8B-FP8/D3_multi_level_system_K32_B16_mn256.csv

=== summary (best decode_total per method, ms) ===
multi_level_system       [K=32    ]   rank (decode_total): bsk_2l_dt=6769.1, bsk_2l_1p=7032.8, bs_kernel=7064.6, paged=10872.8, fasttree=13361.8, deft=14611.4
[W522 19:38:39.143072176 AllocatorConfig.cpp:28] Warning: PYTORCH_CUDA_ALLOC_CONF is deprecated, use PYTORCH_ALLOC_CONF instead (function operator())
[W522 19:38:39.641833517 AllocatorConfig.cpp:28] Warning: PYTORCH_CUDA_ALLOC_CONF is deprecated, use PYTORCH_ALLOC_CONF instead (function operator())

==========================================================
=== D4: multi_doc_qa  (K=16, B=4, mn=256, R=64)  decision=all ===
==========================================================
model: RedHatAI/Meta-Llama-3.1-8B-Instruct-FP8  (tp_size=1)
scenarios: ['multi_doc_qa']
methods:   ['paged', 'fasttree', 'deft', 'bs_kernel', 'bsk_2l_1p', 'bsk_2l_dt']
max_new:   256, repeat: 3

Loading tokenizer + model...
Fetching 8 files:   0%|          | 0/8 [00:00<?, ?it/s]Fetching 8 files: 100%|██████████| 8/8 [00:00<00:00, 110376.42it/s]
Model loaded.

k_overrides: [16]
Building TreeSpecs (this tokenizes the inputs)...
  multi_doc_qa             [K=16    ] B=4   K=16  L_shared~88441 L_priv~36    n_leaves=64

--- multi_doc_qa [K=16] ---
  paged        r=0  FAILED: OutOfMemoryError: CUDA out of memory. Tried to allocate 5.40 GiB. GPU 0 has a total capacity of 79.10 GiB of which 3.02 GiB is free. Including non-PyTorch memory, this process has 76.07 GiB memory in use. Of the allocated memory 75.47 GiB is allocated by PyTorch, and 7.22 MiB is reserved by PyTorch but unallocated. If reserved but unallocated memory is large try setting PYTORCH_CUDA_ALLOC_CONF=expandable_segments:True to avoid fragmentation.  See documentation for Memory Management  (https://pytorch.org/docs/stable/notes/cuda.html#environment-variables)
  fasttree     r=0  FAILED: OutOfMemoryError: CUDA out of memory. Tried to allocate 5.40 GiB. GPU 0 has a total capacity of 79.10 GiB of which 3.02 GiB is free. Including non-PyTorch memory, this process has 76.07 GiB memory in use. Of the allocated memory 75.46 GiB is allocated by PyTorch, and 15.22 MiB is reserved by PyTorch but unallocated. If reserved but unallocated memory is large try setting PYTORCH_CUDA_ALLOC_CONF=expandable_segments:True to avoid fragmentation.  See documentation for Memory Management  (https://pytorch.org/docs/stable/notes/cuda.html#environment-variables)
  deft         r=0  FAILED: OutOfMemoryError: CUDA out of memory. Tried to allocate 5.40 GiB. GPU 0 has a total capacity of 79.10 GiB of which 3.02 GiB is free. Including non-PyTorch memory, this process has 76.07 GiB memory in use. Of the allocated memory 75.46 GiB is allocated by PyTorch, and 15.22 MiB is reserved by PyTorch but unallocated. If reserved but unallocated memory is large try setting PYTORCH_CUDA_ALLOC_CONF=expandable_segments:True to avoid fragmentation.  See documentation for Memory Management  (https://pytorch.org/docs/stable/notes/cuda.html#environment-variables)
  bs_kernel    r=0  FAILED: OutOfMemoryError: CUDA out of memory. Tried to allocate 5.40 GiB. GPU 0 has a total capacity of 79.10 GiB of which 2.94 GiB is free. Including non-PyTorch memory, this process has 76.14 GiB memory in use. Of the allocated memory 75.54 GiB is allocated by PyTorch, and 14.09 MiB is reserved by PyTorch but unallocated. If reserved but unallocated memory is large try setting PYTORCH_CUDA_ALLOC_CONF=expandable_segments:True to avoid fragmentation.  See documentation for Memory Management  (https://pytorch.org/docs/stable/notes/cuda.html#environment-variables)
  bsk_2l_1p    r=0  FAILED: OutOfMemoryError: CUDA out of memory. Tried to allocate 5.40 GiB. GPU 0 has a total capacity of 79.10 GiB of which 2.94 GiB is free. Including non-PyTorch memory, this process has 76.14 GiB memory in use. Of the allocated memory 75.54 GiB is allocated by PyTorch, and 14.09 MiB is reserved by PyTorch but unallocated. If reserved but unallocated memory is large try setting PYTORCH_CUDA_ALLOC_CONF=expandable_segments:True to avoid fragmentation.  See documentation for Memory Management  (https://pytorch.org/docs/stable/notes/cuda.html#environment-variables)
  bsk_2l_dt    r=0  FAILED: OutOfMemoryError: CUDA out of memory. Tried to allocate 5.40 GiB. GPU 0 has a total capacity of 79.10 GiB of which 2.94 GiB is free. Including non-PyTorch memory, this process has 76.14 GiB memory in use. Of the allocated memory 75.54 GiB is allocated by PyTorch, and 14.09 MiB is reserved by PyTorch but unallocated. If reserved but unallocated memory is large try setting PYTORCH_CUDA_ALLOC_CONF=expandable_segments:True to avoid fragmentation.  See documentation for Memory Management  (https://pytorch.org/docs/stable/notes/cuda.html#environment-variables)
  rank (decode_total): paged=inf, fasttree=inf, deft=inf, bs_kernel=inf, bsk_2l_1p=inf, bsk_2l_dt=inf


wrote 0 rows to benchmarks/bs_kernel/results/paper-exp/picker_demo/Llama-3.1-8B-FP8/D4_multi_doc_qa_K16_B4_mn256.csv

=== summary (best decode_total per method, ms) ===
multi_doc_qa             [K=16    ]   rank (decode_total): paged=inf, fasttree=inf, deft=inf, bs_kernel=inf, bsk_2l_1p=inf, bsk_2l_dt=inf
[W522 19:38:57.438341437 AllocatorConfig.cpp:28] Warning: PYTORCH_CUDA_ALLOC_CONF is deprecated, use PYTORCH_ALLOC_CONF instead (function operator())
[W522 19:38:58.220895390 AllocatorConfig.cpp:28] Warning: PYTORCH_CUDA_ALLOC_CONF is deprecated, use PYTORCH_ALLOC_CONF instead (function operator())

=== done 2026-05-22T19:38:58+08:00 ===
Results: benchmarks/bs_kernel/results/paper-exp/picker_demo/Llama-3.1-8B-FP8

=== picker_demo 8B fp8-KV retry started 2026-05-22T20:04:27+08:00 ===
model:    RedHatAI/Meta-Llama-3.1-8B-Instruct-FP8  (tp=1, dtype=bf16, kv=fp8_e4m3)


==========================================================
=== B6 (fp8-KV retry): multi_chain_reasoning  (K=64, B=32, mn=256, R=2048) ===
==========================================================
model: RedHatAI/Meta-Llama-3.1-8B-Instruct-FP8  (tp_size=1)
scenarios: ['multi_chain_reasoning']
methods:   ['paged', 'bs_kernel', 'bsk_2l_1p', 'bsk_2l_dt']
max_new:   256, repeat: 3

Loading tokenizer + model...
Fetching 8 files:   0%|          | 0/8 [00:00<?, ?it/s]Fetching 8 files: 100%|██████████| 8/8 [00:00<00:00, 108942.96it/s]
Model loaded.

k_overrides: [64]
Building TreeSpecs (this tokenizes the inputs)...
  multi_chain_reasoning    [K=64    ] B=32  K=64  L_shared~2574  L_priv~23    n_leaves=2048

--- multi_chain_reasoning [K=64] ---
  paged        warmup  wall= 58.2s  decode_total=52465.2ms
  paged        r=0  prefill= 3901.4ms  decode=52758.9ms  plan/step=17.69ms  fwd/step=188.46ms  p50/step=202.21ms  wall= 57.4s
  paged        r=1  prefill= 3905.3ms  decode=52810.1ms  plan/step=18.01ms  fwd/step=188.28ms  p50/step=202.54ms  wall= 57.4s
  paged        r=2  prefill= 3911.3ms  decode=52880.0ms  plan/step=18.19ms  fwd/step=188.33ms  p50/step=202.71ms  wall= 57.5s

[bs_kernel plan-trace] 255 steps (PER_BEAM: 0, DEC_TAIL: 230, SHARED: 25)

  -- DEC_TAIL path (230 steps) --
  prefix re-plans: 1/230 (0.4%)   decode full re-plans: 1/230 (0.4%)
  phase                        mean     median        p90        p99        total
  decomp_ms                   2.139      1.672      2.367      2.732       491.90
  pick_ms                     0.497      0.496      0.505      0.515       114.23
  prefix_plan_ms              0.256      0.040      0.044      0.049        58.88
  decode_build_ms             2.057      2.093      2.332      2.449       473.04
  decode_plan_ms              0.041      0.015      0.016      0.019         9.36

  -- SHARED path (25 steps) --
  strategy mix: {'SHARED_2L_1POOL': 25}
  level-0 pack cache hits: 24/25 (96.0%)   plan_info cache hits: 3/25 (12.0%)
  phase                        mean     median        p90        p99        total
  decomp_ms                   1.576      1.655      2.213      2.297        39.40
  pick_ms                     0.497      0.498      0.505      0.506        12.42
  shared_pack_ms              1.311      1.198      1.594      1.621        32.77
  shared_plan_ms              2.049      2.185      2.219      2.562        51.22
  shared_write_ms             0.537      0.537      0.571      0.581        13.44
  bs_kernel    warmup  wall= 31.3s  decode_total=26639.6ms

[bs_kernel plan-trace] 255 steps (PER_BEAM: 0, DEC_TAIL: 230, SHARED: 25)

  -- DEC_TAIL path (230 steps) --
  prefix re-plans: 1/230 (0.4%)   decode full re-plans: 1/230 (0.4%)
  phase                        mean     median        p90        p99        total
  decomp_ms                   2.208      1.673      2.367      2.689       507.85
  pick_ms                     0.498      0.497      0.507      0.517       114.43
  prefix_plan_ms              0.048      0.041      0.045      0.048        10.94
  decode_build_ms             2.130      2.172      2.451      2.557       489.81
  decode_plan_ms              0.039      0.015      0.016      0.018         8.95

  -- SHARED path (25 steps) --
  strategy mix: {'SHARED_2L_1POOL': 25}
  level-0 pack cache hits: 24/25 (96.0%)   plan_info cache hits: 3/25 (12.0%)
  phase                        mean     median        p90        p99        total
  decomp_ms                   1.583      1.679      2.248      2.308        39.57
  pick_ms                     0.495      0.494      0.503      0.504        12.37
  shared_pack_ms              1.329      1.210      1.583      1.653        33.22
  shared_plan_ms              1.947      2.171      2.222      2.238        48.69
  shared_write_ms             0.543      0.540      0.577      0.601        13.56
  bs_kernel    r=0  prefill= 3912.9ms  decode=26584.9ms  plan/step= 7.32ms  fwd/step=96.08ms  p50/step=101.37ms  wall= 31.2s

[bs_kernel plan-trace] 255 steps (PER_BEAM: 0, DEC_TAIL: 230, SHARED: 25)

  -- DEC_TAIL path (230 steps) --
  prefix re-plans: 1/230 (0.4%)   decode full re-plans: 1/230 (0.4%)
  phase                        mean     median        p90        p99        total
  decomp_ms                   2.204      1.677      2.356      2.712       506.94
  pick_ms                     0.497      0.496      0.506      0.515       114.29
  prefix_plan_ms              0.048      0.040      0.045      0.048        11.01
  decode_build_ms             2.113      2.146      2.424      2.564       485.90
  decode_plan_ms              0.039      0.015      0.016      0.018         9.05

  -- SHARED path (25 steps) --
  strategy mix: {'SHARED_2L_1POOL': 25}
  level-0 pack cache hits: 24/25 (96.0%)   plan_info cache hits: 3/25 (12.0%)
  phase                        mean     median        p90        p99        total
  decomp_ms                   1.590      1.644      2.245      2.322        39.74
  pick_ms                     0.493      0.493      0.498      0.503        12.31
  shared_pack_ms              1.326      1.230      1.569      1.597        33.16
  shared_plan_ms              1.958      2.188      2.211      2.221        48.94
  shared_write_ms             0.554      0.561      0.588      0.595        13.85
  bs_kernel    r=1  prefill= 3912.0ms  decode=26586.7ms  plan/step= 7.29ms  fwd/step=96.12ms  p50/step=101.26ms  wall= 31.2s

[bs_kernel plan-trace] 255 steps (PER_BEAM: 0, DEC_TAIL: 230, SHARED: 25)

  -- DEC_TAIL path (230 steps) --
  prefix re-plans: 1/230 (0.4%)   decode full re-plans: 1/230 (0.4%)
  phase                        mean     median        p90        p99        total
  decomp_ms                   2.172      1.676      2.386      2.714       499.59
  pick_ms                     0.496      0.495      0.505      0.514       114.09
  prefix_plan_ms              0.048      0.041      0.044      0.050        10.96
  decode_build_ms             2.124      2.159      2.441      2.563       488.44
  decode_plan_ms              0.039      0.015      0.016      0.018         8.95

  -- SHARED path (25 steps) --
  strategy mix: {'SHARED_2L_1POOL': 25}
  level-0 pack cache hits: 24/25 (96.0%)   plan_info cache hits: 3/25 (12.0%)
  phase                        mean     median        p90        p99        total
  decomp_ms                   1.583      1.651      2.234      2.286        39.57
  pick_ms                     0.494      0.494      0.500      0.504        12.35
  shared_pack_ms              1.320      1.204      1.576      1.615        33.00
  shared_plan_ms              1.949      2.171      2.212      2.257        48.72
  shared_write_ms             0.536      0.536      0.571      0.591        13.40
  bs_kernel    r=2  prefill= 3907.7ms  decode=26514.5ms  plan/step= 7.11ms  fwd/step=96.01ms  p50/step=101.22ms  wall= 31.1s
  bsk_2l_1p    warmup  wall= 36.2s  decode_total=31594.0ms
  bsk_2l_1p    r=0  prefill= 3920.8ms  decode=31613.4ms  plan/step= 9.30ms  fwd/step=113.81ms  p50/step=122.92ms  wall= 36.2s
  bsk_2l_1p    r=1  prefill= 3937.6ms  decode=31598.4ms  plan/step= 9.25ms  fwd/step=113.79ms  p50/step=123.43ms  wall= 36.3s
  bsk_2l_1p    r=2  prefill= 3909.1ms  decode=31511.9ms  plan/step= 9.18ms  fwd/step=113.53ms  p50/step=122.96ms  wall= 36.2s
  bsk_2l_dt    warmup  wall= 30.9s  decode_total=26276.7ms
  bsk_2l_dt    r=0  prefill= 3915.1ms  decode=26280.8ms  plan/step= 6.35ms  fwd/step=95.87ms  p50/step=100.90ms  wall= 30.9s
  bsk_2l_dt    r=1  prefill= 3902.9ms  decode=26162.2ms  plan/step= 6.16ms  fwd/step=95.60ms  p50/step=100.63ms  wall= 30.8s
  bsk_2l_dt    r=2  prefill= 3919.1ms  decode=26187.9ms  plan/step= 6.21ms  fwd/step=95.66ms  p50/step=100.59ms  wall= 30.9s
  rank (decode_total): bsk_2l_dt=26162.2, bs_kernel=26514.5, bsk_2l_1p=31511.9, paged=52758.9


wrote 12 rows to benchmarks/bs_kernel/results/paper-exp/picker_demo/Llama-3.1-8B-FP8/B6_multi_chain_reasoning_K64_B32_mn256.csv

=== summary (best decode_total per method, ms) ===
multi_chain_reasoning    [K=64    ]   rank (decode_total): bsk_2l_dt=26162.2, bs_kernel=26514.5, bsk_2l_1p=31511.9, paged=52758.9
[W522 20:15:08.714893342 AllocatorConfig.cpp:28] Warning: PYTORCH_CUDA_ALLOC_CONF is deprecated, use PYTORCH_ALLOC_CONF instead (function operator())
[W522 20:15:09.323655239 AllocatorConfig.cpp:28] Warning: PYTORCH_CUDA_ALLOC_CONF is deprecated, use PYTORCH_ALLOC_CONF instead (function operator())

==========================================================
=== D2 (fp8-KV retry): multi_few_shot  (K=16, B=32, mn=256, R=512) ===
==========================================================
model: RedHatAI/Meta-Llama-3.1-8B-Instruct-FP8  (tp_size=1)
scenarios: ['multi_few_shot']
methods:   ['paged', 'bs_kernel', 'bsk_2l_1p', 'bsk_2l_dt']
max_new:   256, repeat: 3

Loading tokenizer + model...
Fetching 8 files:   0%|          | 0/8 [00:00<?, ?it/s]Fetching 8 files: 100%|██████████| 8/8 [00:00<00:00, 111107.39it/s]
Model loaded.

k_overrides: [16]
Building TreeSpecs (this tokenizes the inputs)...
  multi_few_shot           [K=16    ] B=32  K=16  L_shared~5840  L_priv~107   n_leaves=512

--- multi_few_shot [K=16] ---
  paged        warmup  wall= 34.3s  decode_total=24065.2ms
  paged        r=0  prefill= 8648.7ms  decode=24147.0ms  plan/step= 6.04ms  fwd/step=88.32ms  p50/step=94.66ms  wall= 33.4s
  paged        r=1  prefill= 8623.1ms  decode=24156.3ms  plan/step= 6.08ms  fwd/step=88.31ms  p50/step=94.74ms  wall= 33.4s
  paged        r=2  prefill= 8598.7ms  decode=24165.8ms  plan/step= 6.10ms  fwd/step=88.31ms  p50/step=94.84ms  wall= 33.4s

[bs_kernel plan-trace] 255 steps (PER_BEAM: 0, DEC_TAIL: 255, SHARED: 0)

  -- DEC_TAIL path (255 steps) --
  prefix re-plans: 1/255 (0.4%)   decode full re-plans: 1/255 (0.4%)
  phase                        mean     median        p90        p99        total
  decomp_ms                   1.116      1.118      1.651      1.725       284.55
  pick_ms                     0.505      0.504      0.517      0.531       128.84
  prefix_plan_ms              0.220      0.031      0.034      0.038        56.20
  decode_build_ms             0.721      0.708      0.811      0.863       183.83
  decode_plan_ms              0.021      0.014      0.015      0.019         5.32
  bs_kernel    warmup  wall= 20.8s  decode_total=11466.1ms

[bs_kernel plan-trace] 255 steps (PER_BEAM: 0, DEC_TAIL: 255, SHARED: 0)

  -- DEC_TAIL path (255 steps) --
  prefix re-plans: 1/255 (0.4%)   decode full re-plans: 1/255 (0.4%)
  phase                        mean     median        p90        p99        total
  decomp_ms                   1.103      1.105      1.627      1.717       281.27
  pick_ms                     0.503      0.502      0.516      0.523       128.36
  prefix_plan_ms              0.038      0.031      0.034      0.039         9.73
  decode_build_ms             0.728      0.716      0.819      0.847       185.64
  decode_plan_ms              0.020      0.013      0.015      0.018         5.16
  bs_kernel    r=0  prefill= 8638.9ms  decode=11388.7ms  plan/step= 2.85ms  fwd/step=41.49ms  p50/step=44.15ms  wall= 20.7s

[bs_kernel plan-trace] 255 steps (PER_BEAM: 0, DEC_TAIL: 255, SHARED: 0)

  -- DEC_TAIL path (255 steps) --
  prefix re-plans: 1/255 (0.4%)   decode full re-plans: 1/255 (0.4%)
  phase                        mean     median        p90        p99        total
  decomp_ms                   1.103      1.102      1.586      1.706       281.25
  pick_ms                     0.503      0.502      0.515      0.526       128.34
  prefix_plan_ms              0.038      0.031      0.034      0.037         9.79
  decode_build_ms             0.730      0.721      0.814      0.862       186.11
  decode_plan_ms              0.021      0.013      0.014      0.017         5.23
  bs_kernel    r=1  prefill= 8611.8ms  decode=11423.2ms  plan/step= 2.85ms  fwd/step=41.62ms  p50/step=44.28ms  wall= 20.7s

[bs_kernel plan-trace] 255 steps (PER_BEAM: 0, DEC_TAIL: 255, SHARED: 0)

  -- DEC_TAIL path (255 steps) --
  prefix re-plans: 1/255 (0.4%)   decode full re-plans: 1/255 (0.4%)
  phase                        mean     median        p90        p99        total
  decomp_ms                   1.100      1.108      1.601      1.711       280.61
  pick_ms                     0.506      0.506      0.519      0.531       129.07
  prefix_plan_ms              0.038      0.031      0.034      0.039         9.63
  decode_build_ms             0.717      0.714      0.812      0.848       182.93
  decode_plan_ms              0.020      0.014      0.015      0.015         5.13
  bs_kernel    r=2  prefill= 8637.9ms  decode=11383.5ms  plan/step= 2.83ms  fwd/step=41.50ms  p50/step=44.13ms  wall= 20.7s
  bsk_2l_1p    warmup  wall= 24.2s  decode_total=14886.3ms
  bsk_2l_1p    r=0  prefill= 8631.8ms  decode=14881.1ms  plan/step= 3.91ms  fwd/step=54.12ms  p50/step=58.26ms  wall= 24.2s
  bsk_2l_1p    r=1  prefill= 8627.0ms  decode=14885.8ms  plan/step= 3.93ms  fwd/step=54.12ms  p50/step=58.30ms  wall= 24.2s
  bsk_2l_1p    r=2  prefill= 8670.1ms  decode=14823.4ms  plan/step= 3.94ms  fwd/step=53.85ms  p50/step=57.95ms  wall= 24.2s
  bsk_2l_dt    warmup  wall= 20.6s  decode_total=11358.6ms
  bsk_2l_dt    r=0  prefill= 8615.7ms  decode=11342.6ms  plan/step= 2.54ms  fwd/step=41.63ms  p50/step=43.97ms  wall= 20.6s
  bsk_2l_dt    r=1  prefill= 8634.4ms  decode=11333.5ms  plan/step= 2.52ms  fwd/step=41.61ms  p50/step=43.87ms  wall= 20.7s
  bsk_2l_dt    r=2  prefill= 8642.7ms  decode=11304.1ms  plan/step= 2.53ms  fwd/step=41.49ms  p50/step=43.84ms  wall= 20.6s
  rank (decode_total): bsk_2l_dt=11304.1, bs_kernel=11383.5, bsk_2l_1p=14823.4, paged=24147.0


wrote 12 rows to benchmarks/bs_kernel/results/paper-exp/picker_demo/Llama-3.1-8B-FP8/D2_multi_few_shot_K16_B32_mn256.csv

=== summary (best decode_total per method, ms) ===
multi_few_shot           [K=16    ]   rank (decode_total): bsk_2l_dt=11304.1, bs_kernel=11383.5, bsk_2l_1p=14823.4, paged=24147.0
[W522 20:22:00.569402210 AllocatorConfig.cpp:28] Warning: PYTORCH_CUDA_ALLOC_CONF is deprecated, use PYTORCH_ALLOC_CONF instead (function operator())
[W522 20:22:01.084622116 AllocatorConfig.cpp:28] Warning: PYTORCH_CUDA_ALLOC_CONF is deprecated, use PYTORCH_ALLOC_CONF instead (function operator())

==========================================================
=== D4 (fp8-KV retry): multi_doc_qa  (K=16, B=4, mn=256, R=64) ===
==========================================================
model: RedHatAI/Meta-Llama-3.1-8B-Instruct-FP8  (tp_size=1)
scenarios: ['multi_doc_qa']
methods:   ['paged', 'bs_kernel', 'bsk_2l_1p', 'bsk_2l_dt']
max_new:   256, repeat: 3

Loading tokenizer + model...
Fetching 8 files:   0%|          | 0/8 [00:00<?, ?it/s]Fetching 8 files: 100%|██████████| 8/8 [00:00<00:00, 100764.06it/s]
Model loaded.

k_overrides: [16]
Building TreeSpecs (this tokenizes the inputs)...
  multi_doc_qa             [K=16    ] B=4   K=16  L_shared~88441 L_priv~36    n_leaves=64

--- multi_doc_qa [K=16] ---
  paged        r=0  FAILED: OutOfMemoryError: CUDA out of memory. Tried to allocate 18.89 GiB. GPU 0 has a total capacity of 79.10 GiB of which 13.14 GiB is free. Including non-PyTorch memory, this process has 65.95 GiB memory in use. Of the allocated memory 65.32 GiB is allocated by PyTorch, and 40.26 MiB is reserved by PyTorch but unallocated. If reserved but unallocated memory is large try setting PYTORCH_CUDA_ALLOC_CONF=expandable_segments:True to avoid fragmentation.  See documentation for Memory Management  (https://pytorch.org/docs/stable/notes/cuda.html#environment-variables)
  bs_kernel    r=0  FAILED: OutOfMemoryError: CUDA out of memory. Tried to allocate 18.89 GiB. GPU 0 has a total capacity of 79.10 GiB of which 13.06 GiB is free. Including non-PyTorch memory, this process has 66.03 GiB memory in use. Of the allocated memory 65.39 GiB is allocated by PyTorch, and 47.13 MiB is reserved by PyTorch but unallocated. If reserved but unallocated memory is large try setting PYTORCH_CUDA_ALLOC_CONF=expandable_segments:True to avoid fragmentation.  See documentation for Memory Management  (https://pytorch.org/docs/stable/notes/cuda.html#environment-variables)
  bsk_2l_1p    r=0  FAILED: OutOfMemoryError: CUDA out of memory. Tried to allocate 18.89 GiB. GPU 0 has a total capacity of 79.10 GiB of which 13.06 GiB is free. Including non-PyTorch memory, this process has 66.03 GiB memory in use. Of the allocated memory 65.39 GiB is allocated by PyTorch, and 47.13 MiB is reserved by PyTorch but unallocated. If reserved but unallocated memory is large try setting PYTORCH_CUDA_ALLOC_CONF=expandable_segments:True to avoid fragmentation.  See documentation for Memory Management  (https://pytorch.org/docs/stable/notes/cuda.html#environment-variables)
  bsk_2l_dt    r=0  FAILED: OutOfMemoryError: CUDA out of memory. Tried to allocate 18.89 GiB. GPU 0 has a total capacity of 79.10 GiB of which 13.06 GiB is free. Including non-PyTorch memory, this process has 66.03 GiB memory in use. Of the allocated memory 65.39 GiB is allocated by PyTorch, and 47.13 MiB is reserved by PyTorch but unallocated. If reserved but unallocated memory is large try setting PYTORCH_CUDA_ALLOC_CONF=expandable_segments:True to avoid fragmentation.  See documentation for Memory Management  (https://pytorch.org/docs/stable/notes/cuda.html#environment-variables)
  rank (decode_total): paged=inf, bs_kernel=inf, bsk_2l_1p=inf, bsk_2l_dt=inf


wrote 0 rows to benchmarks/bs_kernel/results/paper-exp/picker_demo/Llama-3.1-8B-FP8/D4_multi_doc_qa_K16_B4_mn256.csv

=== summary (best decode_total per method, ms) ===
multi_doc_qa             [K=16    ]   rank (decode_total): paged=inf, bs_kernel=inf, bsk_2l_1p=inf, bsk_2l_dt=inf
[W522 20:22:22.054595161 AllocatorConfig.cpp:28] Warning: PYTORCH_CUDA_ALLOC_CONF is deprecated, use PYTORCH_ALLOC_CONF instead (function operator())
[W522 20:22:23.840694708 AllocatorConfig.cpp:28] Warning: PYTORCH_CUDA_ALLOC_CONF is deprecated, use PYTORCH_ALLOC_CONF instead (function operator())

=== 8B fp8-KV retry done 2026-05-22T20:22:23+08:00 ===
=== picker_demo Model B (Llama-3.1-8B-FP8 TP=1 fp8 weights, bf16 KV) started 2026-05-22T22:21:38+08:00 ===
model:    RedHatAI/Meta-Llama-3.1-8B-Instruct-FP8  (tp=1, dtype=bf16, kv=bf16; fp8-KV fallback on OOM)
mode:     smart-rerun (refresh bs_kernel against new cost model)

=== recalibrating coefficients ===
<frozen runpy>:128: RuntimeWarning: 'beam_engine.methods.bs_kernel.calibrate' found in sys.modules after import of package 'beam_engine.methods.bs_kernel', but prior to execution of 'beam_engine.methods.bs_kernel.calibrate'; this may result in unpredictable behaviour
[calibrate] probing NVIDIA H100 80GB HBM3
[calibrate] probing dtype=fp16
  raw decode_launch=33.40 → anchored to launch_us=7.52
[calibrate] probing dtype=bf16
[calibrate] probing dtype=fp8_e4m3
[calibrate] wrote /home/u4320956/.cache/beam_engine/coeffs-NVIDIA_H100_80GB_HBM3.json
  B_hbm                =  1297260.9 bytes/µs   (1.30 TB/s)
  merge_launch_us      =     5.6920
  merge_bw_us_per_row  =   0.002822
  decode_launch_us     =       7.52
  per_tile[     bf16][ 16] =      23.00 µs
  per_tile[     bf16][ 64] =      23.06 µs
  per_tile[     bf16][128] =      23.57 µs
  per_tile[     fp16][ 16] =      24.57 µs
  per_tile[     fp16][ 64] =      23.58 µs
  per_tile[     fp16][128] =      24.16 µs
  per_tile[ fp8_e4m3][ 16] =      23.50 µs
  per_tile[ fp8_e4m3][ 64] =      23.61 µs
  per_tile[ fp8_e4m3][128] =      31.16 µs
  decode_us_per_beam[     bf16] =   0.001395
  decode_us_per_beam[     fp16] =   0.001394
  decode_us_per_beam[ fp8_e4m3] =   0.001297
[W522 22:21:43.387025037 AllocatorConfig.cpp:28] Warning: PYTORCH_CUDA_ALLOC_CONF is deprecated, use PYTORCH_ALLOC_CONF instead (function operator())


==========================================================
=== B1: beam_search (hotpot)  (K=4, B=1, L_p=40000, mn=128)  decision=bsk_only bf16 ===
==========================================================
  --- method: paged ---
grid: 1 (K,L_p,B) cells × 1 methods = 1 runs
methods: ['paged']
max_new: 128
tp_size: 1, device: cuda
Loading tokenizer + model...
Fetching 8 files:   0%|          | 0/8 [00:00<?, ?it/s]Fetching 8 files: 100%|██████████| 8/8 [00:00<00:00, 116508.44it/s]
Model loaded.

loaded 30 prompts from data/hotpotqa.jsonl
  paged          warmup K=4   L_p=40000  B=1  discard          decode_total= 2372.5ms  (  5.5s wall)
  paged                 K=4   L_p=40000  B=1  prefill= 1836.6ms  decode_total= 2222.3ms  per_pt_token= 17.50ms  (  4.3s wall)

wrote 1 rows to benchmarks/bs_kernel/results/paper-exp/picker_demo/Llama-3.1-8B-FP8/B1_paged.csv
[W522 22:22:08.463636216 AllocatorConfig.cpp:28] Warning: PYTORCH_CUDA_ALLOC_CONF is deprecated, use PYTORCH_ALLOC_CONF instead (function operator())
  --- method: fasttree ---
grid: 1 (K,L_p,B) cells × 1 methods = 1 runs
methods: ['fasttree']
max_new: 128
tp_size: 1, device: cuda
Loading tokenizer + model...
Fetching 8 files:   0%|          | 0/8 [00:00<?, ?it/s]Fetching 8 files: 100%|██████████| 8/8 [00:00<00:00, 122910.01it/s]
Model loaded.

loaded 30 prompts from data/hotpotqa.jsonl
  fasttree       warmup K=4   L_p=40000  B=1  discard          decode_total= 3006.4ms  (  6.1s wall)
  fasttree              K=4   L_p=40000  B=1  prefill= 1743.0ms  decode_total= 2446.8ms  per_pt_token= 19.27ms  (  4.4s wall)

wrote 1 rows to benchmarks/bs_kernel/results/paper-exp/picker_demo/Llama-3.1-8B-FP8/B1_fasttree.csv
[W522 22:22:30.326681207 AllocatorConfig.cpp:28] Warning: PYTORCH_CUDA_ALLOC_CONF is deprecated, use PYTORCH_ALLOC_CONF instead (function operator())
  --- method: deft ---
grid: 1 (K,L_p,B) cells × 1 methods = 1 runs
methods: ['deft']
max_new: 128
tp_size: 1, device: cuda
Loading tokenizer + model...
Fetching 8 files:   0%|          | 0/8 [00:00<?, ?it/s]Fetching 8 files: 100%|██████████| 8/8 [00:00<00:00, 115704.94it/s]
Model loaded.

loaded 30 prompts from data/hotpotqa.jsonl
  deft           warmup K=4   L_p=40000  B=1  discard          decode_total=13775.1ms  ( 17.0s wall)
  deft                  K=4   L_p=40000  B=1  prefill= 1786.6ms  decode_total=13228.6ms  per_pt_token=104.16ms  ( 15.3s wall)

wrote 1 rows to benchmarks/bs_kernel/results/paper-exp/picker_demo/Llama-3.1-8B-FP8/B1_deft.csv
[W522 22:23:14.221954182 AllocatorConfig.cpp:28] Warning: PYTORCH_CUDA_ALLOC_CONF is deprecated, use PYTORCH_ALLOC_CONF instead (function operator())
  --- method: bs_kernel ---
grid: 1 (K,L_p,B) cells × 1 methods = 1 runs
methods: ['bs_kernel']
max_new: 128
tp_size: 1, device: cuda
Loading tokenizer + model...
Fetching 8 files:   0%|          | 0/8 [00:00<?, ?it/s]Fetching 8 files: 100%|██████████| 8/8 [00:00<00:00, 116914.40it/s]
Model loaded.

loaded 30 prompts from data/hotpotqa.jsonl
  bs_kernel      warmup K=4   L_p=40000  B=1  
[bs_kernel plan-trace] 127 steps (PER_BEAM: 0, DEC_TAIL: 0, SHARED: 127)

  -- SHARED path (127 steps) --
  strategy mix: {'SHARED_2L_1POOL': 127}
  level-0 pack cache hits: 122/127 (96.1%)   plan_info cache hits: 115/127 (90.6%)
  phase                        mean     median        p90        p99        total
  decomp_ms                   0.293      0.409      0.482      0.523        37.18
  pick_ms                     0.127      0.132      0.140      0.146        16.08
  shared_pack_ms              0.121      0.117      0.127      0.322        15.42
  shared_plan_ms              0.468      0.059      0.067      0.628        59.41
  shared_write_ms             0.042      0.041      0.043      0.049         5.35
discard          decode_total= 2401.5ms  (  5.6s wall)
  bs_kernel             K=4   L_p=40000  B=1  
[bs_kernel plan-trace] 127 steps (PER_BEAM: 0, DEC_TAIL: 0, SHARED: 127)

  -- SHARED path (127 steps) --
  strategy mix: {'SHARED_2L_1POOL': 127}
  level-0 pack cache hits: 122/127 (96.1%)   plan_info cache hits: 115/127 (90.6%)
  phase                        mean     median        p90        p99        total
  decomp_ms                   0.287      0.403      0.469      0.511        36.49
  pick_ms                     0.124      0.131      0.137      0.145        15.77
  shared_pack_ms              0.119      0.116      0.123      0.306        15.10
  shared_plan_ms              0.111      0.058      0.067      0.627        14.04
  shared_write_ms             0.041      0.041      0.042      0.044         5.18
prefill= 1846.1ms  decode_total= 2271.0ms  per_pt_token= 17.88ms  (  4.4s wall)

wrote 1 rows to benchmarks/bs_kernel/results/paper-exp/picker_demo/Llama-3.1-8B-FP8/B1_bs_kernel.csv
[W522 22:23:36.962244756 AllocatorConfig.cpp:28] Warning: PYTORCH_CUDA_ALLOC_CONF is deprecated, use PYTORCH_ALLOC_CONF instead (function operator())
  --- method: bs_kernel_2l1p ---
grid: 1 (K,L_p,B) cells × 1 methods = 1 runs
methods: ['bs_kernel_2l1p']
max_new: 128
tp_size: 1, device: cuda
Loading tokenizer + model...
Fetching 8 files:   0%|          | 0/8 [00:00<?, ?it/s]Fetching 8 files: 100%|██████████| 8/8 [00:00<00:00, 118149.41it/s]
Model loaded.

loaded 30 prompts from data/hotpotqa.jsonl
  bs_kernel_2l1p warmup K=4   L_p=40000  B=1  
[bs_kernel plan-trace] 127 steps (PER_BEAM: 0, DEC_TAIL: 0, SHARED: 127)

  -- SHARED path (127 steps) --
  strategy mix: {'SHARED_2L_1POOL': 127}
  level-0 pack cache hits: 122/127 (96.1%)   plan_info cache hits: 115/127 (90.6%)
  phase                        mean     median        p90        p99        total
  decomp_ms                   0.291      0.410      0.467      0.517        36.99
  pick_ms                     0.065      0.063      0.070      0.075         8.22
  shared_pack_ms              0.117      0.113      0.124      0.306        14.90
  shared_plan_ms              0.448      0.058      0.065      0.617        56.88
  shared_write_ms             0.041      0.040      0.042      0.046         5.26
discard          decode_total= 2368.3ms  (  5.6s wall)
  bs_kernel_2l1p        K=4   L_p=40000  B=1  
[bs_kernel plan-trace] 127 steps (PER_BEAM: 0, DEC_TAIL: 0, SHARED: 127)

  -- SHARED path (127 steps) --
  strategy mix: {'SHARED_2L_1POOL': 127}
  level-0 pack cache hits: 122/127 (96.1%)   plan_info cache hits: 115/127 (90.6%)
  phase                        mean     median        p90        p99        total
  decomp_ms                   0.288      0.405      0.465      0.518        36.59
  pick_ms                     0.064      0.063      0.069      0.075         8.14
  shared_pack_ms              0.115      0.111      0.119      0.305        14.64
  shared_plan_ms              0.109      0.057      0.067      0.625        13.82
  shared_write_ms             0.040      0.040      0.042      0.049         5.10
prefill= 1782.5ms  decode_total= 2238.4ms  per_pt_token= 17.63ms  (  4.3s wall)

wrote 1 rows to benchmarks/bs_kernel/results/paper-exp/picker_demo/Llama-3.1-8B-FP8/B1_bs_kernel_2l1p.csv
[W522 22:23:58.734116329 AllocatorConfig.cpp:28] Warning: PYTORCH_CUDA_ALLOC_CONF is deprecated, use PYTORCH_ALLOC_CONF instead (function operator())
  --- method: bs_kernel_2ldt ---
grid: 1 (K,L_p,B) cells × 1 methods = 1 runs
methods: ['bs_kernel_2ldt']
max_new: 128
tp_size: 1, device: cuda
Loading tokenizer + model...
Fetching 8 files:   0%|          | 0/8 [00:00<?, ?it/s]Fetching 8 files: 100%|██████████| 8/8 [00:00<00:00, 119837.26it/s]
Model loaded.

loaded 30 prompts from data/hotpotqa.jsonl
  bs_kernel_2ldt warmup K=4   L_p=40000  B=1  
[bs_kernel plan-trace] 127 steps (PER_BEAM: 0, DEC_TAIL: 127, SHARED: 0)

  -- DEC_TAIL path (127 steps) --
  prefix re-plans: 4/127 (3.1%)   decode full re-plans: 1/127 (0.8%)
  phase                        mean     median        p90        p99        total
  decomp_ms                   0.279      0.411      0.484      0.522        35.49
  pick_ms                     0.053      0.052      0.057      0.068         6.73
  prefix_plan_ms              0.319      0.024      0.028      0.796        40.53
  decode_build_ms             0.100      0.102      0.112      0.121        12.76
  decode_plan_ms              0.526      0.010      0.011      0.013        66.85
discard          decode_total= 2551.6ms  (  5.8s wall)
  bs_kernel_2ldt        K=4   L_p=40000  B=1  
[bs_kernel plan-trace] 127 steps (PER_BEAM: 0, DEC_TAIL: 127, SHARED: 0)

  -- DEC_TAIL path (127 steps) --
  prefix re-plans: 4/127 (3.1%)   decode full re-plans: 1/127 (0.8%)
  phase                        mean     median        p90        p99        total
  decomp_ms                   0.268      0.400      0.480      0.515        34.10
  pick_ms                     0.052      0.051      0.057      0.061         6.56
  prefix_plan_ms              0.047      0.022      0.028      0.754         5.93
  decode_build_ms             0.098      0.100      0.110      0.125        12.45
  decode_plan_ms              0.012      0.010      0.011      0.012         1.55
prefill= 1747.2ms  decode_total= 2354.8ms  per_pt_token= 18.54ms  (  4.3s wall)

wrote 1 rows to benchmarks/bs_kernel/results/paper-exp/picker_demo/Llama-3.1-8B-FP8/B1_bs_kernel_2ldt.csv
[W522 22:24:19.324144605 AllocatorConfig.cpp:28] Warning: PYTORCH_CUDA_ALLOC_CONF is deprecated, use PYTORCH_ALLOC_CONF instead (function operator())

==========================================================
=== B2: multi_chain_reasoning  (K=4, B=1, mn=32, R=4)  decision=bsk_only dtype=bf16 ===
==========================================================
model: RedHatAI/Meta-Llama-3.1-8B-Instruct-FP8  (tp_size=1)
scenarios: ['multi_chain_reasoning']
methods:   ['bs_kernel', 'bsk_2l_1p', 'bsk_2l_dt']
max_new:   32, repeat: 3

Loading tokenizer + model...
Fetching 8 files:   0%|          | 0/8 [00:00<?, ?it/s]Fetching 8 files: 100%|██████████| 8/8 [00:00<00:00, 109297.82it/s]
Model loaded.

k_overrides: [4]
Building TreeSpecs (this tokenizes the inputs)...
  multi_chain_reasoning    [K=4     ] B=1   K=4   L_shared~2581  L_priv~23    n_leaves=4

--- multi_chain_reasoning [K=4] ---

[bs_kernel plan-trace] 31 steps (PER_BEAM: 0, DEC_TAIL: 0, SHARED: 31)

  -- SHARED path (31 steps) --
  strategy mix: {'SHARED_2L_1POOL': 31}
  level-0 pack cache hits: 30/31 (96.8%)   plan_info cache hits: 28/31 (90.3%)
  phase                        mean     median        p90        p99        total
  decomp_ms                   0.067      0.016      0.030      0.528         2.08
  pick_ms                     0.087      0.082      0.099      0.129         2.69
  shared_pack_ms              0.103      0.096      0.111      0.120         3.18
  shared_plan_ms              1.192      0.053      0.070      0.635        36.95
  shared_write_ms             0.043      0.040      0.043      0.044         1.33
  bs_kernel    warmup  wall=  1.9s  decode_total=  591.7ms

[bs_kernel plan-trace] 31 steps (PER_BEAM: 0, DEC_TAIL: 0, SHARED: 31)

  -- SHARED path (31 steps) --
  strategy mix: {'SHARED_2L_1POOL': 31}
  level-0 pack cache hits: 30/31 (96.8%)   plan_info cache hits: 28/31 (90.3%)
  phase                        mean     median        p90        p99        total
  decomp_ms                   0.064      0.015      0.019      0.517         1.97
  pick_ms                     0.083      0.081      0.086      0.092         2.56
  shared_pack_ms              0.099      0.094      0.102      0.117         3.07
  shared_plan_ms              0.112      0.052      0.061      0.618         3.47
  shared_write_ms             0.040      0.039      0.040      0.042         1.23
  bs_kernel    r=0  prefill=   87.5ms  decode=  517.2ms  plan/step= 0.48ms  fwd/step=16.09ms  p50/step=16.55ms  wall=  0.7s

[bs_kernel plan-trace] 31 steps (PER_BEAM: 0, DEC_TAIL: 0, SHARED: 31)

  -- SHARED path (31 steps) --
  strategy mix: {'SHARED_2L_1POOL': 31}
  level-0 pack cache hits: 30/31 (96.8%)   plan_info cache hits: 28/31 (90.3%)
  phase                        mean     median        p90        p99        total
  decomp_ms                   0.059      0.015      0.017      0.476         1.82
  pick_ms                     0.082      0.081      0.087      0.087         2.53
  shared_pack_ms              0.098      0.094      0.101      0.111         3.03
  shared_plan_ms              0.110      0.052      0.060      0.596         3.41
  shared_write_ms             0.039      0.040      0.041      0.042         1.22
  bs_kernel    r=1  prefill=   96.9ms  decode=  524.1ms  plan/step= 0.47ms  fwd/step=16.33ms  p50/step=16.55ms  wall=  0.8s

[bs_kernel plan-trace] 31 steps (PER_BEAM: 0, DEC_TAIL: 0, SHARED: 31)

  -- SHARED path (31 steps) --
  strategy mix: {'SHARED_2L_1POOL': 31}
  level-0 pack cache hits: 30/31 (96.8%)   plan_info cache hits: 28/31 (90.3%)
  phase                        mean     median        p90        p99        total
  decomp_ms                   0.061      0.015      0.019      0.492         1.90
  pick_ms                     0.083      0.082      0.087      0.090         2.56
  shared_pack_ms              0.099      0.094      0.104      0.113         3.08
  shared_plan_ms              0.112      0.052      0.062      0.616         3.49
  shared_write_ms             0.040      0.039      0.041      0.043         1.22
  bs_kernel    r=2  prefill=   90.5ms  decode=  518.1ms  plan/step= 0.48ms  fwd/step=16.12ms  p50/step=16.59ms  wall=  0.7s
  bsk_2l_1p    warmup  wall=  0.7s  decode_total=  516.7ms
  bsk_2l_1p    r=0  prefill=   93.4ms  decode=  515.1ms  plan/step= 0.45ms  fwd/step=16.06ms  p50/step=16.51ms  wall=  0.7s
  bsk_2l_1p    r=1  prefill=   87.4ms  decode=  516.5ms  plan/step= 0.47ms  fwd/step=16.09ms  p50/step=16.50ms  wall=  0.8s
  bsk_2l_1p    r=2  prefill=   91.4ms  decode=  514.4ms  plan/step= 0.44ms  fwd/step=16.04ms  p50/step=16.50ms  wall=  0.7s
  bsk_2l_dt    warmup  wall=  0.8s  decode_total=  635.0ms
  bsk_2l_dt    r=0  prefill=   98.8ms  decode=  549.8ms  plan/step= 0.34ms  fwd/step=17.29ms  p50/step=17.66ms  wall=  0.7s
  bsk_2l_dt    r=1  prefill=   91.7ms  decode=  550.7ms  plan/step= 0.34ms  fwd/step=17.31ms  p50/step=17.70ms  wall=  0.8s
  bsk_2l_dt    r=2  prefill=   87.5ms  decode=  551.6ms  plan/step= 0.36ms  fwd/step=17.32ms  p50/step=17.69ms  wall=  0.7s
  rank (decode_total): bsk_2l_1p=514.4, bs_kernel=517.2, bsk_2l_dt=549.8


wrote 9 rows to benchmarks/bs_kernel/results/paper-exp/picker_demo/Llama-3.1-8B-FP8/B2_multi_chain_reasoning_K4_B1_mn32.bsk.csv

=== summary (best decode_total per method, ms) ===
multi_chain_reasoning    [K=4     ]   rank (decode_total): bsk_2l_1p=514.4, bs_kernel=517.2, bsk_2l_dt=549.8
[W522 22:24:42.331748048 AllocatorConfig.cpp:28] Warning: PYTORCH_CUDA_ALLOC_CONF is deprecated, use PYTORCH_ALLOC_CONF instead (function operator())
[W522 22:24:43.874696948 AllocatorConfig.cpp:28] Warning: PYTORCH_CUDA_ALLOC_CONF is deprecated, use PYTORCH_ALLOC_CONF instead (function operator())
merged: B2_multi_chain_reasoning_K4_B1_mn32.csv ← 9 baselines + 9 bs_kernel rows

==========================================================
=== B3: multi_doc_qa  (K=64, B=1, mn=256, R=64)  decision=bsk_only dtype=bf16 ===
==========================================================
model: RedHatAI/Meta-Llama-3.1-8B-Instruct-FP8  (tp_size=1)
scenarios: ['multi_doc_qa']
methods:   ['bs_kernel', 'bsk_2l_1p', 'bsk_2l_dt']
max_new:   256, repeat: 3

Loading tokenizer + model...
Fetching 8 files:   0%|          | 0/8 [00:00<?, ?it/s]Fetching 8 files: 100%|██████████| 8/8 [00:00<00:00, 109655.01it/s]
Model loaded.

k_overrides: [64]
Building TreeSpecs (this tokenizes the inputs)...
  multi_doc_qa             [K=64    ] B=1   K=64  L_shared~86627 L_priv~39    n_leaves=64

--- multi_doc_qa [K=64] ---

[bs_kernel plan-trace] 255 steps (PER_BEAM: 0, DEC_TAIL: 255, SHARED: 0)

  -- DEC_TAIL path (255 steps) --
  prefix re-plans: 1/255 (0.4%)   decode full re-plans: 1/255 (0.4%)
  phase                        mean     median        p90        p99        total
  decomp_ms                   0.075      0.030      0.036      0.612        19.19
  pick_ms                     0.089      0.088      0.094      0.116        22.69
  prefix_plan_ms              0.163      0.017      0.019      0.024        41.53
  decode_build_ms             0.156      0.155      0.169      0.183        39.69
  decode_plan_ms              0.270      0.011      0.012      0.014        68.83
  bs_kernel    warmup  wall= 13.7s  decode_total= 5490.5ms

[bs_kernel plan-trace] 255 steps (PER_BEAM: 0, DEC_TAIL: 255, SHARED: 0)

  -- DEC_TAIL path (255 steps) --
  prefix re-plans: 1/255 (0.4%)   decode full re-plans: 1/255 (0.4%)
  phase                        mean     median        p90        p99        total
  decomp_ms                   0.081      0.030      0.036      0.614        20.74
  pick_ms                     0.088      0.088      0.092      0.097        22.45
  prefix_plan_ms              0.022      0.017      0.019      0.023         5.57
  decode_build_ms             0.158      0.156      0.174      0.180        40.17
  decode_plan_ms              0.012      0.011      0.011      0.012         3.16
  bs_kernel    r=0  prefill= 6650.0ms  decode= 5339.1ms  plan/step= 0.48ms  fwd/step=20.34ms  p50/step=20.90ms  wall= 12.7s

[bs_kernel plan-trace] 255 steps (PER_BEAM: 0, DEC_TAIL: 255, SHARED: 0)

  -- DEC_TAIL path (255 steps) --
  prefix re-plans: 1/255 (0.4%)   decode full re-plans: 1/255 (0.4%)
  phase                        mean     median        p90        p99        total
  decomp_ms                   0.082      0.031      0.041      0.619        20.95
  pick_ms                     0.089      0.088      0.094      0.104        22.68
  prefix_plan_ms              0.022      0.017      0.020      0.024         5.61
  decode_build_ms             0.160      0.157      0.180      0.206        40.83
  decode_plan_ms              0.012      0.011      0.011      0.016         3.17
  bs_kernel    r=1  prefill= 6627.7ms  decode= 5370.7ms  plan/step= 0.49ms  fwd/step=20.45ms  p50/step=21.01ms  wall= 12.6s

[bs_kernel plan-trace] 255 steps (PER_BEAM: 0, DEC_TAIL: 255, SHARED: 0)

  -- DEC_TAIL path (255 steps) --
  prefix re-plans: 1/255 (0.4%)   decode full re-plans: 1/255 (0.4%)
  phase                        mean     median        p90        p99        total
  decomp_ms                   0.080      0.030      0.040      0.630        20.52
  pick_ms                     0.088      0.087      0.093      0.102        22.49
  prefix_plan_ms              0.022      0.017      0.020      0.024         5.53
  decode_build_ms             0.158      0.156      0.175      0.200        40.25
  decode_plan_ms              0.012      0.011      0.012      0.012         3.18
  bs_kernel    r=2  prefill= 6615.6ms  decode= 5366.4ms  plan/step= 0.49ms  fwd/step=20.44ms  p50/step=20.98ms  wall= 12.4s
  bsk_2l_1p    warmup  wall= 13.6s  decode_total= 6515.3ms
  bsk_2l_1p    r=0  prefill= 6649.5ms  decode= 6482.6ms  plan/step= 0.58ms  fwd/step=24.72ms  p50/step=26.59ms  wall= 13.5s
  bsk_2l_1p    r=1  prefill= 6606.0ms  decode= 6527.1ms  plan/step= 0.57ms  fwd/step=24.90ms  p50/step=26.80ms  wall= 13.7s
  bsk_2l_1p    r=2  prefill= 6606.6ms  decode= 6513.6ms  plan/step= 0.58ms  fwd/step=24.85ms  p50/step=26.80ms  wall= 13.6s
  bsk_2l_dt    warmup  wall= 12.4s  decode_total= 5331.1ms
  bsk_2l_dt    r=0  prefill= 6633.6ms  decode= 5329.9ms  plan/step= 0.45ms  fwd/step=20.33ms  p50/step=20.86ms  wall= 12.4s
  bsk_2l_dt    r=1  prefill= 6609.8ms  decode= 5334.4ms  plan/step= 0.45ms  fwd/step=20.35ms  p50/step=20.85ms  wall= 12.6s
  bsk_2l_dt    r=2  prefill= 6620.5ms  decode= 5332.9ms  plan/step= 0.45ms  fwd/step=20.34ms  p50/step=20.86ms  wall= 12.4s
  rank (decode_total): bsk_2l_dt=5329.9, bs_kernel=5339.1, bsk_2l_1p=6482.6


wrote 9 rows to benchmarks/bs_kernel/results/paper-exp/picker_demo/Llama-3.1-8B-FP8/B3_multi_doc_qa_K64_B1_mn256.bsk.csv

=== summary (best decode_total per method, ms) ===
multi_doc_qa             [K=64    ]   rank (decode_total): bsk_2l_dt=5329.9, bs_kernel=5339.1, bsk_2l_1p=6482.6
[W522 22:27:32.521465723 AllocatorConfig.cpp:28] Warning: PYTORCH_CUDA_ALLOC_CONF is deprecated, use PYTORCH_ALLOC_CONF instead (function operator())
[W522 22:27:32.062311811 AllocatorConfig.cpp:28] Warning: PYTORCH_CUDA_ALLOC_CONF is deprecated, use PYTORCH_ALLOC_CONF instead (function operator())
merged: B3_multi_doc_qa_K64_B1_mn256.csv ← 9 baselines + 9 bs_kernel rows

==========================================================
=== B4: multi_few_shot  (K=32, B=4, mn=256, R=128)  decision=bsk_only dtype=bf16 ===
==========================================================
model: RedHatAI/Meta-Llama-3.1-8B-Instruct-FP8  (tp_size=1)
scenarios: ['multi_few_shot']
methods:   ['bs_kernel', 'bsk_2l_1p', 'bsk_2l_dt']
max_new:   256, repeat: 3

Loading tokenizer + model...
Fetching 8 files:   0%|          | 0/8 [00:00<?, ?it/s]Fetching 8 files: 100%|██████████| 8/8 [00:00<00:00, 109297.82it/s]
Model loaded.

k_overrides: [32]
Building TreeSpecs (this tokenizes the inputs)...
  multi_few_shot           [K=32    ] B=4   K=32  L_shared~5864  L_priv~129   n_leaves=128

--- multi_few_shot [K=32] ---

[bs_kernel plan-trace] 255 steps (PER_BEAM: 0, DEC_TAIL: 255, SHARED: 0)

  -- DEC_TAIL path (255 steps) --
  prefix re-plans: 1/255 (0.4%)   decode full re-plans: 1/255 (0.4%)
  phase                        mean     median        p90        p99        total
  decomp_ms                   0.184      0.057      0.556      0.656        47.01
  pick_ms                     0.134      0.133      0.138      0.149        34.21
  prefix_plan_ms              0.212      0.019      0.024      0.028        54.17
  decode_build_ms             0.234      0.234      0.254      0.272        59.77
  decode_plan_ms              0.269      0.011      0.012      0.014        68.65
  bs_kernel    warmup  wall=  7.7s  decode_total= 4788.6ms

[bs_kernel plan-trace] 255 steps (PER_BEAM: 0, DEC_TAIL: 255, SHARED: 0)

  -- DEC_TAIL path (255 steps) --
  prefix re-plans: 1/255 (0.4%)   decode full re-plans: 1/255 (0.4%)
  phase                        mean     median        p90        p99        total
  decomp_ms                   0.183      0.057      0.549      0.685        46.56
  pick_ms                     0.132      0.131      0.137      0.144        33.65
  prefix_plan_ms              0.025      0.019      0.023      0.026         6.27
  decode_build_ms             0.237      0.237      0.260      0.270        60.52
  decode_plan_ms              0.013      0.011      0.012      0.012         3.38
  bs_kernel    r=0  prefill= 1250.0ms  decode= 4646.8ms  plan/step= 0.74ms  fwd/step=17.35ms  p50/step=18.27ms  wall=  6.4s

[bs_kernel plan-trace] 255 steps (PER_BEAM: 0, DEC_TAIL: 255, SHARED: 0)

  -- DEC_TAIL path (255 steps) --
  prefix re-plans: 1/255 (0.4%)   decode full re-plans: 1/255 (0.4%)
  phase                        mean     median        p90        p99        total
  decomp_ms                   0.181      0.056      0.552      0.625        46.20
  pick_ms                     0.132      0.131      0.137      0.143        33.64
  prefix_plan_ms              0.025      0.019      0.024      0.026         6.36
  decode_build_ms             0.236      0.235      0.259      0.270        60.08
  decode_plan_ms              0.013      0.011      0.012      0.013         3.41
  bs_kernel    r=1  prefill= 1172.3ms  decode= 4641.9ms  plan/step= 0.74ms  fwd/step=17.33ms  p50/step=18.26ms  wall=  6.1s

[bs_kernel plan-trace] 255 steps (PER_BEAM: 0, DEC_TAIL: 255, SHARED: 0)

  -- DEC_TAIL path (255 steps) --
  prefix re-plans: 1/255 (0.4%)   decode full re-plans: 1/255 (0.4%)
  phase                        mean     median        p90        p99        total
  decomp_ms                   0.182      0.057      0.550      0.676        46.45
  pick_ms                     0.133      0.132      0.138      0.145        33.86
  prefix_plan_ms              0.044      0.019      0.023      0.026        11.25
  decode_build_ms             0.239      0.239      0.259      0.274        60.93
  decode_plan_ms              0.013      0.011      0.012      0.012         3.41
  bs_kernel    r=2  prefill= 1180.0ms  decode= 4647.6ms  plan/step= 0.76ms  fwd/step=17.33ms  p50/step=18.28ms  wall=  6.1s
  bsk_2l_1p    warmup  wall=  6.7s  decode_total= 5067.6ms
  bsk_2l_1p    r=0  prefill= 1203.5ms  decode= 5061.2ms  plan/step= 0.97ms  fwd/step=18.74ms  p50/step=19.72ms  wall=  6.5s
  bsk_2l_1p    r=1  prefill= 1181.1ms  decode= 5063.2ms  plan/step= 0.97ms  fwd/step=18.76ms  p50/step=19.71ms  wall=  6.5s
  bsk_2l_1p    r=2  prefill= 1232.8ms  decode= 5059.9ms  plan/step= 0.98ms  fwd/step=18.73ms  p50/step=19.71ms  wall=  6.6s
  bsk_2l_dt    warmup  wall=  6.1s  decode_total= 4626.7ms
  bsk_2l_dt    r=0  prefill= 1174.7ms  decode= 4626.5ms  plan/step= 0.68ms  fwd/step=17.32ms  p50/step=18.23ms  wall=  6.1s
  bsk_2l_dt    r=1  prefill= 1209.9ms  decode= 4627.6ms  plan/step= 0.68ms  fwd/step=17.33ms  p50/step=18.22ms  wall=  6.2s
  bsk_2l_dt    r=2  prefill= 1180.3ms  decode= 4625.9ms  plan/step= 0.68ms  fwd/step=17.33ms  p50/step=18.23ms  wall=  6.1s
  rank (decode_total): bsk_2l_dt=4625.9, bs_kernel=4641.9, bsk_2l_1p=5059.9


wrote 9 rows to benchmarks/bs_kernel/results/paper-exp/picker_demo/Llama-3.1-8B-FP8/B4_multi_few_shot_K32_B4_mn256.bsk.csv

=== summary (best decode_total per method, ms) ===
multi_few_shot           [K=32    ]   rank (decode_total): bsk_2l_dt=4625.9, bs_kernel=4641.9, bsk_2l_1p=5059.9
[W522 22:29:03.480374961 AllocatorConfig.cpp:28] Warning: PYTORCH_CUDA_ALLOC_CONF is deprecated, use PYTORCH_ALLOC_CONF instead (function operator())
[W522 22:29:03.008951515 AllocatorConfig.cpp:28] Warning: PYTORCH_CUDA_ALLOC_CONF is deprecated, use PYTORCH_ALLOC_CONF instead (function operator())
merged: B4_multi_few_shot_K32_B4_mn256.csv ← 9 baselines + 9 bs_kernel rows

==========================================================
=== B5: multi_level_system  (K=64, B=4, mn=256, R=256)  decision=bsk_only dtype=bf16 ===
==========================================================
model: RedHatAI/Meta-Llama-3.1-8B-Instruct-FP8  (tp_size=1)
scenarios: ['multi_level_system']
methods:   ['bs_kernel', 'bsk_2l_1p', 'bsk_2l_dt']
max_new:   256, repeat: 3

Loading tokenizer + model...
Fetching 8 files:   0%|          | 0/8 [00:00<?, ?it/s]Fetching 8 files: 100%|██████████| 8/8 [00:00<00:00, 107202.66it/s]
Model loaded.

k_overrides: [64]
Building TreeSpecs (this tokenizes the inputs)...
  multi_level_system       [K=64    ] B=4   K=64  L_shared~2515  L_priv~80    n_leaves=256

--- multi_level_system [K=64] ---

[bs_kernel plan-trace] 255 steps (PER_BEAM: 0, DEC_TAIL: 193, SHARED: 62)

  -- DEC_TAIL path (193 steps) --
  prefix re-plans: 1/193 (0.5%)   decode full re-plans: 1/193 (0.5%)
  phase                        mean     median        p90        p99        total
  decomp_ms                   0.207      0.081      0.999      1.119        39.89
  pick_ms                     0.128      0.127      0.132      0.140        24.67
  prefix_plan_ms              0.024      0.018      0.027      0.031         4.64
  decode_build_ms             0.342      0.345      0.367      0.393        65.94
  decode_plan_ms              0.352      0.011      0.012      0.014        67.97

  -- SHARED path (62 steps) --
  strategy mix: {'SHARED_2L_1POOL': 62}
  level-0 pack cache hits: 61/62 (98.4%)   plan_info cache hits: 54/62 (87.1%)
  phase                        mean     median        p90        p99        total
  decomp_ms                   0.234      0.073      1.013      1.777        14.49
  pick_ms                     0.132      0.129      0.135      0.164         8.17
  shared_pack_ms              0.278      0.273      0.297      0.325        17.25
  shared_plan_ms              0.958      0.061      0.820      0.857        59.38
  shared_write_ms             0.089      0.085      0.093      0.101         5.53
  bs_kernel    warmup  wall=  6.9s  decode_total= 4612.2ms

[bs_kernel plan-trace] 255 steps (PER_BEAM: 0, DEC_TAIL: 193, SHARED: 62)

  -- DEC_TAIL path (193 steps) --
  prefix re-plans: 1/193 (0.5%)   decode full re-plans: 1/193 (0.5%)
  phase                        mean     median        p90        p99        total
  decomp_ms                   0.217      0.081      1.055      1.114        41.87
  pick_ms                     0.128      0.128      0.133      0.140        24.75
  prefix_plan_ms              0.024      0.018      0.027      0.031         4.66
  decode_build_ms             0.352      0.350      0.378      0.394        67.98
  decode_plan_ms              0.016      0.011      0.012      0.013         3.02

  -- SHARED path (62 steps) --
  strategy mix: {'SHARED_2L_1POOL': 62}
  level-0 pack cache hits: 61/62 (98.4%)   plan_info cache hits: 54/62 (87.1%)
  phase                        mean     median        p90        p99        total
  decomp_ms                   0.212      0.076      0.972      1.080        13.11
  pick_ms                     0.128      0.126      0.134      0.139         7.92
  shared_pack_ms              0.276      0.273      0.293      0.325        17.14
  shared_plan_ms              0.157      0.059      0.785      0.833         9.75
  shared_write_ms             0.088      0.086      0.097      0.102         5.46
  bs_kernel    r=0  prefill=  923.5ms  decode= 4497.6ms  plan/step= 0.96ms  fwd/step=16.51ms  p50/step=17.72ms  wall=  5.7s

[bs_kernel plan-trace] 255 steps (PER_BEAM: 0, DEC_TAIL: 193, SHARED: 62)

  -- DEC_TAIL path (193 steps) --
  prefix re-plans: 1/193 (0.5%)   decode full re-plans: 1/193 (0.5%)
  phase                        mean     median        p90        p99        total
  decomp_ms                   0.220      0.082      1.042      1.154        42.46
  pick_ms                     0.129      0.128      0.135      0.140        24.87
  prefix_plan_ms              0.024      0.018      0.027      0.033         4.70
  decode_build_ms             0.358      0.354      0.392      0.403        69.18
  decode_plan_ms              0.016      0.011      0.012      0.018         3.04

  -- SHARED path (62 steps) --
  strategy mix: {'SHARED_2L_1POOL': 62}
  level-0 pack cache hits: 61/62 (98.4%)   plan_info cache hits: 54/62 (87.1%)
  phase                        mean     median        p90        p99        total
  decomp_ms                   0.214      0.078      1.022      1.096        13.29
  pick_ms                     0.128      0.127      0.131      0.139         7.93
  shared_pack_ms              0.279      0.277      0.296      0.325        17.28
  shared_plan_ms              0.158      0.059      0.797      0.842         9.81
  shared_write_ms             0.089      0.087      0.096      0.104         5.51
  bs_kernel    r=1  prefill=  830.5ms  decode= 4514.1ms  plan/step= 0.97ms  fwd/step=16.57ms  p50/step=17.80ms  wall=  5.6s

[bs_kernel plan-trace] 255 steps (PER_BEAM: 0, DEC_TAIL: 193, SHARED: 62)

  -- DEC_TAIL path (193 steps) --
  prefix re-plans: 1/193 (0.5%)   decode full re-plans: 1/193 (0.5%)
  phase                        mean     median        p90        p99        total
  decomp_ms                   0.210      0.079      0.987      1.129        40.48
  pick_ms                     0.128      0.128      0.133      0.138        24.72
  prefix_plan_ms              0.024      0.018      0.027      0.030         4.58
  decode_build_ms             0.354      0.356      0.378      0.413        68.35
  decode_plan_ms              0.015      0.011      0.012      0.013         2.98

  -- SHARED path (62 steps) --
  strategy mix: {'SHARED_2L_1POOL': 62}
  level-0 pack cache hits: 61/62 (98.4%)   plan_info cache hits: 54/62 (87.1%)
  phase                        mean     median        p90        p99        total
  decomp_ms                   0.218      0.079      1.003      1.092        13.49
  pick_ms                     0.130      0.128      0.136      0.141         8.05
  shared_pack_ms              0.287      0.285      0.299      0.318        17.78
  shared_plan_ms              0.159      0.060      0.805      0.831         9.88
  shared_write_ms             0.090      0.089      0.098      0.105         5.60
  bs_kernel    r=2  prefill=  863.9ms  decode= 4503.6ms  plan/step= 0.96ms  fwd/step=16.54ms  p50/step=17.73ms  wall=  5.7s
  bsk_2l_1p    warmup  wall=  5.7s  decode_total= 4561.4ms
  bsk_2l_1p    r=0  prefill=  843.6ms  decode= 4561.0ms  plan/step= 1.10ms  fwd/step=16.62ms  p50/step=17.85ms  wall=  5.8s
  bsk_2l_1p    r=1  prefill=  848.0ms  decode= 4557.4ms  plan/step= 1.09ms  fwd/step=16.62ms  p50/step=17.82ms  wall=  5.8s
  bsk_2l_1p    r=2  prefill=  825.2ms  decode= 4541.8ms  plan/step= 1.10ms  fwd/step=16.55ms  p50/step=17.81ms  wall=  5.8s
  bsk_2l_dt    warmup  wall=  5.7s  decode_total= 4582.2ms
  bsk_2l_dt    r=0  prefill=  817.5ms  decode= 4588.1ms  plan/step= 0.88ms  fwd/step=16.95ms  p50/step=17.83ms  wall=  5.7s
  bsk_2l_dt    r=1  prefill=  824.3ms  decode= 4553.2ms  plan/step= 0.88ms  fwd/step=16.81ms  p50/step=17.68ms  wall=  5.8s
  bsk_2l_dt    r=2  prefill=  825.8ms  decode= 4552.1ms  plan/step= 0.87ms  fwd/step=16.81ms  p50/step=17.67ms  wall=  5.8s
  rank (decode_total): bs_kernel=4497.6, bsk_2l_1p=4541.8, bsk_2l_dt=4552.1


wrote 9 rows to benchmarks/bs_kernel/results/paper-exp/picker_demo/Llama-3.1-8B-FP8/B5_multi_level_system_K64_B4_mn256.bsk.csv

=== summary (best decode_total per method, ms) ===
multi_level_system       [K=64    ]   rank (decode_total): bs_kernel=4497.6, bsk_2l_1p=4541.8, bsk_2l_dt=4552.1
[W522 22:30:26.032511030 AllocatorConfig.cpp:28] Warning: PYTORCH_CUDA_ALLOC_CONF is deprecated, use PYTORCH_ALLOC_CONF instead (function operator())
[W522 22:30:27.534116981 AllocatorConfig.cpp:28] Warning: PYTORCH_CUDA_ALLOC_CONF is deprecated, use PYTORCH_ALLOC_CONF instead (function operator())
merged: B5_multi_level_system_K64_B4_mn256.csv ← 9 baselines + 9 bs_kernel rows

==========================================================
=== B6: multi_chain_reasoning  (K=64, B=32, mn=256, R=2048)  decision=bsk_only dtype=fp8 ===
==========================================================
model: RedHatAI/Meta-Llama-3.1-8B-Instruct-FP8  (tp_size=1)
scenarios: ['multi_chain_reasoning']
methods:   ['bs_kernel', 'bsk_2l_1p', 'bsk_2l_dt']
max_new:   256, repeat: 3

Loading tokenizer + model...
Fetching 8 files:   0%|          | 0/8 [00:00<?, ?it/s]Fetching 8 files: 100%|██████████| 8/8 [00:00<00:00, 105186.31it/s]
Model loaded.

k_overrides: [64]
Building TreeSpecs (this tokenizes the inputs)...
  multi_chain_reasoning    [K=64    ] B=32  K=64  L_shared~2574  L_priv~23    n_leaves=2048

--- multi_chain_reasoning [K=64] ---

[bs_kernel plan-trace] 255 steps (PER_BEAM: 0, DEC_TAIL: 255, SHARED: 0)

  -- DEC_TAIL path (255 steps) --
  prefix re-plans: 1/255 (0.4%)   decode full re-plans: 1/255 (0.4%)
  phase                        mean     median        p90        p99        total
  decomp_ms                   1.930      1.557      2.274      2.699       492.11
  pick_ms                     0.500      0.500      0.513      0.524       127.50
  prefix_plan_ms              0.184      0.039      0.044      0.047        46.81
  decode_build_ms             1.938      1.937      2.258      2.459       494.26
  decode_plan_ms              0.036      0.014      0.015      0.018         9.17
  bs_kernel    warmup  wall= 32.6s  decode_total=26312.7ms

[bs_kernel plan-trace] 255 steps (PER_BEAM: 0, DEC_TAIL: 255, SHARED: 0)

  -- DEC_TAIL path (255 steps) --
  prefix re-plans: 1/255 (0.4%)   decode full re-plans: 1/255 (0.4%)
  phase                        mean     median        p90        p99        total
  decomp_ms                   1.919      1.457      2.337      2.676       489.46
  pick_ms                     0.500      0.501      0.512      0.522       127.51
  prefix_plan_ms              0.045      0.038      0.042      0.046        11.41
  decode_build_ms             2.031      2.025      2.400      2.535       518.02
  decode_plan_ms              0.037      0.014      0.016      0.018         9.45
  bs_kernel    r=0  prefill= 3971.4ms  decode=26202.8ms  plan/step= 6.59ms  fwd/step=95.43ms  p50/step=100.36ms  wall= 31.1s

[bs_kernel plan-trace] 255 steps (PER_BEAM: 0, DEC_TAIL: 255, SHARED: 0)

  -- DEC_TAIL path (255 steps) --
  prefix re-plans: 1/255 (0.4%)   decode full re-plans: 1/255 (0.4%)
  phase                        mean     median        p90        p99        total
  decomp_ms                   2.039      1.415      2.326      2.646       519.83
  pick_ms                     0.499      0.498      0.512      0.529       127.30
  prefix_plan_ms              0.045      0.038      0.043      0.046        11.38
  decode_build_ms             2.025      2.025      2.363      2.569       516.33
  decode_plan_ms              0.038      0.014      0.016      0.019         9.59
  bs_kernel    r=1  prefill= 3946.5ms  decode=26254.6ms  plan/step= 6.61ms  fwd/step=95.62ms  p50/step=100.52ms  wall= 31.5s

[bs_kernel plan-trace] 255 steps (PER_BEAM: 0, DEC_TAIL: 255, SHARED: 0)

  -- DEC_TAIL path (255 steps) --
  prefix re-plans: 1/255 (0.4%)   decode full re-plans: 1/255 (0.4%)
  phase                        mean     median        p90        p99        total
  decomp_ms                   2.024      1.454      2.286      2.693       516.22
  pick_ms                     0.499      0.499      0.513      0.522       127.22
  prefix_plan_ms              0.045      0.038      0.043      0.048        11.42
  decode_build_ms             2.060      2.059      2.442      2.625       525.39
  decode_plan_ms              0.038      0.014      0.016      0.017         9.67
  bs_kernel    r=2  prefill= 4103.3ms  decode=26298.4ms  plan/step= 6.75ms  fwd/step=95.62ms  p50/step=100.64ms  wall= 31.3s
  bsk_2l_1p    warmup  wall= 38.5s  decode_total=33539.3ms
  bsk_2l_1p    r=0  prefill= 3949.5ms  decode=33520.4ms  plan/step= 8.80ms  fwd/step=121.88ms  p50/step=135.32ms  wall= 38.7s
  bsk_2l_1p    r=1  prefill= 3946.2ms  decode=33561.6ms  plan/step= 8.97ms  fwd/step=121.88ms  p50/step=135.26ms  wall= 38.5s
  bsk_2l_1p    r=2  prefill= 3965.5ms  decode=33518.6ms  plan/step= 8.75ms  fwd/step=121.92ms  p50/step=135.54ms  wall= 38.5s
  bsk_2l_dt    warmup  wall= 31.3s  decode_total=26118.8ms
  bsk_2l_dt    r=0  prefill= 3991.7ms  decode=26019.4ms  plan/step= 5.86ms  fwd/step=95.43ms  p50/step=100.10ms  wall= 31.0s
  bsk_2l_dt    r=1  prefill= 3970.7ms  decode=26100.5ms  plan/step= 5.99ms  fwd/step=95.60ms  p50/step=100.42ms  wall= 31.0s
  bsk_2l_dt    r=2  prefill= 4023.2ms  decode=26090.4ms  plan/step= 5.96ms  fwd/step=95.61ms  p50/step=100.43ms  wall= 31.2s
  rank (decode_total): bsk_2l_dt=26019.4, bs_kernel=26202.8, bsk_2l_1p=33518.6


wrote 9 rows to benchmarks/bs_kernel/results/paper-exp/picker_demo/Llama-3.1-8B-FP8/B6_multi_chain_reasoning_K64_B32_mn256.bsk.csv

=== summary (best decode_total per method, ms) ===
multi_chain_reasoning    [K=64    ]   rank (decode_total): bsk_2l_dt=26019.4, bs_kernel=26202.8, bsk_2l_1p=33518.6
[W522 22:37:25.013659923 AllocatorConfig.cpp:28] Warning: PYTORCH_CUDA_ALLOC_CONF is deprecated, use PYTORCH_ALLOC_CONF instead (function operator())
[W522 22:37:26.562949340 AllocatorConfig.cpp:28] Warning: PYTORCH_CUDA_ALLOC_CONF is deprecated, use PYTORCH_ALLOC_CONF instead (function operator())
merged: B6_multi_chain_reasoning_K64_B32_mn256.csv ← 3 baselines + 9 bs_kernel rows

==========================================================
=== D1: multi_chain_reasoning  (K=32, B=32, mn=256, R=1024)  decision=bsk_only dtype=bf16 ===
==========================================================
model: RedHatAI/Meta-Llama-3.1-8B-Instruct-FP8  (tp_size=1)
scenarios: ['multi_chain_reasoning']
methods:   ['bs_kernel', 'bsk_2l_1p', 'bsk_2l_dt']
max_new:   256, repeat: 3

Loading tokenizer + model...
Fetching 8 files:   0%|          | 0/8 [00:00<?, ?it/s]Fetching 8 files: 100%|██████████| 8/8 [00:00<00:00, 112598.77it/s]
Model loaded.

k_overrides: [32]
Building TreeSpecs (this tokenizes the inputs)...
  multi_chain_reasoning    [K=32    ] B=32  K=32  L_shared~2574  L_priv~23    n_leaves=1024

--- multi_chain_reasoning [K=32] ---

[bs_kernel plan-trace] 255 steps (PER_BEAM: 0, DEC_TAIL: 255, SHARED: 0)

  -- DEC_TAIL path (255 steps) --
  prefix re-plans: 1/255 (0.4%)   decode full re-plans: 1/255 (0.4%)
  phase                        mean     median        p90        p99        total
  decomp_ms                   1.672      1.157      1.804      1.931       426.37
  pick_ms                     0.457      0.456      0.469      0.482       116.41
  prefix_plan_ms              0.164      0.034      0.039      0.045        41.70
  decode_build_ms             1.037      1.034      1.221      1.263       264.55
  decode_plan_ms              0.266      0.013      0.014      0.017        67.78
  bs_kernel    warmup  wall= 17.1s  decode_total=11932.5ms

[bs_kernel plan-trace] 255 steps (PER_BEAM: 0, DEC_TAIL: 255, SHARED: 0)

  -- DEC_TAIL path (255 steps) --
  prefix re-plans: 1/255 (0.4%)   decode full re-plans: 1/255 (0.4%)
  phase                        mean     median        p90        p99        total
  decomp_ms                   1.584      1.108      1.735      2.074       403.83
  pick_ms                     0.455      0.454      0.471      0.488       116.07
  prefix_plan_ms              0.038      0.033      0.037      0.042         9.71
  decode_build_ms             1.064      1.067      1.247      1.356       271.27
  decode_plan_ms              0.025      0.013      0.014      0.015         6.35
  bs_kernel    r=0  prefill= 3146.6ms  decode=11829.1ms  plan/step= 3.78ms  fwd/step=42.21ms  p50/step=46.20ms  wall= 15.9s

[bs_kernel plan-trace] 255 steps (PER_BEAM: 0, DEC_TAIL: 255, SHARED: 0)

  -- DEC_TAIL path (255 steps) --
  prefix re-plans: 1/255 (0.4%)   decode full re-plans: 1/255 (0.4%)
  phase                        mean     median        p90        p99        total
  decomp_ms                   1.598      1.118      1.798      2.188       407.62
  pick_ms                     0.455      0.455      0.469      0.480       116.01
  prefix_plan_ms              0.038      0.033      0.037      0.041         9.76
  decode_build_ms             1.070      1.058      1.263      1.379       272.83
  decode_plan_ms              0.025      0.013      0.014      0.017         6.43
  bs_kernel    r=1  prefill= 3153.9ms  decode=11844.2ms  plan/step= 3.80ms  fwd/step=42.25ms  p50/step=46.22ms  wall= 15.9s

[bs_kernel plan-trace] 255 steps (PER_BEAM: 0, DEC_TAIL: 255, SHARED: 0)

  -- DEC_TAIL path (255 steps) --
  prefix re-plans: 1/255 (0.4%)   decode full re-plans: 1/255 (0.4%)
  phase                        mean     median        p90        p99        total
  decomp_ms                   1.674      1.115      1.813      2.029       426.79
  pick_ms                     0.454      0.454      0.467      0.478       115.69
  prefix_plan_ms              0.038      0.033      0.037      0.041         9.64
  decode_build_ms             1.070      1.071      1.280      1.387       272.88
  decode_plan_ms              0.025      0.013      0.014      0.016         6.37
  bs_kernel    r=2  prefill= 3198.3ms  decode=11858.5ms  plan/step= 3.87ms  fwd/step=42.22ms  p50/step=46.18ms  wall= 16.1s
  bsk_2l_1p    warmup  wall= 17.3s  decode_total=13052.8ms
  bsk_2l_1p    r=0  prefill= 3086.1ms  decode=13034.4ms  plan/step= 5.11ms  fwd/step=45.59ms  p50/step=50.88ms  wall= 17.4s
  bsk_2l_1p    r=1  prefill= 3061.6ms  decode=13045.8ms  plan/step= 5.16ms  fwd/step=45.58ms  p50/step=50.67ms  wall= 17.2s
  bsk_2l_1p    r=2  prefill= 3056.8ms  decode=13045.1ms  plan/step= 5.17ms  fwd/step=45.58ms  p50/step=50.65ms  wall= 17.1s
  bsk_2l_dt    warmup  wall= 16.6s  decode_total=11808.7ms
  bsk_2l_dt    r=0  prefill= 3083.0ms  decode=11792.1ms  plan/step= 3.60ms  fwd/step=42.24ms  p50/step=46.03ms  wall= 16.0s
  bsk_2l_dt    r=1  prefill= 3089.3ms  decode=11802.0ms  plan/step= 3.62ms  fwd/step=42.26ms  p50/step=46.04ms  wall= 15.9s
  bsk_2l_dt    r=2  prefill= 3087.9ms  decode=11826.2ms  plan/step= 3.70ms  fwd/step=42.27ms  p50/step=45.96ms  wall= 15.9s
  rank (decode_total): bsk_2l_dt=11792.1, bs_kernel=11829.1, bsk_2l_1p=13034.4


wrote 9 rows to benchmarks/bs_kernel/results/paper-exp/picker_demo/Llama-3.1-8B-FP8/D1_multi_chain_reasoning_K32_B32_mn256.bsk.csv

=== summary (best decode_total per method, ms) ===
multi_chain_reasoning    [K=32    ]   rank (decode_total): bsk_2l_dt=11792.1, bs_kernel=11829.1, bsk_2l_1p=13034.4
[W522 22:40:57.209400707 AllocatorConfig.cpp:28] Warning: PYTORCH_CUDA_ALLOC_CONF is deprecated, use PYTORCH_ALLOC_CONF instead (function operator())
[W522 22:40:58.733853980 AllocatorConfig.cpp:28] Warning: PYTORCH_CUDA_ALLOC_CONF is deprecated, use PYTORCH_ALLOC_CONF instead (function operator())
merged: D1_multi_chain_reasoning_K32_B32_mn256.csv ← 9 baselines + 9 bs_kernel rows

==========================================================
=== D2: multi_few_shot  (K=16, B=32, mn=256, R=512)  decision=bsk_only dtype=fp8 ===
==========================================================
model: RedHatAI/Meta-Llama-3.1-8B-Instruct-FP8  (tp_size=1)
scenarios: ['multi_few_shot']
methods:   ['bs_kernel', 'bsk_2l_1p', 'bsk_2l_dt']
max_new:   256, repeat: 3

Loading tokenizer + model...
Fetching 8 files:   0%|          | 0/8 [00:00<?, ?it/s]Fetching 8 files: 100%|██████████| 8/8 [00:00<00:00, 104530.94it/s]
Model loaded.

k_overrides: [16]
Building TreeSpecs (this tokenizes the inputs)...
  multi_few_shot           [K=16    ] B=32  K=16  L_shared~5840  L_priv~107   n_leaves=512

--- multi_few_shot [K=16] ---

[bs_kernel plan-trace] 255 steps (PER_BEAM: 0, DEC_TAIL: 255, SHARED: 0)

  -- DEC_TAIL path (255 steps) --
  prefix re-plans: 1/255 (0.4%)   decode full re-plans: 1/255 (0.4%)
  phase                        mean     median        p90        p99        total
  decomp_ms                   1.021      0.947      1.502      1.690       260.46
  pick_ms                     0.498      0.498      0.514      0.523       126.94
  prefix_plan_ms              0.210      0.031      0.034      0.037        53.60
  decode_build_ms             0.664      0.658      0.769      0.804       169.36
  decode_plan_ms              0.029      0.013      0.014      0.018         7.30
  bs_kernel    warmup  wall= 22.5s  decode_total=11407.4ms

[bs_kernel plan-trace] 255 steps (PER_BEAM: 0, DEC_TAIL: 255, SHARED: 0)

  -- DEC_TAIL path (255 steps) --
  prefix re-plans: 1/255 (0.4%)   decode full re-plans: 1/255 (0.4%)
  phase                        mean     median        p90        p99        total
  decomp_ms                   1.040      1.001      1.502      1.705       265.24
  pick_ms                     0.498      0.499      0.513      0.524       126.91
  prefix_plan_ms              0.038      0.031      0.034      0.038         9.70
  decode_build_ms             0.699      0.695      0.813      0.855       178.18
  decode_plan_ms              0.020      0.013      0.014      0.019         5.12
  bs_kernel    r=0  prefill= 8781.7ms  decode=11314.8ms  plan/step= 2.73ms  fwd/step=41.35ms  p50/step=44.01ms  wall= 20.8s

[bs_kernel plan-trace] 255 steps (PER_BEAM: 0, DEC_TAIL: 255, SHARED: 0)

  -- DEC_TAIL path (255 steps) --
  prefix re-plans: 1/255 (0.4%)   decode full re-plans: 1/255 (0.4%)
  phase                        mean     median        p90        p99        total
  decomp_ms                   1.025      0.961      1.499      1.714       261.33
  pick_ms                     0.494      0.493      0.510      0.528       126.10
  prefix_plan_ms              0.037      0.030      0.034      0.038         9.42
  decode_build_ms             0.687      0.671      0.806      0.878       175.10
  decode_plan_ms              0.020      0.013      0.014      0.015         5.13
  bs_kernel    r=1  prefill= 9018.5ms  decode=11300.8ms  plan/step= 2.69ms  fwd/step=41.35ms  p50/step=43.75ms  wall= 21.2s

[bs_kernel plan-trace] 255 steps (PER_BEAM: 0, DEC_TAIL: 255, SHARED: 0)

  -- DEC_TAIL path (255 steps) --
  prefix re-plans: 1/255 (0.4%)   decode full re-plans: 1/255 (0.4%)
  phase                        mean     median        p90        p99        total
  decomp_ms                   1.022      0.941      1.497      1.691       260.59
  pick_ms                     0.495      0.495      0.511      0.524       126.18
  prefix_plan_ms              0.037      0.030      0.034      0.037         9.36
  decode_build_ms             0.691      0.685      0.803      0.857       176.09
  decode_plan_ms              0.020      0.013      0.014      0.019         5.14
  bs_kernel    r=2  prefill= 8747.4ms  decode=11301.1ms  plan/step= 2.69ms  fwd/step=41.35ms  p50/step=43.93ms  wall= 20.8s
  bsk_2l_1p    warmup  wall= 24.8s  decode_total=14811.9ms
  bsk_2l_1p    r=0  prefill= 8725.2ms  decode=14795.1ms  plan/step= 3.72ms  fwd/step=54.02ms  p50/step=57.77ms  wall= 24.3s
  bsk_2l_1p    r=1  prefill= 8938.2ms  decode=14804.5ms  plan/step= 3.73ms  fwd/step=54.04ms  p50/step=57.82ms  wall= 25.4s
  bsk_2l_1p    r=2  prefill= 8708.0ms  decode=14798.0ms  plan/step= 3.73ms  fwd/step=54.02ms  p50/step=57.87ms  wall= 24.3s
  bsk_2l_dt    warmup  wall= 20.8s  decode_total=11273.4ms
  bsk_2l_dt    r=0  prefill= 8756.5ms  decode=11280.5ms  plan/step= 2.43ms  fwd/step=41.53ms  p50/step=43.73ms  wall= 21.1s
  bsk_2l_dt    r=1  prefill= 8861.9ms  decode=11273.4ms  plan/step= 2.41ms  fwd/step=41.53ms  p50/step=43.77ms  wall= 21.0s
  bsk_2l_dt    r=2  prefill= 8802.7ms  decode=11221.7ms  plan/step= 2.40ms  fwd/step=41.34ms  p50/step=43.45ms  wall= 20.9s
  rank (decode_total): bsk_2l_dt=11221.7, bs_kernel=11300.8, bsk_2l_1p=14795.1


wrote 9 rows to benchmarks/bs_kernel/results/paper-exp/picker_demo/Llama-3.1-8B-FP8/D2_multi_few_shot_K16_B32_mn256.bsk.csv

=== summary (best decode_total per method, ms) ===
multi_few_shot           [K=16    ]   rank (decode_total): bsk_2l_dt=11221.7, bs_kernel=11300.8, bsk_2l_1p=14795.1
[W522 22:45:39.612313464 AllocatorConfig.cpp:28] Warning: PYTORCH_CUDA_ALLOC_CONF is deprecated, use PYTORCH_ALLOC_CONF instead (function operator())
[W522 22:45:39.162261122 AllocatorConfig.cpp:28] Warning: PYTORCH_CUDA_ALLOC_CONF is deprecated, use PYTORCH_ALLOC_CONF instead (function operator())
merged: D2_multi_few_shot_K16_B32_mn256.csv ← 3 baselines + 9 bs_kernel rows

==========================================================
=== D3: multi_level_system  (K=32, B=16, mn=256, R=512)  decision=bsk_only dtype=bf16 ===
==========================================================
model: RedHatAI/Meta-Llama-3.1-8B-Instruct-FP8  (tp_size=1)
scenarios: ['multi_level_system']
methods:   ['bs_kernel', 'bsk_2l_1p', 'bsk_2l_dt']
max_new:   256, repeat: 3

Loading tokenizer + model...
Fetching 8 files:   0%|          | 0/8 [00:00<?, ?it/s]Fetching 8 files: 100%|██████████| 8/8 [00:00<00:00, 106861.25it/s]
Model loaded.

k_overrides: [32]
Building TreeSpecs (this tokenizes the inputs)...
  multi_level_system       [K=32    ] B=16  K=32  L_shared~2515  L_priv~80    n_leaves=512

--- multi_level_system [K=32] ---

[bs_kernel plan-trace] 255 steps (PER_BEAM: 0, DEC_TAIL: 255, SHARED: 0)

  -- DEC_TAIL path (255 steps) --
  prefix re-plans: 1/255 (0.4%)   decode full re-plans: 1/255 (0.4%)
  phase                        mean     median        p90        p99        total
  decomp_ms                   0.506      0.165      2.666      2.796       129.02
  pick_ms                     0.252      0.250      0.261      0.272        64.23
  prefix_plan_ms              0.209      0.020      0.032      0.035        53.30
  decode_build_ms             0.583      0.574      0.677      0.739       148.61
  decode_plan_ms              0.263      0.012      0.013      0.017        67.14
  bs_kernel    warmup  wall= 10.9s  decode_total= 6952.7ms

[bs_kernel plan-trace] 255 steps (PER_BEAM: 0, DEC_TAIL: 255, SHARED: 0)

  -- DEC_TAIL path (255 steps) --
  prefix re-plans: 1/255 (0.4%)   decode full re-plans: 1/255 (0.4%)
  phase                        mean     median        p90        p99        total
  decomp_ms                   0.508      0.169      2.662      2.846       129.62
  pick_ms                     0.253      0.252      0.261      0.272        64.50
  prefix_plan_ms              0.026      0.020      0.031      0.035         6.61
  decode_build_ms             0.595      0.597      0.679      0.742       151.83
  decode_plan_ms              0.019      0.012      0.013      0.017         4.79
  bs_kernel    r=0  prefill= 2181.5ms  decode= 6854.4ms  plan/step= 1.76ms  fwd/step=24.88ms  p50/step=26.63ms  wall=  9.9s

[bs_kernel plan-trace] 255 steps (PER_BEAM: 0, DEC_TAIL: 255, SHARED: 0)

  -- DEC_TAIL path (255 steps) --
  prefix re-plans: 1/255 (0.4%)   decode full re-plans: 1/255 (0.4%)
  phase                        mean     median        p90        p99        total
  decomp_ms                   0.506      0.168      2.653      2.819       128.94
  pick_ms                     0.251      0.249      0.259      0.269        63.92
  prefix_plan_ms              0.026      0.020      0.032      0.035         6.59
  decode_build_ms             0.600      0.603      0.688      0.796       152.98
  decode_plan_ms              0.019      0.012      0.013      0.014         4.75
  bs_kernel    r=1  prefill= 2190.4ms  decode= 6858.3ms  plan/step= 1.76ms  fwd/step=24.90ms  p50/step=26.63ms  wall=  9.9s

[bs_kernel plan-trace] 255 steps (PER_BEAM: 0, DEC_TAIL: 255, SHARED: 0)

  -- DEC_TAIL path (255 steps) --
  prefix re-plans: 1/255 (0.4%)   decode full re-plans: 1/255 (0.4%)
  phase                        mean     median        p90        p99        total
  decomp_ms                   0.508      0.167      2.641      2.844       129.44
  pick_ms                     0.253      0.252      0.260      0.272        64.54
  prefix_plan_ms              0.026      0.020      0.031      0.036         6.62
  decode_build_ms             0.599      0.598      0.685      0.758       152.68
  decode_plan_ms              0.019      0.012      0.013      0.014         4.78
  bs_kernel    r=2  prefill= 2332.6ms  decode= 6855.7ms  plan/step= 1.76ms  fwd/step=24.89ms  p50/step=26.62ms  wall=  9.8s
  bsk_2l_1p    warmup  wall= 10.5s  decode_total= 7514.9ms
  bsk_2l_1p    r=0  prefill= 2191.2ms  decode= 7509.5ms  plan/step= 1.99ms  fwd/step=27.21ms  p50/step=29.70ms  wall= 10.2s
  bsk_2l_1p    r=1  prefill= 2185.7ms  decode= 7511.5ms  plan/step= 1.97ms  fwd/step=27.25ms  p50/step=29.66ms  wall= 10.3s
  bsk_2l_1p    r=2  prefill= 2186.9ms  decode= 7517.5ms  plan/step= 1.97ms  fwd/step=27.27ms  p50/step=29.75ms  wall= 10.2s
  bsk_2l_dt    warmup  wall=  9.8s  decode_total= 6833.5ms
  bsk_2l_dt    r=0  prefill= 2265.1ms  decode= 6828.9ms  plan/step= 1.66ms  fwd/step=24.88ms  p50/step=26.63ms  wall=  9.8s
  bsk_2l_dt    r=1  prefill= 2292.5ms  decode= 6830.0ms  plan/step= 1.66ms  fwd/step=24.89ms  p50/step=26.47ms  wall=  9.8s
  bsk_2l_dt    r=2  prefill= 2186.0ms  decode= 6841.0ms  plan/step= 1.67ms  fwd/step=24.92ms  p50/step=26.64ms  wall=  9.7s
  rank (decode_total): bsk_2l_dt=6828.9, bs_kernel=6854.4, bsk_2l_1p=7509.5


wrote 9 rows to benchmarks/bs_kernel/results/paper-exp/picker_demo/Llama-3.1-8B-FP8/D3_multi_level_system_K32_B16_mn256.bsk.csv

=== summary (best decode_total per method, ms) ===
multi_level_system       [K=32    ]   rank (decode_total): bsk_2l_dt=6828.9, bs_kernel=6854.4, bsk_2l_1p=7509.5
[W522 22:47:54.485659636 AllocatorConfig.cpp:28] Warning: PYTORCH_CUDA_ALLOC_CONF is deprecated, use PYTORCH_ALLOC_CONF instead (function operator())
[W522 22:47:54.044021453 AllocatorConfig.cpp:28] Warning: PYTORCH_CUDA_ALLOC_CONF is deprecated, use PYTORCH_ALLOC_CONF instead (function operator())
merged: D3_multi_level_system_K32_B16_mn256.csv ← 9 baselines + 9 bs_kernel rows

==========================================================
=== D4: multi_doc_qa  (K=16, B=4, mn=256, R=64)  decision=all dtype=bf16 ===
==========================================================
model: RedHatAI/Meta-Llama-3.1-8B-Instruct-FP8  (tp_size=1)
scenarios: ['multi_doc_qa']
methods:   ['paged', 'fasttree', 'deft', 'bs_kernel', 'bsk_2l_1p', 'bsk_2l_dt']
max_new:   256, repeat: 3

Loading tokenizer + model...
Fetching 8 files:   0%|          | 0/8 [00:00<?, ?it/s]Fetching 8 files: 100%|██████████| 8/8 [00:00<00:00, 104530.94it/s]
Model loaded.

k_overrides: [16]
Building TreeSpecs (this tokenizes the inputs)...
  multi_doc_qa             [K=16    ] B=4   K=16  L_shared~88441 L_priv~36    n_leaves=64

--- multi_doc_qa [K=16] ---
  paged        r=0  FAILED: OutOfMemoryError: CUDA out of memory. Tried to allocate 5.40 GiB. GPU 0 has a total capacity of 79.10 GiB of which 3.02 GiB is free. Including non-PyTorch memory, this process has 76.07 GiB memory in use. Of the allocated memory 75.47 GiB is allocated by PyTorch, and 7.22 MiB is reserved by PyTorch but unallocated. If reserved but unallocated memory is large try setting PYTORCH_CUDA_ALLOC_CONF=expandable_segments:True to avoid fragmentation.  See documentation for Memory Management  (https://pytorch.org/docs/stable/notes/cuda.html#environment-variables)
  fasttree     r=0  FAILED: OutOfMemoryError: CUDA out of memory. Tried to allocate 5.40 GiB. GPU 0 has a total capacity of 79.10 GiB of which 3.02 GiB is free. Including non-PyTorch memory, this process has 76.07 GiB memory in use. Of the allocated memory 75.46 GiB is allocated by PyTorch, and 15.22 MiB is reserved by PyTorch but unallocated. If reserved but unallocated memory is large try setting PYTORCH_CUDA_ALLOC_CONF=expandable_segments:True to avoid fragmentation.  See documentation for Memory Management  (https://pytorch.org/docs/stable/notes/cuda.html#environment-variables)
  deft         r=0  FAILED: OutOfMemoryError: CUDA out of memory. Tried to allocate 5.40 GiB. GPU 0 has a total capacity of 79.10 GiB of which 3.02 GiB is free. Including non-PyTorch memory, this process has 76.07 GiB memory in use. Of the allocated memory 75.46 GiB is allocated by PyTorch, and 15.22 MiB is reserved by PyTorch but unallocated. If reserved but unallocated memory is large try setting PYTORCH_CUDA_ALLOC_CONF=expandable_segments:True to avoid fragmentation.  See documentation for Memory Management  (https://pytorch.org/docs/stable/notes/cuda.html#environment-variables)
  bs_kernel    r=0  FAILED: OutOfMemoryError: CUDA out of memory. Tried to allocate 5.40 GiB. GPU 0 has a total capacity of 79.10 GiB of which 2.94 GiB is free. Including non-PyTorch memory, this process has 76.14 GiB memory in use. Of the allocated memory 75.54 GiB is allocated by PyTorch, and 14.09 MiB is reserved by PyTorch but unallocated. If reserved but unallocated memory is large try setting PYTORCH_CUDA_ALLOC_CONF=expandable_segments:True to avoid fragmentation.  See documentation for Memory Management  (https://pytorch.org/docs/stable/notes/cuda.html#environment-variables)
  bsk_2l_1p    r=0  FAILED: OutOfMemoryError: CUDA out of memory. Tried to allocate 5.40 GiB. GPU 0 has a total capacity of 79.10 GiB of which 2.94 GiB is free. Including non-PyTorch memory, this process has 76.14 GiB memory in use. Of the allocated memory 75.54 GiB is allocated by PyTorch, and 14.09 MiB is reserved by PyTorch but unallocated. If reserved but unallocated memory is large try setting PYTORCH_CUDA_ALLOC_CONF=expandable_segments:True to avoid fragmentation.  See documentation for Memory Management  (https://pytorch.org/docs/stable/notes/cuda.html#environment-variables)
  bsk_2l_dt    r=0  FAILED: OutOfMemoryError: CUDA out of memory. Tried to allocate 5.40 GiB. GPU 0 has a total capacity of 79.10 GiB of which 2.94 GiB is free. Including non-PyTorch memory, this process has 76.14 GiB memory in use. Of the allocated memory 75.54 GiB is allocated by PyTorch, and 14.09 MiB is reserved by PyTorch but unallocated. If reserved but unallocated memory is large try setting PYTORCH_CUDA_ALLOC_CONF=expandable_segments:True to avoid fragmentation.  See documentation for Memory Management  (https://pytorch.org/docs/stable/notes/cuda.html#environment-variables)
  rank (decode_total): paged=inf, fasttree=inf, deft=inf, bs_kernel=inf, bsk_2l_1p=inf, bsk_2l_dt=inf


wrote 0 rows to benchmarks/bs_kernel/results/paper-exp/picker_demo/Llama-3.1-8B-FP8/D4_multi_doc_qa_K16_B4_mn256.csv

=== summary (best decode_total per method, ms) ===
multi_doc_qa             [K=16    ]   rank (decode_total): paged=inf, fasttree=inf, deft=inf, bs_kernel=inf, bsk_2l_1p=inf, bsk_2l_dt=inf
[W522 22:48:15.110727863 AllocatorConfig.cpp:28] Warning: PYTORCH_CUDA_ALLOC_CONF is deprecated, use PYTORCH_ALLOC_CONF instead (function operator())
[W522 22:48:16.988196907 AllocatorConfig.cpp:28] Warning: PYTORCH_CUDA_ALLOC_CONF is deprecated, use PYTORCH_ALLOC_CONF instead (function operator())
  (D4 produced no rows under 'bf16' KV; retrying with fp8 KV)
model: RedHatAI/Meta-Llama-3.1-8B-Instruct-FP8  (tp_size=1)
scenarios: ['multi_doc_qa']
methods:   ['paged', 'bs_kernel', 'bsk_2l_1p', 'bsk_2l_dt']
max_new:   256, repeat: 3

Loading tokenizer + model...
Fetching 8 files:   0%|          | 0/8 [00:00<?, ?it/s]Fetching 8 files: 100%|██████████| 8/8 [00:00<00:00, 107892.06it/s]
Model loaded.

k_overrides: [16]
Building TreeSpecs (this tokenizes the inputs)...
  multi_doc_qa             [K=16    ] B=4   K=16  L_shared~88441 L_priv~36    n_leaves=64

--- multi_doc_qa [K=16] ---
  paged        r=0  FAILED: OutOfMemoryError: CUDA out of memory. Tried to allocate 18.89 GiB. GPU 0 has a total capacity of 79.10 GiB of which 13.14 GiB is free. Including non-PyTorch memory, this process has 65.95 GiB memory in use. Of the allocated memory 65.32 GiB is allocated by PyTorch, and 40.26 MiB is reserved by PyTorch but unallocated. If reserved but unallocated memory is large try setting PYTORCH_CUDA_ALLOC_CONF=expandable_segments:True to avoid fragmentation.  See documentation for Memory Management  (https://pytorch.org/docs/stable/notes/cuda.html#environment-variables)
  bs_kernel    r=0  FAILED: OutOfMemoryError: CUDA out of memory. Tried to allocate 18.89 GiB. GPU 0 has a total capacity of 79.10 GiB of which 13.06 GiB is free. Including non-PyTorch memory, this process has 66.03 GiB memory in use. Of the allocated memory 65.39 GiB is allocated by PyTorch, and 47.13 MiB is reserved by PyTorch but unallocated. If reserved but unallocated memory is large try setting PYTORCH_CUDA_ALLOC_CONF=expandable_segments:True to avoid fragmentation.  See documentation for Memory Management  (https://pytorch.org/docs/stable/notes/cuda.html#environment-variables)
  bsk_2l_1p    r=0  FAILED: OutOfMemoryError: CUDA out of memory. Tried to allocate 18.89 GiB. GPU 0 has a total capacity of 79.10 GiB of which 13.06 GiB is free. Including non-PyTorch memory, this process has 66.03 GiB memory in use. Of the allocated memory 65.39 GiB is allocated by PyTorch, and 47.13 MiB is reserved by PyTorch but unallocated. If reserved but unallocated memory is large try setting PYTORCH_CUDA_ALLOC_CONF=expandable_segments:True to avoid fragmentation.  See documentation for Memory Management  (https://pytorch.org/docs/stable/notes/cuda.html#environment-variables)
  bsk_2l_dt    r=0  FAILED: OutOfMemoryError: CUDA out of memory. Tried to allocate 18.89 GiB. GPU 0 has a total capacity of 79.10 GiB of which 13.06 GiB is free. Including non-PyTorch memory, this process has 66.03 GiB memory in use. Of the allocated memory 65.39 GiB is allocated by PyTorch, and 47.13 MiB is reserved by PyTorch but unallocated. If reserved but unallocated memory is large try setting PYTORCH_CUDA_ALLOC_CONF=expandable_segments:True to avoid fragmentation.  See documentation for Memory Management  (https://pytorch.org/docs/stable/notes/cuda.html#environment-variables)
  rank (decode_total): paged=inf, bs_kernel=inf, bsk_2l_1p=inf, bsk_2l_dt=inf


wrote 0 rows to benchmarks/bs_kernel/results/paper-exp/picker_demo/Llama-3.1-8B-FP8/D4_multi_doc_qa_K16_B4_mn256.csv

=== summary (best decode_total per method, ms) ===
multi_doc_qa             [K=16    ]   rank (decode_total): paged=inf, bs_kernel=inf, bsk_2l_1p=inf, bsk_2l_dt=inf
[W522 22:48:38.047750877 AllocatorConfig.cpp:28] Warning: PYTORCH_CUDA_ALLOC_CONF is deprecated, use PYTORCH_ALLOC_CONF instead (function operator())
[W522 22:48:39.841015540 AllocatorConfig.cpp:28] Warning: PYTORCH_CUDA_ALLOC_CONF is deprecated, use PYTORCH_ALLOC_CONF instead (function operator())
  (D4 failed under both bf16 and fp8 KV; giving up)

=== done 2026-05-22T22:48:39+08:00 ===
Results: benchmarks/bs_kernel/results/paper-exp/picker_demo/Llama-3.1-8B-FP8
