=== picker_demo Model A (Llama-3.2-1B-FP8 TP=1 fp8 weights, bf16 KV) started 2026-05-22T19:08:58+08:00 ===
model:    RedHatAI/Llama-3.2-1B-Instruct-FP8  (tp=1, dtype=bf16, kv=bf16)

=== recalibrating coefficients ===
<frozen runpy>:128: RuntimeWarning: 'beam_engine.methods.bs_kernel.calibrate' found in sys.modules after import of package 'beam_engine.methods.bs_kernel', but prior to execution of 'beam_engine.methods.bs_kernel.calibrate'; this may result in unpredictable behaviour
[calibrate] probing NVIDIA H100 80GB HBM3
  raw decode_launch=33.45 → anchored to launch_us=7.38
[calibrate] wrote /home/u4320956/.cache/beam_engine/coeffs-NVIDIA_H100_80GB_HBM3.json
  B_hbm                =  1293460.3 bytes/µs   (1.29 TB/s)
  merge_launch_us      =     5.2299
  merge_bw_us_per_row  =   0.003306
  per_tile[ 16]      =      24.26 µs
  per_tile[ 64]      =      24.14 µs
  per_tile[128]      =      24.59 µs
  decode_launch_us     =       7.38
  decode_us_per_beam_kv=   0.001398
[W522 19:09:02.886833169 AllocatorConfig.cpp:28] Warning: PYTORCH_CUDA_ALLOC_CONF is deprecated, use PYTORCH_ALLOC_CONF instead (function operator())


==========================================================
=== A1: beam_search (hotpot)  (K=4, B=1, L_p=40000, max_new=64) ===
==========================================================
  --- method: paged ---
grid: 1 (K,L_p,B) cells × 1 methods = 1 runs
methods: ['paged']
max_new: 64
tp_size: 1, device: cuda
Loading tokenizer + model...
Fetching 6 files:   0%|          | 0/6 [00:00<?, ?it/s]Fetching 6 files: 100%|██████████| 6/6 [00:00<00:00, 100663.30it/s]
Model loaded.

loaded 30 prompts from data/hotpotqa.jsonl
  paged          warmup K=4   L_p=40000  B=1  discard          decode_total=  689.0ms  (  2.3s wall)
  paged                 K=4   L_p=40000  B=1  prefill=  416.9ms  decode_total=  550.7ms  per_pt_token=  8.74ms  (  1.1s wall)

wrote 1 rows to benchmarks/bs_kernel/results/paper-exp/picker_demo/Llama-3.2-1B-FP8/A1_paged.csv
[W522 19:09:15.003614699 AllocatorConfig.cpp:28] Warning: PYTORCH_CUDA_ALLOC_CONF is deprecated, use PYTORCH_ALLOC_CONF instead (function operator())
  --- method: fasttree ---
=== picker_demo Model A (Llama-3.2-1B-FP8 TP=1 fp8 weights, bf16 KV) started 2026-05-22T19:16:59+08:00 ===
model:    RedHatAI/Llama-3.2-1B-Instruct-FP8  (tp=1, dtype=bf16, kv=bf16)
mode:     smart-rerun (refresh bs_kernel against new cost model)

=== recalibrating coefficients ===
<frozen runpy>:128: RuntimeWarning: 'beam_engine.methods.bs_kernel.calibrate' found in sys.modules after import of package 'beam_engine.methods.bs_kernel', but prior to execution of 'beam_engine.methods.bs_kernel.calibrate'; this may result in unpredictable behaviour
[calibrate] probing NVIDIA H100 80GB HBM3
  raw decode_launch=33.52 → anchored to launch_us=7.26
[calibrate] wrote /home/u4320956/.cache/beam_engine/coeffs-NVIDIA_H100_80GB_HBM3.json
  B_hbm                =  1295217.9 bytes/µs   (1.30 TB/s)
  merge_launch_us      =     5.2748
  merge_bw_us_per_row  =   0.003133
  per_tile[ 16]      =      23.82 µs
  per_tile[ 64]      =      23.71 µs
  per_tile[128]      =      24.14 µs
  decode_launch_us     =       7.26
  decode_us_per_beam_kv=   0.001397
[W522 19:17:04.418945294 AllocatorConfig.cpp:28] Warning: PYTORCH_CUDA_ALLOC_CONF is deprecated, use PYTORCH_ALLOC_CONF instead (function operator())


==========================================================
=== A1: beam_search (hotpot)  (K=4, B=1, L_p=40000, mn=64)  decision=bsk_only ===
==========================================================
  --- method: bs_kernel ---
grid: 1 (K,L_p,B) cells × 1 methods = 1 runs
methods: ['bs_kernel']
max_new: 64
tp_size: 1, device: cuda
Loading tokenizer + model...
Fetching 6 files:   0%|          | 0/6 [00:00<?, ?it/s]Fetching 6 files: 100%|██████████| 6/6 [00:00<00:00, 100663.30it/s]
Model loaded.

loaded 30 prompts from data/hotpotqa.jsonl
  bs_kernel      warmup K=4   L_p=40000  B=1  
[bs_kernel plan-trace] 63 steps (PER_BEAM: 0, DEC_TAIL: 0, SHARED: 63)

  -- SHARED path (63 steps) --
  strategy mix: {'SHARED_2L_1POOL': 63}
  level-0 pack cache hits: 61/63 (96.8%)   plan_info cache hits: 58/63 (92.1%)
  phase                        mean     median        p90        p99        total
  decomp_ms                   0.250      0.398      0.416      0.535        15.73
  pick_ms                     0.115      0.132      0.141      0.144         7.28
  shared_pack_ms              0.112      0.110      0.115      0.299         7.05
  shared_plan_ms              0.885      0.057      0.061      0.626        55.73
  shared_write_ms             0.041      0.039      0.042      0.049         2.59
discard          decode_total=  724.5ms  (  2.7s wall)
  bs_kernel             K=4   L_p=40000  B=1  
[bs_kernel plan-trace] 63 steps (PER_BEAM: 0, DEC_TAIL: 0, SHARED: 63)

  -- SHARED path (63 steps) --
  strategy mix: {'SHARED_2L_1POOL': 63}
  level-0 pack cache hits: 61/63 (96.8%)   plan_info cache hits: 58/63 (92.1%)
  phase                        mean     median        p90        p99        total
  decomp_ms                   0.243      0.393      0.406      0.422        15.29
  pick_ms                     0.112      0.131      0.138      0.142         7.07
  shared_pack_ms              0.111      0.108      0.118      0.286         7.00
  shared_plan_ms              0.100      0.057      0.061      0.581         6.29
  shared_write_ms             0.040      0.040      0.041      0.049         2.53
prefill=  439.5ms  decode_total=  599.7ms  per_pt_token=  9.52ms  (  1.2s wall)

wrote 1 rows to benchmarks/bs_kernel/results/paper-exp/picker_demo/Llama-3.2-1B-FP8/A1_bs_kernel.csv
[W522 19:17:19.444844582 AllocatorConfig.cpp:28] Warning: PYTORCH_CUDA_ALLOC_CONF is deprecated, use PYTORCH_ALLOC_CONF instead (function operator())
  --- method: bs_kernel_2l1p ---
grid: 1 (K,L_p,B) cells × 1 methods = 1 runs
methods: ['bs_kernel_2l1p']
max_new: 64
tp_size: 1, device: cuda
Loading tokenizer + model...
Fetching 6 files:   0%|          | 0/6 [00:00<?, ?it/s]Fetching 6 files: 100%|██████████| 6/6 [00:00<00:00, 99469.66it/s]
Model loaded.

loaded 30 prompts from data/hotpotqa.jsonl
  bs_kernel_2l1p warmup K=4   L_p=40000  B=1  
[bs_kernel plan-trace] 63 steps (PER_BEAM: 0, DEC_TAIL: 0, SHARED: 63)

  -- SHARED path (63 steps) --
  strategy mix: {'SHARED_2L_1POOL': 63}
  level-0 pack cache hits: 61/63 (96.8%)   plan_info cache hits: 58/63 (92.1%)
  phase                        mean     median        p90        p99        total
  decomp_ms                   0.252      0.400      0.418      0.555        15.87
  pick_ms                     0.066      0.065      0.069      0.095         4.14
  shared_pack_ms              0.112      0.110      0.116      0.297         7.09
  shared_plan_ms              0.639      0.056      0.063      0.635        40.27
  shared_write_ms             0.041      0.040      0.042      0.046         2.60
discard          decode_total=  714.1ms  (  2.5s wall)
  bs_kernel_2l1p        K=4   L_p=40000  B=1  
[bs_kernel plan-trace] 63 steps (PER_BEAM: 0, DEC_TAIL: 0, SHARED: 63)

  -- SHARED path (63 steps) --
  strategy mix: {'SHARED_2L_1POOL': 63}
  level-0 pack cache hits: 61/63 (96.8%)   plan_info cache hits: 58/63 (92.1%)
  phase                        mean     median        p90        p99        total
  decomp_ms                   0.245      0.396      0.410      0.457        15.42
  pick_ms                     0.063      0.064      0.068      0.069         4.00
  shared_pack_ms              0.109      0.106      0.115      0.293         6.89
  shared_plan_ms              0.151      0.056      0.059      0.605         9.50
  shared_write_ms             0.040      0.040      0.042      0.048         2.53
prefill=  433.7ms  decode_total=  599.4ms  per_pt_token=  9.51ms  (  1.2s wall)

wrote 1 rows to benchmarks/bs_kernel/results/paper-exp/picker_demo/Llama-3.2-1B-FP8/A1_bs_kernel_2l1p.csv
[W522 19:17:33.410181159 AllocatorConfig.cpp:28] Warning: PYTORCH_CUDA_ALLOC_CONF is deprecated, use PYTORCH_ALLOC_CONF instead (function operator())
  --- method: bs_kernel_2ldt ---
grid: 1 (K,L_p,B) cells × 1 methods = 1 runs
methods: ['bs_kernel_2ldt']
max_new: 64
tp_size: 1, device: cuda
Loading tokenizer + model...
Fetching 6 files:   0%|          | 0/6 [00:00<?, ?it/s]Fetching 6 files: 100%|██████████| 6/6 [00:00<00:00, 106184.91it/s]
Model loaded.

loaded 30 prompts from data/hotpotqa.jsonl
  bs_kernel_2ldt warmup K=4   L_p=40000  B=1  
[bs_kernel plan-trace] 63 steps (PER_BEAM: 0, DEC_TAIL: 63, SHARED: 0)

  -- DEC_TAIL path (63 steps) --
  prefix re-plans: 2/63 (3.2%)   decode full re-plans: 1/63 (1.6%)
  phase                        mean     median        p90        p99        total
  decomp_ms                   0.255      0.397      0.417      0.503        16.06
  pick_ms                     0.050      0.048      0.052      0.083         3.14
  prefix_plan_ms              0.558      0.021      0.026      0.786        35.14
  decode_build_ms             0.099      0.099      0.106      0.132         6.22
  decode_plan_ms              1.369      0.011      0.011      0.019        86.24
discard          decode_total=  834.4ms  (  3.1s wall)
  bs_kernel_2ldt        K=4   L_p=40000  B=1  
[bs_kernel plan-trace] 63 steps (PER_BEAM: 0, DEC_TAIL: 63, SHARED: 0)

  -- DEC_TAIL path (63 steps) --
  prefix re-plans: 2/63 (3.2%)   decode full re-plans: 1/63 (1.6%)
  phase                        mean     median        p90        p99        total
  decomp_ms                   0.249      0.395      0.407      0.421        15.67
  pick_ms                     0.048      0.048      0.051      0.055         3.03
  prefix_plan_ms              0.048      0.020      0.025      0.745         3.00
  decode_build_ms             0.096      0.099      0.103      0.111         6.03
  decode_plan_ms              0.014      0.010      0.011      0.018         0.88
prefill=  435.7ms  decode_total=  634.8ms  per_pt_token= 10.08ms  (  1.2s wall)

wrote 1 rows to benchmarks/bs_kernel/results/paper-exp/picker_demo/Llama-3.2-1B-FP8/A1_bs_kernel_2ldt.csv
[W522 19:17:49.288476355 AllocatorConfig.cpp:28] Warning: PYTORCH_CUDA_ALLOC_CONF is deprecated, use PYTORCH_ALLOC_CONF instead (function operator())
merged: A1_beam_search_K4_B1_Lp40000_mn64.csv ← 3 baselines + 3 bs_kernel rows

==========================================================
=== A2: multi_chain_reasoning  (K=4, B=1, mn=32, R=4)  decision=bsk_only ===
==========================================================
model: RedHatAI/Llama-3.2-1B-Instruct-FP8  (tp_size=1)
scenarios: ['multi_chain_reasoning']
methods:   ['bs_kernel', 'bsk_2l_1p', 'bsk_2l_dt']
max_new:   32, repeat: 3

Loading tokenizer + model...
Fetching 6 files:   0%|          | 0/6 [00:00<?, ?it/s]Fetching 6 files: 100%|██████████| 6/6 [00:00<00:00, 95325.09it/s]
Model loaded.

k_overrides: [4]
Building TreeSpecs (this tokenizes the inputs)...
  multi_chain_reasoning    [K=4     ] B=1   K=4   L_shared~2581  L_priv~23    n_leaves=4

--- multi_chain_reasoning [K=4] ---

[bs_kernel plan-trace] 31 steps (PER_BEAM: 0, DEC_TAIL: 0, SHARED: 31)

  -- SHARED path (31 steps) --
  strategy mix: {'SHARED_2L_1POOL': 31}
  level-0 pack cache hits: 30/31 (96.8%)   plan_info cache hits: 28/31 (90.3%)
  phase                        mean     median        p90        p99        total
  decomp_ms                   0.062      0.015      0.026      0.477         1.92
  pick_ms                     0.086      0.082      0.091      0.124         2.66
  shared_pack_ms              0.103      0.095      0.110      0.129         3.18
  shared_plan_ms              2.104      0.053      0.064      0.625        65.22
  shared_write_ms             0.043      0.041      0.043      0.044         1.33
  bs_kernel    warmup  wall=  1.7s  decode_total=  381.1ms

[bs_kernel plan-trace] 31 steps (PER_BEAM: 0, DEC_TAIL: 0, SHARED: 31)

  -- SHARED path (31 steps) --
  strategy mix: {'SHARED_2L_1POOL': 31}
  level-0 pack cache hits: 30/31 (96.8%)   plan_info cache hits: 28/31 (90.3%)
  phase                        mean     median        p90        p99        total
  decomp_ms                   0.060      0.015      0.017      0.482         1.85
  pick_ms                     0.082      0.081      0.084      0.088         2.53
  shared_pack_ms              0.100      0.095      0.100      0.120         3.09
  shared_plan_ms              0.106      0.053      0.058      0.603         3.29
  shared_write_ms             0.041      0.040      0.043      0.047         1.26
  bs_kernel    r=0  prefill=   30.3ms  decode=  279.8ms  plan/step= 0.47ms  fwd/step= 8.45ms  p50/step= 8.84ms  wall=  0.4s

[bs_kernel plan-trace] 31 steps (PER_BEAM: 0, DEC_TAIL: 0, SHARED: 31)

  -- SHARED path (31 steps) --
  strategy mix: {'SHARED_2L_1POOL': 31}
  level-0 pack cache hits: 30/31 (96.8%)   plan_info cache hits: 28/31 (90.3%)
  phase                        mean     median        p90        p99        total
  decomp_ms                   0.057      0.015      0.016      0.443         1.77
  pick_ms                     0.081      0.080      0.086      0.088         2.51
  shared_pack_ms              0.099      0.095      0.100      0.120         3.06
  shared_plan_ms              0.105      0.053      0.064      0.586         3.27
  shared_write_ms             0.040      0.040      0.041      0.042         1.24
  bs_kernel    r=1  prefill=   32.1ms  decode=  278.3ms  plan/step= 0.46ms  fwd/step= 8.41ms  p50/step= 8.86ms  wall=  0.4s

[bs_kernel plan-trace] 31 steps (PER_BEAM: 0, DEC_TAIL: 0, SHARED: 31)

  -- SHARED path (31 steps) --
  strategy mix: {'SHARED_2L_1POOL': 31}
  level-0 pack cache hits: 30/31 (96.8%)   plan_info cache hits: 28/31 (90.3%)
  phase                        mean     median        p90        p99        total
  decomp_ms                   0.055      0.015      0.016      0.417         1.70
  pick_ms                     0.081      0.080      0.083      0.086         2.51
  shared_pack_ms              0.098      0.094      0.097      0.113         3.05
  shared_plan_ms              0.105      0.052      0.057      0.583         3.24
  shared_write_ms             0.040      0.040      0.041      0.043         1.24
  bs_kernel    r=2  prefill=   26.2ms  decode=  276.7ms  plan/step= 0.46ms  fwd/step= 8.36ms  p50/step= 8.82ms  wall=  0.4s
  bsk_2l_1p    warmup  wall=  0.4s  decode_total=  276.7ms
  bsk_2l_1p    r=0  prefill=   26.3ms  decode=  278.8ms  plan/step= 0.45ms  fwd/step= 8.43ms  p50/step= 8.84ms  wall=  0.4s
  bsk_2l_1p    r=1  prefill=   28.8ms  decode=  278.4ms  plan/step= 0.46ms  fwd/step= 8.42ms  p50/step= 8.86ms  wall=  0.4s
  bsk_2l_1p    r=2  prefill=   29.5ms  decode=  281.7ms  plan/step= 0.45ms  fwd/step= 8.53ms  p50/step= 8.88ms  wall=  0.4s
  bsk_2l_dt    warmup  wall=  0.5s  decode_total=  368.6ms
  bsk_2l_dt    r=0  prefill=   31.2ms  decode=  295.4ms  plan/step= 0.34ms  fwd/step= 9.08ms  p50/step= 9.47ms  wall=  0.4s
  bsk_2l_dt    r=1  prefill=   26.2ms  decode=  294.2ms  plan/step= 0.34ms  fwd/step= 9.04ms  p50/step= 9.42ms  wall=  0.4s
  bsk_2l_dt    r=2  prefill=   29.7ms  decode=  294.1ms  plan/step= 0.34ms  fwd/step= 9.04ms  p50/step= 9.41ms  wall=  0.8s
  rank (decode_total): bs_kernel=276.7, bsk_2l_1p=278.4, bsk_2l_dt=294.1


wrote 9 rows to benchmarks/bs_kernel/results/paper-exp/picker_demo/Llama-3.2-1B-FP8/A2_multi_chain_reasoning_K4_B1_mn32.bsk.csv

=== summary (best decode_total per method, ms) ===
multi_chain_reasoning    [K=4     ]   rank (decode_total): bs_kernel=276.7, bsk_2l_1p=278.4, bsk_2l_dt=294.1
[W522 19:18:07.748032795 AllocatorConfig.cpp:28] Warning: PYTORCH_CUDA_ALLOC_CONF is deprecated, use PYTORCH_ALLOC_CONF instead (function operator())
[W522 19:18:08.787128735 AllocatorConfig.cpp:28] Warning: PYTORCH_CUDA_ALLOC_CONF is deprecated, use PYTORCH_ALLOC_CONF instead (function operator())
merged: A2_multi_chain_reasoning_K4_B1_mn32.csv ← 9 baselines + 9 bs_kernel rows

==========================================================
=== A3: multi_doc_qa  (K=32, B=1, mn=256, R=32)  decision=bsk_only ===
==========================================================
model: RedHatAI/Llama-3.2-1B-Instruct-FP8  (tp_size=1)
scenarios: ['multi_doc_qa']
methods:   ['bs_kernel', 'bsk_2l_1p', 'bsk_2l_dt']
max_new:   256, repeat: 3

Loading tokenizer + model...
Fetching 6 files:   0%|          | 0/6 [00:00<?, ?it/s]Fetching 6 files: 100%|██████████| 6/6 [00:00<00:00, 96420.78it/s]
Model loaded.

k_overrides: [32]
Building TreeSpecs (this tokenizes the inputs)...
  multi_doc_qa             [K=32    ] B=1   K=32  L_shared~86627 L_priv~39    n_leaves=32

--- multi_doc_qa [K=32] ---

[bs_kernel plan-trace] 255 steps (PER_BEAM: 0, DEC_TAIL: 255, SHARED: 0)

  -- DEC_TAIL path (255 steps) --
  prefix re-plans: 1/255 (0.4%)   decode full re-plans: 1/255 (0.4%)
  phase                        mean     median        p90        p99        total
  decomp_ms                   0.057      0.022      0.025      0.570        14.59
  pick_ms                     0.086      0.085      0.090      0.099        21.86
  prefix_plan_ms              0.238      0.017      0.018      0.024        60.57
  decode_build_ms             0.123      0.121      0.130      0.141        31.43
  decode_plan_ms              0.243      0.011      0.011      0.014        62.00
  bs_kernel    warmup  wall=  5.6s  decode_total= 2530.8ms

[bs_kernel plan-trace] 255 steps (PER_BEAM: 0, DEC_TAIL: 255, SHARED: 0)

  -- DEC_TAIL path (255 steps) --
  prefix re-plans: 1/255 (0.4%)   decode full re-plans: 1/255 (0.4%)
  phase                        mean     median        p90        p99        total
  decomp_ms                   0.057      0.022      0.023      0.559        14.55
  pick_ms                     0.085      0.085      0.090      0.094        21.79
  prefix_plan_ms              0.021      0.017      0.018      0.023         5.35
  decode_build_ms             0.123      0.124      0.131      0.138        31.48
  decode_plan_ms              0.012      0.010      0.011      0.017         3.01
  bs_kernel    r=0  prefill= 1673.0ms  decode= 2415.7ms  plan/step= 0.40ms  fwd/step= 8.96ms  p50/step= 9.41ms  wall=  4.4s

[bs_kernel plan-trace] 255 steps (PER_BEAM: 0, DEC_TAIL: 255, SHARED: 0)

  -- DEC_TAIL path (255 steps) --
  prefix re-plans: 1/255 (0.4%)   decode full re-plans: 1/255 (0.4%)
  phase                        mean     median        p90        p99        total
  decomp_ms                   0.056      0.021      0.023      0.544        14.16
  pick_ms                     0.084      0.084      0.086      0.093        21.51
  prefix_plan_ms              0.021      0.017      0.018      0.024         5.35
  decode_build_ms             0.122      0.122      0.129      0.136        31.16
  decode_plan_ms              0.012      0.010      0.011      0.012         2.98
  bs_kernel    r=1  prefill= 1673.6ms  decode= 2398.1ms  plan/step= 0.40ms  fwd/step= 8.90ms  p50/step= 9.33ms  wall=  4.4s

[bs_kernel plan-trace] 255 steps (PER_BEAM: 0, DEC_TAIL: 255, SHARED: 0)

  -- DEC_TAIL path (255 steps) --
  prefix re-plans: 1/255 (0.4%)   decode full re-plans: 1/255 (0.4%)
  phase                        mean     median        p90        p99        total
  decomp_ms                   0.051      0.021      0.023      0.470        13.07
  pick_ms                     0.085      0.085      0.089      0.094        21.68
  prefix_plan_ms              0.021      0.017      0.018      0.025         5.36
  decode_build_ms             0.122      0.122      0.128      0.135        31.08
  decode_plan_ms              0.012      0.010      0.011      0.016         2.96
  bs_kernel    r=2  prefill= 1765.4ms  decode= 2413.3ms  plan/step= 0.39ms  fwd/step= 8.96ms  p50/step= 9.41ms  wall=  4.5s
  bsk_2l_1p    warmup  wall=  4.2s  decode_total= 2267.1ms
  bsk_2l_1p    r=0  prefill= 1672.9ms  decode= 2257.7ms  plan/step= 0.47ms  fwd/step= 8.27ms  p50/step= 8.72ms  wall=  4.2s
  bsk_2l_1p    r=1  prefill= 1667.9ms  decode= 2240.0ms  plan/step= 0.47ms  fwd/step= 8.20ms  p50/step= 8.69ms  wall=  4.1s
  bsk_2l_1p    r=2  prefill= 1721.4ms  decode= 2243.4ms  plan/step= 0.47ms  fwd/step= 8.22ms  p50/step= 8.71ms  wall=  4.3s
  bsk_2l_dt    warmup  wall=  4.6s  decode_total= 2389.6ms
  bsk_2l_dt    r=0  prefill= 1675.0ms  decode= 2396.4ms  plan/step= 0.35ms  fwd/step= 8.93ms  p50/step= 9.35ms  wall=  4.3s
  bsk_2l_dt    r=1  prefill= 1671.1ms  decode= 2395.1ms  plan/step= 0.35ms  fwd/step= 8.93ms  p50/step= 9.32ms  wall=  4.3s
  bsk_2l_dt    r=2  prefill= 1672.5ms  decode= 2390.7ms  plan/step= 0.35ms  fwd/step= 8.91ms  p50/step= 9.33ms  wall=  4.4s
  rank (decode_total): bsk_2l_1p=2240.0, bsk_2l_dt=2390.7, bs_kernel=2398.1


wrote 9 rows to benchmarks/bs_kernel/results/paper-exp/picker_demo/Llama-3.2-1B-FP8/A3_multi_doc_qa_K32_B1_mn256.bsk.csv

=== summary (best decode_total per method, ms) ===
multi_doc_qa             [K=32    ]   rank (decode_total): bsk_2l_1p=2240.0, bsk_2l_dt=2390.7, bs_kernel=2398.1
[W522 19:19:14.469811412 AllocatorConfig.cpp:28] Warning: PYTORCH_CUDA_ALLOC_CONF is deprecated, use PYTORCH_ALLOC_CONF instead (function operator())
[W522 19:19:15.057615720 AllocatorConfig.cpp:28] Warning: PYTORCH_CUDA_ALLOC_CONF is deprecated, use PYTORCH_ALLOC_CONF instead (function operator())
merged: A3_multi_doc_qa_K32_B1_mn256.csv ← 9 baselines + 9 bs_kernel rows

==========================================================
=== A4: multi_few_shot  (K=16, B=8, mn=256, R=128)  decision=bsk_only ===
==========================================================
model: RedHatAI/Llama-3.2-1B-Instruct-FP8  (tp_size=1)
scenarios: ['multi_few_shot']
methods:   ['bs_kernel', 'bsk_2l_1p', 'bsk_2l_dt']
max_new:   256, repeat: 3

Loading tokenizer + model...
Fetching 6 files:   0%|          | 0/6 [00:00<?, ?it/s]Fetching 6 files: 100%|██████████| 6/6 [00:00<00:00, 88301.14it/s]
Model loaded.

k_overrides: [16]
Building TreeSpecs (this tokenizes the inputs)...
  multi_few_shot           [K=16    ] B=8   K=16  L_shared~5861  L_priv~95    n_leaves=128

--- multi_few_shot [K=16] ---

[bs_kernel plan-trace] 255 steps (PER_BEAM: 0, DEC_TAIL: 30, SHARED: 225)

  -- DEC_TAIL path (30 steps) --
  prefix re-plans: 1/30 (3.3%)   decode full re-plans: 1/30 (3.3%)
  phase                        mean     median        p90        p99        total
  decomp_ms                   0.267      0.070      0.481      0.765         8.00
  pick_ms                     0.186      0.184      0.191      0.194         5.58
  prefix_plan_ms              0.053      0.019      0.025      0.026         1.58
  decode_build_ms             0.248      0.245      0.263      0.269         7.45
  decode_plan_ms              2.160      0.011      0.012      0.013        64.79

  -- SHARED path (225 steps) --
  strategy mix: {'SHARED_2L_1POOL': 225}
  level-0 pack cache hits: 224/225 (99.6%)   plan_info cache hits: 123/225 (54.7%)
  phase                        mean     median        p90        p99        total
  decomp_ms                   0.272      0.070      0.475      0.783        61.31
  pick_ms                     0.186      0.185      0.192      0.198        41.90
  shared_pack_ms              0.246      0.245      0.284      0.304        55.45
  shared_plan_ms              0.498      0.058      0.689      0.821       112.00
  shared_write_ms             0.070      0.068      0.076      0.082        15.81
  bs_kernel    warmup  wall=  4.2s  decode_total= 2545.7ms

[bs_kernel plan-trace] 255 steps (PER_BEAM: 0, DEC_TAIL: 30, SHARED: 225)

  -- DEC_TAIL path (30 steps) --
  prefix re-plans: 1/30 (3.3%)   decode full re-plans: 1/30 (3.3%)
  phase                        mean     median        p90        p99        total
  decomp_ms                   0.269      0.071      0.481      0.779         8.06
  pick_ms                     0.186      0.185      0.193      0.195         5.57
  prefix_plan_ms              0.051      0.019      0.024      0.026         1.54
  decode_build_ms             0.250      0.249      0.259      0.266         7.51
  decode_plan_ms              0.030      0.011      0.012      0.013         0.89

  -- SHARED path (225 steps) --
  strategy mix: {'SHARED_2L_1POOL': 225}
  level-0 pack cache hits: 224/225 (99.6%)   plan_info cache hits: 123/225 (54.7%)
  phase                        mean     median        p90        p99        total
  decomp_ms                   0.271      0.069      0.474      0.778        60.91
  pick_ms                     0.185      0.185      0.191      0.196        41.60
  shared_pack_ms              0.245      0.243      0.280      0.292        55.22
  shared_plan_ms              0.354      0.058      0.684      0.818        79.73
  shared_write_ms             0.071      0.069      0.078      0.084        15.98
  bs_kernel    r=0  prefill=  427.3ms  decode= 2411.5ms  plan/step= 1.23ms  fwd/step= 8.10ms  p50/step= 9.36ms  wall=  3.1s

[bs_kernel plan-trace] 255 steps (PER_BEAM: 0, DEC_TAIL: 30, SHARED: 225)

  -- DEC_TAIL path (30 steps) --
  prefix re-plans: 1/30 (3.3%)   decode full re-plans: 1/30 (3.3%)
  phase                        mean     median        p90        p99        total
  decomp_ms                   0.267      0.074      0.479      0.769         8.00
  pick_ms                     0.185      0.185      0.190      0.191         5.54
  prefix_plan_ms              0.052      0.019      0.026      0.030         1.56
  decode_build_ms             0.250      0.249      0.259      0.267         7.50
  decode_plan_ms              0.029      0.011      0.012      0.013         0.88

  -- SHARED path (225 steps) --
  strategy mix: {'SHARED_2L_1POOL': 225}
  level-0 pack cache hits: 224/225 (99.6%)   plan_info cache hits: 123/225 (54.7%)
  phase                        mean     median        p90        p99        total
  decomp_ms                   0.270      0.070      0.473      0.774        60.70
  pick_ms                     0.185      0.184      0.191      0.195        41.59
  shared_pack_ms              0.245      0.243      0.278      0.294        55.02
  shared_plan_ms              0.354      0.058      0.686      0.823        79.73
  shared_write_ms             0.071      0.068      0.078      0.084        15.89
  bs_kernel    r=1  prefill=  429.3ms  decode= 2433.9ms  plan/step= 1.22ms  fwd/step= 8.19ms  p50/step= 9.49ms  wall=  3.1s

[bs_kernel plan-trace] 255 steps (PER_BEAM: 0, DEC_TAIL: 30, SHARED: 225)

  -- DEC_TAIL path (30 steps) --
  prefix re-plans: 1/30 (3.3%)   decode full re-plans: 1/30 (3.3%)
  phase                        mean     median        p90        p99        total
  decomp_ms                   0.267      0.073      0.477      0.772         8.00
  pick_ms                     0.185      0.184      0.192      0.193         5.54
  prefix_plan_ms              0.052      0.019      0.024      0.026         1.56
  decode_build_ms             0.251      0.250      0.262      0.265         7.52
  decode_plan_ms              0.029      0.011      0.012      0.019         0.88

  -- SHARED path (225 steps) --
  strategy mix: {'SHARED_2L_1POOL': 225}
  level-0 pack cache hits: 224/225 (99.6%)   plan_info cache hits: 123/225 (54.7%)
  phase                        mean     median        p90        p99        total
  decomp_ms                   0.271      0.070      0.476      0.786        60.92
  pick_ms                     0.185      0.184      0.190      0.193        41.52
  shared_pack_ms              0.246      0.244      0.277      0.295        55.25
  shared_plan_ms              0.354      0.058      0.684      0.822        79.56
  shared_write_ms             0.070      0.067      0.077      0.083        15.86
  bs_kernel    r=2  prefill=  383.7ms  decode= 2414.4ms  plan/step= 1.22ms  fwd/step= 8.11ms  p50/step= 9.41ms  wall=  3.0s
  bsk_2l_1p    warmup  wall=  3.0s  decode_total= 2406.8ms
  bsk_2l_1p    r=0  prefill=  446.2ms  decode= 2390.2ms  plan/step= 1.21ms  fwd/step= 8.03ms  p50/step= 8.90ms  wall=  3.1s
  bsk_2l_1p    r=1  prefill=  438.2ms  decode= 2436.5ms  plan/step= 1.36ms  fwd/step= 8.06ms  p50/step= 8.93ms  wall=  3.1s
  bsk_2l_1p    r=2  prefill=  397.3ms  decode= 2405.5ms  plan/step= 1.26ms  fwd/step= 8.04ms  p50/step= 8.93ms  wall=  3.0s
  bsk_2l_dt    warmup  wall=  3.2s  decode_total= 2457.3ms
  bsk_2l_dt    r=0  prefill=  400.4ms  decode= 2460.4ms  plan/step= 0.84ms  fwd/step= 8.67ms  p50/step= 9.38ms  wall=  3.1s
  bsk_2l_dt    r=1  prefill=  406.9ms  decode= 2466.7ms  plan/step= 0.83ms  fwd/step= 8.70ms  p50/step= 9.45ms  wall=  3.2s
  bsk_2l_dt    r=2  prefill=  429.1ms  decode= 2465.5ms  plan/step= 0.84ms  fwd/step= 8.69ms  p50/step= 9.43ms  wall=  3.2s
  rank (decode_total): bsk_2l_1p=2390.2, bs_kernel=2411.5, bsk_2l_dt=2460.4


wrote 9 rows to benchmarks/bs_kernel/results/paper-exp/picker_demo/Llama-3.2-1B-FP8/A4_multi_few_shot_K16_B8_mn256.bsk.csv

=== summary (best decode_total per method, ms) ===
multi_few_shot           [K=16    ]   rank (decode_total): bsk_2l_1p=2390.2, bs_kernel=2411.5, bsk_2l_dt=2460.4
[W522 19:20:05.942704936 AllocatorConfig.cpp:28] Warning: PYTORCH_CUDA_ALLOC_CONF is deprecated, use PYTORCH_ALLOC_CONF instead (function operator())
[W522 19:20:06.588120877 AllocatorConfig.cpp:28] Warning: PYTORCH_CUDA_ALLOC_CONF is deprecated, use PYTORCH_ALLOC_CONF instead (function operator())
merged: A4_multi_few_shot_K16_B8_mn256.csv ← 9 baselines + 9 bs_kernel rows

==========================================================
=== A5: multi_level_system  (K=32, B=4, mn=256, R=128)  decision=bsk_only ===
==========================================================
model: RedHatAI/Llama-3.2-1B-Instruct-FP8  (tp_size=1)
scenarios: ['multi_level_system']
methods:   ['bs_kernel', 'bsk_2l_1p', 'bsk_2l_dt']
max_new:   256, repeat: 3

Loading tokenizer + model...
Fetching 6 files:   0%|          | 0/6 [00:00<?, ?it/s]Fetching 6 files: 100%|██████████| 6/6 [00:00<00:00, 88612.06it/s]
Model loaded.

k_overrides: [32]
Building TreeSpecs (this tokenizes the inputs)...
  multi_level_system       [K=32    ] B=4   K=32  L_shared~2515  L_priv~80    n_leaves=128

--- multi_level_system [K=32] ---

[bs_kernel plan-trace] 255 steps (PER_BEAM: 0, DEC_TAIL: 18, SHARED: 237)

  -- DEC_TAIL path (18 steps) --
  prefix re-plans: 1/18 (5.6%)   decode full re-plans: 1/18 (5.6%)
  phase                        mean     median        p90        p99        total
  decomp_ms                   0.245      0.063      0.869      0.896         4.40
  pick_ms                     0.127      0.126      0.135      0.138         2.28
  prefix_plan_ms              0.067      0.019      0.029      0.030         1.20
  decode_build_ms             0.244      0.237      0.280      0.282         4.40
  decode_plan_ms              3.608      0.011      0.013      0.015        64.95

  -- SHARED path (237 steps) --
  strategy mix: {'SHARED_2L_1POOL': 237}
  level-0 pack cache hits: 236/237 (99.6%)   plan_info cache hits: 206/237 (86.9%)
  phase                        mean     median        p90        p99        total
  decomp_ms                   0.162      0.053      0.868      1.033        38.30
  pick_ms                     0.124      0.123      0.128      0.134        29.39
  shared_pack_ms              0.232      0.231      0.268      0.303        54.93
  shared_plan_ms              0.294      0.059      0.731      0.751        69.69
  shared_write_ms             0.069      0.066      0.074      0.081        16.28
  bs_kernel    warmup  wall=  4.0s  decode_total= 2450.1ms

[bs_kernel plan-trace] 255 steps (PER_BEAM: 0, DEC_TAIL: 18, SHARED: 237)

  -- DEC_TAIL path (18 steps) --
  prefix re-plans: 1/18 (5.6%)   decode full re-plans: 1/18 (5.6%)
  phase                        mean     median        p90        p99        total
  decomp_ms                   0.248      0.055      0.897      0.899         4.47
  pick_ms                     0.124      0.123      0.129      0.129         2.22
  prefix_plan_ms              0.064      0.019      0.029      0.031         1.16
  decode_build_ms             0.238      0.233      0.258      0.269         4.29
  decode_plan_ms              0.041      0.011      0.013      0.013         0.74

  -- SHARED path (237 steps) --
  strategy mix: {'SHARED_2L_1POOL': 237}
  level-0 pack cache hits: 236/237 (99.6%)   plan_info cache hits: 206/237 (86.9%)
  phase                        mean     median        p90        p99        total
  decomp_ms                   0.158      0.053      0.814      0.982        37.53
  pick_ms                     0.123      0.122      0.128      0.133        29.15
  shared_pack_ms              0.232      0.232      0.271      0.295        55.09
  shared_plan_ms              0.147      0.058      0.714      0.747        34.89
  shared_write_ms             0.066      0.065      0.073      0.077        15.73
  bs_kernel    r=0  prefill=  129.0ms  decode= 2312.3ms  plan/step= 0.87ms  fwd/step= 8.07ms  p50/step= 8.83ms  wall=  2.6s

[bs_kernel plan-trace] 255 steps (PER_BEAM: 0, DEC_TAIL: 18, SHARED: 237)

  -- DEC_TAIL path (18 steps) --
  prefix re-plans: 1/18 (5.6%)   decode full re-plans: 1/18 (5.6%)
  phase                        mean     median        p90        p99        total
  decomp_ms                   0.251      0.055      0.901      0.937         4.52
  pick_ms                     0.122      0.122      0.125      0.127         2.20
  prefix_plan_ms              0.063      0.018      0.026      0.027         1.14
  decode_build_ms             0.238      0.229      0.264      0.272         4.28
  decode_plan_ms              0.042      0.011      0.013      0.019         0.75

  -- SHARED path (237 steps) --
  strategy mix: {'SHARED_2L_1POOL': 237}
  level-0 pack cache hits: 236/237 (99.6%)   plan_info cache hits: 206/237 (86.9%)
  phase                        mean     median        p90        p99        total
  decomp_ms                   0.162      0.055      0.873      1.022        38.42
  pick_ms                     0.123      0.123      0.128      0.133        29.23
  shared_pack_ms              0.234      0.234      0.270      0.296        55.37
  shared_plan_ms              0.152      0.059      0.724      0.744        36.14
  shared_write_ms             0.067      0.065      0.073      0.080        15.85
  bs_kernel    r=1  prefill=  137.2ms  decode= 2323.7ms  plan/step= 0.88ms  fwd/step= 8.10ms  p50/step= 8.85ms  wall=  2.6s

[bs_kernel plan-trace] 255 steps (PER_BEAM: 0, DEC_TAIL: 18, SHARED: 237)

  -- DEC_TAIL path (18 steps) --
  prefix re-plans: 1/18 (5.6%)   decode full re-plans: 1/18 (5.6%)
  phase                        mean     median        p90        p99        total
  decomp_ms                   0.251      0.056      0.909      0.911         4.52
  pick_ms                     0.122      0.121      0.123      0.127         2.20
  prefix_plan_ms              0.065      0.019      0.026      0.029         1.17
  decode_build_ms             0.241      0.235      0.260      0.271         4.35
  decode_plan_ms              0.042      0.011      0.012      0.021         0.75

  -- SHARED path (237 steps) --
  strategy mix: {'SHARED_2L_1POOL': 237}
  level-0 pack cache hits: 236/237 (99.6%)   plan_info cache hits: 206/237 (86.9%)
  phase                        mean     median        p90        p99        total
  decomp_ms                   0.159      0.054      0.828      1.016        37.65
  pick_ms                     0.123      0.122      0.128      0.134        29.18
  shared_pack_ms              0.233      0.233      0.271      0.292        55.22
  shared_plan_ms              0.147      0.058      0.713      0.743        34.93
  shared_write_ms             0.067      0.065      0.073      0.080        15.83
  bs_kernel    r=2  prefill=  128.6ms  decode= 2307.9ms  plan/step= 0.87ms  fwd/step= 8.05ms  p50/step= 8.80ms  wall=  2.7s
  bsk_2l_1p    warmup  wall=  2.6s  decode_total= 2321.4ms
  bsk_2l_1p    r=0  prefill=  128.5ms  decode= 2317.7ms  plan/step= 0.85ms  fwd/step= 8.11ms  p50/step= 8.87ms  wall=  2.7s
  bsk_2l_1p    r=1  prefill=  128.7ms  decode= 2297.1ms  plan/step= 0.86ms  fwd/step= 8.02ms  p50/step= 8.78ms  wall=  2.6s
  bsk_2l_1p    r=2  prefill=  149.2ms  decode= 2287.8ms  plan/step= 0.84ms  fwd/step= 8.00ms  p50/step= 8.77ms  wall=  2.6s
  bsk_2l_dt    warmup  wall=  2.7s  decode_total= 2400.2ms
  bsk_2l_dt    r=0  prefill=  129.0ms  decode= 2394.6ms  plan/step= 0.65ms  fwd/step= 8.61ms  p50/step= 9.26ms  wall=  2.7s
  bsk_2l_dt    r=1  prefill=  143.1ms  decode= 2409.8ms  plan/step= 0.65ms  fwd/step= 8.67ms  p50/step= 9.28ms  wall=  2.7s
  bsk_2l_dt    r=2  prefill=  133.2ms  decode= 2392.3ms  plan/step= 0.65ms  fwd/step= 8.60ms  p50/step= 9.25ms  wall=  2.7s
  rank (decode_total): bsk_2l_1p=2287.8, bs_kernel=2307.9, bsk_2l_dt=2392.3


wrote 9 rows to benchmarks/bs_kernel/results/paper-exp/picker_demo/Llama-3.2-1B-FP8/A5_multi_level_system_K32_B4_mn256.bsk.csv

=== summary (best decode_total per method, ms) ===
multi_level_system       [K=32    ]   rank (decode_total): bsk_2l_1p=2287.8, bs_kernel=2307.9, bsk_2l_dt=2392.3
[W522 19:20:52.215101564 AllocatorConfig.cpp:28] Warning: PYTORCH_CUDA_ALLOC_CONF is deprecated, use PYTORCH_ALLOC_CONF instead (function operator())
[W522 19:20:52.806151351 AllocatorConfig.cpp:28] Warning: PYTORCH_CUDA_ALLOC_CONF is deprecated, use PYTORCH_ALLOC_CONF instead (function operator())
merged: A5_multi_level_system_K32_B4_mn256.csv ← 9 baselines + 9 bs_kernel rows

==========================================================
=== D1: multi_chain_reasoning  (K=32, B=32, mn=256, R=1024)  decision=bsk_only ===
==========================================================
model: RedHatAI/Llama-3.2-1B-Instruct-FP8  (tp_size=1)
scenarios: ['multi_chain_reasoning']
methods:   ['bs_kernel', 'bsk_2l_1p', 'bsk_2l_dt']
max_new:   256, repeat: 3

Loading tokenizer + model...
Fetching 6 files:   0%|          | 0/6 [00:00<?, ?it/s]Fetching 6 files: 100%|██████████| 6/6 [00:00<00:00, 92182.51it/s]
Model loaded.

k_overrides: [32]
Building TreeSpecs (this tokenizes the inputs)...
  multi_chain_reasoning    [K=32    ] B=32  K=32  L_shared~2574  L_priv~23    n_leaves=1024

--- multi_chain_reasoning [K=32] ---

[bs_kernel plan-trace] 255 steps (PER_BEAM: 0, DEC_TAIL: 145, SHARED: 110)

  -- DEC_TAIL path (145 steps) --
  prefix re-plans: 1/145 (0.7%)   decode full re-plans: 1/145 (0.7%)
  phase                        mean     median        p90        p99        total
  decomp_ms                   1.164      1.180      1.804      1.853       168.78
  pick_ms                     0.458      0.457      0.468      0.478        66.45
  prefix_plan_ms              0.044      0.034      0.038      0.040         6.31
  decode_build_ms             1.098      1.130      1.217      1.262       159.26
  decode_plan_ms              0.492      0.013      0.014      0.016        71.31

  -- SHARED path (110 steps) --
  strategy mix: {'SHARED_2L_1POOL': 110}
  level-0 pack cache hits: 109/110 (99.1%)   plan_info cache hits: 11/110 (10.0%)
  phase                        mean     median        p90        p99        total
  decomp_ms                   1.199      1.131      1.742      1.830       131.94
  pick_ms                     0.456      0.455      0.466      0.482        50.15
  shared_pack_ms              0.837      0.827      1.081      1.240        92.06
  shared_plan_ms              1.669      1.435      1.477      1.517       183.58
  shared_write_ms             0.230      0.228      0.245      0.252        25.28
  bs_kernel    warmup  wall=  7.1s  decode_total= 4701.2ms

[bs_kernel plan-trace] 255 steps (PER_BEAM: 0, DEC_TAIL: 145, SHARED: 110)

  -- DEC_TAIL path (145 steps) --
  prefix re-plans: 1/145 (0.7%)   decode full re-plans: 1/145 (0.7%)
  phase                        mean     median        p90        p99        total
  decomp_ms                   1.154      1.154      1.779      1.933       167.26
  pick_ms                     0.458      0.456      0.468      0.479        66.36
  prefix_plan_ms              0.043      0.033      0.037      0.042         6.22
  decode_build_ms             1.134      1.156      1.256      1.293       164.37
  decode_plan_ms              0.033      0.013      0.014      0.018         4.83

  -- SHARED path (110 steps) --
  strategy mix: {'SHARED_2L_1POOL': 110}
  level-0 pack cache hits: 109/110 (99.1%)   plan_info cache hits: 11/110 (10.0%)
  phase                        mean     median        p90        p99        total
  decomp_ms                   2.455      1.164      1.772      1.908       270.05
  pick_ms                     0.456      0.455      0.468      0.480        50.20
  shared_pack_ms              0.845      0.818      1.076      1.303        92.98
  shared_plan_ms              1.298      1.423      1.468      1.489       142.81
  shared_write_ms             0.279      0.278      0.294      0.313        30.73
  bs_kernel    r=0  prefill=  773.0ms  decode= 4623.6ms  plan/step= 4.51ms  fwd/step=13.24ms  p50/step=17.38ms  wall=  6.0s

[bs_kernel plan-trace] 255 steps (PER_BEAM: 0, DEC_TAIL: 145, SHARED: 110)

  -- DEC_TAIL path (145 steps) --
  prefix re-plans: 1/145 (0.7%)   decode full re-plans: 1/145 (0.7%)
  phase                        mean     median        p90        p99        total
  decomp_ms                   1.152      1.171      1.782      1.947       167.02
  pick_ms                     0.456      0.455      0.468      0.478        66.12
  prefix_plan_ms              0.043      0.033      0.037      0.041         6.20
  decode_build_ms             1.131      1.174      1.225      1.245       164.06
  decode_plan_ms              0.033      0.013      0.014      0.015         4.74

  -- SHARED path (110 steps) --
  strategy mix: {'SHARED_2L_1POOL': 110}
  level-0 pack cache hits: 109/110 (99.1%)   plan_info cache hits: 11/110 (10.0%)
  phase                        mean     median        p90        p99        total
  decomp_ms                   2.422      1.161      1.790      1.903       266.47
  pick_ms                     0.457      0.454      0.470      0.484        50.27
  shared_pack_ms              0.851      0.828      1.109      1.247        93.59
  shared_plan_ms              1.297      1.419      1.467      1.527       142.68
  shared_write_ms             0.286      0.286      0.305      0.323        31.46
  bs_kernel    r=1  prefill=  731.9ms  decode= 4622.9ms  plan/step= 4.50ms  fwd/step=13.25ms  p50/step=17.37ms  wall=  5.9s

[bs_kernel plan-trace] 255 steps (PER_BEAM: 0, DEC_TAIL: 145, SHARED: 110)

  -- DEC_TAIL path (145 steps) --
  prefix re-plans: 1/145 (0.7%)   decode full re-plans: 1/145 (0.7%)
  phase                        mean     median        p90        p99        total
  decomp_ms                   1.134      1.140      1.759      1.865       164.44
  pick_ms                     0.455      0.455      0.467      0.472        65.92
  prefix_plan_ms              0.043      0.033      0.036      0.039         6.21
  decode_build_ms             1.115      1.138      1.209      1.293       161.69
  decode_plan_ms              0.033      0.013      0.014      0.018         4.82

  -- SHARED path (110 steps) --
  strategy mix: {'SHARED_2L_1POOL': 110}
  level-0 pack cache hits: 109/110 (99.1%)   plan_info cache hits: 11/110 (10.0%)
  phase                        mean     median        p90        p99        total
  decomp_ms                   2.334      1.154      1.779      1.937       256.70
  pick_ms                     0.457      0.456      0.469      0.481        50.29
  shared_pack_ms              0.844      0.826      1.075      1.261        92.85
  shared_plan_ms              1.298      1.427      1.455      1.508       142.82
  shared_write_ms             0.280      0.281      0.295      0.306        30.85
  bs_kernel    r=2  prefill=  792.2ms  decode= 4604.2ms  plan/step= 4.43ms  fwd/step=13.25ms  p50/step=17.29ms  wall=  5.8s
  bsk_2l_1p    warmup  wall=  6.4s  decode_total= 4999.3ms
  bsk_2l_1p    r=0  prefill=  817.1ms  decode= 4923.5ms  plan/step= 4.93ms  fwd/step=14.02ms  p50/step=18.89ms  wall=  6.1s
  bsk_2l_1p    r=1  prefill=  764.4ms  decode= 4899.3ms  plan/step= 4.90ms  fwd/step=13.95ms  p50/step=18.85ms  wall=  6.2s
  bsk_2l_1p    r=2  prefill=  731.2ms  decode= 4904.7ms  plan/step= 4.91ms  fwd/step=13.96ms  p50/step=18.83ms  wall=  6.2s
  bsk_2l_dt    warmup  wall=  5.6s  decode_total= 4296.2ms
  bsk_2l_dt    r=0  prefill=  725.9ms  decode= 4287.4ms  plan/step= 3.41ms  fwd/step=13.04ms  p50/step=16.34ms  wall=  5.4s
  bsk_2l_dt    r=1  prefill=  850.8ms  decode= 4302.2ms  plan/step= 3.47ms  fwd/step=13.04ms  p50/step=16.36ms  wall=  5.7s
  bsk_2l_dt    r=2  prefill=  726.6ms  decode= 4289.1ms  plan/step= 3.42ms  fwd/step=13.04ms  p50/step=16.33ms  wall=  5.5s
  rank (decode_total): bsk_2l_dt=4287.4, bs_kernel=4604.2, bsk_2l_1p=4899.3


wrote 9 rows to benchmarks/bs_kernel/results/paper-exp/picker_demo/Llama-3.2-1B-FP8/D1_multi_chain_reasoning_K32_B32_mn256.bsk.csv

=== summary (best decode_total per method, ms) ===
multi_chain_reasoning    [K=32    ]   rank (decode_total): bsk_2l_dt=4287.4, bs_kernel=4604.2, bsk_2l_1p=4899.3
[W522 19:22:16.713343152 AllocatorConfig.cpp:28] Warning: PYTORCH_CUDA_ALLOC_CONF is deprecated, use PYTORCH_ALLOC_CONF instead (function operator())
[W522 19:22:17.295711817 AllocatorConfig.cpp:28] Warning: PYTORCH_CUDA_ALLOC_CONF is deprecated, use PYTORCH_ALLOC_CONF instead (function operator())
merged: D1_multi_chain_reasoning_K32_B32_mn256.csv ← 9 baselines + 9 bs_kernel rows

==========================================================
=== D2: multi_few_shot  (K=16, B=32, mn=256, R=512)  decision=all ===
==========================================================
model: RedHatAI/Llama-3.2-1B-Instruct-FP8  (tp_size=1)
scenarios: ['multi_few_shot']
methods:   ['paged', 'fasttree', 'deft', 'bs_kernel', 'bsk_2l_1p', 'bsk_2l_dt']
max_new:   256, repeat: 3

Loading tokenizer + model...
Fetching 6 files:   0%|          | 0/6 [00:00<?, ?it/s]Fetching 6 files: 100%|██████████| 6/6 [00:00<00:00, 95325.09it/s]
Model loaded.

k_overrides: [16]
Building TreeSpecs (this tokenizes the inputs)...
  multi_few_shot           [K=16    ] B=32  K=16  L_shared~5840  L_priv~107   n_leaves=512

--- multi_few_shot [K=16] ---
  paged        warmup  wall= 10.4s  decode_total= 7149.1ms
  paged        r=0  prefill= 1568.6ms  decode= 7116.2ms  plan/step= 6.07ms  fwd/step=21.60ms  p50/step=27.94ms  wall=  9.4s
  paged        r=1  prefill= 1575.1ms  decode= 7117.1ms  plan/step= 6.09ms  fwd/step=21.59ms  p50/step=27.92ms  wall=  9.5s
  paged        r=2  prefill= 1591.6ms  decode= 7117.1ms  plan/step= 6.08ms  fwd/step=21.59ms  p50/step=27.89ms  wall=  9.3s
  fasttree     warmup  wall=  7.8s  decode_total= 5304.5ms
  fasttree     r=0  prefill= 1679.8ms  decode= 4757.0ms  plan/step= 8.59ms  fwd/step= 9.83ms  p50/step=18.27ms  wall=  7.2s
  fasttree     r=1  prefill= 1577.8ms  decode= 4764.1ms  plan/step= 8.61ms  fwd/step= 9.83ms  p50/step=18.30ms  wall=  7.1s
  fasttree     r=2  prefill= 1636.4ms  decode= 4757.4ms  plan/step= 8.61ms  fwd/step= 9.81ms  p50/step=18.27ms  wall=  7.0s
  deft         warmup  wall= 11.7s  decode_total= 9264.3ms
  deft         r=0  prefill= 1565.5ms  decode= 9244.5ms  plan/step= 1.52ms  fwd/step=34.49ms  p50/step=36.42ms  wall= 11.4s
  deft         r=1  prefill= 1582.5ms  decode= 9230.3ms  plan/step= 1.51ms  fwd/step=34.45ms  p50/step=36.42ms  wall= 11.5s
  deft         r=2  prefill= 1711.6ms  decode= 9230.0ms  plan/step= 1.49ms  fwd/step=34.47ms  p50/step=36.18ms  wall= 11.8s

[bs_kernel plan-trace] 255 steps (PER_BEAM: 0, DEC_TAIL: 255, SHARED: 0)

  -- DEC_TAIL path (255 steps) --
  prefix re-plans: 1/255 (0.4%)   decode full re-plans: 1/255 (0.4%)
  phase                        mean     median        p90        p99        total
  decomp_ms                   0.950      0.929      1.487      1.530       242.33
  pick_ms                     0.497      0.495      0.508      0.517       126.73
  prefix_plan_ms              0.167      0.029      0.031      0.035        42.63
  decode_build_ms             0.649      0.651      0.721      0.744       165.56
  decode_plan_ms              0.019      0.013      0.013      0.016         4.85
  bs_kernel    warmup  wall=  6.2s  decode_total= 3691.1ms

[bs_kernel plan-trace] 255 steps (PER_BEAM: 0, DEC_TAIL: 255, SHARED: 0)

  -- DEC_TAIL path (255 steps) --
  prefix re-plans: 1/255 (0.4%)   decode full re-plans: 1/255 (0.4%)
  phase                        mean     median        p90        p99        total
  decomp_ms                   0.939      0.921      1.473      1.511       239.55
  pick_ms                     0.500      0.500      0.510      0.518       127.51
  prefix_plan_ms              0.036      0.029      0.032      0.036         9.07
  decode_build_ms             0.643      0.641      0.715      0.734       164.03
  decode_plan_ms              0.019      0.013      0.013      0.017         4.82
  bs_kernel    r=0  prefill= 1581.3ms  decode= 3622.3ms  plan/step= 2.53ms  fwd/step=11.43ms  p50/step=14.15ms  wall=  5.8s

[bs_kernel plan-trace] 255 steps (PER_BEAM: 0, DEC_TAIL: 255, SHARED: 0)

  -- DEC_TAIL path (255 steps) --
  prefix re-plans: 1/255 (0.4%)   decode full re-plans: 1/255 (0.4%)
  phase                        mean     median        p90        p99        total
  decomp_ms                   0.947      0.931      1.484      1.521       241.38
  pick_ms                     0.500      0.499      0.510      0.519       127.46
  prefix_plan_ms              0.036      0.030      0.032      0.033         9.21
  decode_build_ms             0.651      0.649      0.723      0.750       166.03
  decode_plan_ms              0.019      0.013      0.014      0.019         4.83
  bs_kernel    r=1  prefill= 1642.5ms  decode= 3632.6ms  plan/step= 2.56ms  fwd/step=11.45ms  p50/step=14.18ms  wall=  5.9s

[bs_kernel plan-trace] 255 steps (PER_BEAM: 0, DEC_TAIL: 255, SHARED: 0)

  -- DEC_TAIL path (255 steps) --
  prefix re-plans: 1/255 (0.4%)   decode full re-plans: 1/255 (0.4%)
  phase                        mean     median        p90        p99        total
  decomp_ms                   0.944      0.927      1.479      1.527       240.76
  pick_ms                     0.501      0.500      0.511      0.519       127.81
  prefix_plan_ms              0.036      0.030      0.032      0.034         9.23
  decode_build_ms             0.652      0.651      0.720      0.752       166.14
  decode_plan_ms              0.019      0.013      0.014      0.014         4.85
  bs_kernel    r=2  prefill= 1591.6ms  decode= 3630.5ms  plan/step= 2.55ms  fwd/step=11.44ms  p50/step=14.17ms  wall=  5.9s
  bsk_2l_1p    warmup  wall=  6.4s  decode_total= 4153.1ms
  bsk_2l_1p    r=0  prefill= 1615.3ms  decode= 4145.0ms  plan/step= 3.51ms  fwd/step=12.51ms  p50/step=16.23ms  wall=  6.5s
  bsk_2l_1p    r=1  prefill= 1685.7ms  decode= 4143.5ms  plan/step= 3.50ms  fwd/step=12.52ms  p50/step=16.24ms  wall=  6.6s
  bsk_2l_1p    r=2  prefill= 1670.8ms  decode= 4149.4ms  plan/step= 3.50ms  fwd/step=12.54ms  p50/step=16.25ms  wall=  6.4s
  bsk_2l_dt    warmup  wall=  5.8s  decode_total= 3555.4ms
  bsk_2l_dt    r=0  prefill= 1574.0ms  decode= 3550.7ms  plan/step= 2.24ms  fwd/step=11.45ms  p50/step=13.87ms  wall=  5.8s
  bsk_2l_dt    r=1  prefill= 1571.9ms  decode= 3562.8ms  plan/step= 2.25ms  fwd/step=11.48ms  p50/step=13.88ms  wall=  5.7s
  bsk_2l_dt    r=2  prefill= 1646.0ms  decode= 3589.1ms  plan/step= 2.36ms  fwd/step=11.46ms  p50/step=14.00ms  wall=  6.0s
  rank (decode_total): bsk_2l_dt=3550.7, bs_kernel=3622.3, bsk_2l_1p=4143.5, fasttree=4757.0, paged=7116.2, deft=9230.0


wrote 18 rows to benchmarks/bs_kernel/results/paper-exp/picker_demo/Llama-3.2-1B-FP8/D2_multi_few_shot_K16_B32_mn256.csv

=== summary (best decode_total per method, ms) ===
multi_few_shot           [K=16    ]   rank (decode_total): bsk_2l_dt=3550.7, bs_kernel=3622.3, bsk_2l_1p=4143.5, fasttree=4757.0, paged=7116.2, deft=9230.0
[W522 19:25:37.741741535 AllocatorConfig.cpp:28] Warning: PYTORCH_CUDA_ALLOC_CONF is deprecated, use PYTORCH_ALLOC_CONF instead (function operator())
[W522 19:25:38.383686559 AllocatorConfig.cpp:28] Warning: PYTORCH_CUDA_ALLOC_CONF is deprecated, use PYTORCH_ALLOC_CONF instead (function operator())

==========================================================
=== D3: multi_level_system  (K=32, B=16, mn=256, R=512)  decision=all ===
==========================================================
model: RedHatAI/Llama-3.2-1B-Instruct-FP8  (tp_size=1)
scenarios: ['multi_level_system']
methods:   ['paged', 'fasttree', 'deft', 'bs_kernel', 'bsk_2l_1p', 'bsk_2l_dt']
max_new:   256, repeat: 3

Loading tokenizer + model...
Fetching 6 files:   0%|          | 0/6 [00:00<?, ?it/s]Fetching 6 files: 100%|██████████| 6/6 [00:00<00:00, 92862.82it/s]
Model loaded.

k_overrides: [32]
Building TreeSpecs (this tokenizes the inputs)...
  multi_level_system       [K=32    ] B=16  K=32  L_shared~2515  L_priv~80    n_leaves=512

--- multi_level_system [K=32] ---
  paged        warmup  wall=  6.5s  decode_total= 4461.5ms
  paged        r=0  prefill=  499.1ms  decode= 4403.5ms  plan/step= 4.02ms  fwd/step=13.01ms  p50/step=17.17ms  wall=  5.2s
  paged        r=1  prefill=  533.4ms  decode= 4421.0ms  plan/step= 4.07ms  fwd/step=13.02ms  p50/step=17.27ms  wall=  5.6s
  paged        r=2  prefill=  541.7ms  decode= 4389.7ms  plan/step= 4.03ms  fwd/step=12.94ms  p50/step=17.15ms  wall=  5.3s
  fasttree     warmup  wall=  5.2s  decode_total= 4304.8ms
  fasttree     r=0  prefill=  507.7ms  decode= 3850.5ms  plan/step= 4.70ms  fwd/step=10.17ms  p50/step=14.74ms  wall=  4.7s
  fasttree     r=1  prefill=  524.1ms  decode= 3854.9ms  plan/step= 4.69ms  fwd/step=10.20ms  p50/step=14.75ms  wall=  4.7s
  fasttree     r=2  prefill=  499.0ms  decode= 3898.0ms  plan/step= 4.75ms  fwd/step=10.30ms  p50/step=14.80ms  wall=  4.8s
  deft         warmup  wall=  6.1s  decode_total= 5327.9ms
  deft         r=0  prefill=  532.8ms  decode= 5280.8ms  plan/step= 1.23ms  fwd/step=19.22ms  p50/step=20.63ms  wall=  6.2s
  deft         r=1  prefill=  558.2ms  decode= 5276.1ms  plan/step= 1.22ms  fwd/step=19.22ms  p50/step=20.65ms  wall=  6.3s
  deft         r=2  prefill=  498.8ms  decode= 5282.7ms  plan/step= 1.23ms  fwd/step=19.22ms  p50/step=20.59ms  wall=  6.1s

[bs_kernel plan-trace] 255 steps (PER_BEAM: 0, DEC_TAIL: 84, SHARED: 171)

  -- DEC_TAIL path (84 steps) --
  prefix re-plans: 1/84 (1.2%)   decode full re-plans: 1/84 (1.2%)
  phase                        mean     median        p90        p99        total
  decomp_ms                   0.562      0.162      2.668      2.813        47.18
  pick_ms                     0.250      0.249      0.255      0.270        21.00
  prefix_plan_ms              0.454      0.020      0.033      0.037        38.15
  decode_build_ms             0.624      0.628      0.676      0.789        52.43
  decode_plan_ms              0.031      0.012      0.013      0.018         2.59

  -- SHARED path (171 steps) --
  strategy mix: {'SHARED_2L_1POOL': 171}
  level-0 pack cache hits: 170/171 (99.4%)   plan_info cache hits: 142/171 (83.0%)
  phase                        mean     median        p90        p99        total
  decomp_ms                   0.482      0.163      2.702      2.807        82.36
  pick_ms                     0.249      0.249      0.256      0.266        42.65
  shared_pack_ms              0.606      0.578      0.772      0.825       103.68
  shared_plan_ms              0.254      0.068      1.038      1.096        43.38
  shared_write_ms             0.145      0.144      0.161      0.174        24.85
  bs_kernel    warmup  wall=  3.7s  decode_total= 2858.9ms

[bs_kernel plan-trace] 255 steps (PER_BEAM: 0, DEC_TAIL: 84, SHARED: 171)

  -- DEC_TAIL path (84 steps) --
  prefix re-plans: 1/84 (1.2%)   decode full re-plans: 1/84 (1.2%)
  phase                        mean     median        p90        p99        total
  decomp_ms                   0.567      0.166      2.737      2.820        47.60
  pick_ms                     0.250      0.249      0.256      0.261        21.03
  prefix_plan_ms              0.036      0.020      0.034      0.036         3.00
  decode_build_ms             0.630      0.638      0.678      0.768        52.94
  decode_plan_ms              0.030      0.012      0.013      0.017         2.49

  -- SHARED path (171 steps) --
  strategy mix: {'SHARED_2L_1POOL': 171}
  level-0 pack cache hits: 170/171 (99.4%)   plan_info cache hits: 142/171 (83.0%)
  phase                        mean     median        p90        p99        total
  decomp_ms                   0.480      0.166      2.675      2.818        82.16
  pick_ms                     0.248      0.248      0.254      0.261        42.49
  shared_pack_ms              0.610      0.587      0.761      0.809       104.26
  shared_plan_ms              0.234      0.068      1.037      1.073        40.03
  shared_write_ms             0.146      0.144      0.162      0.173        24.96
  bs_kernel    r=0  prefill=  504.3ms  decode= 2802.3ms  plan/step= 2.01ms  fwd/step= 8.75ms  p50/step=10.57ms  wall=  3.8s

[bs_kernel plan-trace] 255 steps (PER_BEAM: 0, DEC_TAIL: 84, SHARED: 171)

  -- DEC_TAIL path (84 steps) --
  prefix re-plans: 1/84 (1.2%)   decode full re-plans: 1/84 (1.2%)
  phase                        mean     median        p90        p99        total
  decomp_ms                   0.566      0.165      2.744      2.799        47.55
  pick_ms                     0.250      0.249      0.256      0.265        20.98
  prefix_plan_ms              0.036      0.020      0.033      0.035         3.01
  decode_build_ms             0.635      0.639      0.692      0.752        53.33
  decode_plan_ms              0.030      0.012      0.013      0.016         2.50

  -- SHARED path (171 steps) --
  strategy mix: {'SHARED_2L_1POOL': 171}
  level-0 pack cache hits: 170/171 (99.4%)   plan_info cache hits: 142/171 (83.0%)
  phase                        mean     median        p90        p99        total
  decomp_ms                   0.484      0.165      2.741      2.800        82.71
  pick_ms                     0.250      0.249      0.257      0.262        42.76
  shared_pack_ms              0.620      0.586      0.792      0.839       106.04
  shared_plan_ms              0.238      0.070      1.058      1.076        40.66
  shared_write_ms             0.147      0.144      0.163      0.169        25.20
  bs_kernel    r=1  prefill=  503.9ms  decode= 2815.5ms  plan/step= 2.03ms  fwd/step= 8.78ms  p50/step=10.56ms  wall=  3.7s

[bs_kernel plan-trace] 255 steps (PER_BEAM: 0, DEC_TAIL: 84, SHARED: 171)

  -- DEC_TAIL path (84 steps) --
  prefix re-plans: 1/84 (1.2%)   decode full re-plans: 1/84 (1.2%)
  phase                        mean     median        p90        p99        total
  decomp_ms                   0.563      0.163      2.740      2.828        47.29
  pick_ms                     0.248      0.248      0.254      0.256        20.86
  prefix_plan_ms              0.035      0.020      0.033      0.038         2.97
  decode_build_ms             0.625      0.621      0.683      0.762        52.51
  decode_plan_ms              0.030      0.012      0.013      0.016         2.49

  -- SHARED path (171 steps) --
  strategy mix: {'SHARED_2L_1POOL': 171}
  level-0 pack cache hits: 170/171 (99.4%)   plan_info cache hits: 142/171 (83.0%)
  phase                        mean     median        p90        p99        total
  decomp_ms                   0.484      0.162      2.743      2.827        82.77
  pick_ms                     0.249      0.248      0.256      0.263        42.62
  shared_pack_ms              0.619      0.588      0.786      0.835       105.92
  shared_plan_ms              0.236      0.069      1.049      1.074        40.30
  shared_write_ms             0.146      0.144      0.165      0.174        24.95
  bs_kernel    r=2  prefill=  522.3ms  decode= 2807.2ms  plan/step= 2.02ms  fwd/step= 8.76ms  p50/step=10.54ms  wall=  3.7s
  bsk_2l_1p    warmup  wall=  3.7s  decode_total= 2800.3ms
  bsk_2l_1p    r=0  prefill=  514.3ms  decode= 2800.6ms  plan/step= 1.99ms  fwd/step= 8.76ms  p50/step=10.71ms  wall=  3.6s
  bsk_2l_1p    r=1  prefill=  504.3ms  decode= 2804.9ms  plan/step= 2.00ms  fwd/step= 8.77ms  p50/step=10.74ms  wall=  3.7s
  bsk_2l_1p    r=2  prefill=  564.5ms  decode= 2778.6ms  plan/step= 1.94ms  fwd/step= 8.74ms  p50/step=10.66ms  wall=  3.7s
  bsk_2l_dt    warmup  wall=  3.6s  decode_total= 2727.7ms
  bsk_2l_dt    r=0  prefill=  575.5ms  decode= 2722.5ms  plan/step= 1.62ms  fwd/step= 8.83ms  p50/step=10.28ms  wall=  3.6s
  bsk_2l_dt    r=1  prefill=  507.7ms  decode= 2730.4ms  plan/step= 1.62ms  fwd/step= 8.86ms  p50/step=10.28ms  wall=  3.5s
  bsk_2l_dt    r=2  prefill=  529.0ms  decode= 2738.6ms  plan/step= 1.63ms  fwd/step= 8.89ms  p50/step=10.31ms  wall=  3.6s
  rank (decode_total): bsk_2l_dt=2722.5, bsk_2l_1p=2778.6, bs_kernel=2802.3, fasttree=3850.5, paged=4389.7, deft=5276.1


wrote 18 rows to benchmarks/bs_kernel/results/paper-exp/picker_demo/Llama-3.2-1B-FP8/D3_multi_level_system_K32_B16_mn256.csv

=== summary (best decode_total per method, ms) ===
multi_level_system       [K=32    ]   rank (decode_total): bsk_2l_dt=2722.5, bsk_2l_1p=2778.6, bs_kernel=2802.3, fasttree=3850.5, paged=4389.7, deft=5276.1
[W522 19:27:43.980216148 AllocatorConfig.cpp:28] Warning: PYTORCH_CUDA_ALLOC_CONF is deprecated, use PYTORCH_ALLOC_CONF instead (function operator())
[W522 19:27:44.467273693 AllocatorConfig.cpp:28] Warning: PYTORCH_CUDA_ALLOC_CONF is deprecated, use PYTORCH_ALLOC_CONF instead (function operator())

==========================================================
=== D4: multi_doc_qa  (K=16, B=4, mn=256, R=64)  decision=all ===
==========================================================
model: RedHatAI/Llama-3.2-1B-Instruct-FP8  (tp_size=1)
scenarios: ['multi_doc_qa']
methods:   ['paged', 'fasttree', 'deft', 'bs_kernel', 'bsk_2l_1p', 'bsk_2l_dt']
max_new:   256, repeat: 3

Loading tokenizer + model...
Fetching 6 files:   0%|          | 0/6 [00:00<?, ?it/s]Fetching 6 files: 100%|██████████| 6/6 [00:00<00:00, 98689.51it/s]
Model loaded.

k_overrides: [16]
Building TreeSpecs (this tokenizes the inputs)...
  multi_doc_qa             [K=16    ] B=4   K=16  L_shared~88441 L_priv~36    n_leaves=64

--- multi_doc_qa [K=16] ---
  paged        warmup  wall= 19.3s  decode_total=10672.1ms
  paged        r=0  prefill= 6637.5ms  decode=10621.1ms  plan/step= 7.62ms  fwd/step=33.91ms  p50/step=41.61ms  wall= 18.1s
  paged        r=1  prefill= 6638.9ms  decode=10626.2ms  plan/step= 7.62ms  fwd/step=33.93ms  p50/step=41.59ms  wall= 18.0s
  paged        r=2  prefill= 6651.9ms  decode=10624.9ms  plan/step= 7.63ms  fwd/step=33.92ms  p50/step=41.58ms  wall= 17.9s
  fasttree     warmup  wall= 11.0s  decode_total= 3504.0ms
  fasttree     r=0  prefill= 6757.8ms  decode= 3038.1ms  plan/step= 2.62ms  fwd/step= 9.18ms  p50/step=11.80ms  wall= 10.6s
  fasttree     r=1  prefill= 6650.4ms  decode= 3039.6ms  plan/step= 2.62ms  fwd/step= 9.19ms  p50/step=11.80ms  wall= 10.4s
  fasttree     r=2  prefill= 6790.4ms  decode= 3024.5ms  plan/step= 2.61ms  fwd/step= 9.14ms  p50/step=11.75ms  wall= 10.8s
  deft         warmup  wall= 39.0s  decode_total=31444.6ms
  deft         r=0  prefill= 6640.8ms  decode=31433.1ms  plan/step= 0.80ms  fwd/step=122.35ms  p50/step=123.07ms  wall= 38.9s
  deft         r=1  prefill= 6639.3ms  decode=31544.2ms  plan/step= 1.07ms  fwd/step=122.47ms  p50/step=123.69ms  wall= 39.0s
  deft         r=2  prefill= 6690.0ms  decode=31439.8ms  plan/step= 1.08ms  fwd/step=122.06ms  p50/step=123.27ms  wall= 39.0s

[bs_kernel plan-trace] 255 steps (PER_BEAM: 0, DEC_TAIL: 255, SHARED: 0)

  -- DEC_TAIL path (255 steps) --
  prefix re-plans: 1/255 (0.4%)   decode full re-plans: 1/255 (0.4%)
  phase                        mean     median        p90        p99        total
  decomp_ms                   0.206      0.048      0.565      0.964        52.45
  pick_ms                     0.137      0.136      0.142      0.149        34.88
  prefix_plan_ms              0.182      0.020      0.024      0.028        46.50
  decode_build_ms             0.170      0.170      0.188      0.197        43.46
  decode_plan_ms              0.014      0.011      0.012      0.017         3.45
  bs_kernel    warmup  wall= 11.7s  decode_total= 4173.0ms

[bs_kernel plan-trace] 255 steps (PER_BEAM: 0, DEC_TAIL: 255, SHARED: 0)

  -- DEC_TAIL path (255 steps) --
  prefix re-plans: 1/255 (0.4%)   decode full re-plans: 1/255 (0.4%)
  phase                        mean     median        p90        p99        total
  decomp_ms                   0.203      0.048      0.565      0.867        51.65
  pick_ms                     0.138      0.138      0.145      0.149        35.16
  prefix_plan_ms              0.028      0.020      0.025      0.028         7.14
  decode_build_ms             0.173      0.176      0.191      0.202        44.11
  decode_plan_ms              0.013      0.011      0.012      0.015         3.35
  bs_kernel    r=0  prefill= 6632.4ms  decode= 4100.5ms  plan/step= 0.68ms  fwd/step=15.27ms  p50/step=15.94ms  wall= 11.6s

[bs_kernel plan-trace] 255 steps (PER_BEAM: 0, DEC_TAIL: 255, SHARED: 0)

  -- DEC_TAIL path (255 steps) --
  prefix re-plans: 1/255 (0.4%)   decode full re-plans: 1/255 (0.4%)
  phase                        mean     median        p90        p99        total
  decomp_ms                   0.207      0.051      0.566      0.871        52.66
  pick_ms                     0.138      0.138      0.145      0.152        35.28
  prefix_plan_ms              0.028      0.020      0.024      0.027         7.09
  decode_build_ms             0.180      0.180      0.195      0.208        45.86
  decode_plan_ms              0.013      0.011      0.012      0.013         3.34
  bs_kernel    r=1  prefill= 6686.0ms  decode= 4103.7ms  plan/step= 0.69ms  fwd/step=15.27ms  p50/step=15.94ms  wall= 11.7s

[bs_kernel plan-trace] 255 steps (PER_BEAM: 0, DEC_TAIL: 255, SHARED: 0)

  -- DEC_TAIL path (255 steps) --
  prefix re-plans: 1/255 (0.4%)   decode full re-plans: 1/255 (0.4%)
  phase                        mean     median        p90        p99        total
  decomp_ms                   0.183      0.042      0.459      0.767        46.59
  pick_ms                     0.131      0.131      0.134      0.140        33.37
  prefix_plan_ms              0.026      0.018      0.023      0.026         6.67
  decode_build_ms             0.155      0.155      0.167      0.177        39.57
  decode_plan_ms              0.013      0.011      0.012      0.015         3.26
  bs_kernel    r=2  prefill= 6683.0ms  decode= 4084.1ms  plan/step= 0.63ms  fwd/step=15.27ms  p50/step=15.88ms  wall= 12.4s
  bsk_2l_1p    warmup  wall= 19.3s  decode_total=11690.3ms
  bsk_2l_1p    r=0  prefill= 6672.2ms  decode=11660.3ms  plan/step= 0.78ms  fwd/step=44.83ms  p50/step=45.82ms  wall= 19.1s
  bsk_2l_1p    r=1  prefill= 6737.9ms  decode=11680.3ms  plan/step= 0.78ms  fwd/step=44.91ms  p50/step=45.97ms  wall= 19.3s
  bsk_2l_1p    r=2  prefill= 6645.9ms  decode=11637.6ms  plan/step= 0.79ms  fwd/step=44.73ms  p50/step=45.79ms  wall= 19.2s
  bsk_2l_dt    warmup  wall= 11.6s  decode_total= 4069.0ms
  bsk_2l_dt    r=0  prefill= 6636.7ms  decode= 4067.8ms  plan/step= 0.56ms  fwd/step=15.27ms  p50/step=15.82ms  wall= 11.5s
  bsk_2l_dt    r=1  prefill= 6941.6ms  decode= 4067.4ms  plan/step= 0.56ms  fwd/step=15.27ms  p50/step=15.83ms  wall= 11.7s
  bsk_2l_dt    r=2  prefill= 6753.4ms  decode= 4062.3ms  plan/step= 0.56ms  fwd/step=15.25ms  p50/step=15.80ms  wall= 12.2s
  rank (decode_total): fasttree=3024.5, bsk_2l_dt=4062.3, bs_kernel=4084.1, paged=10621.1, bsk_2l_1p=11637.6, deft=31433.1


wrote 18 rows to benchmarks/bs_kernel/results/paper-exp/picker_demo/Llama-3.2-1B-FP8/D4_multi_doc_qa_K16_B4_mn256.csv

=== summary (best decode_total per method, ms) ===
multi_doc_qa             [K=16    ]   rank (decode_total): fasttree=3024.5, bsk_2l_dt=4062.3, bs_kernel=4084.1, paged=10621.1, bsk_2l_1p=11637.6, deft=31433.1
[W522 19:35:22.268548330 AllocatorConfig.cpp:28] Warning: PYTORCH_CUDA_ALLOC_CONF is deprecated, use PYTORCH_ALLOC_CONF instead (function operator())
[W522 19:35:22.832022610 AllocatorConfig.cpp:28] Warning: PYTORCH_CUDA_ALLOC_CONF is deprecated, use PYTORCH_ALLOC_CONF instead (function operator())

=== done 2026-05-22T19:35:22+08:00 ===
Results: benchmarks/bs_kernel/results/paper-exp/picker_demo/Llama-3.2-1B-FP8
=== picker_demo Model A (Llama-3.2-1B-FP8 TP=1 fp8 weights, bf16 KV) started 2026-05-22T22:21:08+08:00 ===
model:    RedHatAI/Llama-3.2-1B-Instruct-FP8  (tp=1, dtype=bf16, kv=bf16)
mode:     smart-rerun (refresh bs_kernel against new cost model)

=== recalibrating coefficients ===
<frozen runpy>:128: RuntimeWarning: 'beam_engine.methods.bs_kernel.calibrate' found in sys.modules after import of package 'beam_engine.methods.bs_kernel', but prior to execution of 'beam_engine.methods.bs_kernel.calibrate'; this may result in unpredictable behaviour
[calibrate] probing NVIDIA H100 80GB HBM3
[calibrate] probing dtype=fp16
  raw decode_launch=33.05 → anchored to launch_us=7.33
[calibrate] probing dtype=bf16
[calibrate] probing dtype=fp8_e4m3
[calibrate] wrote /home/u4320956/.cache/beam_engine/coeffs-NVIDIA_H100_80GB_HBM3.json
  B_hbm                =  1298144.2 bytes/µs   (1.30 TB/s)
  merge_launch_us      =     4.9795
  merge_bw_us_per_row  =   0.003323
  decode_launch_us     =       7.33
  per_tile[     bf16][ 16] =      23.02 µs
  per_tile[     bf16][ 64] =      23.10 µs
  per_tile[     bf16][128] =      23.62 µs
  per_tile[     fp16][ 16] =      24.68 µs
  per_tile[     fp16][ 64] =      24.04 µs
  per_tile[     fp16][128] =      24.50 µs
  per_tile[ fp8_e4m3][ 16] =      22.89 µs
  per_tile[ fp8_e4m3][ 64] =      22.99 µs
  per_tile[ fp8_e4m3][128] =      31.14 µs
  decode_us_per_beam[     bf16] =   0.001394
  decode_us_per_beam[     fp16] =   0.001396
  decode_us_per_beam[ fp8_e4m3] =   0.001293
[W522 22:21:13.060137994 AllocatorConfig.cpp:28] Warning: PYTORCH_CUDA_ALLOC_CONF is deprecated, use PYTORCH_ALLOC_CONF instead (function operator())


==========================================================
=== A1: beam_search (hotpot)  (K=4, B=1, L_p=40000, mn=64)  decision=bsk_only bf16 ===
==========================================================
  --- method: bs_kernel ---
grid: 1 (K,L_p,B) cells × 1 methods = 1 runs
methods: ['bs_kernel']
max_new: 64
tp_size: 1, device: cuda
Loading tokenizer + model...
Fetching 6 files:   0%|          | 0/6 [00:00<?, ?it/s]Fetching 6 files: 100%|██████████| 6/6 [00:00<00:00, 105738.76it/s]
Model loaded.

loaded 30 prompts from data/hotpotqa.jsonl
  bs_kernel      warmup K=4   L_p=40000  B=1  
[bs_kernel plan-trace] 63 steps (PER_BEAM: 0, DEC_TAIL: 0, SHARED: 63)

  -- SHARED path (63 steps) --
  strategy mix: {'SHARED_2L_1POOL': 63}
  level-0 pack cache hits: 61/63 (96.8%)   plan_info cache hits: 58/63 (92.1%)
  phase                        mean     median        p90        p99        total
  decomp_ms                   0.244      0.388      0.407      0.512        15.39
  pick_ms                     0.110      0.125      0.131      0.142         6.94
  shared_pack_ms              0.113      0.110      0.120      0.293         7.13
  shared_plan_ms              0.872      0.057      0.061      0.613        54.91
  shared_write_ms             0.042      0.040      0.042      0.050         2.62
discard          decode_total=  713.5ms  (  2.4s wall)
  bs_kernel             K=4   L_p=40000  B=1  
[bs_kernel plan-trace] 63 steps (PER_BEAM: 0, DEC_TAIL: 0, SHARED: 63)

  -- SHARED path (63 steps) --
  strategy mix: {'SHARED_2L_1POOL': 63}
  level-0 pack cache hits: 61/63 (96.8%)   plan_info cache hits: 58/63 (92.1%)
  phase                        mean     median        p90        p99        total
  decomp_ms                   0.238      0.382      0.400      0.441        15.02
  pick_ms                     0.107      0.124      0.131      0.136         6.75
  shared_pack_ms              0.111      0.107      0.117      0.290         6.98
  shared_plan_ms              0.098      0.056      0.062      0.569         6.17
  shared_write_ms             0.040      0.039      0.041      0.047         2.51
prefill=  416.8ms  decode_total=  588.9ms  per_pt_token=  9.35ms  (  1.1s wall)

wrote 1 rows to benchmarks/bs_kernel/results/paper-exp/picker_demo/Llama-3.2-1B-FP8/A1_bs_kernel.csv
[W522 22:21:26.665669099 AllocatorConfig.cpp:28] Warning: PYTORCH_CUDA_ALLOC_CONF is deprecated, use PYTORCH_ALLOC_CONF instead (function operator())
  --- method: bs_kernel_2l1p ---
grid: 1 (K,L_p,B) cells × 1 methods = 1 runs
methods: ['bs_kernel_2l1p']
max_new: 64
tp_size: 1, device: cuda
Loading tokenizer + model...
Fetching 6 files:   0%|          | 0/6 [00:00<?, ?it/s]Fetching 6 files: 100%|██████████| 6/6 [00:00<00:00, 101067.57it/s]
Model loaded.

loaded 30 prompts from data/hotpotqa.jsonl
  bs_kernel_2l1p warmup K=4   L_p=40000  B=1  
[bs_kernel plan-trace] 63 steps (PER_BEAM: 0, DEC_TAIL: 0, SHARED: 63)

  -- SHARED path (63 steps) --
  strategy mix: {'SHARED_2L_1POOL': 63}
  level-0 pack cache hits: 61/63 (96.8%)   plan_info cache hits: 58/63 (92.1%)
  phase                        mean     median        p90        p99        total
  decomp_ms                   0.245      0.388      0.407      0.495        15.42
  pick_ms                     0.063      0.061      0.066      0.098         3.96
  shared_pack_ms              0.112      0.109      0.117      0.288         7.04
  shared_plan_ms              0.661      0.057      0.061      0.620        41.66
  shared_write_ms             0.042      0.040      0.045      0.065         2.64
discard          decode_total=  687.1ms  (  2.3s wall)
  bs_kernel_2l1p        K=4   L_p=40000  B=1  
[bs_kernel plan-trace] 63 steps (PER_BEAM: 0, DEC_TAIL: 0, SHARED: 63)

  -- SHARED path (63 steps) --
  strategy mix: {'SHARED_2L_1POOL': 63}
  level-0 pack cache hits: 61/63 (96.8%)   plan_info cache hits: 58/63 (92.1%)
  phase                        mean     median        p90        p99        total
  decomp_ms                   0.235      0.382      0.395      0.405        14.82
  pick_ms                     0.061      0.061      0.064      0.072         3.83
  shared_pack_ms              0.109      0.106      0.114      0.281         6.86
  shared_plan_ms              0.098      0.056      0.063      0.566         6.15
  shared_write_ms             0.040      0.039      0.041      0.047         2.51
prefill=  416.4ms  decode_total=  584.2ms  per_pt_token=  9.27ms  (  1.1s wall)

wrote 1 rows to benchmarks/bs_kernel/results/paper-exp/picker_demo/Llama-3.2-1B-FP8/A1_bs_kernel_2l1p.csv
[W522 22:21:39.493573053 AllocatorConfig.cpp:28] Warning: PYTORCH_CUDA_ALLOC_CONF is deprecated, use PYTORCH_ALLOC_CONF instead (function operator())
  --- method: bs_kernel_2ldt ---
grid: 1 (K,L_p,B) cells × 1 methods = 1 runs
methods: ['bs_kernel_2ldt']
max_new: 64
tp_size: 1, device: cuda
Loading tokenizer + model...
Fetching 6 files:   0%|          | 0/6 [00:00<?, ?it/s]Fetching 6 files: 100%|██████████| 6/6 [00:00<00:00, 104422.51it/s]
Model loaded.

loaded 30 prompts from data/hotpotqa.jsonl
  bs_kernel_2ldt warmup K=4   L_p=40000  B=1  
[bs_kernel plan-trace] 63 steps (PER_BEAM: 0, DEC_TAIL: 63, SHARED: 0)

  -- DEC_TAIL path (63 steps) --
  prefix re-plans: 2/63 (3.2%)   decode full re-plans: 1/63 (1.6%)
  phase                        mean     median        p90        p99        total
  decomp_ms                   0.250      0.390      0.409      0.464        15.76
  pick_ms                     0.051      0.049      0.058      0.085         3.24
  prefix_plan_ms              0.558      0.021      0.026      0.764        35.16
  decode_build_ms             0.097      0.098      0.104      0.132         6.14
  decode_plan_ms              1.063      0.011      0.011      0.019        66.98
discard          decode_total=  792.1ms  (  2.4s wall)
  bs_kernel_2ldt        K=4   L_p=40000  B=1  
[bs_kernel plan-trace] 63 steps (PER_BEAM: 0, DEC_TAIL: 63, SHARED: 0)

  -- DEC_TAIL path (63 steps) --
  prefix re-plans: 2/63 (3.2%)   decode full re-plans: 1/63 (1.6%)
  phase                        mean     median        p90        p99        total
  decomp_ms                   0.255      0.383      0.399      0.448        16.05
  pick_ms                     0.049      0.049      0.052      0.055         3.09
  prefix_plan_ms              0.048      0.021      0.027      0.721         3.02
  decode_build_ms             0.094      0.096      0.103      0.111         5.95
  decode_plan_ms              0.013      0.010      0.011      0.012         0.85
prefill=  416.9ms  decode_total=  616.9ms  per_pt_token=  9.79ms  (  1.2s wall)

wrote 1 rows to benchmarks/bs_kernel/results/paper-exp/picker_demo/Llama-3.2-1B-FP8/A1_bs_kernel_2ldt.csv
[W522 22:21:52.299524407 AllocatorConfig.cpp:28] Warning: PYTORCH_CUDA_ALLOC_CONF is deprecated, use PYTORCH_ALLOC_CONF instead (function operator())
merged: A1_beam_search_K4_B1_Lp40000_mn64.csv ← 3 baselines + 3 bs_kernel rows

==========================================================
=== A2: multi_chain_reasoning  (K=4, B=1, mn=32, R=4)  decision=bsk_only bf16 ===
==========================================================
model: RedHatAI/Llama-3.2-1B-Instruct-FP8  (tp_size=1)
scenarios: ['multi_chain_reasoning']
methods:   ['bs_kernel', 'bsk_2l_1p', 'bsk_2l_dt']
max_new:   32, repeat: 3

Loading tokenizer + model...
Fetching 6 files:   0%|          | 0/6 [00:00<?, ?it/s]Fetching 6 files: 100%|██████████| 6/6 [00:00<00:00, 98304.00it/s]
Model loaded.

k_overrides: [4]
Building TreeSpecs (this tokenizes the inputs)...
  multi_chain_reasoning    [K=4     ] B=1   K=4   L_shared~2581  L_priv~23    n_leaves=4

--- multi_chain_reasoning [K=4] ---

[bs_kernel plan-trace] 31 steps (PER_BEAM: 0, DEC_TAIL: 0, SHARED: 31)

  -- SHARED path (31 steps) --
  strategy mix: {'SHARED_2L_1POOL': 31}
  level-0 pack cache hits: 30/31 (96.8%)   plan_info cache hits: 28/31 (90.3%)
  phase                        mean     median        p90        p99        total
  decomp_ms                   0.059      0.015      0.026      0.456         1.83
  pick_ms                     0.083      0.078      0.087      0.126         2.56
  shared_pack_ms              0.100      0.093      0.104      0.119         3.09
  shared_plan_ms              1.195      0.051      0.059      0.600        37.06
  shared_write_ms             0.042      0.040      0.043      0.045         1.31
  bs_kernel    warmup  wall=  1.5s  decode_total=  333.2ms

[bs_kernel plan-trace] 31 steps (PER_BEAM: 0, DEC_TAIL: 0, SHARED: 31)

  -- SHARED path (31 steps) --
  strategy mix: {'SHARED_2L_1POOL': 31}
  level-0 pack cache hits: 30/31 (96.8%)   plan_info cache hits: 28/31 (90.3%)
  phase                        mean     median        p90        p99        total
  decomp_ms                   0.054      0.015      0.017      0.405         1.67
  pick_ms                     0.078      0.077      0.082      0.083         2.42
  shared_pack_ms              0.097      0.093      0.096      0.118         3.01
  shared_plan_ms              0.106      0.051      0.059      0.584         3.28
  shared_write_ms             0.040      0.039      0.042      0.046         1.24
  bs_kernel    r=0  prefill=   25.7ms  decode=  265.0ms  plan/step= 0.46ms  fwd/step= 7.99ms  p50/step= 8.45ms  wall=  0.4s

[bs_kernel plan-trace] 31 steps (PER_BEAM: 0, DEC_TAIL: 0, SHARED: 31)

  -- SHARED path (31 steps) --
  strategy mix: {'SHARED_2L_1POOL': 31}
  level-0 pack cache hits: 30/31 (96.8%)   plan_info cache hits: 28/31 (90.3%)
  phase                        mean     median        p90        p99        total
  decomp_ms                   0.053      0.015      0.016      0.399         1.65
  pick_ms                     0.077      0.077      0.081      0.082         2.40
  shared_pack_ms              0.097      0.093      0.099      0.109         3.00
  shared_plan_ms              0.106      0.051      0.058      0.590         3.29
  shared_write_ms             0.040      0.039      0.042      0.043         1.23
  bs_kernel    r=1  prefill=   25.6ms  decode=  265.5ms  plan/step= 0.46ms  fwd/step= 8.00ms  p50/step= 8.46ms  wall=  0.4s

[bs_kernel plan-trace] 31 steps (PER_BEAM: 0, DEC_TAIL: 0, SHARED: 31)

  -- SHARED path (31 steps) --
  strategy mix: {'SHARED_2L_1POOL': 31}
  level-0 pack cache hits: 30/31 (96.8%)   plan_info cache hits: 28/31 (90.3%)
  phase                        mean     median        p90        p99        total
  decomp_ms                   0.053      0.014      0.015      0.405         1.64
  pick_ms                     0.077      0.077      0.082      0.082         2.40
  shared_pack_ms              0.097      0.092      0.100      0.113         3.00
  shared_plan_ms              0.106      0.051      0.059      0.587         3.28
  shared_write_ms             0.040      0.039      0.043      0.046         1.24
  bs_kernel    r=2  prefill=   25.8ms  decode=  264.9ms  plan/step= 0.46ms  fwd/step= 7.98ms  p50/step= 8.44ms  wall=  0.4s
  bsk_2l_1p    warmup  wall=  0.4s  decode_total=  263.0ms
  bsk_2l_1p    r=0  prefill=   25.6ms  decode=  263.5ms  plan/step= 0.44ms  fwd/step= 7.96ms  p50/step= 8.39ms  wall=  0.4s
  bsk_2l_1p    r=1  prefill=   25.6ms  decode=  263.3ms  plan/step= 0.43ms  fwd/step= 7.95ms  p50/step= 8.38ms  wall=  0.4s
  bsk_2l_1p    r=2  prefill=   25.7ms  decode=  264.6ms  plan/step= 0.44ms  fwd/step= 7.99ms  p50/step= 8.43ms  wall=  0.4s
  bsk_2l_dt    warmup  wall=  0.5s  decode_total=  353.1ms
  bsk_2l_dt    r=0  prefill=   25.7ms  decode=  278.3ms  plan/step= 0.33ms  fwd/step= 8.54ms  p50/step= 8.88ms  wall=  0.4s
  bsk_2l_dt    r=1  prefill=   25.7ms  decode=  277.9ms  plan/step= 0.34ms  fwd/step= 8.52ms  p50/step= 8.89ms  wall=  0.4s
  bsk_2l_dt    r=2  prefill=   25.6ms  decode=  277.8ms  plan/step= 0.33ms  fwd/step= 8.52ms  p50/step= 8.90ms  wall=  0.4s
  rank (decode_total): bsk_2l_1p=263.3, bs_kernel=264.9, bsk_2l_dt=277.8


wrote 9 rows to benchmarks/bs_kernel/results/paper-exp/picker_demo/Llama-3.2-1B-FP8/A2_multi_chain_reasoning_K4_B1_mn32.bsk.csv

=== summary (best decode_total per method, ms) ===
multi_chain_reasoning    [K=4     ]   rank (decode_total): bsk_2l_1p=263.3, bs_kernel=264.9, bsk_2l_dt=277.8
[W522 22:22:07.677189245 AllocatorConfig.cpp:28] Warning: PYTORCH_CUDA_ALLOC_CONF is deprecated, use PYTORCH_ALLOC_CONF instead (function operator())
[W522 22:22:08.190066744 AllocatorConfig.cpp:28] Warning: PYTORCH_CUDA_ALLOC_CONF is deprecated, use PYTORCH_ALLOC_CONF instead (function operator())
merged: A2_multi_chain_reasoning_K4_B1_mn32.csv ← 9 baselines + 9 bs_kernel rows

==========================================================
=== A3: multi_doc_qa  (K=32, B=1, mn=256, R=32)  decision=bsk_only bf16 ===
==========================================================
model: RedHatAI/Llama-3.2-1B-Instruct-FP8  (tp_size=1)
scenarios: ['multi_doc_qa']
methods:   ['bs_kernel', 'bsk_2l_1p', 'bsk_2l_dt']
max_new:   256, repeat: 3

Loading tokenizer + model...
Fetching 6 files:   0%|          | 0/6 [00:00<?, ?it/s]Fetching 6 files: 100%|██████████| 6/6 [00:00<00:00, 102717.65it/s]
Model loaded.

k_overrides: [32]
Building TreeSpecs (this tokenizes the inputs)...
  multi_doc_qa             [K=32    ] B=1   K=32  L_shared~86627 L_priv~39    n_leaves=32

--- multi_doc_qa [K=32] ---

[bs_kernel plan-trace] 255 steps (PER_BEAM: 0, DEC_TAIL: 255, SHARED: 0)

  -- DEC_TAIL path (255 steps) --
  prefix re-plans: 1/255 (0.4%)   decode full re-plans: 1/255 (0.4%)
  phase                        mean     median        p90        p99        total
  decomp_ms                   0.050      0.021      0.026      0.448        12.76
  pick_ms                     0.081      0.080      0.084      0.090        20.65
  prefix_plan_ms              0.158      0.016      0.018      0.024        40.20
  decode_build_ms             0.117      0.116      0.124      0.139        29.81
  decode_plan_ms              0.264      0.010      0.011      0.017        67.37
  bs_kernel    warmup  wall=  5.3s  decode_total= 2437.6ms

[bs_kernel plan-trace] 255 steps (PER_BEAM: 0, DEC_TAIL: 255, SHARED: 0)

  -- DEC_TAIL path (255 steps) --
  prefix re-plans: 1/255 (0.4%)   decode full re-plans: 1/255 (0.4%)
  phase                        mean     median        p90        p99        total
  decomp_ms                   0.050      0.020      0.022      0.502        12.76
  pick_ms                     0.080      0.080      0.082      0.088        20.51
  prefix_plan_ms              0.020      0.016      0.017      0.024         5.18
  decode_build_ms             0.117      0.117      0.124      0.131        29.81
  decode_plan_ms              0.012      0.010      0.011      0.019         2.94
  bs_kernel    r=0  prefill= 1639.7ms  decode= 2332.5ms  plan/step= 0.39ms  fwd/step= 8.65ms  p50/step= 9.10ms  wall=  4.2s

[bs_kernel plan-trace] 255 steps (PER_BEAM: 0, DEC_TAIL: 255, SHARED: 0)

  -- DEC_TAIL path (255 steps) --
  prefix re-plans: 1/255 (0.4%)   decode full re-plans: 1/255 (0.4%)
  phase                        mean     median        p90        p99        total
  decomp_ms                   0.049      0.020      0.022      0.448        12.47
  pick_ms                     0.080      0.080      0.083      0.089        20.52
  prefix_plan_ms              0.020      0.016      0.017      0.023         5.09
  decode_build_ms             0.117      0.116      0.124      0.132        29.76
  decode_plan_ms              0.011      0.010      0.011      0.012         2.90
  bs_kernel    r=1  prefill= 1639.5ms  decode= 2324.8ms  plan/step= 0.38ms  fwd/step= 8.63ms  p50/step= 9.07ms  wall=  4.2s

[bs_kernel plan-trace] 255 steps (PER_BEAM: 0, DEC_TAIL: 255, SHARED: 0)

  -- DEC_TAIL path (255 steps) --
  prefix re-plans: 1/255 (0.4%)   decode full re-plans: 1/255 (0.4%)
  phase                        mean     median        p90        p99        total
  decomp_ms                   0.049      0.021      0.022      0.457        12.49
  pick_ms                     0.080      0.080      0.082      0.088        20.50
  prefix_plan_ms              0.020      0.016      0.017      0.024         5.16
  decode_build_ms             0.116      0.116      0.123      0.130        29.60
  decode_plan_ms              0.011      0.010      0.011      0.018         2.91
  bs_kernel    r=2  prefill= 1642.9ms  decode= 2327.2ms  plan/step= 0.38ms  fwd/step= 8.64ms  p50/step= 9.08ms  wall=  4.2s
  bsk_2l_1p    warmup  wall=  4.0s  decode_total= 2173.2ms
  bsk_2l_1p    r=0  prefill= 1651.4ms  decode= 2167.3ms  plan/step= 0.47ms  fwd/step= 7.92ms  p50/step= 8.42ms  wall=  4.0s
  bsk_2l_1p    r=1  prefill= 1646.0ms  decode= 2163.2ms  plan/step= 0.46ms  fwd/step= 7.91ms  p50/step= 8.40ms  wall=  4.0s
  bsk_2l_1p    r=2  prefill= 1648.0ms  decode= 2167.2ms  plan/step= 0.46ms  fwd/step= 7.93ms  p50/step= 8.42ms  wall=  4.0s
  bsk_2l_dt    warmup  wall=  4.2s  decode_total= 2303.4ms
  bsk_2l_dt    r=0  prefill= 1644.6ms  decode= 2301.8ms  plan/step= 0.35ms  fwd/step= 8.57ms  p50/step= 8.98ms  wall=  4.2s
  bsk_2l_dt    r=1  prefill= 1647.8ms  decode= 2317.7ms  plan/step= 0.35ms  fwd/step= 8.63ms  p50/step= 9.04ms  wall=  4.2s
  bsk_2l_dt    r=2  prefill= 1649.1ms  decode= 2313.1ms  plan/step= 0.35ms  fwd/step= 8.61ms  p50/step= 9.02ms  wall=  4.2s
  rank (decode_total): bsk_2l_1p=2163.2, bsk_2l_dt=2301.8, bs_kernel=2324.8


wrote 9 rows to benchmarks/bs_kernel/results/paper-exp/picker_demo/Llama-3.2-1B-FP8/A3_multi_doc_qa_K32_B1_mn256.bsk.csv

=== summary (best decode_total per method, ms) ===
multi_doc_qa             [K=32    ]   rank (decode_total): bsk_2l_1p=2163.2, bsk_2l_dt=2301.8, bs_kernel=2324.8
[W522 22:23:09.951967604 AllocatorConfig.cpp:28] Warning: PYTORCH_CUDA_ALLOC_CONF is deprecated, use PYTORCH_ALLOC_CONF instead (function operator())
[W522 22:23:09.479102841 AllocatorConfig.cpp:28] Warning: PYTORCH_CUDA_ALLOC_CONF is deprecated, use PYTORCH_ALLOC_CONF instead (function operator())
merged: A3_multi_doc_qa_K32_B1_mn256.csv ← 9 baselines + 9 bs_kernel rows

==========================================================
=== A4: multi_few_shot  (K=16, B=8, mn=256, R=128)  decision=bsk_only bf16 ===
==========================================================
model: RedHatAI/Llama-3.2-1B-Instruct-FP8  (tp_size=1)
scenarios: ['multi_few_shot']
methods:   ['bs_kernel', 'bsk_2l_1p', 'bsk_2l_dt']
max_new:   256, repeat: 3

Loading tokenizer + model...
Fetching 6 files:   0%|          | 0/6 [00:00<?, ?it/s]Fetching 6 files: 100%|██████████| 6/6 [00:00<00:00, 99469.66it/s]
Model loaded.

k_overrides: [16]
Building TreeSpecs (this tokenizes the inputs)...
  multi_few_shot           [K=16    ] B=8   K=16  L_shared~5861  L_priv~95    n_leaves=128

--- multi_few_shot [K=16] ---

[bs_kernel plan-trace] 255 steps (PER_BEAM: 0, DEC_TAIL: 255, SHARED: 0)

  -- DEC_TAIL path (255 steps) --
  prefix re-plans: 1/255 (0.4%)   decode full re-plans: 1/255 (0.4%)
  phase                        mean     median        p90        p99        total
  decomp_ms                   0.277      0.071      0.480      0.892        70.69
  pick_ms                     0.176      0.174      0.182      0.186        44.76
  prefix_plan_ms              0.137      0.019      0.023      0.027        34.87
  decode_build_ms             0.217      0.217      0.235      0.250        55.40
  decode_plan_ms              0.232      0.011      0.012      0.016        59.19
  bs_kernel    warmup  wall=  4.1s  decode_total= 2481.2ms

[bs_kernel plan-trace] 255 steps (PER_BEAM: 0, DEC_TAIL: 255, SHARED: 0)

  -- DEC_TAIL path (255 steps) --
  prefix re-plans: 1/255 (0.4%)   decode full re-plans: 1/255 (0.4%)
  phase                        mean     median        p90        p99        total
  decomp_ms                   0.276      0.069      0.470      0.878        70.47
  pick_ms                     0.174      0.174      0.181      0.186        44.49
  prefix_plan_ms              0.023      0.019      0.023      0.027         5.98
  decode_build_ms             0.220      0.220      0.237      0.247        56.01
  decode_plan_ms              0.013      0.011      0.012      0.019         3.34
  bs_kernel    r=0  prefill=  377.0ms  decode= 2376.2ms  plan/step= 0.86ms  fwd/step= 8.33ms  p50/step= 9.12ms  wall=  2.9s

[bs_kernel plan-trace] 255 steps (PER_BEAM: 0, DEC_TAIL: 255, SHARED: 0)

  -- DEC_TAIL path (255 steps) --
  prefix re-plans: 1/255 (0.4%)   decode full re-plans: 1/255 (0.4%)
  phase                        mean     median        p90        p99        total
  decomp_ms                   0.277      0.072      0.471      0.875        70.75
  pick_ms                     0.175      0.174      0.181      0.185        44.55
  prefix_plan_ms              0.023      0.019      0.023      0.030         5.95
  decode_build_ms             0.220      0.220      0.238      0.251        56.11
  decode_plan_ms              0.013      0.011      0.012      0.013         3.26
  bs_kernel    r=1  prefill=  376.2ms  decode= 2372.6ms  plan/step= 0.86ms  fwd/step= 8.31ms  p50/step= 9.09ms  wall=  2.9s

[bs_kernel plan-trace] 255 steps (PER_BEAM: 0, DEC_TAIL: 255, SHARED: 0)

  -- DEC_TAIL path (255 steps) --
  prefix re-plans: 1/255 (0.4%)   decode full re-plans: 1/255 (0.4%)
  phase                        mean     median        p90        p99        total
  decomp_ms                   0.278      0.071      0.472      0.868        70.77
  pick_ms                     0.175      0.174      0.181      0.186        44.54
  prefix_plan_ms              0.023      0.019      0.023      0.026         5.96
  decode_build_ms             0.220      0.220      0.239      0.250        55.99
  decode_plan_ms              0.013      0.011      0.012      0.013         3.26
  bs_kernel    r=2  prefill=  376.1ms  decode= 2368.4ms  plan/step= 0.86ms  fwd/step= 8.30ms  p50/step= 9.07ms  wall=  2.9s
  bsk_2l_1p    warmup  wall=  2.9s  decode_total= 2319.8ms
  bsk_2l_1p    r=0  prefill=  376.2ms  decode= 2317.7ms  plan/step= 1.18ms  fwd/step= 7.78ms  p50/step= 8.64ms  wall=  2.9s
  bsk_2l_1p    r=1  prefill=  376.6ms  decode= 2315.5ms  plan/step= 1.17ms  fwd/step= 7.77ms  p50/step= 8.62ms  wall=  2.9s
  bsk_2l_1p    r=2  prefill=  376.2ms  decode= 2289.6ms  plan/step= 1.17ms  fwd/step= 7.68ms  p50/step= 8.54ms  wall=  2.8s
  bsk_2l_dt    warmup  wall=  2.9s  decode_total= 2341.3ms
  bsk_2l_dt    r=0  prefill=  376.1ms  decode= 2340.7ms  plan/step= 0.77ms  fwd/step= 8.28ms  p50/step= 8.96ms  wall=  2.9s
  bsk_2l_dt    r=1  prefill=  376.0ms  decode= 2343.2ms  plan/step= 0.77ms  fwd/step= 8.29ms  p50/step= 8.98ms  wall=  2.9s
  bsk_2l_dt    r=2  prefill=  376.1ms  decode= 2344.0ms  plan/step= 0.77ms  fwd/step= 8.29ms  p50/step= 8.97ms  wall=  2.9s
  rank (decode_total): bsk_2l_1p=2289.6, bsk_2l_dt=2340.7, bs_kernel=2368.4


wrote 9 rows to benchmarks/bs_kernel/results/paper-exp/picker_demo/Llama-3.2-1B-FP8/A4_multi_few_shot_K16_B8_mn256.bsk.csv

=== summary (best decode_total per method, ms) ===
multi_few_shot           [K=16    ]   rank (decode_total): bsk_2l_1p=2289.6, bsk_2l_dt=2340.7, bs_kernel=2368.4
[W522 22:23:55.277629853 AllocatorConfig.cpp:28] Warning: PYTORCH_CUDA_ALLOC_CONF is deprecated, use PYTORCH_ALLOC_CONF instead (function operator())
[W522 22:23:55.781148306 AllocatorConfig.cpp:28] Warning: PYTORCH_CUDA_ALLOC_CONF is deprecated, use PYTORCH_ALLOC_CONF instead (function operator())
merged: A4_multi_few_shot_K16_B8_mn256.csv ← 9 baselines + 9 bs_kernel rows

==========================================================
=== A5: multi_level_system  (K=32, B=4, mn=256, R=128)  decision=bsk_only bf16 ===
==========================================================
model: RedHatAI/Llama-3.2-1B-Instruct-FP8  (tp_size=1)
scenarios: ['multi_level_system']
methods:   ['bs_kernel', 'bsk_2l_1p', 'bsk_2l_dt']
max_new:   256, repeat: 3

Loading tokenizer + model...
Fetching 6 files:   0%|          | 0/6 [00:00<?, ?it/s]Fetching 6 files: 100%|██████████| 6/6 [00:00<00:00, 99864.38it/s]
Model loaded.

k_overrides: [32]
Building TreeSpecs (this tokenizes the inputs)...
  multi_level_system       [K=32    ] B=4   K=32  L_shared~2515  L_priv~80    n_leaves=128

--- multi_level_system [K=32] ---

[bs_kernel plan-trace] 255 steps (PER_BEAM: 0, DEC_TAIL: 193, SHARED: 62)

  -- DEC_TAIL path (193 steps) --
  prefix re-plans: 1/193 (0.5%)   decode full re-plans: 1/193 (0.5%)
  phase                        mean     median        p90        p99        total
  decomp_ms                   0.148      0.052      0.764      0.892        28.63
  pick_ms                     0.117      0.116      0.122      0.126        22.65
  prefix_plan_ms              0.023      0.018      0.024      0.027         4.38
  decode_build_ms             0.212      0.211      0.227      0.242        40.83
  decode_plan_ms              0.305      0.011      0.012      0.018        58.88

  -- SHARED path (62 steps) --
  strategy mix: {'SHARED_2L_1POOL': 62}
  level-0 pack cache hits: 61/62 (98.4%)   plan_info cache hits: 54/62 (87.1%)
  phase                        mean     median        p90        p99        total
  decomp_ms                   0.158      0.049      0.760      0.903         9.83
  pick_ms                     0.119      0.117      0.121      0.142         7.41
  shared_pack_ms              0.188      0.184      0.198      0.218        11.64
  shared_plan_ms              0.614      0.056      0.673      0.712        38.04
  shared_write_ms             0.065      0.063      0.068      0.073         4.06
  bs_kernel    warmup  wall=  3.7s  decode_total= 2430.8ms

[bs_kernel plan-trace] 255 steps (PER_BEAM: 0, DEC_TAIL: 193, SHARED: 62)

  -- DEC_TAIL path (193 steps) --
  prefix re-plans: 1/193 (0.5%)   decode full re-plans: 1/193 (0.5%)
  phase                        mean     median        p90        p99        total
  decomp_ms                   0.148      0.052      0.766      0.904        28.48
  pick_ms                     0.117      0.116      0.122      0.128        22.59
  prefix_plan_ms              0.023      0.018      0.023      0.027         4.43
  decode_build_ms             0.215      0.215      0.228      0.239        41.56
  decode_plan_ms              0.014      0.011      0.012      0.018         2.62

  -- SHARED path (62 steps) --
  strategy mix: {'SHARED_2L_1POOL': 62}
  level-0 pack cache hits: 61/62 (98.4%)   plan_info cache hits: 54/62 (87.1%)
  phase                        mean     median        p90        p99        total
  decomp_ms                   0.162      0.051      0.768      1.014        10.02
  pick_ms                     0.118      0.118      0.122      0.126         7.33
  shared_pack_ms              0.191      0.187      0.205      0.231        11.82
  shared_plan_ms              0.142      0.057      0.677      0.697         8.78
  shared_write_ms             0.064      0.062      0.069      0.075         3.95
  bs_kernel    r=0  prefill=  128.5ms  decode= 2331.5ms  plan/step= 0.70ms  fwd/step= 8.32ms  p50/step= 9.12ms  wall=  2.6s

[bs_kernel plan-trace] 255 steps (PER_BEAM: 0, DEC_TAIL: 193, SHARED: 62)

  -- DEC_TAIL path (193 steps) --
  prefix re-plans: 1/193 (0.5%)   decode full re-plans: 1/193 (0.5%)
  phase                        mean     median        p90        p99        total
  decomp_ms                   0.148      0.052      0.764      0.902        28.58
  pick_ms                     0.117      0.116      0.122      0.129        22.59
  prefix_plan_ms              0.023      0.018      0.023      0.026         4.46
  decode_build_ms             0.216      0.217      0.229      0.240        41.64
  decode_plan_ms              0.014      0.011      0.012      0.019         2.63

  -- SHARED path (62 steps) --
  strategy mix: {'SHARED_2L_1POOL': 62}
  level-0 pack cache hits: 61/62 (98.4%)   plan_info cache hits: 54/62 (87.1%)
  phase                        mean     median        p90        p99        total
  decomp_ms                   0.158      0.051      0.774      0.874         9.82
  pick_ms                     0.118      0.117      0.122      0.125         7.30
  shared_pack_ms              0.190      0.188      0.201      0.217        11.79
  shared_plan_ms              0.144      0.055      0.668      0.908         8.93
  shared_write_ms             0.063      0.062      0.067      0.073         3.92
  bs_kernel    r=1  prefill=  127.9ms  decode= 2321.9ms  plan/step= 0.70ms  fwd/step= 8.28ms  p50/step= 9.10ms  wall=  2.6s

[bs_kernel plan-trace] 255 steps (PER_BEAM: 0, DEC_TAIL: 193, SHARED: 62)

  -- DEC_TAIL path (193 steps) --
  prefix re-plans: 1/193 (0.5%)   decode full re-plans: 1/193 (0.5%)
  phase                        mean     median        p90        p99        total
  decomp_ms                   0.148      0.052      0.764      0.904        28.55
  pick_ms                     0.117      0.116      0.122      0.126        22.52
  prefix_plan_ms              0.023      0.018      0.023      0.027         4.45
  decode_build_ms             0.216      0.216      0.229      0.239        41.60
  decode_plan_ms              0.014      0.011      0.012      0.019         2.64

  -- SHARED path (62 steps) --
  strategy mix: {'SHARED_2L_1POOL': 62}
  level-0 pack cache hits: 61/62 (98.4%)   plan_info cache hits: 54/62 (87.1%)
  phase                        mean     median        p90        p99        total
  decomp_ms                   0.157      0.051      0.763      0.870         9.73
  pick_ms                     0.118      0.117      0.120      0.126         7.31
  shared_pack_ms              0.190      0.187      0.205      0.220        11.76
  shared_plan_ms              0.141      0.055      0.676      0.696         8.73
  shared_write_ms             0.063      0.062      0.068      0.070         3.92
  bs_kernel    r=2  prefill=  128.0ms  decode= 2321.8ms  plan/step= 0.70ms  fwd/step= 8.28ms  p50/step= 9.09ms  wall=  2.6s
  bsk_2l_1p    warmup  wall=  2.5s  decode_total= 2222.4ms
  bsk_2l_1p    r=0  prefill=  127.9ms  decode= 2219.2ms  plan/step= 0.79ms  fwd/step= 7.78ms  p50/step= 8.51ms  wall=  2.5s
  bsk_2l_1p    r=1  prefill=  128.0ms  decode= 2221.6ms  plan/step= 0.79ms  fwd/step= 7.79ms  p50/step= 8.51ms  wall=  2.5s
  bsk_2l_1p    r=2  prefill=  127.9ms  decode= 2221.6ms  plan/step= 0.79ms  fwd/step= 7.79ms  p50/step= 8.52ms  wall=  2.5s
  bsk_2l_dt    warmup  wall=  2.6s  decode_total= 2323.8ms
  bsk_2l_dt    r=0  prefill=  128.0ms  decode= 2322.9ms  plan/step= 0.61ms  fwd/step= 8.37ms  p50/step= 8.98ms  wall=  2.6s
  bsk_2l_dt    r=1  prefill=  128.4ms  decode= 2327.4ms  plan/step= 0.61ms  fwd/step= 8.39ms  p50/step= 9.00ms  wall=  2.6s
  bsk_2l_dt    r=2  prefill=  128.3ms  decode= 2323.7ms  plan/step= 0.61ms  fwd/step= 8.37ms  p50/step= 8.98ms  wall=  2.6s
  rank (decode_total): bsk_2l_1p=2219.2, bs_kernel=2321.8, bsk_2l_dt=2322.9


wrote 9 rows to benchmarks/bs_kernel/results/paper-exp/picker_demo/Llama-3.2-1B-FP8/A5_multi_level_system_K32_B4_mn256.bsk.csv

=== summary (best decode_total per method, ms) ===
multi_level_system       [K=32    ]   rank (decode_total): bsk_2l_1p=2219.2, bs_kernel=2321.8, bsk_2l_dt=2322.9
[W522 22:24:37.486803687 AllocatorConfig.cpp:28] Warning: PYTORCH_CUDA_ALLOC_CONF is deprecated, use PYTORCH_ALLOC_CONF instead (function operator())
[W522 22:24:38.011301325 AllocatorConfig.cpp:28] Warning: PYTORCH_CUDA_ALLOC_CONF is deprecated, use PYTORCH_ALLOC_CONF instead (function operator())
merged: A5_multi_level_system_K32_B4_mn256.csv ← 9 baselines + 9 bs_kernel rows

==========================================================
=== D1: multi_chain_reasoning  (K=32, B=32, mn=256, R=1024)  decision=bsk_only bf16 ===
==========================================================
model: RedHatAI/Llama-3.2-1B-Instruct-FP8  (tp_size=1)
scenarios: ['multi_chain_reasoning']
methods:   ['bs_kernel', 'bsk_2l_1p', 'bsk_2l_dt']
max_new:   256, repeat: 3

Loading tokenizer + model...
Fetching 6 files:   0%|          | 0/6 [00:00<?, ?it/s]Fetching 6 files: 100%|██████████| 6/6 [00:00<00:00, 99864.38it/s]
Model loaded.

k_overrides: [32]
Building TreeSpecs (this tokenizes the inputs)...
  multi_chain_reasoning    [K=32    ] B=32  K=32  L_shared~2574  L_priv~23    n_leaves=1024

--- multi_chain_reasoning [K=32] ---

[bs_kernel plan-trace] 255 steps (PER_BEAM: 0, DEC_TAIL: 255, SHARED: 0)

  -- DEC_TAIL path (255 steps) --
  prefix re-plans: 1/255 (0.4%)   decode full re-plans: 1/255 (0.4%)
  phase                        mean     median        p90        p99        total
  decomp_ms                   1.444      1.048      1.637      1.695       368.17
  pick_ms                     0.429      0.428      0.437      0.448       109.43
  prefix_plan_ms              0.175      0.032      0.036      0.042        44.62
  decode_build_ms             0.934      0.933      1.062      1.099       238.13
  decode_plan_ms              0.310      0.012      0.013      0.014        79.06
  bs_kernel    warmup  wall=  6.5s  decode_total= 4387.3ms

[bs_kernel plan-trace] 255 steps (PER_BEAM: 0, DEC_TAIL: 255, SHARED: 0)

  -- DEC_TAIL path (255 steps) --
  prefix re-plans: 1/255 (0.4%)   decode full re-plans: 1/255 (0.4%)
  phase                        mean     median        p90        p99        total
  decomp_ms                   1.442      1.047      1.629      1.794       367.66
  pick_ms                     0.429      0.428      0.438      0.449       109.32
  prefix_plan_ms              0.037      0.032      0.035      0.039         9.47
  decode_build_ms             0.964      0.965      1.105      1.153       245.71
  decode_plan_ms              0.023      0.012      0.013      0.014         5.93
  bs_kernel    r=0  prefill=  717.1ms  decode= 4288.6ms  plan/step= 3.51ms  fwd/step=12.97ms  p50/step=16.33ms  wall=  5.3s

[bs_kernel plan-trace] 255 steps (PER_BEAM: 0, DEC_TAIL: 255, SHARED: 0)

  -- DEC_TAIL path (255 steps) --
  prefix re-plans: 1/255 (0.4%)   decode full re-plans: 1/255 (0.4%)
  phase                        mean     median        p90        p99        total
  decomp_ms                   1.450      1.056      1.643      1.788       369.80
  pick_ms                     0.428      0.426      0.437      0.451       109.09
  prefix_plan_ms              0.037      0.032      0.035      0.042         9.48
  decode_build_ms             0.965      0.965      1.103      1.144       245.96
  decode_plan_ms              0.023      0.013      0.013      0.018         5.91
  bs_kernel    r=1  prefill=  718.6ms  decode= 4290.3ms  plan/step= 3.51ms  fwd/step=12.97ms  p50/step=16.36ms  wall=  5.3s

[bs_kernel plan-trace] 255 steps (PER_BEAM: 0, DEC_TAIL: 255, SHARED: 0)

  -- DEC_TAIL path (255 steps) --
  prefix re-plans: 1/255 (0.4%)   decode full re-plans: 1/255 (0.4%)
  phase                        mean     median        p90        p99        total
  decomp_ms                   1.461      1.053      1.643      1.795       372.68
  pick_ms                     0.428      0.427      0.439      0.449       109.19
  prefix_plan_ms              0.037      0.032      0.035      0.039         9.47
  decode_build_ms             0.963      0.962      1.099      1.136       245.65
  decode_plan_ms              0.023      0.013      0.013      0.014         5.87
  bs_kernel    r=2  prefill=  716.5ms  decode= 4292.9ms  plan/step= 3.52ms  fwd/step=12.97ms  p50/step=16.35ms  wall=  5.3s
  bsk_2l_1p    warmup  wall=  6.0s  decode_total= 4913.7ms
  bsk_2l_1p    r=0  prefill=  718.6ms  decode= 4914.3ms  plan/step= 5.03ms  fwd/step=13.90ms  p50/step=18.89ms  wall=  6.0s
  bsk_2l_1p    r=1  prefill=  719.5ms  decode= 4911.2ms  plan/step= 5.02ms  fwd/step=13.90ms  p50/step=18.88ms  wall=  6.0s
  bsk_2l_1p    r=2  prefill=  719.4ms  decode= 4912.6ms  plan/step= 5.03ms  fwd/step=13.90ms  p50/step=18.87ms  wall=  6.0s
  bsk_2l_dt    warmup  wall=  5.3s  decode_total= 4243.3ms
  bsk_2l_dt    r=0  prefill=  716.2ms  decode= 4244.3ms  plan/step= 3.32ms  fwd/step=12.98ms  p50/step=16.19ms  wall=  5.3s
  bsk_2l_dt    r=1  prefill=  718.4ms  decode= 4250.7ms  plan/step= 3.35ms  fwd/step=12.97ms  p50/step=16.21ms  wall=  5.3s
  bsk_2l_dt    r=2  prefill=  717.8ms  decode= 4240.6ms  plan/step= 3.32ms  fwd/step=12.97ms  p50/step=16.18ms  wall=  5.3s
  rank (decode_total): bsk_2l_dt=4240.6, bs_kernel=4288.6, bsk_2l_1p=4911.2


wrote 9 rows to benchmarks/bs_kernel/results/paper-exp/picker_demo/Llama-3.2-1B-FP8/D1_multi_chain_reasoning_K32_B32_mn256.bsk.csv

=== summary (best decode_total per method, ms) ===
multi_chain_reasoning    [K=32    ]   rank (decode_total): bsk_2l_dt=4240.6, bs_kernel=4288.6, bsk_2l_1p=4911.2
[W522 22:25:55.623781937 AllocatorConfig.cpp:28] Warning: PYTORCH_CUDA_ALLOC_CONF is deprecated, use PYTORCH_ALLOC_CONF instead (function operator())
[W522 22:25:56.126986896 AllocatorConfig.cpp:28] Warning: PYTORCH_CUDA_ALLOC_CONF is deprecated, use PYTORCH_ALLOC_CONF instead (function operator())
merged: D1_multi_chain_reasoning_K32_B32_mn256.csv ← 9 baselines + 9 bs_kernel rows

==========================================================
=== D2: multi_few_shot  (K=16, B=32, mn=256, R=512)  decision=bsk_only bf16 ===
==========================================================
model: RedHatAI/Llama-3.2-1B-Instruct-FP8  (tp_size=1)
scenarios: ['multi_few_shot']
methods:   ['bs_kernel', 'bsk_2l_1p', 'bsk_2l_dt']
max_new:   256, repeat: 3

Loading tokenizer + model...
Fetching 6 files:   0%|          | 0/6 [00:00<?, ?it/s]Fetching 6 files: 100%|██████████| 6/6 [00:00<00:00, 96420.78it/s]
Model loaded.

k_overrides: [16]
Building TreeSpecs (this tokenizes the inputs)...
  multi_few_shot           [K=16    ] B=32  K=16  L_shared~5840  L_priv~107   n_leaves=512

--- multi_few_shot [K=16] ---

[bs_kernel plan-trace] 255 steps (PER_BEAM: 0, DEC_TAIL: 255, SHARED: 0)

  -- DEC_TAIL path (255 steps) --
  prefix re-plans: 1/255 (0.4%)   decode full re-plans: 1/255 (0.4%)
  phase                        mean     median        p90        p99        total
  decomp_ms                   0.925      0.905      1.441      1.494       235.96
  pick_ms                     0.475      0.472      0.484      0.497       121.15
  prefix_plan_ms              0.181      0.029      0.032      0.035        46.26
  decode_build_ms             0.587      0.591      0.648      0.667       149.56
  decode_plan_ms              0.271      0.012      0.013      0.017        68.98
  bs_kernel    warmup  wall=  6.7s  decode_total= 3675.8ms

[bs_kernel plan-trace] 255 steps (PER_BEAM: 0, DEC_TAIL: 255, SHARED: 0)

  -- DEC_TAIL path (255 steps) --
  prefix re-plans: 1/255 (0.4%)   decode full re-plans: 1/255 (0.4%)
  phase                        mean     median        p90        p99        total
  decomp_ms                   0.932      0.912      1.451      1.483       237.67
  pick_ms                     0.473      0.472      0.483      0.486       120.64
  prefix_plan_ms              0.036      0.029      0.032      0.036         9.06
  decode_build_ms             0.606      0.605      0.670      0.709       154.41
  decode_plan_ms              0.019      0.012      0.013      0.014         4.83
  bs_kernel    r=0  prefill= 1529.6ms  decode= 3584.2ms  plan/step= 2.46ms  fwd/step=11.36ms  p50/step=14.01ms  wall=  5.5s

[bs_kernel plan-trace] 255 steps (PER_BEAM: 0, DEC_TAIL: 255, SHARED: 0)

  -- DEC_TAIL path (255 steps) --
  prefix re-plans: 1/255 (0.4%)   decode full re-plans: 1/255 (0.4%)
  phase                        mean     median        p90        p99        total
  decomp_ms                   0.931      0.910      1.442      1.492       237.37
  pick_ms                     0.473      0.471      0.482      0.491       120.52
  prefix_plan_ms              0.036      0.029      0.032      0.035         9.06
  decode_build_ms             0.605      0.604      0.669      0.698       154.31
  decode_plan_ms              0.020      0.012      0.013      0.017         5.06
  bs_kernel    r=1  prefill= 1532.0ms  decode= 3581.3ms  plan/step= 2.45ms  fwd/step=11.36ms  p50/step=13.99ms  wall=  5.5s

[bs_kernel plan-trace] 255 steps (PER_BEAM: 0, DEC_TAIL: 255, SHARED: 0)

  -- DEC_TAIL path (255 steps) --
  prefix re-plans: 1/255 (0.4%)   decode full re-plans: 1/255 (0.4%)
  phase                        mean     median        p90        p99        total
  decomp_ms                   0.922      0.907      1.441      1.467       235.12
  pick_ms                     0.472      0.470      0.482      0.491       120.25
  prefix_plan_ms              0.035      0.029      0.031      0.036         8.90
  decode_build_ms             0.603      0.602      0.670      0.690       153.69
  decode_plan_ms              0.019      0.012      0.013      0.017         4.75
  bs_kernel    r=2  prefill= 1533.2ms  decode= 3576.9ms  plan/step= 2.43ms  fwd/step=11.36ms  p50/step=13.98ms  wall=  5.5s
  bsk_2l_1p    warmup  wall=  6.1s  decode_total= 4108.0ms
  bsk_2l_1p    r=0  prefill= 1533.2ms  decode= 4106.6ms  plan/step= 3.38ms  fwd/step=12.49ms  p50/step=16.11ms  wall=  6.1s
  bsk_2l_1p    r=1  prefill= 1533.2ms  decode= 4104.0ms  plan/step= 3.37ms  fwd/step=12.49ms  p50/step=16.08ms  wall=  6.1s
  bsk_2l_1p    r=2  prefill= 1532.5ms  decode= 4103.9ms  plan/step= 3.38ms  fwd/step=12.49ms  p50/step=16.11ms  wall=  6.1s
  bsk_2l_dt    warmup  wall=  5.5s  decode_total= 3514.1ms
  bsk_2l_dt    r=0  prefill= 1536.9ms  decode= 3511.2ms  plan/step= 2.17ms  fwd/step=11.37ms  p50/step=13.70ms  wall=  5.5s
  bsk_2l_dt    r=1  prefill= 1534.6ms  decode= 3514.9ms  plan/step= 2.17ms  fwd/step=11.38ms  p50/step=13.73ms  wall=  5.5s
  bsk_2l_dt    r=2  prefill= 1535.0ms  decode= 3515.7ms  plan/step= 2.17ms  fwd/step=11.39ms  p50/step=13.74ms  wall=  5.5s
  rank (decode_total): bsk_2l_dt=3511.2, bs_kernel=3576.9, bsk_2l_1p=4103.9


wrote 9 rows to benchmarks/bs_kernel/results/paper-exp/picker_demo/Llama-3.2-1B-FP8/D2_multi_few_shot_K16_B32_mn256.bsk.csv

=== summary (best decode_total per method, ms) ===
multi_few_shot           [K=16    ]   rank (decode_total): bsk_2l_dt=3511.2, bs_kernel=3576.9, bsk_2l_1p=4103.9
[W522 22:27:16.974754605 AllocatorConfig.cpp:28] Warning: PYTORCH_CUDA_ALLOC_CONF is deprecated, use PYTORCH_ALLOC_CONF instead (function operator())
[W522 22:27:16.453126655 AllocatorConfig.cpp:28] Warning: PYTORCH_CUDA_ALLOC_CONF is deprecated, use PYTORCH_ALLOC_CONF instead (function operator())
merged: D2_multi_few_shot_K16_B32_mn256.csv ← 9 baselines + 9 bs_kernel rows

==========================================================
=== D3: multi_level_system  (K=32, B=16, mn=256, R=512)  decision=bsk_only bf16 ===
==========================================================
model: RedHatAI/Llama-3.2-1B-Instruct-FP8  (tp_size=1)
scenarios: ['multi_level_system']
methods:   ['bs_kernel', 'bsk_2l_1p', 'bsk_2l_dt']
max_new:   256, repeat: 3

Loading tokenizer + model...
Fetching 6 files:   0%|          | 0/6 [00:00<?, ?it/s]Fetching 6 files: 100%|██████████| 6/6 [00:00<00:00, 95325.09it/s]
Model loaded.

k_overrides: [32]
Building TreeSpecs (this tokenizes the inputs)...
  multi_level_system       [K=32    ] B=16  K=32  L_shared~2515  L_priv~80    n_leaves=512

--- multi_level_system [K=32] ---

[bs_kernel plan-trace] 255 steps (PER_BEAM: 0, DEC_TAIL: 255, SHARED: 0)

  -- DEC_TAIL path (255 steps) --
  prefix re-plans: 1/255 (0.4%)   decode full re-plans: 1/255 (0.4%)
  phase                        mean     median        p90        p99        total
  decomp_ms                   0.473      0.150      2.542      2.598       120.74
  pick_ms                     0.238      0.237      0.244      0.250        60.71
  prefix_plan_ms              0.151      0.020      0.033      0.035        38.49
  decode_build_ms             0.532      0.535      0.592      0.622       135.77
  decode_plan_ms              0.242      0.012      0.013      0.017        61.62
  bs_kernel    warmup  wall=  4.5s  decode_total= 2790.8ms

[bs_kernel plan-trace] 255 steps (PER_BEAM: 0, DEC_TAIL: 255, SHARED: 0)

  -- DEC_TAIL path (255 steps) --
  prefix re-plans: 1/255 (0.4%)   decode full re-plans: 1/255 (0.4%)
  phase                        mean     median        p90        p99        total
  decomp_ms                   0.475      0.152      2.548      2.613       121.08
  pick_ms                     0.237      0.236      0.242      0.246        60.38
  prefix_plan_ms              0.026      0.020      0.032      0.034         6.57
  decode_build_ms             0.538      0.540      0.599      0.638       137.12
  decode_plan_ms              0.018      0.012      0.013      0.017         4.55
  bs_kernel    r=0  prefill=  490.7ms  decode= 2692.5ms  plan/step= 1.62ms  fwd/step= 8.72ms  p50/step=10.13ms  wall=  3.4s

[bs_kernel plan-trace] 255 steps (PER_BEAM: 0, DEC_TAIL: 255, SHARED: 0)

  -- DEC_TAIL path (255 steps) --
  prefix re-plans: 1/255 (0.4%)   decode full re-plans: 1/255 (0.4%)
  phase                        mean     median        p90        p99        total
  decomp_ms                   0.471      0.152      2.523      2.571       120.11
  pick_ms                     0.237      0.237      0.243      0.249        60.53
  prefix_plan_ms              0.026      0.020      0.033      0.035         6.52
  decode_build_ms             0.540      0.542      0.599      0.638       137.63
  decode_plan_ms              0.018      0.012      0.013      0.014         4.50
  bs_kernel    r=1  prefill=  491.3ms  decode= 2682.5ms  plan/step= 1.62ms  fwd/step= 8.69ms  p50/step=10.08ms  wall=  3.4s

[bs_kernel plan-trace] 255 steps (PER_BEAM: 0, DEC_TAIL: 255, SHARED: 0)

  -- DEC_TAIL path (255 steps) --
  prefix re-plans: 1/255 (0.4%)   decode full re-plans: 1/255 (0.4%)
  phase                        mean     median        p90        p99        total
  decomp_ms                   0.471      0.151      2.517      2.591       120.23
  pick_ms                     0.238      0.238      0.244      0.249        60.82
  prefix_plan_ms              0.026      0.020      0.032      0.034         6.52
  decode_build_ms             0.539      0.541      0.602      0.634       137.54
  decode_plan_ms              0.018      0.012      0.013      0.014         4.48
  bs_kernel    r=2  prefill=  490.9ms  decode= 2686.2ms  plan/step= 1.62ms  fwd/step= 8.70ms  p50/step=10.11ms  wall=  3.4s
  bsk_2l_1p    warmup  wall=  3.5s  decode_total= 2799.1ms
  bsk_2l_1p    r=0  prefill=  491.0ms  decode= 2795.5ms  plan/step= 1.82ms  fwd/step= 8.93ms  p50/step=10.64ms  wall=  3.5s
  bsk_2l_1p    r=1  prefill=  490.6ms  decode= 2794.3ms  plan/step= 1.82ms  fwd/step= 8.92ms  p50/step=10.63ms  wall=  3.5s
  bsk_2l_1p    r=2  prefill=  491.1ms  decode= 2794.8ms  plan/step= 1.82ms  fwd/step= 8.93ms  p50/step=10.64ms  wall=  3.5s
  bsk_2l_dt    warmup  wall=  3.4s  decode_total= 2651.7ms
  bsk_2l_dt    r=0  prefill=  491.6ms  decode= 2652.8ms  plan/step= 1.52ms  fwd/step= 8.67ms  p50/step= 9.97ms  wall=  3.4s
  bsk_2l_dt    r=1  prefill=  491.3ms  decode= 2671.2ms  plan/step= 1.52ms  fwd/step= 8.74ms  p50/step=10.07ms  wall=  3.4s
  bsk_2l_dt    r=2  prefill=  491.7ms  decode= 2675.0ms  plan/step= 1.53ms  fwd/step= 8.75ms  p50/step=10.08ms  wall=  3.4s
  rank (decode_total): bsk_2l_dt=2652.8, bs_kernel=2682.5, bsk_2l_1p=2794.3


wrote 9 rows to benchmarks/bs_kernel/results/paper-exp/picker_demo/Llama-3.2-1B-FP8/D3_multi_level_system_K32_B16_mn256.bsk.csv

=== summary (best decode_total per method, ms) ===
multi_level_system       [K=32    ]   rank (decode_total): bsk_2l_dt=2652.8, bs_kernel=2682.5, bsk_2l_1p=2794.3
[W522 22:28:08.751060272 AllocatorConfig.cpp:28] Warning: PYTORCH_CUDA_ALLOC_CONF is deprecated, use PYTORCH_ALLOC_CONF instead (function operator())
[W522 22:28:09.209063425 AllocatorConfig.cpp:28] Warning: PYTORCH_CUDA_ALLOC_CONF is deprecated, use PYTORCH_ALLOC_CONF instead (function operator())
merged: D3_multi_level_system_K32_B16_mn256.csv ← 9 baselines + 9 bs_kernel rows

==========================================================
=== D4: multi_doc_qa  (K=16, B=4, mn=256, R=64)  decision=bsk_only bf16 ===
==========================================================
model: RedHatAI/Llama-3.2-1B-Instruct-FP8  (tp_size=1)
scenarios: ['multi_doc_qa']
methods:   ['bs_kernel', 'bsk_2l_1p', 'bsk_2l_dt']
max_new:   256, repeat: 3

Loading tokenizer + model...
Fetching 6 files:   0%|          | 0/6 [00:00<?, ?it/s]Fetching 6 files: 100%|██████████| 6/6 [00:00<00:00, 106184.91it/s]
Model loaded.

k_overrides: [16]
Building TreeSpecs (this tokenizes the inputs)...
  multi_doc_qa             [K=16    ] B=4   K=16  L_shared~88441 L_priv~36    n_leaves=64

--- multi_doc_qa [K=16] ---

[bs_kernel plan-trace] 255 steps (PER_BEAM: 0, DEC_TAIL: 255, SHARED: 0)

  -- DEC_TAIL path (255 steps) --
  prefix re-plans: 1/255 (0.4%)   decode full re-plans: 1/255 (0.4%)
  phase                        mean     median        p90        p99        total
  decomp_ms                   0.148      0.041      0.442      0.767        37.76
  pick_ms                     0.126      0.125      0.129      0.133        32.09
  prefix_plan_ms              0.179      0.017      0.022      0.025        45.55
  decode_build_ms             0.148      0.147      0.159      0.169        37.68
  decode_plan_ms              0.231      0.011      0.011      0.014        59.03
  bs_kernel    warmup  wall= 12.2s  decode_total= 4135.3ms

[bs_kernel plan-trace] 255 steps (PER_BEAM: 0, DEC_TAIL: 255, SHARED: 0)

  -- DEC_TAIL path (255 steps) --
  prefix re-plans: 1/255 (0.4%)   decode full re-plans: 1/255 (0.4%)
  phase                        mean     median        p90        p99        total
  decomp_ms                   0.177      0.042      0.443      0.743        45.04
  pick_ms                     0.126      0.125      0.130      0.134        32.07
  prefix_plan_ms              0.025      0.018      0.022      0.025         6.39
  decode_build_ms             0.150      0.150      0.162      0.170        38.20
  decode_plan_ms              0.012      0.011      0.012      0.015         3.18
  bs_kernel    r=0  prefill= 6573.0ms  decode= 4050.9ms  plan/step= 0.61ms  fwd/step=15.16ms  p50/step=15.73ms  wall= 11.2s

[bs_kernel plan-trace] 255 steps (PER_BEAM: 0, DEC_TAIL: 255, SHARED: 0)

  -- DEC_TAIL path (255 steps) --
  prefix re-plans: 1/255 (0.4%)   decode full re-plans: 1/255 (0.4%)
  phase                        mean     median        p90        p99        total
  decomp_ms                   0.176      0.041      0.445      0.742        44.90
  pick_ms                     0.125      0.125      0.129      0.132        31.99
  prefix_plan_ms              0.025      0.017      0.022      0.025         6.39
  decode_build_ms             0.150      0.150      0.162      0.172        38.25
  decode_plan_ms              0.012      0.011      0.012      0.014         3.16
  bs_kernel    r=1  prefill= 6579.8ms  decode= 4050.6ms  plan/step= 0.61ms  fwd/step=15.16ms  p50/step=15.73ms  wall= 11.2s

[bs_kernel plan-trace] 255 steps (PER_BEAM: 0, DEC_TAIL: 255, SHARED: 0)

  -- DEC_TAIL path (255 steps) --
  prefix re-plans: 1/255 (0.4%)   decode full re-plans: 1/255 (0.4%)
  phase                        mean     median        p90        p99        total
  decomp_ms                   0.177      0.041      0.448      0.743        45.02
  pick_ms                     0.126      0.125      0.130      0.135        32.00
  prefix_plan_ms              0.025      0.017      0.022      0.025         6.40
  decode_build_ms             0.150      0.150      0.161      0.172        38.20
  decode_plan_ms              0.012      0.011      0.012      0.015         3.18
  bs_kernel    r=2  prefill= 6577.2ms  decode= 4051.7ms  plan/step= 0.61ms  fwd/step=15.17ms  p50/step=15.73ms  wall= 11.2s
  bsk_2l_1p    warmup  wall= 18.7s  decode_total=11572.0ms
  bsk_2l_1p    r=0  prefill= 6572.7ms  decode=11542.7ms  plan/step= 0.76ms  fwd/step=44.39ms  p50/step=45.40ms  wall= 18.7s
  bsk_2l_1p    r=1  prefill= 6570.4ms  decode=11544.3ms  plan/step= 0.76ms  fwd/step=44.41ms  p50/step=45.18ms  wall= 18.7s
  bsk_2l_1p    r=2  prefill= 6570.0ms  decode=11551.7ms  plan/step= 0.76ms  fwd/step=44.43ms  p50/step=45.38ms  wall= 18.7s
  bsk_2l_dt    warmup  wall= 11.2s  decode_total= 4033.6ms
  bsk_2l_dt    r=0  prefill= 6580.3ms  decode= 4033.8ms  plan/step= 0.55ms  fwd/step=15.16ms  p50/step=15.66ms  wall= 11.2s
  bsk_2l_dt    r=1  prefill= 6591.7ms  decode= 4036.7ms  plan/step= 0.55ms  fwd/step=15.17ms  p50/step=15.67ms  wall= 11.2s
  bsk_2l_dt    r=2  prefill= 6565.1ms  decode= 4035.8ms  plan/step= 0.55ms  fwd/step=15.17ms  p50/step=15.67ms  wall= 11.2s
  rank (decode_total): bsk_2l_dt=4033.8, bs_kernel=4050.6, bsk_2l_1p=11542.7


wrote 9 rows to benchmarks/bs_kernel/results/paper-exp/picker_demo/Llama-3.2-1B-FP8/D4_multi_doc_qa_K16_B4_mn256.bsk.csv

=== summary (best decode_total per method, ms) ===
multi_doc_qa             [K=16    ]   rank (decode_total): bsk_2l_dt=4033.8, bs_kernel=4050.6, bsk_2l_1p=11542.7
[W522 22:31:05.327342212 AllocatorConfig.cpp:28] Warning: PYTORCH_CUDA_ALLOC_CONF is deprecated, use PYTORCH_ALLOC_CONF instead (function operator())
[W522 22:31:06.840480107 AllocatorConfig.cpp:28] Warning: PYTORCH_CUDA_ALLOC_CONF is deprecated, use PYTORCH_ALLOC_CONF instead (function operator())
merged: D4_multi_doc_qa_K16_B4_mn256.csv ← 9 baselines + 9 bs_kernel rows

=== done 2026-05-22T22:31:06+08:00 ===
Results: benchmarks/bs_kernel/results/paper-exp/picker_demo/Llama-3.2-1B-FP8
