step,decode_step_ms,plan_ms,forward_ms,strategy
0,6.101889070123434,1.7458600923418999,4.227455938234925,shared_2l_1pool
1,4.478007089346647,0.3904739860445261,3.973565995693207,shared_2l_1pool
2,4.352373071014881,0.36715902388095856,3.8774858694523573,shared_2l_1pool
3,4.333009943366051,0.3546548541635275,3.870953107252717,shared_2l_1pool
4,4.2305029928684235,0.3435739781707525,3.7805449683219194,shared_2l_1pool
5,6.995012983679771,2.819780958816409,4.0473060216754675,shared_2l_1pool
6,4.34712995775044,0.34958100877702236,3.8901190273463726,shared_2l_1pool
7,4.3286781292408705,0.34598796628415585,3.875895868986845,shared_2l_1pool
8,4.347632871940732,0.33925101161003113,3.9003659039735794,shared_2l_1pool
9,4.22894605435431,0.3357159439474344,3.786482149735093,shared_2l_1pool
10,4.3020849116146564,0.3416410181671381,3.857396077364683,shared_2l_1pool
11,4.284684080630541,0.33572292886674404,3.8443640805780888,shared_2l_1pool
12,4.344010027125478,0.3331408370286226,3.905263962224126,shared_2l_1pool
13,4.230190068483353,0.34396001137793064,3.7826888728886843,shared_2l_1pool
14,4.302063025534153,0.3369878977537155,3.8607369642704725,shared_2l_1pool
15,4.189679864794016,0.32830797135829926,3.7549249827861786,shared_2l_1pool
16,4.2265900410711765,0.3303010016679764,3.7893238477408886,shared_2l_1pool
17,4.2018520180135965,0.3423390444368124,3.7568658590316772,shared_2l_1pool
18,4.217627923935652,0.3334830980747938,3.779773833230138,shared_2l_1pool
19,4.237756133079529,0.3295878414064646,3.801619168370962,shared_2l_1pool
20,4.297447856515646,0.3353250212967396,3.8540170062333345,shared_2l_1pool
21,5.6157829239964485,1.5263110399246216,3.9628969971090555,shared_2l_1pool
22,4.276838852092624,0.35874685272574425,3.8108699955046177,shared_2l_1pool
23,4.281850997358561,0.35155098885297775,3.822897095233202,shared_2l_1pool
24,4.296381026506424,0.3469830844551325,3.840409917756915,shared_2l_1pool
25,4.322630120441318,0.3415641840547323,3.876244882121682,shared_2l_1pool
26,4.302287939935923,0.34026592038571835,3.858051961287856,shared_2l_1pool
27,4.252880811691284,0.3394039813429117,3.8037351332604885,shared_2l_1pool
28,4.338986938819289,0.3335499204695225,3.898441093042493,shared_2l_1pool
29,4.221525974571705,0.336396973580122,3.7818390410393476,shared_2l_1pool
30,4.361346829682589,0.34202891401946545,3.9084390737116337,shared_2l_1pool
31,4.283590009436011,0.3363140858709812,3.8407710380852222,shared_2l_1pool
32,4.330391995608807,0.33371197059750557,3.8917239289730787,shared_2l_1pool
33,4.235677188262343,0.3390840720385313,3.792094998061657,shared_2l_1pool
34,4.233265994116664,0.34113298170268536,3.7883289624005556,shared_2l_1pool
35,4.188972990959883,0.3383951261639595,3.7471039686352015,shared_2l_1pool
36,4.301582928746939,0.33412897028028965,3.861078992486,shared_2l_1pool
37,5.649829050526023,1.4870679005980492,4.035243997350335,shared_2l_1pool
38,4.349767928943038,0.3545640502125025,3.886805847287178,shared_2l_1pool
39,4.351006122305989,0.3475169651210308,3.8876610342413187,shared_2l_1pool
40,4.219023976475,0.3401611465960741,3.773536067456007,shared_2l_1pool
41,4.293342120945454,0.33705588430166245,3.852111054584384,shared_2l_1pool
42,4.303543129935861,0.34087710082530975,3.8580659311264753,shared_2l_1pool
43,4.364546155557036,0.344832893460989,3.913222113624215,shared_2l_1pool
44,4.330706782639027,0.3356600645929575,3.889497835189104,shared_2l_1pool
45,4.338680999353528,0.3336260560899973,3.9007149171084166,shared_2l_1pool
46,4.238435998558998,0.34465896897017956,3.7892870604991913,shared_2l_1pool
47,4.217875190079212,0.3330081235617399,3.780130995437503,shared_2l_1pool
48,4.266073927283287,0.335007905960083,3.8271720986813307,shared_2l_1pool
49,4.320111125707626,0.3370449412614107,3.877015085890889,shared_2l_1pool
50,4.177823895588517,0.344244996085763,3.7300828844308853,shared_2l_1pool
51,4.319949075579643,0.33237901516258717,3.8798439782112837,shared_2l_1pool
52,4.306580871343613,0.33547100611031055,3.8647002074867487,shared_2l_1pool
53,5.68102509714663,1.5023378655314445,4.052381031215191,shared_2l_1pool
54,4.314957885071635,0.3584600053727627,3.849491011351347,shared_2l_1pool
55,4.29817009717226,0.346166780218482,3.848868189379573,shared_2l_1pool
56,4.277024883776903,0.3429572097957134,3.828940913081169,shared_2l_1pool
57,4.2431161273270845,0.33995392732322216,3.798600984737277,shared_2l_1pool
58,4.229693906381726,0.33498601987957954,3.787353867664933,shared_2l_1pool
59,4.284512950107455,0.34957611933350563,3.828922985121608,shared_2l_1pool
60,4.2903858702629805,0.3457979764789343,3.837964963167906,shared_2l_1pool
61,4.310359014198184,0.35352003760635853,3.850508015602827,shared_2l_1pool
62,4.329713061451912,0.342492014169693,3.8804488722234964,shared_2l_1pool
63,4.301700042560697,0.3385748714208603,3.8548780139535666,shared_2l_1pool
64,4.273508908227086,0.3381019923835993,3.8288510404527187,shared_2l_1pool
65,4.201655043289065,0.3429930657148361,3.7548940163105726,shared_2l_1pool
66,4.3034120462834835,0.33942097797989845,3.8614191580563784,shared_2l_1pool
67,4.232059931382537,0.33620186150074005,3.7928211968392134,shared_2l_1pool
68,4.2070988565683365,0.33565703779459,3.7673129700124264,shared_2l_1pool
69,5.623660050332546,1.5148441307246685,3.986185882240534,shared_2l_1pool
70,4.2927449103444815,0.35058800131082535,3.835557959973812,shared_2l_1pool
71,4.27750195376575,0.34515815787017345,3.8257038686424494,shared_2l_1pool
72,4.26291604526341,0.3515179269015789,3.805553074926138,shared_2l_1pool
73,4.2305567767471075,0.33665006048977375,3.7894039414823055,shared_2l_1pool
74,4.232544917613268,0.33894600346684456,3.7898689042776823,shared_2l_1pool
75,4.19951300136745,0.33495109528303146,3.7542409263551235,shared_2l_1pool
76,4.277935950085521,0.3449409268796444,3.8235229440033436,shared_2l_1pool
77,4.269771045073867,0.34770695492625237,3.8182861171662807,shared_2l_1pool
78,4.280485212802887,0.3424168098717928,3.8322131149470806,shared_2l_1pool
79,4.253312945365906,0.34386804327368736,3.804729785770178,shared_2l_1pool
80,4.289078991860151,0.3420261200517416,3.8418530020862818,shared_2l_1pool
81,4.222770920023322,0.33504096791148186,3.7828159984201193,shared_2l_1pool
82,4.217892186716199,0.3347489982843399,3.779919119551778,shared_2l_1pool
83,4.216297063976526,0.33728103153407574,3.775133052840829,shared_2l_1pool
84,4.216647008433938,0.3400880377739668,3.774417797103524,shared_2l_1pool
85,5.580828059464693,1.461924985051155,3.995154984295368,shared_2l_1pool
86,4.341606982052326,0.36389101296663284,3.8739300798624754,shared_2l_1pool
87,4.267347045242786,0.3417201805859804,3.820420941337943,shared_2l_1pool
88,4.218467976897955,0.33776694908738136,3.7778739351779222,shared_2l_1pool
89,4.285612143576145,0.33601815812289715,3.8451889995485544,shared_2l_1pool
90,4.217674024403095,0.3457560669630766,3.7604940589517355,shared_2l_1pool
91,4.206402925774455,0.3418570850044489,3.756901016458869,shared_2l_1pool
92,4.206873942166567,0.3350239712744951,3.7656109780073166,shared_2l_1pool
93,4.209270933642983,0.33316202461719513,3.7742878776043653,shared_2l_1pool
94,4.252522950991988,0.33845403231680393,3.809940069913864,shared_2l_1pool
95,4.29211906157434,0.3389569465070963,3.845861880108714,shared_2l_1pool
96,4.248293116688728,0.3346919547766447,3.8091118913143873,shared_2l_1pool
97,4.2162740137428045,0.3369350451976061,3.7750808987766504,shared_2l_1pool
98,4.206773824989796,0.3386191092431545,3.7643969990313053,shared_2l_1pool
99,4.275753861293197,0.3417748957872391,3.828877117484808,shared_2l_1pool
100,4.204374039545655,0.34117791801691055,3.7594521418213844,shared_2l_1pool
101,5.579156102612615,1.4780198689550161,3.976759035140276,shared_2l_1pool
102,4.308827919885516,0.35474798642098904,3.8477028720080853,shared_2l_1pool
103,4.261810099706054,0.3493840340524912,3.8048429414629936,shared_2l_1pool
104,4.278884967789054,0.3432959783822298,3.831245005130768,shared_2l_1pool
105,4.232477163895965,0.3476690035313368,3.780321916565299,shared_2l_1pool
106,4.1825738735497,0.3351059276610613,3.744530025869608,shared_2l_1pool
107,4.272015066817403,0.3353510983288288,3.8292580284178257,shared_2l_1pool
108,4.311744822189212,0.344845000654459,3.8591590709984303,shared_2l_1pool
109,4.226696910336614,0.3449530340731144,3.7767640314996243,shared_2l_1pool
110,4.241956863552332,0.33915904350578785,3.797665936872363,shared_2l_1pool
111,4.249637946486473,0.33764797262847424,3.8095240015536547,shared_2l_1pool
112,4.301717039197683,0.3444310277700424,3.850772976875305,shared_2l_1pool
113,4.270643927156925,0.33801794052124023,3.8253881502896547,shared_2l_1pool
114,4.303380846977234,0.33644819632172585,3.8622659631073475,shared_2l_1pool
115,4.199970979243517,0.3363818395882845,3.7592530716210604,shared_2l_1pool
116,4.194146022200584,0.3395399544388056,3.751924028620124,shared_2l_1pool
117,5.614605965092778,1.4755800366401672,4.003508016467094,shared_2l_1pool
118,4.302130080759525,0.35361689515411854,3.842354053631425,shared_2l_1pool
119,4.326596157625318,0.3539319150149822,3.865753998979926,shared_2l_1pool
120,4.2529480997473,0.3464410547167063,3.8013579323887825,shared_2l_1pool
121,4.282979993149638,0.3378877881914377,3.8399051409214735,shared_2l_1pool
122,4.303565947338939,0.34640892408788204,3.850754117593169,shared_2l_1pool
123,4.232686012983322,0.34178304485976696,3.788426984101534,shared_2l_1pool
124,4.264357034116983,0.33633504062891006,3.824374172836542,shared_2l_1pool
125,4.3010280933231115,0.33470382913947105,3.860875964164734,shared_2l_1pool
126,4.260321147739887,0.34370808862149715,3.812741953879595,shared_2l_1pool
127,4.251440055668354,0.3403848968446255,3.8000510539859533,shared_2l_1pool
128,4.226584918797016,0.33520511351525784,3.784339874982834,shared_2l_1pool
129,4.205228993669152,0.34138793125748634,3.7609299179166555,shared_2l_1pool
130,4.213491920381784,0.3444310277700424,3.7659029476344585,shared_2l_1pool
131,4.302840912714601,0.33721490763127804,3.859946969896555,shared_2l_1pool
132,4.29829116910696,0.3403378650546074,3.8506670389324427,shared_2l_1pool
133,5.7330450508743525,1.6031370032578707,3.999224165454507,shared_2l_1pool
134,4.3213809840381145,0.3599761985242367,3.857624949887395,shared_2l_1pool
135,4.332071170210838,0.3556611482053995,3.871791996061802,shared_2l_1pool
136,4.339865874499083,0.34726387821137905,3.886372083798051,shared_2l_1pool
137,4.316383041441441,0.34453789703547955,3.8659011479467154,shared_2l_1pool
138,4.3551509734243155,0.3513710107654333,3.8957849610596895,shared_2l_1pool
139,4.320975160226226,0.3420109860599041,3.875571070238948,shared_2l_1pool
140,4.231234081089497,0.3418861888349056,3.7859329022467136,shared_2l_1pool
141,4.305209964513779,0.34657702781260014,3.850276116281748,shared_2l_1pool
142,4.294741898775101,0.3403129521757364,3.8486910052597523,shared_2l_1pool
143,4.326902097091079,0.34579006023705006,3.8743310142308474,shared_2l_1pool
144,4.271265119314194,0.35129510797560215,3.8125431165099144,shared_2l_1pool
145,4.260371904820204,0.3460310399532318,3.807985922321677,shared_2l_1pool
146,4.281722940504551,0.3443569876253605,3.832430113106966,shared_2l_1pool
147,4.246127093210816,0.34331995993852615,3.7884111516177654,shared_2l_1pool
148,4.2867769952863455,0.3531789407134056,3.826641943305731,shared_2l_1pool
149,5.6544579565525055,1.496972981840372,4.031017888337374,shared_2l_1pool
150,4.3501348700374365,0.36575784906744957,3.878151997923851,shared_2l_1pool
151,4.332531010732055,0.3530860412865877,3.8736939895898104,shared_2l_1pool
152,4.306113114580512,0.34582894295454025,3.8536000065505505,shared_2l_1pool
153,4.282362991943955,0.3533989656716585,3.8193471264094114,shared_2l_1pool
154,4.248971119523048,0.34989695996046066,3.7924901116639376,shared_2l_1pool
155,4.256113898009062,0.34141214564442635,3.809124929830432,shared_2l_1pool
156,4.247665870934725,0.3426459152251482,3.7970170378684998,shared_2l_1pool
157,4.304272122681141,0.349181005731225,3.843679092824459,shared_2l_1pool
158,4.295876016840339,0.344226136803627,3.8467140402644873,shared_2l_1pool
159,4.2588068172335625,0.3422461450099945,3.8151589687913656,shared_2l_1pool
160,4.278613021597266,0.3468019422143698,3.8283891044557095,shared_2l_1pool
161,4.2862209957093,0.34728599712252617,3.8356268778443336,shared_2l_1pool
162,4.332463024184108,0.3481428138911724,3.8732721004635096,shared_2l_1pool
163,4.3069738894701,0.3399411216378212,3.862980054691434,shared_2l_1pool
164,4.3107070960104465,0.34487107768654823,3.8633709773421288,shared_2l_1pool
165,5.60738192871213,1.487536123022437,3.9938499685376883,shared_2l_1pool
166,4.340433049947023,0.3682398237287998,3.865452017635107,shared_2l_1pool
167,4.373621894046664,0.3482140600681305,3.9187700022011995,shared_2l_1pool
168,4.286081995815039,0.3513449337333441,3.8266160991042852,shared_2l_1pool
169,4.281948087736964,0.3546751104295254,3.8220558781176805,shared_2l_1pool
170,4.270423902198672,0.3459411673247814,3.8197359535843134,shared_2l_1pool
171,4.27221180871129,0.3459509462118149,3.810107009485364,shared_2l_1pool
172,4.267422016710043,0.3503928892314434,3.8060660008341074,shared_2l_1pool
173,4.252836108207703,0.34796283580362797,3.798870136961341,shared_2l_1pool
174,4.222859861329198,0.3433581441640854,3.7764739245176315,shared_2l_1pool
175,4.31451085023582,0.34124497324228287,3.8687039632350206,shared_2l_1pool
176,4.315382102504373,0.34695188514888287,3.85832111351192,shared_2l_1pool
177,4.319828003644943,0.33936998806893826,3.878896124660969,shared_2l_1pool
178,4.325401037931442,0.3401041030883789,3.8821608759462833,shared_2l_1pool
179,4.303121007978916,0.3540869802236557,3.843940095975995,shared_2l_1pool
180,4.300144966691732,0.3400479909032583,3.855133894830942,shared_2l_1pool
181,5.6470229756087065,1.4929368626326323,4.0229191072285175,shared_2l_1pool
182,4.327656934037805,0.35916781052947044,3.8626871537417173,shared_2l_1pool
183,4.3453918769955635,0.3530790563672781,3.88778792694211,shared_2l_1pool
184,4.335748963057995,0.3570239059627056,3.868695115670562,shared_2l_1pool
185,4.315912025049329,0.3441460430622101,3.868444822728634,shared_2l_1pool
186,4.2973889503628016,0.3489891532808542,3.844071878120303,shared_2l_1pool
187,4.320640815421939,0.34888507798314095,3.867021994665265,shared_2l_1pool
188,4.315698053687811,0.34615490585565567,3.8578370586037636,shared_2l_1pool
189,4.245727090165019,0.34372112713754177,3.7975090090185404,shared_2l_1pool
190,4.249664023518562,0.34854491241276264,3.7967360112816095,shared_2l_1pool
191,4.289193078875542,0.34459400922060013,3.839171025902033,shared_2l_1pool
192,4.276735940948129,0.3452189266681671,3.826590022072196,shared_2l_1pool
193,4.263135837391019,0.34333812072873116,3.8158390671014786,shared_2l_1pool
194,4.258790984749794,0.3500059247016907,3.802116960287094,shared_2l_1pool
195,4.318186081945896,0.3540138714015484,3.859210992231965,shared_2l_1pool
196,4.283942049369216,0.34581893123686314,3.8322859909385443,shared_2l_1pool
197,5.645198980346322,1.5095861162990332,4.0108750108629465,shared_2l_1pool
198,4.332178039476275,0.3585780505090952,3.867398016154766,shared_2l_1pool
199,4.33967006392777,0.35059405490756035,3.874483983963728,shared_2l_1pool
200,4.34429501183331,0.35721692256629467,3.879731986671686,shared_2l_1pool
201,4.283644026145339,0.34882198087871075,3.8298789877444506,shared_2l_1pool
202,4.3408910278230906,0.344711123034358,3.890716005116701,shared_2l_1pool
203,4.272613907232881,0.3561871126294136,3.812262089923024,shared_2l_1pool
204,4.271538928151131,0.3453679382801056,3.8237080443650484,shared_2l_1pool
205,4.298990126699209,0.33624586649239063,3.8584740832448006,shared_2l_1pool
206,4.35737194493413,0.34872395917773247,3.880987176671624,shared_2l_1pool
207,4.35005989857018,0.34370203502476215,3.901634830981493,shared_2l_1pool
208,4.262592876330018,0.34450204111635685,3.814732888713479,shared_2l_1pool
209,4.220281960442662,0.3492869436740875,3.7664310075342655,shared_2l_1pool
210,4.23659011721611,0.3483649343252182,3.781308885663748,shared_2l_1pool
211,4.245896125212312,0.34268898889422417,3.7979588378220797,shared_2l_1pool
212,4.252758109942079,0.34469389356672764,3.802567021921277,shared_2l_1pool
213,5.692590959370136,1.5150709077715874,4.05054003931582,shared_2l_1pool
214,4.323875997215509,0.36389101296663284,3.8476388435810804,shared_2l_1pool
215,4.362081177532673,0.3701860550791025,3.8862619549036026,shared_2l_1pool
216,4.321463871747255,0.34676981158554554,3.870143089443445,shared_2l_1pool
217,4.327267175540328,0.3522599581629038,3.87040083296597,shared_2l_1pool
218,4.324356094002724,0.3560760524123907,3.8571739569306374,shared_2l_1pool
219,4.3410309590399265,0.3475649282336235,3.889997024089098,shared_2l_1pool
220,4.246987868100405,0.34089689143002033,3.800699021667242,shared_2l_1pool
221,4.283061949536204,0.35149697214365005,3.825393971055746,shared_2l_1pool
222,4.26908303052187,0.3507710061967373,3.805584041401744,shared_2l_1pool
223,4.239270929247141,0.34727295860648155,3.787643974646926,shared_2l_1pool
224,4.244617186486721,0.34766807220876217,3.7938938476145267,shared_2l_1pool
225,4.325479036197066,0.3529088571667671,3.8589180912822485,shared_2l_1pool
226,4.277671920135617,0.34924806095659733,3.8238789420574903,shared_2l_1pool
227,4.271314945071936,0.34605013206601143,3.821725957095623,shared_2l_1pool
228,4.331259988248348,0.3566150553524494,3.8690788205713034,shared_2l_1pool
229,5.60948415659368,1.4846110716462135,3.991443896666169,shared_2l_1pool
230,4.272851161658764,0.3592881839722395,3.8062927778810263,shared_2l_1pool
231,4.377621924504638,0.35986490547657013,3.902516094967723,shared_2l_1pool
232,4.342940868809819,0.3567428793758154,3.8805590011179447,shared_2l_1pool
233,4.397785058245063,0.3476880956441164,3.9371459279209375,shared_2l_1pool
234,4.278110107406974,0.34985202364623547,3.8209138438105583,shared_2l_1pool
235,4.309969954192638,0.34930184483528137,3.851700108498335,shared_2l_1pool
236,4.313092911615968,0.35036192275583744,3.8564440328627825,shared_2l_1pool
237,4.34672087430954,0.366804888471961,3.875268157571554,shared_2l_1pool
238,4.379387944936752,0.3499160520732403,3.923945128917694,shared_2l_1pool
239,4.285034025087953,0.3581889905035496,3.8222658913582563,shared_2l_1pool
240,4.359798040241003,0.3550001420080662,3.9009510073810816,shared_2l_1pool
241,4.348071990534663,0.3439870197325945,3.898264141753316,shared_2l_1pool
242,4.2964741587638855,0.354632968083024,3.8384718354791403,shared_2l_1pool
243,4.267998971045017,0.3446859773248434,3.8197790272533894,shared_2l_1pool
244,4.265258088707924,0.34055300056934357,3.819993929937482,shared_2l_1pool
245,5.596118979156017,1.4891759492456913,3.9803439285606146,shared_2l_1pool
246,4.376485012471676,0.3628460690379143,3.9101310539990664,shared_2l_1pool
247,4.3601898942142725,0.3545139916241169,3.9025121368467808,shared_2l_1pool
248,4.2544950265437365,0.3581868950277567,3.7919641472399235,shared_2l_1pool
249,4.280992085114121,0.3494368866086006,3.8258370477706194,shared_2l_1pool
250,4.293256904929876,0.3499130252748728,3.837662050500512,shared_2l_1pool
251,4.271716112270951,0.3643450327217579,3.794678021222353,shared_2l_1pool
252,4.294045967981219,0.3502268809825182,3.836594056338072,shared_2l_1pool
253,4.353766096755862,0.35993894562125206,3.88718000613153,shared_2l_1pool
254,4.289381904527545,0.36383396945893764,3.820184152573347,shared_2l_1pool
255,4.253219813108444,0.3486950881779194,3.7920770701020956,shared_2l_1pool
256,4.319353960454464,0.3509481903165579,3.8640329148620367,shared_2l_1pool
257,4.251723177731037,0.3518969751894474,3.7945969961583614,shared_2l_1pool
258,4.2718148324638605,0.35922788083553314,3.8076441269367933,shared_2l_1pool
259,4.2639318853616714,0.348798930644989,3.8108141161501408,shared_2l_1pool
260,4.346932051703334,0.3432899247854948,3.8988159503787756,shared_2l_1pool
261,5.611336091533303,1.5046291518956423,3.9828328881412745,shared_2l_1pool
262,4.343300126492977,0.3673611208796501,3.8690490182489157,shared_2l_1pool
263,4.38736891373992,0.3695639315992594,3.901782911270857,shared_2l_1pool
264,4.3423480819910765,0.35168789327144623,3.881890093907714,shared_2l_1pool
265,4.259682027623057,0.3531828988343477,3.800873178988695,shared_2l_1pool
266,4.253257066011429,0.36420789547264576,3.785134991630912,shared_2l_1pool
267,4.273704951629043,0.35545905120670795,3.804340958595276,shared_2l_1pool
268,4.289919976145029,0.35262107849121094,3.830377943813801,shared_2l_1pool
269,4.2526989709585905,0.3511141985654831,3.7966868840157986,shared_2l_1pool
270,4.262518836185336,0.36072893999516964,3.796786069869995,shared_2l_1pool
271,4.32771909981966,0.35122898407280445,3.872042056173086,shared_2l_1pool
272,4.358310019597411,0.350411981344223,3.9010168984532356,shared_2l_1pool
273,4.341416992247105,0.35688700154423714,3.880496136844158,shared_2l_1pool
274,4.272723104804754,0.34828600473701954,3.8172181230038404,shared_2l_1pool
275,4.240022040903568,0.3504210617393255,3.7858490832149982,shared_2l_1pool
276,4.264977062121034,0.35773194395005703,3.801838029175997,shared_2l_1pool
277,5.7301511988043785,1.6281839925795794,3.9759131614118814,shared_2l_1pool
278,4.298476967960596,0.3752268385142088,3.816273994743824,shared_2l_1pool
279,4.275602055713534,0.3645231481641531,3.805964021012187,shared_2l_1pool
280,4.275352926924825,0.3543170168995857,3.8174691144376993,shared_2l_1pool
281,4.256231943145394,0.3533989656716585,3.7961530033499002,shared_2l_1pool
282,4.323005909100175,0.36383490078151226,3.8496479392051697,shared_2l_1pool
283,4.301720065996051,0.3614029847085476,3.8361409679055214,shared_2l_1pool
284,4.359085112810135,0.35634194500744343,3.8966371212154627,shared_2l_1pool
285,4.260757938027382,0.36656996235251427,3.789020935073495,shared_2l_1pool
286,4.298518178984523,0.3508760128170252,3.842317033559084,shared_2l_1pool
287,4.242919152602553,0.3503388725221157,3.789497073739767,shared_2l_1pool
288,4.370985087007284,0.34638610668480396,3.918115980923176,shared_2l_1pool
289,4.259686917066574,0.35133701749145985,3.7966840900480747,shared_2l_1pool
290,4.266475792974234,0.3502899780869484,3.812375944107771,shared_2l_1pool
291,4.309260984882712,0.34658494405448437,3.860573982819915,shared_2l_1pool
292,4.344253102317452,0.35384600050747395,3.8835250306874514,shared_2l_1pool
293,5.6255769450217485,1.5005620662122965,4.000099143013358,shared_2l_1pool
294,4.304915899410844,0.3707681316882372,3.826733911409974,shared_2l_1pool
295,4.239412024617195,0.36047701723873615,3.7753379438072443,shared_2l_1pool
296,4.258928121998906,0.35467417910695076,3.7987809628248215,shared_2l_1pool
297,4.252685932442546,0.35595614463090897,3.7902018520981073,shared_2l_1pool
298,4.306158982217312,0.3600739873945713,3.83799709379673,shared_2l_1pool
299,4.300368018448353,0.35186694003641605,3.8451701402664185,shared_2l_1pool
300,4.313653102144599,0.3492578398436308,3.8595800288021564,shared_2l_1pool
301,4.30586002767086,0.3605328965932131,3.841482102870941,shared_2l_1pool
302,4.272682825103402,0.34936401061713696,3.81828797981143,shared_2l_1pool
303,4.226471995934844,0.35150302574038506,3.7709020543843508,shared_2l_1pool
304,4.266250878572464,0.3620530478656292,3.798905061557889,shared_2l_1pool
305,4.257627995684743,0.3585501108318567,3.796032862737775,shared_2l_1pool
306,4.355544922873378,0.35346392542123795,3.8972608745098114,shared_2l_1pool
307,4.290356999263167,0.3503318876028061,3.8273781538009644,shared_2l_1pool
308,4.3456892017275095,0.35899202339351177,3.878996940329671,shared_2l_1pool
309,5.6369800586253405,1.4966209419071674,4.016672959551215,shared_2l_1pool
310,4.321106011047959,0.3714410122483969,3.843605052679777,shared_2l_1pool
311,4.320462932810187,0.35963114351034164,3.8553469348698854,shared_2l_1pool
312,4.3221639934927225,0.35365880466997623,3.864009166136384,shared_2l_1pool
313,4.348564893007278,0.3601259086281061,3.8816560991108418,shared_2l_1pool
314,4.289112985134125,0.35314098931849003,3.829573979601264,shared_2l_1pool
315,4.2752542067319155,0.3531200345605612,3.816876094788313,shared_2l_1pool
316,4.306657938286662,0.3710980527102947,3.826925065368414,shared_2l_1pool
317,4.302256042137742,0.3513121046125889,3.846108913421631,shared_2l_1pool
318,4.34302887879312,0.35369698889553547,3.8838398177176714,shared_2l_1pool
319,4.318057093769312,0.3585689701139927,3.8473380263894796,shared_2l_1pool
320,4.234957974404097,0.35139196552336216,3.779343096539378,shared_2l_1pool
321,4.254525993019342,0.34888205118477345,3.800926962867379,shared_2l_1pool
322,4.273782018572092,0.3531249240040779,3.817821852862835,shared_2l_1pool
323,4.292530938982964,0.3550529945641756,3.8337039295583963,shared_2l_1pool
324,4.295496037229896,0.3559121396392584,3.8350329268723726,shared_2l_1pool
325,5.587548017501831,1.4782880898565054,3.986968891695142,shared_2l_1pool
326,4.335037199780345,0.36612292751669884,3.862339071929455,shared_2l_1pool
327,4.343736916780472,0.35727908834815025,3.880945034325123,shared_2l_1pool
328,4.361225059255958,0.3607720136642456,3.8951600436121225,shared_2l_1pool
329,4.25356300547719,0.35511888563632965,3.79363214597106,shared_2l_1pool
330,4.247908014804125,0.35172910429537296,3.7952119018882513,shared_2l_1pool
331,4.292888101190329,0.346943037584424,3.842100966721773,shared_2l_1pool
332,4.323708126321435,0.3549607936292887,3.8629001937806606,shared_2l_1pool
333,4.242134978994727,0.35254284739494324,3.786525223404169,shared_2l_1pool
334,4.283207003027201,0.35393587313592434,3.8237490225583315,shared_2l_1pool
335,4.2758428025990725,0.3550541587173939,3.8162870332598686,shared_2l_1pool
336,4.277497064322233,0.3553458955138922,3.8165959995239973,shared_2l_1pool
337,4.262584960088134,0.3571659326553345,3.8008280098438263,shared_2l_1pool
338,4.231608007103205,0.3518019802868366,3.7756480742245913,shared_2l_1pool
339,4.254556028172374,0.35908701829612255,3.792745992541313,shared_2l_1pool
340,4.316631006076932,0.34673302434384823,3.8674280513077974,shared_2l_1pool
341,5.573102971538901,1.4799151103943586,3.9630059618502855,shared_2l_1pool
342,4.336967132985592,0.37087383680045605,3.8586221635341644,shared_2l_1pool
343,4.298109095543623,0.36125793121755123,3.832658054307103,shared_2l_1pool
344,4.318358842283487,0.36647310480475426,3.8469519931823015,shared_2l_1pool
345,4.330096999183297,0.3543989732861519,3.8705060724169016,shared_2l_1pool
346,4.242303781211376,0.35661482252180576,3.7815910764038563,shared_2l_1pool
347,4.266673931851983,0.3511081449687481,3.80815495736897,shared_2l_1pool
348,4.283672198653221,0.3580651246011257,3.8192449137568474,shared_2l_1pool
349,4.248271929100156,0.3594011068344116,3.784582018852234,shared_2l_1pool
350,4.266937030479312,0.35176798701286316,3.812067909166217,shared_2l_1pool
351,4.34057810343802,0.3540520556271076,3.866909071803093,shared_2l_1pool
352,4.287307150661945,0.35851611755788326,3.8219678681343794,shared_2l_1pool
353,4.250596044585109,0.35355216823518276,3.792890813201666,shared_2l_1pool
354,4.339749924838543,0.36013289354741573,3.876512171700597,shared_2l_1pool
355,4.33343299664557,0.3639508504420519,3.8647709880024195,shared_2l_1pool
356,4.280416993424296,0.3514201380312443,3.8257089909166098,shared_2l_1pool
357,5.6181910913437605,1.4836450573056936,4.011373035609722,shared_2l_1pool
358,4.355455981567502,0.37063611671328545,3.8779110182076693,shared_2l_1pool
359,4.364574095234275,0.35979715175926685,3.8994639180600643,shared_2l_1pool
360,4.2681770864874125,0.36204815842211246,3.8002189248800278,shared_2l_1pool
361,4.264645976945758,0.35156309604644775,3.8091358728706837,shared_2l_1pool
362,4.25016600638628,0.3500068560242653,3.7978840991854668,shared_2l_1pool
363,4.252761835232377,0.3568080719560385,3.79281397908926,shared_2l_1pool
364,4.291909048333764,0.35464297980070114,3.8342620246112347,shared_2l_1pool
365,4.269378026947379,0.3490140661597252,3.815667936578393,shared_2l_1pool
366,4.322489025071263,0.3574010916054249,3.854634938761592,shared_2l_1pool
367,4.335582023486495,0.3665951080620289,3.8651819340884686,shared_2l_1pool
368,4.330961965024471,0.35152980126440525,3.868569154292345,shared_2l_1pool
369,4.339126870036125,0.3548490349203348,3.8789070677012205,shared_2l_1pool
370,4.263897892087698,0.3615028690546751,3.798958146944642,shared_2l_1pool
371,4.253874067217112,0.3502380568534136,3.800325095653534,shared_2l_1pool
372,4.274474224075675,0.3505160566419363,3.8182861171662807,shared_2l_1pool
373,5.592987174168229,1.4929319731891155,3.9736160542815924,shared_2l_1pool
374,4.304295172914863,0.36654388532042503,3.8321861065924168,shared_2l_1pool
375,4.279116867110133,0.3673909232020378,3.8092080503702164,shared_2l_1pool
376,4.265065072104335,0.36263209767639637,3.7962959613651037,shared_2l_1pool
377,4.2545730248093605,0.35604205913841724,3.7950349505990744,shared_2l_1pool
378,4.228607984259725,0.35773892886936665,3.767021931707859,shared_2l_1pool
379,4.2821429669857025,0.35726907663047314,3.822209080681205,shared_2l_1pool
380,4.328550072386861,0.3609370905905962,3.8633919321000576,shared_2l_1pool
381,4.320313921198249,0.35082013346254826,3.8624219596385956,shared_2l_1pool
382,4.28146799094975,0.35298592410981655,3.8246309850364923,shared_2l_1pool
383,4.278670996427536,0.3632009029388428,3.810025053098798,shared_2l_1pool
384,4.253131104633212,0.3568069078028202,3.792101051658392,shared_2l_1pool
385,4.230835009366274,0.35508396103978157,3.7725281435996294,shared_2l_1pool
386,4.244817886501551,0.3600390627980232,3.7799179553985596,shared_2l_1pool
387,4.271647892892361,0.36508403718471527,3.8013169541954994,shared_2l_1pool
388,4.235273925587535,0.3571370616555214,3.7731199990957975,shared_2l_1pool
389,5.5634439922869205,1.4828070998191833,3.9530780632048845,shared_2l_1pool
390,4.30586002767086,0.3661068622022867,3.831727197393775,shared_2l_1pool
391,4.279125016182661,0.36416505463421345,3.8096499629318714,shared_2l_1pool
392,4.250748082995415,0.36344118416309357,3.7850888911634684,shared_2l_1pool
393,4.229560028761625,0.3596448805183172,3.7663911934942007,shared_2l_1pool
394,4.3512010015547276,0.34978799521923065,3.8972669281065464,shared_2l_1pool
395,4.261579131707549,0.34938519820570946,3.810990834608674,shared_2l_1pool
396,4.344590939581394,0.3621331416070461,3.8771529216319323,shared_2l_1pool
397,4.328649025410414,0.35464903339743614,3.8707940839231014,shared_2l_1pool
398,4.290098091587424,0.3567060921341181,3.8269110955297947,shared_2l_1pool
399,4.245776915922761,0.36028213798999786,3.7713157944381237,shared_2l_1pool
400,4.349638009443879,0.36010611802339554,3.8781410548835993,shared_2l_1pool
401,4.328009905293584,0.36309007555246353,3.8612759672105312,shared_2l_1pool
402,4.340984858572483,0.3629170823842287,3.86793096549809,shared_2l_1pool
403,4.2570349760353565,0.36341603845357895,3.7899150047451258,shared_2l_1pool
404,4.327622940763831,0.35309395752847195,3.8699740543961525,shared_2l_1pool
405,5.553218070417643,1.495481003075838,3.931913059204817,shared_2l_1pool
406,4.377261037006974,0.37238094955682755,3.898133058100939,shared_2l_1pool
407,4.337182035669684,0.3622830845415592,3.87013703584671,shared_2l_1pool
408,4.345502005890012,0.36577600985765457,3.8732709363102913,shared_2l_1pool
409,4.279227927327156,0.3614050801843405,3.814695868641138,shared_2l_1pool
410,4.300481174141169,0.3499048762023449,3.845249069854617,shared_2l_1pool
411,4.33513498865068,0.373427988961339,3.8545439019799232,shared_2l_1pool
412,4.308569943532348,0.36084605380892754,3.844832070171833,shared_2l_1pool
413,4.325309069827199,0.35966397263109684,3.8612671196460724,shared_2l_1pool
414,4.357700003311038,0.36625307984650135,3.886186983436346,shared_2l_1pool
415,4.326303023844957,0.35740318708121777,3.8630978669971228,shared_2l_1pool
416,4.263606853783131,0.3570849075913429,3.801114158704877,shared_2l_1pool
417,4.229288082569838,0.3623559605330229,3.7635869812220335,shared_2l_1pool
418,4.302481887862086,0.3563910722732544,3.840706078335643,shared_2l_1pool
419,4.272994119673967,0.356015982106328,3.8127820007503033,shared_2l_1pool
420,4.269571043550968,0.3646351397037506,3.8009658455848694,shared_2l_1pool
421,5.762553075328469,1.6152679454535246,4.023276036605239,shared_2l_1pool
422,4.349796799942851,0.3758328966796398,3.858358133584261,shared_2l_1pool
423,4.303677938878536,0.3598579205572605,3.8399279583245516,shared_2l_1pool
424,4.320249892771244,0.3599049523472786,3.857211209833622,shared_2l_1pool
425,4.27529402077198,0.36491919308900833,3.8046909030526876,shared_2l_1pool
426,4.306962946429849,0.3713939804583788,3.8284650072455406,shared_2l_1pool
427,4.330806899815798,0.365209998562932,3.8615078665316105,shared_2l_1pool
428,4.301975015550852,0.35829097032546997,3.838083939626813,shared_2l_1pool
429,4.2964189779013395,0.368740176782012,3.8239159621298313,shared_2l_1pool
430,4.256193060427904,0.3640209324657917,3.788198111578822,shared_2l_1pool
431,4.290828946977854,0.35806396044790745,3.825899912044406,shared_2l_1pool
432,4.270941950380802,0.3631210420280695,3.8044380489736795,shared_2l_1pool
433,4.271643003448844,0.3564490471035242,3.8134639617055655,shared_2l_1pool
434,4.3106949888169765,0.3575540613383055,3.8467098493129015,shared_2l_1pool
435,4.239555913954973,0.36333384923636913,3.7706480361521244,shared_2l_1pool
436,4.331009928137064,0.3567140083760023,3.868578001856804,shared_2l_1pool
437,5.66653092391789,1.5084338374435902,4.0311741176992655,shared_2l_1pool
438,4.392877919599414,0.38337521255016327,3.902988974004984,shared_2l_1pool
439,4.386396147310734,0.362875172868371,3.9164889603853226,shared_2l_1pool
440,4.335897974669933,0.37100911140441895,3.8563560228794813,shared_2l_1pool
441,4.349064081907272,0.36533805541694164,3.879962023347616,shared_2l_1pool
442,4.346377914771438,0.36202906630933285,3.8794910069555044,shared_2l_1pool
443,4.3512939009815454,0.36847195588052273,3.8791669066995382,shared_2l_1pool
444,4.316247999668121,0.3589980769902468,3.8534700870513916,shared_2l_1pool
445,4.257502034306526,0.35988097079098225,3.7929860409349203,shared_2l_1pool
446,4.237615969032049,0.36229402758181095,3.773256903514266,shared_2l_1pool
447,4.248569952324033,0.36052404902875423,3.7834951654076576,shared_2l_1pool
448,4.254832165315747,0.3539759200066328,3.7940870970487595,shared_2l_1pool
449,4.243138944730163,0.3636761102825403,3.776918863877654,shared_2l_1pool
450,4.325564019382,0.3582620993256569,3.856128081679344,shared_2l_1pool
451,4.295093007385731,0.3575580194592476,3.832533024251461,shared_2l_1pool
452,4.319668980315328,0.3595470916479826,3.855702932924032,shared_2l_1pool
453,5.621777847409248,1.5148879028856754,3.982442896813154,shared_2l_1pool
454,4.346400033682585,0.3721828106790781,3.8675940595567226,shared_2l_1pool
455,4.29788394831121,0.3852441441267729,3.7964468356221914,shared_2l_1pool
456,4.3250450398772955,0.3737681545317173,3.842532867565751,shared_2l_1pool
457,4.282729001715779,0.36926218308508396,3.8101929239928722,shared_2l_1pool
458,4.275793908163905,0.36373804323375225,3.8091049063950777,shared_2l_1pool
459,4.263786133378744,0.36775018088519573,3.7895049899816513,shared_2l_1pool
460,4.307802999392152,0.3599270712584257,3.841032972559333,shared_2l_1pool
461,4.326496971771121,0.36186003126204014,3.8606850430369377,shared_2l_1pool
462,4.333849996328354,0.37677609361708164,3.8517299108207226,shared_2l_1pool
463,4.34105796739459,0.36523398011922836,3.8729018997401,shared_2l_1pool
464,4.368955967947841,0.3595890011638403,3.902503987774253,shared_2l_1pool
465,4.281545989215374,0.36235502921044827,3.8141319528222084,shared_2l_1pool
466,4.286865005269647,0.3636439796537161,3.8175610825419426,shared_2l_1pool
467,4.262367961928248,0.3586930688470602,3.8005199749022722,shared_2l_1pool
468,4.253805847838521,0.3619748167693615,3.78711917437613,shared_2l_1pool
469,5.6263289880007505,1.5105910133570433,3.993324004113674,shared_2l_1pool
470,4.354292061179876,0.376284820958972,3.8712641689926386,shared_2l_1pool
471,4.351928131654859,0.37099793553352356,3.875371068716049,shared_2l_1pool
472,4.307745955884457,0.36308891139924526,3.8397139869630337,shared_2l_1pool
473,4.272130085155368,0.35968911834061146,3.8077549543231726,shared_2l_1pool
474,4.339425126090646,0.37415092810988426,3.8595939986407757,shared_2l_1pool
475,4.32874308899045,0.3641229122877121,3.860950004309416,shared_2l_1pool
476,4.331670003011823,0.3618779592216015,3.863502060994506,shared_2l_1pool
477,4.259198904037476,0.3679951187223196,3.78602696582675,shared_2l_1pool
478,4.382882034406066,0.3563249483704567,3.9221530314534903,shared_2l_1pool
479,4.340675892308354,0.36258785985410213,3.8735251873731613,shared_2l_1pool
480,4.3350039049983025,0.36452384665608406,3.8634659722447395,shared_2l_1pool
481,4.282536916434765,0.3603431396186352,3.81705304607749,shared_2l_1pool
482,4.262732807546854,0.3581258933991194,3.7981420755386353,shared_2l_1pool
483,4.2773939203470945,0.36634085699915886,3.8022161461412907,shared_2l_1pool
484,4.261453170329332,0.36603305488824844,3.791315946727991,shared_2l_1pool
485,5.631541134789586,1.4971320051699877,4.007682902738452,shared_2l_1pool
486,4.2859690729528666,0.37742615677416325,3.7993709556758404,shared_2l_1pool
487,4.294048994779587,0.3707220312207937,3.816888900473714,shared_2l_1pool
488,4.289409844204783,0.3667671699076891,3.8158060051500797,shared_2l_1pool
489,4.280308960005641,0.3671729937195778,3.806652035564184,shared_2l_1pool
490,4.248793935403228,0.3638921771198511,3.7793628871440887,shared_2l_1pool
491,4.243588075041771,0.36122999154031277,3.7788841873407364,shared_2l_1pool
492,4.231167957186699,0.36457902751863003,3.7621879018843174,shared_2l_1pool
493,4.299988970160484,0.3678710199892521,3.826214000582695,shared_2l_1pool
494,4.255203064531088,0.3621550276875496,3.7877261638641357,shared_2l_1pool
495,4.334034165367484,0.3675529733300209,3.860592842102051,shared_2l_1pool
496,4.268197109922767,0.36801095120608807,3.794211894273758,shared_2l_1pool
497,4.250515019521117,0.3618430346250534,3.7844080943614244,shared_2l_1pool
498,4.223041934892535,0.35933288745582104,3.7615331821143627,shared_2l_1pool
499,4.312565084546804,0.3548969980329275,3.8546749856323004,shared_2l_1pool
500,4.242540104314685,0.36396109499037266,3.7751069758087397,shared_2l_1pool
501,5.642191041260958,1.491483999416232,4.024533089250326,shared_2l_1pool
502,4.325628979131579,0.38306391797959805,3.8366999942809343,shared_2l_1pool
503,4.299742169678211,0.37014693953096867,3.823322942480445,shared_2l_1pool
504,4.281387897208333,0.3707089927047491,3.805090906098485,shared_2l_1pool
505,4.265940980985761,0.36996789276599884,3.7846211344003677,shared_2l_1pool
506,4.2275909800082445,0.36400905810296535,3.7594239693135023,shared_2l_1pool
507,4.247340839356184,0.3590038977563381,3.786684013903141,shared_2l_1pool
508,4.269685130566359,0.3613689914345741,3.804428968578577,shared_2l_1pool
509,4.255334148183465,0.3651939332485199,3.7886451464146376,shared_2l_1pool
510,4.328446928411722,0.3601440694183111,3.8617700338363647,shared_2l_1pool
511,4.281515954062343,0.3597009927034378,3.8187589962035418,shared_2l_1pool
512,4.248699173331261,0.3618020564317703,3.783609950914979,shared_2l_1pool
513,4.345218883827329,0.3633990418165922,3.87931102886796,shared_2l_1pool
514,4.350521834567189,0.3576069138944149,3.8884810637682676,shared_2l_1pool
515,4.327384987846017,0.36815693601965904,3.8553529884666204,shared_2l_1pool
516,4.342895001173019,0.3655180335044861,3.874514950439334,shared_2l_1pool
517,5.632171873003244,1.499389996752143,4.008145071566105,shared_2l_1pool
518,4.375301999971271,0.38573495112359524,3.8835799787193537,shared_2l_1pool
519,4.332788987085223,0.3706519491970539,3.845948027446866,shared_2l_1pool
520,4.382110899314284,0.3781409468501806,3.893712069839239,shared_2l_1pool
521,4.2668108362704515,0.362863065674901,3.7993979640305042,shared_2l_1pool
522,4.356977995485067,0.362953869625926,3.8883110973984003,shared_2l_1pool
523,4.342688014730811,0.36398484371602535,3.8748220540583134,shared_2l_1pool
524,4.2767932172864676,0.36297691985964775,3.8074608892202377,shared_2l_1pool
525,4.289883887395263,0.3642491064965725,3.8193739019334316,shared_2l_1pool
526,4.279793007299304,0.3601920325309038,3.816773882135749,shared_2l_1pool
527,4.253891995176673,0.3653820604085922,3.784037893638015,shared_2l_1pool
528,4.308127099648118,0.36194780841469765,3.8399100303649902,shared_2l_1pool
529,4.246881930157542,0.3580728080123663,3.7847571074962616,shared_2l_1pool
530,4.267417127266526,0.36395201459527016,3.7939120084047318,shared_2l_1pool
531,4.261006833985448,0.3541198093444109,3.8025102112442255,shared_2l_1pool
532,4.268739139661193,0.3589109983295202,3.8057700730860233,shared_2l_1pool
533,5.638462025672197,1.5282011590898037,3.98418796248734,shared_2l_1pool
534,4.366462118923664,0.37922803312540054,3.881536889821291,shared_2l_1pool
535,4.364647902548313,0.37688412703573704,3.8836579769849777,shared_2l_1pool
536,4.360156133770943,0.3729970194399357,3.8796118460595608,shared_2l_1pool
537,4.377509001642466,0.36319298669695854,3.9083980955183506,shared_2l_1pool
538,4.328204086050391,0.3737988881766796,3.8432220462709665,shared_2l_1pool
539,4.273077007383108,0.36697881296277046,3.802758175879717,shared_2l_1pool
540,4.328364040702581,0.3627389669418335,3.8624920416623354,shared_2l_1pool
541,4.339954117313027,0.3676670603454113,3.8675027899444103,shared_2l_1pool
542,4.282572073861957,0.3657450433820486,3.805740037932992,shared_2l_1pool
543,4.283954156562686,0.3610597923398018,3.8212230429053307,shared_2l_1pool
544,4.342727130278945,0.36474294029176235,3.873242065310478,shared_2l_1pool
545,4.2706208769232035,0.36964891478419304,3.7957809399813414,shared_2l_1pool
546,4.27400297485292,0.36335201002657413,3.804625943303108,shared_2l_1pool
547,4.269805969670415,0.36735599860548973,3.796732984483242,shared_2l_1pool
548,4.278369946405292,0.3703609108924866,3.7970920093357563,shared_2l_1pool
549,5.667153047397733,1.5237629413604736,4.016831982880831,shared_2l_1pool
550,4.32436796836555,0.3887338098138571,3.8211559876799583,shared_2l_1pool
551,4.353177966549993,0.37489598616957664,3.873507957905531,shared_2l_1pool
552,4.32141381315887,0.36341906525194645,3.8518179208040237,shared_2l_1pool
553,4.352540010586381,0.37244497798383236,3.872242057695985,shared_2l_1pool
554,4.271255107596517,0.3659541253000498,3.801696002483368,shared_2l_1pool
555,4.3185988906770945,0.362141989171505,3.8480900693684816,shared_2l_1pool
556,4.368972964584827,0.37511391565203667,3.882948076352477,shared_2l_1pool
557,4.312424920499325,0.3654269967228174,3.840878140181303,shared_2l_1pool
558,4.294872982427478,0.37578702904284,3.8126809522509575,shared_2l_1pool
559,4.259033128619194,0.36779814399778843,3.7881520111113787,shared_2l_1pool
560,4.238387802615762,0.37134112790226936,3.7641599774360657,shared_2l_1pool
561,4.319796105846763,0.3608809784054756,3.8551888428628445,shared_2l_1pool
562,4.286097129806876,0.3606479149311781,3.8211969658732414,shared_2l_1pool
563,4.286363022401929,0.37019397132098675,3.8109379820525646,shared_2l_1pool
564,4.270768025889993,0.3650621511042118,3.801462007686496,shared_2l_1pool
565,5.7473499327898026,1.6313709784299135,3.9910601917654276,shared_2l_1pool
566,4.390296060591936,0.38436497561633587,3.8970550522208214,shared_2l_1pool
567,4.399035824462771,0.3727178554981947,3.9203171618282795,shared_2l_1pool
568,4.34142304584384,0.3759819082915783,3.8600300904363394,shared_2l_1pool
569,4.3071729596704245,0.3620430361479521,3.838223870843649,shared_2l_1pool
570,4.26715100184083,0.37515792064368725,3.7850611843168736,shared_2l_1pool
571,4.319302970543504,0.37299608811736107,3.8407971151173115,shared_2l_1pool
572,4.3527979869395494,0.372299924492836,3.8736790884286165,shared_2l_1pool
573,4.33739204891026,0.36396016366779804,3.8691158406436443,shared_2l_1pool
574,4.355875076726079,0.36916881799697876,3.8801191840320826,shared_2l_1pool
575,4.377994919195771,0.3655890468508005,3.906714031472802,shared_2l_1pool
576,4.304370144382119,0.3758859820663929,3.8236770778894424,shared_2l_1pool
577,4.278823966160417,0.372451962903142,3.8007001858204603,shared_2l_1pool
578,4.358695121482015,0.36576087586581707,3.888622159138322,shared_2l_1pool
579,4.32217214256525,0.36907894536852837,3.8489289581775665,shared_2l_1pool
580,4.252049140632153,0.3777500241994858,3.7714210338890553,shared_2l_1pool
581,5.566271021962166,1.4984200242906809,3.9453189820051193,shared_2l_1pool
582,4.372677067294717,0.3891910891979933,3.8767519872635603,shared_2l_1pool
583,4.356285789981484,0.37127500399947166,3.879787167534232,shared_2l_1pool
584,4.294004989787936,0.3710188902914524,3.819736186414957,shared_2l_1pool
585,4.364930093288422,0.3666318953037262,3.89318005181849,shared_2l_1pool
586,4.263118840754032,0.3652619197964668,3.7915140856057405,shared_2l_1pool
587,4.246708005666733,0.36716205067932606,3.7753719370812178,shared_2l_1pool
588,4.332468146458268,0.37195486947894096,3.856432158499956,shared_2l_1pool
589,4.3271558824926615,0.3703269176185131,3.85315902531147,shared_2l_1pool
590,4.297978011891246,0.3639019560068846,3.83011088706553,shared_2l_1pool
591,4.295696970075369,0.3663869574666023,3.815073985606432,shared_2l_1pool
592,4.2784258257597685,0.36753597669303417,3.794916905462742,shared_2l_1pool
593,4.251106176525354,0.3642688971012831,3.782422048971057,shared_2l_1pool
594,4.221028881147504,0.3642570227384567,3.754147095605731,shared_2l_1pool
595,4.2564349714666605,0.3665101248770952,3.7788678891956806,shared_2l_1pool
596,4.233388928696513,0.3655350301414728,3.764163004234433,shared_2l_1pool
597,5.632433807477355,1.4977720566093922,4.009912954643369,shared_2l_1pool
598,4.325333051383495,0.3850280772894621,3.8322859909385443,shared_2l_1pool
599,4.304466070607305,0.3819628618657589,3.8175389636307955,shared_2l_1pool
600,4.283698974177241,0.37255603820085526,3.8044650573283434,shared_2l_1pool
601,4.270908888429403,0.3751572221517563,3.7892109248787165,shared_2l_1pool
602,4.260045941919088,0.3704479895532131,3.7841859739273787,shared_2l_1pool
603,4.284746944904327,0.3630740102380514,3.8195159286260605,shared_2l_1pool
604,4.3378230184316635,0.37227198481559753,3.8519420195370913,shared_2l_1pool
605,4.358252044767141,0.36975787952542305,3.8828221149742603,shared_2l_1pool
606,4.2708260007202625,0.36513502709567547,3.8029730785638094,shared_2l_1pool
607,4.335141042247415,0.3660081420093775,3.8655248936265707,shared_2l_1pool
608,4.308273084461689,0.3656209446489811,3.836855059489608,shared_2l_1pool
609,4.288120893761516,0.36827800795435905,3.8159331306815147,shared_2l_1pool
610,4.256527870893478,0.36470801569521427,3.788307076320052,shared_2l_1pool
611,4.3162808287888765,0.3703220281749964,3.841246012598276,shared_2l_1pool
612,4.241186194121838,0.3628730773925781,3.773896023631096,shared_2l_1pool
613,5.606777034699917,1.5026640612632036,3.9823390543460846,shared_2l_1pool
614,4.314888035878539,0.37601287476718426,3.8330601528286934,shared_2l_1pool
615,4.3069738894701,0.36864192225039005,3.8338780868798494,shared_2l_1pool
616,4.347419133409858,0.37407991476356983,3.866451093927026,shared_2l_1pool
617,4.2598380241543055,0.3704600967466831,3.785650013014674,shared_2l_1pool
618,4.288151161745191,0.36720000207424164,3.816738026216626,shared_2l_1pool
619,4.251274978742003,0.3629040438681841,3.783003892749548,shared_2l_1pool
620,4.330761032178998,0.37369411438703537,3.8499319925904274,shared_2l_1pool
621,4.295007791370153,0.36816392093896866,3.821711987257004,shared_2l_1pool
622,4.333212040364742,0.36256294697523117,3.8641910068690777,shared_2l_1pool
623,4.2790810111910105,0.3721481189131737,3.801646875217557,shared_2l_1pool
624,4.348621936514974,0.3575610462576151,3.8836789317429066,shared_2l_1pool
625,4.3097990565001965,0.36138505674898624,3.8427808322012424,shared_2l_1pool
626,4.29289904423058,0.3757909871637821,3.8139279931783676,shared_2l_1pool
627,4.22057113610208,0.3642369993031025,3.7526621017605066,shared_2l_1pool
628,4.273882135748863,0.3607559483498335,3.8091479800641537,shared_2l_1pool
629,5.637901136651635,1.5254339668899775,3.9839299861341715,shared_2l_1pool
630,4.369667964056134,0.3804159350693226,3.8837369065731764,shared_2l_1pool
631,4.331280943006277,0.38414611481130123,3.8420739583671093,shared_2l_1pool
632,4.346288973465562,0.37758005782961845,3.8626519963145256,shared_2l_1pool
633,4.3535621371120214,0.3672309685498476,3.87977110221982,shared_2l_1pool
634,4.283369984477758,0.3751961048692465,3.802133956924081,shared_2l_1pool
635,4.255217965692282,0.3731769975274801,3.7774168886244297,shared_2l_1pool
636,4.259009845554829,0.36634597927331924,3.786669811233878,shared_2l_1pool
637,4.281172063201666,0.3680461086332798,3.8092220202088356,shared_2l_1pool
638,4.286145092919469,0.364858889952302,3.8110772147774696,shared_2l_1pool
639,4.264312796294689,0.3716968931257725,3.788731060922146,shared_2l_1pool
640,4.229874815791845,0.36773504689335823,3.7579559721052647,shared_2l_1pool
641,4.228051053360105,0.36547519266605377,3.7594109307974577,shared_2l_1pool
642,4.328466020524502,0.3778508398681879,3.8434320595115423,shared_2l_1pool
643,4.302514949813485,0.37201796658337116,3.8258549757301807,shared_2l_1pool
644,4.3092709966003895,0.3724901471287012,3.8314859848469496,shared_2l_1pool
645,5.649202968925238,1.5192360151559114,4.002457018941641,shared_2l_1pool
646,4.383645951747894,0.3794468939304352,3.8969279266893864,shared_2l_1pool
647,4.360622027888894,0.38237497210502625,3.8701139856129885,shared_2l_1pool
648,4.358963808044791,0.3678831271827221,3.886943915858865,shared_2l_1pool
649,4.342077067121863,0.3678710199892521,3.867509076371789,shared_2l_1pool
650,4.293292993679643,0.37512509152293205,3.81226884201169,shared_2l_1pool
651,4.309656098484993,0.3673878964036703,3.835147013887763,shared_2l_1pool
652,4.282116889953613,0.3650370053946972,3.8107980508357286,shared_2l_1pool
653,4.30765887722373,0.38398802280426025,3.811269998550415,shared_2l_1pool
654,4.333556862547994,0.3818508703261614,3.8404841907322407,shared_2l_1pool
655,4.338847938925028,0.39776903577148914,3.8287288043648005,shared_2l_1pool
656,4.3334809597581625,0.38912310265004635,3.832343965768814,shared_2l_1pool
657,4.282278008759022,0.37828809581696987,3.796349046751857,shared_2l_1pool
658,4.338419064879417,0.3774398937821388,3.8548139855265617,shared_2l_1pool
659,4.299341002479196,0.38131210021674633,3.8058448117226362,shared_2l_1pool
660,4.295659018680453,0.3744440618902445,3.817538032308221,shared_2l_1pool
661,5.706846946850419,1.5438830014318228,4.0385061874985695,shared_2l_1pool
662,4.350179107859731,0.3897461574524641,3.8557108491659164,shared_2l_1pool
663,4.303517984226346,0.3812951035797596,3.816433949396014,shared_2l_1pool
664,4.280115943402052,0.3827940672636032,3.7919068709015846,shared_2l_1pool
665,4.286863841116428,0.3746389411389828,3.806605003774166,shared_2l_1pool
666,4.351758863776922,0.3713988699018955,3.873928217217326,shared_2l_1pool
667,4.319259198382497,0.3812320064753294,3.82485194131732,shared_2l_1pool
668,4.262194037437439,0.37057511508464813,3.78607795573771,shared_2l_1pool
669,4.272794816643,0.3682859241962433,3.800621023401618,shared_2l_1pool
670,4.308626055717468,0.3701548557728529,3.83081310428679,shared_2l_1pool
671,4.350496921688318,0.3810578491538763,3.8502230308949947,shared_2l_1pool
672,4.337321035563946,0.3753500059247017,3.854278940707445,shared_2l_1pool
673,4.370480077341199,0.37085707299411297,3.8946429267525673,shared_2l_1pool
674,4.35962900519371,0.3751050680875778,3.8808879908174276,shared_2l_1pool
675,4.346303874626756,0.36732200533151627,3.875739872455597,shared_2l_1pool
676,4.306840943172574,0.3802860155701637,3.8151349872350693,shared_2l_1pool
677,5.652064923197031,1.508180983364582,4.020781954750419,shared_2l_1pool
678,4.360191058367491,0.3932099789381027,3.85333807207644,shared_2l_1pool
679,4.333444172516465,0.37444313056766987,3.8508190773427486,shared_2l_1pool
680,4.343081032857299,0.3795940428972244,3.8562659174203873,shared_2l_1pool
681,4.368083085864782,0.38231699727475643,3.8759189192205667,shared_2l_1pool
682,4.320621956139803,0.3688340075314045,3.847304033115506,shared_2l_1pool
683,4.3523109052330256,0.37059513852000237,3.8767950609326363,shared_2l_1pool
684,4.331625998020172,0.37106103263795376,3.855701070278883,shared_2l_1pool
685,4.330467199906707,0.36794599145650864,3.8557839579880238,shared_2l_1pool
686,4.380527883768082,0.3716968931257725,3.9020709227770567,shared_2l_1pool
687,4.309708951041102,0.37954002618789673,3.821717109531164,shared_2l_1pool
688,4.302007146179676,0.3676868509501219,3.8289050571620464,shared_2l_1pool
689,4.335037199780345,0.36475411616265774,3.8658150006085634,shared_2l_1pool
690,4.3122360948473215,0.37810299545526505,3.828916931524873,shared_2l_1pool
691,4.338638158515096,0.367926899343729,3.8677460979670286,shared_2l_1pool
692,4.351590992882848,0.3712940961122513,3.873205976560712,shared_2l_1pool
693,5.656657041981816,1.523696817457676,4.009054973721504,shared_2l_1pool
694,4.3675878550857306,0.3878958523273468,3.8732411339879036,shared_2l_1pool
695,4.381906008347869,0.38871285505592823,3.885907121002674,shared_2l_1pool
696,4.366201115772128,0.37385919131338596,3.8863548543304205,shared_2l_1pool
697,4.308637930080295,0.3815540112555027,3.821195801720023,shared_2l_1pool
698,4.262206144630909,0.3784711007028818,3.777705831453204,shared_2l_1pool
699,4.261045018211007,0.3722039982676506,3.7848949432373047,shared_2l_1pool
700,4.246365046128631,0.3665380645543337,3.775533987209201,shared_2l_1pool
701,4.285051953047514,0.3723700065165758,3.802088787779212,shared_2l_1pool
702,4.2686499655246735,0.37019909359514713,3.796270815655589,shared_2l_1pool
703,4.228266188874841,0.36760582588613033,3.75813408754766,shared_2l_1pool
704,4.220478935167193,0.36363000981509686,3.7546679377555847,shared_2l_1pool
705,4.3178740888834,0.37021911703050137,3.8345700595527887,shared_2l_1pool
706,4.238864174112678,0.37050084210932255,3.764630062505603,shared_2l_1pool
707,4.34956606477499,0.3667909186333418,3.876384114846587,shared_2l_1pool
708,4.280908964574337,0.3787840250879526,3.7979111075401306,shared_2l_1pool
709,5.7433899492025375,1.6242689453065395,3.9863709826022387,shared_2l_1pool
710,4.309011157602072,0.39096688851714134,3.812258131802082,shared_2l_1pool
711,4.333914956077933,0.3773779608309269,3.8492800667881966,shared_2l_1pool
712,4.288756987079978,0.373676884919405,3.8087221328169107,shared_2l_1pool
713,4.263583105057478,0.3771509509533644,3.7817219272255898,shared_2l_1pool
714,4.369658883661032,0.38392399437725544,3.877036040648818,shared_2l_1pool
715,4.309822805225849,0.38007181137800217,3.8244700990617275,shared_2l_1pool
716,4.314537160098553,0.39093405939638615,3.8179471157491207,shared_2l_1pool
717,4.303197143599391,0.38120290264487267,3.817918011918664,shared_2l_1pool
718,4.272263031452894,0.3685790579766035,3.799533937126398,shared_2l_1pool
719,4.267876036465168,0.3706549759954214,3.794079879298806,shared_2l_1pool
720,4.242259077727795,0.37678610533475876,3.7572509609162807,shared_2l_1pool
721,4.337970865890384,0.37065078504383564,3.861685050651431,shared_2l_1pool
722,4.312125034630299,0.37296698428690434,3.83543292991817,shared_2l_1pool
723,4.344752058386803,0.3790908958762884,3.853294998407364,shared_2l_1pool
724,4.249798133969307,0.3702400717884302,3.7742939312011003,shared_2l_1pool
725,5.591708002611995,1.5082601457834244,3.958072979003191,shared_2l_1pool
726,4.313248908147216,0.3932549152523279,3.8130911998450756,shared_2l_1pool
727,4.29396890103817,0.37499493919312954,3.813871182501316,shared_2l_1pool
728,4.281643079593778,0.37581496872007847,3.801180049777031,shared_2l_1pool
729,4.323272965848446,0.37766783498227596,3.8412741851061583,shared_2l_1pool
730,4.392355913296342,0.37650996819138527,3.909650957211852,shared_2l_1pool
731,4.31074108928442,0.37549296393990517,3.8299160078167915,shared_2l_1pool
732,4.364199936389923,0.3848378546535969,3.8724560290575027,shared_2l_1pool
733,4.3550110422074795,0.37371902726590633,3.874862100929022,shared_2l_1pool
734,4.302083048969507,0.3807090688496828,3.8160039111971855,shared_2l_1pool
735,4.322238964959979,0.37445989437401295,3.841107012704015,shared_2l_1pool
736,4.269214114174247,0.37221284583210945,3.79333202727139,shared_2l_1pool
737,4.2539420537650585,0.3777090460062027,3.7715809885412455,shared_2l_1pool
738,4.268543096259236,0.37720403634011745,3.7811410147696733,shared_2l_1pool
739,4.266886971890926,0.3711229655891657,3.791946917772293,shared_2l_1pool
740,4.300238098949194,0.36992388777434826,3.827424021437764,shared_2l_1pool
741,5.618466064333916,1.5108680818229914,3.9814990013837814,shared_2l_1pool
742,4.387228051200509,0.37926179356873035,3.9012290071696043,shared_2l_1pool
743,4.34639398008585,0.3844471648335457,3.853234928101301,shared_2l_1pool
744,4.385689971968532,0.3833670634776354,3.8924231193959713,shared_2l_1pool
745,4.286837996914983,0.37612696178257465,3.803757019340992,shared_2l_1pool
746,4.294923972338438,0.38141896948218346,3.8017339538782835,shared_2l_1pool
747,4.25390899181366,0.3724009729921818,3.777820849791169,shared_2l_1pool
748,4.319031955674291,0.3713599871844053,3.8417018949985504,shared_2l_1pool
749,4.32600500062108,0.38815499283373356,3.8305330090224743,shared_2l_1pool
750,4.343390930444002,0.38434495218098164,3.851965069770813,shared_2l_1pool
751,4.3334870133548975,0.37601287476718426,3.8536640349775553,shared_2l_1pool
752,4.327076952904463,0.38330908864736557,3.839008044451475,shared_2l_1pool
753,4.351750947535038,0.38768211379647255,3.85579583235085,shared_2l_1pool
754,4.364795051515102,0.3762580454349518,3.883511060848832,shared_2l_1pool
755,4.291543969884515,0.38478500209748745,3.800859209150076,shared_2l_1pool
756,4.321248969063163,0.37360191345214844,3.839774988591671,shared_2l_1pool
757,5.597092909738421,1.4860411174595356,3.985536051914096,shared_2l_1pool
758,4.347231006249785,0.39462512359023094,3.845273982733488,shared_2l_1pool
759,4.330525174736977,0.37757703103125095,3.830994013696909,shared_2l_1pool
760,4.335976904258132,0.39429799653589725,3.8323618937283754,shared_2l_1pool
761,4.315773025155067,0.3881400916725397,3.82133387029171,shared_2l_1pool
762,4.303426016122103,0.37715001963078976,3.820026060566306,shared_2l_1pool
763,4.275829065591097,0.376902986317873,3.7955190055072308,shared_2l_1pool
764,4.338687052950263,0.3838499542325735,3.849791130051017,shared_2l_1pool
765,4.3853160459548235,0.38001593202352524,3.8977081421762705,shared_2l_1pool
766,4.309623036533594,0.37548900581896305,3.830876899883151,shared_2l_1pool
767,4.361511906608939,0.3803239669650793,3.8785450160503387,shared_2l_1pool
768,4.363289102911949,0.3761791158467531,3.882352961227298,shared_2l_1pool
769,4.295069957152009,0.38006994873285294,3.8101000245660543,shared_2l_1pool
770,4.347867099568248,0.3819300327450037,3.862205194309354,shared_2l_1pool
771,4.356906982138753,0.3743411507457495,3.8774479180574417,shared_2l_1pool
772,4.367932910099626,0.37847505882382393,3.883106866851449,shared_2l_1pool
773,5.628509912639856,1.500152051448822,4.002877976745367,shared_2l_1pool
774,4.342294996604323,0.3981760237365961,3.8319039158523083,shared_2l_1pool
775,4.293007077649236,0.37943199276924133,3.8082068786025047,shared_2l_1pool
776,4.285937873646617,0.38040499202907085,3.7994468584656715,shared_2l_1pool
777,4.332854878157377,0.3899990115314722,3.8390138652175665,shared_2l_1pool
778,4.392068134620786,0.3971569240093231,3.888254053890705,shared_2l_1pool
779,4.301775014027953,0.38046413101255894,3.8155808579176664,shared_2l_1pool
780,4.33230004273355,0.3862939774990082,3.834727918729186,shared_2l_1pool
781,4.280698020011187,0.375034986063838,3.8027060218155384,shared_2l_1pool
782,4.303953843191266,0.37847296334803104,3.817616030573845,shared_2l_1pool
783,4.350179107859731,0.383731909096241,3.8600689731538296,shared_2l_1pool
784,4.3254429474473,0.3852848894894123,3.83289298042655,shared_2l_1pool
785,4.280225140973926,0.37201307713985443,3.804157953709364,shared_2l_1pool
786,4.325872985646129,0.3702698741108179,3.85106704197824,shared_2l_1pool
787,4.369382979348302,0.3765248693525791,3.887765109539032,shared_2l_1pool
788,4.338636063039303,0.37457095459103584,3.8602629210799932,shared_2l_1pool
789,5.552993854507804,1.5247759874910116,3.905324963852763,shared_2l_1pool
790,4.357808968052268,0.38602203130722046,3.867116989567876,shared_2l_1pool
791,4.350683884695172,0.3811849746853113,3.867466002702713,shared_2l_1pool
792,4.39240294508636,0.3881209995597601,3.8961630780249834,shared_2l_1pool
793,4.3551630806177855,0.37939497269690037,3.8695719558745623,shared_2l_1pool
794,4.301129141822457,0.3845889586955309,3.8114709313958883,shared_2l_1pool
795,4.322579130530357,0.37908018566668034,3.830367000773549,shared_2l_1pool
796,4.314298974350095,0.38553308695554733,3.821674035862088,shared_2l_1pool
797,4.303721943870187,0.38953498005867004,3.807978006079793,shared_2l_1pool
798,4.285263130441308,0.38072397001087666,3.800214035436511,shared_2l_1pool
799,4.299024119973183,0.3787269815802574,3.816056065261364,shared_2l_1pool
800,4.285763017833233,0.3772259224206209,3.8040210492908955,shared_2l_1pool
801,4.344420041888952,0.3785029985010624,3.8626499008387327,shared_2l_1pool
802,4.3422800954431295,0.37902710027992725,3.8577639497816563,shared_2l_1pool
803,4.286654992029071,0.3750899340957403,3.8084969855844975,shared_2l_1pool
804,4.275314975529909,0.3783369902521372,3.7930698599666357,shared_2l_1pool
805,5.6553310714662075,1.5178299508988857,4.010389093309641,shared_2l_1pool
806,4.377557896077633,0.4000249318778515,3.8686031475663185,shared_2l_1pool
807,4.350419156253338,0.3874581307172775,3.857947885990143,shared_2l_1pool
808,4.354194970801473,0.38073817268013954,3.868540981784463,shared_2l_1pool
809,4.364534048363566,0.38885697722435,3.8698811549693346,shared_2l_1pool
810,4.36191214248538,0.3791968338191509,3.8778551388531923,shared_2l_1pool
811,4.35148598626256,0.3824301529675722,3.8622089195996523,shared_2l_1pool
812,4.273996921256185,0.38504297845065594,3.784923115745187,shared_2l_1pool
813,4.300293046981096,0.37412415258586407,3.822817001491785,shared_2l_1pool
814,4.350988892838359,0.3742510452866554,3.8713309913873672,shared_2l_1pool
815,4.254417028278112,0.37865201011300087,3.7717409431934357,shared_2l_1pool
816,4.2929030023515224,0.3684938419610262,3.8199431728571653,shared_2l_1pool
817,4.247922915965319,0.37609320133924484,3.7694049533456564,shared_2l_1pool
818,4.329429008066654,0.37797889672219753,3.8493541069328785,shared_2l_1pool
819,4.274172009900212,0.3731860779225826,3.798068966716528,shared_2l_1pool
820,4.261071095243096,0.37522404454648495,3.783293068408966,shared_2l_1pool
821,5.600344156846404,1.517800847068429,3.9558210410177708,shared_2l_1pool
822,4.3358770199120045,0.38921996019780636,3.8397021126002073,shared_2l_1pool
823,4.337074002251029,0.384107930585742,3.844542196020484,shared_2l_1pool
824,4.4409839902073145,0.39468915201723576,3.940615803003311,shared_2l_1pool
825,4.386479035019875,0.3798229154199362,3.901098156347871,shared_2l_1pool
826,4.344006069004536,0.38430606946349144,3.8438609335571527,shared_2l_1pool
827,4.351782146841288,0.3722649998962879,3.874175949022174,shared_2l_1pool
828,4.3434989638626575,0.3739891108125448,3.8657509721815586,shared_2l_1pool
829,4.336672835052013,0.38436311297118664,3.847086802124977,shared_2l_1pool
830,4.3344812002032995,0.3802711144089699,3.8490439765155315,shared_2l_1pool
831,4.361883038654923,0.37526292726397514,3.88163304887712,shared_2l_1pool
832,4.288003081455827,0.3831000067293644,3.800994949415326,shared_2l_1pool
833,4.3031880632042885,0.37363404408097267,3.825659863650799,shared_2l_1pool
834,4.284119000658393,0.3745490685105324,3.802655031904578,shared_2l_1pool
835,4.27763001061976,0.38662320002913475,3.786601824685931,shared_2l_1pool
836,4.276857944205403,0.3814469091594219,3.7879440933465958,shared_2l_1pool
837,5.645646946504712,1.5348410233855247,3.9871830958873034,shared_2l_1pool
838,4.399467958137393,0.3975699655711651,3.8950310554355383,shared_2l_1pool
839,4.3514021672308445,0.3843910526484251,3.8641029968857765,shared_2l_1pool
840,4.388701869174838,0.3884788602590561,3.8952850736677647,shared_2l_1pool
841,4.278002073988318,0.37885503843426704,3.7934700958430767,shared_2l_1pool
842,4.272653954103589,0.37900591269135475,3.7886900827288628,shared_2l_1pool
843,4.265195922926068,0.3789749462157488,3.781860927119851,shared_2l_1pool
844,4.255973035469651,0.3792149946093559,3.7715549115091562,shared_2l_1pool
845,4.270565928891301,0.3750859759747982,3.790302900597453,shared_2l_1pool
846,4.266006173565984,0.37391297519207,3.7863198667764664,shared_2l_1pool
847,4.32120100595057,0.39091287180781364,3.8270209915935993,shared_2l_1pool
848,4.292300203815103,0.3770010080188513,3.8064930122345686,shared_2l_1pool
849,4.252478946000338,0.37453114055097103,3.7720459513366222,shared_2l_1pool
850,4.256033105775714,0.3882839810103178,3.7630971055477858,shared_2l_1pool
851,4.255709005519748,0.38480409421026707,3.7643888499587774,shared_2l_1pool
852,4.329555900767446,0.377502990886569,3.8477301131933928,shared_2l_1pool
853,5.728842923417687,1.6239890828728676,3.9799660444259644,shared_2l_1pool
854,4.29410208016634,0.39374292828142643,3.792625153437257,shared_2l_1pool
855,4.363809945061803,0.3854162059724331,3.87504487298429,shared_2l_1pool
856,4.333395976573229,0.38843206129968166,3.8398711476475,shared_2l_1pool
857,4.342319909483194,0.3810920752584934,3.8553900085389614,shared_2l_1pool
858,4.343649838119745,0.38633006624877453,3.8517899811267853,shared_2l_1pool
859,4.29478520527482,0.382730970159173,3.795818891376257,shared_2l_1pool
860,4.279040964320302,0.38329605013132095,3.7872460670769215,shared_2l_1pool
861,4.319401923567057,0.3824580926448107,3.8322468753904104,shared_2l_1pool
862,4.368981812149286,0.39067305624485016,3.8736090064048767,shared_2l_1pool
863,4.337823949754238,0.3763039130717516,3.8585830479860306,shared_2l_1pool
864,4.279864951968193,0.38042012602090836,3.796217031776905,shared_2l_1pool
865,4.332280019298196,0.38328999653458595,3.8425889797508717,shared_2l_1pool
866,4.335316130891442,0.3755290526896715,3.8572000339627266,shared_2l_1pool
867,4.3184340465813875,0.37355278618633747,3.8394250441342592,shared_2l_1pool
868,4.269095836207271,0.382883008569479,3.7824800238013268,shared_2l_1pool
869,5.64213702455163,1.525720814242959,3.9907069876790047,shared_2l_1pool
870,4.357298836112022,0.39942003786563873,3.85287799872458,shared_2l_1pool
871,4.32201917283237,0.38838409818708897,3.8204998709261417,shared_2l_1pool
872,4.399269120767713,0.4025150556117296,3.888599807396531,shared_2l_1pool
873,4.42160596139729,0.39561185985803604,3.917032154276967,shared_2l_1pool
874,4.374264040961862,0.387364998459816,3.8804770447313786,shared_2l_1pool
875,4.366630921140313,0.38734101690351963,3.8715610280632973,shared_2l_1pool
876,4.375247983261943,0.38147205486893654,3.887200029566884,shared_2l_1pool
877,4.348056856542826,0.3758661914616823,3.866420825943351,shared_2l_1pool
878,4.323585890233517,0.3863100428134203,3.8332168478518724,shared_2l_1pool
879,4.318087128922343,0.3755029756575823,3.839225973933935,shared_2l_1pool
880,4.269336117431521,0.3769549075514078,3.787308931350708,shared_2l_1pool
881,4.334939178079367,0.38865115493535995,3.8393549621105194,shared_2l_1pool
882,4.332359181717038,0.3822071012109518,3.843862796202302,shared_2l_1pool
883,4.3544641230255365,0.38245879113674164,3.8658990524709225,shared_2l_1pool
884,4.375378834083676,0.3880527801811695,3.881491022184491,shared_2l_1pool
885,5.632432177662849,1.5280740335583687,3.9790149312466383,shared_2l_1pool
886,4.353709053248167,0.40598283521831036,3.839553100988269,shared_2l_1pool
887,4.3858070857822895,0.3930330276489258,3.8849548436701298,shared_2l_1pool
888,4.367829067632556,0.3857770934700966,3.8755349814891815,shared_2l_1pool
889,4.376417025923729,0.39042788557708263,3.8813010323792696,shared_2l_1pool
890,4.325907910242677,0.38183084689080715,3.8384711369872093,shared_2l_1pool
891,4.308933159336448,0.38947700522840023,3.8156770169734955,shared_2l_1pool
892,4.334924044087529,0.3782450221478939,3.844540799036622,shared_2l_1pool
893,4.345809109508991,0.38013793528079987,3.858087118715048,shared_2l_1pool
894,4.268459975719452,0.3925170749425888,3.7693290505558252,shared_2l_1pool
895,4.2750181164592505,0.38654403761029243,3.786367131397128,shared_2l_1pool
896,4.340193001553416,0.37788995541632175,3.8589800242334604,shared_2l_1pool
897,4.324257839471102,0.38209790363907814,3.835519077256322,shared_2l_1pool
898,4.2702630162239075,0.3891601227223873,3.7769998889416456,shared_2l_1pool
899,4.301172913983464,0.37725595757365227,3.8168879691511393,shared_2l_1pool
900,4.262004978954792,0.3882341552525759,3.7694259081035852,shared_2l_1pool
901,5.5737001821398735,1.521797850728035,3.9285700768232346,shared_2l_1pool
902,4.399372031912208,0.40561496280133724,3.8876619655638933,shared_2l_1pool
903,4.364386899396777,0.38515496999025345,3.873990150168538,shared_2l_1pool
904,4.34191501699388,0.3802850842475891,3.854357870295644,shared_2l_1pool
905,4.299822961911559,0.38248300552368164,3.8131021428853273,shared_2l_1pool
906,4.295031074434519,0.3922309260815382,3.7901250179857016,shared_2l_1pool
907,4.351665964350104,0.3821600694209337,3.866940038278699,shared_2l_1pool
908,4.331347066909075,0.3812778741121292,3.8465510588139296,shared_2l_1pool
909,4.3084388598799706,0.3856620751321316,3.8162528071552515,shared_2l_1pool
910,4.3199758511036634,0.379001023247838,3.8356520235538483,shared_2l_1pool
911,4.335649078711867,0.3786638844758272,3.8519410882145166,shared_2l_1pool
912,4.332009004428983,0.3908379003405571,3.835282986983657,shared_2l_1pool
913,4.330908879637718,0.377394026145339,3.8496970664709806,shared_2l_1pool
914,4.253837978467345,0.3814550582319498,3.768840804696083,shared_2l_1pool
915,4.323642002418637,0.3897720016539097,3.8223520386964083,shared_2l_1pool
916,4.301256034523249,0.3821959253400564,3.816395066678524,shared_2l_1pool
917,5.658082896843553,1.534721115604043,3.9956560358405113,shared_2l_1pool
918,4.41176095046103,0.40735420770943165,3.8976098876446486,shared_2l_1pool
919,4.340874962508678,0.3926730714738369,3.8430378772318363,shared_2l_1pool
920,4.386314190924168,0.3971438854932785,3.8825401570647955,shared_2l_1pool
921,4.382561892271042,0.3888609353452921,3.8854300510138273,shared_2l_1pool
922,4.3815430253744125,0.38633798249065876,3.887598169967532,shared_2l_1pool
923,4.387276945635676,0.3884369507431984,3.8855639286339283,shared_2l_1pool
924,4.3533300049602985,0.38563297130167484,3.8609090261161327,shared_2l_1pool
925,4.366552922874689,0.3893771208822727,3.873653942719102,shared_2l_1pool
926,4.368016961961985,0.3838499542325735,3.875826019793749,shared_2l_1pool
927,4.32053511030972,0.38366694934666157,3.8330049719661474,shared_2l_1pool
928,4.392227157950401,0.39185211062431335,3.894234076142311,shared_2l_1pool
929,4.340621177107096,0.3801139537245035,3.8543022237718105,shared_2l_1pool
930,4.300878150388598,0.38453913293778896,3.809700021520257,shared_2l_1pool
931,4.297903040423989,0.3898369614034891,3.804129082709551,shared_2l_1pool
932,4.321944899857044,0.3786659799516201,3.8408690597862005,shared_2l_1pool
933,5.668099038302898,1.5371982008218765,4.006014904007316,shared_2l_1pool
934,4.360467195510864,0.40256092324852943,3.8504970725625753,shared_2l_1pool
935,4.384365864098072,0.3929920494556427,3.8857311010360718,shared_2l_1pool
936,4.3462461326271296,0.3930400125682354,3.8451289292424917,shared_2l_1pool
937,4.323096014559269,0.39457716047763824,3.8236610125750303,shared_2l_1pool
938,4.357411060482264,0.383088830858469,3.8683281745761633,shared_2l_1pool
939,4.328715149313211,0.3959618043154478,3.828647080808878,shared_2l_1pool
940,4.340210929512978,0.38690795190632343,3.8492530584335327,shared_2l_1pool
941,4.300295142456889,0.3875030670315027,3.8086269050836563,shared_2l_1pool
942,4.380163969472051,0.3880669828504324,3.8857711479067802,shared_2l_1pool
943,4.377993987873197,0.3895109985023737,3.8800309412181377,shared_2l_1pool
944,4.288133000954986,0.3943690098822117,3.789088921621442,shared_2l_1pool
945,4.337582970038056,0.38404203951358795,3.8443829398602247,shared_2l_1pool
946,4.275257000699639,0.38041709922254086,3.792822826653719,shared_2l_1pool
947,4.317620070651174,0.3880320582538843,3.8255578838288784,shared_2l_1pool
948,4.295608028769493,0.38682902231812477,3.804401960223913,shared_2l_1pool
949,5.642019910737872,1.5236870385706425,3.99376405403018,shared_2l_1pool
950,4.395937081426382,0.41240802966058254,3.877481911331415,shared_2l_1pool
951,4.359910963103175,0.38783601485192776,3.866058075800538,shared_2l_1pool
952,4.336038138717413,0.39092497900128365,3.841673955321312,shared_2l_1pool
953,4.378797952085733,0.38471794687211514,3.8902009837329388,shared_2l_1pool
954,4.318424966186285,0.38683810271322727,3.826628904789686,shared_2l_1pool
955,4.36588516458869,0.3926139324903488,3.8638070691376925,shared_2l_1pool
956,4.304626025259495,0.38057519122958183,3.8222218863666058,shared_2l_1pool
957,4.31339698843658,0.3868741914629936,3.8251818623393774,shared_2l_1pool
958,4.315666854381561,0.3850068897008896,3.8279721047729254,shared_2l_1pool
959,4.351722076535225,0.38064620457589626,3.8681027945131063,shared_2l_1pool
960,4.3271430768072605,0.3833209630101919,3.840974997729063,shared_2l_1pool
961,4.300502827391028,0.3858290147036314,3.812588984146714,shared_2l_1pool
962,4.362185951322317,0.38181617856025696,3.8751938845962286,shared_2l_1pool
963,4.338501952588558,0.38133421912789345,3.855326911434531,shared_2l_1pool
964,4.344977904111147,0.3814809024333954,3.856969065964222,shared_2l_1pool
965,5.626019090414047,1.5075530391186476,3.992425976321101,shared_2l_1pool
966,4.360273014754057,0.41049206629395485,3.8425771053880453,shared_2l_1pool
967,4.37918514944613,0.3964060451835394,3.8746169302612543,shared_2l_1pool
968,4.371589049696922,0.3867992199957371,3.8813529536128044,shared_2l_1pool
969,4.392446018755436,0.38855685852468014,3.897820133715868,shared_2l_1pool
970,4.277169005945325,0.3865309990942478,3.7860169541090727,shared_2l_1pool
971,4.335360135883093,0.3773709759116173,3.836472984403372,shared_2l_1pool
972,4.2961819563061,0.3987369127571583,3.790423972532153,shared_2l_1pool
973,4.285678965970874,0.3911079838871956,3.7874660920351744,shared_2l_1pool
974,4.257012158632278,0.38665998727083206,3.7657080683857203,shared_2l_1pool
975,4.286580951884389,0.3878520801663399,3.7920449394732714,shared_2l_1pool
976,4.276142921298742,0.3838450647890568,3.7878709845244884,shared_2l_1pool
977,4.298610147088766,0.3769190516322851,3.817908000200987,shared_2l_1pool
978,4.294189857318997,0.38506905548274517,3.8030759897083044,shared_2l_1pool
979,4.305096110329032,0.3895079717040062,3.8104739505797625,shared_2l_1pool
980,4.282559035345912,0.38313400000333786,3.7930619437247515,shared_2l_1pool
981,5.644076969474554,1.5355339273810387,3.9857199881225824,shared_2l_1pool
982,4.405807005241513,0.40491996333003044,3.892740933224559,shared_2l_1pool
983,4.297117004171014,0.41192001663148403,3.7804609164595604,shared_2l_1pool
984,4.324551904574037,0.3983122296631336,3.820854937657714,shared_2l_1pool
985,4.338431172072887,0.3911240492016077,3.8428648840636015,shared_2l_1pool
986,4.362144973129034,0.3923969343304634,3.863577963784337,shared_2l_1pool
987,4.399532917886972,0.39594806730747223,3.8986080326139927,shared_2l_1pool
988,4.369565052911639,0.38931588642299175,3.875044174492359,shared_2l_1pool
989,4.304573871195316,0.39695086888968945,3.795183962211013,shared_2l_1pool
990,4.325468093156815,0.38613611832261086,3.8329248782247305,shared_2l_1pool
991,4.290096927434206,0.38751494139432907,3.7966289091855288,shared_2l_1pool
992,4.280725959688425,0.39256992749869823,3.7829019129276276,shared_2l_1pool
993,4.330015974119306,0.3988200332969427,3.823696868494153,shared_2l_1pool
994,4.349106922745705,0.389310996979475,3.855534829199314,shared_2l_1pool
995,4.296740982681513,0.3899319563060999,3.8034298922866583,shared_2l_1pool
996,4.381350940093398,0.39680907502770424,3.8794700521975756,shared_2l_1pool
997,5.669330013915896,1.5247089322656393,4.015370039269328,shared_2l_1pool
998,4.341405816376209,0.3948439843952656,3.838953096419573,shared_2l_1pool
999,4.365680972114205,0.4000698681920767,3.8598100654780865,shared_2l_1pool
1000,4.4048388954252005,0.39797904901206493,3.899791045114398,shared_2l_1pool
1001,4.397425102069974,0.38008298724889755,3.9108050987124443,shared_2l_1pool
1002,4.320081789046526,0.3859899006783962,3.8304009940475225,shared_2l_1pool
1003,4.312204895541072,0.39628101512789726,3.8113980554044247,shared_2l_1pool
1004,4.315678030252457,0.38151093758642673,3.8316401187330484,shared_2l_1pool
1005,4.285142989829183,0.37871720269322395,3.801206825301051,shared_2l_1pool
1006,4.315603990107775,0.3919098526239395,3.8166390731930733,shared_2l_1pool
1007,4.3072139378637075,0.38506905548274517,3.8183610886335373,shared_2l_1pool
1008,4.30900719948113,0.3821889404207468,3.8219469133764505,shared_2l_1pool
1009,4.28020185790956,0.38451305590569973,3.791926894336939,shared_2l_1pool
1010,4.349190043285489,0.38185808807611465,3.8619269616901875,shared_2l_1pool
1011,4.350695991888642,0.3908060025423765,3.855207934975624,shared_2l_1pool
1012,4.328623181208968,0.38985302671790123,3.828854998573661,shared_2l_1pool
1013,5.661583039909601,1.5294488985091448,4.001219989731908,shared_2l_1pool
1014,4.409757908433676,0.4102520179003477,3.8942559622228146,shared_2l_1pool
1015,4.370706854388118,0.39321999065577984,3.8724609185010195,shared_2l_1pool
1016,4.383828025311232,0.4017241299152374,3.8749128580093384,shared_2l_1pool
1017,4.278399981558323,0.401156023144722,3.773600095883012,shared_2l_1pool
1018,4.322917200624943,0.3921180032193661,3.82427591830492,shared_2l_1pool
1019,4.311888013035059,0.390330096706748,3.8163179997354746,shared_2l_1pool
1020,4.315009107813239,0.3936588764190674,3.8152809720486403,shared_2l_1pool
1021,4.264747025445104,0.38542598485946655,3.77691094763577,shared_2l_1pool
1022,4.385300911962986,0.38707791827619076,3.894795896485448,shared_2l_1pool
1023,4.307216964662075,0.3969899844378233,3.80463688634336,shared_2l_1pool
1024,4.384130006656051,0.38544717244803905,3.89148504473269,shared_2l_1pool
1025,4.32942109182477,0.39584003388881683,3.826721804216504,shared_2l_1pool
1026,4.302800865843892,0.3977289889007807,3.800885984674096,shared_2l_1pool
1027,4.3140200432389975,0.3844259772449732,3.824888030067086,shared_2l_1pool
1028,4.347371868789196,0.3897561691701412,3.8504689000546932,shared_2l_1pool
1029,5.7833639439195395,1.6606219578534365,3.998737083747983,shared_2l_1pool
1030,4.386014072224498,0.4124010447412729,3.865571925416589,shared_2l_1pool
1031,4.342291969805956,0.3914290573447943,3.8447128608822823,shared_2l_1pool
1032,4.394999938085675,0.3959990572184324,3.8938489742577076,shared_2l_1pool
1033,4.3999128974974155,0.39777206256985664,3.8971370086073875,shared_2l_1pool
1034,4.3897549621760845,0.3909338265657425,3.891673171892762,shared_2l_1pool
1035,4.299377091228962,0.3970218822360039,3.7978109903633595,shared_2l_1pool
1036,4.350277129560709,0.3920260351151228,3.8518039509654045,shared_2l_1pool
1037,4.292815923690796,0.3859659191220999,3.804912092164159,shared_2l_1pool
1038,4.379617050290108,0.38685486651957035,3.887374186888337,shared_2l_1pool
1039,4.279016051441431,0.3967150114476681,3.7785880267620087,shared_2l_1pool
1040,4.305972019210458,0.38392189890146255,3.81802418269217,shared_2l_1pool
1041,4.306894028559327,0.3796371165663004,3.8230379577726126,shared_2l_1pool
1042,4.348941147327423,0.39660301990807056,3.849694039672613,shared_2l_1pool
1043,4.292614059522748,0.38738688454031944,3.80194210447371,shared_2l_1pool
1044,4.296218976378441,0.3924211487174034,3.797488985583186,shared_2l_1pool
1045,5.66647807136178,1.5369551256299019,4.003841895610094,shared_2l_1pool
1046,4.3164941016584635,0.4068210255354643,3.803777042776346,shared_2l_1pool
1047,4.3269130401313305,0.39955414831638336,3.8228118792176247,shared_2l_1pool
1048,4.384471103549004,0.3860651049762964,3.8934519980102777,shared_2l_1pool
1049,4.326399182900786,0.3933650441467762,3.827339969575405,shared_2l_1pool
1050,4.328709794208407,0.3959548193961382,3.828230081126094,shared_2l_1pool
1051,4.341592779383063,0.38954801857471466,3.8461668882519007,shared_2l_1pool
1052,4.300514003261924,0.38715521804988384,3.806876949965954,shared_2l_1pool
1053,4.308805102482438,0.39803702384233475,3.8069419097155333,shared_2l_1pool
1054,4.369613016024232,0.3913659602403641,3.8708120118826628,shared_2l_1pool
1055,4.396103089675307,0.3909959923475981,3.8991188630461693,shared_2l_1pool
1056,4.326127003878355,0.39599696174263954,3.825104096904397,shared_2l_1pool
1057,4.336233017966151,0.3905708435922861,3.839822020381689,shared_2l_1pool
1058,4.308398114517331,0.3936109133064747,3.808672074228525,shared_2l_1pool
1059,4.321459913626313,0.3924008924514055,3.824541112408042,shared_2l_1pool
1060,4.268442047759891,0.3857300616800785,3.780566854402423,shared_2l_1pool
1061,5.651241866871715,1.5237769111990929,4.0028810035437346,shared_2l_1pool
1062,4.371745977550745,0.40610088035464287,3.8593050558120012,shared_2l_1pool
1063,4.320485983043909,0.40231808088719845,3.8118839729577303,shared_2l_1pool
1064,4.319354891777039,0.39540487341582775,3.818243043497205,shared_2l_1pool
1065,4.4076149351894855,0.3943410702049732,3.909399965777993,shared_2l_1pool
1066,4.384288797155023,0.4003439098596573,3.878480987623334,shared_2l_1pool
1067,4.316490143537521,0.39687100797891617,3.814338007941842,shared_2l_1pool
1068,4.326788941398263,0.39170682430267334,3.8307690992951393,shared_2l_1pool
1069,4.2891548946499825,0.39359694346785545,3.7862779572606087,shared_2l_1pool
1070,4.297161009162664,0.38834894075989723,3.8030091673135757,shared_2l_1pool
1071,4.273506812751293,0.3851188812404871,3.784650005400181,shared_2l_1pool
1072,4.359933780506253,0.4100471269339323,3.8432639557868242,shared_2l_1pool
1073,4.3897300492972136,0.41183200664818287,3.871795954182744,shared_2l_1pool
1074,4.414018010720611,0.39227702654898167,3.9153890684247017,shared_2l_1pool
1075,4.325795918703079,0.4044491797685623,3.816806012764573,shared_2l_1pool
1076,4.330716095864773,0.3910150844603777,3.834798000752926,shared_2l_1pool
1077,5.686793942004442,1.5510320663452148,4.008864983916283,shared_2l_1pool
1078,4.4176781084388494,0.4055208992213011,3.903778037056327,shared_2l_1pool
1079,4.414751892909408,0.406868988648057,3.8995780050754547,shared_2l_1pool
1080,4.298344952985644,0.39221905171871185,3.795614931732416,shared_2l_1pool
1081,4.3089669197797775,0.38819387555122375,3.816690994426608,shared_2l_1pool
1082,4.28248499520123,0.3964710049331188,3.7803479935973883,shared_2l_1pool
1083,4.285908071324229,0.3951678518205881,3.7867941427975893,shared_2l_1pool
1084,4.273266065865755,0.38680480793118477,3.78235406242311,shared_2l_1pool
1085,4.31227614171803,0.38702995516359806,3.8215010426938534,shared_2l_1pool
1086,4.317346028983593,0.39305281825363636,3.8177291862666607,shared_2l_1pool
1087,4.377392120659351,0.3905340563505888,3.880918025970459,shared_2l_1pool
1088,4.345492925494909,0.39385585114359856,3.846102161332965,shared_2l_1pool
1089,4.304009024053812,0.3960239700973034,3.8055800832808018,shared_2l_1pool
1090,4.28945105522871,0.38628512993454933,3.7995148450136185,shared_2l_1pool
1091,4.369150847196579,0.3907580394297838,3.872196888551116,shared_2l_1pool
1092,4.387715132907033,0.4013401921838522,3.879440017044544,shared_2l_1pool
1093,5.6952438317239285,1.5397260431200266,4.030552925541997,shared_2l_1pool
1094,4.416320007294416,0.41757686994969845,3.8914780598133802,shared_2l_1pool
1095,4.344220040366054,0.39515597745776176,3.8460721261799335,shared_2l_1pool
1096,4.326942143961787,0.39463816210627556,3.822679864242673,shared_2l_1pool
1097,4.331145901232958,0.3892309032380581,3.8384241051971912,shared_2l_1pool
1098,4.34131408110261,0.3903070464730263,3.846345003694296,shared_2l_1pool
1099,4.342219093814492,0.3989660181105137,3.823414910584688,shared_2l_1pool
1100,4.366911947727203,0.4062850493937731,3.849408822134137,shared_2l_1pool
1101,4.403498023748398,0.40882593020796776,3.8903451059013605,shared_2l_1pool
1102,4.395975032821298,0.410362146794796,3.877996001392603,shared_2l_1pool
1103,4.398324992507696,0.3919119480997324,3.900429932400584,shared_2l_1pool
1104,4.377119010314345,0.39959605783224106,3.8669328205287457,shared_2l_1pool
1105,4.347207024693489,0.3935080021619797,3.8475010078400373,shared_2l_1pool
1106,4.327580099925399,0.3982977941632271,3.825250081717968,shared_2l_1pool
1107,4.386462038382888,0.4043679218739271,3.8752511609345675,shared_2l_1pool
1108,4.32787393219769,0.39573595859110355,3.827112028375268,shared_2l_1pool
1109,5.64868887886405,1.54932402074337,3.972743870690465,shared_2l_1pool
1110,4.440030083060265,0.4153880290687084,3.918931121006608,shared_2l_1pool
1111,4.3297382071614265,0.3993140999227762,3.826138097792864,shared_2l_1pool
1112,4.404467064887285,0.4078969359397888,3.890399122610688,shared_2l_1pool
1113,4.320275969803333,0.39398297667503357,3.821996971964836,shared_2l_1pool
1114,4.462016047909856,0.3990109544247389,3.9540110155940056,shared_2l_1pool
1115,4.423607839271426,0.407614978030324,3.9080469869077206,shared_2l_1pool
1116,4.3943519704043865,0.4020589403808117,3.8839150220155716,shared_2l_1pool
1117,4.381759092211723,0.4054359160363674,3.8715980481356382,shared_2l_1pool
1118,4.395327065140009,0.3913780674338341,3.896201029419899,shared_2l_1pool
1119,4.390675108879805,0.40219095535576344,3.8832288701087236,shared_2l_1pool
1120,4.374613985419273,0.39454386569559574,3.876134054735303,shared_2l_1pool
1121,4.360024118795991,0.3910099621862173,3.863709047436714,shared_2l_1pool
1122,4.342157859355211,0.4025879316031933,3.8329740054905415,shared_2l_1pool
1123,4.380550002679229,0.3920849412679672,3.8831359706819057,shared_2l_1pool
1124,4.381902981549501,0.39591919630765915,3.8827629759907722,shared_2l_1pool
1125,5.715721985325217,1.5503549948334694,4.039279883727431,shared_2l_1pool
1126,4.3915631249547005,0.41969609446823597,3.8641439750790596,shared_2l_1pool
1127,4.326669033616781,0.40380400605499744,3.814841853454709,shared_2l_1pool
1128,4.358546808362007,0.3990619443356991,3.855326911434531,shared_2l_1pool
1129,4.374466836452484,0.40715793147683144,3.8626750465482473,shared_2l_1pool
1130,4.38658706843853,0.39521208964288235,3.885595826432109,shared_2l_1pool
1131,4.394348012283444,0.4016959574073553,3.887241007760167,shared_2l_1pool
1132,4.303035093471408,0.3954879939556122,3.8016471080482006,shared_2l_1pool
1133,4.311186028644443,0.39778207428753376,3.809806890785694,shared_2l_1pool
1134,4.398002056404948,0.398159958422184,3.890641964972019,shared_2l_1pool
1135,4.353347001597285,0.39634108543395996,3.855007002130151,shared_2l_1pool
1136,4.397890064865351,0.3943911287933588,3.8968860171735287,shared_2l_1pool
1137,4.347970010712743,0.40561193600296974,3.8347390946000814,shared_2l_1pool
1138,4.374805139377713,0.39910408668220043,3.8702271413058043,shared_2l_1pool
1139,4.373589996248484,0.39984099566936493,3.8646559696644545,shared_2l_1pool
1140,4.351948853582144,0.40529691614210606,3.840796183794737,shared_2l_1pool
1141,5.683121038600802,1.5538230072706938,4.004859132692218,shared_2l_1pool
1142,4.414424998685718,0.4192320629954338,3.887237049639225,shared_2l_1pool
1143,4.325273912400007,0.4014309961348772,3.820217913016677,shared_2l_1pool
1144,4.387676948681474,0.3991809207946062,3.8818230386823416,shared_2l_1pool
1145,4.407755099236965,0.40161912329494953,3.901243908330798,shared_2l_1pool
1146,4.338540136814117,0.39082905277609825,3.8438159972429276,shared_2l_1pool
1147,4.322875989601016,0.40005194023251534,3.8190470077097416,shared_2l_1pool
1148,4.356923047453165,0.38931798189878464,3.865516046062112,shared_2l_1pool
1149,4.301543114706874,0.38617197424173355,3.812562907114625,shared_2l_1pool
1150,4.303584806621075,0.40021887980401516,3.799912054091692,shared_2l_1pool
1151,4.314430058002472,0.3941620234400034,3.817385993897915,shared_2l_1pool
1152,4.276813939213753,0.3875188995152712,3.7861650343984365,shared_2l_1pool
1153,4.308999050408602,0.4031839780509472,3.8007779512554407,shared_2l_1pool
1154,4.365050932392478,0.3946919459849596,3.8652780931442976,shared_2l_1pool
1155,4.306711023673415,0.39798999205231667,3.803304862231016,shared_2l_1pool
1156,4.319510888308287,0.40043191984295845,3.8077260833233595,shared_2l_1pool
1157,5.725030088797212,1.5606649685651064,4.0368190966546535,shared_2l_1pool
1158,4.428950138390064,0.41437684558331966,3.9072611834853888,shared_2l_1pool
1159,4.403342958539724,0.40020281448960304,3.896955167874694,shared_2l_1pool
1160,4.3875169940292835,0.3963459748774767,3.87840298935771,shared_2l_1pool
1161,4.381267121061683,0.3966118674725294,3.879223018884659,shared_2l_1pool
1162,4.320913227275014,0.3967660013586283,3.8181389681994915,shared_2l_1pool
1163,4.371152957901359,0.40530809201300144,3.8588179741054773,shared_2l_1pool
1164,4.339312901720405,0.4014261066913605,3.833338851109147,shared_2l_1pool
1165,4.35480591841042,0.39532617665827274,3.8536819629371166,shared_2l_1pool
1166,4.420703975483775,0.41326205246150494,3.9014299400150776,shared_2l_1pool
1167,4.429129883646965,0.3965850919485092,3.92272905446589,shared_2l_1pool
1168,4.358604084700346,0.41048997081816196,3.840802935883403,shared_2l_1pool
1169,4.34036017395556,0.3969829995185137,3.8376159500330687,shared_2l_1pool
1170,4.328969167545438,0.4008000250905752,3.8211969658732414,shared_2l_1pool
1171,4.309467040002346,0.40074693970382214,3.805690910667181,shared_2l_1pool
1172,4.316035890951753,0.3950679674744606,3.8171361666172743,shared_2l_1pool
1173,5.632776999846101,1.553859794512391,3.957288106903434,shared_2l_1pool
1174,4.396572941914201,0.40567805990576744,3.8831608835607767,shared_2l_1pool
1175,4.337121965363622,0.4029320552945137,3.8298240397125483,shared_2l_1pool
1176,4.31207288056612,0.4039560444653034,3.80384991876781,shared_2l_1pool
1177,4.303631838411093,0.3988260868936777,3.800102975219488,shared_2l_1pool
1178,4.29605389945209,0.39511709474027157,3.7967099342495203,shared_2l_1pool
1179,4.292549099773169,0.39550592191517353,3.7919729948043823,shared_2l_1pool
1180,4.321818007156253,0.40046684443950653,3.8154530338943005,shared_2l_1pool
1181,4.308555042371154,0.40053296834230423,3.802178893238306,shared_2l_1pool
1182,4.424097947776318,0.40027801878750324,3.9164740592241287,shared_2l_1pool
1183,4.405467072501779,0.4006728995591402,3.8987770676612854,shared_2l_1pool
1184,4.3675408232957125,0.3989981487393379,3.8606098387390375,shared_2l_1pool
1185,4.305076785385609,0.40130014531314373,3.796276869252324,shared_2l_1pool
1186,4.317495971918106,0.3935007844120264,3.820367157459259,shared_2l_1pool
1187,4.367599030956626,0.38920785300433636,3.875295165926218,shared_2l_1pool
1188,4.341020947322249,0.39808801375329494,3.8408490363508463,shared_2l_1pool
1189,5.63154905103147,1.5345180872827768,3.971757832914591,shared_2l_1pool
1190,4.398229997605085,0.4191079642623663,3.8731321692466736,shared_2l_1pool
1191,4.329378018155694,0.40262797847390175,3.8215629756450653,shared_2l_1pool
1192,4.30552801117301,0.4104399122297764,3.7873999681323767,shared_2l_1pool
1193,4.296198021620512,0.40685897693037987,3.7843759637326,shared_2l_1pool
1194,4.337853053584695,0.3978761378675699,3.832106012851,shared_2l_1pool
1195,4.313803045079112,0.39985100738704205,3.8089018780738115,shared_2l_1pool
1196,4.297381965443492,0.40134997107088566,3.790270071476698,shared_2l_1pool
1197,4.261774010956287,0.3940449096262455,3.761555999517441,shared_2l_1pool
1198,4.280311055481434,0.3979378379881382,3.7790019996464252,shared_2l_1pool
1199,4.319746978580952,0.3992728888988495,3.8131200708448887,shared_2l_1pool
1200,4.314329940825701,0.40821684524416924,3.801646176725626,shared_2l_1pool
1201,4.27829404361546,0.39840885438025,3.7776289973407984,shared_2l_1pool
1202,4.343876847997308,0.39867102168500423,3.8422199431806803,shared_2l_1pool
1203,4.269788041710854,0.3994570579379797,3.7646149285137653,shared_2l_1pool
1204,4.266080912202597,0.3923671320080757,3.770550014451146,shared_2l_1pool
1205,5.6723731104284525,1.5558830928057432,3.9868908934295177,shared_2l_1pool
1206,4.373572068288922,0.41016004979610443,3.8564419373869896,shared_2l_1pool
1207,4.367355024442077,0.4152499604970217,3.8461838848888874,shared_2l_1pool
1208,4.353568889200687,0.4050421994179487,3.843492828309536,shared_2l_1pool
1209,4.3583340011537075,0.4001581110060215,3.8513948675245047,shared_2l_1pool
1210,4.393268143758178,0.4016051534563303,3.8854158483445644,shared_2l_1pool
1211,4.319600062444806,0.39739906787872314,3.817538032308221,shared_2l_1pool
1212,4.346641944721341,0.394047936424613,3.8463070522993803,shared_2l_1pool
1213,4.349243128672242,0.4139759112149477,3.8300601299852133,shared_2l_1pool
1214,4.36912989243865,0.4003888461738825,3.8625281304121017,shared_2l_1pool
1215,4.392736125737429,0.4134459886699915,3.8726769853383303,shared_2l_1pool
1216,4.3520990293473005,0.40172203443944454,3.8426050450652838,shared_2l_1pool
1217,4.3484847992658615,0.40071201510727406,3.8417871110141277,shared_2l_1pool
1218,4.3297428637743,0.40716794319450855,3.8121510297060013,shared_2l_1pool
1219,4.2852601036429405,0.39826403371989727,3.7832818925380707,shared_2l_1pool
1220,4.2790069710463285,0.3939520101994276,3.7820020224899054,shared_2l_1pool
1221,5.650534993037581,1.5484730247408152,3.975692903622985,shared_2l_1pool
1222,4.380014957860112,0.41428697295486927,3.8591481279581785,shared_2l_1pool
1223,4.289104137569666,0.41075400076806545,3.7735491059720516,shared_2l_1pool
1224,4.349652910605073,0.41079986840486526,3.830155124887824,shared_2l_1pool
1225,4.3031200766563416,0.40059396997094154,3.7968719843775034,shared_2l_1pool
1226,4.299895139411092,0.40228012949228287,3.7924780044704676,shared_2l_1pool
1227,4.28560096770525,0.40579913184046745,3.775611985474825,shared_2l_1pool
1228,4.346492933109403,0.39179204031825066,3.8501799572259188,shared_2l_1pool
1229,4.3506810907274485,0.4000880289822817,3.8451740983873606,shared_2l_1pool
1230,4.370416048914194,0.40295510552823544,3.858956042677164,shared_2l_1pool
1231,4.299836931750178,0.3973401617258787,3.7975299637764692,shared_2l_1pool
1232,4.2892699129879475,0.40060002356767654,3.784382017329335,shared_2l_1pool
1233,4.290758864954114,0.4063178785145283,3.7803940940648317,shared_2l_1pool
1234,4.311423981562257,0.3995338920503855,3.804028034210205,shared_2l_1pool
1235,4.290421027690172,0.39887893944978714,3.787311026826501,shared_2l_1pool
1236,4.335200181230903,0.40450203232467175,3.8265769835561514,shared_2l_1pool
1237,5.6448220275342464,1.5390950720757246,3.981502028182149,shared_2l_1pool
1238,4.322072025388479,0.41038403287529945,3.8042610976845026,shared_2l_1pool
1239,4.330398049205542,0.4034040030092001,3.8222349248826504,shared_2l_1pool
1240,4.295870894566178,0.39525306783616543,3.7957539316266775,shared_2l_1pool
1241,4.316714126616716,0.4063060041517019,3.7991059944033623,shared_2l_1pool
1242,4.297039937227964,0.39596110582351685,3.79342888481915,shared_2l_1pool
1243,4.3263910338282585,0.39505003951489925,3.804147010669112,shared_2l_1pool
1244,4.313761834055185,0.40892395190894604,3.79480910487473,shared_2l_1pool
1245,4.333837889134884,0.39789313450455666,3.8295029662549496,shared_2l_1pool
1246,4.299498861655593,0.4038249608129263,3.7935650907456875,shared_2l_1pool
1247,4.337676102295518,0.4040459170937538,3.830580972135067,shared_2l_1pool
1248,4.289901116862893,0.4005639348179102,3.7880679592490196,shared_2l_1pool
1249,4.274867940694094,0.398924108594656,3.7710668984800577,shared_2l_1pool
1250,4.2890210170298815,0.41006295941770077,3.7748010363429785,shared_2l_1pool
1251,4.383352119475603,0.4063399974256754,3.8700620643794537,shared_2l_1pool
1252,4.386269021779299,0.40005496703088284,3.880474017933011,shared_2l_1pool
1253,5.656488938257098,1.55917601659894,3.972375998273492,shared_2l_1pool
1254,4.355395911261439,0.4093360621482134,3.8407149259001017,shared_2l_1pool
1255,4.363508895039558,0.41179079562425613,3.841488156467676,shared_2l_1pool
1256,4.3978511821478605,0.4083649255335331,3.881672862917185,shared_2l_1pool
1257,4.419806180521846,0.4025399684906006,3.908328013494611,shared_2l_1pool
1258,4.448475083336234,0.42331707663834095,3.9203029591590166,shared_2l_1pool
1259,4.378719953820109,0.40429714135825634,3.8667418994009495,shared_2l_1pool
1260,4.3296299409121275,0.4078398924320936,3.8163859862834215,shared_2l_1pool
1261,4.308198811486363,0.3984388895332813,3.8034291937947273,shared_2l_1pool
1262,4.324020119383931,0.39984099566936493,3.8181040436029434,shared_2l_1pool
1263,4.305379930883646,0.40675606578588486,3.793451003730297,shared_2l_1pool
1264,4.302087938413024,0.39612408727407455,3.8020769134163857,shared_2l_1pool
1265,4.343087086454034,0.3926670178771019,3.8452199660241604,shared_2l_1pool
1266,4.381198901683092,0.3986549563705921,3.873328911140561,shared_2l_1pool
1267,4.33766096830368,0.3991289995610714,3.8325851783156395,shared_2l_1pool
1268,4.356877179816365,0.3952740225940943,3.8564440328627825,shared_2l_1pool
1269,5.880068056285381,1.7301070038229227,4.023343091830611,shared_2l_1pool
1270,4.406844032928348,0.42190286330878735,3.8800991605967283,shared_2l_1pool
1271,4.428431857377291,0.4093470051884651,3.9110539946705103,shared_2l_1pool
1272,4.431799985468388,0.40680798701941967,3.9154880214482546,shared_2l_1pool
1273,4.380520898848772,0.4073211457580328,3.8611360359936953,shared_2l_1pool
1274,4.396121948957443,0.40380307473242283,3.8867169059813023,shared_2l_1pool
1275,4.3338630348443985,0.41090999729931355,3.8181059062480927,shared_2l_1pool
1276,4.381034057587385,0.39628916420042515,3.8796458393335342,shared_2l_1pool
1277,4.385905107483268,0.4029129631817341,3.878257004544139,shared_2l_1pool
1278,4.4314691331237555,0.40988787077367306,3.916525049135089,shared_2l_1pool
1279,4.327524919062853,0.40437793359160423,3.8183010183274746,shared_2l_1pool
1280,4.3589121196419,0.4103858955204487,3.8360331673175097,shared_2l_1pool
1281,4.3357061222195625,0.4070389550179243,3.824003040790558,shared_2l_1pool
1282,4.338232101872563,0.404733931645751,3.827730193734169,shared_2l_1pool
1283,4.284234018996358,0.4078561905771494,3.765575820580125,shared_2l_1pool
1284,4.382639890536666,0.39862794801592827,3.8767140358686447,shared_2l_1pool
1285,5.652056075632572,1.57239381223917,3.9522070437669754,shared_2l_1pool
1286,4.407176980748773,0.42106187902390957,3.878335002809763,shared_2l_1pool
1287,4.39886306412518,0.4077758640050888,3.8880950305610895,shared_2l_1pool
1288,4.423944978043437,0.4173580091446638,3.899902105331421,shared_2l_1pool
1289,4.365155007690191,0.4053821321576834,3.85439395904541,shared_2l_1pool
1290,4.339804872870445,0.41178707033395767,3.8156979717314243,shared_2l_1pool
1291,4.33439901098609,0.40286104194819927,3.828146029263735,shared_2l_1pool
1292,4.291906021535397,0.3964221104979515,3.7906779907643795,shared_2l_1pool
1293,4.303802037611604,0.40932418778538704,3.7885799538344145,shared_2l_1pool
1294,4.261616850271821,0.41273911483585835,3.7454289849847555,shared_2l_1pool
1295,4.302500979974866,0.4010109696537256,3.7950698751956224,shared_2l_1pool
1296,4.316600039601326,0.4040778148919344,3.8086131680756807,shared_2l_1pool
1297,4.395907046273351,0.4035760648548603,3.8859029300510883,shared_2l_1pool
1298,4.305164096876979,0.39851898327469826,3.8023379165679216,shared_2l_1pool
1299,4.297510022297502,0.40886993519961834,3.7832350935786963,shared_2l_1pool
1300,4.312169970944524,0.4048000555485487,3.802162827923894,shared_2l_1pool
1301,5.6849929969757795,1.563643803820014,3.9949710480868816,shared_2l_1pool
1302,4.356485093012452,0.42667798697948456,3.8237818516790867,shared_2l_1pool
1303,4.360239952802658,0.4124001134186983,3.8421829231083393,shared_2l_1pool
1304,4.3612339068204165,0.4146869760006666,3.835792886093259,shared_2l_1pool
1305,4.354892997071147,0.4151221364736557,3.8329779636114836,shared_2l_1pool
1306,4.37113200314343,0.4089169669896364,3.85672808624804,shared_2l_1pool
1307,4.3829260393977165,0.4153870977461338,3.861780045554042,shared_2l_1pool
1308,4.3236929923295975,0.40579005144536495,3.810990834608674,shared_2l_1pool
1309,4.310388816520572,0.4009988624602556,3.804638981819153,shared_2l_1pool
1310,4.317949991673231,0.4103968385607004,3.80260800011456,shared_2l_1pool
1311,4.316868027672172,0.40060817264020443,3.8109999150037766,shared_2l_1pool
1312,4.357961006462574,0.40414417162537575,3.8503578398376703,shared_2l_1pool
1313,4.3974630534648895,0.4124580882489681,3.8782600313425064,shared_2l_1pool
1314,4.3514680583029985,0.4024130757898092,3.8420669734477997,shared_2l_1pool
1315,4.3363862205296755,0.40151900611817837,3.8288359064608812,shared_2l_1pool
1316,4.325072048231959,0.4092990420758724,3.8092010654509068,shared_2l_1pool
1317,5.652967840433121,1.541681820526719,3.986021038144827,shared_2l_1pool
1318,4.36978810466826,0.42518717236816883,3.8383640348911285,shared_2l_1pool
1319,4.350151866674423,0.4070920404046774,3.8356739096343517,shared_2l_1pool
1320,4.41005895845592,0.41892798617482185,3.8730220403522253,shared_2l_1pool
1321,4.428731044754386,0.42488984763622284,3.895979141816497,shared_2l_1pool
1322,4.3813681695610285,0.4092149902135134,3.8646908942610025,shared_2l_1pool
1323,4.33299713768065,0.41534402407705784,3.810856956988573,shared_2l_1pool
1324,4.338354105129838,0.4020740743726492,3.828283865004778,shared_2l_1pool
1325,4.376536002382636,0.4094010218977928,3.862903919070959,shared_2l_1pool
1326,4.37652412801981,0.41364901699125767,3.857133910059929,shared_2l_1pool
1327,4.447369137778878,0.40855701081454754,3.9320741780102253,shared_2l_1pool
1328,4.326415015384555,0.4128201398998499,3.8024659734219313,shared_2l_1pool
1329,4.39111702144146,0.3959198947995901,3.889573970809579,shared_2l_1pool
1330,4.348052898421884,0.3986081574112177,3.845939878374338,shared_2l_1pool
1331,4.3915570713579655,0.4024989902973175,3.8857730105519295,shared_2l_1pool
1332,4.361245781183243,0.3926579374819994,3.8601779378950596,shared_2l_1pool
1333,5.620947107672691,1.5632479917258024,3.9346078410744667,shared_2l_1pool
1334,4.415939096361399,0.41394797153770924,3.895265981554985,shared_2l_1pool
1335,4.381672013550997,0.41472213342785835,3.8614789955317974,shared_2l_1pool
1336,4.3752670753747225,0.40478305891156197,3.8639509584754705,shared_2l_1pool
1337,4.307569935917854,0.41120918467640877,3.7919150199741125,shared_2l_1pool
1338,4.334727069362998,0.4119889345020056,3.8093910552561283,shared_2l_1pool
1339,4.36602788977325,0.40706899017095566,3.8530980236828327,shared_2l_1pool
1340,4.350042901933193,0.4081530496478081,3.835150972008705,shared_2l_1pool
1341,4.355897195637226,0.4098820500075817,3.8390338886529207,shared_2l_1pool
1342,4.401229089125991,0.4062859807163477,3.8909160066396,shared_2l_1pool
1343,4.385882057249546,0.4118399228900671,3.862532088533044,shared_2l_1pool
1344,4.403275204822421,0.40904106572270393,3.8878729101270437,shared_2l_1pool
1345,4.314709920436144,0.4010030534118414,3.809540066868067,shared_2l_1pool
1346,4.310430027544498,0.4058100748807192,3.7973469588905573,shared_2l_1pool
1347,4.335526842623949,0.4134811460971832,3.816653974354267,shared_2l_1pool
1348,4.379866877570748,0.4221170675009489,3.850430017337203,shared_2l_1pool
1349,5.724773043766618,1.5711868181824684,4.028143128380179,shared_2l_1pool
1350,4.4067539274692535,0.4207079764455557,3.876595990732312,shared_2l_1pool
1351,4.323646193370223,0.4166150465607643,3.7993639707565308,shared_2l_1pool
1352,4.339623032137752,0.40991720743477345,3.8236049003899097,shared_2l_1pool
1353,4.405816085636616,0.41391700506210327,3.885681042447686,shared_2l_1pool
1354,4.38987510278821,0.4086208064109087,3.870573127642274,shared_2l_1pool
1355,4.318121122196317,0.4053821321576834,3.810386871919036,shared_2l_1pool
1356,4.383681109175086,0.4083458334207535,3.8714990951120853,shared_2l_1pool
1357,4.31118905544281,0.40464894846081734,3.8040459621697664,shared_2l_1pool
1358,4.314111080020666,0.40365196764469147,3.8065719418227673,shared_2l_1pool
1359,4.358807113021612,0.4082589875906706,3.84603813290596,shared_2l_1pool
1360,4.336395999416709,0.4078990314155817,3.8232069928199053,shared_2l_1pool
1361,4.3803800363093615,0.41127600707113743,3.8635500241070986,shared_2l_1pool
1362,4.366198088973761,0.41325599886476994,3.847218817099929,shared_2l_1pool
1363,4.327547969296575,0.40510809049010277,3.8188148755580187,shared_2l_1pool
1364,4.2831748723983765,0.40193600580096245,3.775843186303973,shared_2l_1pool
1365,5.666451063007116,1.5729248989373446,3.970703110098839,shared_2l_1pool
1366,4.379372112452984,0.41633984073996544,3.8556931540369987,shared_2l_1pool
1367,4.566779127344489,0.4268740303814411,4.030277021229267,shared_2l_1pool
1368,4.388042027130723,0.4165030550211668,3.865201026201248,shared_2l_1pool
1369,4.368644906207919,0.41849794797599316,3.8459189236164093,shared_2l_1pool
1370,4.406551131978631,0.40804315358400345,3.8929269649088383,shared_2l_1pool
1371,4.403232829645276,0.4099567886441946,3.8836391177028418,shared_2l_1pool
1372,4.308287054300308,0.40920404717326164,3.792915027588606,shared_2l_1pool
1373,4.413633141666651,0.4055560566484928,3.90374893322587,shared_2l_1pool
1374,4.299663007259369,0.41529489681124687,3.7750520277768373,shared_2l_1pool
1375,4.286756040528417,0.40547014214098454,3.7775130476802588,shared_2l_1pool
1376,4.341179970651865,0.4024868831038475,3.833431052044034,shared_2l_1pool
1377,4.2940909042954445,0.40443800389766693,3.784022992476821,shared_2l_1pool
1378,4.3126430828124285,0.40215812623500824,3.80702200345695,shared_2l_1pool
1379,4.331325879320502,0.4004649817943573,3.8283742032945156,shared_2l_1pool
1380,4.360446007922292,0.41291280649602413,3.8405212108045816,shared_2l_1pool
1381,5.630209110677242,1.5398028772324324,3.9662811905145645,shared_2l_1pool
1382,4.383892985060811,0.42425794526934624,3.847917076200247,shared_2l_1pool
1383,4.358656005933881,0.4188439343124628,3.8316359277814627,shared_2l_1pool
1384,4.327763104811311,0.40804408490657806,3.8131389301270247,shared_2l_1pool
1385,4.364821128547192,0.419743824750185,3.8383211940526962,shared_2l_1pool
1386,4.435868002474308,0.4123291000723839,3.9174698758870363,shared_2l_1pool
1387,4.3131159618496895,0.41582202538847923,3.7923019845038652,shared_2l_1pool
1388,4.308980191126466,0.40906108915805817,3.793662879616022,shared_2l_1pool
1389,4.346128087490797,0.40085683576762676,3.839025041088462,shared_2l_1pool
1390,4.316197009757161,0.41573704220354557,3.795520169660449,shared_2l_1pool
1391,4.420228069648147,0.4164061974734068,3.8948138244450092,shared_2l_1pool
1392,4.400581121444702,0.4054410383105278,3.8907770067453384,shared_2l_1pool
1393,4.4292721431702375,0.4164520651102066,3.905609017238021,shared_2l_1pool
1394,4.336107987910509,0.41741994209587574,3.8144849240779877,shared_2l_1pool
1395,4.40076389349997,0.4050161223858595,3.8911488372832537,shared_2l_1pool
1396,4.366280045360327,0.4137579817324877,3.8464649114757776,shared_2l_1pool
1397,5.680578062310815,1.5530409291386604,4.004113143309951,shared_2l_1pool
1398,4.4246939942240715,0.4226621240377426,3.891055006533861,shared_2l_1pool
1399,4.4366479851305485,0.4138748627156019,3.915289184078574,shared_2l_1pool
1400,4.352469928562641,0.41522691026329994,3.834235016256571,shared_2l_1pool
1401,4.38269879668951,0.40471600368618965,3.872623899951577,shared_2l_1pool
1402,4.338181810453534,0.4107551649212837,3.823184873908758,shared_2l_1pool
1403,4.346640082076192,0.41470304131507874,3.8109729066491127,shared_2l_1pool
1404,4.411838017404079,0.41902298107743263,3.8845001254230738,shared_2l_1pool
1405,4.410712979733944,0.42883981950581074,3.87428211979568,shared_2l_1pool
1406,4.374705022200942,0.40899403393268585,3.859638934955001,shared_2l_1pool
1407,4.35759499669075,0.40711788460612297,3.8473501335829496,shared_2l_1pool
1408,4.33570216409862,0.40511880069971085,3.825147170573473,shared_2l_1pool
1409,4.372959956526756,0.41194912046194077,3.856334835290909,shared_2l_1pool
1410,4.399092169478536,0.4123370163142681,3.872554050758481,shared_2l_1pool
1411,4.349732073023915,0.41824509389698505,3.8274910766631365,shared_2l_1pool
1412,4.307377152144909,0.4070899449288845,3.797698998823762,shared_2l_1pool
1413,5.671800812706351,1.5530309174209833,3.996554994955659,shared_2l_1pool
1414,4.370986018329859,0.4297420382499695,3.835044801235199,shared_2l_1pool
1415,4.356423858553171,0.419392017647624,3.8301500026136637,shared_2l_1pool
1416,4.325345857068896,0.41222991421818733,3.8089409936219454,shared_2l_1pool
1417,4.313544137403369,0.4079758655279875,3.8017991464585066,shared_2l_1pool
1418,4.3229341972619295,0.4125849809497595,3.7997630424797535,shared_2l_1pool
1419,4.312598844990134,0.4107118584215641,3.7972049321979284,shared_2l_1pool
1420,4.336808109655976,0.40750415064394474,3.826279891654849,shared_2l_1pool
1421,4.311731085181236,0.4185361322015524,3.7824558094143867,shared_2l_1pool
1422,4.305137088522315,0.40517188608646393,3.79678001627326,shared_2l_1pool
1423,4.319546045735478,0.4051679279655218,3.812170121818781,shared_2l_1pool
1424,4.309006966650486,0.41781715117394924,3.780964994803071,shared_2l_1pool
1425,4.324114182963967,0.411453889682889,3.8057840429246426,shared_2l_1pool
1426,4.381519975140691,0.4190378822386265,3.857098985463381,shared_2l_1pool
1427,4.426721949130297,0.42757601477205753,3.8942748215049505,shared_2l_1pool
1428,4.424836952239275,0.4133370239287615,3.906039986759424,shared_2l_1pool
1429,5.698793102055788,1.5689530409872532,4.004237009212375,shared_2l_1pool
1430,4.432569956406951,0.42751897126436234,3.8982639089226723,shared_2l_1pool
1431,4.358214093372226,0.42261090129613876,3.831579117104411,shared_2l_1pool
1432,4.368887981399894,0.4068820271641016,3.8588799070566893,shared_2l_1pool
1433,4.382339073345065,0.4108517896384001,3.8670541252940893,shared_2l_1pool
1434,4.3608329724520445,0.41680107824504375,3.8367200177162886,shared_2l_1pool
1435,4.355451092123985,0.4112671595066786,3.83839407004416,shared_2l_1pool
1436,4.34488314203918,0.4226020537316799,3.815513104200363,shared_2l_1pool
1437,4.321701126173139,0.41529187001287937,3.8019120693206787,shared_2l_1pool
1438,4.337656078860164,0.40417490527033806,3.827017033472657,shared_2l_1pool
1439,4.376166965812445,0.41575683280825615,3.851319197565317,shared_2l_1pool
1440,4.337311023846269,0.41396799497306347,3.8165729492902756,shared_2l_1pool
1441,4.392333095893264,0.40473509579896927,3.88275901786983,shared_2l_1pool
1442,4.400394158437848,0.4199780523777008,3.8765401113778353,shared_2l_1pool
1443,4.391446011140943,0.413551926612854,3.87387303635478,shared_2l_1pool
1444,4.389815032482147,0.41009695269167423,3.875770838931203,shared_2l_1pool
1445,5.701716057956219,1.5649138949811459,4.010386997833848,shared_2l_1pool
1446,4.431874956935644,0.4293860401958227,3.896067850291729,shared_2l_1pool
1447,4.408471053466201,0.41180895641446114,3.8897739723324776,shared_2l_1pool
1448,4.312592092901468,0.4091300070285797,3.798902966082096,shared_2l_1pool
1449,4.2903791181743145,0.41572190821170807,3.7702161353081465,shared_2l_1pool
1450,4.336838144809008,0.4135419148951769,3.818744095042348,shared_2l_1pool
1451,4.335180157795548,0.40925503708422184,3.8195799570530653,shared_2l_1pool
1452,4.323605913668871,0.4172469489276409,3.7994461599737406,shared_2l_1pool
1453,4.340342013165355,0.4137109499424696,3.8200041744858027,shared_2l_1pool
1454,4.345591878518462,0.4138289950788021,3.825673134997487,shared_2l_1pool
1455,4.385191015899181,0.4201880656182766,3.860885975882411,shared_2l_1pool
1456,4.377823090180755,0.40385802276432514,3.868888132274151,shared_2l_1pool
1457,4.398218123242259,0.42421300895512104,3.870531916618347,shared_2l_1pool
1458,4.423501901328564,0.41124410927295685,3.905588062480092,shared_2l_1pool
1459,4.301818087697029,0.41742692701518536,3.78099805675447,shared_2l_1pool
1460,4.336054902523756,0.4147349391132593,3.815412987023592,shared_2l_1pool
1461,5.783106898888946,1.5951590612530708,4.053432960063219,shared_2l_1pool
1462,4.442414967343211,0.4438408650457859,3.8892379961907864,shared_2l_1pool
1463,4.425058141350746,0.42796717025339603,3.892154898494482,shared_2l_1pool
1464,4.355056909844279,0.41637104004621506,3.8327830843627453,shared_2l_1pool
1465,4.374288022518158,0.41556404903531075,3.855132032185793,shared_2l_1pool
1466,4.389700945466757,0.4112969618290663,3.871059976518154,shared_2l_1pool
1467,4.375892924144864,0.4200730472803116,3.848856082186103,shared_2l_1pool
1468,4.338618833571672,0.4148001316934824,3.8196039386093616,shared_2l_1pool
1469,4.308582982048392,0.40980009362101555,3.794006071984768,shared_2l_1pool
1470,4.296352155506611,0.41576684452593327,3.7762431893497705,shared_2l_1pool
1471,4.307805094867945,0.4084089305251837,3.7952919956296682,shared_2l_1pool
1472,4.298805957660079,0.4166071303188801,3.7794739473611116,shared_2l_1pool
1473,4.382719984278083,0.41804416105151176,3.8591139018535614,shared_2l_1pool
1474,4.334525903686881,0.4106711130589247,3.819438861683011,shared_2l_1pool
1475,4.367947811260819,0.4106462001800537,3.854194888845086,shared_2l_1pool
1476,4.298239015042782,0.4120639059692621,3.7806129548698664,shared_2l_1pool
1477,5.667840829119086,1.5718711074441671,3.9714938029646873,shared_2l_1pool
1478,4.361051134765148,0.4309718497097492,3.8241101428866386,shared_2l_1pool
1479,4.401250975206494,0.41605415754020214,3.8800318725407124,shared_2l_1pool
1480,4.368435824289918,0.41113607585430145,3.8510810118168592,shared_2l_1pool
1481,4.351465962827206,0.4130809102207422,3.834793111309409,shared_2l_1pool
1482,4.364883992820978,0.4089891444891691,3.8511399179697037,shared_2l_1pool
1483,4.359610145911574,0.42939605191349983,3.8249948993325233,shared_2l_1pool
1484,4.320668056607246,0.4156848881393671,3.8015060126781464,shared_2l_1pool
1485,4.316509002819657,0.41733100078999996,3.79399792291224,shared_2l_1pool
1486,4.31848899461329,0.424511032178998,3.7877708673477173,shared_2l_1pool
1487,4.3513891287148,0.41769794188439846,3.8300431333482265,shared_2l_1pool
1488,4.377810982987285,0.41552609764039516,3.8578459061682224,shared_2l_1pool
1489,4.4052498415112495,0.41940598748624325,3.8812020793557167,shared_2l_1pool
1490,4.372381838038564,0.40818704292178154,3.858572104945779,shared_2l_1pool
1491,4.381862934678793,0.4143081605434418,3.860501805320382,shared_2l_1pool
1492,4.318867810070515,0.412078108638525,3.8014929741621017,shared_2l_1pool
1493,5.6965770199894905,1.5792630147188902,3.9918110705912113,shared_2l_1pool
1494,4.421001998707652,0.4311299417167902,3.883967874571681,shared_2l_1pool
1495,4.407474072650075,0.43197511695325375,3.869544016197324,shared_2l_1pool
1496,4.3138309847563505,0.41620410047471523,3.7886009085923433,shared_2l_1pool
1497,4.3532890267670155,0.41198497638106346,3.8332389667630196,shared_2l_1pool
1498,4.397175973281264,0.42791711166501045,3.8581679109483957,shared_2l_1pool
1499,4.427970154210925,0.42006303556263447,3.9020399563014507,shared_2l_1pool
1500,4.435803042724729,0.4139698576182127,3.9139462169259787,shared_2l_1pool
1501,4.435529001057148,0.42228191159665585,3.9062341675162315,shared_2l_1pool
1502,4.439359996467829,0.41903392411768436,3.9135199040174484,shared_2l_1pool
1503,4.448325140401721,0.42336713522672653,3.9190389215946198,shared_2l_1pool
1504,4.346810048446059,0.4143230617046356,3.8263818714767694,shared_2l_1pool
1505,4.363995976746082,0.42801909148693085,3.8234759122133255,shared_2l_1pool
1506,4.351040115579963,0.41512097232043743,3.8307849317789078,shared_2l_1pool
1507,4.36235498636961,0.41192304342985153,3.844684921205044,shared_2l_1pool
1508,4.425127990543842,0.41466113179922104,3.9013419300317764,shared_2l_1pool
1509,5.793792894110084,1.7257260624319315,3.9443529676645994,shared_2l_1pool
1510,4.440777935087681,0.43373112566769123,3.8998587988317013,shared_2l_1pool
1511,4.344332031905651,0.4244660958647728,3.8151699118316174,shared_2l_1pool
1512,4.363985965028405,0.4239880945533514,3.836425021290779,shared_2l_1pool
1513,4.421898862347007,0.408221036195755,3.908800892531872,shared_2l_1pool
1514,4.383774008601904,0.42406003922224045,3.8534330669790506,shared_2l_1pool
1515,4.330480936914682,0.4147219005972147,3.8129210006445646,shared_2l_1pool
1516,4.309148993343115,0.41404017247259617,3.792172996327281,shared_2l_1pool
1517,4.3198768980801105,0.4195980727672577,3.795976983383298,shared_2l_1pool
1518,4.381160018965602,0.42133708484470844,3.8546710275113583,shared_2l_1pool
1519,4.364056047052145,0.4139561206102371,3.8451359141618013,shared_2l_1pool
1520,4.384912084788084,0.4226870369166136,3.8515159394592047,shared_2l_1pool
1521,4.389672074466944,0.4124259576201439,3.8716739509254694,shared_2l_1pool
1522,4.42545092664659,0.4201859701424837,3.9003288839012384,shared_2l_1pool
1523,4.380705999210477,0.42181205935776234,3.852484980598092,shared_2l_1pool
1524,4.385733976960182,0.4113358445465565,3.8688320200890303,shared_2l_1pool
1525,5.734063917770982,1.5691141597926617,4.039155784994364,shared_2l_1pool
1526,4.383885068818927,0.4236958920955658,3.8543380796909332,shared_2l_1pool
1527,4.348487826064229,0.4327651113271713,3.809679066762328,shared_2l_1pool
1528,4.368204157799482,0.41733402758836746,3.8415698800235987,shared_2l_1pool
1529,4.440987948328257,0.43085101060569286,3.898962866514921,shared_2l_1pool
1530,4.326757043600082,0.4109980072826147,3.809611080214381,shared_2l_1pool
1531,4.421348916366696,0.4155859351158142,3.9000390097498894,shared_2l_1pool
1532,4.342715023085475,0.41669304482638836,3.8181410636752844,shared_2l_1pool
1533,4.338462837040424,0.4117859061807394,3.8211781065911055,shared_2l_1pool
1534,4.318849882110953,0.4150180611759424,3.797916928306222,shared_2l_1pool
1535,4.330838099122047,0.41749095544219017,3.8086320273578167,shared_2l_1pool
1536,4.383268998935819,0.41200919076800346,3.867581021040678,shared_2l_1pool
1537,4.363748012110591,0.4119069781154394,3.847707062959671,shared_2l_1pool
1538,4.386393120512366,0.4184609279036522,3.861119970679283,shared_2l_1pool
1539,4.425270017236471,0.41155400685966015,3.9064278826117516,shared_2l_1pool
1540,4.337150836363435,0.4249280318617821,3.808023873716593,shared_2l_1pool
1541,5.684426985681057,1.5674608293920755,3.9904701989144087,shared_2l_1pool
1542,4.421489080414176,0.43511693365871906,3.8780849426984787,shared_2l_1pool
1543,4.400806967169046,0.42386213317513466,3.869726089760661,shared_2l_1pool
1544,4.366182954981923,0.4215110093355179,3.83968697860837,shared_2l_1pool
1545,4.384652944281697,0.42580696754157543,3.855047980323434,shared_2l_1pool
1546,4.358391975983977,0.4169391468167305,3.8366729859262705,shared_2l_1pool
1547,4.382697865366936,0.4147789441049099,3.8565059658139944,shared_2l_1pool
1548,4.300564993172884,0.41439710184931755,3.7792150396853685,shared_2l_1pool
1549,4.3020909652113914,0.4081029910594225,3.7874539848417044,shared_2l_1pool
1550,4.296784056350589,0.42052799835801125,3.7691830657422543,shared_2l_1pool
1551,4.41538100130856,0.41865394450724125,3.8918450009077787,shared_2l_1pool
1552,4.328813869506121,0.41642598807811737,3.8058809004724026,shared_2l_1pool
1553,4.314908990636468,0.42142486199736595,3.7841680459678173,shared_2l_1pool
1554,4.351339070126414,0.4180918913334608,3.827447071671486,shared_2l_1pool
1555,4.359195940196514,0.4135021008551121,3.84115194901824,shared_2l_1pool
1556,4.399488912895322,0.4270039498806,3.86560196056962,shared_2l_1pool
1557,5.692434962838888,1.572031993418932,3.995751030743122,shared_2l_1pool
1558,4.369137110188603,0.4377469886094332,3.8259709253907204,shared_2l_1pool
1559,4.421707009896636,0.4230921622365713,3.892194014042616,shared_2l_1pool
1560,4.403464961796999,0.42361393570899963,3.873364068567753,shared_2l_1pool
1561,4.382058046758175,0.414934940636158,3.86228715069592,shared_2l_1pool
1562,4.407022148370743,0.4112378228455782,3.889812156558037,shared_2l_1pool
1563,4.369757836684585,0.4189230967313051,3.847464919090271,shared_2l_1pool
1564,4.329873016104102,0.4138869699090719,3.8097382057458162,shared_2l_1pool
1565,4.300852073356509,0.41652098298072815,3.7788660265505314,shared_2l_1pool
1566,4.358294885605574,0.41549396701157093,3.838832024484873,shared_2l_1pool
1567,4.310715943574905,0.40874211117625237,3.7992428988218307,shared_2l_1pool
1568,4.3514349963516,0.42140576988458633,3.8243751041591167,shared_2l_1pool
1569,4.3266210705041885,0.41019683703780174,3.8113780319690704,shared_2l_1pool
1570,4.31095901876688,0.42128493078053,3.7870369851589203,shared_2l_1pool
1571,4.4156520161777735,0.4199699033051729,3.8867220282554626,shared_2l_1pool
1572,4.326088819652796,0.41336705908179283,3.8065260741859674,shared_2l_1pool
1573,5.671542137861252,1.5748550649732351,3.967979922890663,shared_2l_1pool
1574,4.405336920171976,0.43009710498154163,3.8691088557243347,shared_2l_1pool
1575,4.356136079877615,0.4212248604744673,3.830342087894678,shared_2l_1pool
1576,4.3367650359869,0.41989213787019253,3.8096129428595304,shared_2l_1pool
1577,4.405002808198333,0.42085209861397743,3.879569936543703,shared_2l_1pool
1578,4.437859170138836,0.42609800584614277,3.908017883077264,shared_2l_1pool
1579,4.36136987991631,0.42229611426591873,3.832886926829815,shared_2l_1pool
1580,4.332729149609804,0.41666487231850624,3.811242990195751,shared_2l_1pool
1581,4.365185042843223,0.42383396066725254,3.8344028871506453,shared_2l_1pool
1582,4.354644101113081,0.4200360272079706,3.8299160078167915,shared_2l_1pool
1583,4.415801959112287,0.42139296419918537,3.867934923619032,shared_2l_1pool
1584,4.4533119071275,0.4331800155341625,3.908157115802169,shared_2l_1pool
1585,4.396718926727772,0.41346997022628784,3.877009032294154,shared_2l_1pool
1586,4.3517970480024815,0.42298808693885803,3.8254449609667063,shared_2l_1pool
1587,4.389595938846469,0.41507394053041935,3.8713261019438505,shared_2l_1pool
1588,4.42866119556129,0.41270116344094276,3.912055864930153,shared_2l_1pool
1589,5.671256920322776,1.5624500811100006,3.977539949119091,shared_2l_1pool
1590,4.437295021489263,0.4437579773366451,3.881070064380765,shared_2l_1pool
1591,4.349395865574479,0.4292239900678396,3.8157389499247074,shared_2l_1pool
1592,4.381425911560655,0.41753100231289864,3.8586619775742292,shared_2l_1pool
1593,4.473469220101833,0.4288128111511469,3.9385100826621056,shared_2l_1pool
1594,4.354086937382817,0.41775801219046116,3.8303760811686516,shared_2l_1pool
1595,4.335395991802216,0.42999908328056335,3.790508955717087,shared_2l_1pool
1596,4.395775031298399,0.4173410125076771,3.8742627948522568,shared_2l_1pool
1597,4.410046152770519,0.4200839903205633,3.883657045662403,shared_2l_1pool
1598,4.404878010973334,0.42469706386327744,3.8729480002075434,shared_2l_1pool
1599,4.348646849393845,0.4158010706305504,3.828631015494466,shared_2l_1pool
1600,4.358064848929644,0.4232588689774275,3.8293360266834497,shared_2l_1pool
1601,4.330486990511417,0.41964091360569,3.806411987170577,shared_2l_1pool
1602,4.360848106443882,0.42187096551060677,3.832570044323802,shared_2l_1pool
1603,4.302441840991378,0.42891083285212517,3.7706121802330017,shared_2l_1pool
1604,4.342781146988273,0.4121658857911825,3.8164760917425156,shared_2l_1pool
1605,5.759689025580883,1.6103368252515793,4.015329061076045,shared_2l_1pool
1606,4.51841508038342,0.4654158838093281,3.9303130470216274,shared_2l_1pool
1607,4.513731924816966,0.4815289285033941,3.916759043931961,shared_2l_1pool
1608,4.482652992010117,0.4498239140957594,3.9203399792313576,shared_2l_1pool
1609,4.428331041708589,0.4448108375072479,3.8777170702815056,shared_2l_1pool
1610,4.401276120916009,0.42943190783262253,3.863980993628502,shared_2l_1pool
1611,4.3501900508999825,0.42201997712254524,3.8208060432225466,shared_2l_1pool
1612,4.345580004155636,0.43096207082271576,3.808198031038046,shared_2l_1pool
1613,4.349981900304556,0.4194299690425396,3.826682921499014,shared_2l_1pool
1614,4.333716118708253,0.4183931741863489,3.8120599929243326,shared_2l_1pool
1615,4.408570937812328,0.43457699939608574,3.8643318694084883,shared_2l_1pool
1616,4.3321161065250635,0.41851215064525604,3.8097919896245003,shared_2l_1pool
1617,4.337970865890384,0.4287329502403736,3.80521803162992,shared_2l_1pool
1618,4.405774874612689,0.4185300786048174,3.8750029634684324,shared_2l_1pool
1619,4.365473985671997,0.4247280303388834,3.8366811349987984,shared_2l_1pool
1620,4.43241186439991,0.42665889486670494,3.8988469168543816,shared_2l_1pool
1621,5.74043788947165,1.5725651755928993,4.0403129532933235,shared_2l_1pool
1622,4.427617881447077,0.4473698791116476,3.8712271489202976,shared_2l_1pool
1623,4.3998409528285265,0.42511196807026863,3.8685291074216366,shared_2l_1pool
1624,4.421747988089919,0.4251450300216675,3.8894149474799633,shared_2l_1pool
1625,4.399802070111036,0.4192241467535496,3.8747619837522507,shared_2l_1pool
1626,4.341193940490484,0.4274141974747181,3.807953791692853,shared_2l_1pool
1627,4.385663894936442,0.42144511826336384,3.8579930551350117,shared_2l_1pool
1628,4.389141919091344,0.42201997712254524,3.861192846670747,shared_2l_1pool
1629,4.3501900508999825,0.4249999765306711,3.817646997049451,shared_2l_1pool
1630,4.340052139014006,0.42544910684227943,3.806276945397258,shared_2l_1pool
1631,4.365737084299326,0.4242539871484041,3.836442017927766,shared_2l_1pool
1632,4.411886911839247,0.42746798135340214,3.8756721187382936,shared_2l_1pool
1633,4.438577918335795,0.41795801371335983,3.91384307295084,shared_2l_1pool
1634,4.392801085487008,0.43210992589592934,3.854837967082858,shared_2l_1pool
1635,4.416376817971468,0.4188660532236099,3.8916890043765306,shared_2l_1pool
1636,4.434879869222641,0.4188111051917076,3.911292878910899,shared_2l_1pool
1637,5.70393493399024,1.5598381869494915,4.010484786704183,shared_2l_1pool
1638,4.374200012534857,0.44044386595487595,3.8258759304881096,shared_2l_1pool
1639,4.397721029818058,0.4250379279255867,3.866784041747451,shared_2l_1pool
1640,4.427745006978512,0.42682094499468803,3.896208945661783,shared_2l_1pool
1641,4.4409530237317085,0.42903912253677845,3.9065538439899683,shared_2l_1pool
1642,4.425849998369813,0.4259089473634958,3.8962699472904205,shared_2l_1pool
1643,4.434589063748717,0.42518111877143383,3.9035100489854813,shared_2l_1pool
1644,4.359544953331351,0.42284000664949417,3.8312769029289484,shared_2l_1pool
1645,4.34273318387568,0.42288191616535187,3.813900053501129,shared_2l_1pool
1646,4.3861898593604565,0.4237988032400608,3.857105039060116,shared_2l_1pool
1647,4.387200111523271,0.4195549990981817,3.862192155793309,shared_2l_1pool
1648,4.432274028658867,0.4252661019563675,3.90177802182734,shared_2l_1pool
1649,4.383957013487816,0.41708885692059994,3.8617991376668215,shared_2l_1pool
1650,4.334784811362624,0.42796111665666103,3.802909981459379,shared_2l_1pool
1651,4.353601019829512,0.42740488424897194,3.822264028713107,shared_2l_1pool
1652,4.4129579328000546,0.4237820394337177,3.882749006152153,shared_2l_1pool
1653,5.72065613232553,1.578295836225152,4.016759106889367,shared_2l_1pool
1654,4.474591929465532,0.44108182191848755,3.9229111280292273,shared_2l_1pool
1655,4.403281025588512,0.444919103756547,3.852269845083356,shared_2l_1pool
1656,4.40770504064858,0.42433198541402817,3.8779519964009523,shared_2l_1pool
1657,4.420947981998324,0.43361494317650795,3.880946896970272,shared_2l_1pool
1658,4.352228017523885,0.4244509618729353,3.821203950792551,shared_2l_1pool
1659,4.346441011875868,0.4243990406394005,3.8163389544934034,shared_2l_1pool
1660,4.4282719027251005,0.4238060209900141,3.8965579587966204,shared_2l_1pool
1661,4.349431023001671,0.42246398515999317,3.81935085169971,shared_2l_1pool
1662,4.373212112113833,0.4313040990382433,3.828719025477767,shared_2l_1pool
1663,4.425664898008108,0.42517390102148056,3.892234992235899,shared_2l_1pool
1664,4.381492966786027,0.42841117829084396,3.8458339404314756,shared_2l_1pool
1665,4.339117091149092,0.4340270534157753,3.797711106017232,shared_2l_1pool
1666,4.366246983408928,0.4183750133961439,3.8424949161708355,shared_2l_1pool
1667,4.381582140922546,0.4222458228468895,3.854357171803713,shared_2l_1pool
1668,4.342565080150962,0.4249501507729292,3.811658825725317,shared_2l_1pool
1669,5.713372956961393,1.5872870571911335,3.993881866335869,shared_2l_1pool
1670,4.442779114469886,0.43736700899899006,3.8992089685052633,shared_2l_1pool
1671,4.328062059357762,0.42388495057821274,3.7980610504746437,shared_2l_1pool
1672,4.404644016176462,0.4243701696395874,3.875143826007843,shared_2l_1pool
1673,4.406556021422148,0.4220721311867237,3.8783508352935314,shared_2l_1pool
1674,4.358261125162244,0.43281586840748787,3.819202072918415,shared_2l_1pool
1675,4.327428061515093,0.42850617319345474,3.7958838511258364,shared_2l_1pool
1676,4.363026935607195,0.4226928576827049,3.834695089608431,shared_2l_1pool
1677,4.373293137177825,0.4255350213497877,3.8379309698939323,shared_2l_1pool
1678,4.324965877458453,0.4155980423092842,3.803828964009881,shared_2l_1pool
1679,4.320935113355517,0.42031588964164257,3.7962112110108137,shared_2l_1pool
1680,4.302151035517454,0.42228400707244873,3.772282972931862,shared_2l_1pool
1681,4.383658058941364,0.4161270335316658,3.8628019392490387,shared_2l_1pool
1682,4.347757203504443,0.4169740714132786,3.82687384262681,shared_2l_1pool
1683,4.365814151242375,0.42648008093237877,3.8325348868966103,shared_2l_1pool
1684,4.307534079998732,0.4181000404059887,3.783679101616144,shared_2l_1pool
1685,5.728465970605612,1.5875189565122128,4.014966078102589,shared_2l_1pool
1686,4.4220739509910345,0.43490901589393616,3.8818209432065487,shared_2l_1pool
1687,4.402272868901491,0.4279511049389839,3.86363104917109,shared_2l_1pool
1688,4.391254158690572,0.4245580639690161,3.8589939940720797,shared_2l_1pool
1689,4.373588133603334,0.42598205618560314,3.8436860777437687,shared_2l_1pool
1690,4.41665411926806,0.4331190139055252,3.8778509479016066,shared_2l_1pool
1691,4.3419040739536285,0.4268328193575144,3.810281166806817,shared_2l_1pool
1692,4.341481951996684,0.42576901614665985,3.8100900128483772,shared_2l_1pool
1693,4.338187165558338,0.4296370316296816,3.803892061114311,shared_2l_1pool
1694,4.312672885134816,0.42037107050418854,3.7871969398111105,shared_2l_1pool
1695,4.369583912193775,0.42418413795530796,3.8422809448093176,shared_2l_1pool
1696,4.328640177845955,0.42635295540094376,3.798451041802764,shared_2l_1pool
1697,4.311267985031009,0.41998992674052715,3.784577129408717,shared_2l_1pool
1698,4.310320131480694,0.4267629701644182,3.7803729064762592,shared_2l_1pool
1699,4.2917809914797544,0.42945099994540215,3.7605559919029474,shared_2l_1pool
1700,4.410943016409874,0.41824718937277794,3.88610502704978,shared_2l_1pool
1701,5.740920081734657,1.5860740095376968,4.030338954180479,shared_2l_1pool
1702,4.429201129823923,0.4427919629961252,3.8797331508249044,shared_2l_1pool
1703,4.426730098202825,0.4433698486536741,3.877377137541771,shared_2l_1pool
1704,4.434660077095032,0.4245638847351074,3.901632037013769,shared_2l_1pool
1705,4.335624864324927,0.4391500260680914,3.7927681114524603,shared_2l_1pool
1706,4.316030070185661,0.41904114186763763,3.791669849306345,shared_2l_1pool
1707,4.329014802351594,0.4201959818601608,3.803977044299245,shared_2l_1pool
1708,4.352248040959239,0.436434056609869,3.8051719311624765,shared_2l_1pool
1709,4.38024802133441,0.42235199362039566,3.853481961414218,shared_2l_1pool
1710,4.40769107080996,0.4256200045347214,3.8757440634071827,shared_2l_1pool
1711,4.427318926900625,0.4427258390933275,3.8807771634310484,shared_2l_1pool
1712,4.418601049110293,0.415643909946084,3.897068090736866,shared_2l_1pool
1713,4.335429985076189,0.42823399417102337,3.7983120419085026,shared_2l_1pool
1714,4.33167302981019,0.4166599828749895,3.8113598711788654,shared_2l_1pool
1715,4.299948923289776,0.41796197183430195,3.777642035856843,shared_2l_1pool
1716,4.307659110054374,0.4242789000272751,3.7714880891144276,shared_2l_1pool
1717,5.647354060783982,1.5683351084589958,3.9458908140659332,shared_2l_1pool
1718,4.441156052052975,0.4469791892915964,3.8872798904776573,shared_2l_1pool
1719,4.403529921546578,0.42475597001612186,3.873409004881978,shared_2l_1pool
1720,4.403569968417287,0.421800184994936,3.877311944961548,shared_2l_1pool
1721,4.387542139738798,0.4291879013180733,3.8522810209542513,shared_2l_1pool
1722,4.357037832960486,0.4225601442158222,3.830292960628867,shared_2l_1pool
1723,4.351839888840914,0.4263990558683872,3.8189440965652466,shared_2l_1pool
1724,4.42660297267139,0.4180991090834141,3.903971053659916,shared_2l_1pool
1725,4.375773016363382,0.4190858453512192,3.8527571596205235,shared_2l_1pool
1726,4.435749026015401,0.42350986041128635,3.9045449811965227,shared_2l_1pool
1727,4.349410068243742,0.4186800215393305,3.825010033324361,shared_2l_1pool
1728,4.389998037368059,0.43162587098777294,3.8482369855046272,shared_2l_1pool
1729,4.411470144987106,0.4254831001162529,3.879495896399021,shared_2l_1pool
1730,4.3382178992033005,0.4208169411867857,3.8129850290715694,shared_2l_1pool
1731,4.409144166857004,0.4199179820716381,3.8822360802441835,shared_2l_1pool
1732,4.432637011632323,0.4249329213052988,3.9047659374773502,shared_2l_1pool
1733,5.667121848091483,1.5830209013074636,3.959560999646783,shared_2l_1pool
1734,4.428313113749027,0.4388841334730387,3.886283840984106,shared_2l_1pool
1735,4.41551604308188,0.436415895819664,3.8711039815098047,shared_2l_1pool
1736,4.383856896311045,0.4308270290493965,3.844785038381815,shared_2l_1pool
1737,4.332571057602763,0.4294801037758589,3.7981278728693724,shared_2l_1pool
1738,4.375734832137823,0.4256011452525854,3.846724983304739,shared_2l_1pool
1739,4.394437884911895,0.4281408619135618,3.8618671242147684,shared_2l_1pool
1740,4.381038947030902,0.4327830392867327,3.8435349706560373,shared_2l_1pool
1741,4.390775924548507,0.42818603105843067,3.8580710534006357,shared_2l_1pool
1742,4.414636176079512,0.42667496018111706,3.8819191977381706,shared_2l_1pool
1743,4.3509111274033785,0.4259049892425537,3.8205799646675587,shared_2l_1pool
1744,4.328297916799784,0.4223361611366272,3.803130006417632,shared_2l_1pool
1745,4.328540991991758,0.422795070335269,3.8004459347575903,shared_2l_1pool
1746,4.361309809610248,0.4318850114941597,3.825184889137745,shared_2l_1pool
1747,4.3351158965379,0.42640999890863895,3.8066080305725336,shared_2l_1pool
1748,4.405447980388999,0.4296470433473587,3.8729379884898663,shared_2l_1pool
1749,5.873478949069977,1.7387389671057463,4.008296877145767,shared_2l_1pool
1750,4.397316137328744,0.4488700069487095,3.8420120254158974,shared_2l_1pool
1751,4.429223947227001,0.43501914478838444,3.8874479942023754,shared_2l_1pool
1752,4.427635110914707,0.4383479245007038,3.8838619366288185,shared_2l_1pool
1753,4.411359084770083,0.43577305041253567,3.871697001159191,shared_2l_1pool
1754,4.3777781538665295,0.4382540937513113,3.8349428214132786,shared_2l_1pool
1755,4.345900844782591,0.4214630462229252,3.8207548204809427,shared_2l_1pool
1756,4.36223903670907,0.4299131687730551,3.8272649981081486,shared_2l_1pool
1757,4.439163021743298,0.4333669785410166,3.8993319030851126,shared_2l_1pool
1758,4.331527044996619,0.42102718725800514,3.8074199110269547,shared_2l_1pool
1759,4.42148488946259,0.43592206202447414,3.88043699786067,shared_2l_1pool
1760,4.401184152811766,0.4168108571320772,3.874134039506316,shared_2l_1pool
1761,4.364813910797238,0.4215401131659746,3.839762881398201,shared_2l_1pool
1762,4.39810985699296,0.43070106767117977,3.8632811047136784,shared_2l_1pool
1763,4.407560918480158,0.42663305066525936,3.8770290557295084,shared_2l_1pool
1764,4.370762966573238,0.4268670454621315,3.8398168981075287,shared_2l_1pool
1765,5.710863042622805,1.5841040294617414,4.00228681974113,shared_2l_1pool
1766,4.422214813530445,0.44371699914336205,3.8703889586031437,shared_2l_1pool
1767,4.414577968418598,0.426724087446928,3.8842831272631884,shared_2l_1pool
1768,4.453042987734079,0.43245102278888226,3.914661007001996,shared_2l_1pool
1769,4.351272014901042,0.43147895485162735,3.809755900874734,shared_2l_1pool
1770,4.3800449930131435,0.42144698090851307,3.8531851023435593,shared_2l_1pool
1771,4.408010980114341,0.437901820987463,3.862636163830757,shared_2l_1pool
1772,4.387320950627327,0.4267031326889992,3.85372806340456,shared_2l_1pool
1773,4.422793164849281,0.43276604264974594,3.884765785187483,shared_2l_1pool
1774,4.428017884492874,0.42930804193019867,3.891628934070468,shared_2l_1pool
1775,4.3766729068011045,0.42738206684589386,3.8435528986155987,shared_2l_1pool
1776,4.354537930339575,0.4345099441707134,3.813818097114563,shared_2l_1pool
1777,4.387279041111469,0.4298060666769743,3.8517629727721214,shared_2l_1pool
1778,4.413688788190484,0.43413881212472916,3.8742930628359318,shared_2l_1pool
1779,4.40474390052259,0.4338049329817295,3.8679849822074175,shared_2l_1pool
1780,4.464359022676945,0.42729591950774193,3.9294580928981304,shared_2l_1pool
1781,5.69482590071857,1.5690859872847795,4.001789027824998,shared_2l_1pool
1782,4.397907992824912,0.44693099334836006,3.8444201927632093,shared_2l_1pool
1783,4.433146910741925,0.44415309093892574,3.884421894326806,shared_2l_1pool
1784,4.42972406744957,0.4392988048493862,3.8813110440969467,shared_2l_1pool
1785,4.462659126147628,0.4436769522726536,3.9130731020122766,shared_2l_1pool
1786,4.343911074101925,0.4377709701657295,3.8003940135240555,shared_2l_1pool
1787,4.391693044453859,0.43446500785648823,3.831487847492099,shared_2l_1pool
1788,4.350472008809447,0.43069501407444477,3.8114648777991533,shared_2l_1pool
1789,4.320987965911627,0.4245180170983076,3.7914470303803682,shared_2l_1pool
1790,4.3671089224517345,0.43752905912697315,3.8245359901338816,shared_2l_1pool
1791,4.379502031952143,0.4322947934269905,3.840654157102108,shared_2l_1pool
1792,4.398345947265625,0.43780100531876087,3.8570049218833447,shared_2l_1pool
1793,4.422882804647088,0.4438541363924742,3.8731610402464867,shared_2l_1pool
1794,4.433539928868413,0.4336999263614416,3.894855035468936,shared_2l_1pool
1795,4.39285789616406,0.42797811329364777,3.859916003420949,shared_2l_1pool
1796,4.423056961968541,0.4267080221325159,3.889037063345313,shared_2l_1pool
1797,5.74408913962543,1.600173069164157,4.01667901314795,shared_2l_1pool
1798,4.412056878209114,0.44415402226150036,3.860992146655917,shared_2l_1pool
1799,4.35326318256557,0.4454711452126503,3.801543964073062,shared_2l_1pool
1800,4.3643768876791,0.437270849943161,3.8213280495256186,shared_2l_1pool
1801,4.408014006912708,0.4340971354395151,3.8685379549860954,shared_2l_1pool
1802,4.426978062838316,0.4376848228275776,3.883690107613802,shared_2l_1pool
1803,4.42263507284224,0.426960876211524,3.890420077368617,shared_2l_1pool
1804,4.412750946357846,0.4381900653243065,3.8717491552233696,shared_2l_1pool
1805,4.419505828991532,0.42759510688483715,3.887060098350048,shared_2l_1pool
1806,4.336488200351596,0.43778098188340664,3.796207020059228,shared_2l_1pool
1807,4.388012923300266,0.43287291191518307,3.8498779758810997,shared_2l_1pool
1808,4.414331866428256,0.4242958966642618,3.8843611255288124,shared_2l_1pool
1809,4.398898920044303,0.4334088880568743,3.8616000674664974,shared_2l_1pool
1810,4.405866842716932,0.42203604243695736,3.8788479287177324,shared_2l_1pool
1811,4.3601589277386665,0.4314030520617962,3.824861953034997,shared_2l_1pool
1812,4.338226979598403,0.4310188814997673,3.8023521192371845,shared_2l_1pool
1813,5.679256981238723,1.5829780604690313,3.9710879791527987,shared_2l_1pool
1814,4.399195080623031,0.44972216710448265,3.837855998426676,shared_2l_1pool
1815,4.331297008320689,0.4421940539032221,3.7840220611542463,shared_2l_1pool
1816,4.384760977700353,0.4416140727698803,3.8373800925910473,shared_2l_1pool
1817,4.351616138592362,0.4291578661650419,3.815357107669115,shared_2l_1pool
1818,4.439581884071231,0.43870112858712673,3.894174937158823,shared_2l_1pool
1819,4.411064088344574,0.45061903074383736,3.856327850371599,shared_2l_1pool
1820,4.428738029673696,0.4279380664229393,3.8957169745117426,shared_2l_1pool
1821,4.391651134938002,0.4311290103942156,3.8563949055969715,shared_2l_1pool
1822,4.4207151513546705,0.42336503975093365,3.891419153660536,shared_2l_1pool
1823,4.35891910456121,0.43795001693069935,3.8151999469846487,shared_2l_1pool
1824,4.372486844658852,0.4343339242041111,3.8253720849752426,shared_2l_1pool
1825,4.397648852318525,0.4507990088313818,3.8330669049173594,shared_2l_1pool
1826,4.51855082064867,0.44962414540350437,3.9551970548927784,shared_2l_1pool
1827,4.414522089064121,0.4521401133388281,3.8568549789488316,shared_2l_1pool
1828,4.333137068897486,0.4333909600973129,3.793410025537014,shared_2l_1pool
1829,5.71724190376699,1.5831098426133394,4.007745999842882,shared_2l_1pool
1830,4.463991150259972,0.45608310028910637,3.901120973750949,shared_2l_1pool
1831,4.398321965709329,0.4425710067152977,3.8517077919095755,shared_2l_1pool
1832,4.371824208647013,0.4387390799820423,3.8217848632484674,shared_2l_1pool
1833,4.3654730543494225,0.4289390053600073,3.832592163234949,shared_2l_1pool
1834,4.410240100696683,0.4296540282666683,3.8749580271542072,shared_2l_1pool
1835,4.332297015935183,0.4407009109854698,3.7878199946135283,shared_2l_1pool
1836,4.333870019763708,0.4298121202737093,3.801484825089574,shared_2l_1pool
1837,4.32157889008522,0.4261569119989872,3.7914500571787357,shared_2l_1pool
1838,4.368496825918555,0.43160514906048775,3.833735827356577,shared_2l_1pool
1839,4.428638145327568,0.42906799353659153,3.893268061801791,shared_2l_1pool
1840,4.344664979726076,0.4358699079602957,3.804145148023963,shared_2l_1pool
1841,4.435410024598241,0.42946403846144676,3.8996420335024595,shared_2l_1pool
1842,4.346997011452913,0.4275520332157612,3.815131029114127,shared_2l_1pool
1843,4.420994082465768,0.4377760924398899,3.8768660742789507,shared_2l_1pool
1844,4.437836818397045,0.4327788483351469,3.897407092154026,shared_2l_1pool
1845,5.700669949874282,1.5906980261206627,3.983255010098219,shared_2l_1pool
1846,4.42257896065712,0.45595294795930386,3.8571381010115147,shared_2l_1pool
1847,4.353287164121866,0.4534199833869934,3.7958950269967318,shared_2l_1pool
1848,4.349728114902973,0.43509691022336483,3.8072310853749514,shared_2l_1pool
1849,4.36087790876627,0.4298861604183912,3.824222832918167,shared_2l_1pool
1850,4.343637032434344,0.4354040138423443,3.803892992436886,shared_2l_1pool
1851,4.349750000983477,0.4376969300210476,3.8067640271037817,shared_2l_1pool
1852,4.393511917442083,0.43503986671566963,3.852378111332655,shared_2l_1pool
1853,4.426291910931468,0.44725812040269375,3.872790839523077,shared_2l_1pool
1854,4.417469957843423,0.44084200635552406,3.869529813528061,shared_2l_1pool
1855,4.420984070748091,0.4411679692566395,3.8754751440137625,shared_2l_1pool
1856,4.4437600299716,0.44006993994116783,3.897491144016385,shared_2l_1pool
1857,4.437583964318037,0.44039194472134113,3.8909059949219227,shared_2l_1pool
1858,4.346990957856178,0.4316330887377262,3.8103789556771517,shared_2l_1pool
1859,4.338886821642518,0.4326959606260061,3.8002929650247097,shared_2l_1pool
1860,4.331166855990887,0.43559796176850796,3.791720140725374,shared_2l_1pool
1861,5.740804132074118,1.6081458888947964,4.006322007626295,shared_2l_1pool
1862,4.442443139851093,0.4552330356091261,3.8803350180387497,shared_2l_1pool
1863,4.4097900390625,0.4399160388857126,3.8633609656244516,shared_2l_1pool
1864,4.445163067430258,0.44842204079031944,3.8908428978174925,shared_2l_1pool
1865,4.432776011526585,0.4387099761515856,3.8888619747012854,shared_2l_1pool
1866,4.43162489682436,0.4413279239088297,3.8856740575283766,shared_2l_1pool
1867,4.410653142258525,0.43042702600359917,3.876276081427932,shared_2l_1pool
1868,4.444674123078585,0.4321141168475151,3.9063498843461275,shared_2l_1pool
1869,4.40164003521204,0.4462429787963629,3.851198824122548,shared_2l_1pool
1870,4.39802510663867,0.440055038779974,3.853535046800971,shared_2l_1pool
1871,4.395151045173407,0.4415540024638176,3.8498789072036743,shared_2l_1pool
1872,4.482206888496876,0.44296099804341793,3.933615982532501,shared_2l_1pool
1873,4.413262940943241,0.44499593786895275,3.862605895847082,shared_2l_1pool
1874,4.35822200961411,0.43116696178913116,3.823879174888134,shared_2l_1pool
1875,4.341108957305551,0.4319208674132824,3.8064150139689445,shared_2l_1pool
1876,4.36298199929297,0.4378219600766897,3.8211429491639137,shared_2l_1pool
1877,5.728165851905942,1.58980512060225,4.013553028926253,shared_2l_1pool
1878,4.432835849002004,0.4553541075438261,3.8690620567649603,shared_2l_1pool
1879,4.4033529702574015,0.44323597103357315,3.855545073747635,shared_2l_1pool
1880,4.41076117567718,0.4507550038397312,3.8526898715645075,shared_2l_1pool
1881,4.364312859252095,0.43639098294079304,3.8214479573071003,shared_2l_1pool
1882,4.329809918999672,0.44005108065903187,3.783001797273755,shared_2l_1pool
1883,4.373759031295776,0.43553393334150314,3.8321518804877996,shared_2l_1pool
1884,4.43398579955101,0.4388841334730387,3.8872179575264454,shared_2l_1pool
1885,4.400460980832577,0.443008029833436,3.851518966257572,shared_2l_1pool
1886,4.437727853655815,0.43757399544119835,3.892549080774188,shared_2l_1pool
1887,4.437291994690895,0.4393709823489189,3.8882428780198097,shared_2l_1pool
1888,4.366626963019371,0.4301900044083595,3.8268258795142174,shared_2l_1pool
1889,4.384173080325127,0.4288931377232075,3.8488719146698713,shared_2l_1pool
1890,4.344247980043292,0.4401090554893017,3.7984829396009445,shared_2l_1pool
1891,4.390225978568196,0.4303040914237499,3.856917843222618,shared_2l_1pool
1892,4.358083941042423,0.43421494774520397,3.820067038759589,shared_2l_1pool
1893,5.685649113729596,1.5922349411994219,3.9678330067545176,shared_2l_1pool
1894,4.463599994778633,0.46728597953915596,3.8837469182908535,shared_2l_1pool
1895,4.389751004055142,0.4418320022523403,3.842459060251713,shared_2l_1pool
1896,4.412584006786346,0.43254601769149303,3.874434856697917,shared_2l_1pool
1897,4.468038910999894,0.44698198325932026,3.9141958113759756,shared_2l_1pool
1898,4.36053890734911,0.4384519997984171,3.815821837633848,shared_2l_1pool
1899,4.356713965535164,0.4392459522932768,3.807920962572098,shared_2l_1pool
1900,4.33952291496098,0.4260989371687174,3.808957990258932,shared_2l_1pool
1901,4.410892026498914,0.4278668202459812,3.875012043863535,shared_2l_1pool
1902,4.407605854794383,0.43924199417233467,3.8650811184197664,shared_2l_1pool
1903,4.451249027624726,0.4357800353318453,3.9107538759708405,shared_2l_1pool
1904,4.4175919611006975,0.43301586993038654,3.879761090502143,shared_2l_1pool
1905,4.359503975138068,0.42936508543789387,3.8245299365371466,shared_2l_1pool
1906,4.338691011071205,0.4301290027797222,3.8032818119972944,shared_2l_1pool
1907,4.346292931586504,0.4400659818202257,3.8024019449949265,shared_2l_1pool
1908,4.34236996807158,0.43031107634305954,3.806015010923147,shared_2l_1pool
1909,5.747069139033556,1.6108579002320766,4.007826093584299,shared_2l_1pool
1910,4.371064016595483,0.4501747898757458,3.8146511651575565,shared_2l_1pool
1911,4.402652848511934,0.45141601003706455,3.844283055514097,shared_2l_1pool
1912,4.358839942142367,0.441394979134202,3.8133549969643354,shared_2l_1pool
1913,4.433497088029981,0.4396717995405197,3.889033105224371,shared_2l_1pool
1914,4.377431934699416,0.4372219555079937,3.835066920146346,shared_2l_1pool
1915,4.40609292127192,0.4376161377876997,3.8631469942629337,shared_2l_1pool
1916,4.347199108451605,0.4372380208224058,3.8006289396435022,shared_2l_1pool
1917,4.394303075969219,0.42549404315650463,3.863696940243244,shared_2l_1pool
1918,4.313605139032006,0.424868892878294,3.784452099353075,shared_2l_1pool
1919,4.385540960356593,0.43682800605893135,3.843852085992694,shared_2l_1pool
1920,4.3896709103137255,0.4357649013400078,3.8477270863950253,shared_2l_1pool
1921,4.334384109824896,0.4339017905294895,3.7970540579408407,shared_2l_1pool
1922,4.396212985739112,0.45039691030979156,3.842877922579646,shared_2l_1pool
1923,4.434650996699929,0.43734489008784294,3.891412168741226,shared_2l_1pool
1924,4.383740946650505,0.44424086809158325,3.8338720332831144,shared_2l_1pool
1925,5.677446024492383,1.5777621883898973,3.9742959197610617,shared_2l_1pool
1926,4.4014910236001015,0.455835135653615,3.8388220127671957,shared_2l_1pool
1927,4.384289961308241,0.43943501077592373,3.840037854388356,shared_2l_1pool
1928,4.4119099620729685,0.43906294740736485,3.866316983476281,shared_2l_1pool
1929,4.430095897987485,0.4401488695293665,3.8820060435682535,shared_2l_1pool
1930,4.392112139612436,0.4345399793237448,3.8521219976246357,shared_2l_1pool
1931,4.394738934934139,0.4389011301100254,3.8512619212269783,shared_2l_1pool
1932,4.4249610509723425,0.43619610369205475,3.881369950249791,shared_2l_1pool
1933,4.357340978458524,0.44203782454133034,3.8044729735702276,shared_2l_1pool
1934,4.323518835008144,0.4304570611566305,3.7878290750086308,shared_2l_1pool
1935,4.365607863292098,0.4345942288637161,3.8254859391599894,shared_2l_1pool
1936,4.410332068800926,0.44014607556164265,3.8626990281045437,shared_2l_1pool
1937,4.346352070569992,0.43458794243633747,3.807245986536145,shared_2l_1pool
1938,4.354631062597036,0.4418462049216032,3.806974971666932,shared_2l_1pool
1939,4.323948873206973,0.44085108675062656,3.777066944167018,shared_2l_1pool
1940,4.340320825576782,0.4385989159345627,3.7963930517435074,shared_2l_1pool
1941,5.684983916580677,1.5852150972932577,3.972782986238599,shared_2l_1pool
1942,4.379782127216458,0.44883089140057564,3.820419078692794,shared_2l_1pool
1943,4.349493188783526,0.4468369297683239,3.7920919712632895,shared_2l_1pool
1944,4.3357310350984335,0.43515395373106003,3.794712945818901,shared_2l_1pool
1945,4.418413853272796,0.43004495091736317,3.883080091327429,shared_2l_1pool
1946,4.331971984356642,0.44372095726430416,3.783137071877718,shared_2l_1pool
1947,4.322082037106156,0.4328121431171894,3.785426961258054,shared_2l_1pool
1948,4.387344000861049,0.4291550721973181,3.853218862786889,shared_2l_1pool
1949,4.411525093019009,0.4356678109616041,3.87226021848619,shared_2l_1pool
1950,4.384912084788084,0.43100095354020596,3.8494819309562445,shared_2l_1pool
1951,4.378211917355657,0.4407190717756748,3.8340429309755564,shared_2l_1pool
1952,4.33429004624486,0.431607011705637,3.797807963564992,shared_2l_1pool
1953,4.347075009718537,0.4357218276709318,3.807014087215066,shared_2l_1pool
1954,4.456894937902689,0.4550719168037176,3.895119996741414,shared_2l_1pool
1955,4.435985116288066,0.4389970563352108,3.8903949316591024,shared_2l_1pool
1956,4.420638782903552,0.44415309093892574,3.866004990413785,shared_2l_1pool
1957,5.692391190677881,1.5911029186099768,3.979013068601489,shared_2l_1pool
1958,4.437534138560295,0.4565790295600891,3.8769009988754988,shared_2l_1pool
1959,4.40592598170042,0.43998495675623417,3.8616820238530636,shared_2l_1pool
1960,4.405982093885541,0.4393139388412237,3.8617271929979324,shared_2l_1pool
1961,4.34299698099494,0.4262679722160101,3.812422975897789,shared_2l_1pool
1962,4.389443900436163,0.4375949501991272,3.8443871308118105,shared_2l_1pool
1963,4.335653968155384,0.4448799882084131,3.784222062677145,shared_2l_1pool
1964,4.3495530262589455,0.43520680628716946,3.8104401901364326,shared_2l_1pool
1965,4.37481002882123,0.4308908246457577,3.838823176920414,shared_2l_1pool
1966,4.3524939101189375,0.43949298560619354,3.8082541432231665,shared_2l_1pool
1967,4.338033031672239,0.4389910027384758,3.7940521724522114,shared_2l_1pool
1968,4.404523177072406,0.44578895904123783,3.854420967400074,shared_2l_1pool
1969,4.360296064987779,0.43886294588446617,3.8129310123622417,shared_2l_1pool
1970,4.36076894402504,0.44226902537047863,3.813012968748808,shared_2l_1pool
1971,4.336402984336019,0.44365297071635723,3.7863501347601414,shared_2l_1pool
1972,4.361440893262625,0.4315089900046587,3.826022148132324,shared_2l_1pool
1973,5.681726150214672,1.604484161362052,3.9516158867627382,shared_2l_1pool
1974,4.363645799458027,0.4477498587220907,3.8082872051745653,shared_2l_1pool
1975,4.383348859846592,0.4429339896887541,3.833854105323553,shared_2l_1pool
1976,4.394583869725466,0.44536800123751163,3.8429279811680317,shared_2l_1pool
1977,4.390357062220573,0.43750391341745853,3.8468099664896727,shared_2l_1pool
1978,4.388879984617233,0.4456751048564911,3.840598976239562,shared_2l_1pool
1979,4.406596068292856,0.43606385588645935,3.865719074383378,shared_2l_1pool
1980,4.430209985002875,0.43741706758737564,3.8856728933751583,shared_2l_1pool
1981,4.384940955787897,0.44136587530374527,3.8372192066162825,shared_2l_1pool
1982,4.342257976531982,0.4341250751167536,3.803968895226717,shared_2l_1pool
1983,4.361642058938742,0.4508278798311949,3.800194012001157,shared_2l_1pool
1984,4.350631032139063,0.4367511719465256,3.8102089893072844,shared_2l_1pool
1985,4.359159851446748,0.4296440165489912,3.8232789374887943,shared_2l_1pool
1986,4.332683980464935,0.4440711345523596,3.7792259827256203,shared_2l_1pool
1987,4.315689904615283,0.4364310298115015,3.7759870756417513,shared_2l_1pool
1988,4.373518982902169,0.4352710675448179,3.833903931081295,shared_2l_1pool
1989,7.772005861625075,3.6471430212259293,3.996490966528654,shared_2l_1pool
1990,4.384662955999374,0.4627830348908901,3.814073046669364,shared_2l_1pool
1991,4.39880508929491,0.45547005720436573,3.8353309500962496,shared_2l_1pool
1992,4.407628905028105,0.4433260764926672,3.8563068956136703,shared_2l_1pool
1993,4.4000400230288506,0.45359903015196323,3.8398040924221277,shared_2l_1pool
1994,4.443399840965867,0.4439898766577244,3.892109962180257,shared_2l_1pool
1995,4.372871946543455,0.45535597018897533,3.8069819565862417,shared_2l_1pool
1996,4.349233116954565,0.43875514529645443,3.805894870311022,shared_2l_1pool
1997,4.337774123996496,0.43696886859834194,3.7960100453346968,shared_2l_1pool
1998,4.342100117355585,0.43495604768395424,3.804235951974988,shared_2l_1pool
1999,4.333087941631675,0.4428769461810589,3.7858840078115463,shared_2l_1pool
2000,4.368264926597476,0.43479702435433865,3.8266940973699093,shared_2l_1pool
2001,4.335053032264113,0.4470089916139841,3.782793181017041,shared_2l_1pool
2002,4.376030061393976,0.4365011118352413,3.8331979885697365,shared_2l_1pool
2003,4.4053830206394196,0.4249319899827242,3.8764739874750376,shared_2l_1pool
2004,4.415923031046987,0.4430878907442093,3.8678550627082586,shared_2l_1pool
2005,5.768524948507547,1.6229418106377125,4.019549116492271,shared_2l_1pool
2006,4.432484973222017,0.45855483040213585,3.8677151314914227,shared_2l_1pool
2007,4.373118048533797,0.4529878497123718,3.8129319436848164,shared_2l_1pool
2008,4.426732892170548,0.45097782276570797,3.868744010105729,shared_2l_1pool
2009,4.397001815959811,0.4461708012968302,3.846295177936554,shared_2l_1pool
2010,4.427825100719929,0.4500530194491148,3.8709877990186214,shared_2l_1pool
2011,4.355152137577534,0.44198986142873764,3.808998968452215,shared_2l_1pool
2012,4.359455080702901,0.4435197915881872,3.8104101549834013,shared_2l_1pool
2013,4.375759977847338,0.4496809560805559,3.8210900966078043,shared_2l_1pool
2014,4.357534926384687,0.44388393871486187,3.8086872082203627,shared_2l_1pool
2015,4.3853227980434895,0.4458669573068619,3.8026769179850817,shared_2l_1pool
2016,4.406350897625089,0.4591490142047405,3.8330331444740295,shared_2l_1pool
2017,4.37536695972085,0.4482339136302471,3.821317106485367,shared_2l_1pool
2018,4.3560590129345655,0.455701956525445,3.7960100453346968,shared_2l_1pool
2019,4.377436824142933,0.4423640202730894,3.829481080174446,shared_2l_1pool
2020,4.473900888115168,0.45074312947690487,3.912164829671383,shared_2l_1pool
2021,5.76514913700521,1.624399796128273,4.013880155980587,shared_2l_1pool
2022,4.472068045288324,0.47211814671754837,3.892638022080064,shared_2l_1pool
2023,4.447773098945618,0.45413896441459656,3.886941121891141,shared_2l_1pool
2024,4.409444984048605,0.44761691242456436,3.8579460233449936,shared_2l_1pool
2025,4.432405112311244,0.43719401583075523,3.893170040100813,shared_2l_1pool
2026,4.427497973665595,0.4475410096347332,3.8682001177221537,shared_2l_1pool
2027,4.463979043066502,0.44004200026392937,3.917492926120758,shared_2l_1pool
2028,4.358774982392788,0.44696289114654064,3.804735140874982,shared_2l_1pool
2029,4.424839047715068,0.4477591719478369,3.872217843309045,shared_2l_1pool
2030,4.401196958497167,0.44361106120049953,3.85303795337677,shared_2l_1pool
2031,4.393924959003925,0.4423980135470629,3.84711311198771,shared_2l_1pool
2032,4.3984639924019575,0.4386280197650194,3.853381145745516,shared_2l_1pool
2033,4.372359020635486,0.4437929019331932,3.821668215095997,shared_2l_1pool
2034,4.411978181451559,0.4557240754365921,3.850828856229782,shared_2l_1pool
2035,4.429385997354984,0.4391160327941179,3.885993966832757,shared_2l_1pool
2036,4.362938925623894,0.4401030018925667,3.8196288514882326,shared_2l_1pool
2037,5.748329916968942,1.6065039671957493,4.004603950306773,shared_2l_1pool
2038,4.390924936160445,0.4691698122769594,3.81332915276289,shared_2l_1pool
2039,4.366382956504822,0.4471619613468647,3.8131719920784235,shared_2l_1pool
2040,4.364771069958806,0.45578693971037865,3.8033071905374527,shared_2l_1pool
2041,4.423222970217466,0.45077409595251083,3.8685519248247147,shared_2l_1pool
2042,4.414394032210112,0.4411248955875635,3.867106046527624,shared_2l_1pool
2043,4.459591815248132,0.4580048844218254,3.8948950823396444,shared_2l_1pool
2044,4.365169908851385,0.44873589649796486,3.811453003436327,shared_2l_1pool
2045,4.3545791413635015,0.449982937425375,3.79921100102365,shared_2l_1pool
2046,4.3509239330887794,0.454209977760911,3.7903429474681616,shared_2l_1pool
2047,4.417615011334419,0.44768908992409706,3.8625160232186317,shared_2l_1pool
2048,4.401315934956074,0.4522360395640135,3.8435268215835094,shared_2l_1pool
2049,4.423581063747406,0.4487719852477312,3.8703582249581814,shared_2l_1pool
2050,4.38519986346364,0.45900815166532993,3.82084003649652,shared_2l_1pool
2051,4.32974100112915,0.44734892435371876,3.7745479494333267,shared_2l_1pool
2052,4.3324679136276245,0.4440729971975088,3.7828078493475914,shared_2l_1pool
2053,5.74623211286962,1.6250398475676775,3.996392944827676,shared_2l_1pool
2054,4.417031072080135,0.46517280861735344,3.843751037493348,shared_2l_1pool
2055,4.379604011774063,0.45985705219209194,3.8141219411045313,shared_2l_1pool
2056,4.35324409045279,0.44600293040275574,3.8009369745850563,shared_2l_1pool
2057,4.363539163023233,0.44713704846799374,3.804553998634219,shared_2l_1pool
2058,4.363128915429115,0.442377058789134,3.815470961853862,shared_2l_1pool
2059,4.373966017737985,0.4428359679877758,3.824025858193636,shared_2l_1pool
2060,4.402149002999067,0.45674596913158894,3.839900018647313,shared_2l_1pool
2061,4.420219920575619,0.4378750454634428,3.8771650288254023,shared_2l_1pool
2062,4.412896931171417,0.4501671064645052,3.852022811770439,shared_2l_1pool
2063,4.374766023829579,0.4423791542649269,3.828180953860283,shared_2l_1pool
2064,4.335873061791062,0.44129183515906334,3.7924800999462605,shared_2l_1pool
2065,4.42677503451705,0.4430420231074095,3.8781159091740847,shared_2l_1pool
2066,4.427243955433369,0.445245997980237,3.879302181303501,shared_2l_1pool
2067,4.406249849125743,0.44878688640892506,3.84738203138113,shared_2l_1pool
2068,4.424564074724913,0.44242898002266884,3.8748779334127903,shared_2l_1pool
2069,5.7413780596107244,1.6168949659913778,3.9970821235328913,shared_2l_1pool
2070,4.452529130503535,0.46628015115857124,3.8762378972023726,shared_2l_1pool
2071,4.418852040544152,0.47010299749672413,3.8426020182669163,shared_2l_1pool
2072,4.412314156070352,0.45404001139104366,3.853541100397706,shared_2l_1pool
2073,4.422332858666778,0.45664282515645027,3.8612540811300278,shared_2l_1pool
2074,4.438932053744793,0.44472399167716503,3.886644961312413,shared_2l_1pool
2075,4.371238872408867,0.4520360380411148,3.8129938766360283,shared_2l_1pool
2076,4.459006013348699,0.4603210836648941,3.892074106261134,shared_2l_1pool
2077,4.4522881507873535,0.4418690223246813,3.903960110619664,shared_2l_1pool
2078,4.376761149615049,0.45572896488010883,3.8140679243952036,shared_2l_1pool
2079,4.327571950852871,0.43897400610148907,3.783836029469967,shared_2l_1pool
2080,4.438352072611451,0.45301811769604683,3.879600903019309,shared_2l_1pool
2081,4.416929092258215,0.45126001350581646,3.860943950712681,shared_2l_1pool
2082,4.425765015184879,0.4437458701431751,3.8704571779817343,shared_2l_1pool
2083,4.42880392074585,0.4563131369650364,3.8662338629364967,shared_2l_1pool
2084,4.362540086731315,0.44920481741428375,3.8085791748017073,shared_2l_1pool
2085,5.734186852350831,1.6303069423884153,3.9770270232111216,shared_2l_1pool
2086,4.483100026845932,0.46045705676078796,3.914398839697242,shared_2l_1pool
2087,4.4670989736914635,0.4642519634217024,3.894696943461895,shared_2l_1pool
2088,4.426880041137338,0.44932705350220203,3.8700399454683065,shared_2l_1pool
2089,4.402698948979378,0.4501929506659508,3.8490709848701954,shared_2l_1pool
2090,4.429352935403585,0.4417840391397476,3.8808619137853384,shared_2l_1pool
2091,4.369064001366496,0.44618500396609306,3.8157079834491014,shared_2l_1pool
2092,4.408444976434112,0.45370892621576786,3.849840024486184,shared_2l_1pool
2093,4.447157960385084,0.4525019321590662,3.8904629182070494,shared_2l_1pool
2094,4.4470010325312614,0.4538551438599825,3.886123886331916,shared_2l_1pool
2095,4.387315828353167,0.4442138597369194,3.836746094748378,shared_2l_1pool
2096,4.369947826489806,0.45602209866046906,3.80338286049664,shared_2l_1pool
2097,4.366292851045728,0.4402471240609884,3.8206258323043585,shared_2l_1pool
2098,4.398175980895758,0.4473410081118345,3.8467119447886944,shared_2l_1pool
2099,4.417130956426263,0.451238127425313,3.8601839914917946,shared_2l_1pool
2100,4.409210057929158,0.4498879425227642,3.852210007607937,shared_2l_1pool
2101,5.802738945931196,1.6685619484633207,4.010442877188325,shared_2l_1pool
2102,4.428470972925425,0.47179614193737507,3.8432639557868242,shared_2l_1pool
2103,4.477571928873658,0.46922592446208,3.900849958881736,shared_2l_1pool
2104,4.418774042278528,0.456102192401886,3.8569679018110037,shared_2l_1pool
2105,4.492495907470584,0.4656671080738306,3.9186719805002213,shared_2l_1pool
2106,4.461459117010236,0.4524479154497385,3.900329116731882,shared_2l_1pool
2107,4.455119138583541,0.45906100422143936,3.8877699989825487,shared_2l_1pool
2108,4.408915061503649,0.4458238836377859,3.8489720318466425,shared_2l_1pool
2109,4.430938046425581,0.46053691767156124,3.8516828790307045,shared_2l_1pool
2110,4.390720976516604,0.4491459112614393,3.8350101094692945,shared_2l_1pool
2111,4.3792519718408585,0.45030214823782444,3.8216409739106894,shared_2l_1pool
2112,4.36523905955255,0.4552849568426609,3.8043910171836615,shared_2l_1pool
2113,4.382831044495106,0.4378650337457657,3.837808035314083,shared_2l_1pool
2114,4.399065161123872,0.454840948805213,3.8255241233855486,shared_2l_1pool
2115,4.431374138221145,0.4536299966275692,3.86928697116673,shared_2l_1pool
2116,4.4412692077457905,0.44835498556494713,3.884117119014263,shared_2l_1pool
2117,5.761008942499757,1.6415549907833338,3.9905901066958904,shared_2l_1pool
2118,4.457614151760936,0.46564405784010887,3.882494056597352,shared_2l_1pool
2119,4.441837081685662,0.45974296517670155,3.872813191264868,shared_2l_1pool
2120,4.4917629566043615,0.4637169186025858,3.9156340062618256,shared_2l_1pool
2121,4.489437909796834,0.44686603359878063,3.935279091820121,shared_2l_1pool
2122,4.410010064020753,0.46247197315096855,3.836113028228283,shared_2l_1pool
2123,4.405118990689516,0.44896011240780354,3.8478130009025335,shared_2l_1pool
2124,4.405223997309804,0.45125605538487434,3.8438800256699324,shared_2l_1pool
2125,4.413365153595805,0.4540600348263979,3.8524759002029896,shared_2l_1pool
2126,4.4028679840266705,0.44100196100771427,3.8547071162611246,shared_2l_1pool
2127,4.4286109041422606,0.46156602911651134,3.8550198078155518,shared_2l_1pool
2128,4.460525931790471,0.45356201007962227,3.899655072018504,shared_2l_1pool
2129,4.469204926863313,0.4550330340862274,3.9043149445205927,shared_2l_1pool
2130,4.43453504703939,0.44340803287923336,3.8846491370350122,shared_2l_1pool
2131,4.3995610903948545,0.44521898962557316,3.8486800622195005,shared_2l_1pool
2132,4.411797039210796,0.4574789199978113,3.8433459121733904,shared_2l_1pool
2133,5.797694204375148,1.6405119094997644,4.029987147077918,shared_2l_1pool
2134,4.454242065548897,0.4777440335601568,3.8697391282767057,shared_2l_1pool
2135,4.4108901638537645,0.4607329610735178,3.843272104859352,shared_2l_1pool
2136,4.480652045458555,0.452693086117506,3.914350876584649,shared_2l_1pool
2137,4.358835984021425,0.4517361521720886,3.8001469802111387,shared_2l_1pool
2138,4.4796529691666365,0.4541720263659954,3.9197979494929314,shared_2l_1pool
2139,4.480530973523855,0.44634309597313404,3.9263868238776922,shared_2l_1pool
2140,4.3781958520412445,0.460566021502018,3.809848101809621,shared_2l_1pool
2141,4.396901931613684,0.44949911534786224,3.841608064249158,shared_2l_1pool
2142,4.3759101536124945,0.4561601672321558,3.8131698966026306,shared_2l_1pool
2143,4.353329073637724,0.4458739422261715,3.7958729080855846,shared_2l_1pool
2144,4.399626981467009,0.45866193249821663,3.8339269813150167,shared_2l_1pool
2145,4.4290979858487844,0.45037991367280483,3.8702720776200294,shared_2l_1pool
2146,4.376410041004419,0.448096077889204,3.8200330454856157,shared_2l_1pool
2147,4.368987865746021,0.457915011793375,3.80629301071167,shared_2l_1pool
2148,4.3907801155000925,0.4539929796010256,3.8319278974086046,shared_2l_1pool
2149,5.755549995228648,1.6191911417990923,4.0050409734249115,shared_2l_1pool
2150,4.424246959388256,0.46286615543067455,3.8528740406036377,shared_2l_1pool
2151,4.4032190926373005,0.46144495718181133,3.834117902442813,shared_2l_1pool
2152,4.397446056827903,0.4665649030357599,3.823753912001848,shared_2l_1pool
2153,4.463739925995469,0.45119295828044415,3.9026490412652493,shared_2l_1pool
2154,4.447131883352995,0.46295998618006706,3.8758120499551296,shared_2l_1pool
2155,4.384293220937252,0.452469103038311,3.825464053079486,shared_2l_1pool
2156,4.380536964163184,0.457405811175704,3.817387158051133,shared_2l_1pool
2157,4.374402109533548,0.4519089125096798,3.8167720194905996,shared_2l_1pool
2158,4.4464669190347195,0.456951092928648,3.8801999762654305,shared_2l_1pool
2159,4.470546962693334,0.45173498801887035,3.91252594999969,shared_2l_1pool
2160,4.388867877423763,0.4498870112001896,3.8328601513057947,shared_2l_1pool
2161,4.453579895198345,0.44531701132655144,3.9002171251922846,shared_2l_1pool
2162,4.368291003629565,0.446513993665576,3.815464908257127,shared_2l_1pool
2163,4.366591107100248,0.4486700054258108,3.8125792052596807,shared_2l_1pool
2164,4.447546089068055,0.4555277992039919,3.885881043970585,shared_2l_1pool
2165,5.716907093301415,1.6303900629281998,3.9607789367437363,shared_2l_1pool
2166,4.430083092302084,0.47852215357124805,3.842296777293086,shared_2l_1pool
2167,4.41051390953362,0.4677500110119581,3.834750968962908,shared_2l_1pool
2168,4.443608922883868,0.455664936453104,3.8794351276010275,shared_2l_1pool
2169,4.4502271339297295,0.4566188436001539,3.885981161147356,shared_2l_1pool
2170,4.395102150738239,0.4558910150080919,3.8303418550640345,shared_2l_1pool
2171,4.382060840725899,0.4500171635299921,3.825998865067959,shared_2l_1pool
2172,4.364480031654239,0.4595071077346802,3.7942680064588785,shared_2l_1pool
2173,4.363509826362133,0.4455749876797199,3.812365001067519,shared_2l_1pool
2174,4.433260997757316,0.44980901293456554,3.876590868458152,shared_2l_1pool
2175,4.373745992779732,0.44900598004460335,3.8171641062945127,shared_2l_1pool
2176,4.371671937406063,0.4532791208475828,3.812686074525118,shared_2l_1pool
2177,4.3518561869859695,0.4524050746113062,3.7934049032628536,shared_2l_1pool
2178,4.369223024696112,0.4471119027584791,3.810328897088766,shared_2l_1pool
2179,4.345897119492292,0.4420541226863861,3.7983169313520193,shared_2l_1pool
2180,4.351436160504818,0.45119202695786953,3.788959002122283,shared_2l_1pool
2181,5.776460049673915,1.636719098314643,4.011692013591528,shared_2l_1pool
2182,4.450175911188126,0.47647906467318535,3.862421028316021,shared_2l_1pool
2183,4.423661157488823,0.4594679921865463,3.8550561293959618,shared_2l_1pool
2184,4.417225951328874,0.4630819894373417,3.846264211460948,shared_2l_1pool
2185,4.460246069356799,0.4535401239991188,3.8984338752925396,shared_2l_1pool
2186,4.417574964463711,0.4634058568626642,3.848477965220809,shared_2l_1pool
2187,4.427450941875577,0.45141601003706455,3.868974046781659,shared_2l_1pool
2188,4.441161174327135,0.4497750196605921,3.884765086695552,shared_2l_1pool
2189,4.396578064188361,0.45890500769019127,3.833435010164976,shared_2l_1pool
2190,4.38306899741292,0.4454141017049551,3.829201916232705,shared_2l_1pool
2191,4.369594156742096,0.4616989754140377,3.803086932748556,shared_2l_1pool
2192,4.395029973238707,0.44995895586907864,3.838640870526433,shared_2l_1pool
2193,4.38631814904511,0.44853705912828445,3.8288261275738478,shared_2l_1pool
2194,4.392090952023864,0.4618619568645954,3.823030972853303,shared_2l_1pool
2195,4.441562108695507,0.4473589360713959,3.8873529992997646,shared_2l_1pool
2196,4.446967039257288,0.4592030309140682,3.8804670330137014,shared_2l_1pool
2197,5.81206101924181,1.6347791533917189,4.044717876240611,shared_2l_1pool
2198,4.455322865396738,0.47358195297420025,3.8727091159671545,shared_2l_1pool
2199,4.386269021779299,0.4627760499715805,3.8172530476003885,shared_2l_1pool
2200,4.428907064720988,0.4591778852045536,3.8607551250606775,shared_2l_1pool
2201,4.442987032234669,0.4566130228340626,3.878890071064234,shared_2l_1pool
2202,4.4721439480781555,0.4622689448297024,3.9029610343277454,shared_2l_1pool
2203,4.370243987068534,0.4534809850156307,3.810263006016612,shared_2l_1pool
2204,4.359697923064232,0.45861396938562393,3.7955010775476694,shared_2l_1pool
2205,4.400321049615741,0.4574558697640896,3.832833142951131,shared_2l_1pool
2206,4.418371012434363,0.44446508400142193,3.868425963446498,shared_2l_1pool
2207,4.445954924449325,0.4508399870246649,3.8912580348551273,shared_2l_1pool
2208,4.4499479699879885,0.44534308835864067,3.8981009274721146,shared_2l_1pool
2209,4.398963181301951,0.4591881297528744,3.8338068407028913,shared_2l_1pool
2210,4.3540229089558125,0.4541261587291956,3.795175813138485,shared_2l_1pool
2211,4.341368097811937,0.4504770040512085,3.7850819062441587,shared_2l_1pool
2212,4.377401899546385,0.45303511433303356,3.817358985543251,shared_2l_1pool
2213,5.784465931355953,1.6596640925854445,3.9929680060595274,shared_2l_1pool
2214,4.427195992320776,0.4735419061034918,3.8452509324997663,shared_2l_1pool
2215,4.417424090206623,0.46625779941678047,3.838774049654603,shared_2l_1pool
2216,4.434430971741676,0.47689094208180904,3.847796004265547,shared_2l_1pool
2217,4.383597988635302,0.4600249230861664,3.817114047706127,shared_2l_1pool
2218,4.425199935212731,0.47321594320237637,3.8442169316112995,shared_2l_1pool
2219,4.387059016153216,0.4621108528226614,3.8158120587468147,shared_2l_1pool
2220,4.4396379962563515,0.4732829984277487,3.8592650089412928,shared_2l_1pool
2221,4.427109146490693,0.46737492084503174,3.8486940320581198,shared_2l_1pool
2222,4.420079058036208,0.45524490997195244,3.8568461313843727,shared_2l_1pool
2223,4.406801192089915,0.46501518227159977,3.8325029890984297,shared_2l_1pool
2224,4.447311861440539,0.46569202095270157,3.874358022585511,shared_2l_1pool
2225,4.470223095268011,0.46996516175568104,3.8926638662815094,shared_2l_1pool
2226,4.381892969831824,0.4510129801928997,3.8245031610131264,shared_2l_1pool
2227,4.349678056314588,0.4495119210332632,3.791971132159233,shared_2l_1pool
2228,4.399921046569943,0.455229077488184,3.8369810208678246,shared_2l_1pool
2229,5.7996108662337065,1.6656068619340658,4.003743175417185,shared_2l_1pool
2230,4.486818797886372,0.4736271221190691,3.904978046193719,shared_2l_1pool
2231,4.471493884921074,0.47605112195014954,3.8867720868438482,shared_2l_1pool
2232,4.44020819850266,0.4599359817802906,3.8712220266461372,shared_2l_1pool
2233,4.428551997989416,0.46258699148893356,3.857394913211465,shared_2l_1pool
2234,4.474831046536565,0.4576530773192644,3.902672091498971,shared_2l_1pool
2235,4.356476943939924,0.46134903095662594,3.787991125136614,shared_2l_1pool
2236,4.401352955028415,0.4667488392442465,3.828417044132948,shared_2l_1pool
2237,4.417065996676683,0.45009003952145576,3.8610438350588083,shared_2l_1pool
2238,4.443917889147997,0.4586989525705576,3.8801520131528378,shared_2l_1pool
2239,4.411305068060756,0.4649560432881117,3.836339106783271,shared_2l_1pool
2240,4.375835880637169,0.45729102566838264,3.8123370613902807,shared_2l_1pool
2241,4.368332913145423,0.4598970990628004,3.799644997343421,shared_2l_1pool
2242,4.386739106848836,0.4514970351010561,3.8284759502857924,shared_2l_1pool
2243,4.394205054268241,0.467139994725585,3.8163720164448023,shared_2l_1pool
2244,4.358011996373534,0.4634419456124306,3.7880591116845608,shared_2l_1pool
2245,5.790881812572479,1.6873679123818874,3.9744640234857798,shared_2l_1pool
2246,4.439679905772209,0.4731318913400173,3.856091061607003,shared_2l_1pool
2247,4.428456071764231,0.47333305701613426,3.8447610568255186,shared_2l_1pool
2248,4.452953115105629,0.46985200606286526,3.876205999404192,shared_2l_1pool
2249,4.452074877917767,0.47003687359392643,3.87400109320879,shared_2l_1pool
2250,4.380705067887902,0.46526407822966576,3.8085279520601034,shared_2l_1pool
2251,4.363023908808827,0.4584898706525564,3.7974570877850056,shared_2l_1pool
2252,4.513351945206523,0.4637069068849087,3.940527094528079,shared_2l_1pool
2253,4.406154155731201,0.4608258605003357,3.839086042717099,shared_2l_1pool
2254,4.376298980787396,0.4645879380404949,3.8035239558666945,shared_2l_1pool
2255,4.347355803474784,0.4533720202744007,3.788262140005827,shared_2l_1pool
2256,4.367228131741285,0.45948917977511883,3.8008319679647684,shared_2l_1pool
2257,4.371565999463201,0.4592728801071644,3.8052399177104235,shared_2l_1pool
2258,4.3627319391816854,0.45282882638275623,3.8046641275286674,shared_2l_1pool
2259,4.379855934530497,0.4586630966514349,3.813372924923897,shared_2l_1pool
2260,4.390442045405507,0.4618510138243437,3.820677986368537,shared_2l_1pool
2261,5.818643141537905,1.6849359963089228,4.004277056083083,shared_2l_1pool
2262,4.455613903701305,0.4780520685017109,3.8661269936710596,shared_2l_1pool
2263,4.424160812050104,0.4742620512843132,3.8357279263436794,shared_2l_1pool
2264,4.478781018406153,0.46862196177244186,3.899248084053397,shared_2l_1pool
2265,4.455192014575005,0.4690538626164198,3.8778071757405996,shared_2l_1pool
2266,4.4227479957044125,0.4580821841955185,3.854398848488927,shared_2l_1pool
2267,4.494111984968185,0.4673220682889223,3.9196780417114496,shared_2l_1pool
2268,4.505128134042025,0.4649090114980936,3.9327030535787344,shared_2l_1pool
2269,4.521301947534084,0.4510891158133745,3.9581810124218464,shared_2l_1pool
2270,4.407416097819805,0.4552919417619705,3.8447510451078415,shared_2l_1pool
2271,4.4596020597964525,0.4582460969686508,3.8514910265803337,shared_2l_1pool
2272,4.458286799490452,0.4718489944934845,3.875083988532424,shared_2l_1pool
2273,4.427626961842179,0.463652890175581,3.856898983940482,shared_2l_1pool
2274,4.378087120130658,0.47240895219147205,3.7998189218342304,shared_2l_1pool
2275,4.465231206268072,0.4614901263266802,3.8966049905866385,shared_2l_1pool
2276,4.463620018213987,0.47189509496092796,3.8839199114590883,shared_2l_1pool
2277,5.822554929181933,1.6615549102425575,4.032925935462117,shared_2l_1pool
2278,4.459974123165011,0.4913720767945051,3.8570649921894073,shared_2l_1pool
2279,4.489072132855654,0.4785819910466671,3.901018062606454,shared_2l_1pool
2280,4.450323060154915,0.480185030028224,3.8619099650532007,shared_2l_1pool
2281,4.436316201463342,0.4684098530560732,3.8578070234507322,shared_2l_1pool
2282,4.467141814529896,0.46725012362003326,3.8886088877916336,shared_2l_1pool
2283,4.378490848466754,0.468116020783782,3.7991199642419815,shared_2l_1pool
2284,4.3809120543301105,0.47668302431702614,3.7943189963698387,shared_2l_1pool
2285,4.444284131750464,0.46718819066882133,3.8690539076924324,shared_2l_1pool
2286,4.449971951544285,0.4629518371075392,3.8774260319769382,shared_2l_1pool
2287,4.476633155718446,0.4735048860311508,3.894466208294034,shared_2l_1pool
2288,4.355625947937369,0.458163907751441,3.7899098824709654,shared_2l_1pool
2289,4.364022985100746,0.46305498108267784,3.7935059517621994,shared_2l_1pool
2290,4.369986010715365,0.4635138902813196,3.799868980422616,shared_2l_1pool
2291,4.363246960565448,0.47694891691207886,3.779471153393388,shared_2l_1pool
2292,4.344902001321316,0.4683698061853647,3.769253147765994,shared_2l_1pool
2293,5.814826115965843,1.6854971181601286,3.9943880401551723,shared_2l_1pool
2294,4.47963597252965,0.47736382111907005,3.893823130056262,shared_2l_1pool
2295,4.458480980247259,0.47355610877275467,3.8745419587939978,shared_2l_1pool
2296,4.472099943086505,0.46295602805912495,3.900126088410616,shared_2l_1pool
2297,4.371382994577289,0.4732909146696329,3.791464027017355,shared_2l_1pool
2298,4.364294931292534,0.4596018698066473,3.795610973611474,shared_2l_1pool
2299,4.428628832101822,0.4576460923999548,3.863177029415965,shared_2l_1pool
2300,4.38329204916954,0.47530909068882465,3.800639882683754,shared_2l_1pool
2301,4.4171379413455725,0.45940582640469074,3.8495580665767193,shared_2l_1pool
2302,4.39906120300293,0.47606020234525204,3.813088871538639,shared_2l_1pool
2303,4.406418884173036,0.47047086991369724,3.8279129657894373,shared_2l_1pool
2304,4.447264829650521,0.46679493971168995,3.872007131576538,shared_2l_1pool
2305,4.475700901821256,0.4702319856733084,3.8992210756987333,shared_2l_1pool
2306,4.47606691159308,0.46088104136288166,3.9056551177054644,shared_2l_1pool
2307,4.418235970661044,0.46706385910511017,3.840039949864149,shared_2l_1pool
2308,4.40918211825192,0.45809708535671234,3.8414709270000458,shared_2l_1pool
2309,5.828696070238948,1.695368904620409,4.002390196546912,shared_2l_1pool
2310,4.460436990484595,0.488396966829896,3.8608729373663664,shared_2l_1pool
2311,4.447936080396175,0.48391916789114475,3.853619797155261,shared_2l_1pool
2312,4.47165803052485,0.4812958650290966,3.8810300175100565,shared_2l_1pool
2313,4.446103936061263,0.47090882435441017,3.8663609884679317,shared_2l_1pool
2314,4.494659835472703,0.4694501403719187,3.9152640383690596,shared_2l_1pool
2315,4.482917953282595,0.46967901289463043,3.9037379901856184,shared_2l_1pool
2316,4.448026185855269,0.4616212099790573,3.8799128960818052,shared_2l_1pool
2317,4.368348978459835,0.46294694766402245,3.798389108851552,shared_2l_1pool
2318,4.352211020886898,0.4597380757331848,3.7853368557989597,shared_2l_1pool
2319,4.372299183160067,0.46064681373536587,3.805033164098859,shared_2l_1pool
2320,4.428505897521973,0.47120521776378155,3.851128974929452,shared_2l_1pool
2321,4.490257008001208,0.460656126961112,3.9201430045068264,shared_2l_1pool
2322,4.413933027535677,0.4687691107392311,3.837300930172205,shared_2l_1pool
2323,4.398684948682785,0.47106994315981865,3.819179954007268,shared_2l_1pool
2324,4.434747155755758,0.47135096974670887,3.852061228826642,shared_2l_1pool
2325,5.819300888106227,1.663838978856802,4.025802947580814,shared_2l_1pool
2326,4.467318998649716,0.48823398537933826,3.867957042530179,shared_2l_1pool
2327,4.446316044777632,0.47140615060925484,3.865825943648815,shared_2l_1pool
2328,4.432419082149863,0.4734171088784933,3.84991685859859,shared_2l_1pool
2329,4.468756960704923,0.4693379160016775,3.890196094289422,shared_2l_1pool
2330,4.467586986720562,0.47178310342133045,3.8847329560667276,shared_2l_1pool
2331,4.506148165091872,0.4658629186451435,3.931594081223011,shared_2l_1pool
2332,4.413223126903176,0.4761028103530407,3.8286990020424128,shared_2l_1pool
2333,4.475838970392942,0.46723010018467903,3.89985297806561,shared_2l_1pool
2334,4.446904873475432,0.4700908903032541,3.8700439035892487,shared_2l_1pool
2335,4.4445141684263945,0.46430202201008797,3.8729060906916857,shared_2l_1pool
2336,4.489328013733029,0.4618801176548004,3.919155802577734,shared_2l_1pool
2337,4.471215885132551,0.4603401757776737,3.9019440300762653,shared_2l_1pool
2338,4.423175007104874,0.4660279955714941,3.8485280238091946,shared_2l_1pool
2339,4.396258154883981,0.4627411253750324,3.8274298422038555,shared_2l_1pool
2340,4.424571990966797,0.4588270094245672,3.8573849014937878,shared_2l_1pool
2341,6.013770820572972,1.897730166092515,3.9882278069853783,shared_2l_1pool
2342,4.4631389901041985,0.4884900990873575,3.863994963467121,shared_2l_1pool
2343,4.473489010706544,0.47174515202641487,3.8925199769437313,shared_2l_1pool
2344,4.374486161395907,0.4725060425698757,3.7878958974033594,shared_2l_1pool
2345,4.372267983853817,0.4596931394189596,3.8013539742678404,shared_2l_1pool
2346,4.3621009681373835,0.46813697554171085,3.7857370916754007,shared_2l_1pool
2347,4.357775906100869,0.46604801900684834,3.783258143812418,shared_2l_1pool
2348,4.375284072011709,0.46633416786789894,3.801224986091256,shared_2l_1pool
2349,4.35418589040637,0.4604938440024853,3.7878951989114285,shared_2l_1pool
2350,4.3946970254182816,0.4653860814869404,3.821647958829999,shared_2l_1pool
2351,4.356305114924908,0.4578449297696352,3.792943898588419,shared_2l_1pool
2352,4.378561861813068,0.4640528932213783,3.808078123256564,shared_2l_1pool
2353,4.44466108456254,0.45552500523626804,3.8791189435869455,shared_2l_1pool
2354,4.450618987902999,0.4693269729614258,3.8686629850417376,shared_2l_1pool
2355,4.437954863533378,0.45756995677948,3.873731940984726,shared_2l_1pool
2356,4.43100300617516,0.4559059161692858,3.8676580879837275,shared_2l_1pool
2357,5.767493043094873,1.6498819459229708,3.9789900183677673,shared_2l_1pool
2358,4.448357038199902,0.4857978783547878,3.8527650758624077,shared_2l_1pool
2359,4.49027493596077,0.4741838201880455,3.9084800519049168,shared_2l_1pool
2360,4.438743926584721,0.4764969926327467,3.8565678987652063,shared_2l_1pool
2361,4.457422997802496,0.460305018350482,3.8885429967194796,shared_2l_1pool
2362,4.410394933074713,0.47151301987469196,3.8316668942570686,shared_2l_1pool
2363,4.412977956235409,0.4669390618801117,3.839822020381689,shared_2l_1pool
2364,4.3925701174885035,0.46824803575873375,3.817381104454398,shared_2l_1pool
2365,4.397273994982243,0.46493997797369957,3.8210509810596704,shared_2l_1pool
2366,4.353665979579091,0.45784306712448597,3.789045847952366,shared_2l_1pool
2367,4.410045919939876,0.4711761139333248,3.8314468692988157,shared_2l_1pool
2368,4.410476889461279,0.47663389705121517,3.824948100373149,shared_2l_1pool
2369,4.406193969771266,0.46712998300790787,3.831065958365798,shared_2l_1pool
2370,4.459399962797761,0.47208298929035664,3.880077973008156,shared_2l_1pool
2371,4.4743698090314865,0.47652702778577805,3.8893409073352814,shared_2l_1pool
2372,4.481136798858643,0.4742559976875782,3.8972320035099983,shared_2l_1pool
2373,5.723532987758517,1.6532791778445244,3.9396958891302347,shared_2l_1pool
2374,4.425839986652136,0.48265187069773674,3.8313299883157015,shared_2l_1pool
2375,4.397288896143436,0.47512282617390156,3.810694208368659,shared_2l_1pool
2376,4.403691040351987,0.4690820351243019,3.825061023235321,shared_2l_1pool
2377,4.4703970197588205,0.46583591029047966,3.897954011335969,shared_2l_1pool
2378,4.381274105980992,0.47058193013072014,3.8035009056329727,shared_2l_1pool
2379,4.350251983851194,0.4556130152195692,3.790084971114993,shared_2l_1pool
2380,4.451110027730465,0.45575713738799095,3.8872198201715946,shared_2l_1pool
2381,4.373201867565513,0.46819914132356644,3.7989208940416574,shared_2l_1pool
2382,4.350195871666074,0.4591729957610369,3.7831368390470743,shared_2l_1pool
2383,4.3533300049602985,0.46077510342001915,3.77968093380332,shared_2l_1pool
2384,4.3694088235497475,0.462027033790946,3.7993721198290586,shared_2l_1pool
2385,4.356166813522577,0.45296200551092625,3.7992659490555525,shared_2l_1pool
2386,4.350303905084729,0.46774884685873985,3.775098128244281,shared_2l_1pool
2387,4.335727076977491,0.45895902439951897,3.7711020559072495,shared_2l_1pool
2388,4.368736874312162,0.459515955299139,3.8022841326892376,shared_2l_1pool
2389,5.792756797745824,1.6753440722823143,3.988460870459676,shared_2l_1pool
2390,4.468044964596629,0.4893750883638859,3.868557047098875,shared_2l_1pool
2391,4.431175068020821,0.4694019444286823,3.8533960469067097,shared_2l_1pool
2392,4.377354867756367,0.4673751536756754,3.8046049885451794,shared_2l_1pool
2393,4.467844031751156,0.4669809713959694,3.894117893651128,shared_2l_1pool
2394,4.396124975755811,0.46509201638400555,3.822338068857789,shared_2l_1pool
2395,4.400298930704594,0.4709949716925621,3.821983002126217,shared_2l_1pool
2396,4.462759010493755,0.4720599390566349,3.8829392287880182,shared_2l_1pool
2397,4.458494950085878,0.47643203288316727,3.8687349297106266,shared_2l_1pool
2398,4.473323002457619,0.47368300147354603,3.8903469685465097,shared_2l_1pool
2399,4.454553825780749,0.4697251133620739,3.8706879131495953,shared_2l_1pool
2400,4.409713903442025,0.4649620968848467,3.839195938780904,shared_2l_1pool
2401,4.425224848091602,0.46124402433633804,3.8581639528274536,shared_2l_1pool
2402,4.4271128717809916,0.46290713362395763,3.8544428534805775,shared_2l_1pool
2403,4.361691884696484,0.45259506441652775,3.7985790986567736,shared_2l_1pool
2404,4.412355832755566,0.46594999730587006,3.837596159428358,shared_2l_1pool
2405,5.74689288623631,1.638957066461444,3.9789469446986914,shared_2l_1pool
2406,4.491946194320917,0.48547214828431606,3.895154921337962,shared_2l_1pool
2407,4.381655948236585,0.46625593677163124,3.8075291085988283,shared_2l_1pool
2408,4.379106918349862,0.47401594929397106,3.7972331047058105,shared_2l_1pool
2409,4.328707931563258,0.4578519146889448,3.763906890526414,shared_2l_1pool
2410,4.377797013148665,0.46183099038898945,3.8104301784187555,shared_2l_1pool
2411,4.364738008007407,0.46379584819078445,3.795979078859091,shared_2l_1pool
2412,4.437771160155535,0.45561185106635094,3.8728341460227966,shared_2l_1pool
2413,4.360535880550742,0.4559839144349098,3.7935450673103333,shared_2l_1pool
2414,4.405986983329058,0.45600696466863155,3.841797122731805,shared_2l_1pool
2415,4.383298801258206,0.47185388393700123,3.8058781065046787,shared_2l_1pool
2416,4.366507055237889,0.4691740032285452,3.78963490948081,shared_2l_1pool
2417,4.410854075103998,0.4640938714146614,3.841232042759657,shared_2l_1pool
2418,4.389771958813071,0.48171915113925934,3.79659584723413,shared_2l_1pool
2419,4.415418952703476,0.4587629809975624,3.8469608407467604,shared_2l_1pool
2420,4.420693032443523,0.45863213017582893,3.8547508884221315,shared_2l_1pool
2421,5.758109036833048,1.674779923632741,3.9579409640282393,shared_2l_1pool
2422,4.4209270272403955,0.48442394472658634,3.8280810695141554,shared_2l_1pool
2423,4.390127956867218,0.4766639322042465,3.8070930168032646,shared_2l_1pool
2424,4.4388489332050085,0.4666128661483526,3.866483923047781,shared_2l_1pool
2425,4.44584502838552,0.47612586058676243,3.86256817728281,shared_2l_1pool
2426,4.4433509465307,0.464532058686018,3.873388050124049,shared_2l_1pool
2427,4.444024059921503,0.47182803973555565,3.8649230264127254,shared_2l_1pool
2428,4.481482086703181,0.46294089406728745,3.90958902426064,shared_2l_1pool
2429,4.3923030607402325,0.47054397873580456,3.8150358013808727,shared_2l_1pool
2430,4.44237794727087,0.4572588950395584,3.8785620126873255,shared_2l_1pool
2431,4.401343176141381,0.47638011164963245,3.8193929940462112,shared_2l_1pool
2432,4.423561971634626,0.46122283674776554,3.8503180257976055,shared_2l_1pool
2433,4.358648089691997,0.4598258528858423,3.792822128161788,shared_2l_1pool
2434,4.35464084148407,0.4657858517020941,3.7800720892846584,shared_2l_1pool
2435,4.33873781003058,0.45125302858650684,3.7811780348420143,shared_2l_1pool
2436,4.347652895376086,0.4569620359688997,3.7850928492844105,shared_2l_1pool
2437,5.732104880735278,1.6297900583595037,3.972796956077218,shared_2l_1pool
2438,4.46112803183496,0.4833419807255268,3.867459949105978,shared_2l_1pool
2439,4.425126127898693,0.4827580414712429,3.8327828515321016,shared_2l_1pool
2440,4.415423842146993,0.4689388442784548,3.8385370280593634,shared_2l_1pool
2441,4.4333660043776035,0.4712310619652271,3.8542801048606634,shared_2l_1pool
2442,4.417984047904611,0.4642179701477289,3.849770873785019,shared_2l_1pool
2443,4.416211973875761,0.4657730460166931,3.8456558249890804,shared_2l_1pool
2444,4.439649870619178,0.4637250676751137,3.8687021005898714,shared_2l_1pool
2445,4.422827856615186,0.4645159933716059,3.8488819263875484,shared_2l_1pool
2446,4.406705033034086,0.45242602936923504,3.849297994747758,shared_2l_1pool
2447,4.436805145815015,0.45466492883861065,3.8764241617172956,shared_2l_1pool
2448,4.325479967519641,0.46231900341808796,3.7580840289592743,shared_2l_1pool
2449,4.428422078490257,0.45591406524181366,3.8677530828863382,shared_2l_1pool
2450,4.401164129376411,0.45992317609488964,3.828585846349597,shared_2l_1pool
2451,4.400177858769894,0.46386499889194965,3.831480862572789,shared_2l_1pool
2452,4.399353871122003,0.45991619117558,3.834610804915428,shared_2l_1pool
2453,5.796066019684076,1.6361919697374105,4.031972028315067,shared_2l_1pool
2454,4.503958858549595,0.49607804976403713,3.9006408769637346,shared_2l_1pool
2455,4.466602113097906,0.4739719443023205,3.886088030412793,shared_2l_1pool
2456,4.391035996377468,0.4726378247141838,3.808265086263418,shared_2l_1pool
2457,4.468970932066441,0.48455200158059597,3.876275848597288,shared_2l_1pool
2458,4.386848071590066,0.4655870143324137,3.816064912825823,shared_2l_1pool
2459,4.397820215672255,0.47419103793799877,3.819156903773546,shared_2l_1pool
2460,4.434401169419289,0.46332995407283306,3.8670029025524855,shared_2l_1pool
2461,4.408510867506266,0.4642088897526264,3.839335171505809,shared_2l_1pool
2462,4.365344997495413,0.45788497664034367,3.800604958087206,shared_2l_1pool
2463,4.396132891997695,0.4657700192183256,3.8245099131017923,shared_2l_1pool
2464,4.385292995721102,0.4685681778937578,3.8104509003460407,shared_2l_1pool
2465,4.410302033647895,0.4649038892239332,3.839407116174698,shared_2l_1pool
2466,4.3684320989996195,0.4689509514719248,3.7923099007457495,shared_2l_1pool
2467,4.373691976070404,0.4606349393725395,3.8087100256234407,shared_2l_1pool
2468,4.36296290718019,0.4658948164433241,3.792070085182786,shared_2l_1pool
2469,5.748265190050006,1.6254219226539135,3.997422056272626,shared_2l_1pool
2470,4.418798023834825,0.48182602040469646,3.8284258916974068,shared_2l_1pool
2471,4.416974959895015,0.47118403017520905,3.8371901027858257,shared_2l_1pool
2472,4.3873710092157125,0.465654069557786,3.813639050349593,shared_2l_1pool
2473,4.389801062643528,0.4712529480457306,3.812474198639393,shared_2l_1pool
2474,4.387669963762164,0.4614118952304125,3.820881014689803,shared_2l_1pool
2475,4.428970860317349,0.465241027995944,3.8575450889766216,shared_2l_1pool
2476,4.451068118214607,0.46717189252376556,3.877601120620966,shared_2l_1pool
2477,4.458298906683922,0.46540098264813423,3.8817969616502523,shared_2l_1pool
2478,4.382128827273846,0.46464987099170685,3.810516092926264,shared_2l_1pool
2479,4.392983159050345,0.4655569791793823,3.8216430693864822,shared_2l_1pool
2480,4.47023194283247,0.48496993258595467,3.878071904182434,shared_2l_1pool
2481,4.469320876523852,0.4734538961201906,3.8874931633472443,shared_2l_1pool
2482,4.481059033423662,0.4662189166992903,3.906944999471307,shared_2l_1pool
2483,4.471497144550085,0.46300701797008514,3.903050906956196,shared_2l_1pool
2484,4.437705967575312,0.46545383520424366,3.8650790229439735,shared_2l_1pool
2485,5.717478925362229,1.6203990671783686,3.9708379190415144,shared_2l_1pool
2486,4.482530057430267,0.48613082617521286,3.886579070240259,shared_2l_1pool
2487,4.433064954355359,0.4731379449367523,3.8505869451910257,shared_2l_1pool
2488,4.411662928760052,0.47964113764464855,3.8233869709074497,shared_2l_1pool
2489,4.434018163010478,0.47637103125452995,3.8506470154970884,shared_2l_1pool
2490,4.462091019377112,0.4773407708853483,3.8774251006543636,shared_2l_1pool
2491,4.435152048245072,0.46835700049996376,3.86038888245821,shared_2l_1pool
2492,4.463003948330879,0.46640983782708645,3.890995169058442,shared_2l_1pool
2493,4.3742540292441845,0.4646279849112034,3.803522093221545,shared_2l_1pool
2494,4.431742941960692,0.4650750197470188,3.859130898490548,shared_2l_1pool
2495,4.447525832802057,0.46906108036637306,3.872019937261939,shared_2l_1pool
2496,4.43809712305665,0.465290155261755,3.8656818214803934,shared_2l_1pool
2497,4.4644230511039495,0.4754960536956787,3.8835860323160887,shared_2l_1pool
2498,4.452995955944061,0.4660859704017639,3.8804670330137014,shared_2l_1pool
2499,4.451873945072293,0.4637481179088354,3.879236988723278,shared_2l_1pool
2500,4.415156086906791,0.458716182038188,3.847986925393343,shared_2l_1pool
2501,5.752394907176495,1.652413047850132,3.9718500338494778,shared_2l_1pool
2502,4.479931900277734,0.48000109381973743,3.8920328952372074,shared_2l_1pool
2503,4.486453020945191,0.4796490538865328,3.8964359555393457,shared_2l_1pool
2504,4.470131127163768,0.46573602594435215,3.8969279266893864,shared_2l_1pool
2505,4.474994959309697,0.4718650598078966,3.8949591107666492,shared_2l_1pool
2506,4.407308995723724,0.47232117503881454,3.826890839263797,shared_2l_1pool
2507,4.386415937915444,0.46905199997127056,3.8067190907895565,shared_2l_1pool
2508,4.481367068365216,0.4762860480695963,3.893473884090781,shared_2l_1pool
2509,4.464364843443036,0.4825410433113575,3.8731740787625313,shared_2l_1pool
2510,4.412241047248244,0.46580121852457523,3.8399489130824804,shared_2l_1pool
2511,4.458273993805051,0.4813848063349724,3.8714520633220673,shared_2l_1pool
2512,4.460753174498677,0.46552205458283424,3.8857089821249247,shared_2l_1pool
2513,4.396656062453985,0.47562108375132084,3.811226924881339,shared_2l_1pool
2514,4.349962109699845,0.4720659926533699,3.7715269718319178,shared_2l_1pool
2515,4.390362882986665,0.45879604294896126,3.8252680096775293,shared_2l_1pool
2516,4.3668129947036505,0.4717868287116289,3.7908521480858326,shared_2l_1pool
2517,5.765126086771488,1.6463841311633587,3.9923309814184904,shared_2l_1pool
2518,4.43456694483757,0.47864392399787903,3.8479850627481937,shared_2l_1pool
2519,4.456799943000078,0.4781060852110386,3.8712769746780396,shared_2l_1pool
2520,4.363891202956438,0.4743959289044142,3.782029030844569,shared_2l_1pool
2521,4.35062893666327,0.4679919220507145,3.7779679987579584,shared_2l_1pool
2522,4.357367986813188,0.4668638575822115,3.7850860971957445,shared_2l_1pool
2523,4.427045118063688,0.4724420141428709,3.8484991528093815,shared_2l_1pool
2524,4.365161992609501,0.4628750029951334,3.797743935137987,shared_2l_1pool
2525,4.390260204672813,0.46968692913651466,3.8157980889081955,shared_2l_1pool
2526,4.392046947032213,0.470245024189353,3.8141519762575626,shared_2l_1pool
2527,4.3853879906237125,0.4736850969493389,3.8057109341025352,shared_2l_1pool
2528,4.3551858980208635,0.4719288554042578,3.775959135964513,shared_2l_1pool
2529,4.371571121737361,0.46060793101787567,3.8043740205466747,shared_2l_1pool
2530,4.358141915872693,0.46120607294142246,3.791180904954672,shared_2l_1pool
2531,4.401508020237088,0.4750681109726429,3.8180260453373194,shared_2l_1pool
2532,4.3822049628943205,0.47002406790852547,3.804192878305912,shared_2l_1pool
2533,5.753110162913799,1.6467948444187641,3.9806391578167677,shared_2l_1pool
2534,4.431108012795448,0.4780348390340805,3.8430991116911173,shared_2l_1pool
2535,4.412590991705656,0.4745270125567913,3.83096095174551,shared_2l_1pool
2536,4.38029901124537,0.4655278753489256,3.806607099249959,shared_2l_1pool
2537,4.376088036224246,0.472750049084425,3.7960659246891737,shared_2l_1pool
2538,4.418760072439909,0.471081817522645,3.8416890893131495,shared_2l_1pool
2539,4.44878195412457,0.4719649441540241,3.867435036227107,shared_2l_1pool
2540,4.465854028239846,0.48885284923017025,3.8685041945427656,shared_2l_1pool
2541,4.416219890117645,0.46904501505196095,3.8407009560614824,shared_2l_1pool
2542,4.426914965733886,0.4772050306200981,3.8444988895207644,shared_2l_1pool
2543,4.506928846240044,0.4619720857590437,3.938165958970785,shared_2l_1pool
2544,4.384382860735059,0.47059101052582264,3.806489985436201,shared_2l_1pool
2545,4.367399960756302,0.45617809519171715,3.8050219882279634,shared_2l_1pool
2546,4.418595926836133,0.4716829862445593,3.8393810391426086,shared_2l_1pool
2547,4.480989184230566,0.48032496124505997,3.892526961863041,shared_2l_1pool
2548,4.392034839838743,0.4588039591908455,3.8279108703136444,shared_2l_1pool
2549,5.743097979575396,1.632421975955367,3.9831881877034903,shared_2l_1pool
2550,4.47600893676281,0.49371784552931786,3.8698611315339804,shared_2l_1pool
2551,4.472370026633143,0.4732809029519558,3.8899860810488462,shared_2l_1pool
2552,4.423242062330246,0.48127188347280025,3.8349961396306753,shared_2l_1pool
2553,4.419049015268683,0.46921405009925365,3.83621989749372,shared_2l_1pool
2554,4.440034041181207,0.47047785483300686,3.8628249894827604,shared_2l_1pool
2555,4.467095946893096,0.47903810627758503,3.882726887241006,shared_2l_1pool
2556,4.4523850083351135,0.4670009948313236,3.878515213727951,shared_2l_1pool
2557,4.429004155099392,0.4635730292648077,3.858699928969145,shared_2l_1pool
2558,4.405733896419406,0.4670380149036646,3.83362895809114,shared_2l_1pool
2559,4.470363026484847,0.4766581114381552,3.8532218895852566,shared_2l_1pool
2560,4.488117061555386,0.47614797949790955,3.902280004695058,shared_2l_1pool
2561,4.483834141865373,0.47745811752974987,3.899998962879181,shared_2l_1pool
2562,4.382014041766524,0.4756532143801451,3.801381913945079,shared_2l_1pool
2563,4.391381982713938,0.46879216097295284,3.8177738897502422,shared_2l_1pool
2564,4.408423788845539,0.47081406228244305,3.832469927147031,shared_2l_1pool
2565,5.779860075563192,1.6384150367230177,4.010105039924383,shared_2l_1pool
2566,4.461965057998896,0.4887350369244814,3.864358877763152,shared_2l_1pool
2567,4.490571096539497,0.4856339655816555,3.8998110685497522,shared_2l_1pool
2568,4.483120981603861,0.4696429241448641,3.905100980773568,shared_2l_1pool
2569,4.368989961221814,0.48171007074415684,3.7832718808203936,shared_2l_1pool
2570,4.482269985601306,0.47651794739067554,3.8984189741313457,shared_2l_1pool
2571,4.42947493866086,0.4708480555564165,3.8519268855452538,shared_2l_1pool
2572,4.435741109773517,0.4777831491082907,3.8503948599100113,shared_2l_1pool
2573,4.361074883490801,0.46458584256470203,3.7917671725153923,shared_2l_1pool
2574,4.462091950699687,0.4708310589194298,3.8862728979438543,shared_2l_1pool
2575,4.441349068656564,0.4637371748685837,3.870744025334716,shared_2l_1pool
2576,4.436552990227938,0.4818399902433157,3.843737067654729,shared_2l_1pool
2577,4.37633809633553,0.47360709868371487,3.796275006607175,shared_2l_1pool
2578,4.4432650320231915,0.4749670624732971,3.8604019209742546,shared_2l_1pool
2579,4.438705975189805,0.476666959002614,3.8547609001398087,shared_2l_1pool
2580,4.46638697758317,0.4663742147386074,3.894844790920615,shared_2l_1pool
2581,5.775172961875796,1.650386955589056,3.999193198978901,shared_2l_1pool
2582,4.454379202798009,0.4913969896733761,3.8493210449814796,shared_2l_1pool
2583,4.4611499179154634,0.49983104690909386,3.8568549789488316,shared_2l_1pool
2584,4.467796068638563,0.4637108650058508,3.8940319791436195,shared_2l_1pool
2585,4.450054140761495,0.4801719915121794,3.8628368638455868,shared_2l_1pool
2586,4.472828935831785,0.47340686433017254,3.8932031020522118,shared_2l_1pool
2587,4.440299002453685,0.4749959334731102,3.858438925817609,shared_2l_1pool
2588,4.38368902541697,0.4603608977049589,3.817708930000663,shared_2l_1pool
2589,4.3410921934992075,0.4681029822677374,3.7635951302945614,shared_2l_1pool
2590,4.477670881897211,0.4809158854186535,3.8904910907149315,shared_2l_1pool
2591,4.37129195779562,0.47315703704953194,3.7932530976831913,shared_2l_1pool
2592,4.39047790132463,0.47594192437827587,3.810285124927759,shared_2l_1pool
2593,4.363933810964227,0.47438195906579494,3.7855010014027357,shared_2l_1pool
2594,4.38942713662982,0.4734641406685114,3.8112399633973837,shared_2l_1pool
2595,4.372281953692436,0.4670459311455488,3.801414044573903,shared_2l_1pool
2596,4.402975086122751,0.46482100151479244,3.8326720241457224,shared_2l_1pool
2597,5.83473895676434,1.6760448925197124,4.0301240514963865,shared_2l_1pool
2598,4.426488885655999,0.49299001693725586,3.8234181702136993,shared_2l_1pool
2599,4.4350759126245975,0.487001845613122,3.842415055260062,shared_2l_1pool
2600,4.394983174279332,0.4800809547305107,3.804408013820648,shared_2l_1pool
2601,4.3715499341487885,0.4737549461424351,3.7912041880190372,shared_2l_1pool
2602,4.390056943520904,0.4708790220320225,3.812005976215005,shared_2l_1pool
2603,4.375525051727891,0.47497800551354885,3.796221921220422,shared_2l_1pool
2604,4.374545067548752,0.4635599907487631,3.8064930122345686,shared_2l_1pool
2605,4.394229035824537,0.4807498771697283,3.8080650847405195,shared_2l_1pool
2606,4.375128075480461,0.4671020433306694,3.8013739977031946,shared_2l_1pool
2607,4.3899500742554665,0.46691205352544785,3.8191848434507847,shared_2l_1pool
2608,4.452248103916645,0.479917973279953,3.866802901029587,shared_2l_1pool
2609,4.4505400583148,0.47068484127521515,3.874771995469928,shared_2l_1pool
2610,4.393561976030469,0.4695700481534004,3.8123170379549265,shared_2l_1pool
2611,4.397087963297963,0.47631398774683475,3.8162670098245144,shared_2l_1pool
2612,4.383136983960867,0.4650580231100321,3.812527982518077,shared_2l_1pool
2613,5.709020886570215,1.6390189994126558,3.946565091609955,shared_2l_1pool
2614,4.469212843105197,0.5078481044620275,3.84500902146101,shared_2l_1pool
2615,4.474607994779944,0.49483985640108585,3.8739140145480633,shared_2l_1pool
2616,4.440460121259093,0.4740450531244278,3.8605451118201017,shared_2l_1pool
2617,4.460614174604416,0.4854158032685518,3.8688830099999905,shared_2l_1pool
2618,4.453629953786731,0.4774050321429968,3.869101870805025,shared_2l_1pool
2619,4.4562669936567545,0.47266087494790554,3.8777021691203117,shared_2l_1pool
2620,4.489566897973418,0.4670319613069296,3.9173851255327463,shared_2l_1pool
2621,4.493438871577382,0.48339786008000374,3.9030141197144985,shared_2l_1pool
2622,4.464084981009364,0.46819704584777355,3.8889949209988117,shared_2l_1pool
2623,4.419628065079451,0.4732909146696329,3.8400781340897083,shared_2l_1pool
2624,4.4408810790628195,0.4704589955508709,3.864478087052703,shared_2l_1pool
2625,4.420316079631448,0.47783320769667625,3.8366769440472126,shared_2l_1pool
2626,4.4036670587956905,0.4769209772348404,3.8211990613490343,shared_2l_1pool
2627,4.423178033903241,0.47898292541503906,3.83916893042624,shared_2l_1pool
2628,4.474952118471265,0.4861240740865469,3.882830962538719,shared_2l_1pool
2629,5.781302927061915,1.673446036875248,3.981534857302904,shared_2l_1pool
2630,4.470153013244271,0.49112807027995586,3.8704879116266966,shared_2l_1pool
2631,4.387622931972146,0.48788590356707573,3.789380891248584,shared_2l_1pool
2632,4.425941966474056,0.4717980045825243,3.8500369992107153,shared_2l_1pool
2633,4.415191011503339,0.4798190202564001,3.8275739643722773,shared_2l_1pool
2634,4.3854801915585995,0.47706998884677887,3.803056897595525,shared_2l_1pool
2635,4.361904924735427,0.4662370774894953,3.78906587138772,shared_2l_1pool
2636,4.3526291847229,0.4735838156193495,3.7694841157644987,shared_2l_1pool
2637,4.428270971402526,0.461759977042675,3.8616920355707407,shared_2l_1pool
2638,4.3940250761806965,0.4670768976211548,3.8210470229387283,shared_2l_1pool
2639,4.372347146272659,0.483113806694746,3.7843151949346066,shared_2l_1pool
2640,4.374150885269046,0.47536008059978485,3.7958009634166956,shared_2l_1pool
2641,4.39707818441093,0.47760922461748123,3.81126394495368,shared_2l_1pool
2642,4.462709883227944,0.467727892100811,3.8891849108040333,shared_2l_1pool
2643,4.505652002990246,0.4857070744037628,3.912529908120632,shared_2l_1pool
2644,4.397840006276965,0.4760120064020157,3.817131044343114,shared_2l_1pool
2645,5.713558057323098,1.6478730831295252,3.941898001357913,shared_2l_1pool
2646,4.471814027056098,0.4826879594475031,3.8814640138298273,shared_2l_1pool
2647,4.4552721083164215,0.4789631348103285,3.86922899633646,shared_2l_1pool
2648,4.48875199072063,0.4692950751632452,3.911552019417286,shared_2l_1pool
2649,4.418398952111602,0.476545887067914,3.8265951443463564,shared_2l_1pool
2650,4.386661108583212,0.47297403216362,3.808645997196436,shared_2l_1pool
2651,4.4206969905644655,0.4729791544377804,3.838833887130022,shared_2l_1pool
2652,4.414740018546581,0.481561990454793,3.8270598743110895,shared_2l_1pool
2653,4.469498991966248,0.4803040064871311,3.8837019819766283,shared_2l_1pool
2654,4.509577993303537,0.48283906653523445,3.9178908336907625,shared_2l_1pool
2655,4.490522900596261,0.46958797611296177,3.9123590104281902,shared_2l_1pool
2656,4.449830856174231,0.47967000864446163,3.8664881139993668,shared_2l_1pool
2657,4.433699883520603,0.4750369116663933,3.853358095511794,shared_2l_1pool
2658,4.37821913510561,0.4747409839183092,3.7942291237413883,shared_2l_1pool
2659,4.448642022907734,0.4703670274466276,3.8708439096808434,shared_2l_1pool
2660,4.439369076862931,0.4750520456582308,3.855333896353841,shared_2l_1pool
2661,5.777276819571853,1.6548288986086845,3.9966211188584566,shared_2l_1pool
2662,4.482637159526348,0.49249082803726196,3.88192106038332,shared_2l_1pool
2663,4.440921125933528,0.4800420720130205,3.8523718249052763,shared_2l_1pool
2664,4.4853659346699715,0.4919290076941252,3.8896691985428333,shared_2l_1pool
2665,4.463284974917769,0.4744860343635082,3.8809499237686396,shared_2l_1pool
2666,4.414947936311364,0.4731779918074608,3.8262850139290094,shared_2l_1pool
2667,4.450773820281029,0.4742969758808613,3.868428058922291,shared_2l_1pool
2668,4.447233863174915,0.4701749421656132,3.8714809343218803,shared_2l_1pool
2669,4.464840050786734,0.4837459418922663,3.8745091296732426,shared_2l_1pool
2670,4.461689852178097,0.47205411829054356,3.881289856508374,shared_2l_1pool
2671,4.355174954980612,0.4750110674649477,3.7765679880976677,shared_2l_1pool
2672,4.491447936743498,0.4686471074819565,3.91631992533803,shared_2l_1pool
2673,4.379212856292725,0.48195687122642994,3.7904269993305206,shared_2l_1pool
2674,4.451793152838945,0.467152101919055,3.877430921420455,shared_2l_1pool
2675,4.459068179130554,0.4871077835559845,3.867907216772437,shared_2l_1pool
2676,4.461767850443721,0.46386197209358215,3.8901600055396557,shared_2l_1pool
2677,5.735303973779082,1.6434087883681059,3.967456053942442,shared_2l_1pool
2678,4.496596055105329,0.48919208347797394,3.898011054843664,shared_2l_1pool
2679,4.407218191772699,0.48651103861629963,3.813755000010133,shared_2l_1pool
2680,4.395368974655867,0.47624693252146244,3.812416922301054,shared_2l_1pool
2681,4.398012068122625,0.47792098484933376,3.8143820129334927,shared_2l_1pool
2682,4.379216814413667,0.4729179199784994,3.7954829167574644,shared_2l_1pool
2683,4.35980805195868,0.4699251148849726,3.783887019380927,shared_2l_1pool
2684,4.43158601410687,0.48381881788372993,3.8432730361819267,shared_2l_1pool
2685,4.398167133331299,0.47151301987469196,3.822108032181859,shared_2l_1pool
2686,4.420111188665032,0.4939099308103323,3.8171049673110247,shared_2l_1pool
2687,4.408793989568949,0.47219591215252876,3.830533940345049,shared_2l_1pool
2688,4.408733919262886,0.48028607852756977,3.823020961135626,shared_2l_1pool
2689,4.436001880094409,0.4794551059603691,3.850148990750313,shared_2l_1pool
2690,4.441224969923496,0.47418102622032166,3.860193071886897,shared_2l_1pool
2691,4.40849713049829,0.4788211081176996,3.822140861302614,shared_2l_1pool
2692,4.485155921429396,0.48207584768533707,3.895933972671628,shared_2l_1pool
2693,5.724964896216989,1.6524330712854862,3.9479550905525684,shared_2l_1pool
2694,4.435633076354861,0.4913010634481907,3.8354930002242327,shared_2l_1pool
2695,4.450058098882437,0.4964941181242466,3.848253982141614,shared_2l_1pool
2696,4.46560001000762,0.49188919365406036,3.8691668305546045,shared_2l_1pool
2697,4.462850047275424,0.49424590542912483,3.8617500104010105,shared_2l_1pool
2698,4.517093067988753,0.4915259778499603,3.918023081496358,shared_2l_1pool
2699,4.463739925995469,0.49175694584846497,3.865364007651806,shared_2l_1pool
2700,4.4056258630007505,0.47630094923079014,3.825225867331028,shared_2l_1pool
2701,4.426392959430814,0.4818118177354336,3.8390380796045065,shared_2l_1pool
2702,4.461736185476184,0.47534494660794735,3.880459116771817,shared_2l_1pool
2703,4.463160876184702,0.48353616148233414,3.8741559255868196,shared_2l_1pool
2704,4.472950007766485,0.47321408055722713,3.890510881319642,shared_2l_1pool
2705,4.379811929538846,0.4716489929705858,3.802177030593157,shared_2l_1pool
2706,4.462521057575941,0.47560897655785084,3.8800339680165052,shared_2l_1pool
2707,4.454741952940822,0.4783079493790865,3.8700448349118233,shared_2l_1pool
2708,4.476889036595821,0.4858418833464384,3.8844000082463026,shared_2l_1pool
2709,5.786812864243984,1.6620990354567766,3.9961279835551977,shared_2l_1pool
2710,4.495559027418494,0.49184891395270824,3.897580085322261,shared_2l_1pool
2711,4.492179024964571,0.4859070759266615,3.9013519417494535,shared_2l_1pool
2712,4.400240024551749,0.47216983512043953,3.8218721747398376,shared_2l_1pool
2713,4.420877899974585,0.4673351068049669,3.8450260180979967,shared_2l_1pool
2714,4.443641984835267,0.4799629095941782,3.857990959659219,shared_2l_1pool
2715,4.426974104717374,0.47187902964651585,3.849887987598777,shared_2l_1pool
2716,4.455568036064506,0.487620010972023,3.860955825075507,shared_2l_1pool
2717,4.4621729757636786,0.4776190035045147,3.8786581717431545,shared_2l_1pool
2718,4.496096167713404,0.48795505426824093,3.900825046002865,shared_2l_1pool
2719,4.4494569301605225,0.48596388660371304,3.855695016682148,shared_2l_1pool
2720,4.428159911185503,0.4883878864347935,3.832901129499078,shared_2l_1pool
2721,4.393876064568758,0.46707806177437305,3.8190160412341356,shared_2l_1pool
2722,4.447747021913528,0.4856581799685955,3.853481961414218,shared_2l_1pool
2723,4.484392004087567,0.48158993013203144,3.896474139764905,shared_2l_1pool
2724,4.432036075741053,0.46818703413009644,3.858857089653611,shared_2l_1pool
2725,6.000084104016423,1.895254012197256,3.9798440411686897,shared_2l_1pool
2726,4.4458669144660234,0.507475808262825,3.8301071617752314,shared_2l_1pool
2727,4.377723904326558,0.4805438220500946,3.7882740143686533,shared_2l_1pool
2728,4.3742668349295855,0.4908270202577114,3.7761670537292957,shared_2l_1pool
2729,4.440305987372994,0.468274112790823,3.863540943711996,shared_2l_1pool
2730,4.40966198220849,0.48380903899669647,3.8202358409762383,shared_2l_1pool
2731,4.4628779869526625,0.4809901583939791,3.8774488493800163,shared_2l_1pool
2732,4.456870956346393,0.47673704102635384,3.874728921800852,shared_2l_1pool
2733,4.440977005288005,0.4729100037366152,3.8608459290117025,shared_2l_1pool
2734,4.43063210695982,0.4761950112879276,3.8432939909398556,shared_2l_1pool
2735,4.433789988979697,0.49426406621932983,3.8226640317589045,shared_2l_1pool
2736,4.4156149961054325,0.4948591813445091,3.8140348624438047,shared_2l_1pool
2737,4.520876100286841,0.49423309974372387,3.9155709091573954,shared_2l_1pool
2738,4.44684992544353,0.4903990775346756,3.846270963549614,shared_2l_1pool
2739,4.454037873074412,0.49673509784042835,3.840056946501136,shared_2l_1pool
2740,4.43264190107584,0.47744298353791237,3.84902092628181,shared_2l_1pool
2741,5.79116097651422,1.664218958467245,3.9913631044328213,shared_2l_1pool
2742,4.454710986465216,0.4975090268999338,3.8481419906020164,shared_2l_1pool
2743,4.42626909352839,0.49143913201987743,3.827248001471162,shared_2l_1pool
2744,4.411177942529321,0.4850819241255522,3.8207799661904573,shared_2l_1pool
2745,4.470382817089558,0.4871890414506197,3.877104027196765,shared_2l_1pool
2746,4.415085772052407,0.4779340233653784,3.8301958702504635,shared_2l_1pool
2747,4.4078228529542685,0.498451991006732,3.805748885497451,shared_2l_1pool
2748,4.452743101865053,0.477456022053957,3.8697889540344477,shared_2l_1pool
2749,4.42694709636271,0.4735968541353941,3.848213003948331,shared_2l_1pool
2750,4.414947936311364,0.48575596883893013,3.8216460961848497,shared_2l_1pool
2751,4.416468786075711,0.4854709841310978,3.823773004114628,shared_2l_1pool
2752,4.400908946990967,0.48464210703969,3.8110800087451935,shared_2l_1pool
2753,4.475510213524103,0.4889359697699547,3.880114993080497,shared_2l_1pool
2754,4.472463857382536,0.4923059605062008,3.8711929228156805,shared_2l_1pool
2755,4.455483052879572,0.47998782247304916,3.869247157126665,shared_2l_1pool
2756,4.506037104874849,0.49147196114063263,3.9091540966182947,shared_2l_1pool
2757,5.782651947811246,1.648163190111518,4.008308984339237,shared_2l_1pool
2758,4.50488505885005,0.4999281372874975,3.896320005878806,shared_2l_1pool
2759,4.502402851358056,0.48774597235023975,3.9068839978426695,shared_2l_1pool
2760,4.423727048560977,0.483660027384758,3.8321458268910646,shared_2l_1pool
2761,4.397412994876504,0.469984021037817,3.822511062026024,shared_2l_1pool
2762,4.389378009364009,0.4813629202544689,3.7976319435983896,shared_2l_1pool
2763,4.377320874482393,0.48929499462246895,3.7830618675798178,shared_2l_1pool
2764,4.4019038323313,0.47679594717919827,3.8168481551110744,shared_2l_1pool
2765,4.36235498636961,0.4719079006463289,3.7833470851182938,shared_2l_1pool
2766,4.379794001579285,0.47011300921440125,3.802788909524679,shared_2l_1pool
2767,4.472932079806924,0.5018820520490408,3.864201018586755,shared_2l_1pool
2768,4.423969890922308,0.48813596367836,3.8266319315880537,shared_2l_1pool
2769,4.448644118383527,0.48353313468396664,3.8600049447268248,shared_2l_1pool
2770,4.483622033149004,0.4775861743837595,3.895109985023737,shared_2l_1pool
2771,4.404125967994332,0.47428091056644917,3.825178137049079,shared_2l_1pool
2772,4.386414075270295,0.4794420674443245,3.801780054345727,shared_2l_1pool
2773,5.743503104895353,1.641928916797042,3.976345993578434,shared_2l_1pool
2774,4.4333720579743385,0.49965502694249153,3.8267120253294706,shared_2l_1pool
2775,4.431531066074967,0.49433810636401176,3.8307509385049343,shared_2l_1pool
2776,4.3791430070996284,0.493096886202693,3.781402949243784,shared_2l_1pool
2777,4.480677889660001,0.4865769296884537,3.8890461437404156,shared_2l_1pool
2778,4.471122985705733,0.49525382928550243,3.869089065119624,shared_2l_1pool
2779,4.456301918253303,0.4738320130854845,3.8764250930398703,shared_2l_1pool
2780,4.46091708727181,0.48934598453342915,3.862704848870635,shared_2l_1pool
2781,4.382770974189043,0.4750241059809923,3.801672952249646,shared_2l_1pool
2782,4.350574919953942,0.4801799077540636,3.7630940787494183,shared_2l_1pool
2783,4.433988826349378,0.4856919404119253,3.8414220325648785,shared_2l_1pool
2784,4.438441013917327,0.4770769737660885,3.8565059658139944,shared_2l_1pool
2785,4.435787908732891,0.4749919753521681,3.854992100968957,shared_2l_1pool
2786,4.423745907843113,0.4797040019184351,3.8387340027838945,shared_2l_1pool
2787,4.412523005157709,0.4762769676744938,3.830913919955492,shared_2l_1pool
2788,4.48225112631917,0.47785998322069645,3.897721879184246,shared_2l_1pool
2789,5.758034996688366,1.6607861034572124,3.9701489731669426,shared_2l_1pool
2790,4.454784793779254,0.48914598301053047,3.85638908483088,shared_2l_1pool
2791,4.421744029968977,0.499167013913393,3.8149640895426273,shared_2l_1pool
2792,4.418910015374422,0.48679905012249947,3.824191866442561,shared_2l_1pool
2793,4.474292043596506,0.4901869688183069,3.878499148413539,shared_2l_1pool
2794,4.379361169412732,0.47648116014897823,3.7976298481225967,shared_2l_1pool
2795,4.477333044633269,0.4844220820814371,3.887438913807273,shared_2l_1pool
2796,4.466576036065817,0.47749606892466545,3.88236902654171,shared_2l_1pool
2797,4.452068125829101,0.48757693730294704,3.8585569709539413,shared_2l_1pool
2798,4.484950099140406,0.4889050032943487,3.889253130182624,shared_2l_1pool
2799,4.462410928681493,0.48400810919702053,3.870850894600153,shared_2l_1pool
2800,4.406687803566456,0.47652795910835266,3.8241881411522627,shared_2l_1pool
2801,4.392345203086734,0.47519500367343426,3.81076498888433,shared_2l_1pool
2802,4.377802135422826,0.48155407421290874,3.7894248962402344,shared_2l_1pool
2803,4.457138944417238,0.47861295752227306,3.87325300835073,shared_2l_1pool
2804,4.469871055334806,0.48737903125584126,3.871524939313531,shared_2l_1pool
2805,5.752607015892863,1.6506460960954428,3.976416075602174,shared_2l_1pool
2806,4.509909078478813,0.4990198649466038,3.9018881507217884,shared_2l_1pool
2807,4.4991509057581425,0.4819489549845457,3.9119990542531013,shared_2l_1pool
2808,4.479371011257172,0.499160960316658,3.871991066262126,shared_2l_1pool
2809,4.436860093846917,0.4853659775108099,3.8453240413218737,shared_2l_1pool
2810,4.450788022950292,0.48398994840681553,3.859772114083171,shared_2l_1pool
2811,4.457248840481043,0.48758997581899166,3.8632031064480543,shared_2l_1pool
2812,4.499241942539811,0.49272412434220314,3.897916991263628,shared_2l_1pool
2813,4.492995096370578,0.48240600153803825,3.902581986039877,shared_2l_1pool
2814,4.479644820094109,0.49180397763848305,3.879457013681531,shared_2l_1pool
2815,4.480830859392881,0.4765929188579321,3.8994241040199995,shared_2l_1pool
2816,4.491318948566914,0.48170099034905434,3.9062160067260265,shared_2l_1pool
2817,4.462318029254675,0.48224302008748055,3.874574787914753,shared_2l_1pool
2818,4.534514853730798,0.4911229480057955,3.9374581538140774,shared_2l_1pool
2819,4.508520010858774,0.4828979726880789,3.9166470523923635,shared_2l_1pool
2820,4.4814590364694595,0.48185396008193493,3.8918231148272753,shared_2l_1pool
2821,5.737969186156988,1.6422709450125694,3.9710819255560637,shared_2l_1pool
2822,4.475828027352691,0.4998999647796154,3.867390099912882,shared_2l_1pool
2823,4.477255046367645,0.48887706361711025,3.87979787774384,shared_2l_1pool
2824,4.465128993615508,0.49763196147978306,3.8607921451330185,shared_2l_1pool
2825,4.47421707212925,0.5009160377085209,3.866269951686263,shared_2l_1pool
2826,4.448340041562915,0.4885210655629635,3.853015834465623,shared_2l_1pool
2827,4.410057095810771,0.4830090329051018,3.8226409815251827,shared_2l_1pool
2828,4.410402849316597,0.4831720143556595,3.8214230444282293,shared_2l_1pool
2829,4.46932390332222,0.4774029366672039,3.8863851223140955,shared_2l_1pool
2830,4.455983871594071,0.4841610789299011,3.8624119479209185,shared_2l_1pool
2831,4.38345386646688,0.47866697423160076,3.8014808669686317,shared_2l_1pool
2832,4.388195928186178,0.4691430367529392,3.812215058133006,shared_2l_1pool
2833,4.41318191587925,0.4902300424873829,3.8186500314623117,shared_2l_1pool
2834,4.377263830974698,0.4827070515602827,3.7899711169302464,shared_2l_1pool
2835,4.389999900013208,0.48994412645697594,3.7959800101816654,shared_2l_1pool
2836,4.388635046780109,0.48145907931029797,3.801146987825632,shared_2l_1pool
2837,5.805168999359012,1.6527548432350159,4.028390161693096,shared_2l_1pool
2838,4.485192941501737,0.4851329140365124,3.893751883879304,shared_2l_1pool
2839,4.463417222723365,0.49211294390261173,3.863232908770442,shared_2l_1pool
2840,4.451127955690026,0.47570886090397835,3.870601998642087,shared_2l_1pool
2841,4.410451976582408,0.4897417966276407,3.804621985182166,shared_2l_1pool
2842,4.472287837415934,0.4740131553262472,3.892650827765465,shared_2l_1pool
2843,4.380754195153713,0.47892099246382713,3.7958859466016293,shared_2l_1pool
2844,4.452153109014034,0.49153296276926994,3.854215843603015,shared_2l_1pool
2845,4.428985994309187,0.4752890672534704,3.8479738868772984,shared_2l_1pool
2846,4.434244940057397,0.4838739987462759,3.845956875011325,shared_2l_1pool
2847,4.455212038010359,0.4809119272977114,3.867984050884843,shared_2l_1pool
2848,4.461813950911164,0.4820120520889759,3.8721158634871244,shared_2l_1pool
2849,4.389468813315034,0.4806721117347479,3.8030799478292465,shared_2l_1pool
2850,4.383844090625644,0.4835929721593857,3.7898458540439606,shared_2l_1pool
2851,4.346112022176385,0.4765449557453394,3.765624016523361,shared_2l_1pool
2852,4.422827856615186,0.4708550404757261,3.849686123430729,shared_2l_1pool
2853,5.904508987441659,1.6747249756008387,4.038708051666617,shared_2l_1pool
2854,4.522361094132066,0.50691282376647,3.9074341766536236,shared_2l_1pool
2855,4.4029150158166885,0.4832178819924593,3.8116569630801678,shared_2l_1pool
2856,4.408516921103001,0.49109593965113163,3.813127987086773,shared_2l_1pool
2857,4.397380165755749,0.4752201493829489,3.816847922280431,shared_2l_1pool
2858,4.384791944175959,0.47357985749840736,3.8073731120675802,shared_2l_1pool
2859,4.387086955830455,0.48426096327602863,3.797671990469098,shared_2l_1pool
2860,4.439546959474683,0.4740389995276928,3.8603420834988356,shared_2l_1pool
2861,4.454091191291809,0.49313693307340145,3.855668008327484,shared_2l_1pool
2862,4.478667862713337,0.4799170419573784,3.8904270622879267,shared_2l_1pool
2863,4.456802038475871,0.4941839724779129,3.85823892429471,shared_2l_1pool
2864,4.482136107981205,0.480287941172719,3.8953861221671104,shared_2l_1pool
2865,4.513370105996728,0.4877729807049036,3.9181290194392204,shared_2l_1pool
2866,4.408339038491249,0.48079085536301136,3.821364138275385,shared_2l_1pool
2867,4.436624934896827,0.48704701475799084,3.8419810589402914,shared_2l_1pool
2868,4.399341065436602,0.48455712385475636,3.8094278424978256,shared_2l_1pool
2869,5.769849056378007,1.6382471658289433,4.004069836810231,shared_2l_1pool
2870,4.4273950625211,0.49336906522512436,3.8267290219664574,shared_2l_1pool
2871,4.424559185281396,0.4876579623669386,3.826125990599394,shared_2l_1pool
2872,4.468013998121023,0.48976996913552284,3.870754037052393,shared_2l_1pool
2873,4.452866967767477,0.4800099413841963,3.868259023874998,shared_2l_1pool
2874,4.483687924221158,0.4867701791226864,3.8901169318705797,shared_2l_1pool
2875,4.441180033609271,0.48392009921371937,3.851194866001606,shared_2l_1pool
2876,4.476292058825493,0.48749707639217377,3.882145043462515,shared_2l_1pool
2877,4.450882086530328,0.4948149435222149,3.8485871627926826,shared_2l_1pool
2878,4.400251898914576,0.48497808165848255,3.8097859360277653,shared_2l_1pool
2879,4.410183988511562,0.4731719382107258,3.8296568673104048,shared_2l_1pool
2880,4.403779050335288,0.49122818745672703,3.810096997767687,shared_2l_1pool
2881,4.439366981387138,0.4818718880414963,3.8501310627907515,shared_2l_1pool
2882,4.507865058258176,0.4928379785269499,3.9026471786201,shared_2l_1pool
2883,4.514130996540189,0.4828160163015127,3.8949018344283104,shared_2l_1pool
2884,4.53616282902658,0.5079670809209347,3.912535961717367,shared_2l_1pool
2885,5.74843492358923,1.644121017307043,3.9783939719200134,shared_2l_1pool
2886,4.491596948355436,0.5104551091790199,3.873287932947278,shared_2l_1pool
2887,4.4856921304017305,0.4843079950660467,3.8925849366933107,shared_2l_1pool
2888,4.4480550568550825,0.49501401372253895,3.846382023766637,shared_2l_1pool
2889,4.403295926749706,0.49407291226089,3.800567938014865,shared_2l_1pool
2890,4.392212955281138,0.49469503574073315,3.791145980358124,shared_2l_1pool
2891,4.407379077747464,0.48720091581344604,3.815334988757968,shared_2l_1pool
2892,4.405352985486388,0.49659889191389084,3.802035003900528,shared_2l_1pool
2893,4.407519940286875,0.49964082427322865,3.8023199886083603,shared_2l_1pool
2894,4.407790023833513,0.49095298163592815,3.81121295504272,shared_2l_1pool
2895,4.509225022047758,0.49093691632151604,3.909942926838994,shared_2l_1pool
2896,4.452846013009548,0.48662303015589714,3.8599350955337286,shared_2l_1pool
2897,4.438159987330437,0.49112807027995586,3.8390338886529207,shared_2l_1pool
2898,4.467486869543791,0.49100304022431374,3.8699761498719454,shared_2l_1pool
2899,4.498210968449712,0.5005758721381426,3.89120914041996,shared_2l_1pool
2900,4.471749998629093,0.489494064822793,3.875079797580838,shared_2l_1pool
2901,5.770319141447544,1.6592119354754686,3.983675967901945,shared_2l_1pool
2902,4.436310147866607,0.49995887093245983,3.8301690947264433,shared_2l_1pool
2903,4.405336920171976,0.49679609946906567,3.8008689880371094,shared_2l_1pool
2904,4.428584827110171,0.48912386409938335,3.8315770216286182,shared_2l_1pool
2905,4.408980021253228,0.49757398664951324,3.804248059168458,shared_2l_1pool
2906,4.430634900927544,0.4905101377516985,3.8327889051288366,shared_2l_1pool
2907,4.42460598424077,0.5033020861446857,3.8136979565024376,shared_2l_1pool
2908,4.429493099451065,0.4868130199611187,3.831285983324051,shared_2l_1pool
2909,4.387418041005731,0.48235408030450344,3.8000978529453278,shared_2l_1pool
2910,4.376322962343693,0.49258116632699966,3.7780969869345427,shared_2l_1pool
2911,4.46824193932116,0.4773989785462618,3.8846200332045555,shared_2l_1pool
2912,4.410696914419532,0.4945010878145695,3.808191977441311,shared_2l_1pool
2913,4.398078890517354,0.48145116306841373,3.8093409966677427,shared_2l_1pool
2914,4.413812886923552,0.4859210457652807,3.821711987257004,shared_2l_1pool
2915,4.46923915296793,0.4988419823348522,3.86469392105937,shared_2l_1pool
2916,4.452042048797011,0.48497598618268967,3.8595988880842924,shared_2l_1pool
2917,5.802744068205357,1.6577502246946096,4.0131129790097475,shared_2l_1pool
2918,4.483490949496627,0.5142840091139078,3.8587290327996016,shared_2l_1pool
2919,4.503509029746056,0.4912090953439474,3.907410893589258,shared_2l_1pool
2920,4.490694031119347,0.4896570462733507,3.893584944307804,shared_2l_1pool
2921,4.497178830206394,0.48586679622530937,3.9041561540216208,shared_2l_1pool
2922,4.422107012942433,0.4912798758596182,3.8206500466912985,shared_2l_1pool
2923,4.4253000523895025,0.4906528629362583,3.829533001407981,shared_2l_1pool
2924,4.4303531758487225,0.48779090866446495,3.8376550655812025,shared_2l_1pool
2925,4.428262822329998,0.487243989482522,3.8341470062732697,shared_2l_1pool
2926,4.4515710324049,0.4904461093246937,3.8558500818908215,shared_2l_1pool
2927,4.4546728022396564,0.49179280176758766,3.8566170260310173,shared_2l_1pool
2928,4.485445097088814,0.4834451247006655,3.895452944561839,shared_2l_1pool
2929,4.491603933274746,0.4888668190687895,3.896509064361453,shared_2l_1pool
2930,4.464685916900635,0.48701814375817776,3.8710269145667553,shared_2l_1pool
2931,4.450500011444092,0.493078026920557,3.8517978973686695,shared_2l_1pool
2932,4.500797018408775,0.48601790331304073,3.906443016603589,shared_2l_1pool
2933,5.7470600586384535,1.6620538663119078,3.960538189858198,shared_2l_1pool
2934,4.427272826433182,0.5066008307039738,3.8143200799822807,shared_2l_1pool
2935,4.391022026538849,0.48636412248015404,3.798724850639701,shared_2l_1pool
2936,4.398040007799864,0.48620207235217094,3.807809902355075,shared_2l_1pool
2937,4.405128071084619,0.49127708189189434,3.8079519290477037,shared_2l_1pool
2938,4.394932882860303,0.48909313045442104,3.8012920413166285,shared_2l_1pool
2939,4.390228074043989,0.4874060396105051,3.798356046900153,shared_2l_1pool
2940,4.399171099066734,0.4863440990447998,3.8065428379923105,shared_2l_1pool
2941,4.410586087033153,0.4983288235962391,3.8072990719228983,shared_2l_1pool
2942,4.437752068042755,0.4844861105084419,3.84764582850039,shared_2l_1pool
2943,4.476031055673957,0.5033949855715036,3.864991944283247,shared_2l_1pool
2944,4.481233889237046,0.4978911019861698,3.8764369674026966,shared_2l_1pool
2945,4.486632999032736,0.4772390238940716,3.901102114468813,shared_2l_1pool
2946,4.38085594214499,0.4968671128153801,3.776024794206023,shared_2l_1pool
2947,4.363827873021364,0.4832481499761343,3.777496051043272,shared_2l_1pool
2948,4.4639138504862785,0.4839971661567688,3.873464884236455,shared_2l_1pool
2949,5.7649880181998014,1.6642261762171984,3.9721019566059113,shared_2l_1pool
2950,4.506499040871859,0.5064138676971197,3.8886480033397675,shared_2l_1pool
2951,4.491484956815839,0.5041151307523251,3.880938980728388,shared_2l_1pool
2952,4.425003891810775,0.5038629751652479,3.814009018242359,shared_2l_1pool
2953,4.485572222620249,0.4851468838751316,3.8939390797168016,shared_2l_1pool
2954,4.432495916262269,0.49934303387999535,3.8199431728571653,shared_2l_1pool
2955,4.409362096339464,0.49429386854171753,3.807371947914362,shared_2l_1pool
2956,4.393530078232288,0.48877205699682236,3.797580022364855,shared_2l_1pool
2957,4.476048052310944,0.500245951116085,3.867858089506626,shared_2l_1pool
2958,4.445297876372933,0.49045588821172714,3.8468961138278246,shared_2l_1pool
2959,4.501393996179104,0.49422611482441425,3.8999738171696663,shared_2l_1pool
2960,4.413173999637365,0.49153203144669533,3.8152849301695824,shared_2l_1pool
2961,4.481564974412322,0.49133598804473877,3.8799799513071775,shared_2l_1pool
2962,4.461951088160276,0.4878400359302759,3.8681109435856342,shared_2l_1pool
2963,4.479714902117848,0.4939129576086998,3.8810560945421457,shared_2l_1pool
2964,4.490668885409832,0.48823305405676365,3.8957830984145403,shared_2l_1pool
2965,5.746091017499566,1.6682478599250317,3.9499031845480204,shared_2l_1pool
2966,4.519694950431585,0.5089889746159315,3.9010089822113514,shared_2l_1pool
2967,4.446157952770591,0.501333037391305,3.8362268824130297,shared_2l_1pool
2968,4.393299110233784,0.49615115858614445,3.7910807877779007,shared_2l_1pool
2969,4.384078085422516,0.4841769114136696,3.794308053329587,shared_2l_1pool
2970,4.435407929122448,0.48154196701943874,3.8461401127278805,shared_2l_1pool
2971,4.42531006410718,0.5158470012247562,3.802710911259055,shared_2l_1pool
2972,4.415241070091724,0.48854597844183445,3.820346901193261,shared_2l_1pool
2973,4.404453095048666,0.4939718637615442,3.8033341988921165,shared_2l_1pool
2974,4.424295155331492,0.4949779249727726,3.8213920779526234,shared_2l_1pool
2975,4.449917934834957,0.4987679421901703,3.8449610583484173,shared_2l_1pool
2976,4.476006142795086,0.4988289438188076,3.870608052238822,shared_2l_1pool
2977,4.456992028281093,0.48608100041747093,3.8666389882564545,shared_2l_1pool
2978,4.4852751307189465,0.4881620407104492,3.889810061082244,shared_2l_1pool
2979,4.409126937389374,0.48599205911159515,3.817402059212327,shared_2l_1pool
2980,4.415095783770084,0.4955618642270565,3.8143109995871782,shared_2l_1pool
2981,5.747190909460187,1.6407768707722425,3.979782108217478,shared_2l_1pool
2982,4.426770145073533,0.5106739699840546,3.808126086369157,shared_2l_1pool
2983,4.420037847012281,0.4876619204878807,3.827923210337758,shared_2l_1pool
2984,4.464270081371069,0.5004620179533958,3.8561418186873198,shared_2l_1pool
2985,4.480841802433133,0.4881930071860552,3.8864261005073786,shared_2l_1pool
2986,4.528220975771546,0.5259900353848934,3.890251973643899,shared_2l_1pool
2987,4.426304949447513,0.4826278891414404,3.835737006738782,shared_2l_1pool
2988,4.386045970022678,0.4870451521128416,3.7930288817733526,shared_2l_1pool
2989,4.3996169697493315,0.49213599413633347,3.7991481367498636,shared_2l_1pool
2990,4.373746924102306,0.49362098798155785,3.7764678709208965,shared_2l_1pool
2991,4.481074865907431,0.4871960263699293,3.887974889948964,shared_2l_1pool
2992,4.482941003516316,0.4860640037804842,3.890483872964978,shared_2l_1pool
2993,4.485585959628224,0.5021039396524429,3.877798095345497,shared_2l_1pool
2994,4.423185950145125,0.478578032925725,3.8377800956368446,shared_2l_1pool
2995,4.425221821293235,0.495225191116333,3.8173599168658257,shared_2l_1pool
2996,4.399043042212725,0.4876030143350363,3.8056799676269293,shared_2l_1pool
2997,5.732720950618386,1.6532591544091702,3.954967949539423,shared_2l_1pool
2998,4.426164785400033,0.5015530623495579,3.8181780837476254,shared_2l_1pool
2999,4.43088891915977,0.5009651649743319,3.8228179328143597,shared_2l_1pool
3000,4.397947108373046,0.4967120476067066,3.7937299348413944,shared_2l_1pool
3001,4.4057960622012615,0.49379211850464344,3.8066930137574673,shared_2l_1pool
3002,4.413477843627334,0.49176299944519997,3.8141279947012663,shared_2l_1pool
3003,4.392845090478659,0.4869140684604645,3.800793085247278,shared_2l_1pool
3004,4.363135900348425,0.4942868836224079,3.762678010389209,shared_2l_1pool
3005,4.451547050848603,0.4782730247825384,3.8672618102282286,shared_2l_1pool
3006,4.4124561827629805,0.49319607205688953,3.8146020378917456,shared_2l_1pool
3007,4.452774068340659,0.48653106205165386,3.8560940884053707,shared_2l_1pool
3008,4.4592381455004215,0.4809768870472908,3.871288150548935,shared_2l_1pool
3009,4.47443500161171,0.49839611165225506,3.8687889464199543,shared_2l_1pool
3010,4.3974751606583595,0.4889070987701416,3.801794024184346,shared_2l_1pool
3011,4.387931898236275,0.4851680714637041,3.7979239132255316,shared_2l_1pool
3012,4.3856140691787004,0.48394897021353245,3.79762495867908,shared_2l_1pool
3013,5.782667081803083,1.6651051118969917,3.992147045210004,shared_2l_1pool
3014,4.46239416487515,0.5080001428723335,3.84515686891973,shared_2l_1pool
3015,4.401050042361021,0.501028960570693,3.7941569462418556,shared_2l_1pool
3016,4.369043977931142,0.491222133859992,3.772357013076544,shared_2l_1pool
3017,4.40456997603178,0.49604615196585655,3.8030948489904404,shared_2l_1pool
3018,4.4377639424055815,0.48537389375269413,3.8434050511568785,shared_2l_1pool
3019,4.398844903334975,0.5023968406021595,3.7918321322649717,shared_2l_1pool
3020,4.372189985588193,0.49447594210505486,3.7739481776952744,shared_2l_1pool
3021,4.481361014768481,0.4937620833516121,3.8817429449409246,shared_2l_1pool
3022,4.4728529173880816,0.4986310377717018,3.8654569070786238,shared_2l_1pool
3023,4.416975891217589,0.5039181560277939,3.8068718276917934,shared_2l_1pool
3024,4.41800314001739,0.49855606630444527,3.8048229180276394,shared_2l_1pool
3025,4.396130098029971,0.48790406435728073,3.8042489904910326,shared_2l_1pool
3026,4.399322904646397,0.4887769464403391,3.8048671558499336,shared_2l_1pool
3027,4.459545947611332,0.49630505964159966,3.854435868561268,shared_2l_1pool
3028,4.464074969291687,0.49507012590765953,3.8641379214823246,shared_2l_1pool
3029,5.800100974738598,1.670825993642211,4.003825830295682,shared_2l_1pool
3030,4.459101008251309,0.5089000333100557,3.8419459015130997,shared_2l_1pool
3031,4.44210902787745,0.49045588821172714,3.8458940107375383,shared_2l_1pool
3032,4.425405990332365,0.4989390727132559,3.8207059260457754,shared_2l_1pool
3033,4.423924023285508,0.4899408668279648,3.8243860471993685,shared_2l_1pool
3034,4.40800585784018,0.48929592594504356,3.8128281012177467,shared_2l_1pool
3035,4.4563631527125835,0.5003940314054489,3.851487999781966,shared_2l_1pool
3036,4.454510984942317,0.4920121282339096,3.8569108583033085,shared_2l_1pool
3037,4.532228922471404,0.5022860132157803,3.9227178785949945,shared_2l_1pool
3038,4.420699086040258,0.4951450973749161,3.818799974396825,shared_2l_1pool
3039,4.441781900823116,0.5020690150558949,3.83321987465024,shared_2l_1pool
3040,4.42375591956079,0.49213902093470097,3.8252559024840593,shared_2l_1pool
3041,4.401932004839182,0.4910728894174099,3.80156422033906,shared_2l_1pool
3042,4.405157174915075,0.4886260721832514,3.8101898971945047,shared_2l_1pool
3043,4.421758931130171,0.4863799549639225,3.8277958519756794,shared_2l_1pool
3044,4.458870040252805,0.49788900651037693,3.854461945593357,shared_2l_1pool
3045,5.787894129753113,1.682488014921546,3.978725988417864,shared_2l_1pool
3046,4.506768891587853,0.5154518876224756,3.881957149133086,shared_2l_1pool
3047,4.5339439529925585,0.5053291097283363,3.9181639440357685,shared_2l_1pool
3048,4.4057180639356375,0.49844011664390564,3.802042920142412,shared_2l_1pool
3049,4.398277960717678,0.497056869789958,3.796559991315007,shared_2l_1pool
3050,4.398811841383576,0.498706940561533,3.7936188746243715,shared_2l_1pool
3051,4.410663153976202,0.4851659759879112,3.818651894107461,shared_2l_1pool
3052,4.414702067151666,0.4961201921105385,3.8131189066916704,shared_2l_1pool
3053,4.476842004805803,0.4966310225427151,3.873359877616167,shared_2l_1pool
3054,4.508315119892359,0.5011060275137424,3.899083938449621,shared_2l_1pool
3055,4.472505068406463,0.48629799857735634,3.8804160431027412,shared_2l_1pool
3056,4.471081076189876,0.507456948980689,3.8578850217163563,shared_2l_1pool
3057,4.482225049287081,0.4815119318664074,3.8950250018388033,shared_2l_1pool
3058,4.446034086868167,0.5023118574172258,3.8382881321012974,shared_2l_1pool
3059,4.509649937972426,0.5066348239779472,3.8942659739404917,shared_2l_1pool
3060,4.4547931756824255,0.5017928779125214,3.8416380994021893,shared_2l_1pool
3061,5.7957100216299295,1.654698047786951,4.012088989838958,shared_2l_1pool
3062,4.486869089305401,0.5198419094085693,3.8572929333895445,shared_2l_1pool
3063,4.4695730321109295,0.4993570037186146,3.862706944346428,shared_2l_1pool
3064,4.446304170414805,0.5099039990454912,3.8295499980449677,shared_2l_1pool
3065,4.47699916549027,0.49613392911851406,3.875571070238948,shared_2l_1pool
3066,4.5338759664446115,0.5069118924438953,3.920136019587517,shared_2l_1pool
3067,4.402424907311797,0.48167305067181587,3.8137088995426893,shared_2l_1pool
3068,4.445232916623354,0.5082110874354839,3.827796084806323,shared_2l_1pool
3069,4.41923295147717,0.49848994240164757,3.813996911048889,shared_2l_1pool
3070,4.438361153006554,0.49703498370945454,3.8307190407067537,shared_2l_1pool
3071,4.442269913852215,0.4899089690297842,3.8431030698120594,shared_2l_1pool
3072,4.487825091928244,0.5020159296691418,3.872564062476158,shared_2l_1pool
3073,4.4685539323836565,0.4919532220810652,3.8710038643330336,shared_2l_1pool
3074,4.495010944083333,0.5033970810472965,3.886040998622775,shared_2l_1pool
3075,4.479859955608845,0.49213296733796597,3.8797289598733187,shared_2l_1pool
3076,4.457107046619058,0.4889031406491995,3.8611299823969603,shared_2l_1pool
3077,5.816610995680094,1.6624468844383955,4.030698910355568,shared_2l_1pool
3078,4.514983156695962,0.518860062584281,3.8900510407984257,shared_2l_1pool
3079,4.423548933118582,0.4984478000551462,3.817957127466798,shared_2l_1pool
3080,4.409048007801175,0.5039710085839033,3.798865946009755,shared_2l_1pool
3081,4.4689790811389685,0.4890651907771826,3.8726588245481253,shared_2l_1pool
3082,4.527773940935731,0.5053200293332338,3.9115918334573507,shared_2l_1pool
3083,4.4234320521354675,0.4907811526209116,3.8263050373643637,shared_2l_1pool
3084,4.452325869351625,0.5148591008037329,3.829848952591419,shared_2l_1pool
3085,4.394309129565954,0.4906388930976391,3.7972270511090755,shared_2l_1pool
3086,4.385761916637421,0.49517489969730377,3.7845720071345568,shared_2l_1pool
3087,4.437037045136094,0.5162057932466269,3.815374104306102,shared_2l_1pool
3088,4.412398207932711,0.4936160985380411,3.813275834545493,shared_2l_1pool
3089,4.392326110973954,0.49507315270602703,3.78708285279572,shared_2l_1pool
3090,4.446924896910787,0.486746896058321,3.8539511151611805,shared_2l_1pool
3091,4.483907017856836,0.4994259215891361,3.875490976497531,shared_2l_1pool
3092,4.458090057596564,0.4982869140803814,3.8533820770680904,shared_2l_1pool
3093,5.733910016715527,1.6510849818587303,3.958264831453562,shared_2l_1pool
3094,4.440447082743049,0.5097030662000179,3.822559956461191,shared_2l_1pool
3095,4.415230127051473,0.49826595932245255,3.8106420543044806,shared_2l_1pool
3096,4.38685086555779,0.48774085007607937,3.791939001530409,shared_2l_1pool
3097,4.41910489462316,0.4948568530380726,3.818232100456953,shared_2l_1pool
3098,4.419404082000256,0.500870868563652,3.810563124716282,shared_2l_1pool
3099,4.478886025026441,0.506875105202198,3.8681700825691223,shared_2l_1pool
3100,4.476099973544478,0.5030359607189894,3.868554951623082,shared_2l_1pool
3101,4.431813955307007,0.4919799976050854,3.8343651685863733,shared_2l_1pool
3102,4.432205110788345,0.5066678859293461,3.816549200564623,shared_2l_1pool
3103,4.398960154503584,0.49437093548476696,3.798681078478694,shared_2l_1pool
3104,4.426812985911965,0.49916980788111687,3.81579902023077,shared_2l_1pool
3105,4.413001937791705,0.49177510663866997,3.8144229911267757,shared_2l_1pool
3106,4.416821990162134,0.4982168320566416,3.8117622025310993,shared_2l_1pool
3107,4.48476686142385,0.49403286539018154,3.8842761423438787,shared_2l_1pool
3108,4.458724986761808,0.49313483759760857,3.8591441698372364,shared_2l_1pool
3109,6.051840027794242,1.9011348485946655,4.025612026453018,shared_2l_1pool
3110,4.5189931988716125,0.5218121223151684,3.888883860781789,shared_2l_1pool
3111,4.492223029956222,0.5019819363951683,3.8830721750855446,shared_2l_1pool
3112,4.468773957341909,0.5131859797984362,3.8478560745716095,shared_2l_1pool
3113,4.473015898838639,0.5032510962337255,3.8648860063403845,shared_2l_1pool
3114,4.505660152062774,0.5066599696874619,3.8923178799450397,shared_2l_1pool
3115,4.424714017659426,0.4956591874361038,3.82259301841259,shared_2l_1pool
3116,4.437692929059267,0.5027318838983774,3.8279711734503508,shared_2l_1pool
3117,4.466209094971418,0.4993700422346592,3.861995879560709,shared_2l_1pool
3118,4.471794934943318,0.5079871043562889,3.856444964185357,shared_2l_1pool
3119,4.486741963773966,0.5007858853787184,3.881045151501894,shared_2l_1pool
3120,4.50418796390295,0.5168200004845858,3.879901021718979,shared_2l_1pool
3121,4.514019936323166,0.49051595851778984,3.9165550842881203,shared_2l_1pool
3122,4.5259250327944756,0.5067510064691305,3.9109878707677126,shared_2l_1pool
3123,4.491234896704555,0.4922989755868912,3.893862012773752,shared_2l_1pool
3124,4.427690990269184,0.4991181194782257,3.821787890046835,shared_2l_1pool
3125,5.789970979094505,1.6772651579231024,3.98571090772748,shared_2l_1pool
3126,4.454887937754393,0.5073528736829758,3.8391700945794582,shared_2l_1pool
3127,4.491382045671344,0.4982319660484791,3.8874028250575066,shared_2l_1pool
3128,4.51433495618403,0.5171499215066433,3.8904750254005194,shared_2l_1pool
3129,4.4563268311321735,0.5090369377285242,3.8414050359278917,shared_2l_1pool
3130,4.416808020323515,0.5011849571019411,3.8084618281573057,shared_2l_1pool
3131,4.434160888195038,0.5085240118205547,3.819230943918228,shared_2l_1pool
3132,4.389565903693438,0.5028529558330774,3.7806860636919737,shared_2l_1pool
3133,4.415358183905482,0.4956850316375494,3.812720999121666,shared_2l_1pool
3134,4.455561982467771,0.5023351404815912,3.8425959646701813,shared_2l_1pool
3135,4.494281951338053,0.4992240574210882,3.889939980581403,shared_2l_1pool
3136,4.494138993322849,0.5182379391044378,3.865177044644952,shared_2l_1pool
3137,4.502446157857776,0.49538095481693745,3.8996620569378138,shared_2l_1pool
3138,4.431915003806353,0.5027409642934799,3.820977173745632,shared_2l_1pool
3139,4.487419035285711,0.4866980016231537,3.8951600436121225,shared_2l_1pool
3140,4.507809178903699,0.4993800539523363,3.9013091009110212,shared_2l_1pool
3141,5.770721938461065,1.667139120399952,3.977796994149685,shared_2l_1pool
3142,4.4787919614464045,0.5163389723747969,3.8531371392309666,shared_2l_1pool
3143,4.443690180778503,0.5088429898023605,3.8268938660621643,shared_2l_1pool
3144,4.437820985913277,0.5050031468272209,3.8259970024228096,shared_2l_1pool
3145,4.484398989006877,0.5125009920448065,3.865394974127412,shared_2l_1pool
3146,4.453230882063508,0.5060581024736166,3.839425975456834,shared_2l_1pool
3147,4.4605908915400505,0.5057649686932564,3.8485960103571415,shared_2l_1pool
3148,4.519101930782199,0.502352137118578,3.908762941136956,shared_2l_1pool
3149,4.489048151299357,0.49908505752682686,3.8814879953861237,shared_2l_1pool
3150,4.444797057658434,0.505669042468071,3.8249108474701643,shared_2l_1pool
3151,4.43871901370585,0.49790297634899616,3.8330228999257088,shared_2l_1pool
3152,4.406002117320895,0.5000100936740637,3.800289938226342,shared_2l_1pool
3153,4.429041175171733,0.5004310514777899,3.8204709999263287,shared_2l_1pool
3154,4.471168853342533,0.5032611079514027,3.860078053548932,shared_2l_1pool
3155,4.459687042981386,0.521928071975708,3.83197795599699,shared_2l_1pool
3156,4.40917001105845,0.4965399857610464,3.807767992839217,shared_2l_1pool
3157,5.791729083284736,1.6759349964559078,3.9881551638245583,shared_2l_1pool
3158,4.496095003560185,0.5231560207903385,3.8655949756503105,shared_2l_1pool
3159,4.45478199981153,0.5036781076341867,3.8443810772150755,shared_2l_1pool
3160,4.501111106947064,0.5161811131983995,3.8746530190110207,shared_2l_1pool
3161,4.464705940335989,0.49554905854165554,3.8624198641628027,shared_2l_1pool
3162,4.464942961931229,0.49651111476123333,3.861416829749942,shared_2l_1pool
3163,4.432770889252424,0.498936977237463,3.825338091701269,shared_2l_1pool
3164,4.466847982257605,0.5011160392314196,3.858483862131834,shared_2l_1pool
3165,4.493001848459244,0.5112821236252785,3.873840905725956,shared_2l_1pool
3166,4.4308321084827185,0.5083831492811441,3.8168819155544043,shared_2l_1pool
3167,4.480202915146947,0.5021120887249708,3.869650885462761,shared_2l_1pool
3168,4.499753005802631,0.4983379039913416,3.8946461863815784,shared_2l_1pool
3169,4.511056933552027,0.5018580704927444,3.904236014932394,shared_2l_1pool
3170,4.407702013850212,0.4969630390405655,3.803237807005644,shared_2l_1pool
3171,4.447386832907796,0.5087200552225113,3.8320370949804783,shared_2l_1pool
3172,4.428731044754386,0.49944291822612286,3.8243599701672792,shared_2l_1pool
3173,5.848967935889959,1.6747419722378254,4.048865055665374,shared_2l_1pool
3174,4.446856211870909,0.5150951910763979,3.8232298102229834,shared_2l_1pool
3175,4.499052884057164,0.5130160134285688,3.878419054672122,shared_2l_1pool
3176,4.513169871643186,0.49549899995326996,3.909648861736059,shared_2l_1pool
3177,4.448047140613198,0.5218170117586851,3.820752026513219,shared_2l_1pool
3178,4.399110097438097,0.49822404980659485,3.794386051595211,shared_2l_1pool
3179,4.487609025090933,0.5064529832452536,3.8741780444979668,shared_2l_1pool
3180,4.506978904828429,0.5041109398007393,3.8948501460254192,shared_2l_1pool
3181,4.404867067933083,0.49842381849884987,3.8006531540304422,shared_2l_1pool
3182,4.42981394007802,0.4935718607157469,3.8318901788443327,shared_2l_1pool
3183,4.415870876982808,0.5065558943897486,3.7996559403836727,shared_2l_1pool
3184,4.415587987750769,0.49876095727086067,3.8133629132062197,shared_2l_1pool
3185,4.41771699115634,0.5032988265156746,3.8096040952950716,shared_2l_1pool
3186,4.497486865147948,0.5167480558156967,3.874348010867834,shared_2l_1pool
3187,4.498729016631842,0.49740797840058804,3.8947060238569975,shared_2l_1pool
3188,4.468151833862066,0.5002690013498068,3.860339056700468,shared_2l_1pool
3189,5.7889181189239025,1.657970016822219,3.9911060594022274,shared_2l_1pool
3190,4.4424450024962425,0.5125601310282946,3.823587903752923,shared_2l_1pool
3191,4.42772195674479,0.5093668587505817,3.8044010289013386,shared_2l_1pool
3192,4.43445798009634,0.49999402835965157,3.826045896857977,shared_2l_1pool
3193,4.442940000444651,0.5021339748054743,3.834674134850502,shared_2l_1pool
3194,4.394992021843791,0.4943748936057091,3.7883350159972906,shared_2l_1pool
3195,4.439695971086621,0.49665593542158604,3.8359479513019323,shared_2l_1pool
3196,4.458920797333121,0.5059880204498768,3.845093073323369,shared_2l_1pool
3197,4.4194171205163,0.4904819652438164,3.8227650802582502,shared_2l_1pool
3198,4.44947206415236,0.49962103366851807,3.843042068183422,shared_2l_1pool
3199,4.513166146352887,0.49037509597837925,3.918086877092719,shared_2l_1pool
3200,4.395986907184124,0.5055819638073444,3.784347092732787,shared_2l_1pool
3201,4.391415975987911,0.4897010512650013,3.7988380063325167,shared_2l_1pool
3202,4.38528903760016,0.4990771412849426,3.780342871323228,shared_2l_1pool
3203,4.434393020346761,0.5082939751446247,3.820653073489666,shared_2l_1pool
3204,4.415089963003993,0.5007211584597826,3.805489046499133,shared_2l_1pool
3205,5.816539982333779,1.6818298026919365,4.009164171293378,shared_2l_1pool
3206,4.533091094344854,0.5176491104066372,3.907349891960621,shared_2l_1pool
3207,4.449486033990979,0.5049509927630424,3.8357721641659737,shared_2l_1pool
3208,4.455877002328634,0.5175301339477301,3.8324310444295406,shared_2l_1pool
3209,4.402437014505267,0.4950989969074726,3.803444094955921,shared_2l_1pool
3210,4.49194316752255,0.4891019780188799,3.8959148805588484,shared_2l_1pool
3211,4.433339927345514,0.5116460379213095,3.8177971728146076,shared_2l_1pool
3212,4.4350228272378445,0.49335299991071224,3.837549826130271,shared_2l_1pool
3213,4.407137166708708,0.5043218843638897,3.7992349825799465,shared_2l_1pool
3214,4.4631678611040115,0.4991551395505667,3.858017036691308,shared_2l_1pool
3215,4.44836588576436,0.5137969274073839,3.8276100531220436,shared_2l_1pool
3216,4.433166002854705,0.5043260753154755,3.8239380810409784,shared_2l_1pool
3217,4.428504034876823,0.4994799382984638,3.822603030130267,shared_2l_1pool
3218,4.484653007239103,0.507161021232605,3.8730229716748,shared_2l_1pool
3219,4.490378079935908,0.5045218858867884,3.875229973345995,shared_2l_1pool
3220,4.483863012865186,0.4967490676790476,3.8812661077827215,shared_2l_1pool
3221,5.8134691789746284,1.6678180545568466,4.01880987919867,shared_2l_1pool
3222,4.503288073465228,0.5163492169231176,3.8790327962487936,shared_2l_1pool
3223,4.473828012123704,0.5180281586945057,3.8501438684761524,shared_2l_1pool
3224,4.48456802405417,0.5088499747216702,3.869038075208664,shared_2l_1pool
3225,4.495009081438184,0.5032080225646496,3.882999997586012,shared_2l_1pool
3226,4.482185002416372,0.5016070790588856,3.870825981721282,shared_2l_1pool
3227,4.478519083932042,0.516081927344203,3.8564580027014017,shared_2l_1pool
3228,4.481191048398614,0.4985199775546789,3.876193892210722,shared_2l_1pool
3229,4.497678950428963,0.5156439729034901,3.8743840996176004,shared_2l_1pool
3230,4.424223909154534,0.4992710892111063,3.8182330317795277,shared_2l_1pool
3231,4.470768850296736,0.5175808910280466,3.846348961815238,shared_2l_1pool
3232,4.45279385894537,0.5011369939893484,3.844906808808446,shared_2l_1pool
3233,4.504970973357558,0.5122399888932705,3.8847611285746098,shared_2l_1pool
3234,4.472977947443724,0.4966310225427151,3.8711410015821457,shared_2l_1pool
3235,4.430514993146062,0.5026860162615776,3.8175510708242655,shared_2l_1pool
3236,4.431345965713263,0.4970880690962076,3.828061046078801,shared_2l_1pool
3237,5.817910190671682,1.6795198898762465,4.0106880478560925,shared_2l_1pool
3238,4.487212980166078,0.5180258303880692,3.8580179680138826,shared_2l_1pool
3239,4.500359995290637,0.5264570936560631,3.8673109374940395,shared_2l_1pool
3240,4.444482969120145,0.5002021789550781,3.839121898636222,shared_2l_1pool
3241,4.5045288279652596,0.5126369651407003,3.885603044182062,shared_2l_1pool
3242,4.488340113312006,0.5042888224124908,3.877305192872882,shared_2l_1pool
3243,4.513329127803445,0.5083759315311909,3.8964860141277313,shared_2l_1pool
3244,4.484737059101462,0.49181701615452766,3.8872859440743923,shared_2l_1pool
3245,4.471688997000456,0.5052380729466677,3.8618610706180334,shared_2l_1pool
3246,4.433431895449758,0.5009179003536701,3.827058942988515,shared_2l_1pool
3247,4.519134992733598,0.5175590049475431,3.8581029511988163,shared_2l_1pool
3248,4.528936930000782,0.5185529589653015,3.898696042597294,shared_2l_1pool
3249,4.439081996679306,0.5122111178934574,3.8203538861125708,shared_2l_1pool
3250,4.435362992808223,0.5184321198612452,3.8089840672910213,shared_2l_1pool
3251,4.417720949277282,0.5063710268586874,3.806252032518387,shared_2l_1pool
3252,4.499583039432764,0.49207895062863827,3.900900948792696,shared_2l_1pool
3253,5.798140075057745,1.674978993833065,3.9970828220248222,shared_2l_1pool
3254,4.473562119528651,0.5098511464893818,3.854126902297139,shared_2l_1pool
3255,4.496567882597446,0.5151461809873581,3.875307971611619,shared_2l_1pool
3256,4.468792118132114,0.5060529801994562,3.8572868797928095,shared_2l_1pool
3257,4.489111946895719,0.5225150380283594,3.8607059977948666,shared_2l_1pool
3258,4.481795011088252,0.5011449102312326,3.873462090268731,shared_2l_1pool
3259,4.526024917140603,0.5150460638105869,3.9031619671732187,shared_2l_1pool
3260,4.5004310086369514,0.5024790298193693,3.890081075951457,shared_2l_1pool
3261,4.476736066862941,0.4974470939487219,3.872314002364874,shared_2l_1pool
3262,4.505875986069441,0.504733994603157,3.894967958331108,shared_2l_1pool
3263,4.506431985646486,0.5063938442617655,3.8940489757806063,shared_2l_1pool
3264,4.514366155490279,0.5190051160752773,3.8892049342393875,shared_2l_1pool
3265,4.491493105888367,0.5009521264582872,3.886281978338957,shared_2l_1pool
3266,4.466828191652894,0.507086981087923,3.853611880913377,shared_2l_1pool
3267,4.434041911736131,0.5059479735791683,3.820741083472967,shared_2l_1pool
3268,4.447920946404338,0.5019949749112129,3.8405312225222588,shared_2l_1pool
3269,5.803144071251154,1.683069858700037,3.9941139984875917,shared_2l_1pool
3270,4.468828206881881,0.5224058404564857,3.839908167719841,shared_2l_1pool
3271,4.428833955898881,0.5056099034845829,3.818785073235631,shared_2l_1pool
3272,4.450422013178468,0.5080860573798418,3.8360131438821554,shared_2l_1pool
3273,4.435278009623289,0.5076699890196323,3.8204609882086515,shared_2l_1pool
3274,4.503719974309206,0.5037160590291023,3.894279943779111,shared_2l_1pool
3275,4.497424000874162,0.5170749500393867,3.8735971320420504,shared_2l_1pool
3276,4.529298981651664,0.5191420204937458,3.9013249333947897,shared_2l_1pool
3277,4.503428004682064,0.5037009250372648,3.8917309138923883,shared_2l_1pool
3278,4.497883841395378,0.5019470117986202,3.8900969084352255,shared_2l_1pool
3279,4.493373911827803,0.521698035299778,3.8678550627082586,shared_2l_1pool
3280,4.514195024967194,0.5002550315111876,3.907807869836688,shared_2l_1pool
3281,4.429559921845794,0.50109694711864,3.8161270786076784,shared_2l_1pool
3282,4.416912095621228,0.5045819561928511,3.8056541234254837,shared_2l_1pool
3283,4.407393978908658,0.4952359013259411,3.80713096819818,shared_2l_1pool
3284,4.498563939705491,0.4977700300514698,3.8957397919148207,shared_2l_1pool
3285,5.772214848548174,1.6663291025906801,3.979966975748539,shared_2l_1pool
3286,4.509406164288521,0.5333959124982357,3.8708969950675964,shared_2l_1pool
3287,4.481211071833968,0.5106490571051836,3.863251069560647,shared_2l_1pool
3288,4.494174150750041,0.5023439880460501,3.885354148223996,shared_2l_1pool
3289,4.5155438128858805,0.5022890400141478,3.906270954757929,shared_2l_1pool
3290,4.47114696726203,0.5099920090287924,3.8561730179935694,shared_2l_1pool
3291,4.4393029529601336,0.5048280581831932,3.8321989122778177,shared_2l_1pool
3292,4.49406704865396,0.5044690333306789,3.8841620553284883,shared_2l_1pool
3293,4.463326884433627,0.49966410733759403,3.85780306532979,shared_2l_1pool
3294,4.469437059015036,0.4966419655829668,3.8689030334353447,shared_2l_1pool
3295,4.5044319704174995,0.507130054756999,3.8917120546102524,shared_2l_1pool
3296,4.461199045181274,0.486643984913826,3.8668070919811726,shared_2l_1pool
3297,4.486758029088378,0.5137249827384949,3.8686979096382856,shared_2l_1pool
3298,4.485045094043016,0.4969409201294184,3.8804770447313786,shared_2l_1pool
3299,4.413083894178271,0.5083200521767139,3.7998510524630547,shared_2l_1pool
3300,4.407007014378905,0.4968161229044199,3.804615931585431,shared_2l_1pool
3301,5.7963000144809484,1.6798700671643019,3.989944001659751,shared_2l_1pool
3302,4.514816915616393,0.5228770896792412,3.883749945089221,shared_2l_1pool
3303,4.485466051846743,0.5036869551986456,3.8754260167479515,shared_2l_1pool
3304,4.532413091510534,0.5251849070191383,3.8941220846027136,shared_2l_1pool
3305,4.512995015829802,0.5143110174685717,3.8939460646361113,shared_2l_1pool
3306,4.5008130837231874,0.5077349487692118,3.8836300373077393,shared_2l_1pool
3307,4.453619942069054,0.5046268925070763,3.842740086838603,shared_2l_1pool
3308,4.402769031003118,0.5087829194962978,3.7863990291953087,shared_2l_1pool
3309,4.428283078595996,0.49741286784410477,3.824318991973996,shared_2l_1pool
3310,4.430136876180768,0.5056150257587433,3.818372031673789,shared_2l_1pool
3311,4.448472056537867,0.5098630208522081,3.833182854577899,shared_2l_1pool
3312,4.422144964337349,0.5109119229018688,3.8025560788810253,shared_2l_1pool
3313,4.451856017112732,0.5121349822729826,3.8341518957167864,shared_2l_1pool
3314,4.435108974575996,0.5038210656493902,3.823213977739215,shared_2l_1pool
3315,4.498088965192437,0.5250449758023024,3.8649020716547966,shared_2l_1pool
3316,4.545367090031505,0.5144041497260332,3.9212408009916544,shared_2l_1pool
3317,5.822777980938554,1.6856410074979067,4.00931597687304,shared_2l_1pool
3318,4.509827122092247,0.5257290322333574,3.8760220631957054,shared_2l_1pool
3319,4.535733023658395,0.5153389647603035,3.912402084097266,shared_2l_1pool
3320,4.510858096182346,0.5166591145098209,3.8870859425514936,shared_2l_1pool
3321,4.487614845857024,0.5050778854638338,3.8772441912442446,shared_2l_1pool
3322,4.498474067077041,0.5118148401379585,3.8788809906691313,shared_2l_1pool
3323,4.494501044973731,0.5103908479213715,3.8782001938670874,shared_2l_1pool
3324,4.48087602853775,0.5154930986464024,3.8590258918702602,shared_2l_1pool
3325,4.477065987884998,0.5079230759292841,3.8642350118607283,shared_2l_1pool
3326,4.512973129749298,0.5102171562612057,3.8958839140832424,shared_2l_1pool
3327,4.515459993854165,0.5040529649704695,3.9050241466611624,shared_2l_1pool
3328,4.481139127165079,0.5134239327162504,3.861078992486,shared_2l_1pool
3329,4.396694945171475,0.49856584519147873,3.7909061647951603,shared_2l_1pool
3330,4.497549030929804,0.5074040964245796,3.8772670086473227,shared_2l_1pool
3331,4.489472135901451,0.512053957208991,3.8723729085177183,shared_2l_1pool
3332,4.496710142120719,0.514819985255599,3.866029204800725,shared_2l_1pool
3333,5.810738075524569,1.7031608149409294,3.9798521902412176,shared_2l_1pool
3334,4.492592997848988,0.526683870702982,3.8569921161979437,shared_2l_1pool
3335,4.431053996086121,0.518101966008544,3.8080750964581966,shared_2l_1pool
3336,4.530749982222915,0.5158309359103441,3.906564088538289,shared_2l_1pool
3337,4.560035187751055,0.5223439075052738,3.9308650884777308,shared_2l_1pool
3338,4.505865043029189,0.520896865054965,3.8771010003983974,shared_2l_1pool
3339,4.443093901500106,0.5093580111861229,3.8261550944298506,shared_2l_1pool
3340,4.385326988995075,0.509635079652071,3.770441049709916,shared_2l_1pool
3341,4.513863008469343,0.49352203495800495,3.9131289813667536,shared_2l_1pool
3342,4.418877186253667,0.5218670703470707,3.790193935856223,shared_2l_1pool
3343,4.464210011065006,0.5051610060036182,3.853479865938425,shared_2l_1pool
3344,4.398125922307372,0.5155301187187433,3.779530990868807,shared_2l_1pool
3345,4.506590077653527,0.49741496331989765,3.902297932654619,shared_2l_1pool
3346,4.445964004844427,0.5290929693728685,3.805428044870496,shared_2l_1pool
3347,4.434006055817008,0.5083351861685514,3.8200728595256805,shared_2l_1pool
3348,4.410752095282078,0.5068429745733738,3.798783989623189,shared_2l_1pool
3349,5.812974879518151,1.6643900889903307,4.022120963782072,shared_2l_1pool
3350,4.4759169686585665,0.5154151003807783,3.84987099096179,shared_2l_1pool
3351,4.530960926786065,0.5043609999120235,3.9206540677696466,shared_2l_1pool
3352,4.5310561545193195,0.5134548991918564,3.9067750331014395,shared_2l_1pool
3353,4.480726085603237,0.5133131053298712,3.8603548891842365,shared_2l_1pool
3354,4.431629087775946,0.5163990426808596,3.8068611174821854,shared_2l_1pool
3355,4.457086091861129,0.5043051205575466,3.846389940008521,shared_2l_1pool
3356,4.438705975189805,0.5081889685243368,3.817908000200987,shared_2l_1pool
3357,4.432869842275977,0.5061831325292587,3.82145494222641,shared_2l_1pool
3358,4.434344125911593,0.5149950738996267,3.8144211284816265,shared_2l_1pool
3359,4.453280940651894,0.5123440641909838,3.8358881138265133,shared_2l_1pool
3360,4.439043812453747,0.509775010868907,3.8231241051107645,shared_2l_1pool
3361,4.431020934134722,0.5163808818906546,3.8105740677565336,shared_2l_1pool
3362,4.415204981341958,0.5065398290753365,3.804153064265847,shared_2l_1pool
3363,4.409458953887224,0.515997176989913,3.7880539894104004,shared_2l_1pool
3364,4.4915261678397655,0.4985760897397995,3.887790022417903,shared_2l_1pool
3365,5.81990391947329,1.6932280268520117,4.000768065452576,shared_2l_1pool
3366,4.512953106313944,0.52640400826931,3.8785780780017376,shared_2l_1pool
3367,4.514836007729173,0.5170069634914398,3.892668057233095,shared_2l_1pool
3368,4.505990771576762,0.5231918767094612,3.8695260882377625,shared_2l_1pool
3369,4.523676121607423,0.5065989680588245,3.908938029780984,shared_2l_1pool
3370,4.509486025199294,0.5135522224009037,3.884394885972142,shared_2l_1pool
3371,4.523530835285783,0.5122779402881861,3.9062220603227615,shared_2l_1pool
3372,4.425256978720427,0.5077719688415527,3.810025053098798,shared_2l_1pool
3373,4.492728039622307,0.4999919328838587,3.8868009578436613,shared_2l_1pool
3374,4.437956027686596,0.5078611429780722,3.823676845058799,shared_2l_1pool
3375,4.534927196800709,0.5138530395925045,3.9085489697754383,shared_2l_1pool
3376,4.4305429328233,0.52045495249331,3.80368297919631,shared_2l_1pool
3377,4.435226088389754,0.5109990015625954,3.8195860106498003,shared_2l_1pool
3378,4.468003986403346,0.5061200354248285,3.856502939015627,shared_2l_1pool
3379,4.461082862690091,0.5127559415996075,3.8397079333662987,shared_2l_1pool
3380,4.45144809782505,0.524166040122509,3.8178269751369953,shared_2l_1pool
3381,5.825173109769821,1.6752879600971937,4.024347988888621,shared_2l_1pool
3382,4.498963011428714,0.5497010424733162,3.840676974505186,shared_2l_1pool
3383,4.500870127230883,0.5125380121171474,3.8815250154584646,shared_2l_1pool
3384,4.499515052884817,0.5163329187780619,3.876653965562582,shared_2l_1pool
3385,4.522952018305659,0.5173878744244576,3.9000720717012882,shared_2l_1pool
3386,4.483427153900266,0.5042841657996178,3.8717167917639017,shared_2l_1pool
3387,4.532594000920653,0.5081919953227043,3.919105976819992,shared_2l_1pool
3388,4.485533107072115,0.513250008225441,3.8664741441607475,shared_2l_1pool
3389,4.491477040573955,0.4991439636796713,3.8851520512253046,shared_2l_1pool
3390,4.442648962140083,0.5257581360638142,3.8086138665676117,shared_2l_1pool
3391,4.477723967283964,0.5217159632593393,3.8514749612659216,shared_2l_1pool
3392,4.496193956583738,0.5170481745153666,3.8728818763047457,shared_2l_1pool
3393,4.5254898723214865,0.5085540469735861,3.9096269756555557,shared_2l_1pool
3394,4.506825935095549,0.5112038925290108,3.888458013534546,shared_2l_1pool
3395,4.435425857082009,0.5040219984948635,3.8240919820964336,shared_2l_1pool
3396,4.463199060410261,0.5323698278516531,3.8253881502896547,shared_2l_1pool
3397,5.815074080601335,1.683918060734868,4.005309892818332,shared_2l_1pool
3398,4.478326998651028,0.5219799932092428,3.849833970889449,shared_2l_1pool
3399,4.488186910748482,0.5208910442888737,3.8613469805568457,shared_2l_1pool
3400,4.508263897150755,0.518161803483963,3.8828530814498663,shared_2l_1pool
3401,4.47279610671103,0.5230880342423916,3.845017869025469,shared_2l_1pool
3402,4.496955079957843,0.5140220746397972,3.878472838550806,shared_2l_1pool
3403,4.4893380254507065,0.5057880189269781,3.8770621176809072,shared_2l_1pool
3404,4.4813749846071005,0.5340687930583954,3.8413030561059713,shared_2l_1pool
3405,4.474911140277982,0.5157820414751768,3.8509320002049208,shared_2l_1pool
3406,4.43538511171937,0.5174211692065,3.8128639571368694,shared_2l_1pool
3407,4.433026071637869,0.5139780696481466,3.8130010943859816,shared_2l_1pool
3408,4.418171010911465,0.5146060138940811,3.797814017161727,shared_2l_1pool
3409,4.418584052473307,0.500774011015892,3.8130460307002068,shared_2l_1pool
3410,4.497768124565482,0.5041009280830622,3.880877047777176,shared_2l_1pool
3411,4.491640953347087,0.5145149771124125,3.8703179452568293,shared_2l_1pool
3412,4.494840046390891,0.5134970415383577,3.8680490106344223,shared_2l_1pool
3413,5.82682085223496,1.679491950199008,4.020374035462737,shared_2l_1pool
3414,4.548236029222608,0.5364969838410616,3.903375007212162,shared_2l_1pool
3415,4.5269879046827555,0.52419095300138,3.889857092872262,shared_2l_1pool
3416,4.528017016127706,0.5137710832059383,3.908678889274597,shared_2l_1pool
3417,4.470714833587408,0.5151671357452869,3.8455307949334383,shared_2l_1pool
3418,4.463128047063947,0.5092299543321133,3.848255844786763,shared_2l_1pool
3419,4.4379811733961105,0.5196419078856707,3.814002964645624,shared_2l_1pool
3420,4.417438991367817,0.5125550087541342,3.8011129945516586,shared_2l_1pool
3421,4.440399818122387,0.5011709872633219,3.8343199994415045,shared_2l_1pool
3422,4.5099081471562386,0.5089540500193834,3.8961570244282484,shared_2l_1pool
3423,4.422845086082816,0.5074469372630119,3.8093922194093466,shared_2l_1pool
3424,4.452059045433998,0.5100697744637728,3.836427116766572,shared_2l_1pool
3425,4.503244999796152,0.5108010955154896,3.8868789561092854,shared_2l_1pool
3426,4.439216805621982,0.519320135936141,3.8159028626978397,shared_2l_1pool
3427,4.460939904674888,0.5082699935883284,3.847212065011263,shared_2l_1pool
3428,4.476539790630341,0.5226780194789171,3.8488348945975304,shared_2l_1pool
3429,5.844668950885534,1.692045945674181,4.028507973998785,shared_2l_1pool
3430,4.504794953390956,0.5511511117219925,3.8461568765342236,shared_2l_1pool
3431,4.448306048288941,0.5264240317046642,3.8131470791995525,shared_2l_1pool
3432,4.426457919180393,0.5175338592380285,3.801108105108142,shared_2l_1pool
3433,4.50294790789485,0.5068068858236074,3.8894449826329947,shared_2l_1pool
3434,4.49813692830503,0.5080760456621647,3.882206045091152,shared_2l_1pool
3435,4.4862050563097,0.5270601250231266,3.852760884910822,shared_2l_1pool
3436,4.433055873960257,0.5128891207277775,3.8143768906593323,shared_2l_1pool
3437,4.409426124766469,0.507008982822299,3.796227043494582,shared_2l_1pool
3438,4.440665943548083,0.5102790892124176,3.822983941063285,shared_2l_1pool
3439,4.475281108170748,0.5039351526647806,3.86553886346519,shared_2l_1pool
3440,4.514629021286964,0.5222039762884378,3.8849019911140203,shared_2l_1pool
3441,4.481542157009244,0.5144299939274788,3.860516007989645,shared_2l_1pool
3442,4.488437902182341,0.5196339916437864,3.861126024276018,shared_2l_1pool
3443,4.521687980741262,0.5144709721207619,3.900751005858183,shared_2l_1pool
3444,4.5390811283141375,0.5196640267968178,3.9118349086493254,shared_2l_1pool
3445,5.784026114270091,1.6758101992309093,3.9784167893230915,shared_2l_1pool
3446,4.505714867264032,0.544586218893528,3.8524719420820475,shared_2l_1pool
3447,4.425939870998263,0.524153932929039,3.7959269247949123,shared_2l_1pool
3448,4.496661946177483,0.511975958943367,3.8713340181857347,shared_2l_1pool
3449,4.501966061070561,0.5296298768371344,3.865584032610059,shared_2l_1pool
3450,4.500044044107199,0.5196051206439734,3.8728988729417324,shared_2l_1pool
3451,4.4852690771222115,0.5130828358232975,3.8662999868392944,shared_2l_1pool
3452,4.5277029275894165,0.5203739274293184,3.8991039618849754,shared_2l_1pool
3453,4.4874330051243305,0.5182919558137655,3.856807015836239,shared_2l_1pool
3454,4.523016046732664,0.5163887981325388,3.8992660120129585,shared_2l_1pool
3455,4.46593901142478,0.5197001155465841,3.8375009316951036,shared_2l_1pool
3456,4.513959167525172,0.5062220152467489,3.9009819738566875,shared_2l_1pool
3457,4.453130066394806,0.5150169599801302,3.8289010990411043,shared_2l_1pool
3458,4.505968187004328,0.5145219620317221,3.8853518199175596,shared_2l_1pool
3459,4.447919083759189,0.5187061615288258,3.8251630030572414,shared_2l_1pool
3460,4.520022077485919,0.5125249736011028,3.8949891459196806,shared_2l_1pool
3461,5.8126309886574745,1.6852021217346191,4.001942928880453,shared_2l_1pool
3462,4.462083103135228,0.5260431207716465,3.8296240381896496,shared_2l_1pool
3463,4.488022997975349,0.529710203409195,3.851901972666383,shared_2l_1pool
3464,4.461765056475997,0.519593944773078,3.8348331581801176,shared_2l_1pool
3465,4.439591895788908,0.5239748861640692,3.808450186625123,shared_2l_1pool
3466,4.427287029102445,0.5089780315756798,3.8117440417408943,shared_2l_1pool
3467,4.445604048669338,0.51719113253057,3.816088894382119,shared_2l_1pool
3468,4.428389016538858,0.5173191893845797,3.8067318964749575,shared_2l_1pool
3469,4.41760616376996,0.519326189532876,3.79376788623631,shared_2l_1pool
3470,4.4999211095273495,0.5121391732245684,3.8820840418338776,shared_2l_1pool
3471,4.505309043452144,0.5088599864393473,3.8900021463632584,shared_2l_1pool
3472,4.436513874679804,0.5160700529813766,3.8140460383147,shared_2l_1pool
3473,4.435132024809718,0.5031540058553219,3.824313171207905,shared_2l_1pool
3474,4.4690449722111225,0.5061831325292587,3.8567669689655304,shared_2l_1pool
3475,4.489731974899769,0.5111629143357277,3.8726769853383303,shared_2l_1pool
3476,4.508262034505606,0.5301018245518208,3.870890010148287,shared_2l_1pool
3477,5.743182031437755,1.686024945229292,3.9276350289583206,shared_2l_1pool
3478,4.5044508296996355,0.5315570160746574,3.8642401341348886,shared_2l_1pool
3479,4.542381968349218,0.5308189429342747,3.904700046405196,shared_2l_1pool
3480,4.540936090052128,0.5151340737938881,3.9172640535980463,shared_2l_1pool
3481,4.547010874375701,0.5269541870802641,3.9129378274083138,shared_2l_1pool
3482,4.527143202722073,0.5250261165201664,3.8935828488320112,shared_2l_1pool
3483,4.520356887951493,0.5180879961699247,3.8959060329943895,shared_2l_1pool
3484,4.502130905166268,0.5213690456002951,3.873215988278389,shared_2l_1pool
3485,4.455995978787541,0.5179881118237972,3.8323330227285624,shared_2l_1pool
3486,4.525047959759831,0.5141848232597113,3.905222052708268,shared_2l_1pool
3487,4.454701906070113,0.5170681979507208,3.8310158997774124,shared_2l_1pool
3488,4.526692908257246,0.5343030206859112,3.883575089275837,shared_2l_1pool
3489,4.5355199836194515,0.5194430705159903,3.9083377923816442,shared_2l_1pool
3490,4.435376962646842,0.5067898891866207,3.820873098447919,shared_2l_1pool
3491,4.453896079212427,0.5154781974852085,3.8329327944666147,shared_2l_1pool
3492,4.465966951102018,0.5104669835418463,3.8463978562504053,shared_2l_1pool
3493,6.018633022904396,1.9323499873280525,3.961143083870411,shared_2l_1pool
3494,4.536192864179611,0.539781991392374,3.888641018420458,shared_2l_1pool
3495,4.497553920373321,0.5226230714470148,3.8675027899444103,shared_2l_1pool
3496,4.515448119491339,0.5232549738138914,3.885428886860609,shared_2l_1pool
3497,4.522407194599509,0.517489854246378,3.8978189695626497,shared_2l_1pool
3498,4.436868941411376,0.5223858170211315,3.808608977124095,shared_2l_1pool
3499,4.481290932744741,0.5210808012634516,3.8572000339627266,shared_2l_1pool
3500,4.498673835769296,0.5220631137490273,3.8709279615432024,shared_2l_1pool
3501,4.51208814047277,0.5244140047580004,3.8820779882371426,shared_2l_1pool
3502,4.523236071690917,0.5140840075910091,3.9009808097034693,shared_2l_1pool
3503,4.492637934163213,0.5180069711059332,3.8684362079948187,shared_2l_1pool
3504,4.494038177654147,0.521757872775197,3.8653649389743805,shared_2l_1pool
3505,4.475317196920514,0.5287788808345795,3.8400960620492697,shared_2l_1pool
3506,4.46586892940104,0.5372520536184311,3.8239159621298313,shared_2l_1pool
3507,4.468861036002636,0.5177941638976336,3.844133811071515,shared_2l_1pool
3508,4.502788186073303,0.5314699374139309,3.865131177008152,shared_2l_1pool
3509,5.814387928694487,1.6871681436896324,3.9977668784558773,shared_2l_1pool
3510,4.547624848783016,0.5362031515687704,3.902396885678172,shared_2l_1pool
3511,4.543432034552097,0.5346480756998062,3.9016290102154016,shared_2l_1pool
3512,4.458446986973286,0.5203019827604294,3.830529982224107,shared_2l_1pool
3513,4.471002845093608,0.5244109779596329,3.8401191122829914,shared_2l_1pool
3514,4.491381114348769,0.5161350127309561,3.871779888868332,shared_2l_1pool
3515,4.557634936645627,0.5243201740086079,3.926357952877879,shared_2l_1pool
3516,4.44314512424171,0.5157729610800743,3.820579033344984,shared_2l_1pool
3517,4.473922774195671,0.5236458964645863,3.8441040087491274,shared_2l_1pool
3518,4.49357507750392,0.5173918325453997,3.8692480884492397,shared_2l_1pool
3519,4.492426989600062,0.5205308552831411,3.8645421154797077,shared_2l_1pool
3520,4.493115935474634,0.5094108637422323,3.878877963870764,shared_2l_1pool
3521,4.469308070838451,0.5228288937360048,3.8390210829675198,shared_2l_1pool
3522,4.559830063953996,0.5117119289934635,3.9402421098202467,shared_2l_1pool
3523,4.52490895986557,0.523547176271677,3.894008928909898,shared_2l_1pool
3524,4.430280067026615,0.5129189230501652,3.8137000519782305,shared_2l_1pool
3525,5.833621136844158,1.7025410197675228,4.005241906270385,shared_2l_1pool
3526,4.525772063061595,0.5388169083744287,3.8711149245500565,shared_2l_1pool
3527,4.554357146844268,0.5252929404377937,3.9233360439538956,shared_2l_1pool
3528,4.559911089017987,0.5274999421089888,3.925350960344076,shared_2l_1pool
3529,4.463102901354432,0.5112299695611,3.8450839929282665,shared_2l_1pool
3530,4.452290944755077,0.5173201207071543,3.8229108322411776,shared_2l_1pool
3531,4.439458018168807,0.5131980869919062,3.8203769363462925,shared_2l_1pool
3532,4.454648122191429,0.5240300670266151,3.825800959020853,shared_2l_1pool
3533,4.4925520196557045,0.5185890477150679,3.868857864290476,shared_2l_1pool
3534,4.511762876063585,0.5241900216788054,3.8803298957645893,shared_2l_1pool
3535,4.534402163699269,0.5042259581387043,3.914915956556797,shared_2l_1pool
3536,4.469969077035785,0.5220519378781319,3.834725124761462,shared_2l_1pool
3537,4.496064968407154,0.5085128359496593,3.8822900969535112,shared_2l_1pool
3538,4.517121007665992,0.5240160971879959,3.886638907715678,shared_2l_1pool
3539,4.438339965417981,0.512619037181139,3.8193960208445787,shared_2l_1pool
3540,4.454643931239843,0.5232938565313816,3.8261720910668373,shared_2l_1pool
3541,5.849971901625395,1.7022700048983097,4.019723040983081,shared_2l_1pool
3542,4.550872137770057,0.5442551337182522,3.899418981745839,shared_2l_1pool
3543,4.48394101113081,0.5219569429755211,3.8548100274056196,shared_2l_1pool
3544,4.5681719202548265,0.5339861381798983,3.9274399168789387,shared_2l_1pool
3545,4.518657922744751,0.5297891329973936,3.8814449217170477,shared_2l_1pool
3546,4.477777052670717,0.5254689604043961,3.8462611846625805,shared_2l_1pool
3547,4.455854883417487,0.5232549738138914,3.8276580162346363,shared_2l_1pool
3548,4.449690924957395,0.5227490328252316,3.8211119826883078,shared_2l_1pool
3549,4.560766043141484,0.5052911583334208,3.9502789732068777,shared_2l_1pool
3550,4.563009133562446,0.5192069802433252,3.936361987143755,shared_2l_1pool
3551,4.49134293012321,0.5321421194821596,3.852336900308728,shared_2l_1pool
3552,4.548357101157308,0.5238750018179417,3.9183138869702816,shared_2l_1pool
3553,4.510417114943266,0.5208170041441917,3.883552039042115,shared_2l_1pool
3554,4.5509489718824625,0.5133689846843481,3.931616898626089,shared_2l_1pool
3555,4.48615406639874,0.5245921202003956,3.8517159409821033,shared_2l_1pool
3556,4.502539988607168,0.5174009129405022,3.8806579541414976,shared_2l_1pool
3557,5.86207490414381,1.719146966934204,4.017213825136423,shared_2l_1pool
3558,4.566335119307041,0.5385009571909904,3.9181129541248083,shared_2l_1pool
3559,4.586415830999613,0.5154861137270927,3.962965914979577,shared_2l_1pool
3560,4.519007867202163,0.5348811391741037,3.877853974699974,shared_2l_1pool
3561,4.4605901930481195,0.5077449604868889,3.8463950622826815,shared_2l_1pool
3562,4.457531031221151,0.5344129167497158,3.816860029473901,shared_2l_1pool
3563,4.459687042981386,0.5152660887688398,3.8387810345739126,shared_2l_1pool
3564,4.455968039110303,0.5196339916437864,3.8242919836193323,shared_2l_1pool
3565,4.484453005716205,0.5217280704528093,3.855508053675294,shared_2l_1pool
3566,4.526477074250579,0.5299560725688934,3.88790899887681,shared_2l_1pool
3567,4.508221056312323,0.5267912056297064,3.8746788632124662,shared_2l_1pool
3568,4.5407169964164495,0.5326878745108843,3.901079995557666,shared_2l_1pool
3569,4.551114048808813,0.5206188652664423,3.922067116945982,shared_2l_1pool
3570,4.515045089647174,0.5244850181043148,3.8832558784633875,shared_2l_1pool
3571,4.47848392650485,0.5185278132557869,3.854156006127596,shared_2l_1pool
3572,4.460412077605724,0.5277979653328657,3.827667096629739,shared_2l_1pool
3573,5.826734006404877,1.6974241007119417,4.004088928923011,shared_2l_1pool
3574,4.589969990774989,0.5333719309419394,3.942718030884862,shared_2l_1pool
3575,4.523559007793665,0.5280880723148584,3.8876968901604414,shared_2l_1pool
3576,4.535075975582004,0.5147859919816256,3.9151401724666357,shared_2l_1pool
3577,4.559298977255821,0.5279670003801584,3.9251609705388546,shared_2l_1pool
3578,4.5248279348015785,0.5112439393997192,3.9062160067260265,shared_2l_1pool
3579,4.483815981075168,0.5280498880892992,3.8492430467158556,shared_2l_1pool
3580,4.4352279510349035,0.5105580203235149,3.817866090685129,shared_2l_1pool
3581,4.460439085960388,0.5254331044852734,3.829875960946083,shared_2l_1pool
3582,4.435462178662419,0.5168041680008173,3.814196912571788,shared_2l_1pool
3583,4.439003998413682,0.5219259764999151,3.8083160761743784,shared_2l_1pool
3584,4.446365870535374,0.5139030981808901,3.826435888186097,shared_2l_1pool
3585,4.46368707343936,0.5292750429362059,3.8278489373624325,shared_2l_1pool
3586,4.531759070232511,0.5328659899532795,3.8925360422581434,shared_2l_1pool
3587,4.541817121207714,0.5228568334132433,3.9131459780037403,shared_2l_1pool
3588,4.4797000009566545,0.5074678920209408,3.866444109007716,shared_2l_1pool
3589,5.838725017383695,1.706745009869337,4.007651936262846,shared_2l_1pool
3590,4.492335952818394,0.5266829393804073,3.8556039799004793,shared_2l_1pool
3591,4.522852832451463,0.5254349671304226,3.889690153300762,shared_2l_1pool
3592,4.551548045128584,0.5289970431476831,3.913154825568199,shared_2l_1pool
3593,4.461730131879449,0.5385498516261578,3.8164390716701746,shared_2l_1pool
3594,4.502526950091124,0.5143440794199705,3.8825171068310738,shared_2l_1pool
3595,4.5192651450634,0.5184758920222521,3.8960420060902834,shared_2l_1pool
3596,4.4573459308594465,0.5273150745779276,3.82336787879467,shared_2l_1pool
3597,4.435099195688963,0.5322759971022606,3.7969888653606176,shared_2l_1pool
3598,4.520421847701073,0.5226880311965942,3.8909551221877337,shared_2l_1pool
3599,4.517748951911926,0.5262899212539196,3.8859720807522535,shared_2l_1pool
3600,4.446601029485464,0.5211350508034229,3.8183429278433323,shared_2l_1pool
3601,4.433183930814266,0.5279870238155127,3.797378856688738,shared_2l_1pool
3602,4.441776080057025,0.5132229998707771,3.8224710151553154,shared_2l_1pool
3603,4.460362019017339,0.5300638731569052,3.823454026132822,shared_2l_1pool
3604,4.477153066545725,0.5122330039739609,3.8566170260310173,shared_2l_1pool
3605,5.83651103079319,1.7098512034863234,4.001312889158726,shared_2l_1pool
3606,4.494738997891545,0.547362957149744,3.8415149319916964,shared_2l_1pool
3607,4.525898024439812,0.5317560862749815,3.8883150555193424,shared_2l_1pool
3608,4.535685060545802,0.5261709447950125,3.9021670818328857,shared_2l_1pool
3609,4.501086194068193,0.5218200385570526,3.8723249454051256,shared_2l_1pool
3610,4.458985989913344,0.5320340860635042,3.819814883172512,shared_2l_1pool
3611,4.461759934201837,0.5175741389393806,3.8375030271708965,shared_2l_1pool
3612,4.455908201634884,0.5302720237523317,3.8131559267640114,shared_2l_1pool
3613,4.429008113220334,0.5161280278116465,3.8094520568847656,shared_2l_1pool
3614,4.43808501586318,0.5217939615249634,3.8110429886728525,shared_2l_1pool
3615,4.479577066376805,0.5261909682303667,3.846789011731744,shared_2l_1pool
3616,4.4367448426783085,0.5235630087554455,3.806808963418007,shared_2l_1pool
3617,4.444468067958951,0.5273940041661263,3.8116569630801678,shared_2l_1pool
3618,4.441427066922188,0.5167301278561354,3.818545024842024,shared_2l_1pool
3619,4.47568204253912,0.5299390759319067,3.8395279552787542,shared_2l_1pool
3620,4.434318048879504,0.5196118727326393,3.808859968557954,shared_2l_1pool
3621,5.780598847195506,1.6860200557857752,3.9704858791083097,shared_2l_1pool
3622,4.536324879154563,0.5351530853658915,3.893811022862792,shared_2l_1pool
3623,4.56560798920691,0.5443219561129808,3.9143681060522795,shared_2l_1pool
3624,4.537923960015178,0.5298168398439884,3.9008990861475468,shared_2l_1pool
3625,4.562957910820842,0.5405500996857882,3.916196059435606,shared_2l_1pool
3626,4.536270862445235,0.5259618628770113,3.9050981868058443,shared_2l_1pool
3627,4.536242922767997,0.5307102110236883,3.89966182410717,shared_2l_1pool
3628,4.515768960118294,0.5327458493411541,3.874430200085044,shared_2l_1pool
3629,4.530938109382987,0.5311991553753614,3.8929840084165335,shared_2l_1pool
3630,4.5764390379190445,0.5401610396802425,3.9270350243896246,shared_2l_1pool
3631,4.60060709156096,0.531395897269249,3.9530759677290916,shared_2l_1pool
3632,4.51213913038373,0.5251080729067326,3.8766758516430855,shared_2l_1pool
3633,4.5293220318853855,0.5458551459014416,3.8703519385308027,shared_2l_1pool
3634,4.71780588850379,0.551555072888732,4.059098893776536,shared_2l_1pool
3635,4.582228139042854,0.5512807983905077,3.921613097190857,shared_2l_1pool
3636,4.5549580827355385,0.530205899849534,3.9119890425354242,shared_2l_1pool
3637,5.872804904356599,1.7290790565311909,4.017152823507786,shared_2l_1pool
3638,4.536943044513464,0.5529420450329781,3.8744788616895676,shared_2l_1pool
3639,4.476913018152118,0.5301421042531729,3.8404068909585476,shared_2l_1pool
3640,4.513909108936787,0.531601021066308,3.8730779197067022,shared_2l_1pool
3641,4.4515482150018215,0.5205860361456871,3.8247050251811743,shared_2l_1pool
3642,4.458748968318105,0.5260808393359184,3.8239851128309965,shared_2l_1pool
3643,4.536510910838842,0.532869016751647,3.8991360925137997,shared_2l_1pool
3644,4.481707001104951,0.5184179171919823,3.8589639589190483,shared_2l_1pool
3645,4.560203989967704,0.521897105500102,3.9301440119743347,shared_2l_1pool
3646,4.467524122446775,0.5257639568299055,3.8345628418028355,shared_2l_1pool
3647,4.458141978830099,0.5202880129218102,3.8347418885678053,shared_2l_1pool
3648,4.520537797361612,0.521443085744977,3.892134875059128,shared_2l_1pool
3649,4.528458928689361,0.5061640404164791,3.9143289905041456,shared_2l_1pool
3650,4.44074091501534,0.5277020391076803,3.8069800939410925,shared_2l_1pool
3651,4.48035984300077,0.5234400741755962,3.8515429478138685,shared_2l_1pool
3652,4.47250297293067,0.5209448281675577,3.846642095595598,shared_2l_1pool
3653,5.8627440594136715,1.7121729906648397,4.023259039968252,shared_2l_1pool
3654,4.555585095658898,0.5372499581426382,3.910789964720607,shared_2l_1pool
3655,4.570725839585066,0.5388539284467697,3.924435004591942,shared_2l_1pool
3656,4.551635822281241,0.5231429822742939,3.9220598991960287,shared_2l_1pool
3657,4.5164539478719234,0.528533011674881,3.8810709957033396,shared_2l_1pool
3658,4.533934872597456,0.5268771201372147,3.899047849699855,shared_2l_1pool
3659,4.517401102930307,0.5350869614630938,3.8364380598068237,shared_2l_1pool
3660,4.514841130003333,0.5419929511845112,3.862129058688879,shared_2l_1pool
3661,4.4649941846728325,0.5255090072751045,3.8275639526546,shared_2l_1pool
3662,4.463881952688098,0.5092048086225986,3.848134074360132,shared_2l_1pool
3663,4.455961054190993,0.5268999375402927,3.820284968242049,shared_2l_1pool
3664,4.460050025954843,0.5274531431496143,3.8295460399240255,shared_2l_1pool
3665,4.5254270080477,0.5246980581432581,3.8945269770920277,shared_2l_1pool
3666,4.460478900000453,0.5108551122248173,3.8419649936258793,shared_2l_1pool
3667,4.443960031494498,0.525906914845109,3.8126620929688215,shared_2l_1pool
3668,4.449748899787664,0.5195389967411757,3.8237611297518015,shared_2l_1pool
3669,5.8453259989619255,1.7084721475839615,4.0125020314008,shared_2l_1pool
3670,4.541472997516394,0.5488118622452021,3.882379038259387,shared_2l_1pool
3671,4.499164875596762,0.5318089388310909,3.8586731534451246,shared_2l_1pool
3672,4.5109239872545,0.5386238917708397,3.864942118525505,shared_2l_1pool
3673,4.5678261667490005,0.5447680596262217,3.917162073776126,shared_2l_1pool
3674,4.524260992184281,0.5339430645108223,3.8820940535515547,shared_2l_1pool
3675,4.477606853470206,0.5283639766275883,3.8427510298788548,shared_2l_1pool
3676,4.500023787841201,0.532626174390316,3.8601269479840994,shared_2l_1pool
3677,4.547240911051631,0.5304198712110519,3.9101659785956144,shared_2l_1pool
3678,4.4715439435094595,0.5299400072544813,3.8334080018103123,shared_2l_1pool
3679,4.523945972323418,0.5229960661381483,3.8952238392084837,shared_2l_1pool
3680,4.510932136327028,0.537052983418107,3.866903018206358,shared_2l_1pool
3681,4.4557699002325535,0.5124970339238644,3.8388699758797884,shared_2l_1pool
3682,4.484281176701188,0.5269160028547049,3.850041888654232,shared_2l_1pool
3683,4.548072116449475,0.5476009100675583,3.8935160264372826,shared_2l_1pool
3684,4.464903147891164,0.529841985553503,3.8286668714135885,shared_2l_1pool
3685,5.839517107233405,1.6979239881038666,4.015269922092557,shared_2l_1pool
3686,4.499599104747176,0.5317509640008211,3.858549054712057,shared_2l_1pool
3687,4.508910002186894,0.541985034942627,3.8630960043519735,shared_2l_1pool
3688,4.517388995736837,0.5265381187200546,3.885607933625579,shared_2l_1pool
3689,4.556572996079922,0.5374560132622719,3.9137599524110556,shared_2l_1pool
3690,4.542386159300804,0.5289309192448854,3.906317986547947,shared_2l_1pool
3691,4.5507680624723434,0.5279991310089827,3.9185769855976105,shared_2l_1pool
3692,4.50192904099822,0.5162570159882307,3.878986928611994,shared_2l_1pool
3693,4.55740001052618,0.5261669866740704,3.9235670119524,shared_2l_1pool
3694,4.472894128412008,0.5303160287439823,3.8362848572432995,shared_2l_1pool
3695,4.460048163309693,0.5253541748970747,3.829485038295388,shared_2l_1pool
3696,4.469053819775581,0.519199064001441,3.8436909671872854,shared_2l_1pool
3697,4.48694103397429,0.537186861038208,3.8446381222456694,shared_2l_1pool
3698,4.450618987902999,0.5236219149082899,3.8218959234654903,shared_2l_1pool
3699,4.4685411266982555,0.524492934346199,3.840008983388543,shared_2l_1pool
3700,4.4818350579589605,0.5208770744502544,3.8550770841538906,shared_2l_1pool
3701,5.8733278419822454,1.7031407915055752,4.037271020933986,shared_2l_1pool
3702,4.558241926133633,0.5455391947180033,3.9073668885976076,shared_2l_1pool
3703,4.476216854527593,0.5259441677480936,3.8455708418041468,shared_2l_1pool
3704,4.516747081652284,0.5327309481799603,3.876972012221813,shared_2l_1pool
3705,4.559158813208342,0.5220880266278982,3.930948907509446,shared_2l_1pool
3706,4.480199888348579,0.5333949811756611,3.83896310813725,shared_2l_1pool
3707,4.472154891118407,0.5325570236891508,3.832621965557337,shared_2l_1pool
3708,4.481551935896277,0.5263728089630604,3.848611144348979,shared_2l_1pool
3709,4.491163184866309,0.5238340236246586,3.8627770263701677,shared_2l_1pool
3710,4.494628868997097,0.5266580265015364,3.859227057546377,shared_2l_1pool
3711,4.468365106731653,0.5344850942492485,3.8272158708423376,shared_2l_1pool
3712,4.479781026020646,0.5417668726295233,3.830866189673543,shared_2l_1pool
3713,4.487438127398491,0.5261439364403486,3.853897098451853,shared_2l_1pool
3714,4.4874330051243305,0.5362590309232473,3.84399201720953,shared_2l_1pool
3715,4.514130065217614,0.529605895280838,3.8776472210884094,shared_2l_1pool
3716,4.535807063803077,0.5355169996619225,3.8897860795259476,shared_2l_1pool
3717,5.7847159914672375,1.6899029724299908,3.962918184697628,shared_2l_1pool
3718,4.554940154775977,0.5457629449665546,3.899947041645646,shared_2l_1pool
3719,4.4740240555256605,0.5371479783207178,3.830200992524624,shared_2l_1pool
3720,4.495334113016725,0.5284009966999292,3.8606361486017704,shared_2l_1pool
3721,4.563296912238002,0.5378539208322763,3.918658010661602,shared_2l_1pool
3722,4.536911845207214,0.5234971176832914,3.907561069354415,shared_2l_1pool
3723,4.499365109950304,0.5288820248097181,3.865133970975876,shared_2l_1pool
3724,4.4718889985233545,0.5239369347691536,3.8402420468628407,shared_2l_1pool
3725,4.496432142332196,0.5303830839693546,3.859119024127722,shared_2l_1pool
3726,4.5007760636508465,0.524498987942934,3.871273947879672,shared_2l_1pool
3727,4.489478887990117,0.5313591100275517,3.8511708844453096,shared_2l_1pool
3728,4.43402910605073,0.5264838691800833,3.800121136009693,shared_2l_1pool
3729,4.43900004029274,0.5369000136852264,3.7969578988850117,shared_2l_1pool
3730,4.5182290486991405,0.5110399797558784,3.901612013578415,shared_2l_1pool
3731,4.461890086531639,0.5293469876050949,3.8282349705696106,shared_2l_1pool
3732,4.505516961216927,0.5195590201765299,3.8795401342213154,shared_2l_1pool
3733,5.802998086437583,1.6969030257314444,3.9800810627639294,shared_2l_1pool
3734,4.519642097875476,0.5571891088038683,3.853132016956806,shared_2l_1pool
3735,4.4677818659693,0.5317600443959236,3.829024964943528,shared_2l_1pool
3736,4.523989045992494,0.5557721015065908,3.861089004203677,shared_2l_1pool
3737,4.531844984740019,0.5294980946928263,3.8960319943726063,shared_2l_1pool
3738,4.528356017544866,0.5454039201140404,3.8780251052230597,shared_2l_1pool
3739,4.523070994764566,0.516955042257905,3.899700939655304,shared_2l_1pool
3740,4.557851934805512,0.5364939570426941,3.9150791708379984,shared_2l_1pool
3741,4.508080892264843,0.5329980049282312,3.8656950928270817,shared_2l_1pool
3742,4.480055999010801,0.5366529803723097,3.8359451573342085,shared_2l_1pool
3743,4.526885924860835,0.5294869188219309,3.8908529095351696,shared_2l_1pool
3744,4.486446036025882,0.5385139957070351,3.8413528818637133,shared_2l_1pool
3745,4.4787919614464045,0.5210030358284712,3.851424902677536,shared_2l_1pool
3746,4.436543909832835,0.5375859327614307,3.7856921553611755,shared_2l_1pool
3747,4.522724077105522,0.5239909514784813,3.894573077559471,shared_2l_1pool
3748,4.531272919848561,0.5385230761021376,3.88728198595345,shared_2l_1pool
3749,5.8277868665754795,1.6729028429836035,4.027188057079911,shared_2l_1pool
3750,4.524270072579384,0.5440330132842064,3.8670310750603676,shared_2l_1pool
3751,4.535491112619638,0.5431380122900009,3.882535034790635,shared_2l_1pool
3752,4.516506101936102,0.5306228995323181,3.879229072481394,shared_2l_1pool
3753,4.558970918878913,0.5360601935535669,3.914533881470561,shared_2l_1pool
3754,4.525338998064399,0.5327458493411541,3.8858160842210054,shared_2l_1pool
3755,4.4697129633277655,0.5399640649557114,3.823745995759964,shared_2l_1pool
3756,4.550107987597585,0.5597651470452547,3.8815659936517477,shared_2l_1pool
3757,4.456443944945931,0.5257348529994488,3.825739026069641,shared_2l_1pool
3758,4.445373080670834,0.5294471047818661,3.808522829785943,shared_2l_1pool
3759,4.54502203501761,0.5529159680008888,3.8846610113978386,shared_2l_1pool
3760,4.461589036509395,0.5271940026432276,3.828780958428979,shared_2l_1pool
3761,4.554748069494963,0.5388460122048855,3.9099541027098894,shared_2l_1pool
3762,4.502065014094114,0.5250200629234314,3.8721030578017235,shared_2l_1pool
3763,4.4689790811389685,0.5261509213596582,3.835720010101795,shared_2l_1pool
3764,4.484473029151559,0.5233641713857651,3.854013979434967,shared_2l_1pool
3765,5.854727933183312,1.7159020062536001,4.011760000139475,shared_2l_1pool
3766,4.545934032648802,0.5596771370619535,3.8709829095751047,shared_2l_1pool
3767,4.516090964898467,0.535865081474185,3.87375196442008,shared_2l_1pool
3768,4.5520958956331015,0.535731902346015,3.9090870413929224,shared_2l_1pool
3769,4.539539106190205,0.5324759986251593,3.90115799382329,shared_2l_1pool
3770,4.478323040530086,0.5423701368272305,3.8307139184325933,shared_2l_1pool
3771,4.496801877394319,0.5292899440973997,3.8636859972029924,shared_2l_1pool
3772,4.467887105420232,0.5336969625204802,3.8301360327750444,shared_2l_1pool
3773,4.467580001801252,0.5272240377962589,3.8345151115208864,shared_2l_1pool
3774,4.489029990509152,0.5390229634940624,3.842463018372655,shared_2l_1pool
3775,4.509469028562307,0.5319698248058558,3.8718651048839092,shared_2l_1pool
3776,4.542639944702387,0.5472609773278236,3.890763036906719,shared_2l_1pool
3777,4.569057142361999,0.5412041209638119,3.919763956218958,shared_2l_1pool
3778,4.517331020906568,0.5268189124763012,3.883115015923977,shared_2l_1pool
3779,4.479423863813281,0.5233010742813349,3.8485080003738403,shared_2l_1pool
3780,4.476252943277359,0.533991027623415,3.835878102108836,shared_2l_1pool
3781,5.851724883541465,1.700167078524828,4.0244609117507935,shared_2l_1pool
3782,4.505546996369958,0.5490460898727179,3.8495459593832493,shared_2l_1pool
3783,4.446465987712145,0.535082072019577,3.8035069592297077,shared_2l_1pool
3784,4.538399865850806,0.5288808606564999,3.902025055140257,shared_2l_1pool
3785,4.555845865979791,0.5378501955419779,3.912620013579726,shared_2l_1pool
3786,4.518971079960465,0.5363558884710073,3.8747789803892374,shared_2l_1pool
3787,4.495818866416812,0.5237299483269453,3.8675570394843817,shared_2l_1pool
3788,4.509157035499811,0.5415400955826044,3.8582920096814632,shared_2l_1pool
3789,4.481801064684987,0.5430439487099648,3.831468988209963,shared_2l_1pool
3790,4.469820996746421,0.5292489659041166,3.835981944575906,shared_2l_1pool
3791,4.51361108571291,0.5359910428524017,3.8721461314707994,shared_2l_1pool
3792,4.529702011495829,0.5354550667107105,3.887597005814314,shared_2l_1pool
3793,4.5524409506469965,0.5338198971003294,3.911239095032215,shared_2l_1pool
3794,4.453090019524097,0.5341579671949148,3.8129729218780994,shared_2l_1pool
3795,4.456177121028304,0.5401121452450752,3.810626920312643,shared_2l_1pool
3796,4.4952991884201765,0.5281779449433088,3.8587090093642473,shared_2l_1pool
3797,5.841537844389677,1.7042818944901228,4.012933000922203,shared_2l_1pool
3798,4.560778150334954,0.5524849984794855,3.9011400658637285,shared_2l_1pool
3799,4.559739958494902,0.5451720207929611,3.9087410550564528,shared_2l_1pool
3800,4.461583914235234,0.5460670217871666,3.8096019998192787,shared_2l_1pool
3801,4.555510822683573,0.5309330299496651,3.918376984074712,shared_2l_1pool
3802,4.483500029891729,0.5419990047812462,3.8347849622368813,shared_2l_1pool
3803,4.468374885618687,0.5304291844367981,3.831865033134818,shared_2l_1pool
3804,4.494941094890237,0.5405009724199772,3.845496103167534,shared_2l_1pool
3805,4.521233029663563,0.5336368922144175,3.8778421003371477,shared_2l_1pool
3806,4.592085024341941,0.5450251046568155,3.9402570109814405,shared_2l_1pool
3807,4.50284406542778,0.5344648379832506,3.860174212604761,shared_2l_1pool
3808,4.440282937139273,0.5370159633457661,3.7959381006658077,shared_2l_1pool
3809,4.443431971594691,0.527034979313612,3.8109750021249056,shared_2l_1pool
3810,4.48325090110302,0.5358920898288488,3.8396180607378483,shared_2l_1pool
3811,4.460867028683424,0.5357021000236273,3.8203189615160227,shared_2l_1pool
3812,4.486371064558625,0.5402090027928352,3.840331919491291,shared_2l_1pool
3813,5.833398783579469,1.694308826699853,4.0168981067836285,shared_2l_1pool
3814,4.511908860877156,0.544453039765358,3.856923896819353,shared_2l_1pool
3815,4.515840206295252,0.5451911129057407,3.863805904984474,shared_2l_1pool
3816,4.531167913228273,0.5317640025168657,3.8922529201954603,shared_2l_1pool
3817,4.53222100622952,0.5400078371167183,3.8862761575728655,shared_2l_1pool
3818,4.489682149142027,0.5326129030436277,3.847483079880476,shared_2l_1pool
3819,4.464138997718692,0.5367670673877001,3.8208169862627983,shared_2l_1pool
3820,4.446099046617746,0.5239918828010559,3.8170809857547283,shared_2l_1pool
3821,4.455715883523226,0.5294568836688995,3.8211941719055176,shared_2l_1pool
3822,4.486060934141278,0.554405152797699,3.826024942100048,shared_2l_1pool
3823,4.485005047172308,0.5426220595836639,3.836638992652297,shared_2l_1pool
3824,4.416551906615496,0.5262589547783136,3.7842770107090473,shared_2l_1pool
3825,4.471904132515192,0.5273350980132818,3.8381328340619802,shared_2l_1pool
3826,4.459467949345708,0.5487480666488409,3.8036759942770004,shared_2l_1pool
3827,4.463965073227882,0.530988210812211,3.82767291739583,shared_2l_1pool
3828,4.482442978769541,0.5411759484559298,3.8342990446835756,shared_2l_1pool
3829,5.854574032127857,1.7091839108616114,4.0186389815062284,shared_2l_1pool
3830,4.51105716638267,0.5419701337814331,3.858736949041486,shared_2l_1pool
3831,4.474531160667539,0.5417549982666969,3.826339030638337,shared_2l_1pool
3832,4.498471971601248,0.5353880114853382,3.8589630275964737,shared_2l_1pool
3833,4.508066922426224,0.5346748512238264,3.8677549455314875,shared_2l_1pool
3834,4.520579008385539,0.5317619070410728,3.881945041939616,shared_2l_1pool
3835,4.549236036837101,0.5416199564933777,3.899567062035203,shared_2l_1pool
3836,4.533878061920404,0.5357470363378525,3.890981897711754,shared_2l_1pool
3837,4.517432069405913,0.5332250148057938,3.8764041382819414,shared_2l_1pool
3838,4.4742010068148375,0.5312939174473286,3.836751915514469,shared_2l_1pool
3839,4.471621010452509,0.539897009730339,3.823857055976987,shared_2l_1pool
3840,4.513693042099476,0.5474460776895285,3.857414936646819,shared_2l_1pool
3841,4.5069491025060415,0.5413959734141827,3.859954886138439,shared_2l_1pool
3842,4.547706106677651,0.5345691461116076,3.908820915967226,shared_2l_1pool
3843,4.5706292148679495,0.5460700485855341,3.9172039832919836,shared_2l_1pool
3844,4.525770898908377,0.5398609209805727,3.8812290877103806,shared_2l_1pool
3845,5.804705899208784,1.694678096100688,3.9831940084695816,shared_2l_1pool
3846,4.493311047554016,0.5512181669473648,3.833266906440258,shared_2l_1pool
3847,4.498947877436876,0.5392348393797874,3.85090010240674,shared_2l_1pool
3848,4.517137072980404,0.5492060445249081,3.8612710777670145,shared_2l_1pool
3849,4.480506060644984,0.5288249813020229,3.8443009834736586,shared_2l_1pool
3850,4.516405984759331,0.5503210704773664,3.859291085973382,shared_2l_1pool
3851,4.487599013373256,0.5390190053731203,3.8420180790126324,shared_2l_1pool
3852,4.4602639973163605,0.5378059577196836,3.814911935478449,shared_2l_1pool
3853,4.466438200324774,0.5350478459149599,3.824785118922591,shared_2l_1pool
3854,4.463963909074664,0.5369358696043491,3.8186160381883383,shared_2l_1pool
3855,4.544646013528109,0.5299639888107777,3.909461898729205,shared_2l_1pool
3856,4.583069123327732,0.5475608631968498,3.9281270001083612,shared_2l_1pool
3857,4.506854806095362,0.5366469267755747,3.86232091113925,shared_2l_1pool
3858,4.5312989968806505,0.5355870816856623,3.8887481205165386,shared_2l_1pool
3859,4.532926948741078,0.5355230532586575,3.8912328891456127,shared_2l_1pool
3860,4.5033900532871485,0.5365079268813133,3.8590480107814074,shared_2l_1pool
3861,5.869460990652442,1.7031531315296888,4.0398589335381985,shared_2l_1pool
3862,4.5945849269628525,0.5688220262527466,3.912833984941244,shared_2l_1pool
3863,4.502990050241351,0.5333791486918926,3.862297860905528,shared_2l_1pool
3864,4.532437073066831,0.5323069635778666,3.888078033924103,shared_2l_1pool
3865,4.517786903306842,0.5354247987270355,3.8764721248298883,shared_2l_1pool
3866,4.534146981313825,0.5435890052467585,3.8836270105093718,shared_2l_1pool
3867,4.556528991088271,0.5406730342656374,3.908701939508319,shared_2l_1pool
3868,4.566167946904898,0.5498579703271389,3.910399042069912,shared_2l_1pool
3869,4.53531090170145,0.5298280157148838,3.899928880855441,shared_2l_1pool
3870,4.5038319658488035,0.537776155397296,3.857106901705265,shared_2l_1pool
3871,4.49870596639812,0.5333840381354094,3.8569439202547073,shared_2l_1pool
3872,4.494689870625734,0.5397079512476921,3.8476099725812674,shared_2l_1pool
3873,4.512252984568477,0.5332871805876493,3.8728329818695784,shared_2l_1pool
3874,4.542279988527298,0.5617041606456041,3.873427864164114,shared_2l_1pool
3875,4.497315036132932,0.5488689057528973,3.842314938083291,shared_2l_1pool
3876,4.505383083596826,0.5261709447950125,3.8722630124539137,shared_2l_1pool
3877,6.099801044911146,1.9655541982501745,4.007463809102774,shared_2l_1pool
3878,4.5296980533748865,0.5527019966393709,3.8713179528713226,shared_2l_1pool
3879,4.59476700052619,0.5665670614689589,3.9209790993481874,shared_2l_1pool
3880,4.568307194858789,0.5465010181069374,3.9149229414761066,shared_2l_1pool
3881,4.5881690457463264,0.5379042122513056,3.941446775570512,shared_2l_1pool
3882,4.561117850244045,0.5518770776689053,3.903948003426194,shared_2l_1pool
3883,4.51574195176363,0.5281718913465738,3.88406403362751,shared_2l_1pool
3884,4.496708977967501,0.529726967215538,3.8600428961217403,shared_2l_1pool
3885,4.463020013645291,0.5277609452605247,3.8268950302153826,shared_2l_1pool
3886,4.487805999815464,0.5436739884316921,3.836838062852621,shared_2l_1pool
3887,4.458526149392128,0.539769884198904,3.8137149531394243,shared_2l_1pool
3888,4.505977034568787,0.5579669959843159,3.8422311190515757,shared_2l_1pool
3889,4.463268909603357,0.5337540060281754,3.8229990750551224,shared_2l_1pool
3890,4.51502506621182,0.5569660570472479,3.851517802104354,shared_2l_1pool
3891,4.47979592718184,0.5343169905245304,3.8393400609493256,shared_2l_1pool
3892,4.496952053159475,0.544397858902812,3.846267005428672,shared_2l_1pool
3893,5.861015059053898,1.733188983052969,4.000690067186952,shared_2l_1pool
3894,4.55802190117538,0.5490330513566732,3.898855997249484,shared_2l_1pool
3895,4.538754001259804,0.5498160608112812,3.8821669295430183,shared_2l_1pool
3896,4.524153890088201,0.545920105651021,3.872420871630311,shared_2l_1pool
3897,4.535913001745939,0.542171997949481,3.8880319334566593,shared_2l_1pool
3898,4.552444908767939,0.5451149772852659,3.8975970819592476,shared_2l_1pool
3899,4.490800900384784,0.5289600230753422,3.855670103803277,shared_2l_1pool
3900,4.485811106860638,0.5359938368201256,3.844195045530796,shared_2l_1pool
3901,4.4265068136155605,0.535464147105813,3.786528017371893,shared_2l_1pool
3902,4.438038915395737,0.533372862264514,3.7992061115801334,shared_2l_1pool
3903,4.549542907625437,0.541758956387639,3.9022460114210844,shared_2l_1pool
3904,4.528234014287591,0.5258121527731419,3.897550981491804,shared_2l_1pool
3905,4.474760964512825,0.5439841188490391,3.826692933216691,shared_2l_1pool
3906,4.474265035241842,0.534687889739871,3.8328231312334538,shared_2l_1pool
3907,4.447516053915024,0.5376788321882486,3.806081134825945,shared_2l_1pool
3908,4.45095612667501,0.5292689893394709,3.8167349994182587,shared_2l_1pool
3909,5.851677851751447,1.7024681437760592,4.024737048894167,shared_2l_1pool
3910,4.541242029517889,0.5570109933614731,3.874522168189287,shared_2l_1pool
3911,4.531182115897536,0.5403559189289808,3.8840759079903364,shared_2l_1pool
3912,4.508084151893854,0.5452018231153488,3.856342053040862,shared_2l_1pool
3913,4.517533117905259,0.5358059424906969,3.876282135024667,shared_2l_1pool
3914,4.540751921012998,0.548437936231494,3.886224003508687,shared_2l_1pool
3915,4.544300027191639,0.5467229057103395,3.88944405131042,shared_2l_1pool
3916,4.479933995753527,0.5389859434217215,3.834692994132638,shared_2l_1pool
3917,4.51992079615593,0.5341221112757921,3.880379954352975,shared_2l_1pool
3918,4.536740016192198,0.5435780622065067,3.885227022692561,shared_2l_1pool
3919,4.478097194805741,0.537005951628089,3.835781943053007,shared_2l_1pool
3920,4.438052186742425,0.5411161109805107,3.792086848989129,shared_2l_1pool
3921,4.463993012905121,0.5396360065788031,3.818181110545993,shared_2l_1pool
3922,4.443793091922998,0.5468670278787613,3.7905299104750156,shared_2l_1pool
3923,4.4724890030920506,0.5387160927057266,3.827546024695039,shared_2l_1pool
3924,4.459749907255173,0.5375759210437536,3.816288895905018,shared_2l_1pool
3925,5.871918983757496,1.7287079244852066,4.018153995275497,shared_2l_1pool
3926,4.562977002933621,0.552457058802247,3.90137592330575,shared_2l_1pool
3927,4.528620978817344,0.5524591542780399,3.87171795591712,shared_2l_1pool
3928,4.547287942841649,0.5444390699267387,3.8960520178079605,shared_2l_1pool
3929,4.523763200268149,0.5536139942705631,3.8609260227531195,shared_2l_1pool
3930,4.500992130488157,0.5382560193538666,3.854747861623764,shared_2l_1pool
3931,4.473879002034664,0.5446008872240782,3.8228360936045647,shared_2l_1pool
3932,4.46192198432982,0.5331349093466997,3.8253741804510355,shared_2l_1pool
3933,4.491661908105016,0.5442120600491762,3.843290964141488,shared_2l_1pool
3934,4.491060972213745,0.5505629815161228,3.834469011053443,shared_2l_1pool
3935,4.464494064450264,0.5390860605984926,3.820310113951564,shared_2l_1pool
3936,4.495112923905253,0.5407999269664288,3.849139902740717,shared_2l_1pool
3937,4.497656133025885,0.5425740964710712,3.848430933430791,shared_2l_1pool
3938,4.508527927100658,0.544863985851407,3.856898983940482,shared_2l_1pool
3939,4.5534600503742695,0.5467659793794155,3.9008769672363997,shared_2l_1pool
3940,4.542211070656776,0.5394781474024057,3.8975977804511786,shared_2l_1pool
3941,5.849752109497786,1.7195651307702065,4.006061004474759,shared_2l_1pool
3942,4.572252975776792,0.5658101290464401,3.899184986948967,shared_2l_1pool
3943,4.531289916485548,0.5414369516074657,3.881795099005103,shared_2l_1pool
3944,4.584566922858357,0.564678106456995,3.912854939699173,shared_2l_1pool
3945,4.5422520488500595,0.5397850181907415,3.898069029673934,shared_2l_1pool
3946,4.468230996280909,0.5462300032377243,3.816748969256878,shared_2l_1pool
3947,4.530018195509911,0.5266049411147833,3.8974368944764137,shared_2l_1pool
3948,4.534486914053559,0.5459121894091368,3.8806297816336155,shared_2l_1pool
3949,4.5496998354792595,0.5365919787436724,3.910401137545705,shared_2l_1pool
3950,4.483717959374189,0.5359160713851452,3.8382939528673887,shared_2l_1pool
3951,4.487339872866869,0.5505909211933613,3.829685039818287,shared_2l_1pool
3952,4.457159899175167,0.5223250482231379,3.831078065559268,shared_2l_1pool
3953,4.500717855989933,0.5454130005091429,3.8442141376435757,shared_2l_1pool
3954,4.44830278865993,0.5531460046768188,3.789104986935854,shared_2l_1pool
3955,4.471660126000643,0.5366331897675991,3.827787935733795,shared_2l_1pool
3956,4.501690156757832,0.538958003744483,3.855424001812935,shared_2l_1pool
3957,5.8689420111477375,1.7162300646305084,4.0245389100164175,shared_2l_1pool
3958,4.521304043009877,0.5599961150437593,3.853150876238942,shared_2l_1pool
3959,4.508007084950805,0.5520591512322426,3.8458500057458878,shared_2l_1pool
3960,4.467771854251623,0.5466209258884192,3.814765950664878,shared_2l_1pool
3961,4.496426088735461,0.54588308557868,3.844297956675291,shared_2l_1pool
3962,4.5264000073075294,0.5585569888353348,3.859667107462883,shared_2l_1pool
3963,4.511015955358744,0.5495799705386162,3.852008143439889,shared_2l_1pool
3964,4.449963802471757,0.5401100497692823,3.8045530673116446,shared_2l_1pool
3965,4.472116939723492,0.5452660843729973,3.818958066403866,shared_2l_1pool
3966,4.46927803568542,0.5421801470220089,3.8220309652388096,shared_2l_1pool
3967,4.45517199113965,0.5409300792962313,3.8087868597358465,shared_2l_1pool
3968,4.456762922927737,0.5326371174305677,3.8185310550034046,shared_2l_1pool
3969,4.524149000644684,0.5471210461109877,3.8716678973287344,shared_2l_1pool
3970,4.529006080701947,0.5303660873323679,3.8914401084184647,shared_2l_1pool
3971,4.477202892303467,0.5474300123751163,3.823678009212017,shared_2l_1pool
3972,4.426808096468449,0.5288708489388227,3.794608172029257,shared_2l_1pool
3973,5.873088026419282,1.7179758287966251,4.028412979096174,shared_2l_1pool
3974,4.580705892294645,0.5774048622697592,3.8934170734137297,shared_2l_1pool
3975,4.564862931147218,0.5540861748158932,3.9040129631757736,shared_2l_1pool
3976,4.534016130492091,0.5449089221656322,3.881721058860421,shared_2l_1pool
3977,4.544930998235941,0.5389030557125807,3.899856936186552,shared_2l_1pool
3978,4.576719831675291,0.5482048727571964,3.922058967873454,shared_2l_1pool
3979,4.5441200491040945,0.5390658043324947,3.8983081467449665,shared_2l_1pool
3980,4.472878063097596,0.5468020681291819,3.81393707357347,shared_2l_1pool
3981,4.53479983843863,0.5579539574682713,3.8642659783363342,shared_2l_1pool
3982,4.542401991784573,0.5513341166079044,3.883546916767955,shared_2l_1pool
3983,4.570152144879103,0.5446998402476311,3.9197050500661135,shared_2l_1pool
3984,4.533067112788558,0.5325290840119123,3.8939090445637703,shared_2l_1pool
3985,4.556983942165971,0.5532139912247658,3.898738883435726,shared_2l_1pool
3986,4.478771006688476,0.5399980582296848,3.832194022834301,shared_2l_1pool
3987,4.45506488904357,0.5326659884303808,3.8157841190695763,shared_2l_1pool
3988,4.551680060103536,0.5358811467885971,3.9091878570616245,shared_2l_1pool
3989,5.8227479457855225,1.707723829895258,3.990274155512452,shared_2l_1pool
3990,4.505343036726117,0.5553150549530983,3.838572883978486,shared_2l_1pool
3991,4.505915800109506,0.541941961273551,3.8581429980695248,shared_2l_1pool
3992,4.555294988676906,0.5590161308646202,3.8878419436514378,shared_2l_1pool
3993,4.545805044472218,0.5428378935903311,3.8960741367191076,shared_2l_1pool
3994,4.54280897974968,0.5527390167117119,3.8813629653304815,shared_2l_1pool
3995,4.564075032249093,0.5377491470426321,3.9216168224811554,shared_2l_1pool
3996,4.560857079923153,0.5470330361276865,3.9072490762919188,shared_2l_1pool
3997,4.5570258516818285,0.5391731392592192,3.9116409607231617,shared_2l_1pool
3998,4.495498025789857,0.5454069469124079,3.843689104542136,shared_2l_1pool
3999,4.490141058340669,0.542075140401721,3.839177079498768,shared_2l_1pool
4000,4.476620117202401,0.5409000441431999,3.831028938293457,shared_2l_1pool
4001,4.532717866823077,0.5566489417105913,3.869085106998682,shared_2l_1pool
4002,4.540563095360994,0.549516873434186,3.884239122271538,shared_2l_1pool
4003,4.559711087495089,0.5556251853704453,3.8877627812325954,shared_2l_1pool
4004,4.453485831618309,0.5368671845644712,3.8123768754303455,shared_2l_1pool
4005,5.859315861016512,1.7334038857370615,4.001272143796086,shared_2l_1pool
4006,4.531748127192259,0.5569059867411852,3.8668338675051928,shared_2l_1pool
4007,4.463630961254239,0.539558008313179,3.8175589870661497,shared_2l_1pool
4008,4.531496204435825,0.5385731346905231,3.8864349480718374,shared_2l_1pool
4009,4.53970511443913,0.5374429747462273,3.898815019056201,shared_2l_1pool
4010,4.568067146465182,0.5427279975265265,3.9143459871411324,shared_2l_1pool
4011,4.546605050563812,0.5307330284267664,3.908637911081314,shared_2l_1pool
4012,4.671391099691391,0.5495611112564802,3.9709669072180986,shared_2l_1pool
4013,5.000646924600005,1.007322920486331,3.885698039084673,shared_2l_1pool
4014,4.551984835416079,0.5308440886437893,3.9133948739618063,shared_2l_1pool
4015,4.4713139068335295,0.5558610428124666,3.809439018368721,shared_2l_1pool
4016,4.457220900803804,0.5383740644901991,3.8139279931783676,shared_2l_1pool
4017,4.481207113713026,0.5460768006742001,3.8279651198536158,shared_2l_1pool
4018,4.49496298097074,0.5378371570259333,3.84937203489244,shared_2l_1pool
4019,4.510991042479873,0.5499341059476137,3.8545019924640656,shared_2l_1pool
4020,4.503629170358181,0.5354247987270355,3.860569093376398,shared_2l_1pool
4021,5.875305971130729,1.7121429555118084,4.038169980049133,shared_2l_1pool
4022,4.544422961771488,0.5641800817102194,3.8723968900740147,shared_2l_1pool
4023,4.508855054154992,0.5514060612767935,3.8509489968419075,shared_2l_1pool
4024,4.5213960111141205,0.5634480621665716,3.848135005682707,shared_2l_1pool
4025,4.539354937151074,0.5492810159921646,3.885596990585327,shared_2l_1pool
4026,4.528718069195747,0.551213975995779,3.870410146191716,shared_2l_1pool
4027,4.532506922259927,0.5391330923885107,3.888673847541213,shared_2l_1pool
4028,4.564967006444931,0.5512270145118237,3.9067801553756,shared_2l_1pool
4029,4.548656055703759,0.5489178001880646,3.889863146468997,shared_2l_1pool
4030,4.531793994829059,0.5351600702852011,3.8893900346010923,shared_2l_1pool
4031,4.557167878374457,0.5345419049263,3.9144610054790974,shared_2l_1pool
4032,4.506959114223719,0.5374948959797621,3.862359095364809,shared_2l_1pool
4033,4.482378019019961,0.5506109446287155,3.826434025540948,shared_2l_1pool
4034,4.468179075047374,0.5376480985432863,3.825410036370158,shared_2l_1pool
4035,4.502560943365097,0.5443270783871412,3.8527289871126413,shared_2l_1pool
4036,4.494709894061089,0.5529541522264481,3.8364960346370935,shared_2l_1pool
4037,5.83439995534718,1.7171748913824558,3.991756122559309,shared_2l_1pool
4038,4.521098919212818,0.5720460321754217,3.8367239758372307,shared_2l_1pool
4039,4.4480368960648775,0.5548580083996058,3.7873350083827972,shared_2l_1pool
4040,4.457760835066438,0.5490391049534082,3.804305102676153,shared_2l_1pool
4041,4.479387775063515,0.5464029964059591,3.8253518287092447,shared_2l_1pool
4042,4.557513864710927,0.5659470334649086,3.8835040759295225,shared_2l_1pool
4043,4.531682934612036,0.5426700226962566,3.8765340577811003,shared_2l_1pool
4044,4.589750897139311,0.5590450018644333,3.9243900682777166,shared_2l_1pool
4045,4.500678973272443,0.5407261196523905,3.853089874610305,shared_2l_1pool
4046,4.555238876491785,0.5616610869765282,3.8850049022585154,shared_2l_1pool
4047,4.546921001747251,0.5463589914143085,3.893365152180195,shared_2l_1pool
4048,4.541583824902773,0.5549229681491852,3.8814269937574863,shared_2l_1pool
4049,4.58643096499145,0.5396069027483463,3.939226036891341,shared_2l_1pool
4050,4.5103649608790874,0.5543699953705072,3.8473131135106087,shared_2l_1pool
4051,4.486471880227327,0.5452991463243961,3.833513939753175,shared_2l_1pool
4052,4.523887997493148,0.5648788064718246,3.8537911605089903,shared_2l_1pool
4053,5.854499991983175,1.719510881230235,4.008834017440677,shared_2l_1pool
4054,4.52216318808496,0.5639619193971157,3.85056110098958,shared_2l_1pool
4055,4.586746916174889,0.5646459758281708,3.913892200216651,shared_2l_1pool
4056,4.543928895145655,0.5422050599008799,3.8956929929554462,shared_2l_1pool
4057,4.532345803454518,0.5537078250199556,3.874887013807893,shared_2l_1pool
4058,4.546968033537269,0.545252114534378,3.8989358581602573,shared_2l_1pool
4059,4.5384131371974945,0.5328720435500145,3.900169162079692,shared_2l_1pool
4060,4.494247026741505,0.5487231537699699,3.839916782453656,shared_2l_1pool
4061,4.4983800034970045,0.5362259689718485,3.8581148255616426,shared_2l_1pool
4062,4.474762128666043,0.5542088765650988,3.8094851188361645,shared_2l_1pool
4063,4.47085197083652,0.5408739671111107,3.8242600858211517,shared_2l_1pool
4064,4.492728970944881,0.5691619589924812,3.813396906480193,shared_2l_1pool
4065,4.478728165850043,0.5484949797391891,3.8262810558080673,shared_2l_1pool
4066,4.574696999043226,0.5478840321302414,3.919983981177211,shared_2l_1pool
4067,4.541100934147835,0.5442032124847174,3.8928790017962456,shared_2l_1pool
4068,4.560841014608741,0.5455419886857271,3.9078749250620604,shared_2l_1pool
4069,5.802984815090895,1.7088870517909527,3.970396937802434,shared_2l_1pool
4070,4.567933967337012,0.5586941260844469,3.9018939714878798,shared_2l_1pool
4071,4.551518009975553,0.5553718656301498,3.8893232122063637,shared_2l_1pool
4072,4.540916997939348,0.5425820127129555,3.8924729451537132,shared_2l_1pool
4073,4.575759870931506,0.551596051082015,3.9169241208583117,shared_2l_1pool
4074,4.46467287838459,0.5395140033215284,3.8184940349310637,shared_2l_1pool
4075,4.513208055868745,0.5546959582716227,3.8505231495946646,shared_2l_1pool
4076,4.500858020037413,0.5548661574721336,3.83923901244998,shared_2l_1pool
4077,4.481605952605605,0.5483999848365784,3.8277078419923782,shared_2l_1pool
4078,4.511557053774595,0.5417910870164633,3.863466903567314,shared_2l_1pool
4079,4.691998939961195,0.5748928524553776,4.009186988696456,shared_2l_1pool
4080,4.540252964943647,0.5560519639402628,3.874836955219507,shared_2l_1pool
4081,4.535332787781954,0.5421091336756945,3.888963023200631,shared_2l_1pool
4082,4.561306210234761,0.5558240227401257,3.899147966876626,shared_2l_1pool
4083,4.556986968964338,0.540170818567276,3.911095205694437,shared_2l_1pool
4084,4.583114990964532,0.5522710271179676,3.924028016626835,shared_2l_1pool
4085,5.837187869474292,1.7343319486826658,3.979933215305209,shared_2l_1pool
4086,4.494343884289265,0.5520149134099483,3.8356941659003496,shared_2l_1pool
4087,4.497089888900518,0.5531860515475273,3.836945164948702,shared_2l_1pool
4088,4.576192004606128,0.5530070047825575,3.9176871068775654,shared_2l_1pool
4089,4.582270048558712,0.5517220124602318,3.923289943486452,shared_2l_1pool
4090,4.569802898913622,0.5376869812607765,3.9254978764802217,shared_2l_1pool
4091,4.519354086369276,0.5496649537235498,3.8620850536972284,shared_2l_1pool
4092,4.505530931055546,0.5641519092023373,3.8361509796231985,shared_2l_1pool
4093,4.466304089874029,0.5448358133435249,3.816543146967888,shared_2l_1pool
4094,4.474736051633954,0.5546740721911192,3.814095864072442,shared_2l_1pool
4095,4.496291978284717,0.547344796359539,3.8420360069721937,shared_2l_1pool
4096,4.550354089587927,0.5762730725109577,3.867427818477154,shared_2l_1pool
4097,4.53706388361752,0.5612529348582029,3.8689440116286278,shared_2l_1pool
4098,4.508062032982707,0.5452570039778948,3.848446998745203,shared_2l_1pool
4099,4.497443092986941,0.5437429063022137,3.8472050800919533,shared_2l_1pool
4100,4.487552912905812,0.5598210263997316,3.8146961014717817,shared_2l_1pool
4101,5.858680000528693,1.7144589219242334,4.01862314902246,shared_2l_1pool
4102,4.583398113027215,0.5791329313069582,3.893404034897685,shared_2l_1pool
4103,4.566044081002474,0.5604480393230915,3.8931239396333694,shared_2l_1pool
4104,4.551383899524808,0.5371139850467443,3.907351056113839,shared_2l_1pool
4105,4.61831409484148,0.5697112064808607,3.9404688868671656,shared_2l_1pool
4106,4.501804942265153,0.5526288878172636,3.8424720987677574,shared_2l_1pool
4107,4.449482075870037,0.5535660311579704,3.7890260573476553,shared_2l_1pool
4108,4.451470915228128,0.540953828021884,3.803796134889126,shared_2l_1pool
4109,4.540925845503807,0.5583439487963915,3.8743149489164352,shared_2l_1pool
4110,4.559515975415707,0.5538919940590858,3.897984977811575,shared_2l_1pool
4111,4.494063090533018,0.5543550942093134,3.8328240625560284,shared_2l_1pool
4112,4.45375987328589,0.5451170727610588,3.8002890069037676,shared_2l_1pool
4113,4.519906127825379,0.554871978238225,3.857875009998679,shared_2l_1pool
4114,4.487622994929552,0.556242885068059,3.8244810421019793,shared_2l_1pool
4115,4.524606047198176,0.5540607962757349,3.8646531756967306,shared_2l_1pool
4116,4.4730608351528645,0.5631549283862114,3.8020170759409666,shared_2l_1pool
4117,5.892944987863302,1.7409648280590773,4.023408051580191,shared_2l_1pool
4118,4.566817777231336,0.5776388570666313,3.8815380539745092,shared_2l_1pool
4119,4.520095884799957,0.562726054340601,3.8503638934344053,shared_2l_1pool
4120,4.49961400590837,0.565399881452322,3.829530905932188,shared_2l_1pool
4121,4.51693101786077,0.5581770092248917,3.8525389973074198,shared_2l_1pool
4122,4.5172839891165495,0.554477097466588,3.853233065456152,shared_2l_1pool
4123,4.61592199280858,0.5562379956245422,3.9129219949245453,shared_2l_1pool
4124,4.544815048575401,0.5763489753007889,3.8617460522800684,shared_2l_1pool
4125,4.542224807664752,0.5699929315596819,3.866442944854498,shared_2l_1pool
4126,4.540152149274945,0.555241946130991,3.8786588702350855,shared_2l_1pool
4127,4.508306039497256,0.5597961135208607,3.8416460156440735,shared_2l_1pool
4128,4.557264037430286,0.5477089434862137,3.904217854142189,shared_2l_1pool
4129,4.588497802615166,0.5581621080636978,3.9250459522008896,shared_2l_1pool
4130,4.482908872887492,0.5418618675321341,3.834524191915989,shared_2l_1pool
4131,4.596620099619031,0.5489720497280359,3.9405040442943573,shared_2l_1pool
4132,4.533115075901151,0.5537830293178558,3.8725370541214943,shared_2l_1pool
4133,5.880601005628705,1.7689839005470276,3.9874461945146322,shared_2l_1pool
4134,4.546500975266099,0.5648848600685596,3.872153116390109,shared_2l_1pool
4135,4.513230873271823,0.5512700881808996,3.8565238937735558,shared_2l_1pool
4136,4.569782875478268,0.5671640392392874,3.897779854014516,shared_2l_1pool
4137,4.575327038764954,0.5774248857051134,3.886474994942546,shared_2l_1pool
4138,4.57937503233552,0.5484791472554207,3.924555843695998,shared_2l_1pool
4139,4.56741196103394,0.5585451144725084,3.8998639211058617,shared_2l_1pool
4140,4.477647831663489,0.5421768873929977,3.8291960954666138,shared_2l_1pool
4141,4.4953019823879,0.5514919757843018,3.839069977402687,shared_2l_1pool
4142,4.47861198335886,0.5378809291869402,3.834639210253954,shared_2l_1pool
4143,4.48807398788631,0.5447580479085445,3.8393200375139713,shared_2l_1pool
4144,4.523045150563121,0.5412360187619925,3.876087022945285,shared_2l_1pool
4145,4.541231086477637,0.5559669807553291,3.878196934238076,shared_2l_1pool
4146,4.586146911606193,0.5529429763555527,3.9256459567695856,shared_2l_1pool
4147,4.574180115014315,0.5524279549717903,3.916350193321705,shared_2l_1pool
4148,4.558973014354706,0.5450600292533636,3.907256992533803,shared_2l_1pool
4149,5.830335896462202,1.7195888794958591,3.9855740033090115,shared_2l_1pool
4150,4.551639081910253,0.573399942368269,3.868472995236516,shared_2l_1pool
4151,4.521818831562996,0.5652201361954212,3.8489678408950567,shared_2l_1pool
4152,4.593338118866086,0.5667940713465214,3.919303882867098,shared_2l_1pool
4153,4.610594129189849,0.5567469634115696,3.9457969833165407,shared_2l_1pool
4154,4.6022068709135056,0.5531089846044779,3.9417759981006384,shared_2l_1pool
4155,4.4769770465791225,0.5636680871248245,3.8062878884375095,shared_2l_1pool
4156,4.50074695982039,0.5617421120405197,3.8321460597217083,shared_2l_1pool
4157,4.502011928707361,0.5515529774129391,3.842438105493784,shared_2l_1pool
4158,4.496237030252814,0.5533029325306416,3.8347041700035334,shared_2l_1pool
4159,4.493289161473513,0.5582119338214397,3.8268950302153826,shared_2l_1pool
4160,4.498176043853164,0.5481510888785124,3.8447449915111065,shared_2l_1pool
4161,4.485050914809108,0.5537618417292833,3.824003040790558,shared_2l_1pool
4162,4.483406199142337,0.5524051375687122,3.8230428472161293,shared_2l_1pool
4163,4.48071607388556,0.5577830597758293,3.8154220674186945,shared_2l_1pool
4164,4.489261889830232,0.5523581057786942,3.8341530598700047,shared_2l_1pool
4165,5.83768798969686,1.7266259528696537,3.98447597399354,shared_2l_1pool
4166,4.588112002238631,0.5719210021197796,3.907283069565892,shared_2l_1pool
4167,4.500244976952672,0.5588789936155081,3.8333639968186617,shared_2l_1pool
4168,4.495518980547786,0.5583229940384626,3.828873159363866,shared_2l_1pool
4169,4.502392141148448,0.5563290324062109,3.840157063677907,shared_2l_1pool
4170,4.454978043213487,0.5538731347769499,3.796009812504053,shared_2l_1pool
4171,4.484357079491019,0.5474169738590717,3.8307588547468185,shared_2l_1pool
4172,4.503493895754218,0.5563909653574228,3.839419921860099,shared_2l_1pool
4173,4.581653047353029,0.5519520491361618,3.921473864465952,shared_2l_1pool
4174,4.606354050338268,0.5569630302488804,3.9408958982676268,shared_2l_1pool
4175,4.585332935675979,0.5434250924736261,3.9357938803732395,shared_2l_1pool
4176,4.569506971165538,0.5534200463443995,3.909425809979439,shared_2l_1pool
4177,4.515425069257617,0.5573050584644079,3.8539960514754057,shared_2l_1pool
4178,4.476334899663925,0.5508330650627613,3.819194855168462,shared_2l_1pool
4179,4.4825279619544744,0.5450791213661432,3.831668058410287,shared_2l_1pool
4180,4.496866138651967,0.559935113415122,3.8311209063977003,shared_2l_1pool
4181,5.8631738647818565,1.725782174617052,4.0115718729794025,shared_2l_1pool
4182,4.536763997748494,0.5643500480800867,3.8634820375591516,shared_2l_1pool
4183,4.506384022533894,0.5625281482934952,3.8370219990611076,shared_2l_1pool
4184,4.490013001486659,0.5492400377988815,3.8350028917193413,shared_2l_1pool
4185,4.492955049499869,0.5618759896606207,3.824637969955802,shared_2l_1pool
4186,4.492881009355187,0.544798094779253,3.843050915747881,shared_2l_1pool
4187,4.525881027802825,0.5592659581452608,3.8603900466114283,shared_2l_1pool
4188,4.592197015881538,0.5669090896844864,3.9145019836723804,shared_2l_1pool
4189,4.503748146817088,0.5477259401232004,3.848860040307045,shared_2l_1pool
4190,4.487581085413694,0.556842889636755,3.819796023890376,shared_2l_1pool
4191,4.505692049860954,0.5484339781105518,3.848440945148468,shared_2l_1pool
4192,4.551074001938105,0.5592149682343006,3.883946919813752,shared_2l_1pool
4193,4.591355100274086,0.5628708750009537,3.921354189515114,shared_2l_1pool
4194,4.495011176913977,0.5618149880319834,3.825846128165722,shared_2l_1pool
4195,4.504950018599629,0.5480870604515076,3.850976936519146,shared_2l_1pool
4196,4.502133000642061,0.5660639144480228,3.8305609486997128,shared_2l_1pool
4197,5.841841921210289,1.7317079473286867,3.9884131401777267,shared_2l_1pool
4198,4.521080991253257,0.5560480058193207,3.8568638265132904,shared_2l_1pool
4199,4.44223708473146,0.5514118820428848,3.7832921370863914,shared_2l_1pool
4200,4.50440589338541,0.5556000396609306,3.8405549712479115,shared_2l_1pool
4201,4.564608912914991,0.5559590645134449,3.9032399654388428,shared_2l_1pool
4202,4.512980813160539,0.5523250438272953,3.849827917292714,shared_2l_1pool
4203,4.4878090266138315,0.560407992452383,3.822003025561571,shared_2l_1pool
4204,4.5149968937039375,0.5500051192939281,3.8582098204642534,shared_2l_1pool
4205,4.5261140912771225,0.5558531265705824,3.863520920276642,shared_2l_1pool
4206,4.551086109131575,0.555878970772028,3.889532992616296,shared_2l_1pool
4207,4.584802081808448,0.5663798656314611,3.912414191290736,shared_2l_1pool
4208,4.571726080030203,0.5515259690582752,3.913859138265252,shared_2l_1pool
4209,4.4958991929888725,0.5638378206640482,3.8253851234912872,shared_2l_1pool
4210,4.498013062402606,0.56596496142447,3.8268379867076874,shared_2l_1pool
4211,4.573735175654292,0.5557569675147533,3.9117648266255856,shared_2l_1pool
4212,4.50322893448174,0.5666350480169058,3.825550898909569,shared_2l_1pool
4213,5.846329033374786,1.7390861175954342,3.9805620908737183,shared_2l_1pool
4214,4.548805067315698,0.5874878261238337,3.852028166875243,shared_2l_1pool
4215,4.467889899387956,0.5724730435758829,3.789384849369526,shared_2l_1pool
4216,4.530646139755845,0.5708399694412947,3.85231408290565,shared_2l_1pool
4217,4.62442496791482,0.573114026337862,3.9393280167132616,shared_2l_1pool
4218,4.547291900962591,0.559018924832344,3.8770700339227915,shared_2l_1pool
4219,4.52231802046299,0.5784351378679276,3.838130971416831,shared_2l_1pool
4220,4.496983019635081,0.5592310335487127,3.830535104498267,shared_2l_1pool
4221,4.500258015468717,0.5675018765032291,3.8262810558080673,shared_2l_1pool
4222,4.473306005820632,0.5530139897018671,3.816836979240179,shared_2l_1pool
4223,4.5578929129987955,0.5581479053944349,3.8936841301620007,shared_2l_1pool
4224,4.5510579366236925,0.5450330208986998,3.896433860063553,shared_2l_1pool
4225,4.50423383153975,0.5614571273326874,3.834160976111889,shared_2l_1pool
4226,4.522001836448908,0.5507639143615961,3.8652699440717697,shared_2l_1pool
4227,4.519236972555518,0.5581160075962543,3.854091977700591,shared_2l_1pool
4228,4.4753109104931355,0.5430609453469515,3.826386062428355,shared_2l_1pool
4229,5.893348949030042,1.752643845975399,4.013099940493703,shared_2l_1pool
4230,4.596933024004102,0.5805301479995251,3.90617991797626,shared_2l_1pool
4231,4.574215970933437,0.5600280128419399,3.907405072823167,shared_2l_1pool
4232,4.5196739956736565,0.5546868778765202,3.855322953313589,shared_2l_1pool
4233,4.506482044234872,0.5675391294062138,3.831893904134631,shared_2l_1pool
4234,4.485873971134424,0.5453629419207573,3.8327539805322886,shared_2l_1pool
4235,4.490126855671406,0.5612929817289114,3.821732010692358,shared_2l_1pool
4236,4.572825971990824,0.5683510098606348,3.8975910283625126,shared_2l_1pool
4237,4.591201897710562,0.5623060278594494,3.922361182048917,shared_2l_1pool
4238,4.625358153134584,0.5792479496449232,3.93703393638134,shared_2l_1pool
4239,4.512408981099725,0.5592538509517908,3.846733132377267,shared_2l_1pool
4240,4.538683919236064,0.5640590097755194,3.8671058136969805,shared_2l_1pool
4241,4.481645068153739,0.5659330636262894,3.811222966760397,shared_2l_1pool
4242,4.517454886808991,0.5535988602787256,3.856820985674858,shared_2l_1pool
4243,4.547610180452466,0.5653530824929476,3.8736609276384115,shared_2l_1pool
4244,4.586288006976247,0.5594331305474043,3.9186100475490093,shared_2l_1pool
4245,5.872304085642099,1.7396218609064817,4.005792085081339,shared_2l_1pool
4246,4.555974155664444,0.576274935156107,3.8710529915988445,shared_2l_1pool
4247,4.553572041913867,0.5688380915671587,3.8773210253566504,shared_2l_1pool
4248,4.592427052557468,0.5718260072171688,3.9133771788328886,shared_2l_1pool
4249,4.544825991615653,0.557794002816081,3.8792151026427746,shared_2l_1pool
4250,4.601181950420141,0.561244785785675,3.9288101252168417,shared_2l_1pool
4251,4.54137590713799,0.5642808973789215,3.869561944156885,shared_2l_1pool
4252,4.5079810079187155,0.5588820204138756,3.8427161052823067,shared_2l_1pool
4253,4.527596058323979,0.5607330240309238,3.8585460279136896,shared_2l_1pool
4254,4.515774082392454,0.5553311202675104,3.8511939346790314,shared_2l_1pool
4255,4.544171970337629,0.5679919850081205,3.867777995765209,shared_2l_1pool
4256,4.5307248365134,0.5596240516752005,3.864831058308482,shared_2l_1pool
4257,4.505255026742816,0.5566580221056938,3.8410730194300413,shared_2l_1pool
4258,4.551541991531849,0.57237409055233,3.8703589234501123,shared_2l_1pool
4259,4.58446703851223,0.5661619361490011,3.9058621041476727,shared_2l_1pool
4260,4.530962090939283,0.5646420177072287,3.8594959769397974,shared_2l_1pool
4261,6.1276801861822605,1.996814040467143,4.001448163762689,shared_2l_1pool
4262,4.55932691693306,0.57380017824471,3.8783960044384003,shared_2l_1pool
4263,4.550686106085777,0.57828682474792,3.866801969707012,shared_2l_1pool
4264,4.552401835098863,0.549243064597249,3.89921385794878,shared_2l_1pool
4265,4.558351123705506,0.560019863769412,3.8901951629668474,shared_2l_1pool
4266,4.585725022479892,0.5729938857257366,3.901757998391986,shared_2l_1pool
4267,4.500522976741195,0.5500689148902893,3.8442141376435757,shared_2l_1pool
4268,4.56814793869853,0.5615479312837124,3.901018062606454,shared_2l_1pool
4269,4.549385979771614,0.5561700090765953,3.88921401463449,shared_2l_1pool
4270,4.571493016555905,0.556295970454812,3.907965961843729,shared_2l_1pool
4271,4.527444951236248,0.5615879781544209,3.86118795722723,shared_2l_1pool
4272,4.490348044782877,0.5632459651678801,3.8216051179915667,shared_2l_1pool
4273,4.480781964957714,0.5512619391083717,3.8248440250754356,shared_2l_1pool
4274,4.58071194589138,0.5581330042332411,3.915955778211355,shared_2l_1pool
4275,4.5035178773105145,0.5496218800544739,3.8466411642730236,shared_2l_1pool
4276,4.524559946730733,0.5639900919049978,3.8527699653059244,shared_2l_1pool
4277,5.873142974451184,1.7278341110795736,4.009090829640627,shared_2l_1pool
4278,4.641807870939374,0.5752129945904016,3.9571940433233976,shared_2l_1pool
4279,4.54796920530498,0.5580950528383255,3.8757550064474344,shared_2l_1pool
4280,4.5208430383354425,0.5583481397479773,3.856220981106162,shared_2l_1pool
4281,4.525471944361925,0.5546908359974623,3.865859005600214,shared_2l_1pool
4282,4.542249953374267,0.5663849879056215,3.8689011707901955,shared_2l_1pool
4283,4.566116025671363,0.5671221297234297,3.891042899340391,shared_2l_1pool
4284,4.5405239798128605,0.5699549801647663,3.8642159197479486,shared_2l_1pool
4285,4.523934796452522,0.5640811286866665,3.854350885376334,shared_2l_1pool
4286,4.591534845530987,0.5659549497067928,3.919280134141445,shared_2l_1pool
4287,4.54326905310154,0.5556340329349041,3.881769021973014,shared_2l_1pool
4288,4.576405975967646,0.5595809780061245,3.910051891580224,shared_2l_1pool
4289,4.570374032482505,0.5722260102629662,3.8907730486243963,shared_2l_1pool
4290,4.55555017106235,0.5597970448434353,3.886758117005229,shared_2l_1pool
4291,4.632221069186926,0.5624438636004925,3.9641521871089935,shared_2l_1pool
4292,4.521292168647051,0.5604289472103119,3.8554780185222626,shared_2l_1pool
4293,5.902642151340842,1.7475541681051254,4.028548952192068,shared_2l_1pool
4294,4.5703379437327385,0.5730791017413139,3.8874298334121704,shared_2l_1pool
4295,4.508459009230137,0.5643130280077457,3.837506053969264,shared_2l_1pool
4296,4.556542029604316,0.5732499994337559,3.8748751394450665,shared_2l_1pool
4297,4.530702950432897,0.5780369974672794,3.846087958663702,shared_2l_1pool
4298,4.566950025036931,0.5739179905503988,3.884684992954135,shared_2l_1pool
4299,4.546949872747064,0.5720269400626421,3.8679619319736958,shared_2l_1pool
4300,4.545595962554216,0.5523618310689926,3.8891159929335117,shared_2l_1pool
4301,4.57715499214828,0.5676061846315861,3.9028748869895935,shared_2l_1pool
4302,4.566624062135816,0.5559090059250593,3.902697004377842,shared_2l_1pool
4303,4.531059879809618,0.5708131939172745,3.851952962577343,shared_2l_1pool
4304,4.519811132922769,0.5595870316028595,3.8532789330929518,shared_2l_1pool
4305,4.637259058654308,0.5861709360033274,3.944666124880314,shared_2l_1pool
4306,4.515503067523241,0.5701719783246517,3.8385482039302588,shared_2l_1pool
4307,4.5191270764917135,0.5510649643838406,3.8600510451942682,shared_2l_1pool
4308,4.4986410066485405,0.5575038958340883,3.8329570088535547,shared_2l_1pool
4309,5.794615019112825,1.716473838314414,3.952697152271867,shared_2l_1pool
4310,4.626336973160505,0.5845180712640285,3.9347850251942873,shared_2l_1pool
4311,4.575314931571484,0.5779052153229713,3.891831962391734,shared_2l_1pool
4312,4.605978960171342,0.5545380990952253,3.945615841075778,shared_2l_1pool
4313,4.533762112259865,0.5698499735444784,3.8569909520447254,shared_2l_1pool
4314,4.51090419664979,0.5545539315789938,3.849019994959235,shared_2l_1pool
4315,4.541264148429036,0.5717319436371326,3.862380050122738,shared_2l_1pool
4316,4.537670174613595,0.5573250818997622,3.8734679110348225,shared_2l_1pool
4317,4.563834052532911,0.5683731287717819,3.889869898557663,shared_2l_1pool
4318,4.546706099063158,0.5549518391489983,3.884528996422887,shared_2l_1pool
4319,4.607266979292035,0.5757540930062532,3.925556084141135,shared_2l_1pool
4320,4.548314958810806,0.5585670005530119,3.8824009243398905,shared_2l_1pool
4321,4.602215951308608,0.5740420892834663,3.9233718998730183,shared_2l_1pool
4322,4.572891863062978,0.5658939480781555,3.90049209818244,shared_2l_1pool
4323,4.602530971169472,0.5551879294216633,3.9406439755111933,shared_2l_1pool
4324,4.531713202595711,0.5646119825541973,3.8589290343225002,shared_2l_1pool
4325,5.890266038477421,1.7436770722270012,4.020879976451397,shared_2l_1pool
4326,4.602828994393349,0.5774269811809063,3.9151140954345465,shared_2l_1pool
4327,4.569903016090393,0.5704730283468962,3.8943449035286903,shared_2l_1pool
4328,4.538878099992871,0.5728290416300297,3.861356060951948,shared_2l_1pool
4329,4.534756997600198,0.5542209837585688,3.8734180852770805,shared_2l_1pool
4330,4.542228067293763,0.5914571229368448,3.8431810680776834,shared_2l_1pool
4331,4.51702787540853,0.5657491274178028,3.8451808504760265,shared_2l_1pool
4332,4.607195034623146,0.5733598954975605,3.9262392092496157,shared_2l_1pool
4333,4.514169180765748,0.5523050203919411,3.8545981515198946,shared_2l_1pool
4334,4.526420030742884,0.5725931841880083,3.8465268444269896,shared_2l_1pool
4335,4.502933006733656,0.5580338183790445,3.8377621676772833,shared_2l_1pool
4336,4.50718798674643,0.5697838496416807,3.831080161035061,shared_2l_1pool
4337,4.507614998146892,0.5583309102803469,3.843550104647875,shared_2l_1pool
4338,4.507000790908933,0.5597069393843412,3.8398720789700747,shared_2l_1pool
4339,4.5171319507062435,0.5623579490929842,3.847684944048524,shared_2l_1pool
4340,4.513561027124524,0.561899971216917,3.8454539608210325,shared_2l_1pool
4341,5.904752993956208,1.763161038979888,4.015652928501368,shared_2l_1pool
4342,4.542168928310275,0.575917074456811,3.8566559087485075,shared_2l_1pool
4343,4.561377922073007,0.5701289046555758,3.884614910930395,shared_2l_1pool
4344,4.6039188746362925,0.5742309149354696,3.917546011507511,shared_2l_1pool
4345,4.55947988666594,0.5532680079340935,3.901486983522773,shared_2l_1pool
4346,4.521066090092063,0.5605488549917936,3.853827016428113,shared_2l_1pool
4347,4.545632982626557,0.5673149134963751,3.8712250534445047,shared_2l_1pool
4348,4.527502926066518,0.5658238660544157,3.855039132758975,shared_2l_1pool
4349,4.4861838687211275,0.5540368147194386,3.827125998213887,shared_2l_1pool
4350,4.557992098852992,0.5691060796380043,3.8816030137240887,shared_2l_1pool
4351,4.596570041030645,0.5681929178535938,3.9216161239892244,shared_2l_1pool
4352,4.568849224597216,0.5693971179425716,3.894022898748517,shared_2l_1pool
4353,4.560737870633602,0.5706548690795898,3.8800600450485945,shared_2l_1pool
4354,4.5765850227326155,0.5603870376944542,3.9092949591577053,shared_2l_1pool
4355,4.5257979072630405,0.5632860120385885,3.855630988255143,shared_2l_1pool
4356,4.584627924486995,0.5655749700963497,3.912893123924732,shared_2l_1pool
4357,5.873268004506826,1.7608338966965675,3.9874089416116476,shared_2l_1pool
4358,4.620670108124614,0.5833711475133896,3.928073914721608,shared_2l_1pool
4359,4.5003138948231936,0.5616140551865101,3.8321269676089287,shared_2l_1pool
4360,4.5943190343678,0.5644280463457108,3.923986107110977,shared_2l_1pool
4361,4.564112052321434,0.5633910186588764,3.8940280210226774,shared_2l_1pool
4362,4.525933880358934,0.5802318919450045,3.8388981483876705,shared_2l_1pool
4363,4.501035204157233,0.5857711657881737,3.8095598574727774,shared_2l_1pool
4364,4.532254999503493,0.5613469984382391,3.862569108605385,shared_2l_1pool
4365,4.511022940278053,0.5791990552097559,3.8264920003712177,shared_2l_1pool
4366,4.515177803114057,0.5724460352212191,3.8350450340658426,shared_2l_1pool
4367,4.49539883993566,0.5761131178587675,3.805930959060788,shared_2l_1pool
4368,4.484225995838642,0.5520540289580822,3.8257150445133448,shared_2l_1pool
4369,4.524884978309274,0.5715650040656328,3.8471820298582315,shared_2l_1pool
4370,4.601001041010022,0.5593730602413416,3.933271858841181,shared_2l_1pool
4371,4.590771859511733,0.5652671679854393,3.9171408861875534,shared_2l_1pool
4372,4.503146978095174,0.5536209791898727,3.843044163659215,shared_2l_1pool
4373,5.88104291819036,1.745919929817319,4.002857021987438,shared_2l_1pool
4374,4.57828096114099,0.5959931295365095,3.8705719634890556,shared_2l_1pool
4375,4.564706003293395,0.5761939100921154,3.8797492161393166,shared_2l_1pool
4376,4.576453007757664,0.5822870880365372,3.8870738353580236,shared_2l_1pool
4377,4.6076730359345675,0.595365185290575,3.906763857230544,shared_2l_1pool
4378,4.527123179286718,0.5680429749190807,3.8518060464411974,shared_2l_1pool
4379,4.601660184562206,0.5762479268014431,3.920475021004677,shared_2l_1pool
4380,4.503038944676518,0.55884406901896,3.8396359886974096,shared_2l_1pool
4381,4.542097914963961,0.5720469634979963,3.864370984956622,shared_2l_1pool
4382,4.515012027695775,0.5595078691840172,3.848416032269597,shared_2l_1pool
4383,4.533099010586739,0.5937591195106506,3.832286922261119,shared_2l_1pool
4384,4.526989068835974,0.5672900006175041,3.8531520403921604,shared_2l_1pool
4385,4.554416984319687,0.5768751725554466,3.8705358747392893,shared_2l_1pool
4386,4.4765889178961515,0.56092394515872,3.8097340147942305,shared_2l_1pool
4387,4.56514791585505,0.5715340375900269,3.888231934979558,shared_2l_1pool
4388,4.532621009275317,0.5751268472522497,3.845557104796171,shared_2l_1pool
4389,5.903699202463031,1.7597421538084745,4.016804043203592,shared_2l_1pool
4390,4.573696991428733,0.5879788659512997,3.8782230112701654,shared_2l_1pool
4391,4.508438054472208,0.5859790835529566,3.8089880254119635,shared_2l_1pool
4392,4.490319872274995,0.5660019814968109,3.8176709786057472,shared_2l_1pool
4393,4.609639989212155,0.568663002923131,3.9349310100078583,shared_2l_1pool
4394,4.556752974167466,0.567286042496562,3.8817990571260452,shared_2l_1pool
4395,4.4925520196557045,0.5754050798714161,3.8108460139483213,shared_2l_1pool
4396,4.501392832025886,0.5639258306473494,3.8303520996123552,shared_2l_1pool
4397,4.516097018495202,0.579572981223464,3.8312370888888836,shared_2l_1pool
4398,4.4762499164789915,0.564933056011796,3.8063880056142807,shared_2l_1pool
4399,4.513812018558383,0.5684630014002323,3.8386730011552572,shared_2l_1pool
4400,4.499062895774841,0.5697140004485846,3.8251900114119053,shared_2l_1pool
4401,4.496750887483358,0.5738099571317434,3.819031873717904,shared_2l_1pool
4402,4.572055069729686,0.5753040313720703,3.890818916261196,shared_2l_1pool
4403,4.512770101428032,0.5714970175176859,3.834748873487115,shared_2l_1pool
4404,4.55321604385972,0.5551828071475029,3.891291096806526,shared_2l_1pool
4405,5.913723027333617,1.7806410323828459,4.005825147032738,shared_2l_1pool
4406,4.5775738544762135,0.5796451587229967,3.8876309990882874,shared_2l_1pool
4407,4.540917929261923,0.5715261213481426,3.8618328981101513,shared_2l_1pool
4408,4.63280500844121,0.581235159188509,3.9461629930883646,shared_2l_1pool
4409,4.523084964603186,0.5734311416745186,3.844558959826827,shared_2l_1pool
4410,4.594468045979738,0.5658918526023626,3.921664087101817,shared_2l_1pool
4411,4.593434045091271,0.5732101853936911,3.914105938747525,shared_2l_1pool
4412,4.5652061235159636,0.5575621034950018,3.9007249288260937,shared_2l_1pool
4413,4.529052181169391,0.5761310458183289,3.8466029800474644,shared_2l_1pool
4414,4.521847004070878,0.5750800482928753,3.840093966573477,shared_2l_1pool
4415,4.533820087090135,0.5745890084654093,3.853074973449111,shared_2l_1pool
4416,4.555571125820279,0.5677870940417051,3.8807587698101997,shared_2l_1pool
4417,4.521762020885944,0.5598259158432484,3.8528682198375463,shared_2l_1pool
4418,4.618528066202998,0.6032171659171581,3.90065205283463,shared_2l_1pool
4419,4.667723085731268,0.6141129415482283,3.940145019441843,shared_2l_1pool
4420,4.662423161789775,0.6185600068420172,3.9331549778580666,shared_2l_1pool
4421,6.003961898386478,1.8246329855173826,4.04436606913805,shared_2l_1pool
4422,4.656955832615495,0.6323670968413353,3.9110579527914524,shared_2l_1pool
4423,4.638479091227055,0.5997947882860899,3.927728161215782,shared_2l_1pool
4424,4.643189022317529,0.5993659142404795,3.9334981702268124,shared_2l_1pool
4425,4.5423919800668955,0.5871860776096582,3.847043961286545,shared_2l_1pool
4426,4.53607807867229,0.5760819185525179,3.8515410851687193,shared_2l_1pool
4427,4.617450991645455,0.5761270876973867,3.9330378640443087,shared_2l_1pool
4428,4.624848021194339,0.5806752014905214,3.9335708133876324,shared_2l_1pool
4429,4.645292880013585,0.5902948323637247,3.9470340125262737,shared_2l_1pool
4430,4.5880950056016445,0.562974950298667,3.918279893696308,shared_2l_1pool
4431,4.600170999765396,0.5652790423482656,3.927954938262701,shared_2l_1pool
4432,4.585818154737353,0.572501914575696,3.9049601182341576,shared_2l_1pool
4433,4.543656948953867,0.5604098550975323,3.876615082845092,shared_2l_1pool
4434,4.533214028924704,0.577935017645359,3.850353881716728,shared_2l_1pool
4435,4.57190303131938,0.5535220261663198,3.910135943442583,shared_2l_1pool
4436,4.527048906311393,0.5645661149173975,3.8539280649274588,shared_2l_1pool
4437,5.910699022933841,1.7751941923052073,4.007774870842695,shared_2l_1pool
4438,4.657283192500472,0.5871690809726715,3.955838968977332,shared_2l_1pool
4439,4.610643023625016,0.5738241598010063,3.9280278142541647,shared_2l_1pool
4440,4.556202096864581,0.5746530368924141,3.872400848194957,shared_2l_1pool
4441,4.557257983833551,0.5758379120379686,3.874892136082053,shared_2l_1pool
4442,4.568069940432906,0.5799510981887579,3.880338044837117,shared_2l_1pool
4443,4.559907130897045,0.5617840215563774,3.889963962137699,shared_2l_1pool
4444,4.594965139403939,0.5751051940023899,3.912454005330801,shared_2l_1pool
4445,4.564050817862153,0.5730369593948126,3.8844740483909845,shared_2l_1pool
4446,4.617738071829081,0.5750600248575211,3.936637891456485,shared_2l_1pool
4447,4.5161740854382515,0.5804379470646381,3.8298540748655796,shared_2l_1pool
4448,4.53544594347477,0.5709098186343908,3.8574039936065674,shared_2l_1pool
4449,4.568438045680523,0.5834458861500025,3.8781811017543077,shared_2l_1pool
4450,4.5529629569500685,0.5815690383315086,3.8650240749120712,shared_2l_1pool
4451,4.596533952280879,0.5840049125254154,3.9039840921759605,shared_2l_1pool
4452,4.568291129544377,0.5755259189754725,3.8841189816594124,shared_2l_1pool
4453,5.901766940951347,1.761911902576685,4.011830082163215,shared_2l_1pool
4454,4.6286750584840775,0.5853951442986727,3.934242995455861,shared_2l_1pool
4455,4.640921019017696,0.5887260194867849,3.9435429498553276,shared_2l_1pool
4456,4.624442895874381,0.5634189583361149,3.951653139665723,shared_2l_1pool
4457,4.537442931905389,0.5765389651060104,3.851128974929452,shared_2l_1pool
4458,4.53434488736093,0.5805389955639839,3.850664012134075,shared_2l_1pool
4459,4.611658863723278,0.5817899946123362,3.9213220588862896,shared_2l_1pool
4460,4.550195066258311,0.5787068512290716,3.8643490988761187,shared_2l_1pool
4461,4.518948961049318,0.565557973459363,3.8483499083667994,shared_2l_1pool
4462,4.527049837633967,0.5779559724032879,3.8389030378311872,shared_2l_1pool
4463,4.492239095270634,0.5751249846071005,3.8126639556139708,shared_2l_1pool
4464,4.533019848167896,0.5584000609815121,3.867286955937743,shared_2l_1pool
4465,4.583926871418953,0.5662520416080952,3.907890059053898,shared_2l_1pool
4466,4.541018977761269,0.5708818789571524,3.8619190454483032,shared_2l_1pool
4467,4.495749017223716,0.5664159543812275,3.822956932708621,shared_2l_1pool
4468,4.496360896155238,0.5591078661382198,3.8300291635096073,shared_2l_1pool
4469,5.921666976064444,1.7750319093465805,4.017593106254935,shared_2l_1pool
4470,4.57948911935091,0.5819587968289852,3.8876510225236416,shared_2l_1pool
4471,4.5863601844757795,0.5837059579789639,3.8889579009264708,shared_2l_1pool
4472,4.5351379085332155,0.5951968487352133,3.8311081007122993,shared_2l_1pool
4473,4.521457012742758,0.5772758740931749,3.8365249056369066,shared_2l_1pool
4474,4.5159319415688515,0.5813809111714363,3.8261241279542446,shared_2l_1pool
4475,4.480677889660001,0.5773298908025026,3.7982510402798653,shared_2l_1pool
4476,4.535658052191138,0.5909709725528955,3.837214084342122,shared_2l_1pool
4477,4.534342093393207,0.5823550745844841,3.842933801934123,shared_2l_1pool
4478,4.522781120613217,0.5863469559699297,3.8281180895864964,shared_2l_1pool
4479,4.534822888672352,0.5693330895155668,3.8562980480492115,shared_2l_1pool
4480,4.588324809446931,0.5835550837218761,3.8957130163908005,shared_2l_1pool
4481,4.598547937348485,0.5955169908702374,3.892621025443077,shared_2l_1pool
4482,4.585607908666134,0.5789180286228657,3.8964408449828625,shared_2l_1pool
4483,4.5290382113307714,0.5862589459866285,3.834993112832308,shared_2l_1pool
4484,4.551962949335575,0.5743070505559444,3.8696660194545984,shared_2l_1pool
4485,5.923018092289567,1.776878023520112,4.018249921500683,shared_2l_1pool
4486,4.582721972838044,0.6048041395843029,3.866596845909953,shared_2l_1pool
4487,4.6471108216792345,0.5949640180915594,3.943102899938822,shared_2l_1pool
4488,4.5962531585246325,0.5875970236957073,3.8989558815956116,shared_2l_1pool
4489,4.557110834866762,0.587203074246645,3.8572708144783974,shared_2l_1pool
4490,4.587837960571051,0.5777461919933558,3.9026879239827394,shared_2l_1pool
4491,4.5669961255043745,0.5829101428389549,3.8762178737670183,shared_2l_1pool
4492,4.582428140565753,0.5700099281966686,3.9031528867781162,shared_2l_1pool
4493,4.603820154443383,0.5994499661028385,3.8964170962572098,shared_2l_1pool
4494,4.517235094681382,0.5719449836760759,3.8389370311051607,shared_2l_1pool
4495,4.511401057243347,0.5755778402090073,3.8296831771731377,shared_2l_1pool
4496,4.507801961153746,0.5682511255145073,3.8319050800055265,shared_2l_1pool
4497,4.488833015784621,0.573399942368269,3.810312831774354,shared_2l_1pool
4498,4.595210077241063,0.5681461188942194,3.917315974831581,shared_2l_1pool
4499,4.586118971928954,0.5685009527951479,3.909012069925666,shared_2l_1pool
4500,4.553613951429725,0.5788907874375582,3.869048086926341,shared_2l_1pool
4501,5.923151038587093,1.7848610877990723,4.0089108515530825,shared_2l_1pool
4502,4.584914073348045,0.5941691342741251,3.8822139613330364,shared_2l_1pool
4503,4.5541818253695965,0.592739088460803,3.8545909337699413,shared_2l_1pool
4504,4.515811102464795,0.581114087253809,3.826217958703637,shared_2l_1pool
4505,4.508404061198235,0.5824489053338766,3.8185000885277987,shared_2l_1pool
4506,4.55603888258338,0.5813529714941978,3.866184037178755,shared_2l_1pool
4507,4.552437923848629,0.5678709130734205,3.875636961311102,shared_2l_1pool
4508,4.60866279900074,0.6183639634400606,3.885371144860983,shared_2l_1pool
4509,4.570896970108151,0.5687139928340912,3.8934031035751104,shared_2l_1pool
4510,4.530259175226092,0.5821979139000177,3.8402429781854153,shared_2l_1pool
4511,4.545128904283047,0.5596568807959557,3.882171120494604,shared_2l_1pool
4512,4.584745038300753,0.5849399603903294,3.892383072525263,shared_2l_1pool
4513,4.52156295068562,0.5659728776663542,3.8514991756528616,shared_2l_1pool
4514,4.558454966172576,0.5816910415887833,3.8689030334353447,shared_2l_1pool
4515,4.567433847114444,0.5788239650428295,3.880128962919116,shared_2l_1pool
4516,4.533771891146898,0.5808190908282995,3.8357828743755817,shared_2l_1pool
4517,5.88477891869843,1.7779171466827393,3.979685017839074,shared_2l_1pool
4518,4.571354016661644,0.5969279445707798,3.866330021992326,shared_2l_1pool
4519,4.557482898235321,0.5823480896651745,3.8647139444947243,shared_2l_1pool
4520,4.544863943010569,0.5910152103751898,3.8440588396042585,shared_2l_1pool
4521,4.522366914898157,0.5784530658274889,3.836297895759344,shared_2l_1pool
4522,4.52037900686264,0.5793350283056498,3.8337521255016327,shared_2l_1pool
4523,4.50629903934896,0.5685151554644108,3.8309500087052584,shared_2l_1pool
4524,4.513629013672471,0.5797529593110085,3.827227046713233,shared_2l_1pool
4525,4.4939471408724785,0.5644499324262142,3.822445869445801,shared_2l_1pool
4526,4.5135237742215395,0.5870189052075148,3.8213140796869993,shared_2l_1pool
4527,4.505529999732971,0.5780570209026337,3.822851926088333,shared_2l_1pool
4528,4.490015096962452,0.5745668895542622,3.809648100286722,shared_2l_1pool
4529,4.512206185609102,0.5755939055234194,3.8317840080708265,shared_2l_1pool
4530,4.6036390122026205,0.5884240381419659,3.909114981070161,shared_2l_1pool
4531,4.596069920808077,0.5714278668165207,3.9165890775620937,shared_2l_1pool
4532,4.506117897108197,0.5829860456287861,3.8149049505591393,shared_2l_1pool
4533,5.88592397980392,1.795060932636261,3.960617119446397,shared_2l_1pool
4534,4.545551957562566,0.589767936617136,3.8465019315481186,shared_2l_1pool
4535,4.523809067904949,0.5913719069212675,3.82440909743309,shared_2l_1pool
4536,4.554465878754854,0.5645460914820433,3.876158967614174,shared_2l_1pool
4537,4.520585993304849,0.5712918937206268,3.8416599854826927,shared_2l_1pool
4538,4.524113144725561,0.5768642295151949,3.841885831207037,shared_2l_1pool
4539,4.564319038763642,0.5845208652317524,3.8710450753569603,shared_2l_1pool
4540,4.592053825035691,0.5860000383108854,3.9000860415399075,shared_2l_1pool
4541,4.6334159560501575,0.5794249009341002,3.9441660046577454,shared_2l_1pool
4542,4.547487944364548,0.5820498336106539,3.857102943584323,shared_2l_1pool
4543,4.541049944236875,0.5929782055318356,3.840948920696974,shared_2l_1pool
4544,4.593817051500082,0.5783280357718468,3.9017479866743088,shared_2l_1pool
4545,4.616010002791882,0.5962648428976536,3.9116269908845425,shared_2l_1pool
4546,4.618115024641156,0.5708090029656887,3.940451890230179,shared_2l_1pool
4547,4.522642120718956,0.5768160335719585,3.840476041659713,shared_2l_1pool
4548,4.583921050652862,0.5605448968708515,3.915288019925356,shared_2l_1pool
4549,5.918740993365645,1.7762789502739906,4.013953031972051,shared_2l_1pool
4550,4.582603927701712,0.5959041882306337,3.874440910294652,shared_2l_1pool
4551,4.505411954596639,0.5788891576230526,3.8189429324120283,shared_2l_1pool
4552,4.514081869274378,0.5816270131617785,3.823158796876669,shared_2l_1pool
4553,4.522071918472648,0.5768060218542814,3.831346984952688,shared_2l_1pool
4554,4.522369941696525,0.5814810283482075,3.831597976386547,shared_2l_1pool
4555,4.509008023887873,0.5800488870590925,3.823261009529233,shared_2l_1pool
4556,4.502458963543177,0.5729999393224716,3.822287078946829,shared_2l_1pool
4557,4.563333932310343,0.5901819095015526,3.86601104401052,shared_2l_1pool
4558,4.527632845565677,0.5804719403386116,3.839839017018676,shared_2l_1pool
4559,4.515669075772166,0.5877469666302204,3.820028156042099,shared_2l_1pool
4560,4.522233968600631,0.5850398447364569,3.8294021505862474,shared_2l_1pool
4561,4.504582844674587,0.5873569753021002,3.810195019468665,shared_2l_1pool
4562,4.552705911919475,0.5763070657849312,3.865544917061925,shared_2l_1pool
4563,4.532576072961092,0.5926101002842188,3.8334180135279894,shared_2l_1pool
4564,4.539315821602941,0.5820039659738541,3.8502730894833803,shared_2l_1pool
4565,5.989650962874293,1.814465969800949,4.045203095301986,shared_2l_1pool
4566,4.644887987524271,0.6186950486153364,3.914767876267433,shared_2l_1pool
4567,4.631263902410865,0.6020220462232828,3.9196168072521687,shared_2l_1pool
4568,4.592600977048278,0.588919036090374,3.8962578400969505,shared_2l_1pool
4569,4.638795042410493,0.5935570225119591,3.9370539598166943,shared_2l_1pool
4570,4.54992288723588,0.5901739932596684,3.848856082186103,shared_2l_1pool
4571,4.5996911358088255,0.5954049993306398,3.8934650365263224,shared_2l_1pool
4572,4.618545062839985,0.6145238876342773,3.8958811201155186,shared_2l_1pool
4573,4.623626125976443,0.5846188869327307,3.9311570581048727,shared_2l_1pool
4574,4.626559093594551,0.5947810132056475,3.9205949287861586,shared_2l_1pool
4575,4.594509024173021,0.5848698783665895,3.902680007740855,shared_2l_1pool
4576,4.607442999258637,0.5824321415275335,3.911401843652129,shared_2l_1pool
4577,4.537704866379499,0.5877108778804541,3.839690936729312,shared_2l_1pool
4578,4.617050988599658,0.5877201911062002,3.9170978125184774,shared_2l_1pool
4579,4.64378297328949,0.6050160154700279,3.928908845409751,shared_2l_1pool
4580,4.55949897877872,0.582363922148943,3.8713901303708553,shared_2l_1pool
4581,5.964630050584674,1.8101499881595373,4.025228088721633,shared_2l_1pool
4582,4.647786961868405,0.6062230095267296,3.933032974600792,shared_2l_1pool
4583,4.636332858353853,0.6027179770171642,3.9237700402736664,shared_2l_1pool
4584,4.6070769894868135,0.5992189981043339,3.89753095805645,shared_2l_1pool
4585,4.585506860166788,0.6015209946781397,3.875170834362507,shared_2l_1pool
4586,4.5123479794710875,0.5910119507461786,3.816391108557582,shared_2l_1pool
4587,4.547022981569171,0.595073914155364,3.8438811898231506,shared_2l_1pool
4588,4.537347005680203,0.594430835917592,3.832925111055374,shared_2l_1pool
4589,4.614162957295775,0.5807538982480764,3.9237751625478268,shared_2l_1pool
4590,4.543222952634096,0.588912982493639,3.8459349889308214,shared_2l_1pool
4591,4.5390259474515915,0.5857700016349554,3.8460278883576393,shared_2l_1pool
4592,4.55960095860064,0.5743950605392456,3.87759692966938,shared_2l_1pool
4593,4.623284097760916,0.5933810025453568,3.9248301181942225,shared_2l_1pool
4594,4.620654974132776,0.5869921296834946,3.922840813174844,shared_2l_1pool
4595,4.565801005810499,0.5907430313527584,3.8628459442406893,shared_2l_1pool
4596,4.603401059284806,0.5923111457377672,3.903765929862857,shared_2l_1pool
4597,5.946452962234616,1.7903868574649096,4.02516801841557,shared_2l_1pool
4598,4.6321379486471415,0.6119408644735813,3.9079729467630386,shared_2l_1pool
4599,4.576094914227724,0.6070260424166918,3.8585311267524958,shared_2l_1pool
4600,4.541303962469101,0.585764879360795,3.8469010032713413,shared_2l_1pool
4601,4.5229659881442785,0.5905551370233297,3.824783954769373,shared_2l_1pool
4602,4.50873700901866,0.5831958260387182,3.815682139247656,shared_2l_1pool
4603,4.614215111359954,0.5905590951442719,3.9161518216133118,shared_2l_1pool
4604,4.597237100824714,0.5848431028425694,3.905988996848464,shared_2l_1pool
4605,4.618834005668759,0.5889078602194786,3.9199250750243664,shared_2l_1pool
4606,4.634483950212598,0.5963300354778767,3.9289318956434727,shared_2l_1pool
4607,4.627065965905786,0.5829199217259884,3.934372216463089,shared_2l_1pool
4608,4.529952071607113,0.5846838466823101,3.8360501639544964,shared_2l_1pool
4609,4.530797014012933,0.5861569661647081,3.8360711187124252,shared_2l_1pool
4610,4.553616046905518,0.579426996409893,3.866674844175577,shared_2l_1pool
4611,4.5364489778876305,0.598700949922204,3.830650122836232,shared_2l_1pool
4612,4.53010993078351,0.5861248355358839,3.8381770718842745,shared_2l_1pool
4613,5.9713260270655155,1.816231058910489,4.025199916213751,shared_2l_1pool
4614,4.582291003316641,0.6140319164842367,3.8630960043519735,shared_2l_1pool
4615,4.595010075718164,0.5885900463908911,3.8968699518591166,shared_2l_1pool
4616,4.569042939692736,0.6041941232979298,3.8561809342354536,shared_2l_1pool
4617,4.584769019857049,0.5842510145157576,3.8925930857658386,shared_2l_1pool
4618,4.53618005849421,0.5923761054873466,3.8336480502039194,shared_2l_1pool
4619,4.535777028650045,0.5963488947600126,3.8296000566333532,shared_2l_1pool
4620,4.5598819851875305,0.5904538556933403,3.859829157590866,shared_2l_1pool
4621,4.623466869816184,0.6076002027839422,3.8998639211058617,shared_2l_1pool
4622,4.62027289904654,0.5947081372141838,3.917338792234659,shared_2l_1pool
4623,4.581357119604945,0.5898480303585529,3.878596005961299,shared_2l_1pool
4624,4.607577808201313,0.5982068832963705,3.901983145624399,shared_2l_1pool
4625,4.5238530728966,0.5867709405720234,3.8229941856116056,shared_2l_1pool
4626,4.519750829786062,0.5854950286448002,3.823912004008889,shared_2l_1pool
4627,4.560193978250027,0.5838919896632433,3.861348843201995,shared_2l_1pool
4628,4.568742122501135,0.5803981330245733,3.8798670284450054,shared_2l_1pool
4629,6.004904164001346,1.8211489077657461,4.050729097798467,shared_2l_1pool
4630,4.625031026080251,0.6059820298105478,3.9052481297403574,shared_2l_1pool
4631,4.676847020164132,0.6271889433264732,3.938947105780244,shared_2l_1pool
4632,4.643426975235343,0.5942098796367645,3.931918181478977,shared_2l_1pool
4633,4.593763034790754,0.6117408629506826,3.870733082294464,shared_2l_1pool
4634,4.554250976070762,0.6039540749043226,3.8395170122385025,shared_2l_1pool
4635,4.522230010479689,0.5951300263404846,3.8185480516403913,shared_2l_1pool
4636,4.5639518648386,0.5898568779230118,3.8651281502097845,shared_2l_1pool
4637,4.614030010998249,0.5991838406771421,3.904975950717926,shared_2l_1pool
4638,4.637337988242507,0.5921900738030672,3.9294729940593243,shared_2l_1pool
4639,4.575906787067652,0.5817648489028215,3.884389065206051,shared_2l_1pool
4640,4.644942935556173,0.5828409921377897,3.953071078285575,shared_2l_1pool
4641,4.616446094587445,0.5915900692343712,3.9135441184043884,shared_2l_1pool
4642,4.5447698794305325,0.5747808609157801,3.8559429813176394,shared_2l_1pool
4643,4.563451046124101,0.5783590022474527,3.8330871611833572,shared_2l_1pool
4644,4.59213787689805,0.6067720241844654,3.873846959322691,shared_2l_1pool
4645,6.317161023616791,2.1382009144872427,4.043505061417818,shared_2l_1pool
4646,4.645147826522589,0.6213418673723936,3.9145699702203274,shared_2l_1pool
4647,4.554284969344735,0.6072989199310541,3.8361921906471252,shared_2l_1pool
4648,4.70190099440515,0.6042371969670057,3.982350928708911,shared_2l_1pool
4649,4.5845769345760345,0.6011498626321554,3.8736951537430286,shared_2l_1pool
4650,4.588947864249349,0.5907381419092417,3.8883830420672894,shared_2l_1pool
4651,4.5730730053037405,0.6061620078980923,3.856755094602704,shared_2l_1pool
4652,4.5784879475831985,0.5959449335932732,3.873238107189536,shared_2l_1pool
4653,4.584715934470296,0.594140961766243,3.880247939378023,shared_2l_1pool
4654,4.628289956599474,0.6045100744813681,3.909807885065675,shared_2l_1pool
4655,4.598671104758978,0.595437828451395,3.895173082128167,shared_2l_1pool
4656,4.629771923646331,0.6020020227879286,3.9169290103018284,shared_2l_1pool
4657,4.640863975510001,0.5929318722337484,3.936337074264884,shared_2l_1pool
4658,4.624666878953576,0.592751894146204,3.9217770099639893,shared_2l_1pool
4659,4.547746852040291,0.5885940045118332,3.844390157610178,shared_2l_1pool
4660,4.571462050080299,0.5685370415449142,3.89345595613122,shared_2l_1pool
4661,5.991118960082531,1.8261659424751997,4.0335089433938265,shared_2l_1pool
4662,4.60541108623147,0.6132940761744976,3.8818479515612125,shared_2l_1pool
4663,4.623700864613056,0.6027468480169773,3.9114682003855705,shared_2l_1pool
4664,4.602791042998433,0.5979679990559816,3.8947160355746746,shared_2l_1pool
4665,4.5302140060812235,0.5767550319433212,3.8485589902848005,shared_2l_1pool
4666,4.605176858603954,0.5935388617217541,3.9005731232464314,shared_2l_1pool
4667,4.590038908645511,0.5912398919463158,3.8890130817890167,shared_2l_1pool
4668,4.599699983373284,0.5802251398563385,3.9129918441176414,shared_2l_1pool
4669,4.589386051520705,0.6252070888876915,3.8544759154319763,shared_2l_1pool
4670,4.560152068734169,0.5922398995608091,3.8567709270864725,shared_2l_1pool
4671,4.5979381538927555,0.5774358287453651,3.9131701923906803,shared_2l_1pool
4672,4.607901209965348,0.5957770626991987,3.9056180976331234,shared_2l_1pool
4673,4.606631118804216,0.589021947234869,3.9092630613595247,shared_2l_1pool
4674,4.60754195228219,0.6006620824337006,3.8977288641035557,shared_2l_1pool
4675,4.544343100860715,0.5917511880397797,3.8432248402386904,shared_2l_1pool
4676,4.537787986919284,0.5796628538519144,3.851172048598528,shared_2l_1pool
4677,6.002491805702448,1.839654054492712,4.03286493383348,shared_2l_1pool
4678,4.639610880985856,0.6064979825168848,3.922129049897194,shared_2l_1pool
4679,4.591725999489427,0.5944399163126945,3.888122970238328,shared_2l_1pool
4680,4.615513142198324,0.6032080855220556,3.901798976585269,shared_2l_1pool
4681,4.624218214303255,0.5916990339756012,3.9192689582705498,shared_2l_1pool
4682,4.6336359810084105,0.5801119841635227,3.943599993363023,shared_2l_1pool
4683,4.551257006824017,0.5937039386481047,3.847692161798477,shared_2l_1pool
4684,4.621210973709822,0.5813159514218569,3.9301312062889338,shared_2l_1pool
4685,4.550272133201361,0.5835068877786398,3.8582070264965296,shared_2l_1pool
4686,4.627997986972332,0.5940739065408707,3.925914177671075,shared_2l_1pool
4687,4.564093891531229,0.5730229895561934,3.8835550658404827,shared_2l_1pool
4688,4.612583899870515,0.5886990111321211,3.9188668597489595,shared_2l_1pool
4689,4.5225429348647594,0.5733477883040905,3.8420690689235926,shared_2l_1pool
4690,4.570537945255637,0.582357868552208,3.872100031003356,shared_2l_1pool
4691,4.5642058830708265,0.5922771524637938,3.8597958628088236,shared_2l_1pool
4692,4.607175942510366,0.5928869359195232,3.9070670027285814,shared_2l_1pool
4693,5.944518838077784,1.7908248119056225,4.023751011118293,shared_2l_1pool
4694,4.642408108338714,0.6040059961378574,3.927963087335229,shared_2l_1pool
4695,4.6641631051898,0.5997091066092253,3.954343032091856,shared_2l_1pool
4696,4.584521986544132,0.6029030773788691,3.8751219399273396,shared_2l_1pool
4697,4.634001990780234,0.5989850033074617,3.920481074601412,shared_2l_1pool
4698,4.6311488840729,0.597445061430335,3.924237098544836,shared_2l_1pool
4699,4.635223187506199,0.5913909990340471,3.9336609188467264,shared_2l_1pool
4700,4.526876145973802,0.5868840962648392,3.8307509385049343,shared_2l_1pool
4701,4.514954052865505,0.5771270953118801,3.829010995104909,shared_2l_1pool
4702,4.534424049779773,0.5867099389433861,3.837878117337823,shared_2l_1pool
4703,4.557450069114566,0.5800358485430479,3.868715139105916,shared_2l_1pool
4704,4.6122639905661345,0.5781750660389662,3.9260468911379576,shared_2l_1pool
4705,4.613314988091588,0.5704108625650406,3.93461505882442,shared_2l_1pool
4706,4.608165938407183,0.5815271288156509,3.9190049283206463,shared_2l_1pool
4707,4.6022511087358,0.5774409510195255,3.9168361108750105,shared_2l_1pool
4708,4.528636112809181,0.5726909730583429,3.843785962089896,shared_2l_1pool
4709,5.9722859878093,1.8076400738209486,4.032823955640197,shared_2l_1pool
4710,4.654150921851397,0.6076099816709757,3.9386909920722246,shared_2l_1pool
4711,4.616935038939118,0.5885628052055836,3.9169550873339176,shared_2l_1pool
4712,4.627828951925039,0.5897178780287504,3.928316989913583,shared_2l_1pool
4713,4.529302939772606,0.5922529380768538,3.8290750235319138,shared_2l_1pool
4714,4.59318095818162,0.5813541356474161,3.903165925294161,shared_2l_1pool
4715,4.562295973300934,0.5750581622123718,3.8785298820585012,shared_2l_1pool
4716,4.544283030554652,0.5697000306099653,3.8659730926156044,shared_2l_1pool
4717,4.521202063187957,0.5896810907870531,3.821650054305792,shared_2l_1pool
4718,4.534505074843764,0.5820661317557096,3.8454809691756964,shared_2l_1pool
4719,4.5749228447675705,0.5904489662498236,3.8742979522794485,shared_2l_1pool
4720,4.557084990665317,0.5795219913125038,3.870264161378145,shared_2l_1pool
4721,4.506852012127638,0.5812000017613173,3.818493103608489,shared_2l_1pool
4722,4.50381706468761,0.5693510174751282,3.827436128631234,shared_2l_1pool
4723,4.567522089928389,0.5797750782221556,3.875192953273654,shared_2l_1pool
4724,4.615183919668198,0.5942429415881634,3.9128451608121395,shared_2l_1pool
4725,5.94002497382462,1.77161511965096,4.041292006149888,shared_2l_1pool
4726,4.661059007048607,0.5905560683459044,3.9604578632861376,shared_2l_1pool
4727,4.642029060050845,0.5952510982751846,3.9382479153573513,shared_2l_1pool
4728,4.581123823300004,0.571470009163022,3.900822950527072,shared_2l_1pool
4729,4.523830022662878,0.5944801960140467,3.82168497890234,shared_2l_1pool
4730,4.557274980470538,0.59861084446311,3.850847017019987,shared_2l_1pool
4731,4.505920922383666,0.5620880983769894,3.8376539014279842,shared_2l_1pool
4732,4.515954060479999,0.581319909542799,3.820932935923338,shared_2l_1pool
4733,4.636063007637858,0.5845038685947657,3.941743168979883,shared_2l_1pool
4734,4.6604350209236145,0.6022101733833551,3.944461001083255,shared_2l_1pool
4735,4.540354013442993,0.5976790562272072,3.835761919617653,shared_2l_1pool
4736,4.539211979135871,0.6152850110083818,3.816066076979041,shared_2l_1pool
4737,4.524539923295379,0.5825289990752935,3.830546047538519,shared_2l_1pool
4738,4.52279020100832,0.5828519351780415,3.8344450294971466,shared_2l_1pool
4739,4.654749995097518,0.5946520250290632,3.9493630174547434,shared_2l_1pool
4740,4.560769069939852,0.5713950376957655,3.8828637916594744,shared_2l_1pool
4741,5.940269911661744,1.7922690603882074,4.019776126369834,shared_2l_1pool
4742,4.5789561700075865,0.61389384791255,3.854898037388921,shared_2l_1pool
4743,4.574893973767757,0.5879208911210299,3.87727003544569,shared_2l_1pool
4744,4.630811046808958,0.6064372137188911,3.91415785998106,shared_2l_1pool
4745,4.637875827029347,0.6043598987162113,3.924757009372115,shared_2l_1pool
4746,4.609626019373536,0.5850708112120628,3.916812129318714,shared_2l_1pool
4747,4.560194909572601,0.6003039889037609,3.85241094045341,shared_2l_1pool
4748,4.548013210296631,0.5877269431948662,3.853093134239316,shared_2l_1pool
4749,4.59097302518785,0.5901849362999201,3.8922131061553955,shared_2l_1pool
4750,4.543689079582691,0.5911539774388075,3.8428299594670534,shared_2l_1pool
4751,4.589135060086846,0.5940769333392382,3.887650091201067,shared_2l_1pool
4752,4.595519974827766,0.5927439779043198,3.8957090582698584,shared_2l_1pool
4753,4.583569010719657,0.5778209306299686,3.8973221089690924,shared_2l_1pool
4754,4.562510177493095,0.5857718642801046,3.870170097798109,shared_2l_1pool
4755,4.622137872502208,0.5848079454153776,3.925616154447198,shared_2l_1pool
4756,4.593143938109279,0.574593897908926,3.9088900666683912,shared_2l_1pool
4757,5.906203994527459,1.7888869624584913,3.9913859218358994,shared_2l_1pool
4758,4.57851099781692,0.5894661881029606,3.8814127910882235,shared_2l_1pool
4759,4.602164030075073,0.5825040861964226,3.9127939380705357,shared_2l_1pool
4760,4.608985967934132,0.5840321537107229,3.9169189985841513,shared_2l_1pool
4761,4.599831998348236,0.5866349674761295,3.9047980681061745,shared_2l_1pool
4762,4.576413193717599,0.5734639707952738,3.894152818247676,shared_2l_1pool
4763,4.599363077431917,0.5917181260883808,3.900212002918124,shared_2l_1pool
4764,4.59814490750432,0.5752539727836847,3.9152069948613644,shared_2l_1pool
4765,4.56281891092658,0.597730977460742,3.8590559270232916,shared_2l_1pool
4766,4.579148022457957,0.5881190299987793,3.883289871737361,shared_2l_1pool
4767,4.529186990112066,0.5935567896813154,3.82711598649621,shared_2l_1pool
4768,4.530955106019974,0.5812030285596848,3.841795027256012,shared_2l_1pool
4769,4.524213029071689,0.5774840246886015,3.835510928183794,shared_2l_1pool
4770,4.57168510183692,0.5852109752595425,3.875568974763155,shared_2l_1pool
4771,4.620080813765526,0.5732870195060968,3.9401839021593332,shared_2l_1pool
4772,4.6205101534724236,0.5887688603252172,3.92459100112319,shared_2l_1pool
4773,5.905892001464963,1.7783879302442074,4.0020570158958435,shared_2l_1pool
4774,4.579941043630242,0.587852206081152,3.8842339999973774,shared_2l_1pool
4775,4.6104679349809885,0.5910210311412811,3.911490086466074,shared_2l_1pool
4776,4.595634993165731,0.6017270497977734,3.8885478861629963,shared_2l_1pool
4777,4.6168239787220955,0.5754341837018728,3.933053929358721,shared_2l_1pool
4778,4.575351951643825,0.5940450355410576,3.872905857861042,shared_2l_1pool
4779,4.577134968712926,0.572209944948554,3.89940501190722,shared_2l_1pool
4780,4.649678943678737,0.6022411398589611,3.939043963328004,shared_2l_1pool
4781,4.529799800366163,0.576613936573267,3.8451249711215496,shared_2l_1pool
4782,4.558603977784514,0.5747140385210514,3.875110065564513,shared_2l_1pool
4783,4.562786081805825,0.5932908970862627,3.861356060951948,shared_2l_1pool
4784,4.560953006148338,0.5855089984834194,3.8671649526804686,shared_2l_1pool
4785,4.575349157676101,0.5920589901506901,3.8751799147576094,shared_2l_1pool
4786,4.570219898596406,0.5859099328517914,3.876334987580776,shared_2l_1pool
4787,4.661806859076023,0.5990490317344666,3.954283893108368,shared_2l_1pool
4788,4.533572122454643,0.5818391218781471,3.845282830297947,shared_2l_1pool
4789,5.900883115828037,1.769399968907237,3.999197157099843,shared_2l_1pool
4790,4.640636965632439,0.6067110225558281,3.9236799348145723,shared_2l_1pool
4791,4.609579918906093,0.6001919973641634,3.900892101228237,shared_2l_1pool
4792,4.5633879490196705,0.5789981223642826,3.8782889023423195,shared_2l_1pool
4793,4.531875951215625,0.5821099039167166,3.8415261078625917,shared_2l_1pool
4794,4.542695125564933,0.5922450218349695,3.844349179416895,shared_2l_1pool
4795,4.518941044807434,0.590774929150939,3.8238500710576773,shared_2l_1pool
4796,4.545936128124595,0.5828258581459522,3.848426043987274,shared_2l_1pool
4797,4.544614115729928,0.5787329282611609,3.859112970530987,shared_2l_1pool
4798,4.543937044218183,0.5885839927941561,3.8472821470350027,shared_2l_1pool
4799,4.522146889939904,0.5860421806573868,3.8280480075627565,shared_2l_1pool
4800,4.547775955870748,0.5905211437493563,3.8520600646734238,shared_2l_1pool
4801,4.605306079611182,0.575128011405468,3.9226149674504995,shared_2l_1pool
4802,4.602045984938741,0.5957242101430893,3.89740988612175,shared_2l_1pool
4803,4.588922020047903,0.5800141952931881,3.8930349983274937,shared_2l_1pool
4804,4.558614920824766,0.6136761512607336,3.838823875412345,shared_2l_1pool
4805,5.955935921519995,1.7955549992620945,4.032336873933673,shared_2l_1pool
4806,4.567526048049331,0.6106479559093714,3.849996952340007,shared_2l_1pool
4807,4.572586854919791,0.5824610125273466,3.8821438793092966,shared_2l_1pool
4808,4.57999506033957,0.59840502217412,3.873236011713743,shared_2l_1pool
4809,4.645975073799491,0.5977449472993612,3.9399280212819576,shared_2l_1pool
4810,4.603889072313905,0.5903420969843864,3.906519850715995,shared_2l_1pool
4811,4.617692204192281,0.58522610925138,3.9244359359145164,shared_2l_1pool
4812,4.548016935586929,0.5915039218962193,3.848171094432473,shared_2l_1pool
4813,4.512812942266464,0.5930319894105196,3.8110429886728525,shared_2l_1pool
4814,4.530037986114621,0.5765340756624937,3.8472178857773542,shared_2l_1pool
4815,4.589973017573357,0.5864258855581284,3.8962510880082846,shared_2l_1pool
4816,4.537097178399563,0.586637994274497,3.8405300583690405,shared_2l_1pool
4817,4.608146846294403,0.5941169802099466,3.9058211259543896,shared_2l_1pool
4818,4.558067070320249,0.5899420939385891,3.859590971842408,shared_2l_1pool
4819,4.545418778434396,0.5771690048277378,3.860258962959051,shared_2l_1pool
4820,4.556223982945085,0.5921460688114166,3.856938099488616,shared_2l_1pool
4821,5.942454095929861,1.7921000253409147,4.024852998554707,shared_2l_1pool
4822,4.59303380921483,0.5954790394753218,3.8886188995093107,shared_2l_1pool
4823,4.5191149692982435,0.5858170334249735,3.8278321735560894,shared_2l_1pool
4824,4.506054101511836,0.5834081675857306,3.814599011093378,shared_2l_1pool
4825,4.552731988951564,0.5903239361941814,3.855285933241248,shared_2l_1pool
4826,4.534936975687742,0.5823790561407804,3.84404300712049,shared_2l_1pool
4827,4.564138129353523,0.5980019923299551,3.859675955027342,shared_2l_1pool
4828,4.568630130961537,0.5918580573052168,3.8707470521330833,shared_2l_1pool
4829,4.6384260058403015,0.5834961775690317,3.9471848867833614,shared_2l_1pool
4830,4.589118994772434,0.587262911722064,3.8924899417907,shared_2l_1pool
4831,4.532733000814915,0.5834540352225304,3.841172903776169,shared_2l_1pool
4832,4.534339066594839,0.5950119812041521,3.8316240534186363,shared_2l_1pool
4833,4.540621070191264,0.5812030285596848,3.8507040590047836,shared_2l_1pool
4834,4.565533949062228,0.6029841024428606,3.8555238861590624,shared_2l_1pool
4835,4.534233128651977,0.5894841160625219,3.8319609593600035,shared_2l_1pool
4836,4.583107074722648,0.5828188732266426,3.893797053024173,shared_2l_1pool
4837,5.938060814514756,1.7942599952220917,4.015091108158231,shared_2l_1pool
4838,4.577628802508116,0.6103210616856813,3.858362091705203,shared_2l_1pool
4839,4.61094593629241,0.5879679229110479,3.914110129699111,shared_2l_1pool
4840,4.6023589093238115,0.5922820419073105,3.900964977219701,shared_2l_1pool
4841,4.662079969421029,0.5842249374836683,3.972402075305581,shared_2l_1pool
4842,4.571265773847699,0.5883960984647274,3.87396989390254,shared_2l_1pool
4843,4.616437945514917,0.5950180348008871,3.913590917363763,shared_2l_1pool
4844,4.521823953837156,0.5863190162926912,3.830437082797289,shared_2l_1pool
4845,4.536355845630169,0.580853084102273,3.850731998682022,shared_2l_1pool
4846,4.584842128679156,0.6153311114758253,3.8609509356319904,shared_2l_1pool
4847,4.619251936674118,0.5994669627398252,3.914379980415106,shared_2l_1pool
4848,4.56017185933888,0.5920110270380974,3.8611129857599735,shared_2l_1pool
4849,4.544584080576897,0.5806409753859043,3.855534829199314,shared_2l_1pool
4850,4.6162588987499475,0.5990180652588606,3.9086497854441404,shared_2l_1pool
4851,4.620299208909273,0.58344891294837,3.9274950977414846,shared_2l_1pool
4852,4.508747020736337,0.5770069546997547,3.8249650970101357,shared_2l_1pool
4853,5.9183938428759575,1.775478944182396,4.015662940219045,shared_2l_1pool
4854,4.574486054480076,0.5980110727250576,3.8695179391652346,shared_2l_1pool
4855,4.54575102776289,0.5960769485682249,3.8423689547926188,shared_2l_1pool
4856,4.540120949968696,0.5972171202301979,3.8300659507513046,shared_2l_1pool
4857,4.531390964984894,0.5863439291715622,3.838310018181801,shared_2l_1pool
4858,4.494322929531336,0.586348120123148,3.802604041993618,shared_2l_1pool
4859,4.550267942249775,0.5861930549144745,3.8558009546250105,shared_2l_1pool
4860,4.610083997249603,0.5985309835523367,3.9010539185255766,shared_2l_1pool
4861,4.606421105563641,0.5786928813904524,3.9204019121825695,shared_2l_1pool
4862,4.61762398481369,0.5893330089747906,3.9226170629262924,shared_2l_1pool
4863,4.603049950674176,0.5925099831074476,3.898870898410678,shared_2l_1pool
4864,4.562142072245479,0.5909639876335859,3.8659649435430765,shared_2l_1pool
4865,4.524040035903454,0.5874349735677242,3.829654073342681,shared_2l_1pool
4866,4.519878886640072,0.5805110558867455,3.834356088191271,shared_2l_1pool
4867,4.624487133696675,0.594184035435319,3.9243160281330347,shared_2l_1pool
4868,4.529713885858655,0.5778931081295013,3.8459040224552155,shared_2l_1pool
4869,5.915716057643294,1.7767560202628374,4.009099910035729,shared_2l_1pool
4870,4.604489076882601,0.6114421412348747,3.883377881720662,shared_2l_1pool
4871,4.558422835543752,0.6012930534780025,3.8494688924402,shared_2l_1pool
4872,4.551043035462499,0.5908349994570017,3.846724983304739,shared_2l_1pool
4873,4.562382819131017,0.5929269827902317,3.8607448805123568,shared_2l_1pool
4874,4.59527294151485,0.5813171155750751,3.907545004040003,shared_2l_1pool
4875,4.591176053509116,0.5927460733801126,3.8903718814253807,shared_2l_1pool
4876,4.660309990867972,0.6016839761286974,3.9499918930232525,shared_2l_1pool
4877,4.548096098005772,0.5892089102417231,3.8520859088748693,shared_2l_1pool
4878,4.621515050530434,0.5805680993944407,3.932660911232233,shared_2l_1pool
4879,4.554325947538018,0.5819650832563639,3.864157013595104,shared_2l_1pool
4880,4.562286892905831,0.5970078054815531,3.8592051714658737,shared_2l_1pool
4881,4.525193944573402,0.576455844566226,3.8421100471168756,shared_2l_1pool
4882,4.528923891484737,0.591952120885253,3.8286468479782343,shared_2l_1pool
4883,4.635268822312355,0.6013188976794481,3.927340032532811,shared_2l_1pool
4884,4.667822038754821,0.597239937633276,3.957641078159213,shared_2l_1pool
4885,5.9284919407218695,1.8009650520980358,3.999259090051055,shared_2l_1pool
4886,4.610399948433042,0.6279109511524439,3.8769361563026905,shared_2l_1pool
4887,4.55107307061553,0.5796551704406738,3.8639470003545284,shared_2l_1pool
4888,4.5741049107164145,0.5978110712021589,3.8692390080541372,shared_2l_1pool
4889,4.5768271666020155,0.5913597997277975,3.8777391891926527,shared_2l_1pool
4890,4.618447972461581,0.6148128304630518,3.8949560839682817,shared_2l_1pool
4891,4.603971028700471,0.597432954236865,3.8999789394438267,shared_2l_1pool
4892,4.5597911812365055,0.5888580344617367,3.864880884066224,shared_2l_1pool
4893,4.535789834335446,0.5869390442967415,3.8411139976233244,shared_2l_1pool
4894,4.556464031338692,0.5899330135434866,3.859729040414095,shared_2l_1pool
4895,4.607159178704023,0.5918371025472879,3.9079480338841677,shared_2l_1pool
4896,4.530173959210515,0.5904680583626032,3.833971917629242,shared_2l_1pool
4897,4.533718107268214,0.594190089032054,3.833605907857418,shared_2l_1pool
4898,4.534959094598889,0.5931551568210125,3.8292238023132086,shared_2l_1pool
4899,4.607307026162744,0.589550007134676,3.9097401313483715,shared_2l_1pool
4900,4.54301992431283,0.5956878885626793,3.8409531116485596,shared_2l_1pool
4901,5.882106954231858,1.7760188784450293,3.9786731358617544,shared_2l_1pool
4902,4.567227093502879,0.5960860289633274,3.8646720349788666,shared_2l_1pool
4903,4.53972490504384,0.5933069624006748,3.840664867311716,shared_2l_1pool
4904,4.575805040076375,0.5867730360478163,3.8826498202979565,shared_2l_1pool
4905,4.5402320101857185,0.5846088752150536,3.849355038255453,shared_2l_1pool
4906,4.5320820063352585,0.5841678939759731,3.8445270620286465,shared_2l_1pool
4907,4.592273151502013,0.5880368407815695,3.900056006386876,shared_2l_1pool
4908,4.6361819840967655,0.6110351532697678,3.9168859366327524,shared_2l_1pool
4909,4.547252785414457,0.5855199415236712,3.8553751073777676,shared_2l_1pool
4910,4.57942089997232,0.5818400532007217,3.8899199571460485,shared_2l_1pool
4911,4.5515489764511585,0.5812461022287607,3.8634859956800938,shared_2l_1pool
4912,4.543818067759275,0.5823180545121431,3.8537648506462574,shared_2l_1pool
4913,4.551840014755726,0.5886279977858067,3.8565490394830704,shared_2l_1pool
4914,4.591313889250159,0.596913043409586,3.8869758136570454,shared_2l_1pool
4915,4.614199046045542,0.6046581547707319,3.9023910649120808,shared_2l_1pool
4916,4.551104968413711,0.5911109037697315,3.8517999928444624,shared_2l_1pool
4917,5.93300093896687,1.784536987543106,4.008175805211067,shared_2l_1pool
4918,4.607717972248793,0.6052609533071518,3.8909378927201033,shared_2l_1pool
4919,4.637111909687519,0.6039270665496588,3.925307886675,shared_2l_1pool
4920,4.569424083456397,0.5990650970488787,3.862605895847082,shared_2l_1pool
4921,4.587822128087282,0.5992648657411337,3.8821350317448378,shared_2l_1pool
4922,4.56352811306715,0.5811310838907957,3.872866975143552,shared_2l_1pool
4923,4.604401998221874,0.6001100409775972,3.8967891596257687,shared_2l_1pool
4924,4.628317896276712,0.591685064136982,3.9286210667341948,shared_2l_1pool
4925,4.590380005538464,0.5905879661440849,3.891637083142996,shared_2l_1pool
4926,4.571706987917423,0.6104731000959873,3.8544258568435907,shared_2l_1pool
4927,4.62652905844152,0.5964410956948996,3.921251045539975,shared_2l_1pool
4928,4.6425750479102135,0.5927879828959703,3.9391100872308016,shared_2l_1pool
4929,4.5909329783171415,0.5891390610486269,3.8943360559642315,shared_2l_1pool
4930,4.565002163872123,0.5845490377396345,3.867776831611991,shared_2l_1pool
4931,4.562485963106155,0.5913139320909977,3.8635339587926865,shared_2l_1pool
4932,4.564354894682765,0.5856761708855629,3.871216904371977,shared_2l_1pool
4933,5.9540781658142805,1.7692290712147951,4.0553719736635685,shared_2l_1pool
4934,4.6254361514002085,0.6194279994815588,3.8955260533839464,shared_2l_1pool
4935,4.580294946208596,0.5977400578558445,3.8733091205358505,shared_2l_1pool
4936,4.558542976155877,0.5990189965814352,3.85258998721838,shared_2l_1pool
4937,4.574742168188095,0.6236829794943333,3.841963829472661,shared_2l_1pool
4938,4.540449939668179,0.5854589398950338,3.849275875836611,shared_2l_1pool
4939,4.545999923720956,0.6022260058671236,3.838124917820096,shared_2l_1pool
4940,4.526922013610601,0.5872191395610571,3.8351090624928474,shared_2l_1pool
4941,4.60510584525764,0.6014509126543999,3.8972310721874237,shared_2l_1pool
4942,4.615160869434476,0.5881180986762047,3.9211020339280367,shared_2l_1pool
4943,4.552791127935052,0.5930119659751654,3.853366943076253,shared_2l_1pool
4944,4.5319730415940285,0.5837709177285433,3.8418869953602552,shared_2l_1pool
4945,4.530046135187149,0.587057089433074,3.8333579432219267,shared_2l_1pool
4946,4.6115058939903975,0.5893718916922808,3.915040986612439,shared_2l_1pool
4947,4.605707013979554,0.5725291557610035,3.9261418860405684,shared_2l_1pool
4948,4.540277877822518,0.5846838466823101,3.8482090458273888,shared_2l_1pool
4949,5.926776910200715,1.774179982021451,4.026872105896473,shared_2l_1pool
4950,4.575349157676101,0.6012939848005772,3.86549299582839,shared_2l_1pool
4951,4.545280011370778,0.6015188992023468,3.836349118500948,shared_2l_1pool
4952,4.522902192547917,0.5800158251076937,3.835969138890505,shared_2l_1pool
4953,4.649139009416103,0.6017119158059359,3.9429599419236183,shared_2l_1pool
4954,4.621024942025542,0.5927570164203644,3.9211150724440813,shared_2l_1pool
4955,4.5681188348680735,0.5833951290696859,3.87840298935771,shared_2l_1pool
4956,4.545368021354079,0.5840200465172529,3.8521860260516405,shared_2l_1pool
4957,4.565980052575469,0.5872291512787342,3.8729868829250336,shared_2l_1pool
4958,4.555536899715662,0.6129490211606026,3.837195923551917,shared_2l_1pool
4959,4.531562095507979,0.5918268579989672,3.8355879951268435,shared_2l_1pool
4960,4.5400511007755995,0.5953281652182341,3.8387589156627655,shared_2l_1pool
4961,4.561899928376079,0.6144409999251366,3.8390590343624353,shared_2l_1pool
4962,4.605995956808329,0.5940028931945562,3.9061170537024736,shared_2l_1pool
4963,4.543279064819217,0.5896310321986675,3.8479689974337816,shared_2l_1pool
4964,4.526804201304913,0.5789780989289284,3.8423449732363224,shared_2l_1pool
4965,5.990971112623811,1.7775599844753742,4.087761975824833,shared_2l_1pool
4966,4.619766026735306,0.6156160961836576,3.8939430378377438,shared_2l_1pool
4967,4.63938619941473,0.5968748591840267,3.937612986192107,shared_2l_1pool
4968,4.634787095710635,0.6084179040044546,3.91956209205091,shared_2l_1pool
4969,4.649928072467446,0.6041340529918671,3.937298897653818,shared_2l_1pool
4970,4.650891060009599,0.5912280175834894,3.9404979906976223,shared_2l_1pool
4971,4.612504038959742,0.5878861993551254,3.916253801435232,shared_2l_1pool
4972,4.621975822374225,0.6024788599461317,3.912904066964984,shared_2l_1pool
4973,4.650983959436417,0.6068360526114702,3.937002969905734,shared_2l_1pool
4974,4.654651042073965,0.5962438881397247,3.9475460071116686,shared_2l_1pool
4975,4.557296168059111,0.6015920080244541,3.84852709248662,shared_2l_1pool
4976,4.571520024910569,0.5882910918444395,3.875721013173461,shared_2l_1pool
4977,4.551596008241177,0.5859341472387314,3.857671981677413,shared_2l_1pool
4978,4.624612163752317,0.578960869461298,3.9379161316901445,shared_2l_1pool
4979,4.585082875564694,0.5739780608564615,3.9036229718476534,shared_2l_1pool
4980,4.5713570434600115,0.6008860655128956,3.8582319393754005,shared_2l_1pool
4981,5.950452061370015,1.7831199802458286,4.037366947159171,shared_2l_1pool
4982,4.671091912314296,0.6067329086363316,3.956749103963375,shared_2l_1pool
4983,4.634021082893014,0.6039119325578213,3.922821022570133,shared_2l_1pool
4984,4.662070889025927,0.5818880163133144,3.96595592610538,shared_2l_1pool
4985,4.645597888156772,0.5825229454785585,3.956116968765855,shared_2l_1pool
4986,4.590223077684641,0.6013039965182543,3.880180884152651,shared_2l_1pool
4987,4.658801015466452,0.6147951353341341,3.9360749069601297,shared_2l_1pool
4988,4.576704930514097,0.6161099299788475,3.855495946481824,shared_2l_1pool
4989,4.559701774269342,0.5950909107923508,3.853843081742525,shared_2l_1pool
4990,4.554001148790121,0.5867499858140945,3.8617372047156096,shared_2l_1pool
4991,4.653623094782233,0.5875239148736,3.9587949868291616,shared_2l_1pool
4992,4.56503895111382,0.5922578275203705,3.864947007969022,shared_2l_1pool
4993,4.620186984539032,0.591200077906251,3.923742799088359,shared_2l_1pool
4994,4.539325833320618,0.5827189888805151,3.849521977826953,shared_2l_1pool
4995,4.571727942675352,0.5692450795322657,3.8985530845820904,shared_2l_1pool
4996,4.601666005328298,0.5929800681769848,3.9028890896588564,shared_2l_1pool
4997,5.912238033488393,1.7842210363596678,4.001379944384098,shared_2l_1pool
4998,4.639105871319771,0.6004050374031067,3.9289628621190786,shared_2l_1pool
4999,4.640564788132906,0.6057480350136757,3.9279439952224493,shared_2l_1pool
5000,4.631274845451117,0.5894359201192856,3.932796884328127,shared_2l_1pool
5001,4.601103952154517,0.588415190577507,3.9065219461917877,shared_2l_1pool
5002,4.610941046848893,0.5981829017400742,3.8995370268821716,shared_2l_1pool
5003,4.613245837390423,0.5877050571143627,3.919071052223444,shared_2l_1pool
5004,4.562737885862589,0.5833148024976254,3.8720311131328344,shared_2l_1pool
5005,4.523515934124589,0.5936869420111179,3.8207999896258116,shared_2l_1pool
5006,4.53317491337657,0.5816540215164423,3.8459349889308214,shared_2l_1pool
5007,4.561231005936861,0.6064781919121742,3.849024884402752,shared_2l_1pool
5008,4.596770973876119,0.5782041698694229,3.9119329303503036,shared_2l_1pool
5009,4.572622943669558,0.5894440691918135,3.876962000504136,shared_2l_1pool
5010,4.54102479852736,0.5897909868508577,3.8456751499325037,shared_2l_1pool
5011,4.569589858874679,0.5917779635637999,3.87394311837852,shared_2l_1pool
5012,4.60476684384048,0.5931130144745111,3.908148966729641,shared_2l_1pool
5013,5.917958915233612,1.7780510243028402,4.01402497664094,shared_2l_1pool
5014,4.595004022121429,0.612553209066391,3.8744339253753424,shared_2l_1pool
5015,4.602891858667135,0.6239579524844885,3.8717009592801332,shared_2l_1pool
5016,4.58526099100709,0.5970338825136423,3.881144104525447,shared_2l_1pool
5017,4.619836108759046,0.6030008662492037,3.9101880975067616,shared_2l_1pool
5018,4.621551837772131,0.5950888153165579,3.912388114258647,shared_2l_1pool
5019,4.571590106934309,0.5992979276925325,3.866837127134204,shared_2l_1pool
5020,4.567453870549798,0.5964809097349644,3.8644291926175356,shared_2l_1pool
5021,4.552497994154692,0.5937109235674143,3.853763919323683,shared_2l_1pool
5022,4.610876087099314,0.599903054535389,3.9037929382175207,shared_2l_1pool
5023,4.617600003257394,0.5884931888431311,3.923659911379218,shared_2l_1pool
5024,4.552999045699835,0.5919251125305891,3.8503590039908886,shared_2l_1pool
5025,4.613053053617477,0.5944150034338236,3.9123210590332747,shared_2l_1pool
5026,4.579597152769566,0.6012378726154566,3.8702820893377066,shared_2l_1pool
5027,4.551487043499947,0.6070879753679037,3.8387689273804426,shared_2l_1pool
5028,4.549336154013872,0.5941521376371384,3.850729903206229,shared_2l_1pool
5029,6.197588052600622,2.0455659832805395,4.03020903468132,shared_2l_1pool
5030,4.655356984585524,0.6193020381033421,3.9283009245991707,shared_2l_1pool
5031,4.662201041355729,0.6166049279272556,3.938342910259962,shared_2l_1pool
5032,4.602078814059496,0.603086780756712,3.886569058522582,shared_2l_1pool
5033,4.578610882163048,0.5975281819701195,3.8745689671486616,shared_2l_1pool
5034,4.5632661785930395,0.5920629482716322,3.8647151086479425,shared_2l_1pool
5035,4.6368620824068785,0.5963500589132309,3.9346280973404646,shared_2l_1pool
5036,4.638658137992024,0.6028860807418823,3.929445054382086,shared_2l_1pool
5037,4.601266933605075,0.5883360281586647,3.907199017703533,shared_2l_1pool
5038,4.6114500146359205,0.5838230717927217,3.921627998352051,shared_2l_1pool
5039,4.631304880604148,0.5948850885033607,3.9305537939071655,shared_2l_1pool
5040,4.604364978149533,0.5967591423541307,3.90223297290504,shared_2l_1pool
5041,4.5609488151967525,0.5915709771215916,3.8634981028735638,shared_2l_1pool
5042,4.613436060026288,0.5852968897670507,3.9231041446328163,shared_2l_1pool
5043,4.549460019916296,0.5880570970475674,3.8569460157305,shared_2l_1pool
5044,4.585271002724767,0.6003568414598703,3.8781759794801474,shared_2l_1pool
5045,5.955092143267393,1.8107278738170862,4.017732106149197,shared_2l_1pool
5046,4.661764949560165,0.6063207983970642,3.9460910484194756,shared_2l_1pool
5047,4.602236906066537,0.6019549909979105,3.89441498555243,shared_2l_1pool
5048,4.577446961775422,0.5977537948638201,3.8717840798199177,shared_2l_1pool
5049,4.606467904523015,0.5889169406145811,3.9114970713853836,shared_2l_1pool
5050,4.6251320745795965,0.593084841966629,3.925072029232979,shared_2l_1pool
5051,4.66893007978797,0.6046388298273087,3.953641979023814,shared_2l_1pool
5052,4.605807829648256,0.6005170289427042,3.8981030229479074,shared_2l_1pool
5053,4.588366951793432,0.5911299958825111,3.890611929818988,shared_2l_1pool
5054,4.625105997547507,0.5852030590176582,3.932954976335168,shared_2l_1pool
5055,4.581473069265485,0.60620391741395,3.867842024192214,shared_2l_1pool
5056,4.560597939416766,0.6001431029289961,3.8530940655618906,shared_2l_1pool
5057,4.5743349473923445,0.596117926761508,3.8704390171915293,shared_2l_1pool
5058,4.628655966371298,0.6068730726838112,3.9156831335276365,shared_2l_1pool
5059,4.610413918271661,0.5936359521001577,3.9115550462156534,shared_2l_1pool
5060,4.617792088538408,0.5974080413579941,3.912795102223754,shared_2l_1pool
5061,5.9211289044469595,1.7986590974032879,3.996526123955846,shared_2l_1pool
5062,4.637090023607016,0.6202589720487595,3.8987849839031696,shared_2l_1pool
5063,4.620613064616919,0.6120640318840742,3.8991859182715416,shared_2l_1pool
5064,4.6350848861038685,0.6193090230226517,3.9075969252735376,shared_2l_1pool
5065,4.613033030182123,0.6015850231051445,3.902022959664464,shared_2l_1pool
5066,4.6333749778568745,0.6058348808437586,3.920863149687648,shared_2l_1pool
5067,4.64208796620369,0.5995440296828747,3.936026943847537,shared_2l_1pool
5068,4.58265608176589,0.5957339890301228,3.8799019530415535,shared_2l_1pool
5069,4.56634908914566,0.6029168143868446,3.8560510147362947,shared_2l_1pool
5070,4.548660013824701,0.6004958413541317,3.842526115477085,shared_2l_1pool
5071,4.608212038874626,0.5994150415062904,3.9051901549100876,shared_2l_1pool
5072,4.587735049426556,0.5986629985272884,3.882847959175706,shared_2l_1pool
5073,4.61784889921546,0.5970809143036604,3.914640983566642,shared_2l_1pool
5074,4.588653100654483,0.5879939999431372,3.893786109983921,shared_2l_1pool
5075,4.611988086253405,0.5994390230625868,3.906060941517353,shared_2l_1pool
5076,4.583332920446992,0.5907849408686161,3.883735043928027,shared_2l_1pool
5077,5.939933005720377,1.7714169807732105,4.042608896270394,shared_2l_1pool
5078,4.613783909007907,0.6247758865356445,3.8807971868664026,shared_2l_1pool
5079,4.5752390287816525,0.5966629832983017,3.870944958180189,shared_2l_1pool
5080,4.586566938087344,0.6015989929437637,3.8759829476475716,shared_2l_1pool
5081,4.557297099381685,0.583504093810916,3.8673789240419865,shared_2l_1pool
5082,4.596882965415716,0.5962529685348272,3.8894000463187695,shared_2l_1pool
5083,4.599139094352722,0.6075650453567505,3.879392985254526,shared_2l_1pool
5084,4.651900148019195,0.5994061939418316,3.944012802094221,shared_2l_1pool
5085,4.660995909944177,0.6015140097588301,3.9512349758297205,shared_2l_1pool
5086,4.615528974682093,0.6101129110902548,3.895518137142062,shared_2l_1pool
5087,4.643928958103061,0.5913800559937954,3.9456968661397696,shared_2l_1pool
5088,4.609144991263747,0.6026690825819969,3.8998578675091267,shared_2l_1pool
5089,4.620322957634926,0.5845308769494295,3.930312115699053,shared_2l_1pool
5090,4.542903043329716,0.5873178597539663,3.8477000780403614,shared_2l_1pool
5091,4.555776948109269,0.6025480106472969,3.8420080672949553,shared_2l_1pool
5092,4.543643910437822,0.5865490529686213,3.8530901074409485,shared_2l_1pool
5093,5.959025118499994,1.7862890381366014,4.045373992994428,shared_2l_1pool
5094,4.63194795884192,0.611898023635149,3.9107310585677624,shared_2l_1pool
5095,4.61061205714941,0.6028320640325546,3.8970480673015118,shared_2l_1pool
5096,4.583247005939484,0.6130060646682978,3.8640990387648344,shared_2l_1pool
5097,4.574656952172518,0.603412976488471,3.8638010155409575,shared_2l_1pool
5098,4.602873930707574,0.6171129643917084,3.876898204907775,shared_2l_1pool
5099,4.588857060298324,0.6118360906839371,3.8695139810442924,shared_2l_1pool
5100,4.575933096930385,0.5956951063126326,3.8737929426133633,shared_2l_1pool
5101,4.635972902178764,0.6034048274159431,3.9241730701178312,shared_2l_1pool
5102,4.646823043003678,0.6059498991817236,3.9336520712822676,shared_2l_1pool
5103,4.636301891878247,0.5815478507429361,3.9484291337430477,shared_2l_1pool
5104,4.639443010091782,0.59500802308321,3.937200177460909,shared_2l_1pool
5105,4.598088096827269,0.5989228375256062,3.8935141637921333,shared_2l_1pool
5106,4.589650081470609,0.5996350664645433,3.8825380615890026,shared_2l_1pool
5107,4.586123861372471,0.6020008586347103,3.8796800654381514,shared_2l_1pool
5108,4.589810036122799,0.5873800255358219,3.8940878584980965,shared_2l_1pool
5109,5.947767058387399,1.7983741126954556,4.021680913865566,shared_2l_1pool
5110,4.6022869646549225,0.6193299777805805,3.8753189146518707,shared_2l_1pool
5111,4.5958401169627905,0.6036418490111828,3.886695019900799,shared_2l_1pool
5112,4.647679859772325,0.6148689426481724,3.9266759995371103,shared_2l_1pool
5113,4.6199599746614695,0.5995079409331083,3.912423038855195,shared_2l_1pool
5114,4.652529023587704,0.6079741287976503,3.9384178817272186,shared_2l_1pool
5115,4.626414971426129,0.5972168873995543,3.922617994248867,shared_2l_1pool
5116,4.656275967136025,0.6169390399008989,3.9315009489655495,shared_2l_1pool
5117,4.565769108012319,0.585596077144146,3.875148016959429,shared_2l_1pool
5118,4.6425259206444025,0.6011389195919037,3.9339251816272736,shared_2l_1pool
5119,4.594430094584823,0.5957239773124456,3.891898086294532,shared_2l_1pool
5120,4.582694033160806,0.6075350102037191,3.869488835334778,shared_2l_1pool
5121,4.576497012749314,0.5988059565424919,3.8717419374734163,shared_2l_1pool
5122,4.640718922019005,0.5942140705883503,3.939197864383459,shared_2l_1pool
5123,4.672677023336291,0.6036560516804457,3.9605291094630957,shared_2l_1pool
5124,4.579899134114385,0.5979170091450214,3.875515889376402,shared_2l_1pool
5125,5.933156004175544,1.7600839491933584,4.046756075695157,shared_2l_1pool
5126,4.641303094103932,0.601908890530467,3.9260350167751312,shared_2l_1pool
5127,4.665718879550695,0.6107399240136147,3.949836129322648,shared_2l_1pool
5128,4.662265069782734,0.6018939893692732,3.952366067096591,shared_2l_1pool
5129,4.607597133144736,0.6046581547707319,3.8970778696238995,shared_2l_1pool
5130,4.620080115273595,0.5876619834452868,3.9248019456863403,shared_2l_1pool
5131,4.658142104744911,0.5943309515714645,3.956475993618369,shared_2l_1pool
5132,4.703382961452007,0.6081562023609877,3.9889318868517876,shared_2l_1pool
5133,4.659170052036643,0.6090379320085049,3.94384004175663,shared_2l_1pool
5134,4.588068928569555,0.5857681389898062,3.895596833899617,shared_2l_1pool
5135,4.615149926394224,0.6152098067104816,3.8948191795498133,shared_2l_1pool
5136,4.6119969338178635,0.6010790821164846,3.8996769580990076,shared_2l_1pool
5137,4.651180002838373,0.5859159864485264,3.958665067330003,shared_2l_1pool
5138,4.656965145841241,0.6029850337654352,3.9484091103076935,shared_2l_1pool
5139,4.6629339922219515,0.5977300461381674,3.955072956159711,shared_2l_1pool
5140,4.672660958021879,0.5992490332573652,3.9667519740760326,shared_2l_1pool
5141,5.949597805738449,1.787921879440546,4.0363711304962635,shared_2l_1pool
5142,4.66246297582984,0.6247030105441809,3.929085098206997,shared_2l_1pool
5143,4.6056280843913555,0.5993731319904327,3.9007188752293587,shared_2l_1pool
5144,4.624461987987161,0.6017081905156374,3.9083759766072035,shared_2l_1pool
5145,4.636917961761355,0.6062088068574667,3.923670155927539,shared_2l_1pool
5146,4.663018975406885,0.5961451679468155,3.9566608611494303,shared_2l_1pool
5147,4.665446002036333,0.6101978942751884,3.948675002902746,shared_2l_1pool
5148,4.623159999027848,0.6188629195094109,3.8979731034487486,shared_2l_1pool
5149,4.596837796270847,0.592587050050497,3.898503025993705,shared_2l_1pool
5150,4.591253120452166,0.606511952355504,3.8775959983468056,shared_2l_1pool
5151,4.590716911479831,0.6013980600982904,3.8746141362935305,shared_2l_1pool
5152,4.629048984497786,0.5984569434076548,3.9211020339280367,shared_2l_1pool
5153,4.6409061178565025,0.610570888966322,3.9235001895576715,shared_2l_1pool
5154,4.637792007997632,0.5948338657617569,3.936503082513809,shared_2l_1pool
5155,4.620146006345749,0.6112151313573122,3.9025340229272842,shared_2l_1pool
5156,4.605829948559403,0.6142500787973404,3.8849820848554373,shared_2l_1pool
5157,5.974049214273691,1.7914341297000647,4.0539768524467945,shared_2l_1pool
5158,4.697249038144946,0.6270518060773611,3.9607451763004065,shared_2l_1pool
5159,4.664754029363394,0.6113089621067047,3.9463911671191454,shared_2l_1pool
5160,4.665544023737311,0.6119408644735813,3.947286168113351,shared_2l_1pool
5161,4.684274084866047,0.6054688710719347,3.969289129599929,shared_2l_1pool
5162,4.635561956092715,0.6143650971353054,3.9141359739005566,shared_2l_1pool
5163,4.58241393789649,0.5906547885388136,3.884037025272846,shared_2l_1pool
5164,4.594173980876803,0.5992369260638952,3.8872628938406706,shared_2l_1pool
5165,4.600364016368985,0.6043210159987211,3.8905709516257048,shared_2l_1pool
5166,4.585267044603825,0.5866661667823792,3.892506007105112,shared_2l_1pool
5167,4.589336924254894,0.6021780427545309,3.8811168633401394,shared_2l_1pool
5168,4.583029076457024,0.6028260104358196,3.87535709887743,shared_2l_1pool
5169,4.6140330377966166,0.5971849896013737,3.910984843969345,shared_2l_1pool
5170,4.6747662127017975,0.6035391706973314,3.964046947658062,shared_2l_1pool
5171,4.624989116564393,0.603729160502553,3.917634952813387,shared_2l_1pool
5172,4.609338007867336,0.5990380886942148,3.9055240340530872,shared_2l_1pool
5173,5.947996163740754,1.7881679814308882,4.035036079585552,shared_2l_1pool
5174,4.632994998246431,0.6114230491220951,3.914507804438472,shared_2l_1pool
5175,4.597801016643643,0.5918850656598806,3.900555893778801,shared_2l_1pool
5176,4.591205157339573,0.5980189889669418,3.887898987159133,shared_2l_1pool
5177,4.613981116563082,0.6041100714355707,3.9039128459990025,shared_2l_1pool
5178,4.58479393273592,0.5813098978251219,3.897805931046605,shared_2l_1pool
5179,4.604016896337271,0.600447878241539,3.8984990678727627,shared_2l_1pool
5180,4.598791943863034,0.5943609867244959,3.894501132890582,shared_2l_1pool
5181,4.600580083206296,0.6058821454644203,3.8899779319763184,shared_2l_1pool
5182,4.651798866689205,0.5986199248582125,3.9452710188925266,shared_2l_1pool
5183,4.596311133354902,0.5948201287537813,3.8958420045673847,shared_2l_1pool
5184,4.594950005412102,0.600052997469902,3.8878389168530703,shared_2l_1pool
5185,4.591121105477214,0.5991121288388968,3.8872009608894587,shared_2l_1pool
5186,4.673904040828347,0.6094370037317276,3.95763898268342,shared_2l_1pool
5187,4.658517194911838,0.6037340499460697,3.9478458929806948,shared_2l_1pool
5188,4.682397935539484,0.6052649114280939,3.9652232080698013,shared_2l_1pool
5189,5.923237185925245,1.7677510622888803,4.028555005788803,shared_2l_1pool
5190,4.691061796620488,0.6219788920134306,3.9615400601178408,shared_2l_1pool
5191,4.684879910200834,0.6180079653859138,3.959823166951537,shared_2l_1pool
5192,4.699615994468331,0.6199800409376621,3.970931051298976,shared_2l_1pool
5193,4.6362499706447124,0.5945339798927307,3.934303065761924,shared_2l_1pool
5194,4.6662199310958385,0.6087911315262318,3.9494659285992384,shared_2l_1pool
5195,4.667738219723105,0.5885311402380466,3.966975025832653,shared_2l_1pool
5196,4.664961947128177,0.5998611450195312,3.9583740290254354,shared_2l_1pool
5197,4.64640511199832,0.6109941750764847,3.9279679767787457,shared_2l_1pool
5198,4.595208913087845,0.5962199065834284,3.891183063387871,shared_2l_1pool
5199,4.601766820997,0.6013719830662012,3.8948820438236,shared_2l_1pool
5200,4.616783931851387,0.6074449047446251,3.903235075995326,shared_2l_1pool
5201,4.597182851284742,0.5955810192972422,3.8983330596238375,shared_2l_1pool
5202,4.66523296199739,0.6012790836393833,3.95752489566803,shared_2l_1pool
5203,4.664494888857007,0.6062309257686138,3.953636856749654,shared_2l_1pool
5204,4.665049025788903,0.5941130220890045,3.9624448399990797,shared_2l_1pool
5205,5.9488629922270775,1.7922059632837772,4.029241856187582,shared_2l_1pool
5206,4.651597933843732,0.6265752017498016,3.9170337840914726,shared_2l_1pool
5207,4.614467965438962,0.6127180531620979,3.893963061273098,shared_2l_1pool
5208,4.611362004652619,0.5921309348195791,3.9119210559874773,shared_2l_1pool
5209,4.606262082234025,0.6061689928174019,3.8950969465076923,shared_2l_1pool
5210,4.636880941689014,0.5984480958431959,3.930184058845043,shared_2l_1pool
5211,4.5985449105501175,0.602934043854475,3.8895360194146633,shared_2l_1pool
5212,4.613819066435099,0.6093180272728205,3.897302085533738,shared_2l_1pool
5213,4.661356098949909,0.589543953537941,3.966389922425151,shared_2l_1pool
5214,4.59165801294148,0.5981160793453455,3.8876598700881004,shared_2l_1pool
5215,4.618264967575669,0.6010138895362616,3.9070770144462585,shared_2l_1pool
5216,4.61231404915452,0.6075489800423384,3.8967360742390156,shared_2l_1pool
5217,4.601344931870699,0.6003619637340307,3.8933749310672283,shared_2l_1pool
5218,4.58648893982172,0.5977400578558445,3.8813878782093525,shared_2l_1pool
5219,4.591748118400574,0.6046709604561329,3.880914067849517,shared_2l_1pool
5220,4.58025187253952,0.5950520280748606,3.875389927998185,shared_2l_1pool
5221,5.986824166029692,1.8038831185549498,4.050688818097115,shared_2l_1pool
5222,4.682027967646718,0.6170340348035097,3.956301836296916,shared_2l_1pool
5223,4.665831103920937,0.6096879951655865,3.9476349484175444,shared_2l_1pool
5224,4.625624977052212,0.6070979870855808,3.9078490808606148,shared_2l_1pool
5225,4.673218121752143,0.6033871322870255,3.961498849093914,shared_2l_1pool
5226,4.640083061531186,0.6199958734214306,3.9110351353883743,shared_2l_1pool
5227,4.716587020084262,0.6028099451214075,3.9424309507012367,shared_2l_1pool
5228,4.699478158727288,0.6107999943196774,3.9649768732488155,shared_2l_1pool
5229,4.668695852160454,0.6208070553839207,3.94268287345767,shared_2l_1pool
5230,4.686143947765231,0.6106661166995764,3.968043951317668,shared_2l_1pool
5231,4.6536719892174006,0.5927849560976028,3.9534291718155146,shared_2l_1pool
5232,4.655638942494988,0.6189309060573578,3.9309989660978317,shared_2l_1pool
5233,4.658124875277281,0.5997309926897287,3.9506470784544945,shared_2l_1pool
5234,4.672104958444834,0.5939940456300974,3.9706709794700146,shared_2l_1pool
5235,4.62510297074914,0.6075028795748949,3.9112961385399103,shared_2l_1pool
5236,4.5941348653286695,0.6055380217730999,3.882025834172964,shared_2l_1pool
5237,6.004893919453025,1.7990360502153635,4.077316028997302,shared_2l_1pool
5238,4.716617055237293,0.6221549119800329,3.9876450318843126,shared_2l_1pool
5239,4.6905409544706345,0.6271139718592167,3.9587528444826603,shared_2l_1pool
5240,4.686807980760932,0.6286408752202988,3.9504810702055693,shared_2l_1pool
5241,4.640518222004175,0.5984820891171694,3.93578689545393,shared_2l_1pool
5242,4.63797221891582,0.6205271929502487,3.9088858757168055,shared_2l_1pool
5243,4.608488874509931,0.6070081144571304,3.8917409256100655,shared_2l_1pool
5244,4.629612900316715,0.6145099177956581,3.9096479304134846,shared_2l_1pool
5245,4.619138082489371,0.6174379959702492,3.895927919074893,shared_2l_1pool
5246,4.683877108618617,0.6033871322870255,3.966565942391753,shared_2l_1pool
5247,4.682542057707906,0.6110828835517168,3.9636800065636635,shared_2l_1pool
5248,4.661625018343329,0.6134349387139082,3.9428051095455885,shared_2l_1pool
5249,4.6145920641720295,0.6048558279871941,3.9042991120368242,shared_2l_1pool
5250,4.617094062268734,0.6031158845871687,3.9066490717232227,shared_2l_1pool
5251,4.624938825145364,0.6091408431529999,3.910014173015952,shared_2l_1pool
5252,4.6197709161788225,0.6094949785619974,3.90505394898355,shared_2l_1pool
5253,5.970666883513331,1.785235945135355,4.058812977746129,shared_2l_1pool
5254,4.636403871700168,0.6196110043674707,3.9084539748728275,shared_2l_1pool
5255,4.636643920093775,0.6089599337428808,3.920078044757247,shared_2l_1pool
5256,4.632034106180072,0.6063380278646946,3.9190989919006824,shared_2l_1pool
5257,4.626933019608259,0.6238929927349091,3.89651907607913,shared_2l_1pool
5258,4.618210950866342,0.6198100745677948,3.891016123816371,shared_2l_1pool
5259,4.639610182493925,0.6158140022307634,3.9168770890682936,shared_2l_1pool
5260,4.635757068172097,0.6222929805517197,3.90891102142632,shared_2l_1pool
5261,4.630945855751634,0.5964799784123898,3.92871699295938,shared_2l_1pool
5262,4.694863921031356,0.6140479817986488,3.971750847995281,shared_2l_1pool
5263,4.6341868583112955,0.619727885350585,3.9070819038897753,shared_2l_1pool
5264,4.6274911146610975,0.6110852118581533,3.90686490572989,shared_2l_1pool
5265,4.6214458998292685,0.6205530371516943,3.8935618940740824,shared_2l_1pool
5266,4.633706994354725,0.6077559664845467,3.9192689582705498,shared_2l_1pool
5267,4.665226209908724,0.5964208394289017,3.9617561269551516,shared_2l_1pool
5268,4.664655076339841,0.6365689914673567,3.921118099242449,shared_2l_1pool
5269,6.014649989083409,1.8248320557177067,4.0609329007565975,shared_2l_1pool
5270,4.666361957788467,0.6376339588314295,3.9158000145107508,shared_2l_1pool
5271,4.654373973608017,0.6126388907432556,3.9335039909929037,shared_2l_1pool
5272,4.688241984695196,0.6123620551079512,3.966680960729718,shared_2l_1pool
5273,4.6815890818834305,0.6087110377848148,3.9647079538553953,shared_2l_1pool
5274,4.664805950596929,0.6026390474289656,3.9539418648928404,shared_2l_1pool
5275,4.643118008971214,0.6113261915743351,3.924555843695998,shared_2l_1pool
5276,4.699682118371129,0.6080740131437778,3.9819851517677307,shared_2l_1pool
5277,4.618070088326931,0.6058139260858297,3.9053100626915693,shared_2l_1pool
5278,4.607029026374221,0.6033640820533037,3.898295806720853,shared_2l_1pool
5279,4.6572089195251465,0.5978860426694155,3.9535551331937313,shared_2l_1pool
5280,4.6697750221937895,0.6021289154887199,3.959225956350565,shared_2l_1pool
5281,4.6640879008919,0.607938040047884,3.9517779368907213,shared_2l_1pool
5282,4.6732688788324594,0.6123259663581848,3.954965155571699,shared_2l_1pool
5283,4.659621044993401,0.6055489648133516,3.9483129512518644,shared_2l_1pool
5284,4.648802801966667,0.6116579752415419,3.928286023437977,shared_2l_1pool
5285,5.998190026730299,1.8184110522270203,4.051379859447479,shared_2l_1pool
5286,4.693553084507585,0.6340800318866968,3.949997015297413,shared_2l_1pool
5287,4.658648977056146,0.6200631614774466,3.9305228274315596,shared_2l_1pool
5288,4.675337113440037,0.6149259861558676,3.952909028157592,shared_2l_1pool
5289,4.67377295717597,0.6191511638462543,3.9493930526077747,shared_2l_1pool
5290,4.681938095018268,0.6070418749004602,3.9687331300228834,shared_2l_1pool
5291,4.644861910492182,0.6075350102037191,3.9318660274147987,shared_2l_1pool
5292,4.627597983926535,0.613135052844882,3.9085838943719864,shared_2l_1pool
5293,4.622296895831823,0.6105299107730389,3.905808087438345,shared_2l_1pool
5294,4.625292960554361,0.6204480305314064,3.899480914697051,shared_2l_1pool
5295,4.627670161426067,0.632931012660265,3.88857489451766,shared_2l_1pool
5296,4.647421883419156,0.6097459699958563,3.931029001250863,shared_2l_1pool
5297,4.67695901170373,0.6249989382922649,3.9459329564124346,shared_2l_1pool
5298,4.674209980294108,0.6209469866007566,3.9480910636484623,shared_2l_1pool
5299,4.664686042815447,0.6032220553606749,3.9543958846479654,shared_2l_1pool
5300,4.655979108065367,0.6050458177924156,3.944374155253172,shared_2l_1pool
5301,5.929757142439485,1.7737830057740211,4.029897972941399,shared_2l_1pool
5302,4.6624362003058195,0.6097168661653996,3.942845156416297,shared_2l_1pool
5303,4.662439925596118,0.6397960241883993,3.917037043720484,shared_2l_1pool
5304,4.682305036112666,0.6277051288634539,3.9472479838877916,shared_2l_1pool
5305,4.6864759642630816,0.6221230141818523,3.9545970503240824,shared_2l_1pool
5306,4.670728929340839,0.6117317825555801,3.9527190383523703,shared_2l_1pool
5307,4.686405882239342,0.6189520936459303,3.9604988414794207,shared_2l_1pool
5308,4.621227039024234,0.6126649677753448,3.9027740713208914,shared_2l_1pool
5309,4.626844078302383,0.6118279416114092,3.905049990862608,shared_2l_1pool
5310,4.6160651836544275,0.6134719587862492,3.8954110350459814,shared_2l_1pool
5311,4.643305903300643,0.6243069656193256,3.9105170872062445,shared_2l_1pool
5312,4.641328938305378,0.5973810330033302,3.9359270595014095,shared_2l_1pool
5313,4.653445910662413,0.6048160139471292,3.9394679479300976,shared_2l_1pool
5314,4.6570878475904465,0.6093638949096203,3.943527117371559,shared_2l_1pool
5315,4.687479929998517,0.6252729799598455,3.954715095460415,shared_2l_1pool
5316,4.687551874667406,0.6129047833383083,3.967069089412689,shared_2l_1pool
5317,5.98611612804234,1.7965231090784073,4.061105893924832,shared_2l_1pool
5318,4.678553203120828,0.6119189783930779,3.95576492883265,shared_2l_1pool
5319,4.697669995948672,0.6089459639042616,3.9815749041736126,shared_2l_1pool
5320,4.685954889282584,0.6274760235100985,3.953685984015465,shared_2l_1pool
5321,4.678860772401094,0.615015160292387,3.953913925215602,shared_2l_1pool
5322,4.662577994167805,0.6262070965021849,3.924580989405513,shared_2l_1pool
5323,4.6601369976997375,0.6241730879992247,3.924165852367878,shared_2l_1pool
5324,4.655165132135153,0.632517971098423,3.911695908755064,shared_2l_1pool
5325,4.629712086170912,0.6069671362638474,3.913226770237088,shared_2l_1pool
5326,4.6647279523313046,0.6299340166151524,3.925976110622287,shared_2l_1pool
5327,4.651769995689392,0.6238981150090694,3.9206440560519695,shared_2l_1pool
5328,4.627394024282694,0.6098758894950151,3.9097070693969727,shared_2l_1pool
5329,4.62731602601707,0.6097061559557915,3.909601829946041,shared_2l_1pool
5330,4.615325015038252,0.6237500347197056,3.8864000234752893,shared_2l_1pool
5331,4.645548993721604,0.6093790289014578,3.9284450467675924,shared_2l_1pool
5332,4.627454094588757,0.6155029404908419,3.904984099790454,shared_2l_1pool
5333,5.985102150589228,1.7909039743244648,4.066074034199119,shared_2l_1pool
5334,4.703114042058587,0.6194030866026878,3.9743869565427303,shared_2l_1pool
5335,4.699713084846735,0.6162980571389198,3.975460072979331,shared_2l_1pool
5336,4.640195984393358,0.6129499524831772,3.9199700113385916,shared_2l_1pool
5337,4.625482019037008,0.6166528910398483,3.8926920387893915,shared_2l_1pool
5338,4.662468098104,0.6206999532878399,3.934137988835573,shared_2l_1pool
5339,4.658684134483337,0.6258510984480381,3.9283018559217453,shared_2l_1pool
5340,4.651187919080257,0.6055498961359262,3.931279992684722,shared_2l_1pool
5341,4.690456902608275,0.6149078253656626,3.9668760728091,shared_2l_1pool
5342,4.663438070565462,0.6081750616431236,3.949357895180583,shared_2l_1pool
5343,4.671670030802488,0.6113380659371614,3.9482261054217815,shared_2l_1pool
5344,4.613883793354034,0.6082560867071152,3.9002089761197567,shared_2l_1pool
5345,4.674897994846106,0.6109941750764847,3.95785691216588,shared_2l_1pool
5346,4.656880861148238,0.6184750236570835,3.9304280653595924,shared_2l_1pool
5347,4.649928072467446,0.6034299731254578,3.941213944926858,shared_2l_1pool
5348,4.658750956878066,0.6142859347164631,3.938394133001566,shared_2l_1pool
5349,5.99595601670444,1.8048270139843225,4.0660148952156305,shared_2l_1pool
5350,4.72242315299809,0.6433238741010427,3.964358940720558,shared_2l_1pool
5351,4.732103087007999,0.618077116087079,4.007475916296244,shared_2l_1pool
5352,4.746914841234684,0.628194073215127,4.010136006399989,shared_2l_1pool
5353,4.754852969199419,0.6279600784182549,4.0192618034780025,shared_2l_1pool
5354,4.7054539900273085,0.6146158557385206,3.984563983976841,shared_2l_1pool
5355,4.759840900078416,0.6318180821835995,4.019377985969186,shared_2l_1pool
5356,4.701660014688969,0.6273600738495588,3.968257922679186,shared_2l_1pool
5357,4.71515697427094,0.6397950928658247,3.97020997479558,shared_2l_1pool
5358,4.761403892189264,0.6411280483007431,4.009075928479433,shared_2l_1pool
5359,4.71894396468997,0.6146980449557304,3.994943108409643,shared_2l_1pool
5360,4.721941892057657,0.624178908765316,3.9926220197230577,shared_2l_1pool
5361,4.747690865769982,0.6184589583426714,4.021269036456943,shared_2l_1pool
5362,4.6758700627833605,0.6039899308234453,3.964063012972474,shared_2l_1pool
5363,4.662959836423397,0.607708003371954,3.9489599876105785,shared_2l_1pool
5364,4.661356098949909,0.6140379700809717,3.9407331496477127,shared_2l_1pool
5365,6.010970799252391,1.7985859885811806,4.085517022758722,shared_2l_1pool
5366,4.715500166639686,0.6335298530757427,3.9709550328552723,shared_2l_1pool
5367,4.7352490946650505,0.6250368896871805,3.996951039880514,shared_2l_1pool
5368,4.725724924355745,0.6341589614748955,3.9839588571339846,shared_2l_1pool
5369,4.708199994638562,0.6138510070741177,3.988951910287142,shared_2l_1pool
5370,4.6680530067533255,0.608501024544239,3.9505769964307547,shared_2l_1pool
5371,4.666118882596493,0.6197160109877586,3.9404621347784996,shared_2l_1pool
5372,4.684270126745105,0.6053010001778603,3.969368990510702,shared_2l_1pool
5373,4.666625987738371,0.6186170503497124,3.940331982448697,shared_2l_1pool
5374,4.711289191618562,0.6324660498648882,3.9704840164631605,shared_2l_1pool
5375,4.6519029419869184,0.6139827892184258,3.932206192985177,shared_2l_1pool
5376,4.6591979917138815,0.6095950957387686,3.9451560005545616,shared_2l_1pool
5377,4.660269012674689,0.6138100288808346,3.9407589938491583,shared_2l_1pool
5378,4.6607020776718855,0.6146139930933714,3.940175985917449,shared_2l_1pool
5379,4.656661069020629,0.6007540505379438,3.952193073928356,shared_2l_1pool
5380,4.682291066274047,0.6340320687741041,3.944823984056711,shared_2l_1pool
5381,6.022650049999356,1.7775518354028463,4.118252079933882,shared_2l_1pool
5382,4.760021110996604,0.6450568325817585,4.003416048362851,shared_2l_1pool
5383,4.7568699810653925,0.6285130511969328,4.020553082227707,shared_2l_1pool
5384,4.755064146593213,0.61985501088202,4.02827188372612,shared_2l_1pool
5385,4.714839858934283,0.6236489862203598,3.9829250890761614,shared_2l_1pool
5386,4.695831099525094,0.6242429371923208,3.9632911793887615,shared_2l_1pool
5387,4.7004688531160355,0.6162750069051981,3.9733750745654106,shared_2l_1pool
5388,4.715692950412631,0.6106819491833448,3.9975710678845644,shared_2l_1pool
5389,4.695774056017399,0.6212850566953421,3.96657083183527,shared_2l_1pool
5390,4.689368885010481,0.6140000186860561,3.9661210030317307,shared_2l_1pool
5391,4.69495914876461,0.6110321264714003,3.9774859324097633,shared_2l_1pool
5392,4.745407961308956,0.6174230948090553,4.0217440109699965,shared_2l_1pool
5393,4.745923914015293,0.6116109434515238,4.026275128126144,shared_2l_1pool
5394,4.741276148706675,0.6136288866400719,4.018921172246337,shared_2l_1pool
5395,4.698954988270998,0.6144160870462656,3.979173954576254,shared_2l_1pool
5396,4.743698984384537,0.6185299716889858,4.0181630756706,shared_2l_1pool
5397,6.075389916077256,1.811027992516756,4.137113923206925,shared_2l_1pool
5398,4.767312901094556,0.6389860063791275,4.01861616410315,shared_2l_1pool
5399,4.713750910013914,0.6115029100328684,3.9967030752450228,shared_2l_1pool
5400,4.742529010400176,0.6117671728134155,4.02337103150785,shared_2l_1pool
5401,4.7495379112660885,0.6352579221129417,4.006236093118787,shared_2l_1pool
5402,4.691665060818195,0.6199141498655081,3.96442087367177,shared_2l_1pool
5403,4.692271817475557,0.6271009333431721,3.9516061078757048,shared_2l_1pool
5404,4.693155875429511,0.6165758240967989,3.9689040277153254,shared_2l_1pool
5405,4.728366853669286,0.6263670511543751,3.9951459039002657,shared_2l_1pool
5406,4.707245854660869,0.6229309365153313,3.97345214150846,shared_2l_1pool
5407,4.692713031545281,0.6220790091902018,3.9640720933675766,shared_2l_1pool
5408,4.690086003392935,0.6212280131876469,3.9641880430281162,shared_2l_1pool
5409,4.729161038994789,0.621048966422677,4.003371112048626,shared_2l_1pool
5410,4.721348872408271,0.5999479908496141,4.0108561515808105,shared_2l_1pool
5411,4.709893139079213,0.6104880012571812,3.9942869916558266,shared_2l_1pool
5412,4.708326887339354,0.6199749186635017,3.9807690773159266,shared_2l_1pool
5413,6.264521973207593,2.0540119148790836,4.083710024133325,shared_2l_1pool
5414,4.79824491776526,0.6393399089574814,4.049487179145217,shared_2l_1pool
5415,4.767554812133312,0.622923020273447,4.035195102915168,shared_2l_1pool
5416,4.737409995868802,0.6101659964770079,4.0201121009886265,shared_2l_1pool
5417,4.7368810046464205,0.610328046604991,4.0230590384453535,shared_2l_1pool
5418,4.740360891446471,0.6159378681331873,4.016653168946505,shared_2l_1pool
5419,4.734729882329702,0.6142680067569017,4.01413906365633,shared_2l_1pool
5420,4.740169970318675,0.611061928793788,4.019323969259858,shared_2l_1pool
5421,4.739372059702873,0.6124719511717558,4.0227489080280066,shared_2l_1pool
5422,4.687752807512879,0.6083669140934944,3.9727480616420507,shared_2l_1pool
5423,4.678855882957578,0.6165660452097654,3.958272049203515,shared_2l_1pool
5424,4.693396855145693,0.6180789787322283,3.9683091454207897,shared_2l_1pool
5425,4.705809056758881,0.6169069092720747,3.980024019256234,shared_2l_1pool
5426,4.742043791338801,0.6182650104165077,4.017614061012864,shared_2l_1pool
5427,4.6752889174968,0.6009410135447979,3.9683091454207897,shared_2l_1pool
5428,4.702130099758506,0.6048399955034256,3.9916818495839834,shared_2l_1pool
5429,6.016307044774294,1.7991878557950258,4.090632079169154,shared_2l_1pool
5430,4.743485013023019,0.6333559285849333,4.00309800170362,shared_2l_1pool
5431,4.743244964629412,0.6404111627489328,3.995582927018404,shared_2l_1pool
5432,4.752833163365722,0.613044947385788,4.027066985145211,shared_2l_1pool
5433,4.730308894068003,0.62337308190763,4.0008139330893755,shared_2l_1pool
5434,4.7032509464770555,0.6172370631247759,3.9768440183252096,shared_2l_1pool
5435,4.685383988544345,0.6203949451446533,3.9591530803591013,shared_2l_1pool
5436,4.68865386210382,0.6123010534793139,3.969258163124323,shared_2l_1pool
5437,4.709484986960888,0.6319289095699787,3.9727031253278255,shared_2l_1pool
5438,4.7347028739750385,0.6206650286912918,4.007759038358927,shared_2l_1pool
5439,4.725371953099966,0.605833949521184,4.012288060039282,shared_2l_1pool
5440,4.698046017438173,0.6150740664452314,3.9770258590579033,shared_2l_1pool
5441,4.689570050686598,0.6123490165919065,3.972108941525221,shared_2l_1pool
5442,4.700641147792339,0.6176079623401165,3.9777280762791634,shared_2l_1pool
5443,4.70818392932415,0.6123578641563654,3.9898830000311136,shared_2l_1pool
5444,4.70612314529717,0.6273749750107527,3.9719559717923403,shared_2l_1pool
5445,6.062102969735861,1.8152808770537376,4.117954056710005,shared_2l_1pool
5446,4.771095933392644,0.6393790245056152,4.02271980419755,shared_2l_1pool
5447,4.743617027997971,0.6245439872145653,4.012154880911112,shared_2l_1pool
5448,4.78128413669765,0.6356840021908283,4.03938814997673,shared_2l_1pool
5449,4.732303088530898,0.6273949984461069,3.99800599552691,shared_2l_1pool
5450,4.706911975517869,0.6273870822042227,3.974403953179717,shared_2l_1pool
5451,4.764826036989689,0.6162170320749283,4.039805848151445,shared_2l_1pool
5452,4.76212496869266,0.6132461130619049,4.040936008095741,shared_2l_1pool
5453,4.76275198161602,0.621468061581254,4.036257974803448,shared_2l_1pool
5454,4.737742943689227,0.6260359659790993,4.005071008577943,shared_2l_1pool
5455,4.789502825587988,0.6339510437101126,4.0468990337103605,shared_2l_1pool
5456,4.763016011565924,0.6123669445514679,4.039459861814976,shared_2l_1pool
5457,4.715736024081707,0.6115720607340336,3.9944809395819902,shared_2l_1pool
5458,4.71044797450304,0.6264520343393087,3.9765629917383194,shared_2l_1pool
5459,4.689049208536744,0.6097550503909588,3.9732579607516527,shared_2l_1pool
5460,4.717023111879826,0.6147311069071293,3.9971009828150272,shared_2l_1pool
5461,6.048083072528243,1.801665872335434,4.120294004678726,shared_2l_1pool
5462,4.742750898003578,0.6450379732996225,3.9889609906822443,shared_2l_1pool
5463,4.710681037977338,0.6236319895833731,3.9775411132723093,shared_2l_1pool
5464,4.738152027130127,0.6228899583220482,4.010337870568037,shared_2l_1pool
5465,4.753426881507039,0.614329008385539,4.031553864479065,shared_2l_1pool
5466,4.755259957164526,0.6267339922487736,4.019628977403045,shared_2l_1pool
5467,4.746550926938653,0.626544002443552,4.014460137113929,shared_2l_1pool
5468,4.7331699170172215,0.6119050085544586,4.0153819136321545,shared_2l_1pool
5469,4.740884993225336,0.6036560516804457,4.031388089060783,shared_2l_1pool
5470,4.754384979605675,0.6245400290936232,4.021216183900833,shared_2l_1pool
5471,4.705572035163641,0.6273179315030575,3.9721871726214886,shared_2l_1pool
5472,4.691431997343898,0.6233931053429842,3.9634169079363346,shared_2l_1pool
5473,4.718797979876399,0.6041559390723705,4.009508062154055,shared_2l_1pool
5474,4.69666114076972,0.6255791522562504,3.9663990028202534,shared_2l_1pool
5475,4.699782934039831,0.6229020655155182,3.9687231183052063,shared_2l_1pool
5476,4.703798796981573,0.6205160170793533,3.977386048063636,shared_2l_1pool
5477,6.067846901714802,1.8063399475067854,4.125264938920736,shared_2l_1pool
5478,4.729632055386901,0.6327161099761724,3.9881349075585604,shared_2l_1pool
5479,4.7118931543082,0.621492974460125,3.982627997174859,shared_2l_1pool
5480,4.712559981271625,0.6345878355205059,3.968125209212303,shared_2l_1pool
5481,4.679925041273236,0.6192100699990988,3.9544079918414354,shared_2l_1pool
5482,4.730883054435253,0.6509320810437202,3.974965075030923,shared_2l_1pool
5483,4.695994779467583,0.6249670404940844,3.964493051171303,shared_2l_1pool
5484,4.68765408731997,0.6183551158756018,3.95762687548995,shared_2l_1pool
5485,4.690105095505714,0.6121760234236717,3.9713780861347914,shared_2l_1pool
5486,4.783769836649299,0.7003250066190958,3.9745429530739784,shared_2l_1pool
5487,4.717434989288449,0.631504924967885,3.9770929142832756,shared_2l_1pool
5488,4.709688946604729,0.6301738321781158,3.970846999436617,shared_2l_1pool
5489,4.7629959881305695,0.6331650074571371,4.022100940346718,shared_2l_1pool
5490,4.752876935526729,0.6251560989767313,4.017909988760948,shared_2l_1pool
5491,4.74102096632123,0.6150559056550264,4.017506027594209,shared_2l_1pool
5492,4.7426121309399605,0.6134700961410999,4.023207817226648,shared_2l_1pool
5493,6.036587059497833,1.818169141188264,4.074309952557087,shared_2l_1pool
5494,4.791803890839219,0.63149887137115,4.05291304923594,shared_2l_1pool
5495,4.7687210608273745,0.6259239744395018,4.032878205180168,shared_2l_1pool
5496,4.756319103762507,0.6309598684310913,4.0170911233872175,shared_2l_1pool
5497,4.77536185644567,0.6240860093384981,4.040991188958287,shared_2l_1pool
5498,4.777637077495456,0.6473558023571968,4.022069973871112,shared_2l_1pool
5499,4.70971898175776,0.6190540734678507,3.9840128738433123,shared_2l_1pool
5500,4.733392037451267,0.6310672033578157,3.9926969911903143,shared_2l_1pool
5501,4.718646872788668,0.6247980054467916,3.9777711499482393,shared_2l_1pool
5502,4.7014479059726,0.6201069336384535,3.974630031734705,shared_2l_1pool
5503,4.7070179134607315,0.6298760417848825,3.9714989252388477,shared_2l_1pool
5504,4.7470261342823505,0.6158349569886923,4.024782916530967,shared_2l_1pool
5505,4.684451036155224,0.6239151116460562,3.9550759829580784,shared_2l_1pool
5506,4.692578921094537,0.6159278564155102,3.970016958191991,shared_2l_1pool
5507,4.694261122494936,0.6157760508358479,3.971890779212117,shared_2l_1pool
5508,4.669015062972903,0.6118400488048792,3.9511530194431543,shared_2l_1pool
5509,6.064312066882849,1.8098161090165377,4.1275660041719675,shared_2l_1pool
5510,4.762334981933236,0.6304981652647257,4.022536799311638,shared_2l_1pool
5511,4.720148164778948,0.6229670252650976,3.9885109290480614,shared_2l_1pool
5512,4.770930157974362,0.636484008282423,4.028372000902891,shared_2l_1pool
5513,4.734003217890859,0.6128412205725908,4.0119718760252,shared_2l_1pool
5514,4.736006027087569,0.6180368363857269,4.0109900292009115,shared_2l_1pool
5515,4.707022802904248,0.6048339419066906,3.993808990344405,shared_2l_1pool
5516,4.740770906209946,0.6275991909205914,4.006458912044764,shared_2l_1pool
5517,4.711532965302467,0.6032930687069893,4.000946879386902,shared_2l_1pool
5518,4.750727908685803,0.6203120574355125,4.021730041131377,shared_2l_1pool
5519,4.772837040945888,0.6296359933912754,4.031474003568292,shared_2l_1pool
5520,4.751987988129258,0.630242982879281,4.015457117930055,shared_2l_1pool
5521,4.734747810289264,0.5909069441258907,4.033958073705435,shared_2l_1pool
5522,4.714762093499303,0.611637020483613,3.994121914729476,shared_2l_1pool
5523,4.718038020655513,0.6245460826903582,3.988398937508464,shared_2l_1pool
5524,4.75547113455832,0.6131930276751518,4.034779965877533,shared_2l_1pool
5525,6.05691596865654,1.823364058509469,4.108112072572112,shared_2l_1pool
5526,4.73415688611567,0.6312511395663023,3.9889849722385406,shared_2l_1pool
5527,4.710537847131491,0.6095999851822853,3.993671853095293,shared_2l_1pool
5528,4.728592000901699,0.6401510909199715,3.9837260264903307,shared_2l_1pool
5529,4.751817090436816,0.6063350010663271,4.040418891236186,shared_2l_1pool
5530,4.763975040987134,0.6143429782241583,4.046058049425483,shared_2l_1pool
5531,4.742200020700693,0.6162240169942379,4.022953100502491,shared_2l_1pool
5532,4.76246397010982,0.625496031716466,4.029560834169388,shared_2l_1pool
5533,4.729385022073984,0.6246510893106461,3.9962290320545435,shared_2l_1pool
5534,4.725475097075105,0.6132849957793951,4.0037790313363075,shared_2l_1pool
5535,4.711309913545847,0.6272410973906517,3.978454042226076,shared_2l_1pool
5536,4.709058906883001,0.6102907937020063,3.9925891906023026,shared_2l_1pool
5537,4.734979011118412,0.6219930946826935,4.005529917776585,shared_2l_1pool
5538,4.715462913736701,0.6237640045583248,3.984407987445593,shared_2l_1pool
5539,4.713572096079588,0.6303908303380013,3.9774130564182997,shared_2l_1pool
5540,4.721661796793342,0.629723072052002,3.985014045611024,shared_2l_1pool
5541,6.026609102264047,1.8032349180430174,4.098513163626194,shared_2l_1pool
5542,4.735539900138974,0.6302990950644016,3.9984420873224735,shared_2l_1pool
5543,4.767265170812607,0.6358788814395666,4.021998960524797,shared_2l_1pool
5544,4.744380945339799,0.6277600768953562,4.007688956335187,shared_2l_1pool
5545,4.76911710575223,0.6432279478758574,4.019480897113681,shared_2l_1pool
5546,4.777091089636087,0.6257439963519573,4.042621934786439,shared_2l_1pool
5547,4.719241987913847,0.6086789071559906,4.002838162705302,shared_2l_1pool
5548,4.740299889817834,0.6198659539222717,4.007630981504917,shared_2l_1pool
5549,4.754592897370458,0.6276960484683514,4.020443884655833,shared_2l_1pool
5550,4.7502280212938786,0.619065947830677,4.023039946332574,shared_2l_1pool
5551,4.736145958304405,0.6106568034738302,4.0198201313614845,shared_2l_1pool
5552,4.718082956969738,0.6153311114758253,3.9917619433254004,shared_2l_1pool
5553,4.707603016868234,0.6286760326474905,3.972104052081704,shared_2l_1pool
5554,4.6983149368315935,0.6265898700803518,3.9669531397521496,shared_2l_1pool
5555,4.729644162580371,0.6045207846909761,4.021198023110628,shared_2l_1pool
5556,4.7403869684785604,0.6087380461394787,4.023206885904074,shared_2l_1pool
5557,6.044942885637283,1.8120089080184698,4.105746978893876,shared_2l_1pool
5558,4.785643890500069,0.6436000112444162,4.032584140077233,shared_2l_1pool
5559,4.7524909023195505,0.6268189754337072,4.014383070170879,shared_2l_1pool
5560,4.771640989929438,0.6305589340627193,4.0313981007784605,shared_2l_1pool
5561,4.747211001813412,0.6111369002610445,4.029157105833292,shared_2l_1pool
5562,4.7765769995749,0.6254829932004213,4.0398258715868,shared_2l_1pool
5563,4.758067894726992,0.6247770506888628,4.025331931188703,shared_2l_1pool
5564,4.755520960316062,0.6143138743937016,4.03694505803287,shared_2l_1pool
5565,4.73798206076026,0.615027965977788,4.013014957308769,shared_2l_1pool
5566,4.761751974001527,0.6607589311897755,3.9909451734274626,shared_2l_1pool
5567,4.714282928034663,0.6329449824988842,3.9700130000710487,shared_2l_1pool
5568,4.7104498371481895,0.615488039329648,3.981837071478367,shared_2l_1pool
5569,4.6897768042981625,0.6029999349266291,3.9791720919311047,shared_2l_1pool
5570,4.720959113910794,0.6227858830243349,3.988472046330571,shared_2l_1pool
5571,4.704207880422473,0.6179700139909983,3.979720175266266,shared_2l_1pool
5572,4.767514066770673,0.6135259754955769,4.045755136758089,shared_2l_1pool
5573,6.009410135447979,1.7927801236510277,4.091104958206415,shared_2l_1pool
5574,4.763731034472585,0.6331838667392731,4.021540051326156,shared_2l_1pool
5575,4.747055936604738,0.6332180928438902,4.006075905635953,shared_2l_1pool
5576,4.743644036352634,0.6317880470305681,4.004303831607103,shared_2l_1pool
5577,4.777716938406229,0.6273300386965275,4.040837986394763,shared_2l_1pool
5578,4.760652082040906,0.6284171249717474,4.024833906441927,shared_2l_1pool
5579,4.711349029093981,0.6180610507726669,3.983992850407958,shared_2l_1pool
5580,4.70368005335331,0.615021912381053,3.981522051617503,shared_2l_1pool
5581,4.741122014820576,0.6258159410208464,4.007402108982205,shared_2l_1pool
5582,4.719490883871913,0.615251949056983,3.9976199623197317,shared_2l_1pool
5583,4.719005199149251,0.6242028903216124,3.9864531718194485,shared_2l_1pool
5584,4.712600028142333,0.6280469242483377,3.9806850254535675,shared_2l_1pool
5585,4.696680000051856,0.6040290463715792,3.9857630617916584,shared_2l_1pool
5586,4.753235960379243,0.641276128590107,4.005667055025697,shared_2l_1pool
5587,4.769650055095553,0.6263968534767628,4.035389982163906,shared_2l_1pool
5588,4.718746989965439,0.6074139382690191,4.000560846179724,shared_2l_1pool
5589,6.070598028600216,1.8058998975902796,4.137407056987286,shared_2l_1pool
5590,4.743061028420925,0.6346150767058134,4.000491928309202,shared_2l_1pool
5591,4.745983984321356,0.6282508838921785,4.009589087218046,shared_2l_1pool
5592,4.7567051369696856,0.6286639254540205,4.019309068098664,shared_2l_1pool
5593,4.7607519663870335,0.6237351335585117,4.028881900012493,shared_2l_1pool
5594,4.7413210850209,0.6286511197686195,4.006507806479931,shared_2l_1pool
5595,4.732694942504168,0.6223318632692099,4.003357142210007,shared_2l_1pool
5596,4.717539995908737,0.6233430467545986,3.987492062151432,shared_2l_1pool
5597,4.717304836958647,0.6154559087008238,3.994446014985442,shared_2l_1pool
5598,4.708753898739815,0.6203940138220787,3.982838010415435,shared_2l_1pool
5599,4.715215181931853,0.6287740543484688,3.978456137701869,shared_2l_1pool
5600,4.723828984424472,0.6302848923951387,3.9863809943199158,shared_2l_1pool
5601,4.756691865622997,0.6263030227273703,4.018888808786869,shared_2l_1pool
5602,4.74498001858592,0.62160799279809,4.016150953248143,shared_2l_1pool
5603,4.734060959890485,0.6192040164023638,4.006301052868366,shared_2l_1pool
5604,4.7342858742922544,0.6203688681125641,4.008240066468716,shared_2l_1pool
5605,6.049704970791936,1.7953070346266031,4.1283839382231236,shared_2l_1pool
5606,4.856247920542955,0.6235879845917225,4.123562015593052,shared_2l_1pool
5607,4.823027877137065,0.6301780231297016,4.079876001924276,shared_2l_1pool
5608,4.808368859812617,0.6066809874027967,4.094664938747883,shared_2l_1pool
5609,4.825799027457833,0.6281828973442316,4.092184128239751,shared_2l_1pool
5610,4.838058026507497,0.6326530128717422,4.095722921192646,shared_2l_1pool
5611,4.794290056452155,0.6323200650513172,4.0534858126193285,shared_2l_1pool
5612,4.763350822031498,0.6263130344450474,4.02443902567029,shared_2l_1pool
5613,4.781268071383238,0.6196228787302971,4.055528901517391,shared_2l_1pool
5614,4.769488936290145,0.6198270712047815,4.043570952489972,shared_2l_1pool
5615,4.827472846955061,0.6258550565689802,4.09506494179368,shared_2l_1pool
5616,4.768767161294818,0.6263209506869316,4.03537810780108,shared_2l_1pool
5617,4.769323160871863,0.6256839260458946,4.038535989820957,shared_2l_1pool
5618,4.824117058888078,0.6187958642840385,4.099084995687008,shared_2l_1pool
5619,4.79209003970027,0.6245740223675966,4.060030914843082,shared_2l_1pool
5620,4.817629000172019,0.6326448637992144,4.077285062521696,shared_2l_1pool
5621,6.037732120603323,1.7750789411365986,4.124979954212904,shared_2l_1pool
5622,4.81229298748076,0.6429259665310383,4.059759201481938,shared_2l_1pool
5623,4.772399086505175,0.6347561720758677,4.031572956591845,shared_2l_1pool
5624,4.76168398745358,0.6342499982565641,4.021842032670975,shared_2l_1pool
5625,4.73983003757894,0.61633693985641,4.015888087451458,shared_2l_1pool
5626,4.76429401896894,0.6436000112444162,4.014333942905068,shared_2l_1pool
5627,4.7373538836836815,0.6204780656844378,4.014202859252691,shared_2l_1pool
5628,4.775074077770114,0.6038427818566561,4.065159009769559,shared_2l_1pool
5629,4.782940028235316,0.6300339009612799,4.048903007060289,shared_2l_1pool
5630,4.7524659894406796,0.6228529382497072,4.0217009373009205,shared_2l_1pool
5631,4.744787933304906,0.6237179040908813,4.015292972326279,shared_2l_1pool
5632,4.735391121357679,0.6137071177363396,4.0156489703804255,shared_2l_1pool
5633,4.777462920174003,0.6499812006950378,4.016080871224403,shared_2l_1pool
5634,4.798325011506677,0.6240080110728741,4.069964867085218,shared_2l_1pool
5635,4.7890120185911655,0.623184023424983,4.059085855260491,shared_2l_1pool
5636,4.746551858261228,0.6206310354173183,4.019316053017974,shared_2l_1pool
5637,6.142969010397792,1.813631970435381,4.200563998892903,shared_2l_1pool
5638,4.806365817785263,0.6293200422078371,4.063060041517019,shared_2l_1pool
5639,4.786598961800337,0.6250920705497265,4.053812939673662,shared_2l_1pool
5640,4.8324300441890955,0.6277710199356079,4.092413932085037,shared_2l_1pool
5641,4.849541001021862,0.6316918879747391,4.110648995265365,shared_2l_1pool
5642,4.851950099691749,0.6383100990206003,4.102600971236825,shared_2l_1pool
5643,4.799148999154568,0.6306399591267109,4.05902904458344,shared_2l_1pool
5644,4.852931015193462,0.6339340470731258,4.112586146220565,shared_2l_1pool
5645,4.830237943679094,0.6225069519132376,4.099841928109527,shared_2l_1pool
5646,4.809694131836295,0.6136891897767782,4.086249973624945,shared_2l_1pool
5647,4.815990105271339,0.6216911133378744,4.090775968506932,shared_2l_1pool
5648,4.855690989643335,0.6467730272561312,4.098657052963972,shared_2l_1pool
5649,4.837461048737168,0.634246040135622,4.09563397988677,shared_2l_1pool
5650,4.783989861607552,0.6256380584090948,4.050313029438257,shared_2l_1pool
5651,4.835441941395402,0.6402339786291122,4.088463960215449,shared_2l_1pool
5652,4.842901136726141,0.6326748989522457,4.103114129975438,shared_2l_1pool
5653,6.0935711953789,1.802185084670782,4.165122983977199,shared_2l_1pool
5654,4.85677202232182,0.6473318208009005,4.101027036085725,shared_2l_1pool
5655,4.820886999368668,0.6294860504567623,4.082486033439636,shared_2l_1pool
5656,4.772495944052935,0.6261579692363739,4.036180209368467,shared_2l_1pool
5657,4.78354305960238,0.6222559604793787,4.052972886711359,shared_2l_1pool
5658,4.795843968167901,0.6236210465431213,4.062857013195753,shared_2l_1pool
5659,4.823862109333277,0.6339559331536293,4.081228980794549,shared_2l_1pool
5660,4.829422105103731,0.6347510498017073,4.088039975613356,shared_2l_1pool
5661,4.832981852814555,0.6360521074384451,4.089239984750748,shared_2l_1pool
5662,4.811693914234638,0.6151329725980759,4.089270019903779,shared_2l_1pool
5663,4.809829872101545,0.6193988956511021,4.0817291010171175,shared_2l_1pool
5664,4.78884088806808,0.6267298012971878,4.055980127304792,shared_2l_1pool
5665,4.77083888836205,0.6241640076041222,4.042065003886819,shared_2l_1pool
5666,4.784383112564683,0.6315528880804777,4.04498097486794,shared_2l_1pool
5667,4.795575980097055,0.6342111155390739,4.052795935422182,shared_2l_1pool
5668,4.815172171220183,0.6363410502672195,4.075750941410661,shared_2l_1pool
5669,6.1267889104783535,1.809088047593832,4.191406071186066,shared_2l_1pool
5670,4.850927973166108,0.63944305293262,4.100949969142675,shared_2l_1pool
5671,4.835831932723522,0.631924020126462,4.098373930901289,shared_2l_1pool
5672,4.849900025874376,0.6288669537752867,4.113761940971017,shared_2l_1pool
5673,4.803880816325545,0.6155348382890224,4.082240164279938,shared_2l_1pool
5674,4.8236551228910685,0.6279828958213329,4.089836962521076,shared_2l_1pool
5675,4.831246100366116,0.6291838362812996,4.094304051250219,shared_2l_1pool
5676,4.822121001780033,0.6266471464186907,4.091645823791623,shared_2l_1pool
5677,4.771034000441432,0.6066509522497654,4.059464205056429,shared_2l_1pool
5678,4.84063196927309,0.6293358746916056,4.103797022253275,shared_2l_1pool
5679,4.790971055626869,0.6275740452110767,4.056967096403241,shared_2l_1pool
5680,4.778085043653846,0.628085108473897,4.043088993057609,shared_2l_1pool
5681,4.845710005611181,0.6346420850604773,4.105455940589309,shared_2l_1pool
5682,4.761748947203159,0.5978590343147516,4.058504942804575,shared_2l_1pool
5683,4.815672989934683,0.6447259802371264,4.061010899022222,shared_2l_1pool
5684,4.8148371279239655,0.6506859790533781,4.056958016008139,shared_2l_1pool
5685,6.103598978370428,1.8109609372913837,4.166960017755628,shared_2l_1pool
5686,4.852463956922293,0.6437390111386776,4.099173005670309,shared_2l_1pool
5687,4.853402962908149,0.6482298485934734,4.097676137462258,shared_2l_1pool
5688,4.827185999602079,0.6233078893274069,4.098061937838793,shared_2l_1pool
5689,4.813582170754671,0.6168601103127003,4.0854220278561115,shared_2l_1pool
5690,4.832811886444688,0.6218878552317619,4.1049751453101635,shared_2l_1pool
5691,4.788066027686,0.6265488918870687,4.05357894487679,shared_2l_1pool
5692,4.810004960745573,0.6289971061050892,4.0726917795836926,shared_2l_1pool
5693,4.79721394367516,0.631122849881649,4.060880048200488,shared_2l_1pool
5694,4.773891065269709,0.6160920020192862,4.050045972689986,shared_2l_1pool
5695,4.816479980945587,0.6311729084700346,4.0780180133879185,shared_2l_1pool
5696,4.833255894482136,0.6344069261103868,4.092967137694359,shared_2l_1pool
5697,4.791107028722763,0.6365359295159578,4.048153990879655,shared_2l_1pool
5698,4.785654135048389,0.6236480548977852,4.0508599486202,shared_2l_1pool
5699,4.7934530302882195,0.6327221635729074,4.048109985888004,shared_2l_1pool
5700,4.7891028225421906,0.6182210054248571,4.065113142132759,shared_2l_1pool
5701,6.13723904825747,1.8001049757003784,4.208331927657127,shared_2l_1pool
5702,4.845893941819668,0.6377159152179956,4.100356018170714,shared_2l_1pool
5703,4.853999940678477,0.642112921923399,4.104703199118376,shared_2l_1pool
5704,4.845374962314963,0.6298781372606754,4.10920986905694,shared_2l_1pool
5705,4.850785946473479,0.6374150980263948,4.106408916413784,shared_2l_1pool
5706,4.841584945097566,0.6258578505367041,4.1075339540839195,shared_2l_1pool
5707,4.8449779860675335,0.6344940047711134,4.103220067918301,shared_2l_1pool
5708,4.786163102835417,0.6208759732544422,4.059844883158803,shared_2l_1pool
5709,4.795614164322615,0.629795016720891,4.059134982526302,shared_2l_1pool
5710,4.792800871655345,0.6424300372600555,4.044726956635714,shared_2l_1pool
5711,4.809182835742831,0.6185940001159906,4.0848469361662865,shared_2l_1pool
5712,4.8367478884756565,0.6314581260085106,4.098757868632674,shared_2l_1pool
5713,4.788432037457824,0.6238711066544056,4.059503087773919,shared_2l_1pool
5714,4.770451923832297,0.624719075858593,4.041158128529787,shared_2l_1pool
5715,4.81946999207139,0.631585018709302,4.0821959264576435,shared_2l_1pool
5716,4.855338018387556,0.6446850020438433,4.103317158296704,shared_2l_1pool
5717,6.1266920529305935,1.8039669375866652,4.199285060167313,shared_2l_1pool
5718,4.833882907405496,0.644447049126029,4.080090904608369,shared_2l_1pool
5719,4.826716147363186,0.6440919823944569,4.076075041666627,shared_2l_1pool
5720,4.782661097124219,0.6185041274875402,4.0591079741716385,shared_2l_1pool
5721,4.789693048223853,0.6354008801281452,4.048794042319059,shared_2l_1pool
5722,4.7815709840506315,0.6156901363283396,4.057378973811865,shared_2l_1pool
5723,4.811120918020606,0.6502720061689615,4.051391966640949,shared_2l_1pool
5724,4.848778946325183,0.6589849945157766,4.08208416774869,shared_2l_1pool
5725,4.854413913562894,0.6560299079865217,4.091365961357951,shared_2l_1pool
5726,4.818035056814551,0.6432069931179285,4.062491003423929,shared_2l_1pool
5727,4.749340005218983,0.62031508423388,4.024242982268333,shared_2l_1pool
5728,4.799763904884458,0.6344208959490061,4.05982811935246,shared_2l_1pool
5729,4.795590182766318,0.62008504755795,4.069475922733545,shared_2l_1pool
5730,4.7980560921132565,0.635787844657898,4.055709112435579,shared_2l_1pool
5731,4.785342141985893,0.6247358396649361,4.053201992064714,shared_2l_1pool
5732,4.837214015424252,0.6427830085158348,4.086334025487304,shared_2l_1pool
5733,6.119724828749895,1.8115120474249125,4.1823610663414,shared_2l_1pool
5734,4.824272822588682,0.6458528805524111,4.070057068020105,shared_2l_1pool
5735,4.838512046262622,0.6457262206822634,4.087353823706508,shared_2l_1pool
5736,4.817993845790625,0.6464289035648108,4.065851913765073,shared_2l_1pool
5737,4.845150047913194,0.6475569680333138,4.08787396736443,shared_2l_1pool
5738,4.8339590430259705,0.6253737956285477,4.101817030459642,shared_2l_1pool
5739,4.818818997591734,0.6234589964151382,4.088857909664512,shared_2l_1pool
5740,4.782158182933927,0.6333368364721537,4.0426000487059355,shared_2l_1pool
5741,4.785500001162291,0.6265740375965834,4.052601987496018,shared_2l_1pool
5742,4.930438008159399,0.6152959540486336,4.209536127746105,shared_2l_1pool
5743,4.781699972227216,0.6379350088536739,4.035894060507417,shared_2l_1pool
5744,4.767426056787372,0.6269118748605251,4.029689123854041,shared_2l_1pool
5745,4.778872011229396,0.6291200406849384,4.046680871397257,shared_2l_1pool
5746,4.830484976992011,0.6303279660642147,4.091073060408235,shared_2l_1pool
5747,4.784900927916169,0.6313370540738106,4.04645293019712,shared_2l_1pool
5748,4.772150190547109,0.640135956928134,4.024527035653591,shared_2l_1pool
5749,6.124769803136587,1.8211440183222294,4.177147056907415,shared_2l_1pool
5750,4.850366152822971,0.6441872101277113,4.099078942090273,shared_2l_1pool
5751,4.843337927013636,0.632918206974864,4.105861997231841,shared_2l_1pool
5752,4.8586530610919,0.6247328128665686,4.124501021578908,shared_2l_1pool
5753,5.193087039515376,0.6260729860514402,4.4615729711949825,shared_2l_1pool
5754,4.788851831108332,0.62369997613132,4.057328915223479,shared_2l_1pool
5755,4.794000880792737,0.6251840386539698,4.0625159163028,shared_2l_1pool
5756,4.8700920306146145,0.6430610083043575,4.117632983252406,shared_2l_1pool
5757,4.81018889695406,0.6417869590222836,4.060409031808376,shared_2l_1pool
5758,4.802927142009139,0.639396021142602,4.056411795318127,shared_2l_1pool
5759,4.860343877226114,0.6213118322193623,4.094318021088839,shared_2l_1pool
5760,5.9095099568367,1.01576279848814,4.778545117005706,shared_2l_1pool
5761,4.8389979638159275,0.6284939590841532,4.1039129719138145,shared_2l_1pool
5762,4.8455120995640755,0.635955948382616,4.103885032236576,shared_2l_1pool
5763,4.840205889195204,0.6397031247615814,4.094426054507494,shared_2l_1pool
5764,4.818585934117436,0.6563139613717794,4.0535288862884045,shared_2l_1pool
5765,7.898441050201654,3.118739929050207,4.6523939818143845,shared_2l_1pool
5766,4.824004136025906,0.6475488189607859,4.06735111027956,shared_2l_1pool
5767,4.845076007768512,0.6362809799611568,4.102198174223304,shared_2l_1pool
5768,4.867349984124303,0.6372591014951468,4.120575962588191,shared_2l_1pool
5769,4.85773291438818,0.639772042632103,4.111775895580649,shared_2l_1pool
5770,4.815381020307541,0.6358709651976824,4.0714440401643515,shared_2l_1pool
5771,4.784241085872054,0.6249139551073313,4.052216885611415,shared_2l_1pool
5772,4.782300908118486,0.6182210054248571,4.05371910892427,shared_2l_1pool
5773,4.8009909223765135,0.6338290404528379,4.061520099639893,shared_2l_1pool
5774,4.828713135793805,0.625120010226965,4.0970719419419765,shared_2l_1pool
5775,4.799394868314266,0.6361850537359715,4.057412967085838,shared_2l_1pool
5776,4.819093970581889,0.6162459030747414,4.097870085388422,shared_2l_1pool
5777,4.830389050766826,0.6341661792248487,4.090065835043788,shared_2l_1pool
5778,4.793340805917978,0.6312071345746517,4.048689967021346,shared_2l_1pool
5779,4.785523982718587,0.6234128959476948,4.054141929373145,shared_2l_1pool
5780,4.83141397126019,0.6253661122173071,4.098604898899794,shared_2l_1pool
5781,6.133244140073657,1.831050030887127,4.177290014922619,shared_2l_1pool
5782,4.845022223889828,0.6513609550893307,4.082591040059924,shared_2l_1pool
5783,4.836871987208724,0.640372047200799,4.08953195437789,shared_2l_1pool
5784,4.865572089329362,0.6495919078588486,4.107370041310787,shared_2l_1pool
5785,4.880174063146114,0.6524620112031698,4.117266042158008,shared_2l_1pool
5786,4.807033110409975,0.6369580514729023,4.061985993757844,shared_2l_1pool
5787,4.792936146259308,0.6383790168911219,4.046259913593531,shared_2l_1pool
5788,4.8024209681898355,0.6281461101025343,4.063298925757408,shared_2l_1pool
5789,4.791334038600326,0.6370109040290117,4.047467140480876,shared_2l_1pool
5790,4.850045079365373,0.6787888705730438,4.064629087224603,shared_2l_1pool
5791,4.779009148478508,0.6314041092991829,4.043310880661011,shared_2l_1pool
5792,4.818380111828446,0.6078849546611309,4.100922029465437,shared_2l_1pool
5793,4.817306064069271,0.6430281791836023,4.06755693256855,shared_2l_1pool
5794,4.78717009536922,0.6371131166815758,4.0435458067804575,shared_2l_1pool
5795,5.1992160733789206,0.63524697907269,4.459593910723925,shared_2l_1pool
5796,4.78777289390564,0.6361110135912895,4.047054098919034,shared_2l_1pool
5797,6.420247023925185,2.0906440913677216,4.201159114018083,shared_2l_1pool
5798,4.881597822532058,0.6607591640204191,4.1103248950093985,shared_2l_1pool
5799,4.863804206252098,0.6503229960799217,4.103953950107098,shared_2l_1pool
5800,5.091733997687697,0.6584520451724529,4.202763084322214,shared_2l_1pool
5801,5.026072962209582,0.8094639051705599,4.098891979083419,shared_2l_1pool
5802,4.825402982532978,0.6461970042437315,4.073625896126032,shared_2l_1pool
5803,4.7952469903975725,0.6403401494026184,4.048690898343921,shared_2l_1pool
5804,4.784648073837161,0.6337850354611874,4.0425630286335945,shared_2l_1pool
5805,4.803906194865704,0.6339529063552618,4.0620730724185705,shared_2l_1pool
5806,4.8929317854344845,0.6338527891784906,4.073068033903837,shared_2l_1pool
5807,5.416609114035964,1.2605630327016115,4.0486708749085665,shared_2l_1pool
5808,4.814608953893185,0.6235388573259115,4.0828511118888855,shared_2l_1pool
5809,4.783771000802517,0.6136591546237469,4.06434596516192,shared_2l_1pool
5810,4.818749148398638,0.6291868630796671,4.08461201004684,shared_2l_1pool
5811,5.027411039918661,0.6423338782042265,4.118398996070027,shared_2l_1pool
5812,6.650102790445089,1.488520996645093,5.0470540300011635,shared_2l_1pool
5813,6.127611035481095,1.8107329960912466,4.191373009234667,shared_2l_1pool
5814,4.886662121862173,0.6615719757974148,4.117490025237203,shared_2l_1pool
5815,4.881585016846657,0.647443113848567,4.122151993215084,shared_2l_1pool
5816,5.20703406073153,0.6360600236803293,4.341153893619776,shared_2l_1pool
5817,5.1558129489421844,0.9573230054229498,4.081537947058678,shared_2l_1pool
5818,4.8199971206486225,0.6421359721571207,4.071093862876296,shared_2l_1pool
5819,4.865083144977689,0.644515035673976,4.116781987249851,shared_2l_1pool
5820,4.8503989819437265,0.6371471099555492,4.105158848688006,shared_2l_1pool
5821,4.862327128648758,0.6406859029084444,4.116961034014821,shared_2l_1pool
5822,4.924316890537739,0.622226158156991,4.079983802512288,shared_2l_1pool
5823,5.7164509780704975,0.9327949956059456,4.673806019127369,shared_2l_1pool
5824,4.805885022506118,0.6273440085351467,4.074103897437453,shared_2l_1pool
5825,4.848445067182183,0.6456139963120222,4.094326868653297,shared_2l_1pool
5826,4.800776019692421,0.6415920797735453,4.0528548415750265,shared_2l_1pool
5827,4.793598083779216,0.6319021340459585,4.057666985318065,shared_2l_1pool
5828,5.553981056436896,0.6468940991908312,4.79830289259553,shared_2l_1pool
5829,6.156784016638994,1.8299890216439962,4.199034068733454,shared_2l_1pool
5830,4.858385073021054,0.655611976981163,4.092484945431352,shared_2l_1pool
5831,4.850778030231595,0.6441189907491207,4.098515026271343,shared_2l_1pool
5832,4.820238100364804,0.6466109771281481,4.065111977979541,shared_2l_1pool
5833,5.348224891349673,0.6331868935376406,4.31083096191287,shared_2l_1pool
5834,4.9295679200440645,0.7382840849459171,4.084398038685322,shared_2l_1pool
5835,4.845477873459458,0.6786249577999115,4.058348946273327,shared_2l_1pool
5836,4.819886991754174,0.6352411583065987,4.076795885339379,shared_2l_1pool
5837,4.805925069376826,0.6387389730662107,4.060904029756784,shared_2l_1pool
5838,4.774960922077298,0.6249281577765942,4.046829883009195,shared_2l_1pool
5839,4.823070019483566,0.6428291089832783,4.078276921063662,shared_2l_1pool
5840,4.849930992349982,0.6352558266371489,4.109409172087908,shared_2l_1pool
5841,5.3547099232673645,0.643125968053937,4.605539841577411,shared_2l_1pool
5842,4.820847883820534,0.6304820999503136,4.084962885826826,shared_2l_1pool
5843,4.807623103260994,0.6276990752667189,4.071210045367479,shared_2l_1pool
5844,4.834167193621397,0.652482034638524,4.073737887665629,shared_2l_1pool
5845,6.129632005468011,1.8356579821556807,4.16720611974597,shared_2l_1pool
5846,5.427856929600239,0.6667179986834526,4.652264062315226,shared_2l_1pool
5847,4.827644908800721,0.6351801566779613,4.085966851562262,shared_2l_1pool
5848,4.848635056987405,0.6319130770862103,4.104412859305739,shared_2l_1pool
5849,4.846817115321755,0.6427580956369638,4.094989970326424,shared_2l_1pool
5850,4.842002876102924,0.6414840463548899,4.0929249953478575,shared_2l_1pool
5851,4.8321259673684835,0.6423359736800194,4.082682076841593,shared_2l_1pool
5852,6.864249939098954,1.1081690900027752,5.649113794788718,shared_2l_1pool
5853,4.852270008996129,0.66031189635396,4.0865689516067505,shared_2l_1pool
5854,4.804577212780714,0.6338739767670631,4.06376994214952,shared_2l_1pool
5855,4.802772076800466,0.6510620005428791,4.045283887535334,shared_2l_1pool
5856,4.7916229814291,0.6416230462491512,4.043332999572158,shared_2l_1pool
5857,4.789080936461687,0.6315491627901793,4.0507258381694555,shared_2l_1pool
5858,5.478176986798644,0.6197758484631777,4.753352142870426,shared_2l_1pool
5859,4.813830833882093,0.6272199098020792,4.08133608289063,shared_2l_1pool
5860,4.868913907557726,0.6463718600571156,4.1158010717481375,shared_2l_1pool
5861,6.180347874760628,1.83030404150486,4.225540906190872,shared_2l_1pool
5862,4.9232910387218,0.6567819509655237,4.159674979746342,shared_2l_1pool
5863,5.271398928016424,0.6424051243811846,4.521434893831611,shared_2l_1pool
5864,4.903208930045366,0.6435089744627476,4.150452092289925,shared_2l_1pool
5865,4.918850958347321,0.6735629867762327,4.136824049055576,shared_2l_1pool
5866,4.898017970845103,0.6434200331568718,4.148815991356969,shared_2l_1pool
5867,4.921558080241084,0.6470880471169949,4.168662009760737,shared_2l_1pool
5868,5.075240042060614,0.636909855529666,4.1352070402354,shared_2l_1pool
5869,6.243372103199363,1.6277821268886328,4.492506850510836,shared_2l_1pool
5870,4.897770006209612,0.6672600284218788,4.123412072658539,shared_2l_1pool
5871,4.852402023971081,0.6329501047730446,4.113910021260381,shared_2l_1pool
5872,4.864524118602276,0.6357110105454922,4.122398095205426,shared_2l_1pool
5873,4.902015905827284,0.6383100990206003,4.156891023740172,shared_2l_1pool
5874,6.206423044204712,0.6859041750431061,5.416529020294547,shared_2l_1pool
5875,4.877522122114897,0.6383480504155159,4.131990019232035,shared_2l_1pool
5876,4.867874085903168,0.6501039024442434,4.108810098841786,shared_2l_1pool
5877,6.1604538932442665,1.8237309996038675,4.211470019072294,shared_2l_1pool
5878,4.890197888016701,0.6695198826491833,4.112472990527749,shared_2l_1pool
5879,5.362156080082059,0.6560580804944038,4.540988011285663,shared_2l_1pool
5880,4.921013955026865,0.7220469415187836,4.091548966243863,shared_2l_1pool
5881,4.8422489780932665,0.643144128844142,4.090617876499891,shared_2l_1pool
5882,4.844575887545943,0.654430128633976,4.083998966962099,shared_2l_1pool
5883,4.8412231262773275,0.6393939256668091,4.094393225386739,shared_2l_1pool
5884,4.858848871663213,0.6607489194720984,4.091385984793305,shared_2l_1pool
5885,6.195353111252189,0.8307460229843855,5.259301047772169,shared_2l_1pool
5886,4.845228977501392,0.645606080070138,4.093867028132081,shared_2l_1pool
5887,4.901306936517358,0.634774100035429,4.0936460718512535,shared_2l_1pool
5888,4.949821159243584,0.674522016197443,4.148900043219328,shared_2l_1pool
5889,4.897392820566893,0.6395641248673201,4.145469982177019,shared_2l_1pool
5890,5.220087012276053,0.6567758973687887,4.458636976778507,shared_2l_1pool
5891,4.859156906604767,0.6432449445128441,4.109585890546441,shared_2l_1pool
5892,4.852690966799855,0.6483821198344231,4.09851991571486,shared_2l_1pool
5893,6.200834177434444,1.8197349272668362,4.246077034622431,shared_2l_1pool
5894,4.9152488354593515,0.654448987916112,4.150630906224251,shared_2l_1pool
5895,5.299628945067525,0.6441790610551834,4.23636008054018,shared_2l_1pool
5896,5.400099093094468,1.0981520172208548,4.171743057668209,shared_2l_1pool
5897,4.9360881093889475,0.6519779562950134,4.1765880305320024,shared_2l_1pool
5898,4.861233988776803,0.6361950654536486,4.117089789360762,shared_2l_1pool
5899,4.866385832428932,0.6452470552176237,4.114713054150343,shared_2l_1pool
5900,5.1118978299200535,0.6402868311852217,4.14054817520082,shared_2l_1pool
5901,6.063919980078936,1.7523530405014753,4.192562075331807,shared_2l_1pool
5902,4.923245869576931,0.6498377770185471,4.1654210072010756,shared_2l_1pool
5903,4.876770079135895,0.6434000097215176,4.126387182623148,shared_2l_1pool
5904,4.857687978073955,0.6275048945099115,4.123972961679101,shared_2l_1pool
5905,4.89855301566422,0.651409849524498,4.139061085879803,shared_2l_1pool
5906,5.843329941853881,0.6374770309776068,5.097868852317333,shared_2l_1pool
5907,4.847858101129532,0.6210070569068193,4.119243938475847,shared_2l_1pool
5908,4.872117890045047,0.6363620050251484,4.130259854719043,shared_2l_1pool
5909,6.207176949828863,1.8346081487834454,4.241074901074171,shared_2l_1pool
5910,4.898496903479099,0.6515348795801401,4.138459917157888,shared_2l_1pool
5911,4.926224006339908,0.6469541694968939,4.172316985204816,shared_2l_1pool
5912,4.950111033394933,0.6693541072309017,4.174110945314169,shared_2l_1pool
5913,4.93520381860435,0.6465220358222723,4.182163858786225,shared_2l_1pool
5914,5.05658914335072,0.802371883764863,4.147238098084927,shared_2l_1pool
5915,4.872296005487442,0.6464079488068819,4.1196029633283615,shared_2l_1pool
5916,4.880537977442145,0.6509651429951191,4.124393919482827,shared_2l_1pool
5917,4.874211037531495,0.648583984002471,4.118815995752811,shared_2l_1pool
5918,4.871499026194215,0.6426631007343531,4.12228493951261,shared_2l_1pool
5919,4.909261129796505,0.6495348643511534,4.15316317230463,shared_2l_1pool
5920,4.919981816783547,0.6364039145410061,4.17558616027236,shared_2l_1pool
5921,4.931219853460789,0.6487348582595587,4.1752171237021685,shared_2l_1pool
5922,4.918187856674194,0.6391890347003937,4.167660837993026,shared_2l_1pool
5923,4.873870871961117,0.6380691193044186,4.122650949284434,shared_2l_1pool
5924,4.875424085184932,0.6400370039045811,4.125216044485569,shared_2l_1pool
5925,6.211015861481428,1.8349569290876389,4.247328033670783,shared_2l_1pool
5926,4.923500819131732,0.6629920098930597,4.142777994275093,shared_2l_1pool
5927,4.883618094027042,0.6451981607824564,4.13048081099987,shared_2l_1pool
5928,4.941681167110801,0.6609461270272732,4.1709409561008215,shared_2l_1pool
5929,4.922544816508889,0.640832120552659,4.173892783001065,shared_2l_1pool
5930,4.932117182761431,0.6494899280369282,4.1739309672266245,shared_2l_1pool
5931,4.935711855068803,0.6492959801107645,4.178730072453618,shared_2l_1pool
5932,4.928559996187687,0.6528359372168779,4.16547292843461,shared_2l_1pool
5933,4.887883085757494,0.658160075545311,4.1226649191230536,shared_2l_1pool
5934,4.926647059619427,0.6487201899290085,4.169360967352986,shared_2l_1pool
5935,4.932203097268939,0.6504810880869627,4.174036905169487,shared_2l_1pool
5936,4.884190857410431,0.6582490168511868,4.1161589324474335,shared_2l_1pool
5937,4.924720153212547,0.668948981910944,4.149574087932706,shared_2l_1pool
5938,4.890962969511747,0.6391690112650394,4.145927028730512,shared_2l_1pool
5939,4.8816329799592495,0.6370770279318094,4.136528819799423,shared_2l_1pool
5940,4.907370079308748,0.6499709561467171,4.151218105107546,shared_2l_1pool
5941,6.21456210501492,1.8235980533063412,4.264855990186334,shared_2l_1pool
5942,4.955335054546595,0.6642048247158527,4.1767151560634375,shared_2l_1pool
5943,4.957336001098156,0.64994883723557,4.195589106529951,shared_2l_1pool
5944,4.945324966683984,0.6415350362658501,4.189473809674382,shared_2l_1pool
5945,4.888281924650073,0.6415939424186945,4.140443168580532,shared_2l_1pool
5946,4.926875000819564,0.6464789621531963,4.173784051090479,shared_2l_1pool
5947,4.920372972264886,0.6389261689037085,4.173011984676123,shared_2l_1pool
5948,4.884822992607951,0.6511961109936237,4.125255858525634,shared_2l_1pool
5949,4.88749984651804,0.6629710551351309,4.117823904380202,shared_2l_1pool
5950,4.859531065449119,0.6420938298106194,4.111414076760411,shared_2l_1pool
5951,4.8796869814395905,0.6570448167622089,4.116545198485255,shared_2l_1pool
5952,4.905444104224443,0.6531109102070332,4.145818995311856,shared_2l_1pool
5953,4.879804793745279,0.653454102575779,4.120453959330916,shared_2l_1pool
5954,4.8748229164630175,0.6460619624704123,4.121931968256831,shared_2l_1pool
5955,4.883129149675369,0.6408980116248131,4.131152993068099,shared_2l_1pool
5956,4.925271030515432,0.6508410442620516,4.169778898358345,shared_2l_1pool
5957,6.200626026839018,1.8133900593966246,4.254853818565607,shared_2l_1pool
5958,4.90432814694941,0.6568301469087601,4.13804198615253,shared_2l_1pool
5959,4.899746039882302,0.6587340030819178,4.134500166401267,shared_2l_1pool
5960,4.900993080809712,0.6558489985764027,4.138152115046978,shared_2l_1pool
5961,4.881821805611253,0.652599148452282,4.122730810195208,shared_2l_1pool
5962,4.869698081165552,0.6427841726690531,4.119924968108535,shared_2l_1pool
5963,4.868831019848585,0.6483788602054119,4.112006165087223,shared_2l_1pool
5964,4.900877131149173,0.6456510163843632,4.149343818426132,shared_2l_1pool
5965,4.87995077855885,0.6412179209291935,4.133681068196893,shared_2l_1pool
5966,4.85537014901638,0.6275640334933996,4.116650903597474,shared_2l_1pool
5967,4.878760082647204,0.6357301026582718,4.136609844863415,shared_2l_1pool
5968,4.902508109807968,0.6468389183282852,4.148282110691071,shared_2l_1pool
5969,4.870960954576731,0.650961184874177,4.112055990844965,shared_2l_1pool
5970,4.885507980361581,0.6572268903255463,4.121826961636543,shared_2l_1pool
5971,4.866881994530559,0.6447320338338614,4.115996183827519,shared_2l_1pool
5972,4.917229991406202,0.6415308453142643,4.170026164501905,shared_2l_1pool
5973,6.225945893675089,1.8418100662529469,4.2567800264805555,shared_2l_1pool
5974,4.910930059850216,0.6644320674240589,4.13889205083251,shared_2l_1pool
5975,4.894904093816876,0.6558739114552736,4.132422152906656,shared_2l_1pool
5976,4.879797110334039,0.6518859881907701,4.120182013139129,shared_2l_1pool
5977,4.898184910416603,0.6256490014493465,4.1663500014692545,shared_2l_1pool
5978,4.917433951050043,0.6471220403909683,4.1645069140940905,shared_2l_1pool
5979,4.908815026283264,0.6339459214359522,4.165276885032654,shared_2l_1pool
5980,4.891103133559227,0.639511039480567,4.144672071561217,shared_2l_1pool
5981,4.870272008702159,0.633021118119359,4.132351838052273,shared_2l_1pool
5982,4.861654015257955,0.6400879938155413,4.114094888791442,shared_2l_1pool
5983,4.88710799254477,0.6426740437746048,4.137711133807898,shared_2l_1pool
5984,4.914464196190238,0.6443981546908617,4.161501070484519,shared_2l_1pool
5985,4.920135950669646,0.6555889267474413,4.1570840403437614,shared_2l_1pool
5986,4.880688851699233,0.650918809697032,4.121065139770508,shared_2l_1pool
5987,4.865085007622838,0.6481250748038292,4.1093179024755955,shared_2l_1pool
5988,4.907798953354359,0.6324569694697857,4.168156068772078,shared_2l_1pool
5989,6.170990876853466,1.8185609951615334,4.2255118023604155,shared_2l_1pool
5990,4.908300936222076,0.6580909248441458,4.142191028222442,shared_2l_1pool
5991,4.877008963376284,0.6464968901127577,4.122833022847772,shared_2l_1pool
5992,4.937802907079458,0.665862113237381,4.1685630567371845,shared_2l_1pool
5993,4.905422916635871,0.6404791492968798,4.159787902608514,shared_2l_1pool
5994,4.904123954474926,0.6468598730862141,4.1523471008986235,shared_2l_1pool
5995,4.912371980026364,0.6489178631454706,4.1556451469659805,shared_2l_1pool
5996,4.9150679260492325,0.646861968562007,4.157823976129293,shared_2l_1pool
5997,4.920652136206627,0.6513979751616716,4.1616500820964575,shared_2l_1pool
5998,4.944805055856705,0.6602569483220577,4.180449061095715,shared_2l_1pool
5999,4.919598111882806,0.6459921132773161,4.167157923802733,shared_2l_1pool
6000,4.88664279691875,0.6291810423135757,4.147695144638419,shared_2l_1pool
6001,4.907855065539479,0.6423620507121086,4.158328985795379,shared_2l_1pool
6002,4.907442955300212,0.6371040362864733,4.160122014582157,shared_2l_1pool
6003,4.892474971711636,0.6530110258609056,4.131346009671688,shared_2l_1pool
6004,4.880737047642469,0.6459241267293692,4.121938021853566,shared_2l_1pool
6005,6.202746881172061,1.8415979575365782,4.235018976032734,shared_2l_1pool
6006,4.923765081912279,0.6560070905834436,4.157437942922115,shared_2l_1pool
6007,4.895298974588513,0.6413320079445839,4.148209001868963,shared_2l_1pool
6008,4.94907982647419,0.6796449888497591,4.1558260563761,shared_2l_1pool
6009,4.929683171212673,0.6544790230691433,4.168259911239147,shared_2l_1pool
6010,4.945025080814958,0.6539600435644388,4.182582953944802,shared_2l_1pool
6011,4.913110053166747,0.657983124256134,4.1471070144325495,shared_2l_1pool
6012,4.899299005046487,0.6496571004390717,4.142089048400521,shared_2l_1pool
6013,4.91999089717865,0.6523760966956615,4.162916913628578,shared_2l_1pool
6014,4.937006859108806,0.6595428567379713,4.168880172073841,shared_2l_1pool
6015,4.944470943883061,0.6503988988697529,4.1873271111398935,shared_2l_1pool
6016,4.90065710619092,0.6552392151206732,4.13933489471674,shared_2l_1pool
6017,4.883885150775313,0.6578448228538036,4.1191959753632545,shared_2l_1pool
6018,4.854978993535042,0.6159530021250248,4.129180917516351,shared_2l_1pool
6019,4.89498907700181,0.6328669842332602,4.155433038249612,shared_2l_1pool
6020,4.968852968886495,0.7000588811933994,4.155890084803104,shared_2l_1pool
6021,6.2418601009994745,1.8460401333868504,4.268748918548226,shared_2l_1pool
6022,4.924437962472439,0.6661671213805676,4.147205967456102,shared_2l_1pool
6023,4.901740001514554,0.6442489102482796,4.149322165176272,shared_2l_1pool
6024,4.947553854435682,0.6442388985306025,4.193514119833708,shared_2l_1pool
6025,4.894922021776438,0.6342849228531122,4.147048108279705,shared_2l_1pool
6026,4.8760410863906145,0.6439369171857834,4.123962018638849,shared_2l_1pool
6027,4.8953159712255,0.6688248831778765,4.120833007618785,shared_2l_1pool
6028,4.897562088444829,0.6603100337088108,4.128581844270229,shared_2l_1pool
6029,4.887405084446073,0.6556140724569559,4.123768070712686,shared_2l_1pool
6030,4.928885027766228,0.6474719848483801,4.173537017777562,shared_2l_1pool
6031,4.923405824229121,0.6485441699624062,4.166214028373361,shared_2l_1pool
6032,4.914439050480723,0.6435581017285585,4.164868965744972,shared_2l_1pool
6033,4.884213907644153,0.6557200103998184,4.123741062358022,shared_2l_1pool
6034,4.859902895987034,0.6305479910224676,4.124764818698168,shared_2l_1pool
6035,4.93818405084312,0.6579759065061808,4.174376139417291,shared_2l_1pool
6036,4.907069960609078,0.638274010270834,4.15585283190012,shared_2l_1pool
6037,6.171881919726729,1.8111281096935272,4.235917003825307,shared_2l_1pool
6038,4.966077161952853,0.6746349390596151,4.183408105745912,shared_2l_1pool
6039,4.919031169265509,0.6297798827290535,4.176432034000754,shared_2l_1pool
6040,4.900177009403706,0.6474470719695091,4.141482058912516,shared_2l_1pool
6041,4.897085018455982,0.6516489665955305,4.138023126870394,shared_2l_1pool
6042,4.966237116605043,0.6802610587328672,4.177248803898692,shared_2l_1pool
6043,4.902136977761984,0.6525479257106781,4.141787067055702,shared_2l_1pool
6044,4.912730073556304,0.6579079199582338,4.1479619685560465,shared_2l_1pool
6045,4.895578138530254,0.6543130148202181,4.133999813348055,shared_2l_1pool
6046,4.902909975498915,0.6479260046035051,4.145404091104865,shared_2l_1pool
6047,4.931346047669649,0.6529618985950947,4.170064115896821,shared_2l_1pool
6048,4.905965179204941,0.655309995636344,4.1437598410993814,shared_2l_1pool
6049,4.880398977547884,0.6356069352477789,4.138421034440398,shared_2l_1pool
6050,4.887106828391552,0.6409571506083012,4.13597677834332,shared_2l_1pool
6051,4.883309826254845,0.6416479591280222,4.134270129725337,shared_2l_1pool
6052,4.870047094300389,0.6324320565909147,4.132183967158198,shared_2l_1pool
6053,6.231573177501559,1.8410589545965195,4.2620080057531595,shared_2l_1pool
6054,4.925290122628212,0.657516997307539,4.153470043092966,shared_2l_1pool
6055,4.8958060797303915,0.643549021333456,4.144971026107669,shared_2l_1pool
6056,4.884060006588697,0.6475800182670355,4.126090090721846,shared_2l_1pool
6057,4.960010992363095,0.6677098572254181,4.182531964033842,shared_2l_1pool
6058,4.923555999994278,0.665073050186038,4.149813903495669,shared_2l_1pool
6059,4.915609024465084,0.6824501324445009,4.12767194211483,shared_2l_1pool
6060,4.934123950079083,0.6508040241897106,4.173069028183818,shared_2l_1pool
6061,4.897210048511624,0.6629850249737501,4.1266269981861115,shared_2l_1pool
6062,4.957342054694891,0.6757450755685568,4.166244994848967,shared_2l_1pool
6063,4.894806072115898,0.658959150314331,4.125772975385189,shared_2l_1pool
6064,4.888783907517791,0.6520808674395084,4.127060994505882,shared_2l_1pool
6065,4.881164059042931,0.6397541146725416,4.13417280651629,shared_2l_1pool
6066,4.930777940899134,0.6455718539655209,4.176835995167494,shared_2l_1pool
6067,4.900137893855572,0.6499739829450846,4.139065975323319,shared_2l_1pool
6068,4.871858051046729,0.6452598609030247,4.120160127058625,shared_2l_1pool
6069,6.202502874657512,1.8232529982924461,4.250736208632588,shared_2l_1pool
6070,4.910153802484274,0.6586420349776745,4.14295494556427,shared_2l_1pool
6071,4.914610181003809,0.6469439249485731,4.161658929660916,shared_2l_1pool
6072,4.94349910877645,0.662744976580143,4.172472050413489,shared_2l_1pool
6073,4.9518931191414595,0.6647349800914526,4.180350108072162,shared_2l_1pool
6074,4.896583966910839,0.6409999914467335,4.14849491789937,shared_2l_1pool
6075,4.900102969259024,0.6541467737406492,4.1383730713278055,shared_2l_1pool
6076,4.902075044810772,0.6685450207442045,4.1274449322372675,shared_2l_1pool
6077,4.893611883744597,0.6524028722196817,4.13651904091239,shared_2l_1pool
6078,4.908623173832893,0.6459217984229326,4.155419068410993,shared_2l_1pool
6079,4.918594844639301,0.6532249972224236,4.160671960562468,shared_2l_1pool
6080,4.946949891746044,0.6653370801359415,4.174429923295975,shared_2l_1pool
6081,4.9298901576548815,0.6449308712035418,4.1763209737837315,shared_2l_1pool
6082,4.910907940939069,0.6306099239736795,4.173374967649579,shared_2l_1pool
6083,4.906055051833391,0.6470689550042152,4.150493070483208,shared_2l_1pool
6084,4.926081048324704,0.6516599096357822,4.1658650152385235,shared_2l_1pool
6085,6.257061846554279,1.8478869460523129,4.27529402077198,shared_2l_1pool
6086,4.907725844532251,0.6582478526979685,4.143923055380583,shared_2l_1pool
6087,4.905163077637553,0.6477669812738895,4.147297935560346,shared_2l_1pool
6088,4.900970961898565,0.6429699715226889,4.149147076532245,shared_2l_1pool
6089,4.899177001789212,0.6352299824357033,4.156243987381458,shared_2l_1pool
6090,4.967577056959271,0.6564301438629627,4.203671822324395,shared_2l_1pool
6091,4.950206959620118,0.6498040165752172,4.193692933768034,shared_2l_1pool
6092,4.949464928358793,0.6594529841095209,4.184899851679802,shared_2l_1pool
6093,4.927868023514748,0.6430461071431637,4.17935405857861,shared_2l_1pool
6094,4.8904509749263525,0.6499821320176125,4.133512964472175,shared_2l_1pool
6095,4.89511713385582,0.6531029939651489,4.13526501506567,shared_2l_1pool
6096,4.88582719117403,0.6489991210401058,4.1306898929178715,shared_2l_1pool
6097,4.906057147309184,0.6537009030580521,4.1465850081294775,shared_2l_1pool
6098,4.881131928414106,0.6441539153456688,4.132861038669944,shared_2l_1pool
6099,4.888869123533368,0.6501569878309965,4.128460073843598,shared_2l_1pool
6100,4.888583905994892,0.6412139628082514,4.142983118072152,shared_2l_1pool
6101,6.238035159185529,1.825536834076047,4.279326181858778,shared_2l_1pool
6102,4.949091002345085,0.6593249272555113,4.181755008175969,shared_2l_1pool
6103,4.936104873195291,0.6567600648850203,4.171065054833889,shared_2l_1pool
6104,4.927623085677624,0.6371731869876385,4.178855801001191,shared_2l_1pool
6105,4.948019050061703,0.6399019621312618,4.193688975647092,shared_2l_1pool
6106,4.952484043315053,0.65658800303936,4.187936196103692,shared_2l_1pool
6107,4.929526010528207,0.654436182230711,4.168055020272732,shared_2l_1pool
6108,4.869008902460337,0.6349219474941492,4.12921910174191,shared_2l_1pool
6109,4.884222988039255,0.6500340532511473,4.129057051613927,shared_2l_1pool
6110,4.883111920207739,0.6551139522343874,4.122422076761723,shared_2l_1pool
6111,4.867747891694307,0.650305999442935,4.111971938982606,shared_2l_1pool
6112,4.865070106461644,0.6423320155590773,4.116286989301443,shared_2l_1pool
6113,4.86615183763206,0.6354739889502525,4.123966209590435,shared_2l_1pool
6114,4.866322968155146,0.6280660163611174,4.127498017624021,shared_2l_1pool
6115,4.872085060924292,0.648121815174818,4.117011092603207,shared_2l_1pool
6116,4.9159289337694645,0.6582769565284252,4.151740111410618,shared_2l_1pool
6117,6.308175856247544,1.8412198405712843,4.337824182584882,shared_2l_1pool
6118,5.029420834034681,0.6484480109065771,4.2720939964056015,shared_2l_1pool
6119,5.025764927268028,0.6455720867961645,4.273169906809926,shared_2l_1pool
6120,4.971038084477186,0.6543570198118687,4.211097024381161,shared_2l_1pool
6121,4.944378975778818,0.6393662188202143,4.19908482581377,shared_2l_1pool
6122,4.962702048942447,0.6332739721983671,4.222455900162458,shared_2l_1pool
6123,4.9641309306025505,0.6452170200645924,4.209551960229874,shared_2l_1pool
6124,4.977209027856588,0.6475651171058416,4.2202589102089405,shared_2l_1pool
6125,4.962426144629717,0.6514501292258501,4.207480000331998,shared_2l_1pool
6126,4.968106048181653,0.63930987380445,4.220206988975406,shared_2l_1pool
6127,4.9828169867396355,0.6449250504374504,4.228365840390325,shared_2l_1pool
6128,4.9143158830702305,0.6258171051740646,4.1834579315036535,shared_2l_1pool
6129,4.99471602961421,0.6550969555974007,4.232824081555009,shared_2l_1pool
6130,5.025029880926013,0.6604800000786781,4.258130909875035,shared_2l_1pool
6131,5.010958993807435,0.6512999534606934,4.25401795655489,shared_2l_1pool
6132,4.979352932423353,0.637860968708992,4.233825020492077,shared_2l_1pool
6133,6.238765083253384,1.8190050031989813,4.286301787942648,shared_2l_1pool
6134,4.968745866790414,0.656485091894865,4.205627832561731,shared_2l_1pool
6135,4.9731978215277195,0.6533199921250343,4.2110891081392765,shared_2l_1pool
6136,4.9938170704990625,0.6749969907104969,4.2104399763047695,shared_2l_1pool
6137,4.947524052113295,0.6378870457410812,4.203009884804487,shared_2l_1pool
6138,4.915327066555619,0.6429420318454504,4.16874885559082,shared_2l_1pool
6139,4.915341967716813,0.6347100716084242,4.175327019765973,shared_2l_1pool
6140,4.957237048074603,0.6338630337268114,4.211256979033351,shared_2l_1pool
6141,4.912589909508824,0.6496801506727934,4.156725946813822,shared_2l_1pool
6142,4.949880996719003,0.6634499877691269,4.179474199190736,shared_2l_1pool
6143,4.966829903423786,0.6616760510951281,4.199749091640115,shared_2l_1pool
6144,4.978586919605732,0.6470088846981525,4.22334810718894,shared_2l_1pool
6145,4.905791021883488,0.6498969160020351,4.15084115229547,shared_2l_1pool
6146,4.94273891672492,0.6578660104423761,4.177822964265943,shared_2l_1pool
6147,4.9594128504395485,0.6355270743370056,4.216243978589773,shared_2l_1pool
6148,4.921352956444025,0.6474461406469345,4.168598912656307,shared_2l_1pool
6149,6.2982861418277025,1.8367108423262835,4.334337078034878,shared_2l_1pool
6150,4.9909851513803005,0.6614818703383207,4.218850051984191,shared_2l_1pool
6151,5.005392013117671,0.6662770174443722,4.233106039464474,shared_2l_1pool
6152,5.021481076255441,0.6566389929503202,4.2574298568069935,shared_2l_1pool
6153,4.973696079105139,0.6557151209563017,4.210849991068244,shared_2l_1pool
6154,4.999598953872919,0.6601158529520035,4.232105100527406,shared_2l_1pool
6155,4.937233868986368,0.6397578399628401,4.190278006717563,shared_2l_1pool
6156,4.951538052409887,0.6521821487694979,4.191315034404397,shared_2l_1pool
6157,4.952815128490329,0.6611649878323078,4.187617916613817,shared_2l_1pool
6158,4.9351530615240335,0.646812841296196,4.181026015430689,shared_2l_1pool
6159,4.9306179862469435,0.6462361197918653,4.178245086222887,shared_2l_1pool
6160,4.9692559987306595,0.6519048474729061,4.209949169307947,shared_2l_1pool
6161,5.001765908673406,0.6502838805317879,4.246554104611278,shared_2l_1pool
6162,4.983225837349892,0.6385368760675192,4.236399196088314,shared_2l_1pool
6163,4.983474034816027,0.6649659480899572,4.210487008094788,shared_2l_1pool
6164,4.9908210057765245,0.6607410032302141,4.224160918965936,shared_2l_1pool
6165,6.2890020199120045,1.8398931715637445,4.323191940784454,shared_2l_1pool
6166,4.995960975065827,0.6607167888432741,4.226762102916837,shared_2l_1pool
6167,5.006242077797651,0.6518489681184292,4.2462770361453295,shared_2l_1pool
6168,5.004979902878404,0.6548208184540272,4.243993200361729,shared_2l_1pool
6169,5.0106949638575315,0.6451159715652466,4.257823107764125,shared_2l_1pool
6170,4.966594977304339,0.6381850689649582,4.221947863698006,shared_2l_1pool
6171,4.9461189191788435,0.6411022040992975,4.198209848254919,shared_2l_1pool
6172,4.986864980310202,0.6697038188576698,4.208905156701803,shared_2l_1pool
6173,4.984210943803191,0.6464889738708735,4.230585182085633,shared_2l_1pool
6174,5.026716971769929,0.6640509236603975,4.2561020236462355,shared_2l_1pool
6175,4.982820944860578,0.6458871066570282,4.229641053825617,shared_2l_1pool
6176,4.989380948245525,0.6548471283167601,4.229134880006313,shared_2l_1pool
6177,5.016237031668425,0.6555179134011269,4.2523660231381655,shared_2l_1pool
6178,4.997944924980402,0.6573020946234465,4.234815947711468,shared_2l_1pool
6179,5.008614156395197,0.6507050711661577,4.251197911798954,shared_2l_1pool
6180,5.014103837311268,0.6494170520454645,4.259767010807991,shared_2l_1pool
6181,6.5312141086906195,2.09248811006546,4.312370903789997,shared_2l_1pool
6182,5.047267070040107,0.6778938695788383,4.258814034983516,shared_2l_1pool
6183,4.976731026545167,0.6510321982204914,4.218504996970296,shared_2l_1pool
6184,4.9992690328508615,0.6615740712732077,4.230729071423411,shared_2l_1pool
6185,5.033153807744384,0.6679939106106758,4.256619140505791,shared_2l_1pool
6186,4.965042928233743,0.667087035253644,4.190533887594938,shared_2l_1pool
6187,4.968779161572456,0.6589361000806093,4.203628981485963,shared_2l_1pool
6188,4.984886152669787,0.6549358367919922,4.2231460101902485,shared_2l_1pool
6189,4.963413113728166,0.6664358079433441,4.190180217847228,shared_2l_1pool
6190,4.9493201076984406,0.643349951133132,4.198312992230058,shared_2l_1pool
6191,4.980951081961393,0.6578061729669571,4.217298934236169,shared_2l_1pool
6192,4.954201169312,0.6557831075042486,4.1921010706573725,shared_2l_1pool
6193,4.944058135151863,0.6625750102102757,4.175272071734071,shared_2l_1pool
6194,4.93811909109354,0.6465569604188204,4.187542945146561,shared_2l_1pool
6195,5.007469095289707,0.6481909658759832,4.2521359864622355,shared_2l_1pool
6196,4.974131006747484,0.637425109744072,4.229500889778137,shared_2l_1pool
6197,6.27751206047833,1.84416095726192,4.307142924517393,shared_2l_1pool
6198,4.9774060025811195,0.6687098648399115,4.19877003878355,shared_2l_1pool
6199,4.957075929269195,0.652307877317071,4.197214962914586,shared_2l_1pool
6200,4.9582310020923615,0.6604779046028852,4.192088032141328,shared_2l_1pool
6201,4.9764609429985285,0.6408721674233675,4.229296930134296,shared_2l_1pool
6202,4.974456038326025,0.6498801521956921,4.218003945425153,shared_2l_1pool
6203,4.994445946067572,0.6604869849979877,4.225021926686168,shared_2l_1pool
6204,5.009290995076299,0.6831111386418343,4.215750843286514,shared_2l_1pool
6205,4.956722958013415,0.6602411158382893,4.190461942926049,shared_2l_1pool
6206,4.980273079127073,0.6575239822268486,4.216754110530019,shared_2l_1pool
6207,4.953047959133983,0.6574450526386499,4.189759958535433,shared_2l_1pool
6208,4.967757035046816,0.6518920417875051,4.209423903375864,shared_2l_1pool
6209,4.946411121636629,0.6527390796691179,4.188677994534373,shared_2l_1pool
6210,4.992299014702439,0.6429019849747419,4.2458828538656235,shared_2l_1pool
6211,5.011173896491528,0.6496119312942028,4.255668958649039,shared_2l_1pool
6212,4.959183977916837,0.6417080294340849,4.210348008200526,shared_2l_1pool
6213,6.293600890785456,1.852012937888503,4.316424950957298,shared_2l_1pool
6214,5.012225126847625,0.6771429907530546,4.22640098258853,shared_2l_1pool
6215,5.031574983149767,0.6751869805157185,4.246175987645984,shared_2l_1pool
6216,4.977975971996784,0.6632648874074221,4.207741003483534,shared_2l_1pool
6217,4.970375914126635,0.6621670909225941,4.20120102353394,shared_2l_1pool
6218,4.995248047634959,0.664327060803771,4.223578842356801,shared_2l_1pool
6219,4.974635085090995,0.6524829659610987,4.2177599389106035,shared_2l_1pool
6220,5.001079058274627,0.661762896925211,4.232231993228197,shared_2l_1pool
6221,4.975877935066819,0.666534062474966,4.200984025374055,shared_2l_1pool
6222,5.004015984013677,0.6673180032521486,4.228678997606039,shared_2l_1pool
6223,4.936570068821311,0.6516738794744015,4.179030191153288,shared_2l_1pool
6224,4.932229872792959,0.633978983387351,4.193464061245322,shared_2l_1pool
6225,4.957590019330382,0.6529539823532104,4.199784016236663,shared_2l_1pool
6226,4.953833995386958,0.6520019378513098,4.195319022983313,shared_2l_1pool
6227,4.9385318998247385,0.6494310218840837,4.183618118986487,shared_2l_1pool
6228,5.002734949812293,0.644993968307972,4.249599063768983,shared_2l_1pool
6229,6.304166978225112,1.855251844972372,4.321816144511104,shared_2l_1pool
6230,5.001595942303538,0.6798780523240566,4.211238119751215,shared_2l_1pool
6231,4.957552067935467,0.6572478450834751,4.194051027297974,shared_2l_1pool
6232,4.991674097254872,0.6663862150162458,4.219433991238475,shared_2l_1pool
6233,5.015336209908128,0.6795478984713554,4.229977028444409,shared_2l_1pool
6234,4.9922780599445105,0.6554359570145607,4.22789016738534,shared_2l_1pool
6235,4.991711117327213,0.6562729831784964,4.230950027704239,shared_2l_1pool
6236,4.997759126126766,0.6591400597244501,4.231328843161464,shared_2l_1pool
6237,4.965865984559059,0.6708961445838213,4.188538994640112,shared_2l_1pool
6238,4.972971975803375,0.6529118400067091,4.212829051539302,shared_2l_1pool
6239,4.949160851538181,0.6580899935215712,4.18437784537673,shared_2l_1pool
6240,4.985583014786243,0.6603649817407131,4.216820001602173,shared_2l_1pool
6241,4.944764077663422,0.6551728583872318,4.181911004707217,shared_2l_1pool
6242,4.93283593095839,0.6511991377919912,4.175393842160702,shared_2l_1pool
6243,4.926790948957205,0.6494848057627678,4.17310418561101,shared_2l_1pool
6244,4.949635826051235,0.6487730424851179,4.196051973849535,shared_2l_1pool
6245,6.257480941712856,1.8318870570510626,4.299564985558391,shared_2l_1pool
6246,5.0193441566079855,0.6896660197526217,4.221855895593762,shared_2l_1pool
6247,4.991581896319985,0.6666700355708599,4.213385051116347,shared_2l_1pool
6248,5.00772800296545,0.6701501552015543,4.230275982990861,shared_2l_1pool
6249,5.0177189987152815,0.6665540859103203,4.243751987814903,shared_2l_1pool
6250,4.973187111318111,0.6611961871385574,4.206501878798008,shared_2l_1pool
6251,4.96096583083272,0.6502799224108458,4.200872965157032,shared_2l_1pool
6252,4.9656350165605545,0.6638909690082073,4.194309003651142,shared_2l_1pool
6253,4.972958005964756,0.6537348963320255,4.211504012346268,shared_2l_1pool
6254,4.9646152183413506,0.6360430270433426,4.2229569517076015,shared_2l_1pool
6255,4.981690086424351,0.6473909597843885,4.224414937198162,shared_2l_1pool
6256,4.997472045943141,0.6617840845137835,4.229176789522171,shared_2l_1pool
6257,5.0016159657388926,0.6667450070381165,4.227668978273869,shared_2l_1pool
6258,4.999989876523614,0.6464121397584677,4.247618839144707,shared_2l_1pool
6259,4.94574592448771,0.6510349921882153,4.187433049082756,shared_2l_1pool
6260,4.953182069584727,0.6545840296894312,4.1898260824382305,shared_2l_1pool
6261,6.259683985263109,1.8129050731658936,4.32095886208117,shared_2l_1pool
6262,5.018198862671852,0.6770770996809006,4.232733976095915,shared_2l_1pool
6263,5.023262929171324,0.6727760192006826,4.244282841682434,shared_2l_1pool
6264,5.042837001383305,0.6752561312168837,4.25978098064661,shared_2l_1pool
6265,4.96040191501379,0.6657331250607967,4.187736893072724,shared_2l_1pool
6266,4.9583869986236095,0.6625729147344828,4.1883091907948256,shared_2l_1pool
6267,4.968622932210565,0.6702239625155926,4.191524814814329,shared_2l_1pool
6268,4.957221914082766,0.6562599446624517,4.194583045318723,shared_2l_1pool
6269,4.9501650501042604,0.6515770219266415,4.1899417992681265,shared_2l_1pool
6270,5.014677997678518,0.6713250186294317,4.236574983224273,shared_2l_1pool
6271,5.002242047339678,0.6649689748883247,4.228733014315367,shared_2l_1pool
6272,5.030274158343673,0.6714749615639448,4.2503029108047485,shared_2l_1pool
6273,4.974354989826679,0.6491970270872116,4.217182053253055,shared_2l_1pool
6274,4.966162843629718,0.6607780233025551,4.200226161628962,shared_2l_1pool
6275,5.005500046536326,0.6658779457211494,4.235447151586413,shared_2l_1pool
6276,4.991580964997411,0.6555181462317705,4.229918820783496,shared_2l_1pool
6277,6.2897109892219305,1.8314379267394543,4.3324020225554705,shared_2l_1pool
6278,5.002540070563555,0.6657680496573448,4.2314049787819386,shared_2l_1pool
6279,5.01097203232348,0.6646220572292805,4.240077920258045,shared_2l_1pool
6280,5.025138845667243,0.6700039375573397,4.246139200404286,shared_2l_1pool
6281,5.060842959210277,0.6985021755099297,4.252145998179913,shared_2l_1pool
6282,4.994317889213562,0.6460011936724186,4.233937012031674,shared_2l_1pool
6283,5.00705000013113,0.6474719848483801,4.248110111802816,shared_2l_1pool
6284,5.000846926122904,0.6478540599346161,4.245887976139784,shared_2l_1pool
6285,4.992301110178232,0.6576029118150473,4.22664312645793,shared_2l_1pool
6286,4.959728103131056,0.6582520436495543,4.1896270122379065,shared_2l_1pool
6287,4.958546021953225,0.6502009928226471,4.201804054901004,shared_2l_1pool
6288,4.970792913809419,0.6600830238312483,4.203591030091047,shared_2l_1pool
6289,4.982999991625547,0.6547959055751562,4.222578136250377,shared_2l_1pool
6290,4.97243320569396,0.6694260518997908,4.1956480126827955,shared_2l_1pool
6291,4.9607648979872465,0.65756612457335,4.197876900434494,shared_2l_1pool
6292,4.972862778231502,0.6555039435625076,4.211039049550891,shared_2l_1pool
6293,6.29516108892858,1.8461351282894611,4.3238080106675625,shared_2l_1pool
6294,5.0327409990131855,0.6647140253335238,4.258919041603804,shared_2l_1pool
6295,5.013667978346348,0.66603091545403,4.24205488525331,shared_2l_1pool
6296,4.971868125721812,0.6345938891172409,4.229485988616943,shared_2l_1pool
6297,4.970591049641371,0.657371012493968,4.20647906139493,shared_2l_1pool
6298,5.0011740531772375,0.6583891808986664,4.237246001139283,shared_2l_1pool
6299,4.971153801307082,0.6398600526154041,4.226535791531205,shared_2l_1pool
6300,4.982353886589408,0.651409151032567,4.220800939947367,shared_2l_1pool
6301,5.0469390116631985,0.6900439038872719,4.248806973919272,shared_2l_1pool
6302,4.987979074940085,0.6508771330118179,4.229357000440359,shared_2l_1pool
6303,5.000506062060595,0.6549230311065912,4.23737708479166,shared_2l_1pool
6304,4.975632997229695,0.6590499542653561,4.207737976685166,shared_2l_1pool
6305,4.965989151969552,0.6506151985377073,4.21018386259675,shared_2l_1pool
6306,4.96255187317729,0.6475590635091066,4.209010861814022,shared_2l_1pool
6307,4.973856965079904,0.6506519857794046,4.217565059661865,shared_2l_1pool
6308,4.9829690251499414,0.6487329956144094,4.226823104545474,shared_2l_1pool
6309,6.253047147765756,1.8271270673722029,4.300137981772423,shared_2l_1pool
6310,4.982684971764684,0.6732221227139235,4.201510921120644,shared_2l_1pool
6311,4.979227902367711,0.6702721584588289,4.203798016533256,shared_2l_1pool
6312,4.945256980136037,0.6447439081966877,4.193746950477362,shared_2l_1pool
6313,4.958315985277295,0.6670188158750534,4.187536193057895,shared_2l_1pool
6314,4.992712056264281,0.647231936454773,4.238334950059652,shared_2l_1pool
6315,4.990016808733344,0.6522000767290592,4.230492049828172,shared_2l_1pool
6316,4.977096803486347,0.6616469472646713,4.21010609716177,shared_2l_1pool
6317,4.962662933394313,0.6493809632956982,4.207293037325144,shared_2l_1pool
6318,4.998710006475449,0.6658700294792652,4.224888049066067,shared_2l_1pool
6319,4.966615000739694,0.6586369127035141,4.201275063678622,shared_2l_1pool
6320,5.016976967453957,0.658825971186161,4.246878903359175,shared_2l_1pool
6321,5.144466180354357,0.655714888125658,4.380598198622465,shared_2l_1pool
6322,5.020495969802141,0.6668150890618563,4.246778786182404,shared_2l_1pool
6323,5.017165094614029,0.6631410215049982,4.241205053403974,shared_2l_1pool
6324,5.013408837839961,0.6755690556019545,4.230485064908862,shared_2l_1pool
6325,6.304149981588125,1.8487600609660149,4.32988116517663,shared_2l_1pool
6326,5.013426067307591,0.6851979997009039,4.2185550555586815,shared_2l_1pool
6327,4.980860976502299,0.6713999900966883,4.202932817861438,shared_2l_1pool
6328,4.979697987437248,0.668470049276948,4.206326091662049,shared_2l_1pool
6329,5.020436132326722,0.66746911033988,4.246036987751722,shared_2l_1pool
6330,4.973448812961578,0.6549160461872816,4.208395956084132,shared_2l_1pool
6331,4.990827990695834,0.6646669935435057,4.219085909426212,shared_2l_1pool
6332,5.037263967096806,0.6780019029974937,4.253126913681626,shared_2l_1pool
6333,5.006446037441492,0.6653671152889729,4.234044812619686,shared_2l_1pool
6334,5.025028018280864,0.6671489682048559,4.250549012795091,shared_2l_1pool
6335,5.022555822506547,0.6594101432710886,4.258120898157358,shared_2l_1pool
6336,5.005730083212256,0.6628828123211861,4.237945191562176,shared_2l_1pool
6337,4.984440980479121,0.665899133309722,4.210654878988862,shared_2l_1pool
6338,4.986911080777645,0.6656982004642487,4.214887972921133,shared_2l_1pool
6339,4.993361188098788,0.6565810181200504,4.2284640949219465,shared_2l_1pool
6340,4.980838857591152,0.6572341080754995,4.213462816551328,shared_2l_1pool
6341,6.303508998826146,1.8451260402798653,4.330081166699529,shared_2l_1pool
6342,5.010742926970124,0.6725739222019911,4.225462209433317,shared_2l_1pool
6343,5.007121013477445,0.6574229337275028,4.242856986820698,shared_2l_1pool
6344,5.004368023946881,0.6538319867104292,4.243047209456563,shared_2l_1pool
6345,5.017776973545551,0.6604599766433239,4.251876147463918,shared_2l_1pool
6346,5.012369016185403,0.6579291075468063,4.246558994054794,shared_2l_1pool
6347,4.980886122211814,0.6370311602950096,4.235737957060337,shared_2l_1pool
6348,4.98876697383821,0.6564059294760227,4.224264062941074,shared_2l_1pool
6349,5.001060897484422,0.6562501657754183,4.237249959260225,shared_2l_1pool
6350,5.012984853237867,0.6517029833048582,4.253830062225461,shared_2l_1pool
6351,5.002707941457629,0.6533979903906584,4.242582945153117,shared_2l_1pool
6352,5.016868934035301,0.653780996799469,4.257726948708296,shared_2l_1pool
6353,5.025780061259866,0.6630171556025743,4.255716921761632,shared_2l_1pool
6354,4.965259926393628,0.6497299764305353,4.205642035230994,shared_2l_1pool
6355,4.994393792003393,0.651033129543066,4.235805943608284,shared_2l_1pool
6356,4.967954941093922,0.65601896494627,4.205401986837387,shared_2l_1pool
6357,6.285028997808695,1.8307780846953392,4.326955880969763,shared_2l_1pool
6358,4.990580026060343,0.668663065880537,4.214598098769784,shared_2l_1pool
6359,4.982831189408898,0.6722139660269022,4.203621065244079,shared_2l_1pool
6360,4.980707075446844,0.6629058625549078,4.209856037050486,shared_2l_1pool
6361,4.99862595461309,0.6549370009452105,4.236768931150436,shared_2l_1pool
6362,5.028021987527609,0.6700868252664804,4.249126184731722,shared_2l_1pool
6363,5.005325889214873,0.6633228622376919,4.235692089423537,shared_2l_1pool
6364,4.979630000889301,0.6662739906460047,4.206083947792649,shared_2l_1pool
6365,5.002646008506417,0.6613058503717184,4.233152139931917,shared_2l_1pool
6366,5.021380027756095,0.6678649224340916,4.246108001098037,shared_2l_1pool
6367,4.954687086865306,0.6536568980664015,4.194973036646843,shared_2l_1pool
6368,4.96131693944335,0.6631279829889536,4.192125983536243,shared_2l_1pool
6369,4.976627184078097,0.6604029331356287,4.209700971841812,shared_2l_1pool
6370,4.95502888225019,0.6545139476656914,4.194165114313364,shared_2l_1pool
6371,4.9536689184606075,0.6665140390396118,4.180010873824358,shared_2l_1pool
6372,4.973307950422168,0.6590760312974453,4.2104769963771105,shared_2l_1pool
6373,6.3976990059018135,1.8633650615811348,4.408783977851272,shared_2l_1pool
6374,5.103526869788766,0.680343946442008,4.3151420541107655,shared_2l_1pool
6375,5.1200599409639835,0.6703659892082214,4.343744134530425,shared_2l_1pool
6376,5.096088862046599,0.6569740362465382,4.331687930971384,shared_2l_1pool
6377,5.118907894939184,0.6633780431002378,4.3462219182401896,shared_2l_1pool
6378,5.0715189427137375,0.6493488326668739,4.315476166084409,shared_2l_1pool
6379,5.08354208432138,0.6715729832649231,4.306797171011567,shared_2l_1pool
6380,5.064846947789192,0.658912118524313,4.299564054235816,shared_2l_1pool
6381,5.076305940747261,0.6533931009471416,4.316203994676471,shared_2l_1pool
6382,5.050088977441192,0.6518750451505184,4.290580982342362,shared_2l_1pool
6383,5.048488965258002,0.660044839605689,4.279304062947631,shared_2l_1pool
6384,5.041864002123475,0.6630418356508017,4.27066208794713,shared_2l_1pool
6385,5.039655137807131,0.6646851543337107,4.2681097984313965,shared_2l_1pool
6386,5.0524279940873384,0.6567209493368864,4.288287833333015,shared_2l_1pool
6387,5.1217698492109776,0.667087035253644,4.347074078395963,shared_2l_1pool
6388,5.022084107622504,0.6401119753718376,4.264082061126828,shared_2l_1pool
6389,6.319314939901233,1.840934157371521,4.343488020822406,shared_2l_1pool
6390,5.020387936383486,0.677773030474782,4.234740976244211,shared_2l_1pool
6391,5.014341091737151,0.6701159290969372,4.236919106915593,shared_2l_1pool
6392,5.026849918067455,0.6780140101909637,4.240647191181779,shared_2l_1pool
6393,5.001891171559691,0.6735050119459629,4.222938092425466,shared_2l_1pool
6394,5.0413599237799644,0.662555918097496,4.272744990885258,shared_2l_1pool
6395,5.040863063186407,0.6630760617554188,4.272677935659885,shared_2l_1pool
6396,5.052557913586497,0.6621601060032845,4.28316299803555,shared_2l_1pool
6397,5.027010105550289,0.6633109878748655,4.257306922227144,shared_2l_1pool
6398,5.049546016380191,0.6643049418926239,4.27971500903368,shared_2l_1pool
6399,5.040961084887385,0.6654569879174232,4.2681710328906775,shared_2l_1pool
6400,5.021068966016173,0.6638041231781244,4.250708036124706,shared_2l_1pool
6401,5.022495985031128,0.6601500790566206,4.254722967743874,shared_2l_1pool
6402,5.0404982175678015,0.6672341842204332,4.2654830031096935,shared_2l_1pool
6403,5.070524988695979,0.6643361411988735,4.299929831176996,shared_2l_1pool
6404,5.0653209909796715,0.6681759841740131,4.290324868634343,shared_2l_1pool
6405,6.356092868372798,1.840953016653657,4.380584927275777,shared_2l_1pool
6406,5.071263061836362,0.681319972500205,4.280366003513336,shared_2l_1pool
6407,5.053224973380566,0.6650921422988176,4.280749009922147,shared_2l_1pool
6408,5.075286142528057,0.664066057652235,4.303883062675595,shared_2l_1pool
6409,5.094070918858051,0.6700120866298676,4.314034944400191,shared_2l_1pool
6410,5.087125115096569,0.6739681120961905,4.303141962736845,shared_2l_1pool
6411,5.058489041402936,0.6676360499113798,4.284454975277185,shared_2l_1pool
6412,5.103433039039373,0.6708560977131128,4.3231649324297905,shared_2l_1pool
6413,5.0354457926005125,0.661694910377264,4.267675103619695,shared_2l_1pool
6414,5.074146902188659,0.6604338996112347,4.306258168071508,shared_2l_1pool
6415,5.04886987619102,0.6632800213992596,4.2727862019091845,shared_2l_1pool
6416,5.042809993028641,0.6567060481756926,4.278786946088076,shared_2l_1pool
6417,5.028371000662446,0.6469259969890118,4.2729550041258335,shared_2l_1pool
6418,5.036090966314077,0.6615389138460159,4.268132150173187,shared_2l_1pool
6419,5.022681085392833,0.6572110578417778,4.259839886799455,shared_2l_1pool
6420,5.081980023533106,0.6518301088362932,4.322384018450975,shared_2l_1pool
6421,6.38531893491745,1.879469957202673,4.38006198965013,shared_2l_1pool
6422,5.092320032417774,0.6789129693061113,4.306175978854299,shared_2l_1pool
6423,5.097822984680533,0.6748118903487921,4.314288962632418,shared_2l_1pool
6424,5.032734014093876,0.6595670711249113,4.264168906956911,shared_2l_1pool
6425,5.0592750776559114,0.6770880427211523,4.274937091395259,shared_2l_1pool
6426,5.049034953117371,0.6505679339170456,4.285988165065646,shared_2l_1pool
6427,5.0421529449522495,0.6540690083056688,4.2792740277945995,shared_2l_1pool
6428,5.071772029623389,0.6690279114991426,4.29397402331233,shared_2l_1pool
6429,5.032246001064777,0.6488100625574589,4.275962011888623,shared_2l_1pool
6430,5.0318920984864235,0.6559488829225302,4.269238095730543,shared_2l_1pool
6431,5.0266829784959555,0.655201030895114,4.26476402208209,shared_2l_1pool
6432,5.040864925831556,0.6601209752261639,4.273838130757213,shared_2l_1pool
6433,5.085441051051021,0.6663929671049118,4.3141290079802275,shared_2l_1pool
6434,5.048908060416579,0.654175179079175,4.2879898101091385,shared_2l_1pool
6435,5.052469903603196,0.6614159792661667,4.28586988709867,shared_2l_1pool
6436,5.058698123320937,0.6578399334102869,4.29538800381124,shared_2l_1pool
6437,6.363417953252792,1.843461999669671,4.389497917145491,shared_2l_1pool
6438,5.110765108838677,0.6845640018582344,4.317920887842774,shared_2l_1pool
6439,5.10895811021328,0.6710048764944077,4.329195013269782,shared_2l_1pool
6440,5.012298002839088,0.6521148607134819,4.252552054822445,shared_2l_1pool
6441,5.014120833948255,0.649377005174756,4.259458975866437,shared_2l_1pool
6442,5.05681405775249,0.6478698924183846,4.299093037843704,shared_2l_1pool
6443,5.030078114941716,0.667450949549675,4.255717154592276,shared_2l_1pool
6444,5.040880991145968,0.6602869834750891,4.2713729199022055,shared_2l_1pool
6445,5.075888941064477,0.6794140208512545,4.288617987185717,shared_2l_1pool
6446,5.078643094748259,0.6765031721442938,4.295955877751112,shared_2l_1pool
6447,5.0587349105626345,0.6634301971644163,4.287414951249957,shared_2l_1pool
6448,5.070484010502696,0.6618599873036146,4.304391099140048,shared_2l_1pool
6449,5.0660420674830675,0.6630909629166126,4.293789155781269,shared_2l_1pool
6450,5.051381187513471,0.6635359022766352,4.281092900782824,shared_2l_1pool
6451,5.0368239171803,0.669586006551981,4.2624580673873425,shared_2l_1pool
6452,5.010358057916164,0.6506959907710552,4.255865002050996,shared_2l_1pool
6453,6.333143915981054,1.8561768811196089,4.35258517973125,shared_2l_1pool
6454,5.096981069073081,0.6730558816343546,4.315895959734917,shared_2l_1pool
6455,5.102856084704399,0.6664770189672709,4.328748909756541,shared_2l_1pool
6456,5.044752964749932,0.6627121474593878,4.274387843906879,shared_2l_1pool
6457,5.026886006817222,0.65638218075037,4.2635370045900345,shared_2l_1pool
6458,5.037509836256504,0.6709091830998659,4.26143198274076,shared_2l_1pool
6459,5.0686190370470285,0.6540690083056688,4.306984832510352,shared_2l_1pool
6460,5.075239110738039,0.6630688440054655,4.304963164031506,shared_2l_1pool
6461,5.084281787276268,0.6735990755259991,4.301042994484305,shared_2l_1pool
6462,5.055704852566123,0.678270123898983,4.268391989171505,shared_2l_1pool
6463,5.0363801419734955,0.666776904836297,4.261372145265341,shared_2l_1pool
6464,5.040694959461689,0.663198996335268,4.26464295014739,shared_2l_1pool
6465,5.0751580856740475,0.6648101843893528,4.3013389222323895,shared_2l_1pool
6466,5.0332138780504465,0.6564930081367493,4.269036930054426,shared_2l_1pool
6467,5.071529885753989,0.6717969663441181,4.292372148483992,shared_2l_1pool
6468,5.087889963760972,0.6649510469287634,4.313231911510229,shared_2l_1pool
6469,6.384083069860935,1.8612230196595192,4.397951066493988,shared_2l_1pool
6470,5.077724112197757,0.6895798724144697,4.27785306237638,shared_2l_1pool
6471,5.100556882098317,0.6983969360589981,4.294766113162041,shared_2l_1pool
6472,5.0715189427137375,0.6805008742958307,4.282144131138921,shared_2l_1pool
6473,5.057398928329349,0.6599291227757931,4.288926953449845,shared_2l_1pool
6474,5.106255179271102,0.6753150373697281,4.32244804687798,shared_2l_1pool
6475,5.084257805719972,0.6560999900102615,4.318199120461941,shared_2l_1pool
6476,5.0502310041338205,0.6718148943036795,4.267658106982708,shared_2l_1pool
6477,5.060438998043537,0.6761890836060047,4.277226980775595,shared_2l_1pool
6478,5.033522844314575,0.6682528182864189,4.2574540711939335,shared_2l_1pool
6479,5.001293960958719,0.6507199723273516,4.244592040777206,shared_2l_1pool
6480,5.033694906160235,0.6560760084539652,4.272375954315066,shared_2l_1pool
6481,5.1064020954072475,0.6729438900947571,4.325190093368292,shared_2l_1pool
6482,5.083259893581271,0.6645158864557743,4.3091371189802885,shared_2l_1pool
6483,5.0383759662508965,0.6705329287797213,4.261526977643371,shared_2l_1pool
6484,5.046939942985773,0.6609889678657055,4.278047941625118,shared_2l_1pool
6485,6.364735076203942,1.8557249568402767,4.385774955153465,shared_2l_1pool
6486,5.090878112241626,0.690351938828826,4.29205410182476,shared_2l_1pool
6487,5.045546917244792,0.6737380754202604,4.26447088830173,shared_2l_1pool
6488,5.061235977336764,0.6735788192600012,4.281896166503429,shared_2l_1pool
6489,5.071940831840038,0.6822969298809767,4.282206064090133,shared_2l_1pool
6490,5.046051926910877,0.6836401298642159,4.2550149373710155,shared_2l_1pool
6491,5.05611882545054,0.673940870910883,4.275874001905322,shared_2l_1pool
6492,5.077186040580273,0.7063338998705149,4.261573078110814,shared_2l_1pool
6493,5.085068987682462,0.6841281428933144,4.295676946640015,shared_2l_1pool
6494,5.1071790512651205,0.6841549184173346,4.3149960692971945,shared_2l_1pool
6495,5.09192980825901,0.6813590880483389,4.302919842302799,shared_2l_1pool
6496,5.089764948934317,0.6713259499520063,4.306480986997485,shared_2l_1pool
6497,5.07523980922997,0.6558720488101244,4.315382102504373,shared_2l_1pool
6498,5.084627075120807,0.6593929138034582,4.317406099289656,shared_2l_1pool
6499,5.028952145949006,0.6591181736439466,4.2631488759070635,shared_2l_1pool
6500,5.080214003100991,0.6597700994461775,4.313196055591106,shared_2l_1pool
6501,6.355016957968473,1.8586530350148678,4.372303141281009,shared_2l_1pool
6502,5.070541054010391,0.6899458821862936,4.2740951757878065,shared_2l_1pool
6503,5.060842959210277,0.6664709653705359,4.285987000912428,shared_2l_1pool
6504,5.06151607260108,0.6705049891024828,4.283101065084338,shared_2l_1pool
6505,5.049670115113258,0.6668090354651213,4.274568986147642,shared_2l_1pool
6506,5.082947900518775,0.6624970119446516,4.306575981900096,shared_2l_1pool
6507,5.038705188781023,0.654455041512847,4.273314028978348,shared_2l_1pool
6508,5.043152021244168,0.6787190213799477,4.258727887645364,shared_2l_1pool
6509,5.0205448642373085,0.6614108569920063,4.253966035321355,shared_2l_1pool
6510,5.0291630905121565,0.6616669707000256,4.261480178683996,shared_2l_1pool
6511,5.02194301225245,0.6612620782107115,4.254197934642434,shared_2l_1pool
6512,5.01059484668076,0.6548701785504818,4.250351805239916,shared_2l_1pool
6513,5.039099836722016,0.6651130970567465,4.266704898327589,shared_2l_1pool
6514,5.031515145674348,0.662757083773613,4.260545829311013,shared_2l_1pool
6515,5.029535153880715,0.6699271034449339,4.252880113199353,shared_2l_1pool
6516,5.013727117329836,0.6682609673589468,4.239037167280912,shared_2l_1pool
6517,6.364406086504459,1.8734850455075502,4.364019026979804,shared_2l_1pool
6518,5.078674992546439,0.6837809924036264,4.287471994757652,shared_2l_1pool
6519,5.120151909068227,0.6766729056835175,4.335231147706509,shared_2l_1pool
6520,5.0610508769750595,0.6705289706587791,4.2785280384123325,shared_2l_1pool
6521,5.086679011583328,0.6653389427810907,4.315010970458388,shared_2l_1pool
6522,5.092444131150842,0.6722910329699516,4.31232200935483,shared_2l_1pool
6523,5.0850510597229,0.657812925055623,4.318078048527241,shared_2l_1pool
6524,5.080654984340072,0.6624280940741301,4.310263087972999,shared_2l_1pool
6525,5.065056029707193,0.6626669783145189,4.294815007597208,shared_2l_1pool
6526,5.068312166258693,0.6787891034036875,4.28425706923008,shared_2l_1pool
6527,5.083834985271096,0.6712249014526606,4.306452115997672,shared_2l_1pool
6528,5.068281898275018,0.6688120774924755,4.2935318779200315,shared_2l_1pool
6529,5.072987172752619,0.6720621604472399,4.295459948480129,shared_2l_1pool
6530,5.027557956054807,0.6569270044565201,4.265523049980402,shared_2l_1pool
6531,5.041075870394707,0.6646090187132359,4.270974081009626,shared_2l_1pool
6532,5.087722092866898,0.6709420122206211,4.309406038373709,shared_2l_1pool
6533,6.347127957269549,1.837531104683876,4.3830908834934235,shared_2l_1pool
6534,5.055485991761088,0.6724989507347345,4.2684548534452915,shared_2l_1pool
6535,5.048541119322181,0.6757278461009264,4.264078103005886,shared_2l_1pool
6536,5.044661927968264,0.6601030472666025,4.277938045561314,shared_2l_1pool
6537,5.083339987322688,0.6683201063424349,4.307341994717717,shared_2l_1pool
6538,5.07629313506186,0.6577400490641594,4.310889868065715,shared_2l_1pool
6539,5.0354760605841875,0.6627640686929226,4.268734948709607,shared_2l_1pool
6540,5.052436841651797,0.6774500943720341,4.266767064109445,shared_2l_1pool
6541,5.027152132242918,0.6537521257996559,4.266740987077355,shared_2l_1pool
6542,5.04355295561254,0.6602441426366568,4.275416024029255,shared_2l_1pool
6543,5.075582070276141,0.6895791739225388,4.277525003999472,shared_2l_1pool
6544,5.0666010938584805,0.6531691178679466,4.307473776862025,shared_2l_1pool
6545,5.0529660657048225,0.6560878828167915,4.286563955247402,shared_2l_1pool
6546,5.058221984654665,0.6595260929316282,4.293740959838033,shared_2l_1pool
6547,5.081992130726576,0.6685948465019464,4.305339185521007,shared_2l_1pool
6548,5.03552402369678,0.6515919230878353,4.277064930647612,shared_2l_1pool
6549,6.3916940707713366,1.8632211722433567,4.402693826705217,shared_2l_1pool
6550,5.106463097035885,0.6838240660727024,4.314040997996926,shared_2l_1pool
6551,5.093870917335153,0.676104100421071,4.3095729779452085,shared_2l_1pool
6552,5.111571168527007,0.6877479609102011,4.3173369485884905,shared_2l_1pool
6553,5.067117046564817,0.6747159641236067,4.2839511297643185,shared_2l_1pool
6554,5.057126982137561,0.6695420015603304,4.278971115127206,shared_2l_1pool
6555,5.096156848594546,0.6820159032940865,4.307714989408851,shared_2l_1pool
6556,5.06665906868875,0.6520191673189402,4.306464921683073,shared_2l_1pool
6557,5.059964954853058,0.6879200227558613,4.265038995072246,shared_2l_1pool
6558,5.08267804980278,0.6898660212755203,4.285407951101661,shared_2l_1pool
6559,5.070187849923968,0.6698239594697952,4.294096026569605,shared_2l_1pool
6560,5.086387973278761,0.6763939745724201,4.303862107917666,shared_2l_1pool
6561,5.104940151795745,0.6849949713796377,4.313573939725757,shared_2l_1pool
6562,5.083184922114015,0.6590590346604586,4.3173921294510365,shared_2l_1pool
6563,5.104566924273968,0.6756822112947702,4.323041997849941,shared_2l_1pool
6564,5.100144073367119,0.6838729605078697,4.310860065743327,shared_2l_1pool
6565,6.659595994278789,2.1384400315582752,4.393207840621471,shared_2l_1pool
6566,5.138132022693753,0.7008020766079426,4.329453920945525,shared_2l_1pool
6567,5.1195400301367044,0.677160918712616,4.333548946306109,shared_2l_1pool
6568,5.122884875163436,0.689612003043294,4.324221983551979,shared_2l_1pool
6569,5.10587589815259,0.6705389823764563,4.325268091633916,shared_2l_1pool
6570,5.049244966357946,0.6617060862481594,4.2800321243703365,shared_2l_1pool
6571,5.061349831521511,0.6635279860347509,4.289539065212011,shared_2l_1pool
6572,5.058913957327604,0.681058969348669,4.268835997208953,shared_2l_1pool
6573,5.101810209453106,0.6772649940103292,4.315726924687624,shared_2l_1pool
6574,5.096907028928399,0.6715140771120787,4.318683873862028,shared_2l_1pool
6575,5.0972457975149155,0.678220996633172,4.313531098887324,shared_2l_1pool
6576,5.112173035740852,0.6864040624350309,4.316683858633041,shared_2l_1pool
6577,5.037116818130016,0.6657361518591642,4.2649200186133385,shared_2l_1pool
6578,5.093374056741595,0.6781329866498709,4.3084570206701756,shared_2l_1pool
6579,5.100216018036008,0.6609749980270863,4.319530911743641,shared_2l_1pool
6580,5.067756166681647,0.671223970130086,4.2868980672210455,shared_2l_1pool
6581,6.394827039912343,1.885073957964778,4.380399128422141,shared_2l_1pool
6582,5.115504143759608,0.6911391392350197,4.314778838306665,shared_2l_1pool
6583,5.135529907420278,0.7072868756949902,4.320681095123291,shared_2l_1pool
6584,5.119309993460774,0.6772130727767944,4.333672812208533,shared_2l_1pool
6585,5.080615868791938,0.6929049268364906,4.280288005247712,shared_2l_1pool
6586,5.053082015365362,0.6690549198538065,4.275551065802574,shared_2l_1pool
6587,5.079144146293402,0.6772351916879416,4.296238999813795,shared_2l_1pool
6588,5.058199865743518,0.6740849930793047,4.2771699372678995,shared_2l_1pool
6589,5.032149143517017,0.6660858634859324,4.2603230103850365,shared_2l_1pool
6590,5.048091989010572,0.6713229231536388,4.269335186108947,shared_2l_1pool
6591,5.08432206697762,0.6822959985584021,4.2944978922605515,shared_2l_1pool
6592,5.095861153677106,0.6776659283787012,4.306736867874861,shared_2l_1pool
6593,5.086381919682026,0.6756519433110952,4.303924040868878,shared_2l_1pool
6594,5.0975841004401445,0.6871230434626341,4.30170982144773,shared_2l_1pool
6595,5.101023009046912,0.6754430942237377,4.317639861255884,shared_2l_1pool
6596,5.163999041542411,0.7148250006139278,4.33677900582552,shared_2l_1pool
6597,6.390564143657684,1.860941993072629,4.402562044560909,shared_2l_1pool
6598,5.1170820370316505,0.6932560354471207,4.313776036724448,shared_2l_1pool
6599,5.121337948367,0.6841011345386505,4.329249961301684,shared_2l_1pool
6600,5.145012168213725,0.6952150724828243,4.340401850640774,shared_2l_1pool
6601,5.103228846564889,0.6752060726284981,4.317773040384054,shared_2l_1pool
6602,5.076861009001732,0.6810619961470366,4.281669156625867,shared_2l_1pool
6603,5.06938504986465,0.6773560307919979,4.279116867110133,shared_2l_1pool
6604,5.093818996101618,0.6788680329918861,4.305612063035369,shared_2l_1pool
6605,5.065257893875241,0.6675010081380606,4.2891299817711115,shared_2l_1pool
6606,5.061140051111579,0.6715510971844196,4.279803019016981,shared_2l_1pool
6607,5.042155040428042,0.6703140679746866,4.264169838279486,shared_2l_1pool
6608,5.06506091915071,0.6798761896789074,4.278983920812607,shared_2l_1pool
6609,5.05262310616672,0.6650430150330067,4.278830019757152,shared_2l_1pool
6610,5.0805360078811646,0.6759190000593662,4.297866951674223,shared_2l_1pool
6611,5.048847058787942,0.6673107855021954,4.272844176739454,shared_2l_1pool
6612,5.068672122433782,0.6856650579720736,4.274730104953051,shared_2l_1pool
6613,6.411720998585224,1.8911128863692284,4.392198054119945,shared_2l_1pool
6614,5.092135863378644,0.6833369843661785,4.298791056498885,shared_2l_1pool
6615,5.05081913433969,0.6731380708515644,4.269412020221353,shared_2l_1pool
6616,5.072399973869324,0.6853658705949783,4.277249099686742,shared_2l_1pool
6617,5.055907880887389,0.6852340884506702,4.265093943104148,shared_2l_1pool
6618,5.045672180131078,0.6795329973101616,4.258473869413137,shared_2l_1pool
6619,5.033165914937854,0.6694619078189135,4.255922045558691,shared_2l_1pool
6620,5.034477915614843,0.6691771559417248,4.25846385769546,shared_2l_1pool
6621,5.067744990810752,0.6837870460003614,4.277447937056422,shared_2l_1pool
6622,5.058427806943655,0.6812748033553362,4.271367099136114,shared_2l_1pool
6623,5.08783501572907,0.6807090248912573,4.29939292371273,shared_2l_1pool
6624,5.082559073343873,0.6706109270453453,4.303558962419629,shared_2l_1pool
6625,5.111045902594924,0.6636709440499544,4.333569901064038,shared_2l_1pool
6626,5.0900529604405165,0.688586849719286,4.291933961212635,shared_2l_1pool
6627,5.166511982679367,0.6849670317023993,4.3041768949478865,shared_2l_1pool
6628,5.142474779859185,0.7269249763339758,4.287927178665996,shared_2l_1pool
6629,6.518135080114007,1.9149510189890862,4.474519984796643,shared_2l_1pool
6630,5.239137914031744,0.7046489045023918,4.424135899171233,shared_2l_1pool
6631,5.188083974644542,0.6871949881315231,4.392633913084865,shared_2l_1pool
6632,5.174942081794143,0.6863509770482779,4.3796091340482235,shared_2l_1pool
6633,5.183816887438297,0.68878591991961,4.388095112517476,shared_2l_1pool
6634,5.20335091277957,0.6768519524484873,4.4177190866321325,shared_2l_1pool
6635,5.154856014996767,0.6812659557908773,4.367206012830138,shared_2l_1pool
6636,5.156737985089421,0.6746440194547176,4.373872885480523,shared_2l_1pool
6637,5.158039974048734,0.6771129556000233,4.371465183794498,shared_2l_1pool
6638,5.182184977456927,0.6880820728838444,4.385000094771385,shared_2l_1pool
6639,5.18580200150609,0.6873130332678556,4.390415037050843,shared_2l_1pool
6640,5.1321350038051605,0.6693769246339798,4.355024080723524,shared_2l_1pool
6641,5.146282957866788,0.6803181022405624,4.356967052444816,shared_2l_1pool
6642,5.171290133148432,0.680312979966402,4.382323008030653,shared_2l_1pool
6643,5.158851854503155,0.6800221744924784,4.372288938611746,shared_2l_1pool
6644,5.173661047592759,0.7111979648470879,4.355129087343812,shared_2l_1pool
6645,6.446442799642682,1.8896451219916344,4.427919862791896,shared_2l_1pool
6646,5.149549106135964,0.6926099304109812,4.34577208943665,shared_2l_1pool
6647,5.136165069416165,0.690168933942914,4.335842095315456,shared_2l_1pool
6648,5.141315050423145,0.6748498417437077,4.358316073194146,shared_2l_1pool
6649,5.156123079359531,0.683631980791688,4.362691193819046,shared_2l_1pool
6650,5.109293852001429,0.6839220877736807,4.315237049013376,shared_2l_1pool
6651,5.1249798852950335,0.690290005877614,4.326955182477832,shared_2l_1pool
6652,5.140700843185186,0.719109084457159,4.3126370292156935,shared_2l_1pool
6653,5.130070960149169,0.7139870431274176,4.310298012569547,shared_2l_1pool
6654,5.101297982037067,0.678167911246419,4.315756028518081,shared_2l_1pool
6655,5.101196933537722,0.69264299236238,4.301336128264666,shared_2l_1pool
6656,5.1012730691581964,0.690581975504756,4.300967091694474,shared_2l_1pool
6657,5.086001008749008,0.680580036714673,4.297776846215129,shared_2l_1pool
6658,5.081982119008899,0.6767830345779657,4.296156112104654,shared_2l_1pool
6659,5.1113879308104515,0.6825909949839115,4.3211888987571,shared_2l_1pool
6660,5.097668152302504,0.6781108677387238,4.312918055802584,shared_2l_1pool
6661,6.495574954897165,1.8907359335571527,4.46977186948061,shared_2l_1pool
6662,5.200278013944626,0.7175838109105825,4.370245151221752,shared_2l_1pool
6663,5.357078043743968,0.7867829408496618,4.459659103304148,shared_2l_1pool
6664,5.184701876714826,0.6973829586058855,4.378170007839799,shared_2l_1pool
6665,5.161174805834889,0.7059709168970585,4.345565102994442,shared_2l_1pool
6666,5.116381915286183,0.6852610968053341,4.323117900639772,shared_2l_1pool
6667,5.196886137127876,0.7042689248919487,4.382620099931955,shared_2l_1pool
6668,5.158314015716314,0.7019799668341875,4.347062204033136,shared_2l_1pool
6669,5.165877053514123,0.6875470280647278,4.368960857391357,shared_2l_1pool
6670,5.145310889929533,0.6873069796711206,4.345687106251717,shared_2l_1pool
6671,5.2013099193573,0.7022109348326921,4.385330015793443,shared_2l_1pool
6672,5.149830831214786,0.6872259546071291,4.353407071903348,shared_2l_1pool
6673,5.139071960002184,0.6928679067641497,4.336519166827202,shared_2l_1pool
6674,5.166097078472376,0.7042570505291224,4.350084811449051,shared_2l_1pool
6675,5.17868110910058,0.6824689917266369,4.380829865112901,shared_2l_1pool
6676,5.185109097510576,0.6784510333091021,4.396407166495919,shared_2l_1pool
6677,6.445986917242408,1.8777749501168728,4.4389041140675545,shared_2l_1pool
6678,5.27025805786252,0.7471891585737467,4.406472900882363,shared_2l_1pool
6679,5.192668875679374,0.6943840999156237,4.387371940538287,shared_2l_1pool
6680,5.198508966714144,0.689192907884717,4.3963179923594,shared_2l_1pool
6681,5.161917069926858,0.703366007655859,4.346698056906462,shared_2l_1pool
6682,5.163917085155845,0.7025320082902908,4.346715984866023,shared_2l_1pool
6683,5.13509102165699,0.6853858940303326,4.341058200225234,shared_2l_1pool
6684,5.1401169039309025,0.6882390007376671,4.342392086982727,shared_2l_1pool
6685,5.125714000314474,0.6776659283787012,4.336575977504253,shared_2l_1pool
6686,5.127293989062309,0.6749420426785946,4.344027955085039,shared_2l_1pool
6687,5.192129174247384,0.7222199346870184,4.361307015642524,shared_2l_1pool
6688,5.134653067216277,0.6830419879406691,4.341178108006716,shared_2l_1pool
6689,5.158559884876013,0.7008151151239872,4.349027061834931,shared_2l_1pool
6690,5.159879103302956,0.6989219691604376,4.351988900452852,shared_2l_1pool
6691,5.11653209105134,0.6699678488075733,4.3367191683501005,shared_2l_1pool
6692,5.123545182868838,0.6795239169150591,4.334147088229656,shared_2l_1pool
6693,6.51270616799593,1.9253429491072893,4.456796916201711,shared_2l_1pool
6694,5.203319014981389,0.7143879774957895,4.3777949176728725,shared_2l_1pool
6695,5.176873179152608,0.7029878906905651,4.367111017927527,shared_2l_1pool
6696,5.174301099032164,0.6903470493853092,4.374206997454166,shared_2l_1pool
6697,5.165329203009605,0.7044379599392414,4.352782154455781,shared_2l_1pool
6698,5.201730877161026,0.7306721527129412,4.360937979072332,shared_2l_1pool
6699,5.194442113861442,0.6962630432099104,4.389347042888403,shared_2l_1pool
6700,5.13179088011384,0.6902641616761684,4.332311917096376,shared_2l_1pool
6701,5.11181796900928,0.6820801645517349,4.320887848734856,shared_2l_1pool
6702,5.141526227816939,0.6994910072535276,4.335177829489112,shared_2l_1pool
6703,5.119632929563522,0.6695161573588848,4.3437189888209105,shared_2l_1pool
6704,5.107118049636483,0.6837758701294661,4.314342048019171,shared_2l_1pool
6705,5.120906047523022,0.6899461150169373,4.322757013142109,shared_2l_1pool
6706,5.135922925546765,0.6825542077422142,4.346658941358328,shared_2l_1pool
6707,5.129264900460839,0.6872201338410378,4.332365933805704,shared_2l_1pool
6708,5.117219174280763,0.6778452079743147,4.328441806137562,shared_2l_1pool
6709,6.446487037464976,1.8665899988263845,4.45320107974112,shared_2l_1pool
6710,5.158388055860996,0.7026519160717726,4.344174172729254,shared_2l_1pool
6711,5.183346103876829,0.6967619992792606,4.378235898911953,shared_2l_1pool
6712,5.164203001186252,0.6927489303052425,4.3676989153027534,shared_2l_1pool
6713,5.145549075677991,0.6784149445593357,4.359452985227108,shared_2l_1pool
6714,5.1593228708952665,0.6824701558798552,4.367708927020431,shared_2l_1pool
6715,5.209367023780942,0.7047271355986595,4.396599950268865,shared_2l_1pool
6716,5.208988906815648,0.7003960199654102,4.39732801169157,shared_2l_1pool
6717,5.202303174883127,0.6997669115662575,4.390463000163436,shared_2l_1pool
6718,5.130304954946041,0.6824289448559284,4.3402190785855055,shared_2l_1pool
6719,5.163369933143258,0.6742230616509914,4.383161896839738,shared_2l_1pool
6720,5.1380370277911425,0.6830559577792883,4.344596993178129,shared_2l_1pool
6721,5.145880160853267,0.7071241270750761,4.330738913267851,shared_2l_1pool
6722,5.136959021911025,0.6766228470951319,4.351834068074822,shared_2l_1pool
6723,5.149186123162508,0.6974958814680576,4.3433180544525385,shared_2l_1pool
6724,5.12814219109714,0.6786049343645573,4.344764864072204,shared_2l_1pool
6725,6.484590005129576,1.8863030709326267,4.470922984182835,shared_2l_1pool
6726,5.180419888347387,0.7097858469933271,4.358835052698851,shared_2l_1pool
6727,5.207740003243089,0.7054540328681469,4.392898874357343,shared_2l_1pool
6728,5.197362042963505,0.6863169837743044,4.400376928970218,shared_2l_1pool
6729,5.211733048781753,0.6914441473782063,4.408966982737184,shared_2l_1pool
6730,5.143105983734131,0.6957119330763817,4.33730985969305,shared_2l_1pool
6731,5.171661963686347,0.7043769583106041,4.357430152595043,shared_2l_1pool
6732,5.198055878281593,0.7098640780895948,4.378417041152716,shared_2l_1pool
6733,5.207450827583671,0.7023878861218691,4.39542206004262,shared_2l_1pool
6734,5.177516024559736,0.6908399518579245,4.377350909635425,shared_2l_1pool
6735,5.189743125811219,0.6973978597670794,4.385157022625208,shared_2l_1pool
6736,5.169813055545092,0.6764489226043224,4.38574911095202,shared_2l_1pool
6737,5.188792012631893,0.6849321071058512,4.394176881760359,shared_2l_1pool
6738,5.171610973775387,0.6876070983707905,4.376667086035013,shared_2l_1pool
6739,5.191804142668843,0.6912769749760628,4.392944043502212,shared_2l_1pool
6740,5.186502821743488,0.6878550630062819,4.388350993394852,shared_2l_1pool
6741,6.464909994974732,1.8842751160264015,4.452125867828727,shared_2l_1pool
6742,5.199242848902941,0.7043408695608377,4.383319057524204,shared_2l_1pool
6743,5.158533807843924,0.679156044498086,4.371419083327055,shared_2l_1pool
6744,5.133144091814756,0.6813278887420893,4.343334119766951,shared_2l_1pool
6745,5.166820948943496,0.7043380755931139,4.353026859462261,shared_2l_1pool
6746,5.2060759626328945,0.6996430456638336,4.387455992400646,shared_2l_1pool
6747,5.178812891244888,0.7125549018383026,4.353947006165981,shared_2l_1pool
6748,5.165942944586277,0.6802389398217201,4.370457027107477,shared_2l_1pool
6749,5.208638031035662,0.7038898766040802,4.39718714915216,shared_2l_1pool
6750,5.142957903444767,0.6902990862727165,4.344844957813621,shared_2l_1pool
6751,5.168691044673324,0.6962469778954983,4.363398998975754,shared_2l_1pool
6752,5.119574023410678,0.6871339865028858,4.325164016336203,shared_2l_1pool
6753,5.176360951736569,0.6898918654769659,4.373701987788081,shared_2l_1pool
6754,5.178209859877825,0.682357931509614,4.385203123092651,shared_2l_1pool
6755,5.1721129566431046,0.6798699032515287,4.38307598233223,shared_2l_1pool
6756,5.1687550731003284,0.6899810396134853,4.37102816067636,shared_2l_1pool
6757,6.482206983491778,1.8988328520208597,4.450409207493067,shared_2l_1pool
6758,5.241671111434698,0.7156908977776766,4.413984948769212,shared_2l_1pool
6759,5.161619978025556,0.7151640020310879,4.334836965426803,shared_2l_1pool
6760,5.172599107027054,0.7011080160737038,4.360683960840106,shared_2l_1pool
6761,5.168878939002752,0.6981061305850744,4.363196901977062,shared_2l_1pool
6762,5.1830848678946495,0.7057029288262129,4.368007881566882,shared_2l_1pool
6763,5.175461061298847,0.6893228273838758,4.37674717977643,shared_2l_1pool
6764,5.175078054890037,0.7012118585407734,4.360237158834934,shared_2l_1pool
6765,5.158778978511691,0.6964388303458691,4.351909039542079,shared_2l_1pool
6766,5.177559098228812,0.6967710796743631,4.370675887912512,shared_2l_1pool
6767,5.140556022524834,0.6906029302626848,4.341209074482322,shared_2l_1pool
6768,5.168118979781866,0.6877249106764793,4.365718923509121,shared_2l_1pool
6769,5.129893077537417,0.6923768669366837,4.32806508615613,shared_2l_1pool
6770,5.1307890098541975,0.6819318514317274,4.340830957517028,shared_2l_1pool
6771,5.192084005102515,0.705877086147666,4.376981873065233,shared_2l_1pool
6772,5.134009988978505,0.7063939701765776,4.317734157666564,shared_2l_1pool
6773,6.488077808171511,1.9215489737689495,4.436944145709276,shared_2l_1pool
6774,5.191882140934467,0.7207870949059725,4.360418999567628,shared_2l_1pool
6775,5.16453804448247,0.7093718741089106,4.3425001204013824,shared_2l_1pool
6776,5.1800531800836325,0.7063569501042366,4.36202110722661,shared_2l_1pool
6777,5.196236073970795,0.7146080024540424,4.369564121589065,shared_2l_1pool
6778,5.215069046244025,0.7098279893398285,4.393795970827341,shared_2l_1pool
6779,5.192937096580863,0.6897710263729095,4.392266971990466,shared_2l_1pool
6780,5.147438962012529,0.7027541287243366,4.335087025538087,shared_2l_1pool
6781,5.150835961103439,0.6995080038905144,4.3406670447438955,shared_2l_1pool
6782,5.175933009013534,0.7214851211756468,4.341971827670932,shared_2l_1pool
6783,5.210445029661059,0.708678038790822,4.381631966680288,shared_2l_1pool
6784,5.226318025961518,0.7208259776234627,4.391429014503956,shared_2l_1pool
6785,5.195765057578683,0.6929400842636824,4.3905628845095634,shared_2l_1pool
6786,5.210669944062829,0.722960103303194,4.374770913273096,shared_2l_1pool
6787,5.216032965108752,0.704857986420393,4.398202057927847,shared_2l_1pool
6788,5.181049928069115,0.7092871237546206,4.3569759000092745,shared_2l_1pool
6789,6.550632882863283,1.9498888868838549,4.463911987841129,shared_2l_1pool
6790,5.190704017877579,0.7173621561378241,4.360087914392352,shared_2l_1pool
6791,5.210748873651028,0.7216359954327345,4.375521093606949,shared_2l_1pool
6792,5.174867808818817,0.706919003278017,4.3566778767853975,shared_2l_1pool
6793,5.238530924543738,0.7140480447560549,4.411777015775442,shared_2l_1pool
6794,5.245409905910492,0.7266469765454531,4.403013037517667,shared_2l_1pool
6795,5.177237093448639,0.7112009916454554,4.353341879323125,shared_2l_1pool
6796,5.196252837777138,0.7160021923482418,4.3696449138224125,shared_2l_1pool
6797,5.227408139035106,0.7059280760586262,4.411858972162008,shared_2l_1pool
6798,5.196824902668595,0.6980448961257935,4.388202913105488,shared_2l_1pool
6799,5.215848097577691,0.7168159354478121,4.385739099234343,shared_2l_1pool
6800,5.1713730208575726,0.7002991624176502,4.357355879619718,shared_2l_1pool
6801,5.203051958233118,0.6918821018189192,4.399640951305628,shared_2l_1pool
6802,5.199562991037965,0.699169933795929,4.386843182146549,shared_2l_1pool
6803,5.216004094108939,0.7278569974005222,4.377498058602214,shared_2l_1pool
6804,5.224819993600249,0.7094999309629202,4.4031948782503605,shared_2l_1pool
6805,6.495632929727435,1.913151005282998,4.453374072909355,shared_2l_1pool
6806,5.267004948109388,0.7356738205999136,4.417593125253916,shared_2l_1pool
6807,5.21835801191628,0.71747787296772,4.386974032968283,shared_2l_1pool
6808,5.229126894846559,0.705640995875001,4.411762114614248,shared_2l_1pool
6809,5.225072149187326,0.705112935975194,4.408586071804166,shared_2l_1pool
6810,5.189071176573634,0.7100999355316162,4.366655135527253,shared_2l_1pool
6811,5.214070901274681,0.7101150695234537,4.394572926685214,shared_2l_1pool
6812,5.172697827219963,0.710278982296586,4.351685056462884,shared_2l_1pool
6813,5.212744930759072,0.7031809072941542,4.399503115564585,shared_2l_1pool
6814,5.185676971450448,0.7005541119724512,4.373541800305247,shared_2l_1pool
6815,5.355107132345438,0.7333050016313791,4.348482936620712,shared_2l_1pool
6816,5.243994994089007,0.7468471303582191,4.387437831610441,shared_2l_1pool
6817,5.202841013669968,0.7160219829529524,4.374564858153462,shared_2l_1pool
6818,5.180720007047057,0.696136150509119,4.374656826257706,shared_2l_1pool
6819,5.149242002516985,0.6995538715273142,4.340247018262744,shared_2l_1pool
6820,5.14686293900013,0.6977349985390902,4.339845851063728,shared_2l_1pool
6821,6.544244010001421,1.9412830006331205,4.471353022381663,shared_2l_1pool
6822,5.226081004366279,0.7100328803062439,4.40394994802773,shared_2l_1pool
6823,5.223858868703246,0.7289459463208914,4.384804982692003,shared_2l_1pool
6824,5.153074162080884,0.6988130044192076,4.342642147094011,shared_2l_1pool
6825,5.169418873265386,0.7108591962605715,4.349614959210157,shared_2l_1pool
6826,5.1756431348621845,0.7067581173032522,4.3583649676293135,shared_2l_1pool
6827,5.179349100217223,0.7082219235599041,4.359398037195206,shared_2l_1pool
6828,5.199281964451075,0.7129211444407701,4.374230047687888,shared_2l_1pool
6829,5.176712060347199,0.697277020663023,4.368928028270602,shared_2l_1pool
6830,5.2239669021219015,0.713579123839736,4.3982770293951035,shared_2l_1pool
6831,5.153940059244633,0.6815781816840172,4.362856037914753,shared_2l_1pool
6832,5.161158973351121,0.6839989218860865,4.367745015770197,shared_2l_1pool
6833,5.190401105210185,0.7053159642964602,4.376304103061557,shared_2l_1pool
6834,5.16469101421535,0.6893598474562168,4.362951032817364,shared_2l_1pool
6835,5.230301059782505,0.7202329579740763,4.39789704978466,shared_2l_1pool
6836,5.157763138413429,0.6966858636587858,4.355308134108782,shared_2l_1pool
6837,6.518898066133261,1.9372720271348953,4.45116707123816,shared_2l_1pool
6838,5.180098116397858,0.7124480325728655,4.355350974947214,shared_2l_1pool
6839,5.220704013481736,0.7153318729251623,4.396416945382953,shared_2l_1pool
6840,5.181209882721305,0.7079038769006729,4.362083040177822,shared_2l_1pool
6841,5.218592006713152,0.7083311211317778,4.398878896608949,shared_2l_1pool
6842,5.221041850745678,0.714652007445693,4.39580506645143,shared_2l_1pool
6843,5.214568926021457,0.7070309948176146,4.400199046358466,shared_2l_1pool
6844,5.180775886401534,0.6946439389139414,4.381995880976319,shared_2l_1pool
6845,5.149307893589139,0.68715400993824,4.353296011686325,shared_2l_1pool
6846,5.1685001235455275,0.7063460070639849,4.351430805400014,shared_2l_1pool
6847,5.1919028628617525,0.7092850282788277,4.371920134872198,shared_2l_1pool
6848,5.21522993221879,0.7118768990039825,4.393025999888778,shared_2l_1pool
6849,5.203397944569588,0.735222827643156,4.356243181973696,shared_2l_1pool
6850,5.162321031093597,0.6958700250834227,4.354565870016813,shared_2l_1pool
6851,5.144423106685281,0.6893239915370941,4.346153931692243,shared_2l_1pool
6852,5.177335115149617,0.7001408375799656,4.3683829717338085,shared_2l_1pool
6853,6.552961887791753,1.9557059276849031,4.469339968636632,shared_2l_1pool
6854,5.222745938226581,0.7129900623112917,4.398708930239081,shared_2l_1pool
6855,5.219499114900827,0.7143809925764799,4.392527975142002,shared_2l_1pool
6856,5.226786946877837,0.7096121553331614,4.405490821227431,shared_2l_1pool
6857,5.204282933846116,0.7129779551178217,4.380364902317524,shared_2l_1pool
6858,5.172769073396921,0.6907440256327391,4.373318050056696,shared_2l_1pool
6859,5.171768134459853,0.6740449462085962,4.38526994548738,shared_2l_1pool
6860,5.185691174119711,0.7099818903952837,4.365195985883474,shared_2l_1pool
6861,5.170711083337665,0.7013350259512663,4.36075497418642,shared_2l_1pool
6862,5.137771833688021,0.7033320143818855,4.328862065449357,shared_2l_1pool
6863,5.2205040119588375,0.7026710081845522,4.406297113746405,shared_2l_1pool
6864,5.193443037569523,0.7041068747639656,4.382019164040685,shared_2l_1pool
6865,5.186781985685229,0.7045650854706764,4.375838907435536,shared_2l_1pool
6866,5.170852178707719,0.6950229872018099,4.372777882963419,shared_2l_1pool
6867,5.190832074731588,0.7012020796537399,4.3802098371088505,shared_2l_1pool
6868,5.193531978875399,0.7159821689128876,4.371587885543704,shared_2l_1pool
6869,6.52262382209301,1.9170830491930246,4.476347006857395,shared_2l_1pool
6870,5.226426059380174,0.7199340034276247,4.392039962112904,shared_2l_1pool
6871,5.204353015869856,0.7144859991967678,4.375339951366186,shared_2l_1pool
6872,5.239591933786869,0.7160648237913847,4.409499000757933,shared_2l_1pool
6873,5.229612113907933,0.7173488847911358,4.402237944304943,shared_2l_1pool
6874,5.2578558679670095,0.7412999402731657,4.396034171804786,shared_2l_1pool
6875,5.332889035344124,0.7825191132724285,4.423670005053282,shared_2l_1pool
6876,5.3215050138533115,0.777173088863492,4.421724937856197,shared_2l_1pool
6877,5.336866015568376,0.7912239525467157,4.426201106980443,shared_2l_1pool
6878,5.267251981422305,0.7682149298489094,4.380624974146485,shared_2l_1pool
6879,5.239085992798209,0.7543631363660097,4.3743320275098085,shared_2l_1pool
6880,5.196576006710529,0.7357178255915642,4.351983079686761,shared_2l_1pool
6881,5.206105066463351,0.7365420460700989,4.355178913101554,shared_2l_1pool
6882,5.204593064263463,0.7380868773907423,4.34968713670969,shared_2l_1pool
6883,5.185429938137531,0.7225819863379002,4.351497860625386,shared_2l_1pool
6884,5.204295972362161,0.7290660869330168,4.362144041806459,shared_2l_1pool
6885,6.652995944023132,1.9697269890457392,4.548914032056928,shared_2l_1pool
6886,5.354837980121374,0.7417991291731596,4.490444902330637,shared_2l_1pool
6887,5.3009160328656435,0.7256711833178997,4.462746903300285,shared_2l_1pool
6888,5.297616124153137,0.7327739149332047,4.452466033399105,shared_2l_1pool
6889,5.38357300683856,0.7533598691225052,4.516693064942956,shared_2l_1pool
6890,5.310672102496028,0.7079211063683033,4.490789957344532,shared_2l_1pool
6891,5.296332063153386,0.7273298688232899,4.458226030692458,shared_2l_1pool
6892,5.277731921523809,0.7171400357037783,4.450811073184013,shared_2l_1pool
6893,5.262541119009256,0.6980090402066708,4.453378031030297,shared_2l_1pool
6894,5.312633002176881,0.7112049497663975,4.489789018407464,shared_2l_1pool
6895,5.295359063893557,0.6972409319132566,4.490135004743934,shared_2l_1pool
6896,5.267007974907756,0.7042619399726391,4.4525740668177605,shared_2l_1pool
6897,5.306599894538522,0.7561568636447191,4.438809119164944,shared_2l_1pool
6898,5.291087087243795,0.7110051810741425,4.464528989046812,shared_2l_1pool
6899,5.307805957272649,0.715021975338459,4.48188791051507,shared_2l_1pool
6900,5.282531958073378,0.7191488984972239,4.452324006706476,shared_2l_1pool
6901,6.578599801287055,1.9545659888535738,4.494633059948683,shared_2l_1pool
6902,5.264517152681947,0.7182769477367401,4.434663103893399,shared_2l_1pool
6903,5.267500877380371,0.7293799426406622,4.428162006661296,shared_2l_1pool
6904,5.2590579725801945,0.7051830179989338,4.441229859367013,shared_2l_1pool
6905,5.222097970545292,0.6991710979491472,4.414914874359965,shared_2l_1pool
6906,5.215715849772096,0.6847369950264692,4.421028075739741,shared_2l_1pool
6907,5.229349946603179,0.7055578753352165,4.4141411781311035,shared_2l_1pool
6908,5.18184807151556,0.6926869973540306,4.381889943033457,shared_2l_1pool
6909,5.200949031859636,0.7239598780870438,4.3691289611160755,shared_2l_1pool
6910,5.191817879676819,0.7048130501061678,4.377810982987285,shared_2l_1pool
6911,5.184781039133668,0.7017301395535469,4.376381868496537,shared_2l_1pool
6912,5.183328874409199,0.6941049359738827,4.381190054118633,shared_2l_1pool
6913,5.23179117590189,0.7108049467206001,4.4155900832265615,shared_2l_1pool
6914,5.189247895032167,0.6961401086300611,4.388940986245871,shared_2l_1pool
6915,5.24064083583653,0.6997180171310902,4.430116852745414,shared_2l_1pool
6916,5.225569941103458,0.7000379264354706,4.416512092575431,shared_2l_1pool
6917,6.583786103874445,1.8981718458235264,4.55928104929626,shared_2l_1pool
6918,5.294289905577898,0.7239989936351776,4.457324976101518,shared_2l_1pool
6919,5.272319074720144,0.7136908825486898,4.449066007509828,shared_2l_1pool
6920,5.290226079523563,0.7118149660527706,4.465196980163455,shared_2l_1pool
6921,5.2669181022793055,0.6910988595336676,4.465695004910231,shared_2l_1pool
6922,5.2725160494446754,0.7052309811115265,4.458558047190309,shared_2l_1pool
6923,5.214408040046692,0.6989280227571726,4.406601889058948,shared_2l_1pool
6924,5.227278219535947,0.7096719928085804,4.412590991705656,shared_2l_1pool
6925,5.219402024522424,0.6922150496393442,4.421729827299714,shared_2l_1pool
6926,5.224552005529404,0.6791350897401571,4.4357317965477705,shared_2l_1pool
6927,5.217456026002765,0.7020239718258381,4.407895030453801,shared_2l_1pool
6928,5.20093203522265,0.6826149765402079,4.409905057400465,shared_2l_1pool
6929,5.217791069298983,0.6815008819103241,4.4278770219534636,shared_2l_1pool
6930,5.189168034121394,0.6990819238126278,4.383346065878868,shared_2l_1pool
6931,5.202668020501733,0.6934120319783688,4.404402105137706,shared_2l_1pool
6932,5.211174953728914,0.7009580731391907,4.399249097332358,shared_2l_1pool
6933,6.56511215493083,1.90080888569355,4.536908119916916,shared_2l_1pool
6934,5.255057010799646,0.7187728770077229,4.428242100402713,shared_2l_1pool
6935,5.213939119130373,0.7105919066816568,4.394381074234843,shared_2l_1pool
6936,5.263820057734847,0.7036479655653238,4.450851120054722,shared_2l_1pool
6937,5.239626858383417,0.6978730671107769,4.432280082255602,shared_2l_1pool
6938,5.2484250627458096,0.7063630037009716,4.434922942891717,shared_2l_1pool
6939,5.268008913844824,0.7020800840109587,4.457172937691212,shared_2l_1pool
6940,5.250300979241729,0.6735750939697027,4.468730883672833,shared_2l_1pool
6941,5.256168078631163,0.6861069705337286,4.46292688138783,shared_2l_1pool
6942,5.275667877867818,0.7036030292510986,4.461186937987804,shared_2l_1pool
6943,5.226826993748546,0.6934618577361107,4.424368031322956,shared_2l_1pool
6944,5.211305106058717,0.6842529401183128,4.4167800806462765,shared_2l_1pool
6945,5.217330995947123,0.695347785949707,4.414999159052968,shared_2l_1pool
6946,5.257511977106333,0.6953449919819832,4.4552490580827,shared_2l_1pool
6947,5.26727712713182,0.7126401178538799,4.447235958650708,shared_2l_1pool
6948,5.2858630660921335,0.7089050486683846,4.468003986403346,shared_2l_1pool
6949,6.843427894636989,2.1827409509569407,4.535588901489973,shared_2l_1pool
6950,5.3013579454272985,0.7266909815371037,4.4640719424933195,shared_2l_1pool
6951,5.274150986224413,0.6952250842005014,4.471048945561051,shared_2l_1pool
6952,5.22391707636416,0.7022959180176258,4.413188900798559,shared_2l_1pool
6953,5.25468192063272,0.6942050531506538,4.449604079127312,shared_2l_1pool
6954,5.254059098660946,0.699350843206048,4.444519989192486,shared_2l_1pool
6955,5.261345067992806,0.7066498510539532,4.445206141099334,shared_2l_1pool
6956,5.267747910693288,0.7136370986700058,4.443035926669836,shared_2l_1pool
6957,5.245534935966134,0.7125381380319595,4.425223916769028,shared_2l_1pool
6958,5.27163315564394,0.7028079126030207,4.460252122953534,shared_2l_1pool
6959,5.2364361472427845,0.6920769810676575,4.437801195308566,shared_2l_1pool
6960,5.221555940806866,0.6819188129156828,4.431786015629768,shared_2l_1pool
6961,5.260820966213942,0.7026861421763897,4.451148910447955,shared_2l_1pool
6962,5.246828077360988,0.6918539293110371,4.445981001481414,shared_2l_1pool
6963,5.215221084654331,0.6935868877917528,4.413614049553871,shared_2l_1pool
6964,5.2345809526741505,0.701643992215395,4.423347068950534,shared_2l_1pool
6965,6.564226001501083,1.9011760596185923,4.533400991931558,shared_2l_1pool
6966,5.230360897257924,0.7121800445020199,4.407863132655621,shared_2l_1pool
6967,5.248325876891613,0.7135840132832527,4.42303204908967,shared_2l_1pool
6968,5.288227926939726,0.7033220026642084,4.471426131203771,shared_2l_1pool
6969,5.220900988206267,0.7092561572790146,4.405700834468007,shared_2l_1pool
6970,5.22804819047451,0.7018381729722023,4.418345866724849,shared_2l_1pool
6971,5.230759037658572,0.7169260643422604,4.403715021908283,shared_2l_1pool
6972,5.254325922578573,0.6882629822939634,4.45167301222682,shared_2l_1pool
6973,5.261735990643501,0.7066510152071714,4.446566803380847,shared_2l_1pool
6974,5.280829034745693,0.7207249291241169,4.447429906576872,shared_2l_1pool
6975,5.258774850517511,0.6864159367978573,4.463208140805364,shared_2l_1pool
6976,5.23282983340323,0.7015920709818602,4.420231794938445,shared_2l_1pool
6977,5.214901873841882,0.703639118000865,4.401078913360834,shared_2l_1pool
6978,5.2184490486979485,0.7057820912450552,4.403746919706464,shared_2l_1pool
6979,5.234512034803629,0.7073599845170975,4.416310926899314,shared_2l_1pool
6980,5.243692081421614,0.6899710278958082,4.44105314090848,shared_2l_1pool
6981,6.613414967432618,1.9476471934467554,4.538647830486298,shared_2l_1pool
6982,5.255118012428284,0.7232241332530975,4.4211819767951965,shared_2l_1pool
6983,5.230223061516881,0.7105499971657991,4.4106049463152885,shared_2l_1pool
6984,5.2126869559288025,0.6883770693093538,4.4160038232803345,shared_2l_1pool
6985,5.239570047706366,0.6959161255508661,4.436525981873274,shared_2l_1pool
6986,5.260186968371272,0.6961899343878031,4.447791026905179,shared_2l_1pool
6987,5.2088850643485785,0.6950730457901955,4.406245891004801,shared_2l_1pool
6988,5.238635931164026,0.699284952133894,4.430508008226752,shared_2l_1pool
6989,5.216576159000397,0.7125181145966053,4.3958500027656555,shared_2l_1pool
6990,5.23800402879715,0.7063159719109535,4.415603121742606,shared_2l_1pool
6991,5.201061023399234,0.6962469778954983,4.395745927467942,shared_2l_1pool
6992,5.222212988883257,0.6995159201323986,4.414410097524524,shared_2l_1pool
6993,5.227149929851294,0.708715058863163,4.413329064846039,shared_2l_1pool
6994,5.199766019359231,0.7005671504884958,4.393868846818805,shared_2l_1pool
6995,5.253530107438564,0.6944320630282164,4.450670909136534,shared_2l_1pool
6996,5.2257690113037825,0.6938299629837275,4.422368947416544,shared_2l_1pool
6997,6.572063080966473,1.931954175233841,4.511174978688359,shared_2l_1pool
6998,5.319831892848015,0.7574071642011404,4.45251795463264,shared_2l_1pool
6999,5.238071084022522,0.7191749755293131,4.410908091813326,shared_2l_1pool
7000,5.224553169682622,0.7112810853868723,4.406712017953396,shared_2l_1pool
7001,5.241478094831109,0.7104917895048857,4.416845040395856,shared_2l_1pool
7002,5.234739976003766,0.7091190200299025,4.41527389921248,shared_2l_1pool
7003,5.22316200658679,0.7190050091594458,4.395221127197146,shared_2l_1pool
7004,5.211975891143084,0.709284096956253,4.394297953695059,shared_2l_1pool
7005,5.201900145038962,0.695608789101243,4.400167148560286,shared_2l_1pool
7006,5.2465759217739105,0.6896138656884432,4.446543054655194,shared_2l_1pool
7007,5.205028923228383,0.6998018361628056,4.396802978590131,shared_2l_1pool
7008,5.221533821895719,0.7134950719773769,4.399402998387814,shared_2l_1pool
7009,5.208921851590276,0.7035769522190094,4.398288205265999,shared_2l_1pool
7010,5.244154948741198,0.7067651022225618,4.4313890393823385,shared_2l_1pool
7011,5.258157849311829,0.707919942215085,4.442285047844052,shared_2l_1pool
7012,5.248048808425665,0.7215701043605804,4.41738311201334,shared_2l_1pool
7013,6.54200604185462,1.8918581772595644,4.523793002590537,shared_2l_1pool
7014,5.2833762019872665,0.711037078872323,4.462640965357423,shared_2l_1pool
7015,5.273455986753106,0.7016470190137625,4.463279852643609,shared_2l_1pool
7016,5.239082965999842,0.6981920450925827,4.433862864971161,shared_2l_1pool
7017,5.245556123554707,0.6843390874564648,4.454964073374867,shared_2l_1pool
7018,5.251669092103839,0.6872629746794701,4.457319853827357,shared_2l_1pool
7019,5.2058391738682985,0.698762945830822,4.402325954288244,shared_2l_1pool
7020,5.246655084192753,0.7066489197313786,4.4367690570652485,shared_2l_1pool
7021,5.2448611240834,0.7052680011838675,4.43216017447412,shared_2l_1pool
7022,5.214450880885124,0.6946469657123089,4.412803100422025,shared_2l_1pool
7023,5.240220110863447,0.7210478652268648,4.412165144458413,shared_2l_1pool
7024,5.211717914789915,0.6948891095817089,4.407231928780675,shared_2l_1pool
7025,5.218267207965255,0.7062538061290979,4.399798111990094,shared_2l_1pool
7026,5.203602137044072,0.6926341447979212,4.403817001730204,shared_2l_1pool
7027,5.225419066846371,0.6962800398468971,4.415425006300211,shared_2l_1pool
7028,5.277660209685564,0.7195959333330393,4.444016143679619,shared_2l_1pool
7029,6.570205092430115,1.9119058270007372,4.527392098680139,shared_2l_1pool
7030,5.29222609475255,0.7304660975933075,4.452559864148498,shared_2l_1pool
7031,5.250636022537947,0.7079089991748333,4.432691028341651,shared_2l_1pool
7032,5.276454845443368,0.7146268617361784,4.454031120985746,shared_2l_1pool
7033,5.2662978414446115,0.7126249838620424,4.445177968591452,shared_2l_1pool
7034,5.270489025861025,0.7116959895938635,4.449388012290001,shared_2l_1pool
7035,5.26929902844131,0.6998169701546431,4.462825134396553,shared_2l_1pool
7036,5.259532947093248,0.6872450467199087,4.464430967345834,shared_2l_1pool
7037,5.249791080132127,0.6967431399971247,4.444026853889227,shared_2l_1pool
7038,5.200655199587345,0.6968870293349028,4.393965005874634,shared_2l_1pool
7039,5.198081023991108,0.6856659892946482,4.404604900628328,shared_2l_1pool
7040,5.215744953602552,0.69250981323421,4.408687120303512,shared_2l_1pool
7041,5.187456030398607,0.6897661369293928,4.394247895106673,shared_2l_1pool
7042,5.243257153779268,0.6942141335457563,4.441737895831466,shared_2l_1pool
7043,5.226887064054608,0.687259016558528,4.434657981619239,shared_2l_1pool
7044,5.227442132309079,0.6966828368604183,4.420798970386386,shared_2l_1pool
7045,6.580183049663901,1.9168478902429342,4.536280175670981,shared_2l_1pool
7046,5.253228824585676,0.7185449358075857,4.425165010616183,shared_2l_1pool
7047,5.2588211838155985,0.7115229964256287,4.438420990481973,shared_2l_1pool
7048,5.280086072161794,0.7099017966538668,4.463006043806672,shared_2l_1pool
7049,5.267442902550101,0.7069630082696676,4.451832035556436,shared_2l_1pool
7050,5.244119791314006,0.7243400905281305,4.412187030538917,shared_2l_1pool
7051,5.220165941864252,0.6967480294406414,4.413161892443895,shared_2l_1pool
7052,5.22157596424222,0.6961629260331392,4.415624076500535,shared_2l_1pool
7053,5.24207204580307,0.7006980013102293,4.432417917996645,shared_2l_1pool
7054,5.190285155549645,0.6974670104682446,4.386752145364881,shared_2l_1pool
7055,5.241417093202472,0.7174219936132431,4.41698101349175,shared_2l_1pool
7056,5.22463396191597,0.7026039529591799,4.418970085680485,shared_2l_1pool
7057,5.214047851040959,0.6982109043747187,4.409909946843982,shared_2l_1pool
7058,5.245727952569723,0.7053320296108723,4.432996967807412,shared_2l_1pool
7059,5.260457983240485,0.7022740319371223,4.44888393394649,shared_2l_1pool
7060,5.279160104691982,0.6922339089214802,4.477000096812844,shared_2l_1pool
7061,6.538882851600647,1.8948481883853674,4.517595982179046,shared_2l_1pool
7062,5.299211014062166,0.7270090281963348,4.461605101823807,shared_2l_1pool
7063,5.268075969070196,0.7135190535336733,4.443526966497302,shared_2l_1pool
7064,5.270167952403426,0.7125760894268751,4.449095111340284,shared_2l_1pool
7065,5.293654976412654,0.7113369647413492,4.475225927308202,shared_2l_1pool
7066,5.265923915430903,0.6925510242581367,4.45965607650578,shared_2l_1pool
7067,5.235150922089815,0.7085790857672691,4.415418952703476,shared_2l_1pool
7068,5.226870067417622,0.7069569546729326,4.410342080518603,shared_2l_1pool
7069,5.221886094659567,0.6850520148873329,4.431126872077584,shared_2l_1pool
7070,5.206883884966373,0.6869018543511629,4.41211904399097,shared_2l_1pool
7071,5.194909172132611,0.6837190594524145,4.404132952913642,shared_2l_1pool
7072,5.238448036834598,0.7082170341163874,4.421808989718556,shared_2l_1pool
7073,5.271218018606305,0.7077490445226431,4.4515118934214115,shared_2l_1pool
7074,5.252223927527666,0.6910101510584354,4.450350999832153,shared_2l_1pool
7075,5.2863480523228645,0.7177959196269512,4.45813313126564,shared_2l_1pool
7076,5.226691951975226,0.7000579498708248,4.418242955580354,shared_2l_1pool
7077,6.563019938766956,1.9139121286571026,4.519851878285408,shared_2l_1pool
7078,5.30939013697207,0.7354870904237032,4.462679848074913,shared_2l_1pool
7079,5.259138997644186,0.705355079844594,4.438600968569517,shared_2l_1pool
7080,5.266763037070632,0.7100291550159454,4.449266940355301,shared_2l_1pool
7081,5.284331040456891,0.7227950263768435,4.451255081221461,shared_2l_1pool
7082,5.271194037050009,0.7175980135798454,4.446005914360285,shared_2l_1pool
7083,5.247378023341298,0.6957959849387407,4.43660095334053,shared_2l_1pool
7084,5.2148401737213135,0.6985950749367476,4.404769046232104,shared_2l_1pool
7085,5.206901114434004,0.6974439602345228,4.4017869513481855,shared_2l_1pool
7086,5.271715112030506,0.7133260369300842,4.449645988643169,shared_2l_1pool
7087,5.268983077257872,0.7025529630482197,4.453819943591952,shared_2l_1pool
7088,5.252197850495577,0.6920511368662119,4.454624839127064,shared_2l_1pool
7089,5.257910117506981,0.7011541165411472,4.450254840776324,shared_2l_1pool
7090,5.23018604144454,0.7028169929981232,4.421076970174909,shared_2l_1pool
7091,5.257332930341363,0.7018879987299442,4.4495530892163515,shared_2l_1pool
7092,5.264376988634467,0.7013191934674978,4.457290982827544,shared_2l_1pool
7093,6.542610004544258,1.895427005365491,4.521793918684125,shared_2l_1pool
7094,5.321461940184236,0.7230688352137804,4.489402053877711,shared_2l_1pool
7095,5.237483885139227,0.6979929748922586,4.433203022927046,shared_2l_1pool
7096,5.278068827465177,0.7063720840960741,4.466834012418985,shared_2l_1pool
7097,5.294241011142731,0.7263440638780594,4.457385977730155,shared_2l_1pool
7098,5.269150948151946,0.7089928258210421,4.452825989574194,shared_2l_1pool
7099,5.272833164781332,0.685882056131959,4.4780150055885315,shared_2l_1pool
7100,5.2426711190491915,0.7037338800728321,4.429199965670705,shared_2l_1pool
7101,5.207193084061146,0.6939608138054609,4.405144136399031,shared_2l_1pool
7102,5.263461964204907,0.7309471257030964,4.425474908202887,shared_2l_1pool
7103,5.249988986179233,0.704857986420393,4.43848199211061,shared_2l_1pool
7104,5.246374988928437,0.7044479716569185,4.433416062965989,shared_2l_1pool
7105,5.249718204140663,0.704366946592927,4.436371847987175,shared_2l_1pool
7106,5.196185782551765,0.6745178252458572,4.413333022966981,shared_2l_1pool
7107,5.277285119518638,0.7072971202433109,4.460796946659684,shared_2l_1pool
7108,5.205215886235237,0.6922772154211998,4.407190950587392,shared_2l_1pool
7109,6.514863111078739,1.8802350386977196,4.509644117206335,shared_2l_1pool
7110,5.276751006022096,0.7232530042529106,4.445270169526339,shared_2l_1pool
7111,5.2662440575659275,0.7162981200963259,4.442248959094286,shared_2l_1pool
7112,5.253928015008569,0.7029429543763399,4.444612888619304,shared_2l_1pool
7113,5.2771910559386015,0.6944169290363789,4.478865070268512,shared_2l_1pool
7114,5.248519126325846,0.6858739070594311,4.452534019947052,shared_2l_1pool
7115,5.262140184640884,0.7026230450719595,4.452324938029051,shared_2l_1pool
7116,5.272007081657648,0.6830450147390366,4.477455047890544,shared_2l_1pool
7117,5.243225954473019,0.7070079445838928,4.4314260594546795,shared_2l_1pool
7118,5.226633977144957,0.7143060211092234,4.406991880387068,shared_2l_1pool
7119,5.217720987275243,0.7000488694757223,4.411002155393362,shared_2l_1pool
7120,5.218605976551771,0.6918141152709723,4.422460915520787,shared_2l_1pool
7121,5.245951935648918,0.7136419881135225,4.4254579115659,shared_2l_1pool
7122,5.262685939669609,0.6984828505665064,4.457073053345084,shared_2l_1pool
7123,5.257938057184219,0.7021259516477585,4.448471823707223,shared_2l_1pool
7124,5.246699089184403,0.710461987182498,4.428622080013156,shared_2l_1pool
7125,6.5488051623106,1.8954707775264978,4.527602111920714,shared_2l_1pool
7126,5.302882054820657,0.7106978446245193,4.475804977118969,shared_2l_1pool
7127,5.264536011964083,0.7127090357244015,4.444298800081015,shared_2l_1pool
7128,5.2609669510275126,0.7051578722894192,4.447238985449076,shared_2l_1pool
7129,5.24149788543582,0.7255249656736851,4.408874083310366,shared_2l_1pool
7130,5.223977845162153,0.6997270975261927,4.4179989490658045,shared_2l_1pool
7131,5.200947867706418,0.6909118965268135,4.403186030685902,shared_2l_1pool
7132,5.216313060373068,0.7169230375438929,4.392290022224188,shared_2l_1pool
7133,5.203953944146633,0.6843691226094961,4.414321854710579,shared_2l_1pool
7134,5.203265929594636,0.7069590501487255,4.391734022647142,shared_2l_1pool
7135,5.222640931606293,0.6939209997653961,4.416313953697681,shared_2l_1pool
7136,5.24944718927145,0.7177588995546103,4.420753102749586,shared_2l_1pool
7137,5.261468002572656,0.7373129483312368,4.4170820619910955,shared_2l_1pool
7138,5.272025009617209,0.7025490049272776,4.461894975975156,shared_2l_1pool
7139,5.2289338782429695,0.6918779108673334,4.430810920894146,shared_2l_1pool
7140,5.231392104178667,0.706331804394722,4.417779156938195,shared_2l_1pool
7141,6.65294099599123,1.9041779451072216,4.619858926162124,shared_2l_1pool
7142,5.427815020084381,0.7294369861483574,4.5871310867369175,shared_2l_1pool
7143,5.410886136814952,0.724253011867404,4.5787859708070755,shared_2l_1pool
7144,5.3735708352178335,0.6933419499546289,4.564354894682765,shared_2l_1pool
7145,5.3414530120790005,0.6951398681849241,4.5375279150903225,shared_2l_1pool
7146,5.304093938320875,0.7068391423672438,4.482236923649907,shared_2l_1pool
7147,5.339609924703836,0.7069320417940617,4.522884963080287,shared_2l_1pool
7148,5.357016110792756,0.7107509300112724,4.53980197198689,shared_2l_1pool
7149,5.354349035769701,0.7095779292285442,4.528721095994115,shared_2l_1pool
7150,5.408683093264699,0.7113129831850529,4.587725969031453,shared_2l_1pool
7151,5.371274892240763,0.7080689538270235,4.5536530669778585,shared_2l_1pool
7152,5.337054142728448,0.7110969163477421,4.518392961472273,shared_2l_1pool
7153,5.305544938892126,0.6921440362930298,4.504254786297679,shared_2l_1pool
7154,5.336098140105605,0.7048260886222124,4.523581825196743,shared_2l_1pool
7155,5.319918040186167,0.698399031534791,4.512658808380365,shared_2l_1pool
7156,5.279872100800276,0.6800279952585697,4.493964137509465,shared_2l_1pool
7157,6.557204993441701,1.8859091214835644,4.5479529071599245,shared_2l_1pool
7158,5.305489990860224,0.7171009201556444,4.4795130379498005,shared_2l_1pool
7159,5.3201159462332726,0.7186620496213436,4.492525942623615,shared_2l_1pool
7160,5.326623097062111,0.710729043930769,4.504882963374257,shared_2l_1pool
7161,5.256718024611473,0.7091348525136709,4.439987009391189,shared_2l_1pool
7162,5.262309918180108,0.7041590288281441,4.448789870366454,shared_2l_1pool
7163,5.271261092275381,0.6998458411544561,4.4609420001506805,shared_2l_1pool
7164,5.294522037729621,0.7085870020091534,4.479483002796769,shared_2l_1pool
7165,5.274894880130887,0.7025429513305426,4.463882185518742,shared_2l_1pool
7166,5.273069022223353,0.7107150740921497,4.451351938769221,shared_2l_1pool
7167,5.277683027088642,0.7138759829103947,4.456331022083759,shared_2l_1pool
7168,5.246158922091126,0.6840231362730265,4.456399939954281,shared_2l_1pool
7169,5.302266916260123,0.7010090630501509,4.493387881666422,shared_2l_1pool
7170,5.306817824020982,0.707198865711689,4.489693092182279,shared_2l_1pool
7171,5.309765925630927,0.7154569029808044,4.486023914068937,shared_2l_1pool
7172,5.2832649089396,0.7096731569617987,4.465143894776702,shared_2l_1pool
7173,6.625135196372867,1.894721994176507,4.601658089086413,shared_2l_1pool
7174,5.373766180127859,0.7197430822998285,4.544065799564123,shared_2l_1pool
7175,5.364138167351484,0.7135039195418358,4.540286026895046,shared_2l_1pool
7176,5.336240865290165,0.6892611272633076,4.539640853181481,shared_2l_1pool
7177,5.326100857928395,0.7285359315574169,4.489538026973605,shared_2l_1pool
7178,5.289791850373149,0.7146438583731651,4.467003978788853,shared_2l_1pool
7179,5.319318035617471,0.7042349316179752,4.50675399042666,shared_2l_1pool
7180,5.32748899422586,0.7122578099370003,4.509863210842013,shared_2l_1pool
7181,5.370365921407938,0.7338051218539476,4.527658922597766,shared_2l_1pool
7182,5.314328009262681,0.7150429300963879,4.491260042414069,shared_2l_1pool
7183,5.326710874214768,0.7266078609973192,4.491635132580996,shared_2l_1pool
7184,5.299482028931379,0.7130531594157219,4.478134913370013,shared_2l_1pool
7185,5.319609073922038,0.7010158151388168,4.51055308803916,shared_2l_1pool
7186,5.2957250736653805,0.7111700251698494,4.47917589917779,shared_2l_1pool
7187,5.296114133670926,0.7111812010407448,4.478282993659377,shared_2l_1pool
7188,5.2739589009433985,0.6958998274058104,4.471836145967245,shared_2l_1pool
7189,6.563215050846338,1.886466983705759,4.5524840243160725,shared_2l_1pool
7190,5.378734786063433,0.7297939155250788,4.543357063084841,shared_2l_1pool
7191,5.3437440656125546,0.705003971233964,4.530781880021095,shared_2l_1pool
7192,5.290033994242549,0.7188718300312757,4.46661002933979,shared_2l_1pool
7193,5.335023859515786,0.6972230039536953,4.529863828793168,shared_2l_1pool
7194,5.3300559520721436,0.7127400022000074,4.506334196776152,shared_2l_1pool
7195,5.265045911073685,0.6934029515832663,4.467237973585725,shared_2l_1pool
7196,5.277951015159488,0.7038319017738104,4.46973298676312,shared_2l_1pool
7197,5.317983916029334,0.7013720460236073,4.51047089882195,shared_2l_1pool
7198,5.331932101398706,0.7042100187391043,4.520016023889184,shared_2l_1pool
7199,5.305388011038303,0.7091080769896507,4.490316845476627,shared_2l_1pool
7200,5.286742001771927,0.7047138642519712,4.475058056414127,shared_2l_1pool
7201,5.279354052618146,0.6858529523015022,4.488303093239665,shared_2l_1pool
7202,5.322969984263182,0.7008991669863462,4.514656960964203,shared_2l_1pool
7203,5.299755837768316,0.6991620175540447,4.488984122872353,shared_2l_1pool
7204,5.323685007169843,0.6848732009530067,4.529633792117238,shared_2l_1pool
7205,6.602279143407941,1.886442070826888,4.584695911034942,shared_2l_1pool
7206,5.3064601961523294,0.7141749374568462,4.483356140553951,shared_2l_1pool
7207,5.305291153490543,0.7076698821038008,4.489145940169692,shared_2l_1pool
7208,5.28213893994689,0.7088659331202507,4.466142039746046,shared_2l_1pool
7209,5.289908964186907,0.7083709351718426,4.475235939025879,shared_2l_1pool
7210,5.290233995765448,0.7028570398688316,4.479327006265521,shared_2l_1pool
7211,5.331186112016439,0.7258991245180368,4.4947650749236345,shared_2l_1pool
7212,5.291123175993562,0.7174159400165081,4.465637030079961,shared_2l_1pool
7213,5.301792174577713,0.7098200730979443,4.484792007133365,shared_2l_1pool
7214,5.337150068953633,0.7093010935932398,4.521702881902456,shared_2l_1pool
7215,5.339763825759292,0.7102270610630512,4.519148962572217,shared_2l_1pool
7216,5.34598296508193,0.7181609980762005,4.519625101238489,shared_2l_1pool
7217,5.309445085003972,0.7145330309867859,4.487987142056227,shared_2l_1pool
7218,5.339845083653927,0.7099178619682789,4.520910093560815,shared_2l_1pool
7219,5.330435931682587,0.7003538776189089,4.521836061030626,shared_2l_1pool
7220,5.304560996592045,0.7026030216366053,4.493368091061711,shared_2l_1pool
7221,6.600487977266312,1.8915778491646051,4.581571090966463,shared_2l_1pool
7222,5.336072063073516,0.7312230300158262,4.497210029512644,shared_2l_1pool
7223,5.352878011763096,0.7148799486458302,4.530492005869746,shared_2l_1pool
7224,5.338103044778109,0.7110440637916327,4.518989939242601,shared_2l_1pool
7225,5.335296969860792,0.7156319916248322,4.512308863922954,shared_2l_1pool
7226,5.287060048431158,0.7033180445432663,4.478038987144828,shared_2l_1pool
7227,5.306669976562262,0.6951750256121159,4.507028963416815,shared_2l_1pool
7228,5.3425508085638285,0.7071231957525015,4.527808865532279,shared_2l_1pool
7229,5.315570859238505,0.7131570018827915,4.48674988001585,shared_2l_1pool
7230,5.315809976309538,0.7142748218029737,4.492198117077351,shared_2l_1pool
7231,5.321421893313527,0.7150140590965748,4.49999887496233,shared_2l_1pool
7232,5.28412195853889,0.7005089428275824,4.471661988645792,shared_2l_1pool
7233,5.30287018045783,0.7051809225231409,4.48477896861732,shared_2l_1pool
7234,5.291069857776165,0.7136981002986431,4.467615857720375,shared_2l_1pool
7235,5.286349914968014,0.7092531304806471,4.470417974516749,shared_2l_1pool
7236,5.304004065692425,0.7158019579946995,4.477509064599872,shared_2l_1pool
7237,6.619879975914955,1.9001530017703772,4.589167190715671,shared_2l_1pool
7238,5.335144931450486,0.7229440379887819,4.502841969951987,shared_2l_1pool
7239,5.312523106113076,0.7133320905268192,4.490758990868926,shared_2l_1pool
7240,5.331181921064854,0.7333951070904732,4.4905939139425755,shared_2l_1pool
7241,5.318864015862346,0.7087488193064928,4.500039154663682,shared_2l_1pool
7242,5.349224898964167,0.7130100857466459,4.525888944044709,shared_2l_1pool
7243,5.365538876503706,0.7306861225515604,4.526741802692413,shared_2l_1pool
7244,5.350693827494979,0.7183579728007317,4.525178112089634,shared_2l_1pool
7245,5.35475998185575,0.7267598994076252,4.521263064816594,shared_2l_1pool
7246,5.297755124047399,0.7040849886834621,4.486824152991176,shared_2l_1pool
7247,5.284941056743264,0.7008120883256197,4.475542809814215,shared_2l_1pool
7248,5.314454901963472,0.6977289449423552,4.508908139541745,shared_2l_1pool
7249,5.330413114279509,0.7164881099015474,4.507771926000714,shared_2l_1pool
7250,5.339483032003045,0.7107029668986797,4.52031590975821,shared_2l_1pool
7251,5.344317993149161,0.7180799730122089,4.519526148214936,shared_2l_1pool
7252,5.344942910596728,0.7001510821282864,4.535767948254943,shared_2l_1pool
7253,6.6221109591424465,1.9066999666392803,4.588469862937927,shared_2l_1pool
7254,5.340921925380826,0.7333250250667334,4.499404923990369,shared_2l_1pool
7255,5.323271034285426,0.7375599816441536,4.480117931962013,shared_2l_1pool
7256,5.292531102895737,0.7145730778574944,4.473032895475626,shared_2l_1pool
7257,5.343524971976876,0.7140918169170618,4.52354596927762,shared_2l_1pool
7258,5.3596231155097485,0.7124850526452065,4.53966180793941,shared_2l_1pool
7259,5.328790983185172,0.7569061126559973,4.464821889996529,shared_2l_1pool
7260,5.285185994580388,0.709060812368989,4.468402126803994,shared_2l_1pool
7261,5.326189799234271,0.6953161209821701,4.523247946053743,shared_2l_1pool
7262,5.306236911565065,0.7063141092658043,4.4924740213900805,shared_2l_1pool
7263,5.2820739801973104,0.7064889650791883,4.469813080504537,shared_2l_1pool
7264,5.289227934554219,0.7047210820019245,4.477106966078281,shared_2l_1pool
7265,5.294411908835173,0.680234981700778,4.506790079176426,shared_2l_1pool
7266,5.3174300119280815,0.7105518598109484,4.4988649897277355,shared_2l_1pool
7267,5.332345841452479,0.7123730611056089,4.507014993578196,shared_2l_1pool
7268,5.346924997866154,0.706555088981986,4.534039879217744,shared_2l_1pool
7269,6.584592862054706,1.883920980617404,4.5690329279750586,shared_2l_1pool
7270,5.338742863386869,0.7191309705376625,4.509561927989125,shared_2l_1pool
7271,5.355434957891703,0.7282840088009834,4.518458154052496,shared_2l_1pool
7272,5.321850068867207,0.706386985257268,4.5101449359208345,shared_2l_1pool
7273,5.3532300516963005,0.7186231669038534,4.520387854427099,shared_2l_1pool
7274,5.342261865735054,0.7247631438076496,4.507615929469466,shared_2l_1pool
7275,5.337311886250973,0.715963076800108,4.512840881943703,shared_2l_1pool
7276,5.304559133946896,0.7295128889381886,4.467154154554009,shared_2l_1pool
7277,5.300881806761026,0.7240020204335451,4.466600948944688,shared_2l_1pool
7278,5.323558114469051,0.7240842096507549,4.494788823649287,shared_2l_1pool
7279,5.314467009156942,0.7084428798407316,4.499390022829175,shared_2l_1pool
7280,5.302042933180928,0.7046679966151714,4.489896120503545,shared_2l_1pool
7281,5.321379052475095,0.7127358112484217,4.496063105762005,shared_2l_1pool
7282,5.285864928737283,0.69451704621315,4.4844429939985275,shared_2l_1pool
7283,5.328807048499584,0.7233808282762766,4.499749979004264,shared_2l_1pool
7284,5.316226044669747,0.7102400995790958,4.49989503249526,shared_2l_1pool
7285,6.634883116930723,1.8943250179290771,4.5969500206410885,shared_2l_1pool
7286,5.324344150722027,0.7186890579760075,4.496660782024264,shared_2l_1pool
7287,5.325037054717541,0.7334749680012465,4.483464173972607,shared_2l_1pool
7288,5.306794075295329,0.7062871009111404,4.490558989346027,shared_2l_1pool
7289,5.309004103764892,0.7223561406135559,4.476505797356367,shared_2l_1pool
7290,5.336978007107973,0.742569100111723,4.4861771166324615,shared_2l_1pool
7291,5.315728019922972,0.6941710598766804,4.510591039434075,shared_2l_1pool
7292,5.314105888828635,0.7055490277707577,4.5020668767392635,shared_2l_1pool
7293,5.327433813363314,0.7206159643828869,4.5013949275016785,shared_2l_1pool
7294,5.313019035384059,0.699157128110528,4.504900891333818,shared_2l_1pool
7295,5.316306138411164,0.7289571221917868,4.479794995859265,shared_2l_1pool
7296,5.308493040502071,0.7142550311982632,4.48607886210084,shared_2l_1pool
7297,5.291146924719214,0.7101800292730331,4.475058056414127,shared_2l_1pool
7298,5.279333097860217,0.7038919720798731,4.469410981982946,shared_2l_1pool
7299,5.325180944055319,0.7017599418759346,4.508322104811668,shared_2l_1pool
7300,5.276366136968136,0.6982029881328344,4.473695997148752,shared_2l_1pool
7301,6.588174030184746,1.9066189415752888,4.556936910375953,shared_2l_1pool
7302,5.319070070981979,0.7263349834829569,4.4852630235254765,shared_2l_1pool
7303,5.310078151524067,0.7295291870832443,4.474228015169501,shared_2l_1pool
7304,5.28989196754992,0.7055310998111963,4.479950992390513,shared_2l_1pool
7305,5.355370929464698,0.7102598901838064,4.5362780801951885,shared_2l_1pool
7306,5.324770929291844,0.7060440257191658,4.510645056143403,shared_2l_1pool
7307,5.316165974363685,0.722500029951334,4.482842981815338,shared_2l_1pool
7308,5.331055028364062,0.7197328377515078,4.4998531229794025,shared_2l_1pool
7309,5.330628016963601,0.7202830165624619,4.502471070736647,shared_2l_1pool
7310,5.330850835889578,0.7122349925339222,4.510571015998721,shared_2l_1pool
7311,5.365728167816997,0.7245640736073256,4.533168859779835,shared_2l_1pool
7312,5.343807162716985,0.716926995664835,4.518513102084398,shared_2l_1pool
7313,5.320254014804959,0.7156580686569214,4.497816786170006,shared_2l_1pool
7314,5.369619000703096,0.7147539872676134,4.523857031017542,shared_2l_1pool
7315,5.352540872991085,0.722804106771946,4.524652846157551,shared_2l_1pool
7316,5.315606947988272,0.7145439740270376,4.496260080486536,shared_2l_1pool
7317,6.653165910393,1.9162790849804878,4.6115650329738855,shared_2l_1pool
7318,5.349283805117011,0.7282781880348921,4.51054098084569,shared_2l_1pool
7319,5.338256014510989,0.7291960064321756,4.501959076151252,shared_2l_1pool
7320,5.359207047149539,0.7333150133490562,4.515622975304723,shared_2l_1pool
7321,5.391822895035148,0.715313944965601,4.56788600422442,shared_2l_1pool
7322,5.329841980710626,0.7141341920942068,4.506071796640754,shared_2l_1pool
7323,5.358250113204122,0.7244620937854052,4.524437943473458,shared_2l_1pool
7324,5.37550519220531,0.7224120199680328,4.543235991150141,shared_2l_1pool
7325,5.341136129572988,0.7197968661785126,4.511380102485418,shared_2l_1pool
7326,5.318053066730499,0.720632029697299,4.487721947953105,shared_2l_1pool
7327,5.357332993298769,0.7082889787852764,4.542170092463493,shared_2l_1pool
7328,5.329692037776113,0.691533088684082,4.529811907559633,shared_2l_1pool
7329,5.332031054422259,0.7083320524543524,4.516097949817777,shared_2l_1pool
7330,5.361198913305998,0.7061280775815248,4.5463519636541605,shared_2l_1pool
7331,5.362537922337651,0.7230350747704506,4.53214393928647,shared_2l_1pool
7332,5.329179111868143,0.708454055711627,4.51053399592638,shared_2l_1pool
7333,6.909667048603296,2.1923251915723085,4.591774893924594,shared_2l_1pool
7334,5.390458973124623,0.7370421662926674,4.5437507797032595,shared_2l_1pool
7335,5.354273831471801,0.7194478530436754,4.5281690545380116,shared_2l_1pool
7336,5.349396029487252,0.7155460771173239,4.529090831056237,shared_2l_1pool
7337,5.311597138643265,0.6926809437572956,4.511832958087325,shared_2l_1pool
7338,5.337703973054886,0.7057471666485071,4.5227238442748785,shared_2l_1pool
7339,5.3245918825268745,0.7177242077887058,4.499509930610657,shared_2l_1pool
7340,5.3409121464937925,0.7433011196553707,4.489047918468714,shared_2l_1pool
7341,5.30104897916317,0.7151151075959206,4.481022013351321,shared_2l_1pool
7342,5.34476013854146,0.7195298094302416,4.518168047070503,shared_2l_1pool
7343,5.349135026335716,0.705234007909894,4.536572843790054,shared_2l_1pool
7344,5.340350093320012,0.7184999994933605,4.513082094490528,shared_2l_1pool
7345,5.349308019503951,0.7110880687832832,4.5291290152817965,shared_2l_1pool
7346,5.357598885893822,0.7574569899588823,4.493545973673463,shared_2l_1pool
7347,5.354507826268673,0.724107027053833,4.523440962657332,shared_2l_1pool
7348,5.309130996465683,0.7101160008460283,4.491598112508655,shared_2l_1pool
7349,6.621207110583782,1.9056829623878002,4.590826109051704,shared_2l_1pool
7350,5.333646899089217,0.7293568924069405,4.4956139754503965,shared_2l_1pool
7351,5.311277927830815,0.7079869974404573,4.496983019635081,shared_2l_1pool
7352,5.306049948558211,0.7069760467857122,4.491002066060901,shared_2l_1pool
7353,5.311107961460948,0.7040458731353283,4.501644987612963,shared_2l_1pool
7354,5.3369340021163225,0.7247531320899725,4.5035958755761385,shared_2l_1pool
7355,5.386156961321831,0.7556821219623089,4.522350849583745,shared_2l_1pool
7356,5.3750139195472,0.7185109425336123,4.549089120700955,shared_2l_1pool
7357,5.276214797049761,0.7020048797130585,4.46906709112227,shared_2l_1pool
7358,5.343650002032518,0.7188210729509592,4.515104927122593,shared_2l_1pool
7359,5.31112402677536,0.7135400082916021,4.491140833124518,shared_2l_1pool
7360,5.315684014931321,0.7056461181491613,4.502842901274562,shared_2l_1pool
7361,5.284389015287161,0.6986530497670174,4.478825023397803,shared_2l_1pool
7362,5.29713905416429,0.7141898386180401,4.475773079320788,shared_2l_1pool
7363,5.355481989681721,0.7062738295644522,4.540779162198305,shared_2l_1pool
7364,5.311466986313462,0.7121369708329439,4.493070999160409,shared_2l_1pool
7365,6.617235951125622,1.8881310243159533,4.60292911157012,shared_2l_1pool
7366,5.348774138838053,0.7121509406715631,4.5261571649461985,shared_2l_1pool
7367,5.335015943273902,0.733210938051343,4.49544913135469,shared_2l_1pool
7368,5.295624025166035,0.7052840664982796,4.4827640522271395,shared_2l_1pool
7369,5.302028963342309,0.7104659453034401,4.484987119212747,shared_2l_1pool
7370,5.3057868499308825,0.7269468624144793,4.473121138289571,shared_2l_1pool
7371,5.28185605071485,0.7090959697961807,4.4661620631814,shared_2l_1pool
7372,5.296544870361686,0.707624014467001,4.481934010982513,shared_2l_1pool
7373,5.308105144649744,0.7118408102542162,4.489289131015539,shared_2l_1pool
7374,5.339939845725894,0.7121940143406391,4.518016939982772,shared_2l_1pool
7375,5.332434084266424,0.7012640126049519,4.523771815001965,shared_2l_1pool
7376,5.337798036634922,0.7127448916435242,4.518033005297184,shared_2l_1pool
7377,5.341092124581337,0.7010539993643761,4.5329181011766195,shared_2l_1pool
7378,5.333059001713991,0.6904660258442163,4.53459401614964,shared_2l_1pool
7379,5.2977860905230045,0.7166601717472076,4.475605906918645,shared_2l_1pool
7380,5.351688014343381,0.7005468942224979,4.543566145002842,shared_2l_1pool
7381,6.631441181525588,1.9009187817573547,4.6031170058995485,shared_2l_1pool
7382,5.362068070098758,0.7430429104715586,4.509407095611095,shared_2l_1pool
7383,5.303181940689683,0.7210080511868,4.475876921787858,shared_2l_1pool
7384,5.324411205947399,0.7362260948866606,4.482150077819824,shared_2l_1pool
7385,5.331964930519462,0.7307999767363071,4.4925701804459095,shared_2l_1pool
7386,5.29333483427763,0.703080091625452,4.485131939873099,shared_2l_1pool
7387,5.302682053297758,0.7283969316631556,4.466235172003508,shared_2l_1pool
7388,5.3101100493222475,0.7048621773719788,4.495279863476753,shared_2l_1pool
7389,5.334537010639906,0.7009031251072884,4.526905948296189,shared_2l_1pool
7390,5.325132980942726,0.7107849232852459,4.506317898631096,shared_2l_1pool
7391,5.345809971913695,0.7198629900813103,4.517683992162347,shared_2l_1pool
7392,5.309114931151271,0.7048679981380701,4.497536923736334,shared_2l_1pool
7393,5.354502005502582,0.7165921851992607,4.53130598179996,shared_2l_1pool
7394,5.361202172935009,0.7096328772604465,4.545142175629735,shared_2l_1pool
7395,5.332494853064418,0.7051739376038313,4.5192730613052845,shared_2l_1pool
7396,5.328348139300942,0.7169051095843315,4.506419878453016,shared_2l_1pool
7397,6.782243028283119,1.94972800090909,4.705006955191493,shared_2l_1pool
7398,5.452914861962199,0.7184389978647232,4.623880842700601,shared_2l_1pool
7399,5.480332067236304,0.6962621118873358,4.676197888329625,shared_2l_1pool
7400,5.494739860296249,0.7267899345606565,4.657244076952338,shared_2l_1pool
7401,5.430887918919325,0.7474860176444054,4.574082093313336,shared_2l_1pool
7402,5.4389790166169405,0.7287419866770506,4.5985199976712465,shared_2l_1pool
7403,5.407932912930846,0.706744845956564,4.593867110088468,shared_2l_1pool
7404,5.383774871006608,0.7101928349584341,4.567353054881096,shared_2l_1pool
7405,5.377453984692693,0.7148890290409327,4.555376945063472,shared_2l_1pool
7406,5.436447914689779,0.714288791641593,4.6138460747897625,shared_2l_1pool
7407,5.432065110653639,0.7276339456439018,4.596527898684144,shared_2l_1pool
7408,5.4462028201669455,0.6976679433137178,4.640741040930152,shared_2l_1pool
7409,5.393138155341148,0.714154914021492,4.571654135361314,shared_2l_1pool
7410,5.445682909339666,0.7228848990052938,4.61363815702498,shared_2l_1pool
7411,5.408331053331494,0.7302360609173775,4.57087904214859,shared_2l_1pool
7412,5.398207111284137,0.7184678688645363,4.573916085064411,shared_2l_1pool
7413,6.663264008238912,1.9134271424263716,4.622581880539656,shared_2l_1pool
7414,5.383312003687024,0.7358591537922621,4.537187982350588,shared_2l_1pool
7415,5.357749992981553,0.7310339715331793,4.520753165706992,shared_2l_1pool
7416,5.338151939213276,0.7175998762249947,4.50941314920783,shared_2l_1pool
7417,5.328325089067221,0.7170429453253746,4.503504140302539,shared_2l_1pool
7418,5.367202218621969,0.7299999706447124,4.522721050307155,shared_2l_1pool
7419,5.398220848292112,0.728175975382328,4.558518063277006,shared_2l_1pool
7420,5.383516196161509,0.714748864993453,4.561285953968763,shared_2l_1pool
7421,5.364191951230168,0.7196059450507164,4.539145156741142,shared_2l_1pool
7422,5.426290910691023,0.747001962736249,4.571095108985901,shared_2l_1pool
7423,5.394175183027983,0.7334370166063309,4.552826983854175,shared_2l_1pool
7424,5.338212940841913,0.7140161469578743,4.517170833423734,shared_2l_1pool
7425,5.34385908395052,0.716411042958498,4.520518006756902,shared_2l_1pool
7426,5.379889160394669,0.7237999234348536,4.548481898382306,shared_2l_1pool
7427,5.382706178352237,0.7135870400816202,4.5606370549649,shared_2l_1pool
7428,5.338583840057254,0.7142277900129557,4.519078182056546,shared_2l_1pool
7429,6.669637048617005,1.8914900720119476,4.652106901630759,shared_2l_1pool
7430,5.410624900832772,0.7325871847569942,4.567307885736227,shared_2l_1pool
7431,5.405179923400283,0.7440601475536823,4.545250907540321,shared_2l_1pool
7432,5.385363940149546,0.7110538426786661,4.565560026094317,shared_2l_1pool
7433,5.40110794827342,0.7256078533828259,4.566787974908948,shared_2l_1pool
7434,5.378226982429624,0.7241161074489355,4.546789918094873,shared_2l_1pool
7435,5.379863083362579,0.712445005774498,4.560732049867511,shared_2l_1pool
7436,5.4110141936689615,0.7379408925771713,4.558910150080919,shared_2l_1pool
7437,5.422207992523909,0.7037969771772623,4.6103340573608875,shared_2l_1pool
7438,5.435402970761061,0.7382039912045002,4.589012823998928,shared_2l_1pool
7439,5.374676780775189,0.7205510046333075,4.549594130367041,shared_2l_1pool
7440,5.404662806540728,0.7255140226334333,4.571583122014999,shared_2l_1pool
7441,5.387465935200453,0.7191388867795467,4.559204913675785,shared_2l_1pool
7442,5.38275483995676,0.7140871603041887,4.561987007036805,shared_2l_1pool
7443,5.386431002989411,0.7021191995590925,4.579512868076563,shared_2l_1pool
7444,5.37702813744545,0.713918125256896,4.555358085781336,shared_2l_1pool
7445,6.6888530272990465,1.916786888614297,4.645595094189048,shared_2l_1pool
7446,5.419950000941753,0.7383839692920446,4.572288133203983,shared_2l_1pool
7447,5.400636000558734,0.729297986254096,4.5642920304089785,shared_2l_1pool
7448,5.3667479660362005,0.7125618867576122,4.546133102849126,shared_2l_1pool
7449,5.394374020397663,0.7102990057319403,4.577693063765764,shared_2l_1pool
7450,5.384932039305568,0.7217670790851116,4.555796971544623,shared_2l_1pool
7451,5.408314056694508,0.7152960170060396,4.587575094774365,shared_2l_1pool
7452,5.405954085290432,0.7142419926822186,4.583567846566439,shared_2l_1pool
7453,5.365126067772508,0.7058288902044296,4.553083097562194,shared_2l_1pool
7454,5.3865378722548485,0.7156049832701683,4.563512979075313,shared_2l_1pool
7455,5.377439083531499,0.7246059831231833,4.54563507810235,shared_2l_1pool
7456,5.381300114095211,0.7341299206018448,4.54092095606029,shared_2l_1pool
7457,5.416234955191612,0.7053890731185675,4.603169858455658,shared_2l_1pool
7458,5.375890992581844,0.715767964720726,4.555094055831432,shared_2l_1pool
7459,5.47492690384388,0.7093390449881554,4.580941051244736,shared_2l_1pool
7460,5.424352129921317,0.7327590137720108,4.569225013256073,shared_2l_1pool
7461,6.722077028825879,1.9333618693053722,4.660431062802672,shared_2l_1pool
7462,5.430519115179777,0.7491570431739092,4.570771008729935,shared_2l_1pool
7463,5.426580086350441,0.7492369040846825,4.5705020893365145,shared_2l_1pool
7464,5.383335053920746,0.7289829663932323,4.539984045550227,shared_2l_1pool
7465,5.418655928224325,0.7505880203098059,4.561688052490354,shared_2l_1pool
7466,5.412213038653135,0.7180231623351574,4.584779031574726,shared_2l_1pool
7467,5.423166090622544,0.7439418695867062,4.57288115285337,shared_2l_1pool
7468,5.41333481669426,0.7182140834629536,4.588702926412225,shared_2l_1pool
7469,5.428679985925555,0.73383585549891,4.585060058161616,shared_2l_1pool
7470,5.3940999787300825,0.698660034686327,4.587609088048339,shared_2l_1pool
7471,5.4660949390381575,0.7457318715751171,4.603056004270911,shared_2l_1pool
7472,5.406393902376294,0.7015119772404432,4.596035927534103,shared_2l_1pool
7473,5.395273212343454,0.7317920681089163,4.5524160377681255,shared_2l_1pool
7474,5.433770129457116,0.7367420475929976,4.588657990098,shared_2l_1pool
7475,5.393908126279712,0.7292500231415033,4.5564009342342615,shared_2l_1pool
7476,5.4064851719886065,0.7257990073412657,4.567228956148028,shared_2l_1pool
7477,6.725451909005642,1.9251329358667135,4.671683069318533,shared_2l_1pool
7478,5.449973046779633,0.7349678780883551,4.605685127899051,shared_2l_1pool
7479,5.423547001555562,0.7312640082091093,4.586490103974938,shared_2l_1pool
7480,5.398097913712263,0.7398491725325584,4.551233956590295,shared_2l_1pool
7481,5.382047034800053,0.7144599221646786,4.560895962640643,shared_2l_1pool
7482,5.389844998717308,0.737711088731885,4.545107949525118,shared_2l_1pool
7483,5.366588942706585,0.7137048523873091,4.546795971691608,shared_2l_1pool
7484,5.357321118935943,0.6979089230298996,4.551602061837912,shared_2l_1pool
7485,5.416822154074907,0.717187998816371,4.594677127897739,shared_2l_1pool
7486,5.3874829318374395,0.6970870308578014,4.582762019708753,shared_2l_1pool
7487,5.380211863666773,0.7199249230325222,4.552527097985148,shared_2l_1pool
7488,5.412829108536243,0.7163810078054667,4.589803982526064,shared_2l_1pool
7489,5.431625992059708,0.7475109305232763,4.5782290399074554,shared_2l_1pool
7490,5.407318007200956,0.7321811281144619,4.5677300076931715,shared_2l_1pool
7491,5.412366008386016,0.7043129298835993,4.599475068971515,shared_2l_1pool
7492,5.436551989987493,0.7383120246231556,4.5907089952379465,shared_2l_1pool
7493,6.71239010989666,1.9307020120322704,4.649830982089043,shared_2l_1pool
7494,5.468228133395314,0.7523749954998493,4.604190122336149,shared_2l_1pool
7495,5.405216943472624,0.7200618274509907,4.578113090246916,shared_2l_1pool
7496,5.388597957789898,0.7303650490939617,4.549804842099547,shared_2l_1pool
7497,5.389663856476545,0.7260381244122982,4.5532898511737585,shared_2l_1pool
7498,5.3919709753245115,0.7372838445007801,4.54592308960855,shared_2l_1pool
7499,5.366072990000248,0.7133269682526588,4.544286988675594,shared_2l_1pool
7500,5.400639027357101,0.7167849689722061,4.576890030875802,shared_2l_1pool
7501,5.409862846136093,0.7119870278984308,4.589781165122986,shared_2l_1pool
7502,5.421994952484965,0.7326600607484579,4.5830728486180305,shared_2l_1pool
7503,5.434185964986682,0.7384398486465216,4.587427014485002,shared_2l_1pool
7504,5.443691974505782,0.7412990089505911,4.593344870954752,shared_2l_1pool
7505,5.429354961961508,0.7213039789348841,4.601028980687261,shared_2l_1pool
7506,5.379008129239082,0.7208590395748615,4.551247926428914,shared_2l_1pool
7507,5.378624889999628,0.7247701287269592,4.547721007838845,shared_2l_1pool
7508,5.392987048253417,0.7279291749000549,4.556212807074189,shared_2l_1pool
7509,6.696214899420738,1.9063630606979132,4.661408020183444,shared_2l_1pool
7510,5.413402803242207,0.7428000681102276,4.55674109980464,shared_2l_1pool
7511,5.379579029977322,0.7294910028576851,4.544286988675594,shared_2l_1pool
7512,5.356329958885908,0.7204818539321423,4.528430989012122,shared_2l_1pool
7513,5.3847311064600945,0.7309659849852324,4.547327058389783,shared_2l_1pool
7514,5.365011980757117,0.7127390708774328,4.547209944576025,shared_2l_1pool
7515,5.352129926905036,0.7148499134927988,4.530763020738959,shared_2l_1pool
7516,5.357712972909212,0.7223580032587051,4.5278179459273815,shared_2l_1pool
7517,5.393621977418661,0.7311210501939058,4.554966930299997,shared_2l_1pool
7518,5.377175053581595,0.735138077288866,4.529126919806004,shared_2l_1pool
7519,5.402639042586088,0.7205379661172628,4.575825063511729,shared_2l_1pool
7520,5.41430595330894,0.7278530392795801,4.578468855470419,shared_2l_1pool
7521,5.415739957243204,0.7106419652700424,4.598900908604264,shared_2l_1pool
7522,5.385406082496047,0.7259480189532042,4.551772028207779,shared_2l_1pool
7523,5.3794290870428085,0.7396331056952477,4.530041012912989,shared_2l_1pool
7524,5.359498085454106,0.7196578662842512,4.533298080787063,shared_2l_1pool
7525,6.680439924821258,1.9168488215655088,4.636108176782727,shared_2l_1pool
7526,5.399730056524277,0.7363408803939819,4.554203012958169,shared_2l_1pool
7527,5.384315038099885,0.7333129178732634,4.540767055004835,shared_2l_1pool
7528,5.383519921451807,0.7392801344394684,4.537612898275256,shared_2l_1pool
7529,5.372548941522837,0.7267959881573915,4.536673193797469,shared_2l_1pool
7530,5.406935000792146,0.72640017606318,4.567418014630675,shared_2l_1pool
7531,5.37564791738987,0.7117760833352804,4.558218875899911,shared_2l_1pool
7532,5.369123071432114,0.7287189364433289,4.5321069192141294,shared_2l_1pool
7533,5.356488050892949,0.7134068291634321,4.535887157544494,shared_2l_1pool
7534,5.390153033658862,0.7269911002367735,4.556115018203855,shared_2l_1pool
7535,5.403053946793079,0.7310949731618166,4.5592880342155695,shared_2l_1pool
7536,5.379874026402831,0.7278900593519211,4.545488860458136,shared_2l_1pool
7537,5.3536430932581425,0.7179179228842258,4.529912956058979,shared_2l_1pool
7538,5.429290002211928,0.7449518889188766,4.577243002131581,shared_2l_1pool
7539,5.384695949032903,0.7194399368017912,4.557590000331402,shared_2l_1pool
7540,5.362466908991337,0.7191300392150879,4.536535125225782,shared_2l_1pool
7541,6.726450053974986,1.9406010396778584,4.658371908590198,shared_2l_1pool
7542,5.457886029034853,0.7444189395755529,4.605371970683336,shared_2l_1pool
7543,5.430329125374556,0.7211337797343731,4.600485088303685,shared_2l_1pool
7544,5.397639004513621,0.7292299997061491,4.5616100542247295,shared_2l_1pool
7545,5.423096939921379,0.7194450590759516,4.591932985931635,shared_2l_1pool
7546,5.427081137895584,0.7345739286392927,4.5842251274734735,shared_2l_1pool
7547,5.402076058089733,0.7311860099434853,4.56239702180028,shared_2l_1pool
7548,5.411380901932716,0.7268220651894808,4.5766509138047695,shared_2l_1pool
7549,5.385681055486202,0.7394859567284584,4.535932093858719,shared_2l_1pool
7550,5.372686078771949,0.7197039667516947,4.546899115666747,shared_2l_1pool
7551,5.377073073759675,0.7277429103851318,4.542804090306163,shared_2l_1pool
7552,5.381838185712695,0.7275890093296766,4.546732874587178,shared_2l_1pool
7553,5.392177030444145,0.730037922039628,4.555029096081853,shared_2l_1pool
7554,5.376266781240702,0.7330989465117455,4.532807972282171,shared_2l_1pool
7555,5.451217060908675,0.7446340750902891,4.598014056682587,shared_2l_1pool
7556,5.421417066827416,0.7273689843714237,4.587510135024786,shared_2l_1pool
7557,6.730624008923769,1.9226791337132454,4.678879864513874,shared_2l_1pool
7558,5.4207150824368,0.7538339123129845,4.560717148706317,shared_2l_1pool
7559,5.390177946537733,0.7253980729728937,4.5572619419544935,shared_2l_1pool
7560,5.384664982557297,0.7276020478457212,4.55139297991991,shared_2l_1pool
7561,5.45851793140173,0.7672680076211691,4.586366005241871,shared_2l_1pool
7562,5.41477301158011,0.7191170006990433,4.584860056638718,shared_2l_1pool
7563,5.423380061984062,0.724554993212223,4.589929012581706,shared_2l_1pool
7564,5.446621915325522,0.7282220758497715,4.608895862475038,shared_2l_1pool
7565,5.4061152040958405,0.7310390938073397,4.562190966680646,shared_2l_1pool
7566,5.38213481195271,0.7328679785132408,4.542181035503745,shared_2l_1pool
7567,5.39609813131392,0.7350719533860683,4.554269136860967,shared_2l_1pool
7568,5.433920072391629,0.7773549295961857,4.552147118374705,shared_2l_1pool
7569,5.4036639630794525,0.7295459508895874,4.569836193695664,shared_2l_1pool
7570,5.422195885330439,0.7229701150208712,4.591993056237698,shared_2l_1pool
7571,5.415686871856451,0.7387399673461914,4.571682075038552,shared_2l_1pool
7572,5.428940989077091,0.7260588463395834,4.596662009134889,shared_2l_1pool
7573,6.719287019222975,1.9238181412220001,4.669229034334421,shared_2l_1pool
7574,5.48523711040616,0.7568888831883669,4.619745071977377,shared_2l_1pool
7575,5.438209045678377,0.7208550814539194,4.609755938872695,shared_2l_1pool
7576,5.456634098663926,0.7418720051646233,4.600477870553732,shared_2l_1pool
7577,5.407111020758748,0.7263522129505873,4.574456950649619,shared_2l_1pool
7578,5.405697040259838,0.7283180020749569,4.56866598688066,shared_2l_1pool
7579,5.440677050501108,0.7825437933206558,4.550744080916047,shared_2l_1pool
7580,5.426946096122265,0.7621799595654011,4.555369028821588,shared_2l_1pool
7581,5.39375189691782,0.7281310390681028,4.557160893455148,shared_2l_1pool
7582,5.392668070271611,0.7238420657813549,4.556346917524934,shared_2l_1pool
7583,5.4104800801724195,0.7503628730773926,4.545547068119049,shared_2l_1pool
7584,5.409730831161141,0.7288558408617973,4.572413163259625,shared_2l_1pool
7585,5.400502821430564,0.7391700055450201,4.551674937829375,shared_2l_1pool
7586,5.404509138315916,0.7291259244084358,4.5687430538237095,shared_2l_1pool
7587,5.3880910854786634,0.7303680758923292,4.553064936771989,shared_2l_1pool
7588,5.410515936091542,0.7249030750244856,4.578799940645695,shared_2l_1pool
7589,6.7186011001467705,1.9434299319982529,4.648245871067047,shared_2l_1pool
7590,5.438344087451696,0.7462818175554276,4.581351997330785,shared_2l_1pool
7591,5.442104069516063,0.7366631180047989,4.595911828801036,shared_2l_1pool
7592,5.427818978205323,0.739377923309803,4.579857923090458,shared_2l_1pool
7593,5.39817102253437,0.7064458914101124,4.579721018671989,shared_2l_1pool
7594,5.450500175356865,0.7397490553557873,4.601377062499523,shared_2l_1pool
7595,5.423533963039517,0.7531789597123861,4.561406094580889,shared_2l_1pool
7596,5.3681000135838985,0.7311818189918995,4.528114106506109,shared_2l_1pool
7597,5.4205129854381084,0.7693329825997353,4.543786169961095,shared_2l_1pool
7598,5.420364905148745,0.7224180735647678,4.59016696549952,shared_2l_1pool
7599,5.406376905739307,0.7236311212182045,4.567996831610799,shared_2l_1pool
7600,5.369512131437659,0.7178180385380983,4.541691858321428,shared_2l_1pool
7601,5.4013479966670275,0.75364182703197,4.540295107290149,shared_2l_1pool
7602,5.374794825911522,0.713166082277894,4.552705911919475,shared_2l_1pool
7603,5.41088986210525,0.7377208676189184,4.567013122141361,shared_2l_1pool
7604,5.399980116635561,0.7205470465123653,4.571342840790749,shared_2l_1pool
7605,6.739638978615403,1.9451240077614784,4.667354980483651,shared_2l_1pool
7606,5.454706959426403,0.7581498939543962,4.590142052620649,shared_2l_1pool
7607,5.444081965833902,0.7311010267585516,4.6058830339461565,shared_2l_1pool
7608,5.464529152959585,0.7517600897699594,4.603998968377709,shared_2l_1pool
7609,5.434293067082763,0.7300479337573051,4.596570041030645,shared_2l_1pool
7610,5.39178098551929,0.7319520227611065,4.554226063191891,shared_2l_1pool
7611,5.415457999333739,0.7054510060697794,4.603751003742218,shared_2l_1pool
7612,5.443949950858951,0.7331750821322203,4.598576808348298,shared_2l_1pool
7613,5.438127089291811,0.7544499821960926,4.5731940772384405,shared_2l_1pool
7614,5.43954293243587,0.7618081290274858,4.564194940030575,shared_2l_1pool
7615,5.440552951768041,0.7241012062877417,4.6040748711675406,shared_2l_1pool
7616,5.469128955155611,0.7481351494789124,4.6082898043096066,shared_2l_1pool
7617,5.411021877080202,0.7403078489005566,4.563317168504,shared_2l_1pool
7618,5.391900893300772,0.7234511431306601,4.560571862384677,shared_2l_1pool
7619,5.436630919575691,0.7343008182942867,4.596016136929393,shared_2l_1pool
7620,5.453992867842317,0.7295610848814249,4.616535035893321,shared_2l_1pool
7621,6.71539013274014,1.9109349232167006,4.677046090364456,shared_2l_1pool
7622,5.432388978078961,0.7333401590585709,4.589727846905589,shared_2l_1pool
7623,5.39810792542994,0.7363150361925364,4.556103842332959,shared_2l_1pool
7624,5.430123070254922,0.7341860327869654,4.589790944010019,shared_2l_1pool
7625,5.398222943767905,0.7276090327650309,4.56616492010653,shared_2l_1pool
7626,5.434987135231495,0.7097669877111912,4.6183220110833645,shared_2l_1pool
7627,5.421255016699433,0.7144438568502665,4.597692051902413,shared_2l_1pool
7628,5.417414009571075,0.7297201082110405,4.5781549997627735,shared_2l_1pool
7629,5.438369000330567,0.7279098499566317,4.601213149726391,shared_2l_1pool
7630,5.448990035802126,0.7311229128390551,4.605818074196577,shared_2l_1pool
7631,5.393228959292173,0.7204029243439436,4.565712995827198,shared_2l_1pool
7632,5.392376100644469,0.7131111342459917,4.573888843879104,shared_2l_1pool
7633,5.445603048428893,0.7381259929388762,4.600662970915437,shared_2l_1pool
7634,5.436253035441041,0.7146289572119713,4.612778080627322,shared_2l_1pool
7635,5.408734083175659,0.719279982149601,4.580369917675853,shared_2l_1pool
7636,5.453052930533886,0.7379220332950354,4.603733075782657,shared_2l_1pool
7637,6.7417260725051165,1.9433069974184036,4.670340102165937,shared_2l_1pool
7638,5.441446090117097,0.7378719747066498,4.59317397326231,shared_2l_1pool
7639,5.423976108431816,0.7399029564112425,4.5766630209982395,shared_2l_1pool
7640,5.438321037217975,0.7257109973579645,4.602758912369609,shared_2l_1pool
7641,5.415553925558925,0.7320279255509377,4.577170126140118,shared_2l_1pool
7642,5.419134860858321,0.7363851182162762,4.5727938413619995,shared_2l_1pool
7643,5.4284618236124516,0.773527892306447,4.548333119601011,shared_2l_1pool
7644,5.387960001826286,0.7137630600482225,4.565674811601639,shared_2l_1pool
7645,5.42219914495945,0.7415569853037596,4.573689075186849,shared_2l_1pool
7646,5.390568170696497,0.7255289237946272,4.555382067337632,shared_2l_1pool
7647,5.380589980632067,0.7224921137094498,4.550511948764324,shared_2l_1pool
7648,5.392690887674689,0.7338519208133221,4.549304023385048,shared_2l_1pool
7649,5.393231986090541,0.7296900730580091,4.556300118565559,shared_2l_1pool
7650,5.390499951317906,0.7375229615718126,4.5439391396939754,shared_2l_1pool
7651,5.394372856244445,0.7305392064154148,4.553820937871933,shared_2l_1pool
7652,5.379674956202507,0.7211158517748117,4.548236029222608,shared_2l_1pool
7653,6.852722959592938,1.9490679260343313,4.776292014867067,shared_2l_1pool
7654,5.543024046346545,0.7499968633055687,4.680690122768283,shared_2l_1pool
7655,5.593439796939492,0.7530050352215767,4.731934983283281,shared_2l_1pool
7656,5.531496135517955,0.7440689951181412,4.677512915804982,shared_2l_1pool
7657,5.5825968738645315,0.7481069769710302,4.725832026451826,shared_2l_1pool
7658,5.555577110499144,0.7420370820909739,4.7059799544513226,shared_2l_1pool
7659,5.516426870599389,0.7209989707916975,4.6871379017829895,shared_2l_1pool
7660,5.519382189959288,0.7486829999834299,4.665468819439411,shared_2l_1pool
7661,5.506595131009817,0.7361299358308315,4.664988024160266,shared_2l_1pool
7662,5.558593897148967,0.7233631331473589,4.724013851955533,shared_2l_1pool
7663,5.545204039663076,0.7223091088235378,4.713546019047499,shared_2l_1pool
7664,5.478185834363103,0.7175779901444912,4.652419127523899,shared_2l_1pool
7665,5.547313019633293,0.7163470145314932,4.723130026832223,shared_2l_1pool
7666,5.491845775395632,0.7245850283652544,4.6606978867203,shared_2l_1pool
7667,5.515068070963025,0.7301559671759605,4.679952980950475,shared_2l_1pool
7668,5.488598020747304,0.7218511309474707,4.661981016397476,shared_2l_1pool
7669,6.735519040375948,1.9234539940953255,4.685043822973967,shared_2l_1pool
7670,5.478173960000277,0.7464229129254818,4.622905980795622,shared_2l_1pool
7671,5.475961836054921,0.7507160771638155,4.618373000994325,shared_2l_1pool
7672,5.472293822094798,0.7284081075340509,4.635326098650694,shared_2l_1pool
7673,5.465497029945254,0.7513610180467367,4.607183858752251,shared_2l_1pool
7674,5.458594067022204,0.737335067242384,4.612646996974945,shared_2l_1pool
7675,5.46201691031456,0.7428871467709541,4.6116989105939865,shared_2l_1pool
7676,5.503705935552716,0.730335945263505,4.664625972509384,shared_2l_1pool
7677,5.472538061439991,0.7303319871425629,4.629588918760419,shared_2l_1pool
7678,5.426927004009485,0.7171009201556444,4.60348604246974,shared_2l_1pool
7679,5.43851382099092,0.7332460954785347,4.598255967721343,shared_2l_1pool
7680,5.411656107753515,0.7271659560501575,4.5796160120517015,shared_2l_1pool
7681,5.486832000315189,0.7685469463467598,4.612465156242251,shared_2l_1pool
7682,5.388207035139203,0.6963221821933985,4.584331996738911,shared_2l_1pool
7683,5.4388821590691805,0.7371110841631889,4.595012869685888,shared_2l_1pool
7684,5.436711013317108,0.7391779217869043,4.589986056089401,shared_2l_1pool
7685,6.816298002377152,1.9497689791023731,4.738604184240103,shared_2l_1pool
7686,5.475619109347463,0.7464359514415264,4.621095955371857,shared_2l_1pool
7687,5.496129859238863,0.7482939399778843,4.640809027478099,shared_2l_1pool
7688,5.526860011741519,0.7421239279210567,4.677524091675878,shared_2l_1pool
7689,5.486923968419433,0.7420519832521677,4.641121020540595,shared_2l_1pool
7690,5.512445000931621,0.7396580185741186,4.661693936213851,shared_2l_1pool
7691,5.5037979036569595,0.7415597792714834,4.658770048990846,shared_2l_1pool
7692,5.5290712043643,0.7469200063496828,4.672737093642354,shared_2l_1pool
7693,5.5077821016311646,0.7506317924708128,4.641802981495857,shared_2l_1pool
7694,5.479501094669104,0.7419749163091183,4.627943970263004,shared_2l_1pool
7695,5.458148894831538,0.7407900411635637,4.6115589793771505,shared_2l_1pool
7696,5.5263538379222155,0.7753600366413593,4.640872124582529,shared_2l_1pool
7697,5.521900951862335,0.7489270064979792,4.659953061491251,shared_2l_1pool
7698,5.50549803301692,0.7369040977209806,4.6589309349656105,shared_2l_1pool
7699,5.500386003404856,0.7376240100711584,4.65430598706007,shared_2l_1pool
7700,5.529563874006271,0.7499840576201677,4.671931033954024,shared_2l_1pool
7701,6.815179018303752,1.943526091054082,4.743456840515137,shared_2l_1pool
7702,5.50815905444324,0.7491118740290403,4.647176014259458,shared_2l_1pool
7703,5.516080884262919,0.7593140471726656,4.651142051443458,shared_2l_1pool
7704,5.541548831388354,0.7597841322422028,4.672565963119268,shared_2l_1pool
7705,5.512287141755223,0.7348621729761362,4.66141477227211,shared_2l_1pool
7706,5.501874955371022,0.7382780313491821,4.6489660162478685,shared_2l_1pool
7707,5.508660105988383,0.7210061885416508,4.6801099088042974,shared_2l_1pool
7708,5.507394904270768,0.7231237832456827,4.674673080444336,shared_2l_1pool
7709,5.474386969581246,0.7336151320487261,4.631714895367622,shared_2l_1pool
7710,5.500555038452148,0.7471488788723946,4.640888189896941,shared_2l_1pool
7711,5.494036013260484,0.7280239369720221,4.659279016777873,shared_2l_1pool
7712,5.464314948767424,0.7207819726318121,4.627305082976818,shared_2l_1pool
7713,5.522403866052628,0.7438701577484608,4.667410859838128,shared_2l_1pool
7714,5.479163955897093,0.7180781103670597,4.647743888199329,shared_2l_1pool
7715,5.5075001437217,0.7404659409075975,4.657431971281767,shared_2l_1pool
7716,5.494104931131005,0.7307941559702158,4.65253391303122,shared_2l_1pool
7717,7.073398912325501,2.2380349691957235,4.713082918897271,shared_2l_1pool
7718,5.5043508764356375,0.7539670914411545,4.641532897949219,shared_2l_1pool
7719,5.471858894452453,0.7365599740296602,4.626119043678045,shared_2l_1pool
7720,5.457249004393816,0.7412550039589405,4.60436288267374,shared_2l_1pool
7721,5.523616913706064,0.7449861150234938,4.669804824516177,shared_2l_1pool
7722,5.472408141940832,0.7270800415426493,4.636405035853386,shared_2l_1pool
7723,5.4800608195364475,0.7344919722527266,4.6345379669219255,shared_2l_1pool
7724,5.452560959383845,0.726114958524704,4.619616083800793,shared_2l_1pool
7725,5.45127596706152,0.733239809051156,4.609736148267984,shared_2l_1pool
7726,5.484496941789985,0.7423399947583675,4.625116940587759,shared_2l_1pool
7727,5.506720161065459,0.741864088922739,4.655658965930343,shared_2l_1pool
7728,5.479207029566169,0.7147709839046001,4.650183022022247,shared_2l_1pool
7729,5.465332884341478,0.7404079660773277,4.616798833012581,shared_2l_1pool
7730,5.458960076794028,0.7337590213865042,4.613834898918867,shared_2l_1pool
7731,5.452501121908426,0.7319841533899307,4.613118013367057,shared_2l_1pool
7732,5.462232977151871,0.7434620056301355,4.6111769042909145,shared_2l_1pool
7733,6.780596915632486,1.9388559740036726,4.714336944743991,shared_2l_1pool
7734,5.504828877747059,0.7509521674364805,4.642880987375975,shared_2l_1pool
7735,5.522120976820588,0.7597969379276037,4.653810989111662,shared_2l_1pool
7736,5.521334940567613,0.7460040505975485,4.666656954213977,shared_2l_1pool
7737,5.479642190039158,0.7423621136695147,4.629584029316902,shared_2l_1pool
7738,5.511968862265348,0.7329201325774193,4.670646972954273,shared_2l_1pool
7739,5.471053998917341,0.7230101618915796,4.638173850253224,shared_2l_1pool
7740,5.488217109814286,0.7341657765209675,4.645484033972025,shared_2l_1pool
7741,5.484664114192128,0.7235629018396139,4.655209137126803,shared_2l_1pool
7742,5.5095599964261055,0.7591999601572752,4.6429019421339035,shared_2l_1pool
7743,5.461016902700067,0.729850959032774,4.624761873856187,shared_2l_1pool
7744,5.457231076434255,0.7233698852360249,4.623058019205928,shared_2l_1pool
7745,5.451510194689035,0.7430340629070997,4.604934947565198,shared_2l_1pool
7746,5.4641831666231155,0.726012047380209,4.626217996701598,shared_2l_1pool
7747,5.526795983314514,0.7422561757266521,4.678756929934025,shared_2l_1pool
7748,5.517222918570042,0.7410189136862755,4.66768117621541,shared_2l_1pool
7749,6.80339802056551,1.927640987560153,4.7476161271333694,shared_2l_1pool
7750,5.5036828853189945,0.759925926104188,4.631655057892203,shared_2l_1pool
7751,5.479848012328148,0.7508669514209032,4.620637046173215,shared_2l_1pool
7752,5.4930429905653,0.7436159066855907,4.6355570666491985,shared_2l_1pool
7753,5.5486708879470825,0.7638689130544662,4.676266107708216,shared_2l_1pool
7754,5.466565024107695,0.7430198602378368,4.6150831039994955,shared_2l_1pool
7755,5.497575039044023,0.7381541654467583,4.651204915717244,shared_2l_1pool
7756,5.461768945679069,0.7259000558406115,4.628312075510621,shared_2l_1pool
7757,5.462440894916654,0.7278940174728632,4.627251997590065,shared_2l_1pool
7758,5.480485036969185,0.7556590717285872,4.616220016032457,shared_2l_1pool
7759,5.470040021464229,0.7348449435085058,4.62736003100872,shared_2l_1pool
7760,5.476567894220352,0.7424850482493639,4.626150010153651,shared_2l_1pool
7761,5.4646029602736235,0.7310609798878431,4.624327877536416,shared_2l_1pool
7762,5.507793044671416,0.7410349790006876,4.654360003769398,shared_2l_1pool
7763,5.5376209784299135,0.7603950798511505,4.6683610416948795,shared_2l_1pool
7764,5.470019998028874,0.7339438889175653,4.63135214522481,shared_2l_1pool
7765,6.798237096518278,1.9245229195803404,4.743263125419617,shared_2l_1pool
7766,5.522900028154254,0.7558460347354412,4.65850206092,shared_2l_1pool
7767,5.512891104444861,0.7548430003225803,4.6490689273923635,shared_2l_1pool
7768,5.466184113174677,0.7377229630947113,4.620773950591683,shared_2l_1pool
7769,5.469115916639566,0.748475082218647,4.613098921254277,shared_2l_1pool
7770,5.478363949805498,0.7438210304826498,4.623329965397716,shared_2l_1pool
7771,5.447431933134794,0.7224129512906075,4.616014892235398,shared_2l_1pool
7772,5.461214808747172,0.7439171895384789,4.606810864061117,shared_2l_1pool
7773,5.467190872877836,0.7411828264594078,4.6209730207920074,shared_2l_1pool
7774,5.518079036846757,0.7517309859395027,4.65742708183825,shared_2l_1pool
7775,5.492710042744875,0.723215052857995,4.6626359689980745,shared_2l_1pool
7776,5.480166990309954,0.738463131710887,4.630435956642032,shared_2l_1pool
7777,5.489974049851298,0.7407888770103455,4.643918015062809,shared_2l_1pool
7778,5.4750288836658,0.7338551804423332,4.636941011995077,shared_2l_1pool
7779,5.474072881042957,0.7100030779838562,4.650474060326815,shared_2l_1pool
7780,5.481967935338616,0.735162990167737,4.63643204420805,shared_2l_1pool
7781,6.778595969080925,1.962325070053339,4.690557019785047,shared_2l_1pool
7782,5.486574023962021,0.7609310559928417,4.616524092853069,shared_2l_1pool
7783,5.528128007426858,0.7529538124799728,4.666272085160017,shared_2l_1pool
7784,5.514721851795912,0.7520148064941168,4.652105970308185,shared_2l_1pool
7785,5.4901831317692995,0.7549349684268236,4.618578124791384,shared_2l_1pool
7786,5.473132012411952,0.7482541259378195,4.615345969796181,shared_2l_1pool
7787,5.46501693315804,0.7421830669045448,4.61388798430562,shared_2l_1pool
7788,5.452970042824745,0.7401010952889919,4.603547975420952,shared_2l_1pool
7789,5.4559409618377686,0.7388601079583168,4.608597839251161,shared_2l_1pool
7790,5.471805110573769,0.736934132874012,4.627213813364506,shared_2l_1pool
7791,5.4635899141430855,0.7158091757446527,4.6411098446697,shared_2l_1pool
7792,5.470068892464042,0.7327450439333916,4.6251320745795965,shared_2l_1pool
7793,5.475369980558753,0.7348880171775818,4.631479037925601,shared_2l_1pool
7794,5.4701450280845165,0.7468760013580322,4.613639088347554,shared_2l_1pool
7795,5.534811178222299,0.7744471076875925,4.652346950024366,shared_2l_1pool
7796,5.49851986579597,0.7405420765280724,4.646172979846597,shared_2l_1pool
7797,6.789549952372909,1.9531280267983675,4.707438871264458,shared_2l_1pool
7798,5.500059109181166,0.7560700178146362,4.633411066606641,shared_2l_1pool
7799,5.488291149958968,0.7449020631611347,4.635102115571499,shared_2l_1pool
7800,5.486729089170694,0.7441299967467785,4.633225034922361,shared_2l_1pool
7801,5.464642075821757,0.7469120901077986,4.609598079696298,shared_2l_1pool
7802,5.476907826960087,0.7430519908666611,4.625800997018814,shared_2l_1pool
7803,5.4853870533406734,0.757809029892087,4.619548097252846,shared_2l_1pool
7804,5.487723043188453,0.7535431068390608,4.6249020379036665,shared_2l_1pool
7805,5.466479109600186,0.7404950447380543,4.61841095238924,shared_2l_1pool
7806,5.442724097520113,0.7353220134973526,4.59889299236238,shared_2l_1pool
7807,5.50074502825737,0.7331350352615118,4.65782405808568,shared_2l_1pool
7808,5.481292959302664,0.7293932139873505,4.645072855055332,shared_2l_1pool
7809,5.507068941369653,0.7588900625705719,4.641368985176086,shared_2l_1pool
7810,5.510119022801518,0.7539000362157822,4.6512349508702755,shared_2l_1pool
7811,5.472196964547038,0.7217649836093187,4.641352919861674,shared_2l_1pool
7812,5.516689037904143,0.7406568620353937,4.6675310004502535,shared_2l_1pool
7813,6.774926092475653,1.9366091582924128,4.714438924565911,shared_2l_1pool
7814,5.4756649769842625,0.7463849615305662,4.618501057848334,shared_2l_1pool
7815,5.4931240156292915,0.7573049515485764,4.627645015716553,shared_2l_1pool
7816,5.508959060534835,0.7324409671127796,4.66731796041131,shared_2l_1pool
7817,5.475439829751849,0.7292150985449553,4.631351912394166,shared_2l_1pool
7818,5.5140170734375715,0.7425791118294001,4.661015002056956,shared_2l_1pool
7819,5.48335793428123,0.7537200581282377,4.620837979018688,shared_2l_1pool
7820,5.476534832268953,0.7352670654654503,4.6332529745996,shared_2l_1pool
7821,5.490172887220979,0.7247049361467361,4.653048934414983,shared_2l_1pool
7822,5.484204040840268,0.7434790022671223,4.632179858162999,shared_2l_1pool
7823,5.486754002049565,0.7600949611514807,4.616667982190847,shared_2l_1pool
7824,5.46144088730216,0.7251279894262552,4.629837116226554,shared_2l_1pool
7825,5.510071059688926,0.76148915104568,4.643082851544023,shared_2l_1pool
7826,5.470813950523734,0.737873138859868,4.621799802407622,shared_2l_1pool
7827,5.469055846333504,0.7434030994772911,4.622052889317274,shared_2l_1pool
7828,5.497041856870055,0.7218809332698584,4.668377107009292,shared_2l_1pool
7829,6.791913881897926,1.92080601118505,4.743503872305155,shared_2l_1pool
7830,5.512156058102846,0.7576220668852329,4.644053988158703,shared_2l_1pool
7831,5.492071155458689,0.7542169187217951,4.6309819445014,shared_2l_1pool
7832,5.473448894917965,0.7379979360848665,4.626448033377528,shared_2l_1pool
7833,5.48251299187541,0.7351769600063562,4.638682119548321,shared_2l_1pool
7834,5.490154027938843,0.7448049727827311,4.632842028513551,shared_2l_1pool
7835,5.495734978467226,0.7354929111897945,4.650546004995704,shared_2l_1pool
7836,5.488230148330331,0.7433230057358742,4.636634141206741,shared_2l_1pool
7837,5.531169008463621,0.756127992644906,4.668970825150609,shared_2l_1pool
7838,5.4875018540769815,0.7325990591198206,4.645352018997073,shared_2l_1pool
7839,5.491077899932861,0.7382500916719437,4.6464828774333,shared_2l_1pool
7840,5.488889059051871,0.7372379768639803,4.64626494795084,shared_2l_1pool
7841,5.5283179972320795,0.749547965824604,4.670724039897323,shared_2l_1pool
7842,5.473731085658073,0.7240870036184788,4.641988780349493,shared_2l_1pool
7843,5.4582031443715096,0.7328321225941181,4.618237959221005,shared_2l_1pool
7844,5.476607941091061,0.7368740625679493,4.630406154319644,shared_2l_1pool
7845,6.802103947848082,1.9481158815324306,4.727337975054979,shared_2l_1pool
7846,5.5153220891952515,0.7580800447613001,4.64684097096324,shared_2l_1pool
7847,5.525307962670922,0.7480289787054062,4.667546134442091,shared_2l_1pool
7848,5.526593187823892,0.7586230058223009,4.65815793722868,shared_2l_1pool
7849,5.5109059903770685,0.7417709566652775,4.660218954086304,shared_2l_1pool
7850,5.634925095364451,0.7384419441223145,4.786822944879532,shared_2l_1pool
7851,5.544447107240558,0.7519680075347424,4.6811390202492476,shared_2l_1pool
7852,5.505819106474519,0.7566369604319334,4.637887934222817,shared_2l_1pool
7853,5.5371669586747885,0.7967490237206221,4.63077612221241,shared_2l_1pool
7854,5.542095052078366,0.7559319492429495,4.67719417065382,shared_2l_1pool
7855,5.526021821424365,0.7506299298256636,4.6676648780703545,shared_2l_1pool
7856,5.489272065460682,0.7355301640927792,4.645784851163626,shared_2l_1pool
7857,5.522230872884393,0.758014153689146,4.655580967664719,shared_2l_1pool
7858,5.5075110867619514,0.7548020221292973,4.637750796973705,shared_2l_1pool
7859,5.4788230918347836,0.7391141261905432,4.633601987734437,shared_2l_1pool
7860,5.47153502702713,0.7336908020079136,4.622017033398151,shared_2l_1pool
7861,6.818426074460149,1.9452860578894615,4.746696911752224,shared_2l_1pool
7862,5.51545200869441,0.7648451719433069,4.641939885914326,shared_2l_1pool
7863,5.460918880999088,0.7374989800155163,4.616993013769388,shared_2l_1pool
7864,5.463350098580122,0.7325459737330675,4.6249269507825375,shared_2l_1pool
7865,5.45873586088419,0.7379020098596811,4.612894961610436,shared_2l_1pool
7866,5.516112083569169,0.7432179991155863,4.6641111839562654,shared_2l_1pool
7867,5.526646040380001,0.755848828703165,4.665140062570572,shared_2l_1pool
7868,5.489439936354756,0.740748131647706,4.643889842554927,shared_2l_1pool
7869,5.489868810400367,0.7278700359165668,4.653249867260456,shared_2l_1pool
7870,5.526572000235319,0.7471730932593346,4.669956862926483,shared_2l_1pool
7871,5.517213838174939,0.7521621882915497,4.657789831981063,shared_2l_1pool
7872,5.479089915752411,0.7383038755506277,4.633685108274221,shared_2l_1pool
7873,5.4716861341148615,0.7435828447341919,4.622319946065545,shared_2l_1pool
7874,5.440795794129372,0.7262530270963907,4.608249990269542,shared_2l_1pool
7875,5.502491956576705,0.7467200048267841,4.6479778829962015,shared_2l_1pool
7876,5.478485021740198,0.7239191327244043,4.64707100763917,shared_2l_1pool
7877,6.783621851354837,1.9297930411994457,4.726632963865995,shared_2l_1pool
7878,5.496158031746745,0.7534460164606571,4.627772141247988,shared_2l_1pool
7879,5.5197919718921185,0.7437211461365223,4.6676527708768845,shared_2l_1pool
7880,5.52348792552948,0.7557182107120752,4.65779984369874,shared_2l_1pool
7881,5.487777991220355,0.7393560372292995,4.64030890725553,shared_2l_1pool
7882,5.466330796480179,0.7282809820026159,4.62806411087513,shared_2l_1pool
7883,5.50833297893405,0.7443269714713097,4.656048025935888,shared_2l_1pool
7884,5.507105030119419,0.7505498360842466,4.6513620764017105,shared_2l_1pool
7885,5.531348986551166,0.7462240755558014,4.6759070828557014,shared_2l_1pool
7886,5.542305065318942,0.7609538733959198,4.674548981711268,shared_2l_1pool
7887,5.49598503857851,0.7281140424311161,4.661060171201825,shared_2l_1pool
7888,5.507383029907942,0.7360938470810652,4.661390092223883,shared_2l_1pool
7889,5.4964120499789715,0.7147840224206448,4.671859787777066,shared_2l_1pool
7890,5.536869168281555,0.7518748752772808,4.672572016716003,shared_2l_1pool
7891,5.48381102271378,0.7380421739071608,4.639439983293414,shared_2l_1pool
7892,5.496573867276311,0.7537808269262314,4.635789198800921,shared_2l_1pool
7893,6.82427897118032,1.9549839198589325,4.73983702249825,shared_2l_1pool
7894,5.494060926139355,0.7446829695254564,4.640043945983052,shared_2l_1pool
7895,5.477355793118477,0.7461509667336941,4.618037957698107,shared_2l_1pool
7896,5.486463895067573,0.743471086025238,4.633545875549316,shared_2l_1pool
7897,5.4988740012049675,0.7567098364233971,4.627829184755683,shared_2l_1pool
7898,5.507886875420809,0.7542569655925035,4.6412828378379345,shared_2l_1pool
7899,5.495351040735841,0.752926105633378,4.627411952242255,shared_2l_1pool
7900,5.485693225637078,0.7327040657401085,4.642614861950278,shared_2l_1pool
7901,5.49748120829463,0.7530520670115948,4.632801050320268,shared_2l_1pool
7902,5.49515220336616,0.7377089932560921,4.646112909540534,shared_2l_1pool
7903,5.53141301497817,0.7616458460688591,4.659795202314854,shared_2l_1pool
7904,5.4989701602607965,0.7363518234342337,4.6527450904250145,shared_2l_1pool
7905,5.479024024680257,0.7434610743075609,4.626651993021369,shared_2l_1pool
7906,5.4872119799256325,0.7451511919498444,4.635243909433484,shared_2l_1pool
7907,5.520401988178492,0.7534769829362631,4.655152093619108,shared_2l_1pool
7908,5.5437341798096895,0.7861789781600237,4.651036113500595,shared_2l_1pool
7909,6.931219017133117,1.9300079438835382,4.874021979048848,shared_2l_1pool
7910,5.663726013153791,0.7801551837474108,4.77327685803175,shared_2l_1pool
7911,5.658352980390191,0.7497800979763269,4.798390902578831,shared_2l_1pool
7912,5.657383007928729,0.7516911718994379,4.796040942892432,shared_2l_1pool
7913,5.660790018737316,0.7525018882006407,4.797768080607057,shared_2l_1pool
7914,5.627575796097517,0.7465451490134001,4.770125960931182,shared_2l_1pool
7915,5.617086077108979,0.7413830608129501,4.767870996147394,shared_2l_1pool
7916,5.582145880907774,0.7264430169016123,4.7413380816578865,shared_2l_1pool
7917,5.591296823695302,0.72066904976964,4.7628809697926044,shared_2l_1pool
7918,5.589938955381513,0.7443351205438375,4.737332928925753,shared_2l_1pool
7919,5.653800908476114,0.7513370364904404,4.793928004801273,shared_2l_1pool
7920,5.643155192956328,0.7499479688704014,4.78380499407649,shared_2l_1pool
7921,5.617195041850209,0.7569619920104742,4.752214066684246,shared_2l_1pool
7922,5.588932195678353,0.7385399658232927,4.74334298633039,shared_2l_1pool
7923,5.65558485686779,0.7877999451011419,4.7606308944523335,shared_2l_1pool
7924,5.6045090314000845,0.7517719641327858,4.741214914247394,shared_2l_1pool
7925,6.823825184255838,1.942821079865098,4.752212902531028,shared_2l_1pool
7926,5.557726835832,0.7605559658259153,4.688574001193047,shared_2l_1pool
7927,5.527906818315387,0.7465248927474022,4.671589005738497,shared_2l_1pool
7928,5.545082967728376,0.7400510367006063,4.699088865891099,shared_2l_1pool
7929,5.539118079468608,0.7365408819168806,4.6948210801929235,shared_2l_1pool
7930,5.529488902539015,0.7437090389430523,4.676784155890346,shared_2l_1pool
7931,5.508732050657272,0.737226102501154,4.662992898374796,shared_2l_1pool
7932,5.512734176591039,0.7313501555472612,4.672732902690768,shared_2l_1pool
7933,5.506268003955483,0.7517680060118437,4.646871937438846,shared_2l_1pool
7934,5.5046710185706615,0.7382389158010483,4.658231046050787,shared_2l_1pool
7935,5.520425038412213,0.7465030066668987,4.666403168812394,shared_2l_1pool
7936,5.510231014341116,0.7344891782850027,4.665811778977513,shared_2l_1pool
7937,5.501884967088699,0.7487528491765261,4.645683104172349,shared_2l_1pool
7938,5.5256919004023075,0.7605669088661671,4.654876189306378,shared_2l_1pool
7939,5.537699908018112,0.764165073633194,4.667129833251238,shared_2l_1pool
7940,5.512221017852426,0.7509018760174513,4.6534850262105465,shared_2l_1pool
7941,6.926138885319233,1.989064970985055,4.807319026440382,shared_2l_1pool
7942,5.588249070569873,0.764613039791584,4.71309688873589,shared_2l_1pool
7943,5.594127811491489,0.7621599361300468,4.7219740226864815,shared_2l_1pool
7944,5.582387093454599,0.7637389935553074,4.709089174866676,shared_2l_1pool
7945,5.57109504006803,0.7548769935965538,4.7060048673301935,shared_2l_1pool
7946,5.590687971562147,0.7757151033729315,4.707119893282652,shared_2l_1pool
7947,5.569086177274585,0.7468170952051878,4.712513880804181,shared_2l_1pool
7948,5.567925050854683,0.7498420309275389,4.707593936473131,shared_2l_1pool
7949,5.59323700144887,0.7576718926429749,4.727606195956469,shared_2l_1pool
7950,5.540292011573911,0.7397960871458054,4.693754017353058,shared_2l_1pool
7951,5.575946997851133,0.7501828949898481,4.713203990831971,shared_2l_1pool
7952,5.576413124799728,0.7590539753437042,4.704474005848169,shared_2l_1pool
7953,5.584117025136948,0.7549119181931019,4.721308127045631,shared_2l_1pool
7954,5.568427033722401,0.7427970413118601,4.717060131952167,shared_2l_1pool
7955,5.542611004784703,0.7407458033412695,4.696258110925555,shared_2l_1pool
7956,5.577506963163614,0.7475558668375015,4.719986114650965,shared_2l_1pool
7957,6.915122969076037,1.9784900359809399,4.809373989701271,shared_2l_1pool
7958,5.597559968009591,0.7620728574693203,4.718532087281346,shared_2l_1pool
7959,5.589752923697233,0.7723050657659769,4.7069459687918425,shared_2l_1pool
7960,5.599313881248236,0.7715129759162664,4.714712034910917,shared_2l_1pool
7961,5.618835100904107,0.7643699645996094,4.745089216157794,shared_2l_1pool
7962,5.615598987787962,0.7561410311609507,4.7494107857346535,shared_2l_1pool
7963,5.552652990445495,0.7286258041858673,4.7127672005444765,shared_2l_1pool
7964,5.558958975598216,0.7465418893843889,4.701731028035283,shared_2l_1pool
7965,5.576253868639469,0.7431549020111561,4.722952144220471,shared_2l_1pool
7966,5.551441106945276,0.733223045244813,4.71114506945014,shared_2l_1pool
7967,5.556907970458269,0.7459309417754412,4.702004138380289,shared_2l_1pool
7968,5.543699953705072,0.7392950356006622,4.696703050285578,shared_2l_1pool
7969,5.543814972043037,0.7335070986300707,4.701973870396614,shared_2l_1pool
7970,5.593834910541773,0.7460149936378002,4.734365036711097,shared_2l_1pool
7971,5.5884860921651125,0.735234934836626,4.7452200669795275,shared_2l_1pool
7972,5.566603969782591,0.7351702079176903,4.720532801002264,shared_2l_1pool
7973,6.828754907473922,1.9355770200490952,4.76155080832541,shared_2l_1pool
7974,5.578863900154829,0.7528569549322128,4.7169639728963375,shared_2l_1pool
7975,5.5776480585336685,0.7626668084412813,4.706287058070302,shared_2l_1pool
7976,5.547434091567993,0.733186025172472,4.6993650030344725,shared_2l_1pool
7977,5.556450923904777,0.7571859750896692,4.690463189035654,shared_2l_1pool
7978,5.533953895792365,0.7367169018834829,4.68721310608089,shared_2l_1pool
7979,5.575747927650809,0.7508629932999611,4.71793208271265,shared_2l_1pool
7980,5.559459095820785,0.7454289589077234,4.705145955085754,shared_2l_1pool
7981,5.578829906880856,0.7380128372460604,4.72817406989634,shared_2l_1pool
7982,5.533877061679959,0.7425970397889614,4.682715982198715,shared_2l_1pool
7983,5.536705022677779,0.7321950979530811,4.695653915405273,shared_2l_1pool
7984,5.541203077882528,0.7496529724448919,4.6830871142446995,shared_2l_1pool
7985,5.558638134971261,0.7409900426864624,4.711312940344214,shared_2l_1pool
7986,5.558760836720467,0.7467579562216997,4.70439693890512,shared_2l_1pool
7987,5.541766993701458,0.7410349790006876,4.693057853728533,shared_2l_1pool
7988,5.518421996384859,0.7325410842895508,4.678051918745041,shared_2l_1pool
7989,6.868807831779122,1.9602319225668907,4.778875969350338,shared_2l_1pool
7990,5.579889053478837,0.7588269654661417,4.709976026788354,shared_2l_1pool
7991,5.610892083495855,0.7660728879272938,4.737157141789794,shared_2l_1pool
7992,5.605775164440274,0.7619909010827541,4.730097018182278,shared_2l_1pool
7993,5.573468049988151,0.7704861927777529,4.694351926445961,shared_2l_1pool
7994,5.580457858741283,0.7612770423293114,4.709743894636631,shared_2l_1pool
7995,5.6182690896093845,0.789267010986805,4.721058066934347,shared_2l_1pool
7996,5.577074829488993,0.7429569959640503,4.7241258434951305,shared_2l_1pool
7997,5.5888500064611435,0.7604500278830528,4.7209360636770725,shared_2l_1pool
7998,5.540715996176004,0.7361259777098894,4.697081167250872,shared_2l_1pool
7999,5.553001072257757,0.7454820442944765,4.698764998465776,shared_2l_1pool
8000,5.55167393758893,0.7512220181524754,4.691042937338352,shared_2l_1pool
8001,5.588112864643335,0.7565021514892578,4.724876023828983,shared_2l_1pool
8002,5.560274934396148,0.7385739590972662,4.714131122455001,shared_2l_1pool
8003,5.589121021330357,0.7520481012761593,4.729205975309014,shared_2l_1pool
8004,5.583174992352724,0.766329001635313,4.706555046141148,shared_2l_1pool
8005,6.882069166749716,1.9739610143005848,4.781677154824138,shared_2l_1pool
8006,5.577725125476718,0.766142038628459,4.7029119450598955,shared_2l_1pool
8007,5.56837092153728,0.7722179871052504,4.688021959736943,shared_2l_1pool
8008,5.560664925724268,0.7493339944630861,4.704636987298727,shared_2l_1pool
8009,5.5831680074334145,0.7690088823437691,4.705945961177349,shared_2l_1pool
8010,5.565966945141554,0.7629389874637127,4.692717920988798,shared_2l_1pool
8011,5.627507111057639,0.7952779997140169,4.722645040601492,shared_2l_1pool
8012,5.589038832113147,0.7651920896023512,4.707721993327141,shared_2l_1pool
8013,5.560562014579773,0.7354521658271551,4.716188879683614,shared_2l_1pool
8014,5.559134995564818,0.7689581252634525,4.68228105455637,shared_2l_1pool
8015,5.538208177313209,0.7457481697201729,4.686168860644102,shared_2l_1pool
8016,5.535169970244169,0.7487160619348288,4.678866825997829,shared_2l_1pool
8017,5.544226849451661,0.7473721634596586,4.687963984906673,shared_2l_1pool
8018,5.552557995542884,0.7491591386497021,4.696820862591267,shared_2l_1pool
8019,5.5345220025628805,0.739918788895011,4.685258027166128,shared_2l_1pool
8020,5.612426903098822,0.8095658849924803,4.6956951264292,shared_2l_1pool
8021,6.880795117467642,1.9574291072785854,4.7956788912415504,shared_2l_1pool
8022,5.615859990939498,0.7870120462030172,4.7184249851852655,shared_2l_1pool
8023,5.55373402312398,0.7599741220474243,4.684109939262271,shared_2l_1pool
8024,5.539403995499015,0.7568169385194778,4.672744078561664,shared_2l_1pool
8025,5.59273106046021,0.7533140014857054,4.731588996946812,shared_2l_1pool
8026,5.60379889793694,0.764286145567894,4.7314888797700405,shared_2l_1pool
8027,5.572638940066099,0.757936155423522,4.707807907834649,shared_2l_1pool
8028,5.561714991927147,0.7309808861464262,4.718034993857145,shared_2l_1pool
8029,5.563155049458146,0.7543659303337336,4.696883028373122,shared_2l_1pool
8030,5.546052940189838,0.7516609039157629,4.685548134148121,shared_2l_1pool
8031,5.536081036552787,0.7644831202924252,4.662530031055212,shared_2l_1pool
8032,5.524253938347101,0.73570990934968,4.681158112362027,shared_2l_1pool
8033,5.514662945643067,0.7315149996429682,4.676862852647901,shared_2l_1pool
8034,5.566523876041174,0.7552700117230415,4.706717096269131,shared_2l_1pool
8035,5.571004003286362,0.7455600425601006,4.717590054497123,shared_2l_1pool
8036,5.571241956204176,0.7585608400404453,4.705864004790783,shared_2l_1pool
8037,6.849930854514241,1.9388748332858086,4.781948169693351,shared_2l_1pool
8038,5.57563710026443,0.7654519286006689,4.699326120316982,shared_2l_1pool
8039,5.556802963837981,0.7543510291725397,4.695190815255046,shared_2l_1pool
8040,5.51280309446156,0.727684935554862,4.677011165767908,shared_2l_1pool
8041,5.55835384875536,0.7571759633719921,4.6886480413377285,shared_2l_1pool
8042,5.5741730611771345,0.7379560265690088,4.726240877062082,shared_2l_1pool
8043,5.555744981393218,0.7557871285825968,4.691208014264703,shared_2l_1pool
8044,5.533953895792365,0.7387418299913406,4.686783067882061,shared_2l_1pool
8045,5.5428300984203815,0.7554430048912764,4.679128061980009,shared_2l_1pool
8046,5.518354009836912,0.7301531732082367,4.67869290150702,shared_2l_1pool
8047,5.560053046792746,0.740319024771452,4.710870096459985,shared_2l_1pool
8048,5.573269911110401,0.74574607424438,4.722341895103455,shared_2l_1pool
8049,5.581259028986096,0.749069033190608,4.71853488124907,shared_2l_1pool
8050,5.571805173531175,0.7503218948841095,4.712398163974285,shared_2l_1pool
8051,5.559730110689998,0.7523128297179937,4.699108190834522,shared_2l_1pool
8052,5.5437840055674314,0.750706996768713,4.681660095229745,shared_2l_1pool
8053,6.86100497841835,1.951552927494049,4.780916031450033,shared_2l_1pool
8054,5.59080601669848,0.7673690561205149,4.715034039691091,shared_2l_1pool
8055,5.5494781117886305,0.7489321287721395,4.6935188584029675,shared_2l_1pool
8056,5.569167900830507,0.7515079341828823,4.708946216851473,shared_2l_1pool
8057,5.604760022833943,0.7620509713888168,4.731812980026007,shared_2l_1pool
8058,5.542641039937735,0.7416368462145329,4.691348178312182,shared_2l_1pool
8059,5.579887889325619,0.7369320373982191,4.737799987196922,shared_2l_1pool
8060,5.577039206400514,0.7621108088642359,4.70899511128664,shared_2l_1pool
8061,5.569512955844402,0.7513118907809258,4.708262160420418,shared_2l_1pool
8062,5.550815025344491,0.7541240192949772,4.689025925472379,shared_2l_1pool
8063,5.5591820273548365,0.7456629537045956,4.7066728584468365,shared_2l_1pool
8064,5.590720102190971,0.756401102989912,4.728846019133925,shared_2l_1pool
8065,5.606282036751509,0.7560038939118385,4.737199051305652,shared_2l_1pool
8066,5.560555960983038,0.7450191769748926,4.706795793026686,shared_2l_1pool
8067,5.554316099733114,0.7644179277122021,4.68327896669507,shared_2l_1pool
8068,5.56945288553834,0.754169188439846,4.70915692858398,shared_2l_1pool
8069,6.884829141199589,1.9640389364212751,4.792873049154878,shared_2l_1pool
8070,5.576402880251408,0.7732040248811245,4.692000104114413,shared_2l_1pool
8071,5.558203905820847,0.7476841565221548,4.701979923993349,shared_2l_1pool
8072,5.621007876470685,0.7615501526743174,4.75142989307642,shared_2l_1pool
8073,5.606763064861298,0.7722279988229275,4.7266550827771425,shared_2l_1pool
8074,5.577977979555726,0.7411269471049309,4.728676052764058,shared_2l_1pool
8075,5.578587995842099,0.7572579197585583,4.713905043900013,shared_2l_1pool
8076,5.577421979978681,0.7563100662082434,4.712696885690093,shared_2l_1pool
8077,5.600455915555358,0.7563689723610878,4.7354670241475105,shared_2l_1pool
8078,5.555080948397517,0.7428620010614395,4.697486059740186,shared_2l_1pool
8079,5.533619085326791,0.7362889591604471,4.690519068390131,shared_2l_1pool
8080,5.56522305123508,0.7496420294046402,4.709261003881693,shared_2l_1pool
8081,5.547410110011697,0.7358789443969727,4.704307997599244,shared_2l_1pool
8082,5.5375059600919485,0.7409011013805866,4.688487853854895,shared_2l_1pool
8083,5.544814979657531,0.7491998840123415,4.686195170506835,shared_2l_1pool
8084,5.540997954085469,0.7350409869104624,4.6992560382932425,shared_2l_1pool
8085,6.863849936053157,1.9466809462755919,4.790464881807566,shared_2l_1pool
8086,5.607233149930835,0.7574551273137331,4.739477997645736,shared_2l_1pool
8087,5.547482054680586,0.7619960233569145,4.676207900047302,shared_2l_1pool
8088,5.5726938880980015,0.7796529680490494,4.684581886976957,shared_2l_1pool
8089,5.54491113871336,0.7414498832076788,4.696855088695884,shared_2l_1pool
8090,5.561999976634979,0.7627068553119898,4.694472067058086,shared_2l_1pool
8091,5.528378998860717,0.7279978599399328,4.693393129855394,shared_2l_1pool
8092,5.543239880353212,0.7450589910149574,4.690744914114475,shared_2l_1pool
8093,5.5574169382452965,0.7486611139029264,4.7026039101183414,shared_2l_1pool
8094,5.563511047512293,0.7530569564551115,4.702697042375803,shared_2l_1pool
8095,5.564145045354962,0.7649089675396681,4.694310016930103,shared_2l_1pool
8096,5.587161984294653,0.7634900975972414,4.717642907053232,shared_2l_1pool
8097,5.583044840022922,0.7522320374846458,4.721279954537749,shared_2l_1pool
8098,5.546097876504064,0.7326439954340458,4.708853084594011,shared_2l_1pool
8099,5.534010007977486,0.7431579288095236,4.682295955717564,shared_2l_1pool
8100,5.56009286083281,0.7582600228488445,4.697247873991728,shared_2l_1pool
8101,7.170581026002765,2.2347818594425917,4.807732068002224,shared_2l_1pool
8102,5.6417640298604965,0.7786939386278391,4.754836903885007,shared_2l_1pool
8103,5.604737205430865,0.7555170450359583,4.742552991956472,shared_2l_1pool
8104,5.5709839798510075,0.7394459098577499,4.724501166492701,shared_2l_1pool
8105,5.599647061899304,0.7529899012297392,4.740276141092181,shared_2l_1pool
8106,5.584520986303687,0.7395199500024319,4.738443996757269,shared_2l_1pool
8107,5.569955101236701,0.7568458095192909,4.708354128524661,shared_2l_1pool
8108,5.553454160690308,0.7335511036217213,4.711902001872659,shared_2l_1pool
8109,5.5802681017667055,0.7468699477612972,4.726794082671404,shared_2l_1pool
8110,5.547225940972567,0.7371010724455118,4.70331683754921,shared_2l_1pool
8111,5.546319065615535,0.7273550145328045,4.7109900042414665,shared_2l_1pool
8112,5.567183950915933,0.7625760044902563,4.695975920185447,shared_2l_1pool
8113,5.567356012761593,0.7567701395601034,4.7007298562675714,shared_2l_1pool
8114,5.590267945080996,0.7649329490959644,4.714935086667538,shared_2l_1pool
8115,5.5639659985899925,0.7576209027320147,4.698652075603604,shared_2l_1pool
8116,5.534492898732424,0.7337369024753571,4.69604111276567,shared_2l_1pool
8117,6.90074497833848,1.9759410060942173,4.794770153239369,shared_2l_1pool
8118,5.6057891342788935,0.7730999495834112,4.7246599569916725,shared_2l_1pool
8119,5.627676146104932,0.7680680137127638,4.752221051603556,shared_2l_1pool
8120,5.617327056825161,0.7719299755990505,4.7344418708235025,shared_2l_1pool
8121,5.579126998782158,0.7422270718961954,4.729351960122585,shared_2l_1pool
8122,5.593003006651998,0.7584260310977697,4.725407110527158,shared_2l_1pool
8123,5.613151006400585,0.7644551806151867,4.736160859465599,shared_2l_1pool
8124,5.581242963671684,0.753460917621851,4.717537201941013,shared_2l_1pool
8125,5.582558922469616,0.7626169826835394,4.712582100182772,shared_2l_1pool
8126,5.586382932960987,0.7620409596711397,4.713758127763867,shared_2l_1pool
8127,5.5504359770566225,0.7403960917145014,4.702345933765173,shared_2l_1pool
8128,5.563734099268913,0.7503798697143793,4.700697027146816,shared_2l_1pool
8129,5.565830040723085,0.74934889562428,4.709222121164203,shared_2l_1pool
8130,5.561334080994129,0.7571170572191477,4.69782785512507,shared_2l_1pool
8131,5.578598007559776,0.7420680485665798,4.728478146716952,shared_2l_1pool
8132,5.600507138296962,0.7526490371674299,4.734731046482921,shared_2l_1pool
8133,6.912965793162584,1.979311928153038,4.806780023500323,shared_2l_1pool
8134,5.617889808490872,0.7746079936623573,4.734470974653959,shared_2l_1pool
8135,5.5948118679225445,0.7425090298056602,4.74345707334578,shared_2l_1pool
8136,5.607828963547945,0.7596840150654316,4.736307077109814,shared_2l_1pool
8137,5.583862075582147,0.7572239264845848,4.721153061836958,shared_2l_1pool
8138,5.578681128099561,0.7459649350494146,4.727828083559871,shared_2l_1pool
8139,5.598241928964853,0.754110049456358,4.73667704500258,shared_2l_1pool
8140,5.670283921062946,0.8226691279560328,4.739801865071058,shared_2l_1pool
8141,5.601122044026852,0.7590628229081631,4.733197158202529,shared_2l_1pool
8142,5.57398097589612,0.7416708394885063,4.722766112536192,shared_2l_1pool
8143,5.67096914164722,0.8056520018726587,4.757831105962396,shared_2l_1pool
8144,5.587822990491986,0.764230964705348,4.711836110800505,shared_2l_1pool
8145,5.612845998257399,0.7433658465743065,4.76156803779304,shared_2l_1pool
8146,5.548565881326795,0.7376880384981632,4.7019910998642445,shared_2l_1pool
8147,5.588792031630874,0.7613380439579487,4.721274832263589,shared_2l_1pool
8148,5.610774038359523,0.7570378948003054,4.746145103126764,shared_2l_1pool
8149,6.876599043607712,1.9483508076518774,4.79865400120616,shared_2l_1pool
8150,5.603499012067914,0.790128018707037,4.7033850569278,shared_2l_1pool
8151,5.574661074206233,0.7629208266735077,4.70413314178586,shared_2l_1pool
8152,5.584232043474913,0.762502895668149,4.714003065600991,shared_2l_1pool
8153,5.588978063315153,0.7547440472990274,4.725454840809107,shared_2l_1pool
8154,5.620229057967663,0.7595838978886604,4.750068066641688,shared_2l_1pool
8155,5.5421029683202505,0.7433008868247271,4.690608009696007,shared_2l_1pool
8156,5.561385070905089,0.7441351190209389,4.710539942607284,shared_2l_1pool
8157,5.593107081949711,0.7629578467458487,4.727027146145701,shared_2l_1pool
8158,5.5586108937859535,0.7497509941458702,4.700633930042386,shared_2l_1pool
8159,5.580896977335215,0.7631429471075535,4.711444023996592,shared_2l_1pool
8160,5.556043004617095,0.7336449343711138,4.715370014309883,shared_2l_1pool
8161,5.5605999659746885,0.760755967348814,4.694323055446148,shared_2l_1pool
8162,5.528937093913555,0.7274020463228226,4.695519106462598,shared_2l_1pool
8163,5.532092181965709,0.7499910425394773,4.676093813031912,shared_2l_1pool
8164,5.592596018686891,0.7562630344182253,4.7240040730685,shared_2l_1pool
8165,7.006049156188965,1.988055882975459,4.886100068688393,shared_2l_1pool
8166,5.744877969846129,0.7694889791309834,4.865566035732627,shared_2l_1pool
8167,5.757070146501064,0.7721919100731611,4.876868100836873,shared_2l_1pool
8168,5.727475043386221,0.772582832723856,4.8461330588907,shared_2l_1pool
8169,5.757128819823265,0.7594721391797066,4.888382041826844,shared_2l_1pool
8170,5.738951964303851,0.7405511569231749,4.8885829746723175,shared_2l_1pool
8171,5.72612602263689,0.746886944398284,4.870482021942735,shared_2l_1pool
8172,5.7298599276691675,0.770198879763484,4.850692115724087,shared_2l_1pool
8173,5.757441045716405,0.7639790419489145,4.8775088507682085,shared_2l_1pool
8174,5.757436156272888,0.7584558334201574,4.889780189841986,shared_2l_1pool
8175,5.746216978877783,0.7566211279481649,4.881323780864477,shared_2l_1pool
8176,5.73124410584569,0.7447360549122095,4.8764890525490046,shared_2l_1pool
8177,5.75716607272625,0.7967529818415642,4.85417596064508,shared_2l_1pool
8178,5.771946860477328,0.7578087970614433,4.906468093395233,shared_2l_1pool
8179,5.740402964875102,0.7461360655725002,4.886444890871644,shared_2l_1pool
8180,5.715188104659319,0.7503649685531855,4.856166196987033,shared_2l_1pool
8181,6.897210841998458,1.9488460384309292,4.821175010874867,shared_2l_1pool
8182,5.660974886268377,0.7855081930756569,4.766948986798525,shared_2l_1pool
8183,5.654538050293922,0.7629501633346081,4.786091856658459,shared_2l_1pool
8184,5.625744117423892,0.7606870494782925,4.756547976285219,shared_2l_1pool
8185,5.5938540026545525,0.7482729852199554,4.738528048619628,shared_2l_1pool
8186,5.5873519740998745,0.7569279987365007,4.723346093669534,shared_2l_1pool
8187,5.589551059529185,0.7496040780097246,4.732707049697638,shared_2l_1pool
8188,5.6054070591926575,0.75122294947505,4.746177000924945,shared_2l_1pool
8189,5.610068095847964,0.777076929807663,4.72587812691927,shared_2l_1pool
8190,5.589870968833566,0.7399520836770535,4.739886848255992,shared_2l_1pool
8191,5.5970491375774145,0.7518078200519085,4.7358490992337465,shared_2l_1pool
8192,5.59067097492516,0.7452270947396755,4.736385075375438,shared_2l_1pool
8193,5.593715002760291,0.7508471608161926,4.7342428006231785,shared_2l_1pool
8194,5.645303055644035,0.7698810659348965,4.767587874084711,shared_2l_1pool
8195,5.623487988486886,0.742889940738678,4.77193109691143,shared_2l_1pool
8196,5.616395967081189,0.7314421236515045,4.775363020598888,shared_2l_1pool
8197,6.9780859630554914,1.9677379168570042,4.883643006905913,shared_2l_1pool
8198,5.645097000524402,0.7663050200790167,4.771539941430092,shared_2l_1pool
8199,5.613768007606268,0.7467609830200672,4.757612012326717,shared_2l_1pool
8200,5.625993013381958,0.7486280519515276,4.768437938764691,shared_2l_1pool
8201,5.651853047311306,0.758548965677619,4.78129112161696,shared_2l_1pool
8202,5.649358034133911,0.7425248622894287,4.7985881101340055,shared_2l_1pool
8203,5.623490083962679,0.7477700710296631,4.767623031511903,shared_2l_1pool
8204,5.624601151794195,0.7560551166534424,4.7605459112674,shared_2l_1pool
8205,5.634303903207183,0.7602388504892588,4.7632011119276285,shared_2l_1pool
8206,5.646637873724103,0.7610898464918137,4.775909008458257,shared_2l_1pool
8207,5.61569188721478,0.7480951026082039,4.759100032970309,shared_2l_1pool
8208,5.6385169737041,0.7704838644713163,4.758326103910804,shared_2l_1pool
8209,5.633588181808591,0.7580199744552374,4.769402090460062,shared_2l_1pool
8210,5.632865941151977,0.7466999813914299,4.778749076649547,shared_2l_1pool
8211,5.608198931440711,0.745370052754879,4.753408022224903,shared_2l_1pool
8212,5.804215092211962,0.9031419176608324,4.792338004335761,shared_2l_1pool
8213,6.972893141210079,1.9879089668393135,4.857585998252034,shared_2l_1pool
8214,5.675445077940822,0.7650109473615885,4.799701040610671,shared_2l_1pool
8215,5.648085847496986,0.7633119821548462,4.778669215738773,shared_2l_1pool
8216,5.629610037431121,0.7598178926855326,4.763930104672909,shared_2l_1pool
8217,5.65221207216382,0.7620309479534626,4.7829169780015945,shared_2l_1pool
8218,5.6444201618433,0.7651071064174175,4.7736018896102905,shared_2l_1pool
8219,5.6516199838370085,0.7675588130950928,4.775237059220672,shared_2l_1pool
8220,5.652873078361154,0.7569820154458284,4.788869991898537,shared_2l_1pool
8221,5.707823904231191,0.7929150015115738,4.80737304314971,shared_2l_1pool
8222,5.640827119350433,0.7566458079963923,4.775573033839464,shared_2l_1pool
8223,5.644506076350808,0.7568970322608948,4.778305999934673,shared_2l_1pool
8224,5.631020991131663,0.7560669910162687,4.7669438645243645,shared_2l_1pool
8225,5.652688909322023,0.7721271831542253,4.769915947690606,shared_2l_1pool
8226,5.65786799415946,0.7551249582320452,4.795735003426671,shared_2l_1pool
8227,5.652757827192545,0.7500939536839724,4.796386929228902,shared_2l_1pool
8228,5.629754858091474,0.760684022679925,4.765390884131193,shared_2l_1pool
8229,6.949232891201973,1.9749549683183432,4.844726994633675,shared_2l_1pool
8230,5.659953923895955,0.770502956584096,4.781448980793357,shared_2l_1pool
8231,5.654416047036648,0.7639899849891663,4.782562144100666,shared_2l_1pool
8232,5.6390841491520405,0.7604281418025494,4.770159954205155,shared_2l_1pool
8233,5.62813482247293,0.7596020586788654,4.75964997895062,shared_2l_1pool
8234,5.660380003973842,0.7621999830007553,4.788189893588424,shared_2l_1pool
8235,5.6779098231345415,0.7788538932800293,4.791503073647618,shared_2l_1pool
8236,5.644931923598051,0.7883422076702118,4.750285996124148,shared_2l_1pool
8237,5.662124836817384,0.7543337997049093,4.79339505545795,shared_2l_1pool
8238,5.679561058059335,0.7828681264072657,4.778933012858033,shared_2l_1pool
8239,5.705333082005382,0.812398036941886,4.781886003911495,shared_2l_1pool
8240,5.6876870803534985,0.8058450184762478,4.761124029755592,shared_2l_1pool
8241,5.6636338122189045,0.7919170893728733,4.760164069011807,shared_2l_1pool
8242,5.684783915057778,0.7795090787112713,4.796002060174942,shared_2l_1pool
8243,5.667757010087371,0.7701520808041096,4.7889938578009605,shared_2l_1pool
8244,5.650362931191921,0.7747430354356766,4.7651538625359535,shared_2l_1pool
8245,6.950636859983206,1.995406113564968,4.823571071028709,shared_2l_1pool
8246,5.675127962604165,0.7707420736551285,4.797409055754542,shared_2l_1pool
8247,5.661664064973593,0.7415181025862694,4.8134890384972095,shared_2l_1pool
8248,5.690384889021516,0.7833859417587519,4.795897984877229,shared_2l_1pool
8249,5.659706192091107,0.755984103307128,4.797888919711113,shared_2l_1pool
8250,5.645792931318283,0.7642570417374372,4.772969055920839,shared_2l_1pool
8251,5.650181090459228,0.7677969988435507,4.774864064529538,shared_2l_1pool
8252,5.660047987475991,0.7729630451649427,4.777960013598204,shared_2l_1pool
8253,5.636745132505894,0.7573699112981558,4.7701820731163025,shared_2l_1pool
8254,5.649144994094968,0.7634609937667847,4.775776993483305,shared_2l_1pool
8255,5.674364045262337,0.7529889699071646,4.8127849586308,shared_2l_1pool
8256,5.654053064063191,0.7642570417374372,4.784222925081849,shared_2l_1pool
8257,5.650022998452187,0.750669976696372,4.789442988112569,shared_2l_1pool
8258,5.650525912642479,0.7646740414202213,4.776867805048823,shared_2l_1pool
8259,5.662161856889725,0.7640679832547903,4.791244864463806,shared_2l_1pool
8260,5.678804125636816,0.7600700482726097,4.805075004696846,shared_2l_1pool
8261,6.911044009029865,1.950566889718175,4.833706887438893,shared_2l_1pool
8262,5.660227034240961,0.7730741053819656,4.777763970196247,shared_2l_1pool
8263,5.655515938997269,0.7742419838905334,4.773697117343545,shared_2l_1pool
8264,5.637244787067175,0.7650509942322969,4.765073070302606,shared_2l_1pool
8265,5.657016998156905,0.7764068432152271,4.774993052706122,shared_2l_1pool
8266,5.626845872029662,0.7628342136740685,4.758503986522555,shared_2l_1pool
8267,5.627017002552748,0.7645138539373875,4.758674185723066,shared_2l_1pool
8268,5.618587834760547,0.7454338483512402,4.767439095303416,shared_2l_1pool
8269,5.652697989717126,0.7721781730651855,4.773421911522746,shared_2l_1pool
8270,5.634221015498042,0.7541840896010399,4.7752028331160545,shared_2l_1pool
8271,5.656511057168245,0.7579170633107424,4.793029045686126,shared_2l_1pool
8272,5.651447921991348,0.7650768384337425,4.774956032633781,shared_2l_1pool
8273,5.634221015498042,0.7506669498980045,4.775469191372395,shared_2l_1pool
8274,5.643421085551381,0.7604360580444336,4.774434957653284,shared_2l_1pool
8275,5.635686917230487,0.7507998961955309,4.773210035637021,shared_2l_1pool
8276,5.626595113426447,0.7486091926693916,4.770979983732104,shared_2l_1pool
8277,6.93287281319499,1.9521450158208609,4.855947801843286,shared_2l_1pool
8278,5.6668720208108425,0.7746599148958921,4.78393817320466,shared_2l_1pool
8279,5.631498992443085,0.7741199806332588,4.751964937895536,shared_2l_1pool
8280,5.611121887341142,0.7650470361113548,4.740017931908369,shared_2l_1pool
8281,5.658891052007675,0.7656721863895655,4.786396864801645,shared_2l_1pool
8282,5.636587971821427,0.7493009325116873,4.778999136760831,shared_2l_1pool
8283,5.637914873659611,0.7394151762127876,4.7921049408614635,shared_2l_1pool
8284,5.640130955725908,0.7840469479560852,4.749455954879522,shared_2l_1pool
8285,5.647591082379222,0.7566390559077263,4.78520686738193,shared_2l_1pool
8286,5.638503935188055,0.7538159843534231,4.777926951646805,shared_2l_1pool
8287,5.619502859190106,0.7580588571727276,4.754367982968688,shared_2l_1pool
8288,5.600794916972518,0.7405511569231749,4.754950990900397,shared_2l_1pool
8289,5.636384943500161,0.7589170709252357,4.769420018419623,shared_2l_1pool
8290,5.642121192067862,0.7716699037700891,4.764647921547294,shared_2l_1pool
8291,5.622051190584898,0.760986004024744,4.7517449129372835,shared_2l_1pool
8292,5.628885002806783,0.7787880022078753,4.743366036564112,shared_2l_1pool
8293,6.904351990669966,1.9568479619920254,4.818403162062168,shared_2l_1pool
8294,5.658288951963186,0.7780801970511675,4.772026790305972,shared_2l_1pool
8295,5.6189370807260275,0.7669010665267706,4.744682926684618,shared_2l_1pool
8296,5.647654179483652,0.7834890857338905,4.752237116917968,shared_2l_1pool
8297,5.639240145683289,0.770732993260026,4.7625829465687275,shared_2l_1pool
8298,5.666367011144757,0.7673220243304968,4.790098872035742,shared_2l_1pool
8299,5.605765152722597,0.7520739454776049,4.746248014271259,shared_2l_1pool
8300,5.641415948048234,0.7579529192298651,4.770217929035425,shared_2l_1pool
8301,5.650502862408757,0.7719488348811865,4.774544155225158,shared_2l_1pool
8302,5.641117924824357,0.7532020099461079,4.780458984896541,shared_2l_1pool
8303,5.5909359361976385,0.736807007342577,4.7470759600400925,shared_2l_1pool
8304,5.603032885119319,0.758626963943243,4.738437943160534,shared_2l_1pool
8305,5.607503931969404,0.7520429790019989,4.750550026074052,shared_2l_1pool
8306,5.649768048897386,0.752786872908473,4.791011102497578,shared_2l_1pool
8307,5.632822867482901,0.7535340264439583,4.769045859575272,shared_2l_1pool
8308,5.614652996882796,0.7409860845655203,4.76740300655365,shared_2l_1pool
8309,6.967741996049881,1.977381994947791,4.855210892856121,shared_2l_1pool
8310,5.670239916071296,0.7683259900659323,4.790571052581072,shared_2l_1pool
8311,5.647779908031225,0.778901856392622,4.760869080200791,shared_2l_1pool
8312,5.646310048177838,0.7518080528825521,4.781694849953055,shared_2l_1pool
8313,5.625156918540597,0.7579990196973085,4.758314928039908,shared_2l_1pool
8314,5.667416844516993,0.7602798286825418,4.799821181222796,shared_2l_1pool
8315,5.676473956555128,0.7679890841245651,4.8027848824858665,shared_2l_1pool
8316,5.664536962285638,0.7553489413112402,4.801279865205288,shared_2l_1pool
8317,5.667712073773146,0.7734450045973063,4.787798039615154,shared_2l_1pool
8318,5.684872157871723,0.8026750292629004,4.775835899636149,shared_2l_1pool
8319,5.638393806293607,0.7569971494376659,4.776395857334137,shared_2l_1pool
8320,5.6678010150790215,0.7712331134825945,4.78972983546555,shared_2l_1pool
8321,5.648688180372119,0.765225850045681,4.774732049554586,shared_2l_1pool
8322,5.630911095067859,0.7677660323679447,4.755652975291014,shared_2l_1pool
8323,5.663281073793769,0.7788748480379581,4.775684094056487,shared_2l_1pool
8324,5.646898876875639,0.7688209880143404,4.769796971231699,shared_2l_1pool
8325,6.978076882660389,1.9677148666232824,4.883700981736183,shared_2l_1pool
8326,5.678861867636442,0.7864430081099272,4.783376818522811,shared_2l_1pool
8327,5.659997928887606,0.7746119517832994,4.7749599907547235,shared_2l_1pool
8328,5.673856008797884,0.7706689648330212,4.793704021722078,shared_2l_1pool
8329,5.663373973220587,0.7716009858995676,4.78438101708889,shared_2l_1pool
8330,5.673518171533942,0.7684240117669106,4.796684021130204,shared_2l_1pool
8331,5.653115920722485,0.7538520731031895,4.793259082362056,shared_2l_1pool
8332,5.669161910191178,0.7746829651296139,4.78896708227694,shared_2l_1pool
8333,5.674740998074412,0.7724070455878973,4.794941050931811,shared_2l_1pool
8334,5.645560100674629,0.7664118893444538,4.768355051055551,shared_2l_1pool
8335,5.661342991515994,0.7704258896410465,4.782204050570726,shared_2l_1pool
8336,5.654104985296726,0.7670368067920208,4.778288071975112,shared_2l_1pool
8337,5.640950053930283,0.7600248791277409,4.774104105308652,shared_2l_1pool
8338,5.6512190494686365,0.7697162218391895,4.773291992023587,shared_2l_1pool
8339,5.68776810541749,0.8049460593611002,4.77594300173223,shared_2l_1pool
8340,5.626755999401212,0.752496998757124,4.7661729622632265,shared_2l_1pool
8341,6.976338801905513,1.963326008990407,4.886197857558727,shared_2l_1pool
8342,5.668753990903497,0.7844851352274418,4.773176042363048,shared_2l_1pool
8343,5.654847016558051,0.7795300334692001,4.768319893628359,shared_2l_1pool
8344,5.6801470927894115,0.7849850226193666,4.786228062584996,shared_2l_1pool
8345,5.677269073203206,0.7701651193201542,4.797061905264854,shared_2l_1pool
8346,5.692800972610712,0.7704880554229021,4.8136599361896515,shared_2l_1pool
8347,5.655885906890035,0.7686589378863573,4.7781639732420444,shared_2l_1pool
8348,5.621463060379028,0.7500369101762772,4.762338940054178,shared_2l_1pool
8349,5.648503080010414,0.7613508496433496,4.782414995133877,shared_2l_1pool
8350,5.671069957315922,0.7543629035353661,4.810828948393464,shared_2l_1pool
8351,5.6328310165554285,0.776209169998765,4.750334890559316,shared_2l_1pool
8352,5.633333930745721,0.7611350156366825,4.76655107922852,shared_2l_1pool
8353,5.693146027624607,0.8014689665287733,4.7856580931693316,shared_2l_1pool
8354,5.668481113389134,0.7716910913586617,4.788649966940284,shared_2l_1pool
8355,5.639049923047423,0.7508560083806515,4.781571915373206,shared_2l_1pool
8356,5.640933057293296,0.7637818343937397,4.769321996718645,shared_2l_1pool
8357,6.962012965232134,1.975724007934332,4.8599508590996265,shared_2l_1pool
8358,5.672359839081764,0.7853989955037832,4.778186092153192,shared_2l_1pool
8359,5.665472941473126,0.7620090618729591,4.795584827661514,shared_2l_1pool
8360,5.617390852421522,0.7656719535589218,4.746602149680257,shared_2l_1pool
8361,5.646299105137587,0.7821600884199142,4.757259041070938,shared_2l_1pool
8362,5.664665950462222,0.7626260630786419,4.792450927197933,shared_2l_1pool
8363,5.67446113564074,0.7806019857525826,4.784998018294573,shared_2l_1pool
8364,5.641255062073469,0.7618758827447891,4.770276136696339,shared_2l_1pool
8365,5.628051003441215,0.7512210868299007,4.770555067807436,shared_2l_1pool
8366,5.668330006301403,0.7694310043007135,4.7934281174093485,shared_2l_1pool
8367,5.654652137309313,0.7664298173040152,4.781593102961779,shared_2l_1pool
8368,5.637199152261019,0.7669120095670223,4.7589740715920925,shared_2l_1pool
8369,5.62560698017478,0.7594500202685595,4.758951021358371,shared_2l_1pool
8370,5.639439914375544,0.7675429806113243,4.765447927638888,shared_2l_1pool
8371,5.6842779740691185,0.7679199334233999,4.807510180398822,shared_2l_1pool
8372,5.639808950945735,0.7719411514699459,4.75874193944037,shared_2l_1pool
8373,6.9155211094766855,1.953295897692442,4.834480118006468,shared_2l_1pool
8374,5.671147955581546,0.7861088961362839,4.775982117280364,shared_2l_1pool
8375,5.708093987777829,0.7700358983129263,4.829515004530549,shared_2l_1pool
8376,5.665049888193607,0.781953101977706,4.775000037625432,shared_2l_1pool
8377,5.654677050188184,0.7713418453931808,4.771730164065957,shared_2l_1pool
8378,5.6068378034979105,0.7409360259771347,4.756883019581437,shared_2l_1pool
8379,5.698251072317362,0.7803170010447502,4.809691105037928,shared_2l_1pool
8380,5.645234836265445,0.7641669362783432,4.773438209667802,shared_2l_1pool
8381,5.675225984305143,0.7685360033065081,4.797138040885329,shared_2l_1pool
8382,5.670520011335611,0.7709120400249958,4.792849998921156,shared_2l_1pool
8383,5.6689109187573195,0.769580015912652,4.785826895385981,shared_2l_1pool
8384,5.661926930770278,0.7574250921607018,4.797844914719462,shared_2l_1pool
8385,5.651763873174787,0.7668868638575077,4.777647089213133,shared_2l_1pool
8386,5.658396985381842,0.7599450182169676,4.786194069311023,shared_2l_1pool
8387,5.65379299223423,0.7500750944018364,4.797390894964337,shared_2l_1pool
8388,5.640386138111353,0.7610069587826729,4.772518994286656,shared_2l_1pool
8389,6.966335000470281,1.9770809449255466,4.862942034378648,shared_2l_1pool
8390,5.673612002283335,0.7875121664255857,4.777282942086458,shared_2l_1pool
8391,5.682441871613264,0.7815281860530376,4.785717930644751,shared_2l_1pool
8392,5.676903994753957,0.7740000728517771,4.793250933289528,shared_2l_1pool
8393,5.691176978871226,0.7578500080853701,4.824359901249409,shared_2l_1pool
8394,5.650907987728715,0.7596239447593689,4.782912088558078,shared_2l_1pool
8395,5.762313026934862,0.7530509028583765,4.787422949448228,shared_2l_1pool
8396,5.729481112211943,0.8089579641819,4.811422899365425,shared_2l_1pool
8397,5.699808010831475,0.7792531978338957,4.811923950910568,shared_2l_1pool
8398,5.66919008269906,0.7870739791542292,4.774101078510284,shared_2l_1pool
8399,5.642405012622476,0.7718089036643505,4.759907023981214,shared_2l_1pool
8400,5.661044968292117,0.7758222054690123,4.778643837198615,shared_2l_1pool
8401,5.668943980708718,0.7830809336155653,4.779515089467168,shared_2l_1pool
8402,5.6543811224401,0.770295038819313,4.776085959747434,shared_2l_1pool
8403,5.633754888549447,0.7626928854733706,4.763451172038913,shared_2l_1pool
8404,5.648259073495865,0.753920990973711,4.787293961271644,shared_2l_1pool
8405,6.989183835685253,1.9796369597315788,4.88163810223341,shared_2l_1pool
8406,5.71335107088089,0.8077730890363455,4.7975159250199795,shared_2l_1pool
8407,5.689052864909172,0.7853650022298098,4.7944458201527596,shared_2l_1pool
8408,5.676615051925182,0.7638109382241964,4.806634038686752,shared_2l_1pool
8409,5.659932037815452,0.768973957747221,4.785194061696529,shared_2l_1pool
8410,5.685640033334494,0.7785768248140812,4.794277949258685,shared_2l_1pool
8411,5.67710492759943,0.7619268726557493,4.804426105692983,shared_2l_1pool
8412,5.637028021737933,0.7600111421197653,4.769091960042715,shared_2l_1pool
8413,5.646809004247189,0.7590430323034525,4.775663837790489,shared_2l_1pool
8414,5.65475202165544,0.7620409596711397,4.782470874488354,shared_2l_1pool
8415,5.6881168857216835,0.7733441889286041,4.804393975064158,shared_2l_1pool
8416,5.632272223010659,0.7539549842476845,4.771451000124216,shared_2l_1pool
8417,5.66059211269021,0.7571619935333729,4.793365951627493,shared_2l_1pool
8418,5.635781912133098,0.7595929782837629,4.76982700638473,shared_2l_1pool
8419,5.6606559082865715,0.7677730172872543,4.787027137354016,shared_2l_1pool
8420,5.646109115332365,0.7612379267811775,4.777449183166027,shared_2l_1pool
8421,7.10813095793128,1.9494001753628254,5.031595006585121,shared_2l_1pool
8422,5.854290211573243,0.7875158917158842,4.960270132869482,shared_2l_1pool
8423,5.851363996043801,0.7808869704604149,4.961994010955095,shared_2l_1pool
8424,5.804808111861348,0.7824630010873079,4.914829041808844,shared_2l_1pool
8425,5.865525919944048,0.7847889792174101,4.973520990461111,shared_2l_1pool
8426,5.864420905709267,0.7746999617666006,4.983983002603054,shared_2l_1pool
8427,5.910343956202269,0.8227399084717035,4.9792539793998,shared_2l_1pool
8428,5.879383999854326,0.776784960180521,4.993785172700882,shared_2l_1pool
8429,5.846905987709761,0.7764778565615416,4.9606619868427515,shared_2l_1pool
8430,5.876115057617426,0.7793870754539967,4.987780004739761,shared_2l_1pool
8431,5.835722899064422,0.764976954087615,4.962473176419735,shared_2l_1pool
8432,5.839119199663401,0.7757390849292278,4.953933879733086,shared_2l_1pool
8433,5.815222160890698,0.7679848931729794,4.941403167322278,shared_2l_1pool
8434,5.855177994817495,0.7642519194632769,4.982443060725927,shared_2l_1pool
8435,5.8387769386172295,0.7818159647285938,4.950008820742369,shared_2l_1pool
8436,5.783711094409227,0.7483190856873989,4.926434019580483,shared_2l_1pool
8437,6.969104986637831,1.9608552101999521,4.879641812294722,shared_2l_1pool
8438,5.692581878975034,0.788592966273427,4.795117070898414,shared_2l_1pool
8439,5.696604959666729,0.7643441203981638,4.821173846721649,shared_2l_1pool
8440,5.696988897398114,0.7656100206077099,4.82232216745615,shared_2l_1pool
8441,5.717574851587415,0.7808918599039316,4.827394150197506,shared_2l_1pool
8442,5.688545992597938,0.7588390726596117,4.821649985387921,shared_2l_1pool
8443,5.67643204703927,0.7461479399353266,4.823141032829881,shared_2l_1pool
8444,5.670851096510887,0.7649851031601429,4.7999590169638395,shared_2l_1pool
8445,5.674924934282899,0.7669469341635704,4.797596950083971,shared_2l_1pool
8446,5.670487880706787,0.7577699143439531,4.804949043318629,shared_2l_1pool
8447,5.672964034602046,0.7651459891349077,4.801237024366856,shared_2l_1pool
8448,5.654419073835015,0.7543740794062614,4.791799001395702,shared_2l_1pool
8449,5.678820190951228,0.7677378598600626,4.802674986422062,shared_2l_1pool
8450,5.683349911123514,0.7862290367484093,4.788974998518825,shared_2l_1pool
8451,5.693643121048808,0.761520816013217,4.825561074540019,shared_2l_1pool
8452,5.71087677963078,0.7638509850949049,4.840022884309292,shared_2l_1pool
8453,7.076357025653124,1.9833100959658623,4.966941894963384,shared_2l_1pool
8454,5.753659876063466,0.7839489262551069,4.856903105974197,shared_2l_1pool
8455,5.766873015090823,0.7887068204581738,4.871350014582276,shared_2l_1pool
8456,5.7467378210276365,0.7745418697595596,4.865111084654927,shared_2l_1pool
8457,5.789048038423061,0.7907471153885126,4.889792064204812,shared_2l_1pool
8458,5.74503093957901,0.7639178074896336,4.869736963883042,shared_2l_1pool
8459,5.739484913647175,0.7713660597801208,4.859867971390486,shared_2l_1pool
8460,5.746481008827686,0.7722740992903709,4.866319941356778,shared_2l_1pool
8461,5.758827086538076,0.7802769541740417,4.867454990744591,shared_2l_1pool
8462,5.7149960193783045,0.777123961597681,4.830766934901476,shared_2l_1pool
8463,5.7194160763174295,0.7652491331100464,4.846722818911076,shared_2l_1pool
8464,5.738655105233192,0.7761330343782902,4.855145933106542,shared_2l_1pool
8465,5.717789987102151,0.7676770910620689,4.843068076297641,shared_2l_1pool
8466,5.736357998102903,0.7796389982104301,4.848703974857926,shared_2l_1pool
8467,5.7336390018463135,0.7941399235278368,4.831105004996061,shared_2l_1pool
8468,5.718661937862635,0.7759730797261,4.834885010495782,shared_2l_1pool
8469,7.037832867354155,1.9920829217880964,4.91892104037106,shared_2l_1pool
8470,5.758367944508791,0.782656017690897,4.860647022724152,shared_2l_1pool
8471,5.739165004342794,0.7645960431545973,4.866032861173153,shared_2l_1pool
8472,5.732223158702254,0.7798969745635986,4.841367015615106,shared_2l_1pool
8473,5.750712938606739,0.7822669576853514,4.860569024458528,shared_2l_1pool
8474,5.718972068279982,0.7794220000505447,4.830452846363187,shared_2l_1pool
8475,5.751641001552343,0.7772890385240316,4.861393943428993,shared_2l_1pool
8476,5.7123941369354725,0.7764140609651804,4.827952943742275,shared_2l_1pool
8477,5.752647062763572,0.7750620134174824,4.871611017733812,shared_2l_1pool
8478,5.743302870541811,0.7717108819633722,4.86171105876565,shared_2l_1pool
8479,5.782267078757286,0.7994100451469421,4.872032906860113,shared_2l_1pool
8480,5.744401132687926,0.7815700955688953,4.854385973885655,shared_2l_1pool
8481,5.736054852604866,0.7643802091479301,4.862603964284062,shared_2l_1pool
8482,5.75378886424005,0.7820520550012589,4.859310109168291,shared_2l_1pool
8483,5.751733900979161,0.7612819317728281,4.880179883912206,shared_2l_1pool
8484,5.780998850241303,0.7919920608401299,4.880720982328057,shared_2l_1pool
8485,7.347916951403022,2.28803395293653,4.933106014505029,shared_2l_1pool
8486,5.750723881646991,0.7859868928790092,4.8523701261729,shared_2l_1pool
8487,5.754180019721389,0.789867015555501,4.854191094636917,shared_2l_1pool
8488,5.755895050242543,0.784129835665226,4.8625110648572445,shared_2l_1pool
8489,5.81054319627583,0.8235110435634851,4.876279970631003,shared_2l_1pool
8490,5.7392779272049665,0.7629820611327887,4.869943950325251,shared_2l_1pool
8491,5.749705946072936,0.7822820916771889,4.858694970607758,shared_2l_1pool
8492,5.755936028435826,0.7970698643475771,4.850242054089904,shared_2l_1pool
8493,5.750739015638828,0.7834639400243759,4.854561993852258,shared_2l_1pool
8494,5.7527110911905766,0.7703711744397879,4.871369805186987,shared_2l_1pool
8495,5.777982994914055,0.7743469905108213,4.897479899227619,shared_2l_1pool
8496,5.719585809856653,0.7530839648097754,4.856032086536288,shared_2l_1pool
8497,5.726028932258487,0.7682889699935913,4.851107951253653,shared_2l_1pool
8498,5.754009122028947,0.7791868411004543,4.869397031143308,shared_2l_1pool
8499,5.72660006582737,0.7812581025063992,4.840320907533169,shared_2l_1pool
8500,5.723685957491398,0.7697357796132565,4.843789152801037,shared_2l_1pool
8501,7.057379931211472,1.9979660864919424,4.9281339161098,shared_2l_1pool
8502,5.727551877498627,0.775706022977829,4.843231989070773,shared_2l_1pool
8503,5.762484157457948,0.7606570143252611,4.89071081392467,shared_2l_1pool
8504,5.697038024663925,0.7563990075141191,4.832230042666197,shared_2l_1pool
8505,5.712748039513826,0.7745169568806887,4.829287063330412,shared_2l_1pool
8506,5.728282034397125,0.7825361099094152,4.84216189943254,shared_2l_1pool
8507,5.7194780092686415,0.7634758949279785,4.8433891497552395,shared_2l_1pool
8508,5.72668481618166,0.7801740430295467,4.839438945055008,shared_2l_1pool
8509,5.695506930351257,0.780666945502162,4.807746037840843,shared_2l_1pool
8510,5.68582396954298,0.7455679588019848,4.833652172237635,shared_2l_1pool
8511,5.73978410102427,0.7699769921600819,4.862521076574922,shared_2l_1pool
8512,5.708795972168446,0.7628360763192177,4.837315063923597,shared_2l_1pool
8513,5.713039776310325,0.7698219269514084,4.82994201593101,shared_2l_1pool
8514,5.692305974662304,0.755661865696311,4.828601144254208,shared_2l_1pool
8515,5.774724064394832,0.7794040720909834,4.886093083769083,shared_2l_1pool
8516,5.727888084948063,0.7791020907461643,4.838705062866211,shared_2l_1pool
8517,7.0647920947521925,2.0007118582725525,4.93449904024601,shared_2l_1pool
8518,5.781609797850251,0.7987089920789003,4.867202136665583,shared_2l_1pool
8519,5.76829700730741,0.7799079176038504,4.879710962995887,shared_2l_1pool
8520,5.769114941358566,0.7715669926255941,4.889135016128421,shared_2l_1pool
8521,5.8018050622195005,0.78915199264884,4.904622910544276,shared_2l_1pool
8522,5.748475203290582,0.7722149603068829,4.866685951128602,shared_2l_1pool
8523,5.710390163585544,0.7611860055476427,4.8419509548693895,shared_2l_1pool
8524,5.740416003391147,0.7845028303563595,4.848818061873317,shared_2l_1pool
8525,5.752800963819027,0.7757099810987711,4.869038937613368,shared_2l_1pool
8526,5.747656105086207,0.7676719687879086,4.871397977694869,shared_2l_1pool
8527,5.752404918894172,0.7760149892419577,4.868411924690008,shared_2l_1pool
8528,5.738639971241355,0.7827088702470064,4.848456010222435,shared_2l_1pool
8529,5.709971999749541,0.766456825658679,4.837270127609372,shared_2l_1pool
8530,5.773040000349283,0.779569847509265,4.884513095021248,shared_2l_1pool
8531,5.733269965276122,0.7739451248198748,4.851592937484384,shared_2l_1pool
8532,5.732480902224779,0.7793109398335218,4.846157040446997,shared_2l_1pool
8533,7.008838001638651,1.9574209582060575,4.924012115225196,shared_2l_1pool
8534,5.731055047363043,0.7708901539444923,4.852968035265803,shared_2l_1pool
8535,5.771402036771178,0.8019600063562393,4.858821164816618,shared_2l_1pool
8536,5.746070994064212,0.7707818876951933,4.8638510052114725,shared_2l_1pool
8537,5.743085872381926,0.7701909635215998,4.865201888605952,shared_2l_1pool
8538,5.766001995652914,0.7815840654075146,4.875762155279517,shared_2l_1pool
8539,5.7293500285595655,0.7824939675629139,4.839958157390356,shared_2l_1pool
8540,5.720699904486537,0.7681890856474638,4.843974020332098,shared_2l_1pool
8541,5.703123053535819,0.7670370396226645,4.829216981306672,shared_2l_1pool
8542,5.741429980844259,0.7800059393048286,4.853673977777362,shared_2l_1pool
8543,5.745370872318745,0.7938880007714033,4.838750930503011,shared_2l_1pool
8544,5.729670869186521,0.7695669773966074,4.850689088925719,shared_2l_1pool
8545,5.753151141107082,0.7976652123034,4.846763797104359,shared_2l_1pool
8546,5.717604886740446,0.761060044169426,4.844269948080182,shared_2l_1pool
8547,5.72589598596096,0.7875128649175167,4.825056996196508,shared_2l_1pool
8548,5.711742909625173,0.7716410327702761,4.833410959690809,shared_2l_1pool
8549,7.000515004619956,1.9611460156738758,4.909142851829529,shared_2l_1pool
8550,5.7494190987199545,0.7945830002427101,4.845690215006471,shared_2l_1pool
8551,5.7357121258974075,0.7726859766989946,4.851516103371978,shared_2l_1pool
8552,5.784341832622886,0.8321998175233603,4.8409991431981325,shared_2l_1pool
8553,5.7161778677254915,0.767457066103816,4.840563982725143,shared_2l_1pool
8554,5.780588136985898,0.8338738698512316,4.837410058826208,shared_2l_1pool
8555,5.707693053409457,0.776753993704915,4.821548005566001,shared_2l_1pool
8556,5.6991479359567165,0.7739989086985588,4.817039938643575,shared_2l_1pool
8557,5.694225896149874,0.7734650280326605,4.811425926163793,shared_2l_1pool
8558,5.70342899300158,0.7672049105167389,4.829830955713987,shared_2l_1pool
8559,5.712502868846059,0.77640893869102,4.8267769161611795,shared_2l_1pool
8560,5.702742142602801,0.7591031026095152,4.8340619541704655,shared_2l_1pool
8561,5.702455993741751,0.7853920105844736,4.808642202988267,shared_2l_1pool
8562,5.693004000931978,0.763581832870841,4.819122143089771,shared_2l_1pool
8563,5.7441790122538805,0.7915419992059469,4.842370981350541,shared_2l_1pool
8564,5.743840942159295,0.7838350720703602,4.850267898291349,shared_2l_1pool
8565,7.059355033561587,1.9935248419642448,4.935830133035779,shared_2l_1pool
8566,5.806952016428113,0.8187389466911554,4.875304875895381,shared_2l_1pool
8567,5.726380040869117,0.7822851184755564,4.834370920434594,shared_2l_1pool
8568,5.729723954573274,0.7748568896204233,4.846618045121431,shared_2l_1pool
8569,5.762566113844514,0.7816909346729517,4.870797973126173,shared_2l_1pool
8570,5.770615069195628,0.7947448175400496,4.8655502032488585,shared_2l_1pool
8571,5.741459783166647,0.7830299437046051,4.850073950365186,shared_2l_1pool
8572,5.7245169300585985,0.7709481287747622,4.8431348986923695,shared_2l_1pool
8573,5.712629994377494,0.7700640708208084,4.830745980143547,shared_2l_1pool
8574,5.773313110694289,0.8107370231300592,4.852436017245054,shared_2l_1pool
8575,5.719280103221536,0.7730000652372837,4.835554864257574,shared_2l_1pool
8576,5.739307031035423,0.7862220518290997,4.84102894552052,shared_2l_1pool
8577,5.76151697896421,0.8043479174375534,4.847130971029401,shared_2l_1pool
8578,5.712080979719758,0.7702501025050879,4.829736892133951,shared_2l_1pool
8579,5.764385219663382,0.7981238886713982,4.854763159528375,shared_2l_1pool
8580,5.744816968217492,0.776645028963685,4.858523141592741,shared_2l_1pool
8581,7.089546183124185,2.0222761668264866,4.939185921102762,shared_2l_1pool
8582,5.758332088589668,0.8118930272758007,4.835088970139623,shared_2l_1pool
8583,5.765476962551475,0.774133950471878,4.880317952483892,shared_2l_1pool
8584,5.808660993352532,0.8103190921247005,4.8886078875511885,shared_2l_1pool
8585,5.769369890913367,0.8139070123434067,4.845215007662773,shared_2l_1pool
8586,5.715029081329703,0.7742370944470167,4.825170850381255,shared_2l_1pool
8587,5.715946899726987,0.7796040736138821,4.8296640161424875,shared_2l_1pool
8588,5.770962918177247,0.7955720648169518,4.864566959440708,shared_2l_1pool
8589,5.758454091846943,0.7975080516189337,4.850025987252593,shared_2l_1pool
8590,5.760034779086709,0.8131989743560553,4.837316926568747,shared_2l_1pool
8591,5.720807006582618,0.7606351282447577,4.849314922466874,shared_2l_1pool
8592,5.7487511076033115,0.7806310895830393,4.857088904827833,shared_2l_1pool
8593,5.754254059866071,0.7860199548304081,4.853995051234961,shared_2l_1pool
8594,5.744843976572156,0.7885389495640993,4.8436729703098536,shared_2l_1pool
8595,5.76280802488327,0.778028042986989,4.865249153226614,shared_2l_1pool
8596,5.742043023929,0.7709870114922523,4.859135020524263,shared_2l_1pool
8597,7.128025870770216,2.022380940616131,4.973500035703182,shared_2l_1pool
8598,5.821136990562081,0.8088171016424894,4.902690881863236,shared_2l_1pool
8599,5.763632943853736,0.7885948289185762,4.865385126322508,shared_2l_1pool
8600,5.807450041174889,0.8130411151796579,4.881947999820113,shared_2l_1pool
8601,5.783440079540014,0.8022640831768513,4.871383076533675,shared_2l_1pool
8602,5.772854899987578,0.7748340722173452,4.888912895694375,shared_2l_1pool
8603,5.718056112527847,0.7770559750497341,4.8274691216647625,shared_2l_1pool
8604,5.755546037107706,0.7780848536640406,4.867634037509561,shared_2l_1pool
8605,5.746409064158797,0.7744249887764454,4.864404909312725,shared_2l_1pool
8606,5.773090058937669,0.7854460272938013,4.872068064287305,shared_2l_1pool
8607,5.760044092312455,0.7889820262789726,4.859826061874628,shared_2l_1pool
8608,5.754017038270831,0.7880029734224081,4.860415123403072,shared_2l_1pool
8609,5.80520904622972,0.8032319601625204,4.892084980383515,shared_2l_1pool
8610,5.7691840920597315,0.7858630269765854,4.871865967288613,shared_2l_1pool
8611,5.745070055127144,0.797659158706665,4.839331842958927,shared_2l_1pool
8612,5.741773871704936,0.7826169021427631,4.8477069940418005,shared_2l_1pool
8613,7.052293047308922,2.0071808248758316,4.917537095025182,shared_2l_1pool
8614,5.776865873485804,0.8039511740207672,4.861854016780853,shared_2l_1pool
8615,5.758967949077487,0.7937061600387096,4.855898907408118,shared_2l_1pool
8616,5.759997060522437,0.7821628823876381,4.86341118812561,shared_2l_1pool
8617,5.778954131528735,0.7972640451043844,4.871988901868463,shared_2l_1pool
8618,5.758075974881649,0.7814730051904917,4.865956027060747,shared_2l_1pool
8619,5.756615893915296,0.7867610547691584,4.862925037741661,shared_2l_1pool
8620,5.770481191575527,0.7809349335730076,4.875011974945664,shared_2l_1pool
8621,5.716015817597508,0.7752850651741028,4.832211881875992,shared_2l_1pool
8622,5.756312981247902,0.7782911416143179,4.870787961408496,shared_2l_1pool
8623,5.752274068072438,0.7720161229372025,4.868281772360206,shared_2l_1pool
8624,5.749644013121724,0.7724680472165346,4.867285955697298,shared_2l_1pool
8625,5.745666101574898,0.7978291250765324,4.839994013309479,shared_2l_1pool
8626,5.737273953855038,0.7812101393938065,4.843665985390544,shared_2l_1pool
8627,5.787634057924151,0.809710007160902,4.86749317497015,shared_2l_1pool
8628,5.721898982301354,0.7732647936791182,4.838955122977495,shared_2l_1pool
8629,7.105872966349125,2.026813104748726,4.949555965140462,shared_2l_1pool
8630,5.791427101939917,0.8072680793702602,4.871578887104988,shared_2l_1pool
8631,5.796336103230715,0.780710019171238,4.905157024040818,shared_2l_1pool
8632,5.791708128526807,0.7949410937726498,4.885740811005235,shared_2l_1pool
8633,5.801124032586813,0.8274090941995382,4.86310594715178,shared_2l_1pool
8634,5.765357054769993,0.778465997427702,4.878154024481773,shared_2l_1pool
8635,5.782156018540263,0.7888399995863438,4.886399023234844,shared_2l_1pool
8636,5.762455984950066,0.792014179751277,4.860115936025977,shared_2l_1pool
8637,5.779206054285169,0.7934151217341423,4.872857825830579,shared_2l_1pool
8638,5.74616389349103,0.7699800189584494,4.864435875788331,shared_2l_1pool
8639,5.783402128145099,0.7908409461379051,4.8873580526560545,shared_2l_1pool
8640,5.757718114182353,0.7602360565215349,4.88772289827466,shared_2l_1pool
8641,5.723812151700258,0.7722999434918165,4.8443900886923075,shared_2l_1pool
8642,5.745461909100413,0.7775039412081242,4.853603197261691,shared_2l_1pool
8643,5.7591828517615795,0.762776006013155,4.884832073003054,shared_2l_1pool
8644,5.785732064396143,0.7831268012523651,4.891382995992899,shared_2l_1pool
8645,7.097908994182944,2.00411188416183,4.965681117027998,shared_2l_1pool
8646,5.776253063231707,0.7848208770155907,4.8808001447469,shared_2l_1pool
8647,5.782542051747441,0.8041858673095703,4.8662470653653145,shared_2l_1pool
8648,5.743589019402862,0.7831801194697618,4.854134051129222,shared_2l_1pool
8649,5.751769989728928,0.7711669895797968,4.873561905696988,shared_2l_1pool
8650,5.753024015575647,0.78542809933424,4.860299872234464,shared_2l_1pool
8651,5.761539796367288,0.776591943576932,4.876110935583711,shared_2l_1pool
8652,5.7702441699802876,0.7806960493326187,4.880089079961181,shared_2l_1pool
8653,5.76851493678987,0.7833030540496111,4.875163082033396,shared_2l_1pool
8654,5.746301030740142,0.7841400802135468,4.85168001614511,shared_2l_1pool
8655,5.745425121858716,0.7933108136057854,4.843216156587005,shared_2l_1pool
8656,5.731580080464482,0.7775279227644205,4.846705123782158,shared_2l_1pool
8657,5.741907982155681,0.7765309419482946,4.857236985117197,shared_2l_1pool
8658,5.739772226661444,0.7813260890543461,4.848860902711749,shared_2l_1pool
8659,5.7086211163550615,0.7601261604577303,4.8383609391748905,shared_2l_1pool
8660,5.756217986345291,0.7703548762947321,4.877832951024175,shared_2l_1pool
8661,7.059872150421143,1.9970859866589308,4.933089017868042,shared_2l_1pool
8662,5.822774954140186,0.7947629783302546,4.91225509904325,shared_2l_1pool
8663,5.759277148172259,0.786936841905117,4.863260081037879,shared_2l_1pool
8664,5.792828975245357,0.8351460564881563,4.848351003602147,shared_2l_1pool
8665,5.764008965343237,0.7825978100299835,4.870955133810639,shared_2l_1pool
8666,5.7507960591465235,0.7711909711360931,4.870746983215213,shared_2l_1pool
8667,5.749968811869621,0.7882940117269754,4.85368981026113,shared_2l_1pool
8668,5.770975956693292,0.7902970537543297,4.871365847066045,shared_2l_1pool
8669,5.7754311710596085,0.7933350279927254,4.872726975008845,shared_2l_1pool
8670,5.759030114859343,0.8095549419522285,4.8418850637972355,shared_2l_1pool
8671,5.734903970733285,0.7691460195928812,4.858517786487937,shared_2l_1pool
8672,5.768055096268654,0.7763800676912069,4.876130959019065,shared_2l_1pool
8673,5.753962090238929,0.7840150501579046,4.8590057995170355,shared_2l_1pool
8674,5.772629985585809,0.7825510110706091,4.8800010699778795,shared_2l_1pool
8675,5.7376420591026545,0.7848909590393305,4.843220114707947,shared_2l_1pool
8676,5.718985106796026,0.754788052290678,4.850870929658413,shared_2l_1pool
8677,7.229069015011191,2.005917951464653,5.092698847874999,shared_2l_1pool
8678,5.985470023006201,0.8148690685629845,5.057328846305609,shared_2l_1pool
8679,5.946747958660126,0.7940928917378187,5.042682169005275,shared_2l_1pool
8680,5.919026909396052,0.7878050673753023,5.0203329883515835,shared_2l_1pool
8681,5.939752794802189,0.7683939766138792,5.061370087787509,shared_2l_1pool
8682,5.976417101919651,0.8007099386304617,5.065127974376082,shared_2l_1pool
8683,5.896725924685597,0.7692498620599508,5.017780000343919,shared_2l_1pool
8684,5.942190065979958,0.7972761522978544,5.035016918554902,shared_2l_1pool
8685,5.916006164625287,0.7816411089152098,5.022943951189518,shared_2l_1pool
8686,5.8880881406366825,0.7753351237624884,5.003046942874789,shared_2l_1pool
8687,5.91703481040895,0.7937711197882891,5.013857968151569,shared_2l_1pool
8688,5.924872821196914,0.7895380258560181,5.023915786296129,shared_2l_1pool
8689,5.926532903686166,0.7927750702947378,5.021838936954737,shared_2l_1pool
8690,5.951570114120841,0.7872951682657003,5.0517478957772255,shared_2l_1pool
8691,5.941768875345588,0.7819179445505142,5.050170933827758,shared_2l_1pool
8692,5.9326039627194405,0.784717034548521,5.0364399794489145,shared_2l_1pool
8693,7.104283198714256,2.0147531758993864,4.959537880495191,shared_2l_1pool
8694,5.8434088714420795,0.8002188988029957,4.922837950289249,shared_2l_1pool
8695,5.831647897139192,0.8038729429244995,4.91672707721591,shared_2l_1pool
8696,5.825056927278638,0.7825959473848343,4.930467111989856,shared_2l_1pool
8697,5.773918004706502,0.791328027844429,4.871156066656113,shared_2l_1pool
8698,5.802499130368233,0.7733129896223545,4.917689133435488,shared_2l_1pool
8699,5.789634073153138,0.7787658832967281,4.906435962766409,shared_2l_1pool
8700,5.768005037680268,0.7727369666099548,4.887999966740608,shared_2l_1pool
8701,5.803609034046531,0.7746969349682331,4.920084960758686,shared_2l_1pool
8702,5.792491836473346,0.7811151444911957,4.903036868199706,shared_2l_1pool
8703,5.82310906611383,0.7898968178778887,4.92712901905179,shared_2l_1pool
8704,5.7859038934111595,0.78039919026196,4.901951877400279,shared_2l_1pool
8705,5.798217840492725,0.773303909227252,4.914649995043874,shared_2l_1pool
8706,5.763059016317129,0.7693730294704437,4.883982939645648,shared_2l_1pool
8707,5.784539971500635,0.791958998888731,4.886095179244876,shared_2l_1pool
8708,5.83372195251286,0.7886609528213739,4.935689037665725,shared_2l_1pool
8709,7.170852972194552,2.018695930019021,5.023512057960033,shared_2l_1pool
8710,5.911914864555001,0.8052249904721975,4.991029854863882,shared_2l_1pool
8711,5.883930018171668,0.7999800145626068,4.972288152202964,shared_2l_1pool
8712,5.89935714378953,0.8070438634604216,4.9815981183201075,shared_2l_1pool
8713,5.863990867510438,0.7659010589122772,4.987172083929181,shared_2l_1pool
8714,5.865871906280518,0.7822948973625898,4.972282098606229,shared_2l_1pool
8715,5.870780907571316,0.7795579731464386,4.980860976502299,shared_2l_1pool
8716,5.842134822160006,0.7935361936688423,4.940403858199716,shared_2l_1pool
8717,5.85524900816381,0.775790074840188,4.97137987986207,shared_2l_1pool
8718,5.844596074894071,0.792117090895772,4.9447419587522745,shared_2l_1pool
8719,5.874149035662413,0.7931820582598448,4.971493035554886,shared_2l_1pool
8720,5.8888818603008986,0.8188160136342049,4.958990029990673,shared_2l_1pool
8721,5.846614018082619,0.772150931879878,4.9652401357889175,shared_2l_1pool
8722,5.906415870413184,0.7989001460373402,4.990188870579004,shared_2l_1pool
8723,5.917178001254797,0.8156581316143274,4.9934538546949625,shared_2l_1pool
8724,5.8855528477579355,0.7962791714817286,4.979133838787675,shared_2l_1pool
8725,7.232659962028265,2.036076970398426,5.061357980594039,shared_2l_1pool
8726,5.907390033826232,0.8031518664211035,4.989690147340298,shared_2l_1pool
8727,5.937434965744615,0.8562211878597736,4.969088826328516,shared_2l_1pool
8728,5.905434023588896,0.7861109916120768,5.009987158700824,shared_2l_1pool
8729,5.874494090676308,0.7946151308715343,4.970578942447901,shared_2l_1pool
8730,5.842817947268486,0.7893170695751905,4.943124018609524,shared_2l_1pool
8731,5.857093026861548,0.7744289468973875,4.972154973074794,shared_2l_1pool
8732,5.865785991773009,0.7902479264885187,4.968437133356929,shared_2l_1pool
8733,5.887479055672884,0.778077868744731,5.001673940569162,shared_2l_1pool
8734,5.932416999712586,0.8124178275465965,5.004658130928874,shared_2l_1pool
8735,5.924241850152612,0.7858250755816698,5.030985921621323,shared_2l_1pool
8736,5.89916598983109,0.7834178395569324,5.006770137697458,shared_2l_1pool
8737,5.86809404194355,0.7902749348431826,4.966647131368518,shared_2l_1pool
8738,5.844858940690756,0.7754010148346424,4.958698060363531,shared_2l_1pool
8739,5.866397870704532,0.7805707864463329,4.973364993929863,shared_2l_1pool
8740,5.895356182008982,0.7967930287122726,4.986308980733156,shared_2l_1pool
8741,7.24189099855721,2.049387898296118,5.061826901510358,shared_2l_1pool
8742,5.911763058975339,0.8175079710781574,4.982884973287582,shared_2l_1pool
8743,5.935413995757699,0.8103509899228811,5.012029083445668,shared_2l_1pool
8744,5.910490173846483,0.8149570785462856,4.983509890735149,shared_2l_1pool
8745,5.892619024962187,0.8094229269772768,4.972265101969242,shared_2l_1pool
8746,5.871994886547327,0.7985190022736788,4.964977968484163,shared_2l_1pool
8747,5.927153863012791,0.7888081017881632,5.022337893024087,shared_2l_1pool
8748,5.912685999646783,0.7964267861098051,5.000909091904759,shared_2l_1pool
8749,5.843593971803784,0.7846581283956766,4.949647933244705,shared_2l_1pool
8750,5.858507007360458,0.7919811177998781,4.957531811669469,shared_2l_1pool
8751,5.849556066095829,0.7838020101189613,4.953455878421664,shared_2l_1pool
8752,5.899569019675255,0.7985960692167282,4.991712048649788,shared_2l_1pool
8753,5.869109882041812,0.7973478641360998,4.95898793451488,shared_2l_1pool
8754,5.903117125853896,0.8040389511734247,4.988820059224963,shared_2l_1pool
8755,5.8839949779212475,0.7860730402171612,4.987049847841263,shared_2l_1pool
8756,5.873536923900247,0.7862469647079706,4.975205985829234,shared_2l_1pool
8757,7.2286350186914206,2.0713619887828827,5.028132116422057,shared_2l_1pool
8758,5.91132789850235,0.8199000731110573,4.981546895578504,shared_2l_1pool
8759,5.940155824646354,0.8390028961002827,4.988719010725617,shared_2l_1pool
8760,5.96508989110589,0.8053609635680914,5.048844031989574,shared_2l_1pool
8761,5.919408053159714,0.78025390394032,5.024665035307407,shared_2l_1pool
8762,5.898799980059266,0.7880309130996466,4.998252959921956,shared_2l_1pool
8763,5.91552397236228,0.7934130262583494,5.011930130422115,shared_2l_1pool
8764,5.93097391538322,0.7988039869815111,5.020789802074432,shared_2l_1pool
8765,5.878312047570944,0.7975350599735975,4.968260880559683,shared_2l_1pool
8766,5.915500922128558,0.7970929145812988,5.007428117096424,shared_2l_1pool
8767,5.871298955753446,0.7938828784972429,4.96750115416944,shared_2l_1pool
8768,5.894338013604283,0.8062440901994705,4.977453034371138,shared_2l_1pool
8769,5.902458913624287,0.8027579169720411,4.987969063222408,shared_2l_1pool
8770,5.881987977772951,0.7977779023349285,4.973326111212373,shared_2l_1pool
8771,5.926067940890789,0.7870269473642111,5.030068103224039,shared_2l_1pool
8772,5.876367911696434,0.7851889822632074,4.978428827598691,shared_2l_1pool
8773,7.2783909272402525,2.086077816784382,5.058785201981664,shared_2l_1pool
8774,5.909181898459792,0.8306968957185745,4.967441083863378,shared_2l_1pool
8775,5.918510025367141,0.8155850227922201,4.992261063307524,shared_2l_1pool
8776,5.924592958763242,0.8453859481960535,4.97031700797379,shared_2l_1pool
8777,5.891322158277035,0.8238039445132017,4.956261022016406,shared_2l_1pool
8778,5.868738982826471,0.8036179933696985,4.954649833962321,shared_2l_1pool
8779,5.87873999029398,0.8370520081371069,4.932834068313241,shared_2l_1pool
8780,5.854982882738113,0.7865647785365582,4.95760515332222,shared_2l_1pool
8781,5.869677988812327,0.798641936853528,4.960309015586972,shared_2l_1pool
8782,5.874683149158955,0.8045260328799486,4.957875004038215,shared_2l_1pool
8783,5.899424897506833,0.8042650297284126,4.980526864528656,shared_2l_1pool
8784,5.859560100361705,0.7973061874508858,4.9547068774700165,shared_2l_1pool
8785,5.926101002842188,0.8160709403455257,4.998180083930492,shared_2l_1pool
8786,5.883512087166309,0.7875540759414434,4.98391198925674,shared_2l_1pool
8787,5.876524839550257,0.7905561942607164,4.976336844265461,shared_2l_1pool
8788,5.854791961610317,0.8050659671425819,4.939782898873091,shared_2l_1pool
8789,7.233473006635904,2.050576964393258,5.049126921221614,shared_2l_1pool
8790,5.932091036811471,0.8220281451940536,4.998124903067946,shared_2l_1pool
8791,5.910446867346764,0.8058540988713503,4.9876379780471325,shared_2l_1pool
8792,5.898755043745041,0.8132311049848795,4.975595977157354,shared_2l_1pool
8793,5.900310119614005,0.8201079908758402,4.970510024577379,shared_2l_1pool
8794,5.939113209024072,0.8009809534996748,5.027545150369406,shared_2l_1pool
8795,5.885278107598424,0.7958980277180672,4.981657024472952,shared_2l_1pool
8796,5.868562031537294,0.8053421042859554,4.951465874910355,shared_2l_1pool
8797,5.877471063286066,0.8058841340243816,4.961767001077533,shared_2l_1pool
8798,5.870305933058262,0.8143321610987186,4.946536850184202,shared_2l_1pool
8799,5.83429797552526,0.7805838249623775,4.944443004205823,shared_2l_1pool
8800,5.849642911925912,0.7894430309534073,4.953558091074228,shared_2l_1pool
8801,5.875149043276906,0.8055120706558228,4.9596799071878195,shared_2l_1pool
8802,5.883358884602785,0.803487142547965,4.969074856489897,shared_2l_1pool
8803,5.922687007114291,0.8128040935844183,4.999761935323477,shared_2l_1pool
8804,5.834801122546196,0.7854858413338661,4.938996164128184,shared_2l_1pool
8805,7.170167053118348,2.047332003712654,4.989216104149818,shared_2l_1pool
8806,5.843662889674306,0.8048960007727146,4.922675900161266,shared_2l_1pool
8807,5.861446959897876,0.8075120858848095,4.940908867865801,shared_2l_1pool
8808,5.811123875901103,0.7906879764050245,4.904210101813078,shared_2l_1pool
8809,5.8422579895704985,0.8031930774450302,4.9264561384916306,shared_2l_1pool
8810,5.853544920682907,0.800836831331253,4.940849030390382,shared_2l_1pool
8811,5.860280012711883,0.8086171001195908,4.937920952215791,shared_2l_1pool
8812,5.8688458520919085,0.8158700075000525,4.9395388923585415,shared_2l_1pool
8813,5.842775804921985,0.7983769755810499,4.933344898745418,shared_2l_1pool
8814,5.853008944541216,0.8054589852690697,4.93662990629673,shared_2l_1pool
8815,5.864497972652316,0.7946379482746124,4.954217933118343,shared_2l_1pool
8816,5.861741025000811,0.792002072557807,4.958771867677569,shared_2l_1pool
8817,5.852061090990901,0.7830727845430374,4.957452183589339,shared_2l_1pool
8818,5.823070183396339,0.7791831158101559,4.930255934596062,shared_2l_1pool
8819,5.814353935420513,0.7976058404892683,4.9060850869864225,shared_2l_1pool
8820,5.824655061587691,0.8048790041357279,4.907927010208368,shared_2l_1pool
8821,7.209345931187272,2.0677431020885706,5.0095259211957455,shared_2l_1pool
8822,5.897660972550511,0.8245899807661772,4.959627985954285,shared_2l_1pool
8823,5.8869540225714445,0.8223620243370533,4.949613939970732,shared_2l_1pool
8824,5.895349895581603,0.8150660432875156,4.967175889760256,shared_2l_1pool
8825,5.848907865583897,0.7949909195303917,4.936601966619492,shared_2l_1pool
8826,5.871635163202882,0.7819028105586767,4.97882510535419,shared_2l_1pool
8827,5.885004997253418,0.7979690562933683,4.975905874744058,shared_2l_1pool
8828,5.879031028598547,0.7927280385047197,4.973303060978651,shared_2l_1pool
8829,5.857433192431927,0.7972929161041975,4.948907997459173,shared_2l_1pool
8830,5.885604070499539,0.803244998678565,4.9704089760780334,shared_2l_1pool
8831,5.883031990379095,0.7992989849299192,4.9752171617001295,shared_2l_1pool
8832,5.879693198949099,0.8029169403016567,4.966713022440672,shared_2l_1pool
8833,5.861602025106549,0.8009341545403004,4.955570911988616,shared_2l_1pool
8834,5.840386962518096,0.7878001779317856,4.9454388208687305,shared_2l_1pool
8835,5.857859971001744,0.7941999938338995,4.95566101744771,shared_2l_1pool
8836,5.848164902999997,0.8067230228334665,4.93725691922009,shared_2l_1pool
8837,7.204538909718394,2.0312501583248377,5.0416619051247835,shared_2l_1pool
8838,5.8704770635813475,0.8009050507098436,4.958577919751406,shared_2l_1pool
8839,5.896796938031912,0.8072720374912024,4.979340825229883,shared_2l_1pool
8840,5.93850202858448,0.803736038506031,5.021158140152693,shared_2l_1pool
8841,5.888431798666716,0.7977159693837166,4.979761084541678,shared_2l_1pool
8842,5.883679026737809,0.8081241976469755,4.965644795447588,shared_2l_1pool
8843,5.873542977496982,0.819419976323843,4.949769005179405,shared_2l_1pool
8844,5.85332396440208,0.7825391367077827,4.9553788267076015,shared_2l_1pool
8845,5.8900529984384775,0.7847768720239401,4.994221962988377,shared_2l_1pool
8846,5.835723131895065,0.7761451415717602,4.944200860336423,shared_2l_1pool
8847,5.842817947268486,0.7925177924335003,4.941278137266636,shared_2l_1pool
8848,5.854069022461772,0.793379032984376,4.951277049258351,shared_2l_1pool
8849,5.88349299505353,0.7920050993561745,4.982333863154054,shared_2l_1pool
8850,5.897788098081946,0.8058880921453238,4.981653997674584,shared_2l_1pool
8851,5.859576864168048,0.7967089768499136,4.953192081302404,shared_2l_1pool
8852,5.894441856071353,0.8019551169127226,4.969866946339607,shared_2l_1pool
8853,7.19813397154212,2.049479866400361,5.0206780433654785,shared_2l_1pool
8854,5.89542486704886,0.7972370367497206,4.989256151020527,shared_2l_1pool
8855,5.8744128327816725,0.8064031135290861,4.952103830873966,shared_2l_1pool
8856,5.879004951566458,0.8008929435163736,4.970388021320105,shared_2l_1pool
8857,5.93147799372673,0.7981790695339441,5.02136698924005,shared_2l_1pool
8858,5.900723161175847,0.8045099675655365,4.986895946785808,shared_2l_1pool
8859,5.881282035261393,0.8068389724940062,4.9663991667330265,shared_2l_1pool
8860,5.9056400787085295,0.8023020345717669,4.989242879673839,shared_2l_1pool
8861,5.944854114204645,0.8104199077934027,5.015780916437507,shared_2l_1pool
8862,5.979052046313882,0.8435340132564306,5.012056091800332,shared_2l_1pool
8863,6.007489049807191,0.8606440387666225,5.033929832279682,shared_2l_1pool
8864,5.935752997174859,0.8330659475177526,4.990050103515387,shared_2l_1pool
8865,5.957134999334812,0.8507638704031706,4.996755160391331,shared_2l_1pool
8866,5.932275904342532,0.8521298877894878,4.9641679506748915,shared_2l_1pool
8867,5.865366896614432,0.8137540426105261,4.940099082887173,shared_2l_1pool
8868,5.884967977181077,0.8066711015999317,4.966733977198601,shared_2l_1pool
8869,7.538828067481518,2.3591620847582817,5.054503912106156,shared_2l_1pool
8870,5.956406006589532,0.8252649568021297,5.0181010738015175,shared_2l_1pool
8871,5.91898406855762,0.7979350630193949,5.010897992178798,shared_2l_1pool
8872,5.893938941881061,0.8174111135303974,4.9642028752714396,shared_2l_1pool
8873,5.906732054427266,0.8093048818409443,4.985308973118663,shared_2l_1pool
8874,5.904139019548893,0.8025108836591244,4.9925511702895164,shared_2l_1pool
8875,5.903945071622729,0.7950551807880402,4.99810092151165,shared_2l_1pool
8876,5.867209983989596,0.8086301386356354,4.950525937601924,shared_2l_1pool
8877,5.842200014740229,0.8008591830730438,4.928080830723047,shared_2l_1pool
8878,5.923148011788726,0.833786791190505,4.978442098945379,shared_2l_1pool
8879,5.892968969419599,0.8062198758125305,4.979589954018593,shared_2l_1pool
8880,5.864734062924981,0.7934048771858215,4.962683189660311,shared_2l_1pool
8881,5.892233923077583,0.7955979090183973,4.988023079931736,shared_2l_1pool
8882,5.910656880587339,0.8133759256452322,4.986059153452516,shared_2l_1pool
8883,5.854766117408872,0.7835398428142071,4.961549071595073,shared_2l_1pool
8884,5.856428993865848,0.7923450320959091,4.954759031534195,shared_2l_1pool
8885,7.193149067461491,2.0051279570907354,5.059100920334458,shared_2l_1pool
8886,5.900370888411999,0.8209659717977047,4.96968487277627,shared_2l_1pool
8887,5.917321890592575,0.8026279974728823,5.003700032830238,shared_2l_1pool
8888,5.913360044360161,0.8068250026553869,4.995805909857154,shared_2l_1pool
8889,5.924704018980265,0.7883107755333185,5.020215176045895,shared_2l_1pool
8890,5.865915911272168,0.7949699647724628,4.959671990945935,shared_2l_1pool
8891,5.926844198256731,0.8131891954690218,5.004938924685121,shared_2l_1pool
8892,5.9032749850302935,0.7900451309978962,5.001235986128449,shared_2l_1pool
8893,5.923860007897019,0.8077300153672695,5.00433100387454,shared_2l_1pool
8894,5.894714966416359,0.7840129546821117,4.997102078050375,shared_2l_1pool
8895,5.959423957392573,0.8386280387639999,5.01152197830379,shared_2l_1pool
8896,5.954868160188198,0.8103270083665848,5.030282074585557,shared_2l_1pool
8897,5.894253961741924,0.7930609863251448,4.990675952285528,shared_2l_1pool
8898,5.9190059546381235,0.8145710453391075,4.994138143956661,shared_2l_1pool
8899,5.92316803522408,0.808442011475563,5.0064739771187305,shared_2l_1pool
8900,5.914113949984312,0.7984309922903776,5.004458827897906,shared_2l_1pool
8901,7.180919870734215,2.008843934163451,5.040226969867945,shared_2l_1pool
8902,5.891537060961127,0.8105582091957331,4.9700678791850805,shared_2l_1pool
8903,5.881136050447822,0.803428003564477,4.966611973941326,shared_2l_1pool
8904,5.939858965575695,0.8479040116071701,4.981489852070808,shared_2l_1pool
8905,5.889492109417915,0.8008901495486498,4.9839389976114035,shared_2l_1pool
8906,5.841211881488562,0.7822259794920683,4.949172027409077,shared_2l_1pool
8907,5.8521609753370285,0.8003450930118561,4.943276988342404,shared_2l_1pool
8908,5.84879401139915,0.795511994510889,4.9442509189248085,shared_2l_1pool
8909,5.871033063158393,0.7968510035425425,4.965942120179534,shared_2l_1pool
8910,5.8776820078492165,0.810359138995409,4.9616878386586905,shared_2l_1pool
8911,5.872464971616864,0.7910968270152807,4.972584079951048,shared_2l_1pool
8912,5.856090225279331,0.7874020375311375,4.9598258920013905,shared_2l_1pool
8913,5.8829570189118385,0.7870120462030172,4.985116887837648,shared_2l_1pool
8914,5.881612887606025,0.7872858550399542,4.9850670620799065,shared_2l_1pool
8915,5.8781791012734175,0.7930179126560688,4.97831217944622,shared_2l_1pool
8916,5.894747795537114,0.7917319890111685,4.994709976017475,shared_2l_1pool
8917,7.16422195546329,2.0024008117616177,5.034841131418943,shared_2l_1pool
8918,5.910289008170366,0.8095991797745228,4.993067821487784,shared_2l_1pool
8919,5.879665957763791,0.8277620654553175,4.945660941302776,shared_2l_1pool
8920,5.830598063766956,0.8025949355214834,4.915422992780805,shared_2l_1pool
8921,5.901909898966551,0.8061940316110849,4.98505006544292,shared_2l_1pool
8922,5.927890073508024,0.8189680520445108,4.999494878575206,shared_2l_1pool
8923,5.931525956839323,0.806089024990797,5.015881033614278,shared_2l_1pool
8924,5.8384311851114035,0.7996319327503443,4.930933937430382,shared_2l_1pool
8925,5.856794072315097,0.7766191847622395,4.97178896330297,shared_2l_1pool
8926,5.856173112988472,0.7747279014438391,4.967925138771534,shared_2l_1pool
8927,5.871705943718553,0.7880029734224081,4.974433919414878,shared_2l_1pool
8928,5.873360903933644,0.793062848970294,4.972417140379548,shared_2l_1pool
8929,5.885444115847349,0.7940870709717274,4.981460981070995,shared_2l_1pool
8930,5.856856936588883,0.7861868944019079,4.962773993611336,shared_2l_1pool
8931,5.835210904479027,0.7835391443222761,4.9442569725215435,shared_2l_1pool
8932,5.867584841325879,0.7887729443609715,4.96795610524714,shared_2l_1pool
8933,7.146368036046624,2.003747969865799,5.0150859169662,shared_2l_1pool
8934,5.890849977731705,0.8028270676732063,4.978526849299669,shared_2l_1pool
8935,5.919512826949358,0.8076010271906853,5.001345882192254,shared_2l_1pool
8936,5.869256099686027,0.7784839253872633,4.9821180291473866,shared_2l_1pool
8937,5.846953950822353,0.7966530974954367,4.9427838530391455,shared_2l_1pool
8938,5.7937889359891415,0.7760650478303432,4.909238079562783,shared_2l_1pool
8939,5.906699923798442,0.7862560451030731,5.011544097214937,shared_2l_1pool
8940,5.864338018000126,0.7942770607769489,4.961529979482293,shared_2l_1pool
8941,5.870136898010969,0.8000568486750126,4.960956051945686,shared_2l_1pool
8942,5.791506031528115,0.7877759635448456,4.897034959867597,shared_2l_1pool
8943,5.87607198394835,0.8001490496098995,4.970774985849857,shared_2l_1pool
8944,5.83187211304903,0.7820038590580225,4.9413160886615515,shared_2l_1pool
8945,5.833337781950831,0.7819300517439842,4.943331005051732,shared_2l_1pool
8946,5.876553012058139,0.8024340495467186,4.9665989354252815,shared_2l_1pool
8947,5.880816839635372,0.7871950510889292,4.9893169198185205,shared_2l_1pool
8948,5.8378358371555805,0.7887859828770161,4.9421219155192375,shared_2l_1pool
8949,7.183880778029561,1.9920929335057735,5.064150085672736,shared_2l_1pool
8950,5.921584088355303,0.8004889823496342,5.010227905586362,shared_2l_1pool
8951,5.90817304328084,0.7927818223834038,5.009577143937349,shared_2l_1pool
8952,5.94451604411006,0.7872760761529207,5.048708058893681,shared_2l_1pool
8953,5.900619085878134,0.7857210002839565,5.006499122828245,shared_2l_1pool
8954,5.955283995717764,0.8217159193009138,5.028109066188335,shared_2l_1pool
8955,5.883568897843361,0.761436065658927,5.0126309506595135,shared_2l_1pool
8956,5.927594844251871,0.7982088718563318,5.018081050366163,shared_2l_1pool
8957,5.884190090000629,0.7843209896236658,4.988852888345718,shared_2l_1pool
8958,5.95459807664156,0.8039481472223997,5.039839772507548,shared_2l_1pool
8959,5.9531929437071085,0.7934861350804567,5.049984902143478,shared_2l_1pool
8960,5.91444899328053,0.7831151597201824,5.023955833166838,shared_2l_1pool
8961,5.906146019697189,0.8044659625738859,4.995415918529034,shared_2l_1pool
8962,5.942782154306769,0.8102338761091232,5.026248982176185,shared_2l_1pool
8963,5.903908982872963,0.7772580720484257,5.019359057769179,shared_2l_1pool
8964,5.907144863158464,0.7916840258985758,5.008272128179669,shared_2l_1pool
8965,7.329543121159077,2.0004049874842167,5.2006428595632315,shared_2l_1pool
8966,6.004306022077799,0.8105791639536619,5.083467811346054,shared_2l_1pool
8967,6.032712059095502,0.8057081140577793,5.1170759834349155,shared_2l_1pool
8968,6.035008933395147,0.8065700531005859,5.120119079947472,shared_2l_1pool
8969,6.046160124242306,0.7873589638620615,5.148923955857754,shared_2l_1pool
8970,5.998139968141913,0.7689709309488535,5.118943052366376,shared_2l_1pool
8971,6.010238081216812,0.7948440033942461,5.101819988340139,shared_2l_1pool
8972,5.994363920763135,0.7878059986978769,5.098461173474789,shared_2l_1pool
8973,6.015618098899722,0.8166991174221039,5.087913945317268,shared_2l_1pool
8974,6.025295006111264,0.8033898193389177,5.1101320423185825,shared_2l_1pool
8975,6.019674940034747,0.7984528783708811,5.111750913783908,shared_2l_1pool
8976,6.022377870976925,0.8130529895424843,5.100826034322381,shared_2l_1pool
8977,6.086274981498718,0.8274142164736986,5.144650815054774,shared_2l_1pool
8978,6.026613991707563,0.8008989971131086,5.122222006320953,shared_2l_1pool
8979,6.01384905166924,0.7936500478535891,5.114418920129538,shared_2l_1pool
8980,6.030305987223983,0.7878241594880819,5.132637917995453,shared_2l_1pool
8981,7.28254416026175,2.0273528061807156,5.126113072037697,shared_2l_1pool
8982,6.053325021639466,0.811876030638814,5.1318800542503595,shared_2l_1pool
8983,6.025986047461629,0.7965529803186655,5.121424095705152,shared_2l_1pool
8984,6.032276898622513,0.8041949477046728,5.1198480650782585,shared_2l_1pool
8985,6.047182949259877,0.8106969762593508,5.1290730480104685,shared_2l_1pool
8986,6.014534970745444,0.8159410208463669,5.091262981295586,shared_2l_1pool
8987,6.0053488705307245,0.7983199320733547,5.097370129078627,shared_2l_1pool
8988,6.025410024449229,0.7958661299198866,5.121782887727022,shared_2l_1pool
8989,6.043683970347047,0.8182050660252571,5.116966087371111,shared_2l_1pool
8990,5.995371146127582,0.7859969045966864,5.095045082271099,shared_2l_1pool
8991,6.017660954967141,0.7990719750523567,5.1102410070598125,shared_2l_1pool
8992,6.041585002094507,0.8089898619800806,5.123570095747709,shared_2l_1pool
8993,6.023351103067398,0.7918018382042646,5.122038070112467,shared_2l_1pool
8994,6.036104168742895,0.7983040995895863,5.129810888320208,shared_2l_1pool
8995,5.999968852847815,0.7755958940833807,5.1158389542251825,shared_2l_1pool
8996,5.986823933199048,0.786556163802743,5.091706989333034,shared_2l_1pool
8997,7.248267997056246,1.9926349632441998,5.124446004629135,shared_2l_1pool
8998,6.041035987436771,0.8092368952929974,5.123125156387687,shared_2l_1pool
8999,6.017060950398445,0.7825070060789585,5.126740084961057,shared_2l_1pool
9000,5.997836124151945,0.7867659442126751,5.105223972350359,shared_2l_1pool
9001,5.9988421853631735,0.7773111574351788,5.111295962706208,shared_2l_1pool
9002,5.9913890436291695,0.7876500021666288,5.097152898088098,shared_2l_1pool
9003,6.010345183312893,0.7908511906862259,5.109827965497971,shared_2l_1pool
9004,6.0198199935257435,0.8027688600122929,5.109145073220134,shared_2l_1pool
9005,5.9961918741464615,0.7915738970041275,5.099443020299077,shared_2l_1pool
9006,6.042637163773179,0.8013129699975252,5.131778074428439,shared_2l_1pool
9007,6.000504130497575,0.7970849983394146,5.094205029308796,shared_2l_1pool
9008,5.982793169096112,0.8320100605487823,5.043447948992252,shared_2l_1pool
9009,5.982809932902455,0.7992489263415337,5.079173017293215,shared_2l_1pool
9010,5.9915820602327585,0.7986149284988642,5.085574928671122,shared_2l_1pool
9011,5.997586064040661,0.7908130064606667,5.099034169688821,shared_2l_1pool
9012,5.991894984617829,0.7845079526305199,5.100399954244494,shared_2l_1pool
9013,7.275918032974005,2.005490940064192,5.146013107150793,shared_2l_1pool
9014,6.0166260227561,0.8288410026580095,5.078484071418643,shared_2l_1pool
9015,6.007154006510973,0.7935389876365662,5.107926903292537,shared_2l_1pool
9016,6.030044052749872,0.8006319403648376,5.12240594252944,shared_2l_1pool
9017,6.0464381240308285,0.8022179827094078,5.137679865583777,shared_2l_1pool
9018,5.994330160319805,0.7940938230603933,5.091281142085791,shared_2l_1pool
9019,6.0263690538704395,0.7934719324111938,5.125666037201881,shared_2l_1pool
9020,6.0019660741090775,0.8088890463113785,5.085841054096818,shared_2l_1pool
9021,6.002996116876602,0.8080031257122755,5.0881230272352695,shared_2l_1pool
9022,6.024933885782957,0.7974829059094191,5.115491105243564,shared_2l_1pool
9023,6.029619835317135,0.797447981312871,5.123669048771262,shared_2l_1pool
9024,6.061789812520146,0.8013788610696793,5.151910008862615,shared_2l_1pool
9025,5.994135979562998,0.788599019870162,5.096388049423695,shared_2l_1pool
9026,6.005145143717527,0.7913359440863132,5.102231865748763,shared_2l_1pool
9027,6.054521072655916,0.8144369348883629,5.128690041601658,shared_2l_1pool
9028,6.053304998204112,0.8082748390734196,5.13305002823472,shared_2l_1pool
9029,7.229350041598082,1.9707300234586,5.1278299652040005,shared_2l_1pool
9030,6.06568087823689,0.8580409921705723,5.09803113527596,shared_2l_1pool
9031,5.95417688600719,0.7955508772283792,5.047617945820093,shared_2l_1pool
9032,5.960100097581744,0.788919860497117,5.063232965767384,shared_2l_1pool
9033,6.045893998816609,0.8224400226026773,5.115392850711942,shared_2l_1pool
9034,5.977252032607794,0.7912309374660254,5.075047025457025,shared_2l_1pool
9035,5.985504947602749,0.8002710528671741,5.073500797152519,shared_2l_1pool
9036,6.009523058310151,0.7978479843586683,5.104775074869394,shared_2l_1pool
9037,5.965772084891796,0.7814830169081688,5.075262859463692,shared_2l_1pool
9038,5.956820212304592,0.7886339444667101,5.058096954599023,shared_2l_1pool
9039,6.020069122314453,0.8257320150732994,5.083438940346241,shared_2l_1pool
9040,6.007893942296505,0.8062301203608513,5.093269981443882,shared_2l_1pool
9041,6.014036945998669,0.8065029978752136,5.0988891161978245,shared_2l_1pool
9042,5.969527876004577,0.7847889792174101,5.0764859188348055,shared_2l_1pool
9043,5.95349189825356,0.8001739624887705,5.046115024015307,shared_2l_1pool
9044,5.968072917312384,0.7907731924206018,5.0707359332591295,shared_2l_1pool
9045,7.305694976821542,2.0155999809503555,5.164375063031912,shared_2l_1pool
9046,5.984884919598699,0.8109549526125193,5.063601071015,shared_2l_1pool
9047,5.933674052357674,0.7935238536447287,5.033507943153381,shared_2l_1pool
9048,5.972395883873105,0.8040659595280886,5.061452044174075,shared_2l_1pool
9049,6.034099962562323,0.8020559325814247,5.123866023495793,shared_2l_1pool
9050,6.003410089761019,0.7878649048507214,5.107283126562834,shared_2l_1pool
9051,5.972624057903886,0.7930330466479063,5.073955049738288,shared_2l_1pool
9052,5.989294964820147,0.7962980307638645,5.085091106593609,shared_2l_1pool
9053,5.991254933178425,0.7986461278051138,5.086763994768262,shared_2l_1pool
9054,5.955689819529653,0.7877000607550144,5.060372874140739,shared_2l_1pool
9055,5.957493092864752,0.8092070929706097,5.040818825364113,shared_2l_1pool
9056,5.98578411154449,0.7916619069874287,5.085356067866087,shared_2l_1pool
9057,6.0187820345163345,0.7811589166522026,5.13029214926064,shared_2l_1pool
9058,5.969994934275746,0.7842760533094406,5.077223991975188,shared_2l_1pool
9059,5.994283128529787,0.7914779707789421,5.0929749850183725,shared_2l_1pool
9060,6.015542894601822,0.804954906925559,5.105163203552365,shared_2l_1pool
9061,7.2411661967635155,2.0064811687916517,5.107683828100562,shared_2l_1pool
9062,5.947404075413942,0.8019409142434597,5.034979898482561,shared_2l_1pool
9063,5.986324977129698,0.7998559158295393,5.079034017398953,shared_2l_1pool
9064,5.978095810860395,0.8027730509638786,5.068487022072077,shared_2l_1pool
9065,5.9731388464570045,0.8110690396279097,5.055327899754047,shared_2l_1pool
9066,6.013629026710987,0.812112120911479,5.092025035992265,shared_2l_1pool
9067,5.980071146041155,0.807562842965126,5.063105141744018,shared_2l_1pool
9068,5.95677294768393,0.7957150228321552,5.053173052147031,shared_2l_1pool
9069,5.9591049794107676,0.781879061833024,5.0695419777184725,shared_2l_1pool
9070,5.983423907309771,0.7923939265310764,5.0812880508601665,shared_2l_1pool
9071,5.983850918710232,0.8163009770214558,5.061965202912688,shared_2l_1pool
9072,5.984304938465357,0.7915508467704058,5.0838051829487085,shared_2l_1pool
9073,5.90795511379838,0.7895729504525661,5.008264910429716,shared_2l_1pool
9074,5.902988836169243,0.7752170786261559,5.021893884986639,shared_2l_1pool
9075,5.932619096711278,0.7930169813334942,5.034566158428788,shared_2l_1pool
9076,5.908045917749405,0.7858381140977144,5.015342961996794,shared_2l_1pool
9077,7.244792068377137,1.9937530159950256,5.1216131541877985,shared_2l_1pool
9078,6.026875926181674,0.8500430267304182,5.06309699267149,shared_2l_1pool
9079,5.999978864565492,0.806302996352315,5.08438004180789,shared_2l_1pool
9080,6.00205478258431,0.8168600033968687,5.076465895399451,shared_2l_1pool
9081,5.959481932222843,0.8011781610548496,5.051241954788566,shared_2l_1pool
9082,6.026823073625565,0.815090024843812,5.101165967062116,shared_2l_1pool
9083,5.989301018416882,0.7984419353306293,5.083590047433972,shared_2l_1pool
9084,5.952928913757205,0.7996628992259502,5.045541096478701,shared_2l_1pool
9085,5.958870984613895,0.7923799566924572,5.062311189249158,shared_2l_1pool
9086,5.979929119348526,0.8073779754340649,5.064485128968954,shared_2l_1pool
9087,5.986049072816968,0.8039979729801416,5.073938053101301,shared_2l_1pool
9088,5.977011984214187,0.7935049943625927,5.070241168141365,shared_2l_1pool
9089,5.930091021582484,0.7889540866017342,5.034325877204537,shared_2l_1pool
9090,5.969638004899025,0.7894749287515879,5.071622086688876,shared_2l_1pool
9091,6.003195885568857,0.7987639401108027,5.097053945064545,shared_2l_1pool
9092,5.968444049358368,0.7997320499271154,5.061873933300376,shared_2l_1pool
9093,7.297964999452233,2.0107710734009743,5.161410896107554,shared_2l_1pool
9094,6.000621942803264,0.8174609392881393,5.073382053524256,shared_2l_1pool
9095,6.02505193091929,0.8130359929054976,5.102338967844844,shared_2l_1pool
9096,6.001903908327222,0.8094110526144505,5.084512056782842,shared_2l_1pool
9097,5.984487943351269,0.8246619254350662,5.051769083365798,shared_2l_1pool
9098,5.99923194386065,0.8212008979171515,5.0711180083453655,shared_2l_1pool
9099,6.004336988553405,0.799698056653142,5.096945911645889,shared_2l_1pool
9100,6.041530054062605,0.809971010312438,5.121198948472738,shared_2l_1pool
9101,5.976478103548288,0.8012971375137568,5.067432997748256,shared_2l_1pool
9102,5.993242841213942,0.8151261135935783,5.069386912509799,shared_2l_1pool
9103,5.983185023069382,0.7944710087031126,5.080356961116195,shared_2l_1pool
9104,5.990567849949002,0.8033239282667637,5.081315990537405,shared_2l_1pool
9105,6.027519004419446,0.8047940209507942,5.112654995173216,shared_2l_1pool
9106,5.974268075078726,0.8080941624939442,5.0558228977024555,shared_2l_1pool
9107,5.97615004517138,0.8072589989751577,5.060503957793117,shared_2l_1pool
9108,5.957499146461487,0.7896150927990675,5.061092786490917,shared_2l_1pool
9109,7.282680133357644,1.992735080420971,5.163202993571758,shared_2l_1pool
9110,6.018643034622073,0.8231471292674541,5.086439894512296,shared_2l_1pool
9111,6.006555166095495,0.8062408305704594,5.09203621186316,shared_2l_1pool
9112,6.027239141985774,0.8118429686874151,5.106244934722781,shared_2l_1pool
9113,6.009625969454646,0.7908858824521303,5.108799086883664,shared_2l_1pool
9114,6.027738098055124,0.8100809063762426,5.108233075588942,shared_2l_1pool
9115,6.022301036864519,0.7981618400663137,5.117098102346063,shared_2l_1pool
9116,6.028660107403994,0.8151079528033733,5.107447039335966,shared_2l_1pool
9117,6.021430948749185,0.7935811299830675,5.114307859912515,shared_2l_1pool
9118,6.000119028612971,0.7853091228753328,5.09782787412405,shared_2l_1pool
9119,5.996722029522061,0.7942588999867439,5.091650178655982,shared_2l_1pool
9120,5.96301001496613,0.7863449864089489,5.062817828729749,shared_2l_1pool
9121,6.000492023304105,0.7967699784785509,5.089656915515661,shared_2l_1pool
9122,5.997165106236935,0.7823910564184189,5.098816938698292,shared_2l_1pool
9123,6.003296002745628,0.795179046690464,5.094821797683835,shared_2l_1pool
9124,6.024144822731614,0.7968519348651171,5.118842935189605,shared_2l_1pool
9125,7.310947170481086,2.0127620082348585,5.1682619377970695,shared_2l_1pool
9126,6.0390569269657135,0.8092320058494806,5.1195151172578335,shared_2l_1pool
9127,6.035966100171208,0.8219021838158369,5.104027921333909,shared_2l_1pool
9128,6.048273062333465,0.8078920654952526,5.133099853992462,shared_2l_1pool
9129,6.063899956643581,0.8057029917836189,5.1502438727766275,shared_2l_1pool
9130,6.029046839103103,0.8012598846107721,5.119004985317588,shared_2l_1pool
9131,6.004727212712169,0.7912300061434507,5.105756921693683,shared_2l_1pool
9132,5.993548082187772,0.8002049289643764,5.086322082206607,shared_2l_1pool
9133,5.9990170411765575,0.8050950709730387,5.0876508466899395,shared_2l_1pool
9134,5.9781300369650126,0.7914281450212002,5.077563924714923,shared_2l_1pool
9135,6.035932106897235,0.8138290140777826,5.11504290625453,shared_2l_1pool
9136,6.014847895130515,0.8077151142060757,5.100705893710256,shared_2l_1pool
9137,5.986575037240982,0.7905098609626293,5.091913044452667,shared_2l_1pool
9138,6.012022960931063,0.7973869796842337,5.107063101604581,shared_2l_1pool
9139,6.020203931257129,0.813355902209878,5.098956171423197,shared_2l_1pool
9140,6.019488908350468,0.8229599334299564,5.0899970810860395,shared_2l_1pool
9141,7.276780204847455,2.0015540067106485,5.149245960637927,shared_2l_1pool
9142,6.008676951751113,0.7928619161248207,5.107348086312413,shared_2l_1pool
9143,6.007352145388722,0.7992950268089771,5.1025350112468,shared_2l_1pool
9144,5.983884911984205,0.7900029886513948,5.086489021778107,shared_2l_1pool
9145,6.0403470415622,0.8078829851001501,5.1248769741505384,shared_2l_1pool
9146,5.976499058306217,0.773819861933589,5.089744925498962,shared_2l_1pool
9147,6.0157920233905315,0.7929070852696896,5.115411011502147,shared_2l_1pool
9148,6.011567078530788,0.7939101196825504,5.110696889460087,shared_2l_1pool
9149,6.0419258661568165,0.8016298525035381,5.133650032803416,shared_2l_1pool
9150,6.049448857083917,0.8009129669517279,5.13972993940115,shared_2l_1pool
9151,6.035711150616407,0.8282691705971956,5.100008798763156,shared_2l_1pool
9152,5.992138059809804,0.8176779374480247,5.066500045359135,shared_2l_1pool
9153,5.972790997475386,0.7834599819034338,5.080570001155138,shared_2l_1pool
9154,6.032830802723765,0.799235887825489,5.122987087816,shared_2l_1pool
9155,6.012437166646123,0.8070350158959627,5.096473032608628,shared_2l_1pool
9156,6.009256932884455,0.7964740507304668,5.103988107293844,shared_2l_1pool
9157,7.260459940880537,2.0149019546806812,5.117078078910708,shared_2l_1pool
9158,6.011900957673788,0.82600605674088,5.073938984423876,shared_2l_1pool
9159,6.049283081665635,0.8222279138863087,5.113897146657109,shared_2l_1pool
9160,6.003265967592597,0.8264670614153147,5.067403893917799,shared_2l_1pool
9161,6.032733945176005,0.8176898118108511,5.106528056785464,shared_2l_1pool
9162,5.9787428472191095,0.7990039885044098,5.0718889106065035,shared_2l_1pool
9163,5.963766016066074,0.7938900962471962,5.060856929048896,shared_2l_1pool
9164,5.9847410302609205,0.8048280142247677,5.072247004136443,shared_2l_1pool
9165,5.997492931783199,0.8117291145026684,5.079004913568497,shared_2l_1pool
9166,5.999868037179112,0.8134171366691589,5.0780088640749454,shared_2l_1pool
9167,5.996763007715344,0.8078939281404018,5.07894903421402,shared_2l_1pool
9168,6.03994308039546,0.8221711032092571,5.109749035909772,shared_2l_1pool
9169,6.013490026816726,0.8029979653656483,5.102068185806274,shared_2l_1pool
9170,5.966220982372761,0.8213429246097803,5.036724032834172,shared_2l_1pool
9171,5.973044084385037,0.8087169844657183,5.053598899394274,shared_2l_1pool
9172,5.993805127218366,0.804404029622674,5.082188872620463,shared_2l_1pool
9173,7.266436005011201,2.011643024161458,5.127347074449062,shared_2l_1pool
9174,6.06415094807744,0.8259669411927462,5.128504009917378,shared_2l_1pool
9175,6.028147879987955,0.8015378843992949,5.117228953167796,shared_2l_1pool
9176,6.0751240234822035,0.8666650392115116,5.100423004478216,shared_2l_1pool
9177,5.970628000795841,0.7962340023368597,5.068520084023476,shared_2l_1pool
9178,5.997864063829184,0.7925280369818211,5.096978973597288,shared_2l_1pool
9179,5.987723125144839,0.8215890266001225,5.059276008978486,shared_2l_1pool
9180,5.991715006530285,0.7861210033297539,5.098514026030898,shared_2l_1pool
9181,5.9773719403892756,0.8112241048365831,5.059896036982536,shared_2l_1pool
9182,5.970841972157359,0.7780450396239758,5.080265924334526,shared_2l_1pool
9183,5.966080818325281,0.8015248458832502,5.0534161273390055,shared_2l_1pool
9184,5.974174942821264,0.779659952968359,5.087430123239756,shared_2l_1pool
9185,6.017662119120359,0.811294186860323,5.101954797282815,shared_2l_1pool
9186,6.034479010850191,0.8167710620909929,5.109345773234963,shared_2l_1pool
9187,6.005056900903583,0.7998170331120491,5.094269989058375,shared_2l_1pool
9188,6.016761064529419,0.8051709737628698,5.102100083604455,shared_2l_1pool
9189,7.151832105591893,2.0161359570920467,5.007877014577389,shared_2l_1pool
9190,5.8954518754035234,0.8283089846372604,4.959339974448085,shared_2l_1pool
9191,5.8881251607090235,0.813082093372941,4.9622689839452505,shared_2l_1pool
9192,5.921125877648592,0.7969520520418882,5.0108530558645725,shared_2l_1pool
9193,5.915930029004812,0.8061130065470934,5.001483019441366,shared_2l_1pool
9194,5.923987831920385,0.8022880647331476,5.015887087211013,shared_2l_1pool
9195,5.910299019888043,0.7989900186657906,5.002318182960153,shared_2l_1pool
9196,5.871303146705031,0.8070331532508135,4.956029821187258,shared_2l_1pool
9197,5.847456166520715,0.8007208816707134,4.938218975439668,shared_2l_1pool
9198,5.888151936233044,0.8046170696616173,4.973911913111806,shared_2l_1pool
9199,5.865662125870585,0.8034780621528625,4.955073120072484,shared_2l_1pool
9200,5.873549031093717,0.7974421605467796,4.969701869413257,shared_2l_1pool
9201,5.884838989004493,0.8233310654759407,4.949165973812342,shared_2l_1pool
9202,5.901830969378352,0.7995360065251589,4.997320007532835,shared_2l_1pool
9203,5.853964947164059,0.7928048726171255,4.953803028911352,shared_2l_1pool
9204,5.897216033190489,0.8185110054910183,4.966964945197105,shared_2l_1pool
9205,7.34928110614419,2.018033992499113,5.199118983000517,shared_2l_1pool
9206,6.053456105291843,0.8160218130797148,5.126822041347623,shared_2l_1pool
9207,6.054478930309415,0.7978619541972876,5.145893897861242,shared_2l_1pool
9208,6.034919060766697,0.7956218905746937,5.1287999376654625,shared_2l_1pool
9209,6.058410042896867,0.7978500798344612,5.152097903192043,shared_2l_1pool
9210,6.065006833523512,0.8026920258998871,5.153242964297533,shared_2l_1pool
9211,6.047951988875866,0.8260880131274462,5.113362101837993,shared_2l_1pool
9212,6.056837039068341,0.8037190418690443,5.143976071849465,shared_2l_1pool
9213,6.020097061991692,0.7995590567588806,5.111480830237269,shared_2l_1pool
9214,6.035869941115379,0.8004680275917053,5.126205971464515,shared_2l_1pool
9215,6.052728043869138,0.807546079158783,5.137077067047358,shared_2l_1pool
9216,6.012937985360622,0.8048999588936567,5.102053051814437,shared_2l_1pool
9217,6.031712982803583,0.7885380182415247,5.133777856826782,shared_2l_1pool
9218,6.027020048350096,0.7863768842071295,5.1327841356396675,shared_2l_1pool
9219,6.024036090821028,0.7884588558226824,5.128512158989906,shared_2l_1pool
9220,6.053437013179064,0.794725026935339,5.151282995939255,shared_2l_1pool
9221,7.384477183222771,1.9991379231214523,5.255244905129075,shared_2l_1pool
9222,6.10106997191906,0.8175249677151442,5.174071062356234,shared_2l_1pool
9223,6.106387125328183,0.810406869277358,5.18659595400095,shared_2l_1pool
9224,6.06614607386291,0.7964090909808874,5.160312866792083,shared_2l_1pool
9225,6.107109133154154,0.8049309253692627,5.194392055273056,shared_2l_1pool
9226,6.0941490810364485,0.808771001175046,5.178022896870971,shared_2l_1pool
9227,6.058835191652179,0.8105309680104256,5.141488974913955,shared_2l_1pool
9228,6.070376140996814,0.7935860194265842,5.170693853870034,shared_2l_1pool
9229,6.115512922406197,0.8302938658744097,5.177895072847605,shared_2l_1pool
9230,6.076735910028219,0.7969778962433338,5.173944169655442,shared_2l_1pool
9231,6.085058907046914,0.8041670080274343,5.173112964257598,shared_2l_1pool
9232,6.087094079703093,0.7822751067578793,5.197725957259536,shared_2l_1pool
9233,6.135578965768218,0.8082441054284573,5.220895865932107,shared_2l_1pool
9234,6.117176031693816,0.7912029977887869,5.219222046434879,shared_2l_1pool
9235,6.108804140239954,0.7976607885211706,5.203401204198599,shared_2l_1pool
9236,6.095720920711756,0.8086469024419785,5.178601015359163,shared_2l_1pool
9237,7.416066015139222,2.0259369630366564,5.261471960693598,shared_2l_1pool
9238,6.145545048639178,0.825229799374938,5.209779134020209,shared_2l_1pool
9239,6.1168919783085585,0.8310298435389996,5.179529078304768,shared_2l_1pool
9240,6.104170111939311,0.832023099064827,5.1650009118020535,shared_2l_1pool
9241,6.110189016908407,0.8155989926308393,5.18914102576673,shared_2l_1pool
9242,6.107117049396038,0.8173841051757336,5.180039908736944,shared_2l_1pool
9243,6.115474039688706,0.8034808561205864,5.203861044719815,shared_2l_1pool
9244,6.097411969676614,0.8106671739369631,5.177144892513752,shared_2l_1pool
9245,6.09763409011066,0.7999979425221682,5.189952906221151,shared_2l_1pool
9246,6.109689129516482,0.8041409309953451,5.195652134716511,shared_2l_1pool
9247,6.087323883548379,0.8178171701729298,5.161362001672387,shared_2l_1pool
9248,6.068452959880233,0.8017208892852068,5.160425091162324,shared_2l_1pool
9249,6.086560897529125,0.8128010667860508,5.165345035493374,shared_2l_1pool
9250,6.11629500053823,0.8207131177186966,5.1869109738618135,shared_2l_1pool
9251,6.078433943912387,0.8259580936282873,5.143981892615557,shared_2l_1pool
9252,6.070784060284495,0.7928390987217426,5.16900303773582,shared_2l_1pool
9253,7.735226070508361,2.366399858146906,5.235570017248392,shared_2l_1pool
9254,6.13650307059288,0.8376049809157848,5.186092108488083,shared_2l_1pool
9255,6.127509055659175,0.8213759865611792,5.198042839765549,shared_2l_1pool
9256,6.129842950031161,0.8332252036780119,5.188752897083759,shared_2l_1pool
9257,6.105939857661724,0.8045390713959932,5.18834893591702,shared_2l_1pool
9258,6.107446039095521,0.8138129487633705,5.18429116345942,shared_2l_1pool
9259,6.113874958828092,0.8040741086006165,5.19994180649519,shared_2l_1pool
9260,6.092743948101997,0.8090469054877758,5.17630809918046,shared_2l_1pool
9261,6.106195971369743,0.8023520931601524,5.193687044084072,shared_2l_1pool
9262,6.103358929976821,0.8146918844431639,5.181214073672891,shared_2l_1pool
9263,6.072059040889144,0.8039099629968405,5.159871187061071,shared_2l_1pool
9264,6.111675873398781,0.8063018321990967,5.196055164560676,shared_2l_1pool
9265,6.099990103393793,0.810001976788044,5.182221997529268,shared_2l_1pool
9266,6.107730092480779,0.810735858976841,5.1869230810552835,shared_2l_1pool
9267,6.116857985034585,0.8106569293886423,5.1975620444864035,shared_2l_1pool
9268,6.0841720551252365,0.7995110936462879,5.1747087854892015,shared_2l_1pool
9269,7.458863081410527,2.0787441171705723,5.25083183310926,shared_2l_1pool
9270,6.129907909780741,0.8410729933530092,5.179370986297727,shared_2l_1pool
9271,6.1356620863080025,0.8176211267709732,5.207279929891229,shared_2l_1pool
9272,6.134008057415485,0.8252630941569805,5.202530883252621,shared_2l_1pool
9273,6.115901982411742,0.8136250544339418,5.193263990804553,shared_2l_1pool
9274,6.125049199908972,0.80917589366436,5.207860143855214,shared_2l_1pool
9275,6.106222979724407,0.8195869158953428,5.178519058972597,shared_2l_1pool
9276,6.124183069914579,0.7951508741825819,5.21860015578568,shared_2l_1pool
9277,6.059360923245549,0.811540987342596,5.140068009495735,shared_2l_1pool
9278,6.097805919125676,0.8105598390102386,5.180340027436614,shared_2l_1pool
9279,6.066038040444255,0.7882008794695139,5.169218173250556,shared_2l_1pool
9280,6.099120015278459,0.8146341424435377,5.174218909814954,shared_2l_1pool
9281,6.133039947599173,0.8136988617479801,5.203392123803496,shared_2l_1pool
9282,6.102662067860365,0.7987441495060921,5.194809986278415,shared_2l_1pool
9283,6.092035910114646,0.790921039879322,5.192287964746356,shared_2l_1pool
9284,6.117908051237464,0.8091540075838566,5.19883306697011,shared_2l_1pool
9285,7.382065057754517,2.0185960456728935,5.232908064499497,shared_2l_1pool
9286,6.080469116568565,0.8259469177573919,5.144257098436356,shared_2l_1pool
9287,6.15948298946023,0.8295830339193344,5.224630935117602,shared_2l_1pool
9288,6.077921949326992,0.8034429047256708,5.165142007172108,shared_2l_1pool
9289,6.096065044403076,0.8073970675468445,5.180017091333866,shared_2l_1pool
9290,6.0854710172861814,0.8263441268354654,5.1516720559448,shared_2l_1pool
9291,6.077701924368739,0.8041439577937126,5.166883114725351,shared_2l_1pool
9292,6.075344979763031,0.801389105618,5.166046088561416,shared_2l_1pool
9293,6.102843908593059,0.8134678937494755,5.182882072404027,shared_2l_1pool
9294,6.081742001697421,0.828129006549716,5.145316943526268,shared_2l_1pool
9295,6.060219136998057,0.8196290582418442,5.133931990712881,shared_2l_1pool
9296,6.082345033064485,0.8056059014052153,5.170233082026243,shared_2l_1pool
9297,6.090501789003611,0.8150208741426468,5.166495917364955,shared_2l_1pool
9298,6.098221987485886,0.8071099873632193,5.17877796664834,shared_2l_1pool
9299,6.088400026783347,0.8035190403461456,5.176252918317914,shared_2l_1pool
9300,6.097001023590565,0.8059099782258272,5.185476969927549,shared_2l_1pool
9301,7.436630083248019,2.0611269865185022,5.240084137767553,shared_2l_1pool
9302,6.143955979496241,0.8470830507576466,5.183671833947301,shared_2l_1pool
9303,6.102717947214842,0.8243389893323183,5.166561109945178,shared_2l_1pool
9304,6.094694137573242,0.8095121011137962,5.180717911571264,shared_2l_1pool
9305,6.105859065428376,0.8060580585151911,5.190820898860693,shared_2l_1pool
9306,6.084549007937312,0.8024601265788078,5.173774901777506,shared_2l_1pool
9307,6.110046990215778,0.8281951304525137,5.174071062356234,shared_2l_1pool
9308,6.090872921049595,0.8086140733212233,5.173587938770652,shared_2l_1pool
9309,6.1038099229335785,0.8233280386775732,5.174832884222269,shared_2l_1pool
9310,6.105962907895446,0.8188888896256685,5.178661085665226,shared_2l_1pool
9311,6.059923907741904,0.8296340238302946,5.1224371418356895,shared_2l_1pool
9312,6.070030853152275,0.8100450504571199,5.1551759243011475,shared_2l_1pool
9313,6.068200105801225,0.7883349899202585,5.174119956791401,shared_2l_1pool
9314,6.108461180701852,0.8176539558917284,5.178936989977956,shared_2l_1pool
9315,6.079331040382385,0.8002941031008959,5.172697827219963,shared_2l_1pool
9316,6.063749082386494,0.8131819777190685,5.142071051523089,shared_2l_1pool
9317,7.358036004006863,2.007046015933156,5.2208988927304745,shared_2l_1pool
9318,6.133079994469881,0.8328831754624844,5.188314011320472,shared_2l_1pool
9319,6.113142007961869,0.8249841630458832,5.180264823138714,shared_2l_1pool
9320,6.073297001421452,0.8200791198760271,5.1449500024318695,shared_2l_1pool
9321,6.106482120230794,0.7961089722812176,5.193190881982446,shared_2l_1pool
9322,6.095572141930461,0.8068040478974581,5.1792708691209555,shared_2l_1pool
9323,6.068958202376962,0.8164828177541494,5.141630070284009,shared_2l_1pool
9324,6.089796079322696,0.818104948848486,5.162690067663789,shared_2l_1pool
9325,6.067691138014197,0.8028319571167231,5.155956139788032,shared_2l_1pool
9326,6.094938842579722,0.8128928020596504,5.172559060156345,shared_2l_1pool
9327,6.103115156292915,0.8152069058269262,5.1812168676406145,shared_2l_1pool
9328,6.053072866052389,0.8106471505016088,5.132036982104182,shared_2l_1pool
9329,6.093192147091031,0.8113509975373745,5.17305894754827,shared_2l_1pool
9330,6.096123019233346,0.7925080135464668,5.195920122787356,shared_2l_1pool
9331,6.095755146816373,0.8082839194685221,5.179540021345019,shared_2l_1pool
9332,6.105693057179451,0.8062871638685465,5.188697949051857,shared_2l_1pool
9333,7.393257226794958,2.02064192853868,5.24377403780818,shared_2l_1pool
9334,6.0890731401741505,0.8214660920202732,5.1546969916671515,shared_2l_1pool
9335,6.093945121392608,0.8281138725578785,5.155224120244384,shared_2l_1pool
9336,6.108890986070037,0.8239760063588619,5.176894133910537,shared_2l_1pool
9337,6.054083118215203,0.8232721593230963,5.124692805111408,shared_2l_1pool
9338,6.060918793082237,0.8221210446208715,5.130605073645711,shared_2l_1pool
9339,6.120263831689954,0.8254610002040863,5.183356115594506,shared_2l_1pool
9340,6.074798991903663,0.8145240135490894,5.148187978193164,shared_2l_1pool
9341,6.0842090751975775,0.7924179080873728,5.1819500513374805,shared_2l_1pool
9342,6.091832183301449,0.8160900324583054,5.163579946383834,shared_2l_1pool
9343,6.095176097005606,0.8259329479187727,5.16174198128283,shared_2l_1pool
9344,6.065135821700096,0.8010889869183302,5.156060913577676,shared_2l_1pool
9345,6.09609903767705,0.8217759896069765,5.167217925190926,shared_2l_1pool
9346,6.089620990678668,0.8225578349083662,5.15949004329741,shared_2l_1pool
9347,6.093202857300639,0.8230339735746384,5.163365043699741,shared_2l_1pool
9348,6.102105136960745,0.8090508636087179,5.183795001357794,shared_2l_1pool
9349,7.398471003398299,2.0196230616420507,5.249864887446165,shared_2l_1pool
9350,6.120339967310429,0.8362049702554941,5.170539952814579,shared_2l_1pool
9351,6.070710020139813,0.836396124213934,5.1266357768327,shared_2l_1pool
9352,6.08453992754221,0.8180879522114992,5.155880935490131,shared_2l_1pool
9353,6.112819071859121,0.8015811908990145,5.201117834076285,shared_2l_1pool
9354,6.09240704216063,0.8171859662979841,5.165528040379286,shared_2l_1pool
9355,6.065275985747576,0.7863021455705166,5.171679891645908,shared_2l_1pool
9356,6.0842931270599365,0.7955140899866819,5.1790098659694195,shared_2l_1pool
9357,6.121646845713258,0.8701637852936983,5.1462240517139435,shared_2l_1pool
9358,6.100113969296217,0.8284368086606264,5.164959002286196,shared_2l_1pool
9359,6.08302908949554,0.8068259339779615,5.172592122107744,shared_2l_1pool
9360,6.055238889530301,0.8049348834902048,5.1417730282992125,shared_2l_1pool
9361,6.084064953029156,0.7930737920105457,5.183521192520857,shared_2l_1pool
9362,6.045355927199125,0.8042971603572369,5.133278900757432,shared_2l_1pool
9363,6.076331017538905,0.8068280294537544,5.163849098607898,shared_2l_1pool
9364,6.058070110157132,0.8054429199546576,5.147633142769337,shared_2l_1pool
9365,7.374401902779937,2.014573896303773,5.228780210018158,shared_2l_1pool
9366,6.149203982204199,0.8430471643805504,5.19225699827075,shared_2l_1pool
9367,6.1333870980888605,0.841488828882575,5.181406158953905,shared_2l_1pool
9368,6.087057059630752,0.8174160029739141,5.162991816177964,shared_2l_1pool
9369,6.109173875302076,0.8248521480709314,5.1770738791674376,shared_2l_1pool
9370,6.089890142902732,0.8268069941550493,5.157150095328689,shared_2l_1pool
9371,6.107024848461151,0.8170399814844131,5.1833270117640495,shared_2l_1pool
9372,6.109190871939063,0.8126948960125446,5.18887909129262,shared_2l_1pool
9373,6.072973133996129,0.803499948233366,5.161423934623599,shared_2l_1pool
9374,6.051013013347983,0.8062799461185932,5.139602115377784,shared_2l_1pool
9375,6.12177699804306,0.8315281011164188,5.179089028388262,shared_2l_1pool
9376,6.092142080888152,0.8137291297316551,5.172024015337229,shared_2l_1pool
9377,6.092089926823974,0.7874418515712023,5.198715021833777,shared_2l_1pool
9378,6.100144935771823,0.8097670506685972,5.1824478432536125,shared_2l_1pool
9379,6.1174549628049135,0.8428848814219236,5.169104086235166,shared_2l_1pool
9380,6.081457016989589,0.8209219668060541,5.15490397810936,shared_2l_1pool
9381,7.332236971706152,1.9930920097976923,5.212109070271254,shared_2l_1pool
9382,6.147086853161454,0.8295050356537104,5.204124841839075,shared_2l_1pool
9383,6.170187843963504,0.8261159528046846,5.237468983978033,shared_2l_1pool
9384,6.122575839981437,0.8290058467537165,5.18394005484879,shared_2l_1pool
9385,6.085617933422327,0.8213198743760586,5.158368032425642,shared_2l_1pool
9386,6.0768581461161375,0.8083060383796692,5.16258692368865,shared_2l_1pool
9387,6.075184093788266,0.8302829228341579,5.138485925272107,shared_2l_1pool
9388,6.087657064199448,0.8139570709317923,5.166657967492938,shared_2l_1pool
9389,6.065920926630497,0.8142180740833282,5.144512979313731,shared_2l_1pool
9390,6.082442123442888,0.8001320529729128,5.174086894840002,shared_2l_1pool
9391,6.068576825782657,0.7991211023181677,5.162058863788843,shared_2l_1pool
9392,6.100643891841173,0.8058110252022743,5.180640146136284,shared_2l_1pool
9393,6.102340994402766,0.8001939859241247,5.193897057324648,shared_2l_1pool
9394,6.11476693302393,0.8164560422301292,5.191913107410073,shared_2l_1pool
9395,6.0793450102210045,0.8142078295350075,5.158073036000133,shared_2l_1pool
9396,6.074688164517283,0.7859589532017708,5.1837770733982325,shared_2l_1pool
9397,7.421443937346339,2.0401738584041595,5.253599025309086,shared_2l_1pool
9398,6.168966880068183,0.8392990566790104,5.213232943788171,shared_2l_1pool
9399,6.118170917034149,0.8239289745688438,5.189122864976525,shared_2l_1pool
9400,6.114960880950093,0.8122660219669342,5.1957289688289165,shared_2l_1pool
9401,6.0931239277124405,0.8206239435821772,5.166596034541726,shared_2l_1pool
9402,6.108755012974143,0.8121300488710403,5.1875298377126455,shared_2l_1pool
9403,6.0967321041971445,0.8063460700213909,5.183802917599678,shared_2l_1pool
9404,6.104293977841735,0.8172090165317059,5.180951906368136,shared_2l_1pool
9405,6.093675037845969,0.8018978405743837,5.185062997043133,shared_2l_1pool
9406,6.103074876591563,0.8153188973665237,5.181479034945369,shared_2l_1pool
9407,6.0856950003653765,0.8005148265510798,5.174074089154601,shared_2l_1pool
9408,6.096611963585019,0.8261559996753931,5.162099841982126,shared_2l_1pool
9409,6.098780082538724,0.8294919971376657,5.161493085324764,shared_2l_1pool
9410,6.070995004847646,0.8134171366691589,5.148365860804915,shared_2l_1pool
9411,6.042621098458767,0.7788578514009714,5.155296064913273,shared_2l_1pool
9412,6.08295202255249,0.8063709829002619,5.1669280510395765,shared_2l_1pool
9413,7.44159403257072,2.062707906588912,5.2527261432260275,shared_2l_1pool
9414,6.11878396011889,0.830519013106823,5.180850857868791,shared_2l_1pool
9415,6.139185978099704,0.8221019525080919,5.204968154430389,shared_2l_1pool
9416,6.081267027184367,0.8252609986811876,5.150505108758807,shared_2l_1pool
9417,6.101056933403015,0.8219750598073006,5.171289900317788,shared_2l_1pool
9418,6.069649010896683,0.8048571180552244,5.158117972314358,shared_2l_1pool
9419,6.092360010370612,0.8130799978971481,5.1722959615290165,shared_2l_1pool
9420,6.106640910729766,0.8212500251829624,5.178018938750029,shared_2l_1pool
9421,6.095389137044549,0.813131220638752,5.175575846806169,shared_2l_1pool
9422,6.1030208598822355,0.8270968683063984,5.167759023606777,shared_2l_1pool
9423,6.077993893995881,0.8249080274254084,5.1447139121592045,shared_2l_1pool
9424,6.125197047367692,0.8654771372675896,5.145926959812641,shared_2l_1pool
9425,6.120380014181137,0.8305709343403578,5.182110937312245,shared_2l_1pool
9426,6.051630945876241,0.8107949979603291,5.132467951625586,shared_2l_1pool
9427,6.064486922696233,0.785052077844739,5.170520860701799,shared_2l_1pool
9428,6.10241899266839,0.8298889733850956,5.163262132555246,shared_2l_1pool
9429,7.371160900220275,2.027972135692835,5.21766790188849,shared_2l_1pool
9430,6.113393930718303,0.8310358971357346,5.168534116819501,shared_2l_1pool
9431,6.151039153337479,0.8663029875606298,5.167783936485648,shared_2l_1pool
9432,6.061744876205921,0.8106760215014219,5.142235895618796,shared_2l_1pool
9433,6.116284057497978,0.828445190563798,5.180632928386331,shared_2l_1pool
9434,6.091792834922671,0.8163719903677702,5.168003961443901,shared_2l_1pool
9435,6.099464138969779,0.8214828558266163,5.169715033844113,shared_2l_1pool
9436,6.089436123147607,0.8247988298535347,5.153896054252982,shared_2l_1pool
9437,6.110348040238023,0.825278926640749,5.1726719830185175,shared_2l_1pool
9438,6.108161062002182,0.8314989972859621,5.16162789426744,shared_2l_1pool
9439,6.161445984616876,0.8681910112500191,5.163653986528516,shared_2l_1pool
9440,6.132900947704911,0.8500150870531797,5.166166927665472,shared_2l_1pool
9441,6.166422041133046,0.8559040725231171,5.193775054067373,shared_2l_1pool
9442,6.128208013251424,0.8331171702593565,5.185748916119337,shared_2l_1pool
9443,6.074900971725583,0.8330270648002625,5.13029913417995,shared_2l_1pool
9444,6.086451932787895,0.825176015496254,5.150913028046489,shared_2l_1pool
9445,7.264537969604135,2.06327298656106,5.072855157777667,shared_2l_1pool
9446,6.025162059813738,0.8338240440934896,5.078755086287856,shared_2l_1pool
9447,5.968523910269141,0.8410171139985323,5.018264055252075,shared_2l_1pool
9448,5.964735988527536,0.8257718291133642,5.03014400601387,shared_2l_1pool
9449,5.962014896795154,0.821263063699007,5.03263296559453,shared_2l_1pool
9450,5.9074589516967535,0.8303839713335037,4.968390101566911,shared_2l_1pool
9451,6.0779619961977005,0.8289420511573553,5.0405580550432205,shared_2l_1pool
9452,6.017083069309592,0.8714410942047834,5.034500965848565,shared_2l_1pool
9453,5.981894908472896,0.8451018948107958,5.029101157560945,shared_2l_1pool
9454,6.053453078493476,0.8802420925348997,5.0625058356672525,shared_2l_1pool
9455,5.988674936816096,0.8148238994181156,5.06161293014884,shared_2l_1pool
9456,5.996317137032747,0.8636948186904192,5.024761194363236,shared_2l_1pool
9457,5.959032103419304,0.8307201787829399,5.016713868826628,shared_2l_1pool
9458,5.938318092375994,0.8231871761381626,5.006405990570784,shared_2l_1pool
9459,6.013429956510663,0.8248190861195326,5.081268027424812,shared_2l_1pool
9460,5.982247181236744,0.8257292211055756,5.044483812525868,shared_2l_1pool
9461,7.434488972648978,2.0536198280751705,5.240279017016292,shared_2l_1pool
9462,6.1618429608643055,0.8540409617125988,5.196867976337671,shared_2l_1pool
9463,6.169172003865242,0.8501540869474411,5.206956993788481,shared_2l_1pool
9464,6.16836897097528,0.854983925819397,5.203889915719628,shared_2l_1pool
9465,6.089241011068225,0.8252188563346863,5.156578030437231,shared_2l_1pool
9466,6.1448130290955305,0.8255720604211092,5.209224997088313,shared_2l_1pool
9467,6.132012931630015,0.8357360493391752,5.186310037970543,shared_2l_1pool
9468,6.152608897536993,0.8396480698138475,5.2065139170736074,shared_2l_1pool
9469,6.092306924983859,0.8243490010499954,5.162826040759683,shared_2l_1pool
9470,6.110470974817872,0.8242449257522821,5.178231978788972,shared_2l_1pool
9471,6.100682076066732,0.8269429672509432,5.168003961443901,shared_2l_1pool
9472,6.132792914286256,0.8297269232571125,5.19702211022377,shared_2l_1pool
9473,6.088377209380269,0.7995208725333214,5.1823139656335115,shared_2l_1pool
9474,6.123788887634873,0.8844491094350815,5.130999023094773,shared_2l_1pool
9475,6.076928926631808,0.8115870878100395,5.159117979928851,shared_2l_1pool
9476,6.089081056416035,0.8161000441759825,5.167389987036586,shared_2l_1pool
9477,7.383635034784675,2.0209841895848513,5.2345190197229385,shared_2l_1pool
9478,6.190305110067129,0.8389209397137165,5.241865990683436,shared_2l_1pool
9479,6.171796005219221,0.8439649827778339,5.217362893745303,shared_2l_1pool
9480,6.175267975777388,0.8218800649046898,5.243943072855473,shared_2l_1pool
9481,6.138026947155595,0.8321302011609077,5.19574386999011,shared_2l_1pool
9482,6.16081990301609,0.842066016048193,5.209184950217605,shared_2l_1pool
9483,6.1434118542820215,0.8289460092782974,5.20769483409822,shared_2l_1pool
9484,6.169464904814959,0.8349560666829348,5.2270060405135155,shared_2l_1pool
9485,6.200318923220038,0.8485149592161179,5.239688092842698,shared_2l_1pool
9486,6.149667082354426,0.8159661665558815,5.227903835475445,shared_2l_1pool
9487,6.1357528902590275,0.8222309406846762,5.208617076277733,shared_2l_1pool
9488,6.121415877714753,0.8393409661948681,5.176434991881251,shared_2l_1pool
9489,6.1368069145828485,0.8249459788203239,5.205884110182524,shared_2l_1pool
9490,6.162375910207629,0.8175061084330082,5.2378810942173,shared_2l_1pool
9491,6.153313908725977,0.8317430038005114,5.214288830757141,shared_2l_1pool
9492,6.17022393271327,0.8171109948307276,5.2361381240189075,shared_2l_1pool
9493,7.448266027495265,2.0315879955887794,5.289579043164849,shared_2l_1pool
9494,6.1807960737496614,0.846032053232193,5.22366794757545,shared_2l_1pool
9495,6.129465065896511,0.8152609225362539,5.205980967730284,shared_2l_1pool
9496,6.167597137391567,0.8346880786120892,5.226573906838894,shared_2l_1pool
9497,6.184111116454005,0.8376429323107004,5.238124867901206,shared_2l_1pool
9498,6.154587026685476,0.8251909166574478,5.223151063546538,shared_2l_1pool
9499,6.056803977116942,0.8161440491676331,5.134613951668143,shared_2l_1pool
9500,6.0953740030527115,0.8282451890408993,5.16178784891963,shared_2l_1pool
9501,6.146287079900503,0.8323329966515303,5.206574918702245,shared_2l_1pool
9502,6.138980854302645,0.8337951730936766,5.2001578733325005,shared_2l_1pool
9503,6.121730897575617,0.8197340648621321,5.1941960118710995,shared_2l_1pool
9504,6.1038529966026545,0.8218619041144848,5.174525082111359,shared_2l_1pool
9505,6.102727027609944,0.7949038408696651,5.189127055928111,shared_2l_1pool
9506,6.123437080532312,0.8499419782310724,5.1644230261445045,shared_2l_1pool
9507,6.157855968922377,0.8288121316581964,5.220626946538687,shared_2l_1pool
9508,6.16141501814127,0.8278749883174896,5.218522157520056,shared_2l_1pool
9509,7.436957210302353,2.0314420107752085,5.277614109218121,shared_2l_1pool
9510,6.168882828205824,0.8395209442824125,5.219238111749291,shared_2l_1pool
9511,6.169929867610335,0.8416168857365847,5.218847189098597,shared_2l_1pool
9512,6.145507097244263,0.8395211771130562,5.192052805796266,shared_2l_1pool
9513,6.126913940533996,0.8352580480277538,5.18060801550746,shared_2l_1pool
9514,6.100027123466134,0.8224749471992254,5.170784890651703,shared_2l_1pool
9515,6.127845961600542,0.8300971239805222,5.179044790565968,shared_2l_1pool
9516,6.125939078629017,0.8274060674011707,5.18984510563314,shared_2l_1pool
9517,6.116067990660667,0.8125258609652519,5.197958089411259,shared_2l_1pool
9518,6.047100992873311,0.8076890371739864,5.1315228920429945,shared_2l_1pool
9519,6.160541903227568,0.8331758435815573,5.220594117417932,shared_2l_1pool
9520,6.127587985247374,0.8289420511573553,5.190300988033414,shared_2l_1pool
9521,6.180693861097097,0.8513671346008778,5.221261875703931,shared_2l_1pool
9522,6.100083002820611,0.8209708612412214,5.172000033780932,shared_2l_1pool
9523,6.178019102662802,0.8503340650349855,5.21529302932322,shared_2l_1pool
9524,6.147311069071293,0.8326589595526457,5.2085870411247015,shared_2l_1pool
9525,7.409038953483105,2.03712098300457,5.2446790505200624,shared_2l_1pool
9526,6.125885993242264,0.8565059397369623,5.161002045497298,shared_2l_1pool
9527,6.101969862356782,0.8309220429509878,5.160825094208121,shared_2l_1pool
9528,6.130078108981252,0.8821089286357164,5.13697019778192,shared_2l_1pool
9529,6.0733649879693985,0.8135109674185514,5.150555167347193,shared_2l_1pool
9530,6.119519006460905,0.8295860607177019,5.18166390247643,shared_2l_1pool
9531,6.067568901926279,0.8312370628118515,5.12773497030139,shared_2l_1pool
9532,6.075454177334905,0.8216069545596838,5.142736015841365,shared_2l_1pool
9533,6.141458172351122,0.8288028184324503,5.203878041356802,shared_2l_1pool
9534,6.1306580901145935,0.8317749015986919,5.188324023038149,shared_2l_1pool
9535,6.117646815255284,0.8487410377711058,5.160760134458542,shared_2l_1pool
9536,6.122054066509008,0.8156700059771538,5.199352977797389,shared_2l_1pool
9537,6.11495110206306,0.8120008278638124,5.1960330456495285,shared_2l_1pool
9538,6.043617846444249,0.8061539847403765,5.130206001922488,shared_2l_1pool
9539,6.121413083747029,0.8206311613321304,5.192316835746169,shared_2l_1pool
9540,6.080530816689134,0.8197100833058357,5.153996869921684,shared_2l_1pool
9541,7.398209068924189,2.023806096985936,5.2489780355244875,shared_2l_1pool
9542,6.150993052870035,0.8501559495925903,5.191166885197163,shared_2l_1pool
9543,6.1583861242979765,0.8617930579930544,5.183680914342403,shared_2l_1pool
9544,6.158397998660803,0.8289129473268986,5.222100997343659,shared_2l_1pool
9545,6.147860083729029,0.8317241445183754,5.205916939303279,shared_2l_1pool
9546,6.137016927823424,0.8346340619027615,5.194119876250625,shared_2l_1pool
9547,6.166047882288694,0.8275608997792006,5.230113165453076,shared_2l_1pool
9548,6.168394116684794,0.8516348898410797,5.208267131820321,shared_2l_1pool
9549,6.081803003326058,0.8141240105032921,5.159811116755009,shared_2l_1pool
9550,6.105462089180946,0.8151140064001083,5.176485050469637,shared_2l_1pool
9551,6.170823005959392,0.8285557851195335,5.234832176938653,shared_2l_1pool
9552,6.1446079052984715,0.8373849559575319,5.200341111049056,shared_2l_1pool
9553,6.122468039393425,0.8223119657486677,5.191998090595007,shared_2l_1pool
9554,6.093028001487255,0.8361057844012976,5.149313015863299,shared_2l_1pool
9555,6.095916964113712,0.8235119748860598,5.16719720326364,shared_2l_1pool
9556,6.09396118670702,0.8178749121725559,5.1696510054171085,shared_2l_1pool
9557,7.482816930860281,2.0517660304903984,5.304133985191584,shared_2l_1pool
9558,6.193530047312379,0.849700067192316,5.236671073362231,shared_2l_1pool
9559,6.193647161126137,0.8338580373674631,5.2520278841257095,shared_2l_1pool
9560,6.194213172420859,0.8309008553624153,5.250788992270827,shared_2l_1pool
9561,6.2080989591777325,0.8459819946438074,5.250073038041592,shared_2l_1pool
9562,6.123011000454426,0.8103619329631329,5.200851941481233,shared_2l_1pool
9563,6.108990171924233,0.8469801396131516,5.153518868610263,shared_2l_1pool
9564,6.0822488740086555,0.8064159192144871,5.1687119994312525,shared_2l_1pool
9565,6.153197027742863,0.8457768708467484,5.2013511303812265,shared_2l_1pool
9566,6.08800002373755,0.8185971528291702,5.162362940609455,shared_2l_1pool
9567,6.118416087701917,0.8207929786294699,5.19344606436789,shared_2l_1pool
9568,6.174697075039148,0.8376617915928364,5.2247371058911085,shared_2l_1pool
9569,6.184745114296675,0.8221948519349098,5.254999035969377,shared_2l_1pool
9570,6.119016790762544,0.8191450033336878,5.191387142986059,shared_2l_1pool
9571,6.159914890304208,0.8357441984117031,5.215968005359173,shared_2l_1pool
9572,6.085520144551992,0.8126250468194485,5.16412197612226,shared_2l_1pool
9573,7.46721588075161,2.057206118479371,5.286729894578457,shared_2l_1pool
9574,6.181764882057905,0.8360231295228004,5.2376058883965015,shared_2l_1pool
9575,6.167934974655509,0.8554158266633749,5.202008178457618,shared_2l_1pool
9576,6.182463141158223,0.8432329632341862,5.230161128565669,shared_2l_1pool
9577,6.113829091191292,0.8460660465061665,5.160241853445768,shared_2l_1pool
9578,6.145151099190116,0.8197550196200609,5.219763843342662,shared_2l_1pool
9579,6.15671300329268,0.8229569066315889,5.230432143434882,shared_2l_1pool
9580,6.130396155640483,0.8037968073040247,5.223538028076291,shared_2l_1pool
9581,6.196294911205769,0.8363190572708845,5.252206930890679,shared_2l_1pool
9582,6.150709930807352,0.8305499795824289,5.212434101849794,shared_2l_1pool
9583,6.168134044855833,0.8417160715907812,5.220011109486222,shared_2l_1pool
9584,6.096382159739733,0.8266048971563578,5.162854911759496,shared_2l_1pool
9585,6.087533896788955,0.8082299027591944,5.171839147806168,shared_2l_1pool
9586,6.155569804832339,0.8123589213937521,5.230839131399989,shared_2l_1pool
9587,6.100724916905165,0.8105000015348196,5.183296045288444,shared_2l_1pool
9588,6.152219837531447,0.822726171463728,5.2198919001966715,shared_2l_1pool
9589,7.391297025606036,2.013330115005374,5.249246954917908,shared_2l_1pool
9590,6.139665842056274,0.8332859724760056,5.195555044338107,shared_2l_1pool
9591,6.19107112288475,0.8413461036980152,5.236656870692968,shared_2l_1pool
9592,6.211767205968499,0.8573019877076149,5.242950050160289,shared_2l_1pool
9593,6.1754530761390924,0.8478499948978424,5.221546161919832,shared_2l_1pool
9594,6.123042898252606,0.8411591406911612,5.1730358973145485,shared_2l_1pool
9595,6.141402060166001,0.8255820721387863,5.2088049706071615,shared_2l_1pool
9596,6.135686067864299,0.839682063087821,5.189504940062761,shared_2l_1pool
9597,6.104039028286934,0.8312209974974394,5.161571083590388,shared_2l_1pool
9598,6.106412969529629,0.8170430082827806,5.180187989026308,shared_2l_1pool
9599,6.127981934696436,0.849046977236867,5.173344863578677,shared_2l_1pool
9600,6.078164093196392,0.8388611022382975,5.1315040327608585,shared_2l_1pool
9601,6.093619158491492,0.8202339522540569,5.163199966773391,shared_2l_1pool
9602,6.128187058493495,0.8485470898449421,5.170993972569704,shared_2l_1pool
9603,6.087632849812508,0.8280149195343256,5.150640150532126,shared_2l_1pool
9604,6.119095021858811,0.8203419856727123,5.191450007259846,shared_2l_1pool
9605,7.423951057717204,2.033960074186325,5.262285936623812,shared_2l_1pool
9606,6.131035042926669,0.8597180712968111,5.163135007023811,shared_2l_1pool
9607,6.095290882512927,0.8406809065490961,5.146021023392677,shared_2l_1pool
9608,6.1347519513219595,0.8283928036689758,5.194129189476371,shared_2l_1pool
9609,6.142414873465896,0.8220751769840717,5.2115467842668295,shared_2l_1pool
9610,6.096015917137265,0.8458830416202545,5.138055887073278,shared_2l_1pool
9611,6.1389480251818895,0.8359369821846485,5.1893200725317,shared_2l_1pool
9612,6.0895460192114115,0.799673842266202,5.1823940593749285,shared_2l_1pool
9613,6.115795113146305,0.8270340040326118,5.181003827601671,shared_2l_1pool
9614,6.1947989743202925,0.8601041045039892,5.225794855505228,shared_2l_1pool
9615,6.163472076877952,0.8358631748706102,5.221355939283967,shared_2l_1pool
9616,6.113932002335787,0.8365318644791842,5.16678299754858,shared_2l_1pool
9617,6.100275786593556,0.8431039750576019,5.153584992513061,shared_2l_1pool
9618,6.108182016760111,0.8347758557647467,5.166311981156468,shared_2l_1pool
9619,6.148038897663355,0.8455440402030945,5.194850033149123,shared_2l_1pool
9620,6.136598996818066,0.8255771826952696,5.199170904234052,shared_2l_1pool
9621,7.439552107825875,2.036189893260598,5.275894189253449,shared_2l_1pool
9622,6.184800993651152,0.8373029995709658,5.238356068730354,shared_2l_1pool
9623,6.223699077963829,0.8835110347718,5.2325488068163395,shared_2l_1pool
9624,6.140569923445582,0.8410550653934479,5.187585949897766,shared_2l_1pool
9625,6.0894431080669165,0.828893156722188,5.151503020897508,shared_2l_1pool
9626,6.105652078986168,0.8411169983446598,5.157734965905547,shared_2l_1pool
9627,6.136514013633132,0.8326650131493807,5.196199985221028,shared_2l_1pool
9628,6.116910837590694,0.8344640955328941,5.172044038772583,shared_2l_1pool
9629,6.122833117842674,0.8421030361205339,5.17276581376791,shared_2l_1pool
9630,6.033072946593165,0.8285010699182749,5.097005981951952,shared_2l_1pool
9631,6.111082853749394,0.8428650908172131,5.159101914614439,shared_2l_1pool
9632,6.162160076200962,0.8414830081164837,5.213669966906309,shared_2l_1pool
9633,6.064109038561583,0.8242139592766762,5.133435130119324,shared_2l_1pool
9634,6.159998010843992,0.8522199932485819,5.2014419343322515,shared_2l_1pool
9635,6.086488952860236,0.8417170029133558,5.138056818395853,shared_2l_1pool
9636,6.109953857958317,0.8237899746745825,5.177696933969855,shared_2l_1pool
9637,7.7037198934704065,2.3388820700347424,5.235299002379179,shared_2l_1pool
9638,6.164598045870662,0.8511049672961235,5.202885949984193,shared_2l_1pool
9639,6.164144026115537,0.8458779193460941,5.207729060202837,shared_2l_1pool
9640,6.1547779478132725,0.8412539027631283,5.20380912348628,shared_2l_1pool
9641,6.125185871496797,0.8440380915999413,5.172294098883867,shared_2l_1pool
9642,6.1606599483639,0.8570440113544464,5.191932898014784,shared_2l_1pool
9643,6.148533197119832,0.8505219593644142,5.189242074266076,shared_2l_1pool
9644,6.108300993219018,0.8397160563617945,5.160416942089796,shared_2l_1pool
9645,6.076263962313533,0.8140371646732092,5.156440893188119,shared_2l_1pool
9646,6.1041668523103,0.8234621491283178,5.173475947231054,shared_2l_1pool
9647,6.11322489567101,0.8180041331797838,5.18761994317174,shared_2l_1pool
9648,6.113214883953333,0.8351330179721117,5.1700701005756855,shared_2l_1pool
9649,6.104921922087669,0.8461191318929195,5.150513956323266,shared_2l_1pool
9650,6.135957082733512,0.8164658211171627,5.211897194385529,shared_2l_1pool
9651,6.1050839722156525,0.8245138451457024,5.17636607401073,shared_2l_1pool
9652,6.1030578799545765,0.8350068237632513,5.160515196621418,shared_2l_1pool
9653,7.450773846358061,2.088539069518447,5.235540913417935,shared_2l_1pool
9654,6.164194084703922,0.8694210555404425,5.186974070966244,shared_2l_1pool
9655,6.116434931755066,0.8286959491670132,5.178407067433,shared_2l_1pool
9656,6.170206004753709,0.8234330452978611,5.236797034740448,shared_2l_1pool
9657,6.133941002190113,0.8437731303274632,5.183167988434434,shared_2l_1pool
9658,6.144783925265074,0.8318419568240643,5.204146960750222,shared_2l_1pool
9659,6.119003985077143,0.8393889293074608,5.172787932679057,shared_2l_1pool
9660,6.172536173835397,0.8347781840711832,5.2304810378700495,shared_2l_1pool
9661,6.079757818952203,0.8400380611419678,5.132260965183377,shared_2l_1pool
9662,6.112633040174842,0.8281900081783533,5.179601954296231,shared_2l_1pool
9663,6.117385113611817,0.8181368466466665,5.19138015806675,shared_2l_1pool
9664,6.132117938250303,0.8322990033775568,5.192412994801998,shared_2l_1pool
9665,6.086725974455476,0.8107512257993221,5.169356940314174,shared_2l_1pool
9666,6.102795014157891,0.8345081005245447,5.160224856808782,shared_2l_1pool
9667,6.101821083575487,0.8389509748667479,5.158540094271302,shared_2l_1pool
9668,6.167337065562606,0.8388850837945938,5.224251886829734,shared_2l_1pool
9669,7.435481064021587,2.050470793619752,5.257758079096675,shared_2l_1pool
9670,6.107426015660167,0.84699597209692,5.150992190465331,shared_2l_1pool
9671,6.071377079933882,0.8437500800937414,5.12122898362577,shared_2l_1pool
9672,6.098518846556544,0.8346319664269686,5.153931910172105,shared_2l_1pool
9673,6.138636963441968,0.8547741454094648,5.176098784431815,shared_2l_1pool
9674,6.146266125142574,0.8369579445570707,5.202188156545162,shared_2l_1pool
9675,6.097197998315096,0.840160995721817,5.150054814293981,shared_2l_1pool
9676,6.032448960468173,0.8335539605468512,5.092599894851446,shared_2l_1pool
9677,6.0521860141307116,0.8117270190268755,5.126205971464515,shared_2l_1pool
9678,6.065949099138379,0.8156830444931984,5.142739042639732,shared_2l_1pool
9679,6.117234006524086,0.8308098185807467,5.17704407684505,shared_2l_1pool
9680,6.078917067497969,0.8173021487891674,5.154403857886791,shared_2l_1pool
9681,6.084633059799671,0.8110539056360722,5.16430102288723,shared_2l_1pool
9682,6.082284962758422,0.8311751298606396,5.143475020304322,shared_2l_1pool
9683,6.097943056374788,0.8302689529955387,5.161470966413617,shared_2l_1pool
9684,6.093419156968594,0.8278780151158571,5.157524021342397,shared_2l_1pool
9685,7.4353821109980345,2.019444014877081,5.289285909384489,shared_2l_1pool
9686,6.129211978986859,0.8590451907366514,5.158023908734322,shared_2l_1pool
9687,6.16112002171576,0.859823077917099,5.192501936107874,shared_2l_1pool
9688,6.132683949545026,0.8327430114150047,5.18468301743269,shared_2l_1pool
9689,6.132660899311304,0.8603781461715698,5.161836976185441,shared_2l_1pool
9690,6.167545914649963,0.8605790790170431,5.1959718111902475,shared_2l_1pool
9691,6.127098109573126,0.8299110922962427,5.189585033804178,shared_2l_1pool
9692,6.145064951851964,0.8474919013679028,5.187528906390071,shared_2l_1pool
9693,6.128879962489009,0.8353749290108681,5.186841124668717,shared_2l_1pool
9694,6.069049006327987,0.8417330682277679,5.11678890325129,shared_2l_1pool
9695,6.144335959106684,0.8583508897572756,5.177692044526339,shared_2l_1pool
9696,6.102779880166054,0.8276381995528936,5.167780909687281,shared_2l_1pool
9697,6.123348837718368,0.8330850396305323,5.179412895813584,shared_2l_1pool
9698,6.153881084173918,0.8582060690969229,5.186174064874649,shared_2l_1pool
9699,6.064902059733868,0.8278361055999994,5.127867916598916,shared_2l_1pool
9700,6.126173073425889,0.8401868399232626,5.1794101018458605,shared_2l_1pool
9701,7.322360062971711,2.0702879410237074,5.123947048559785,shared_2l_1pool
9702,6.03116606362164,0.8548139594495296,5.066965939477086,shared_2l_1pool
9703,6.005132105201483,0.8361621294170618,5.062064854428172,shared_2l_1pool
9704,6.0514649376273155,0.851707998663187,5.089150043204427,shared_2l_1pool
9705,6.020562024787068,0.8397630881518126,5.071036051958799,shared_2l_1pool
9706,6.050837924703956,0.8343528024852276,5.106569034978747,shared_2l_1pool
9707,6.0672040563076735,0.85293292067945,5.107911070808768,shared_2l_1pool
9708,6.052321055904031,0.8350759744644165,5.1088179461658,shared_2l_1pool
9709,6.076291901990771,0.8824157994240522,5.087575176730752,shared_2l_1pool
9710,5.986249074339867,0.8466688450425863,5.029086023569107,shared_2l_1pool
9711,6.0247741639614105,0.8177598938345909,5.098207155242562,shared_2l_1pool
9712,6.006272044032812,0.8323600050061941,5.066308192908764,shared_2l_1pool
9713,5.983234848827124,0.8360228966921568,5.040108924731612,shared_2l_1pool
9714,6.00031204521656,0.8212390821427107,5.071843974292278,shared_2l_1pool
9715,6.041811080649495,0.847632996737957,5.084529984742403,shared_2l_1pool
9716,6.034774007275701,0.8351041469722986,5.087008001282811,shared_2l_1pool
9717,7.470180978998542,2.046901034191251,5.293254973366857,shared_2l_1pool
9718,6.232338957488537,0.8573820814490318,5.2672389429062605,shared_2l_1pool
9719,6.16490887477994,0.832980964332819,5.223294021561742,shared_2l_1pool
9720,6.11187401227653,0.8263248018920422,5.171622149646282,shared_2l_1pool
9721,6.1794789507985115,0.8350708521902561,5.234361160546541,shared_2l_1pool
9722,6.190724903717637,0.8701970800757408,5.213695811107755,shared_2l_1pool
9723,6.126768188551068,0.8435160852968693,5.175870843231678,shared_2l_1pool
9724,6.209952989593148,0.8522218558937311,5.249876994639635,shared_2l_1pool
9725,6.1390751507133245,0.8180888835340738,5.2141910418868065,shared_2l_1pool
9726,6.1955328565090895,0.8707321248948574,5.212148884311318,shared_2l_1pool
9727,6.129920948296785,0.8042049594223499,5.216867895796895,shared_2l_1pool
9728,6.233283085748553,0.8442781399935484,5.280420882627368,shared_2l_1pool
9729,6.2104519456624985,0.8485910948365927,5.255518015474081,shared_2l_1pool
9730,6.185272941365838,0.8274430874735117,5.248329835012555,shared_2l_1pool
9731,6.200609030202031,0.8412150200456381,5.246744956821203,shared_2l_1pool
9732,6.143269827589393,0.846541952341795,5.188914015889168,shared_2l_1pool
9733,7.331083063036203,2.0516638178378344,5.153084173798561,shared_2l_1pool
9734,6.0635400004684925,0.8503331337124109,5.103390896692872,shared_2l_1pool
9735,6.050150142982602,0.850871903821826,5.0939281936734915,shared_2l_1pool
9736,6.084603955969214,0.833133002743125,5.144124152138829,shared_2l_1pool
9737,6.1281900852918625,0.8535070810467005,5.166779970750213,shared_2l_1pool
9738,6.09088409692049,0.8431090973317623,5.135936895385385,shared_2l_1pool
9739,6.132178008556366,0.8669749367982149,5.157510982826352,shared_2l_1pool
9740,6.1090008821338415,0.8357691112905741,5.1623929757624865,shared_2l_1pool
9741,6.046051857993007,0.8328529074788094,5.106368102133274,shared_2l_1pool
9742,6.023299181833863,0.8322868961840868,5.083319963887334,shared_2l_1pool
9743,6.065969122573733,0.8424068801105022,5.1134920213371515,shared_2l_1pool
9744,6.12150295637548,0.8433959446847439,5.172070115804672,shared_2l_1pool
9745,6.105397129431367,0.8499941322952509,5.147049902006984,shared_2l_1pool
9746,6.064056884497404,0.8284880314022303,5.128477001562715,shared_2l_1pool
9747,6.045716814696789,0.8101670537143946,5.12783182784915,shared_2l_1pool
9748,6.132017821073532,0.9011139627546072,5.121418973430991,shared_2l_1pool
9749,7.395604159682989,2.038791077211499,5.227057030424476,shared_2l_1pool
9750,6.106934975832701,0.8670778479427099,5.130606004968286,shared_2l_1pool
9751,6.128786131739616,0.8517911192029715,5.167650058865547,shared_2l_1pool
9752,6.058288039639592,0.8376359473913908,5.111485021188855,shared_2l_1pool
9753,6.0786420945078135,0.8255180437117815,5.1412079483270645,shared_2l_1pool
9754,6.081056082621217,0.8458259981125593,5.123282084241509,shared_2l_1pool
9755,6.055047968402505,0.830761855468154,5.117658991366625,shared_2l_1pool
9756,5.997080123052001,0.8350319694727659,5.0551979802548885,shared_2l_1pool
9757,6.038621999323368,0.8094948716461658,5.122278118506074,shared_2l_1pool
9758,6.073552183806896,0.8348440751433372,5.128657910972834,shared_2l_1pool
9759,6.070908159017563,0.8225829806178808,5.138949025422335,shared_2l_1pool
9760,6.084292894229293,0.8409658912569284,5.133619997650385,shared_2l_1pool
9761,6.039953790605068,0.8223361801356077,5.110183963552117,shared_2l_1pool
9762,6.08059111982584,0.8298610337078571,5.142373964190483,shared_2l_1pool
9763,6.036406848579645,0.8124969899654388,5.115234991535544,shared_2l_1pool
9764,6.039347965270281,0.8449121378362179,5.084838951006532,shared_2l_1pool
9765,7.331698900088668,2.066435059532523,5.138220032677054,shared_2l_1pool
9766,6.100399885326624,0.8731069974601269,5.114074097946286,shared_2l_1pool
9767,6.085890112444758,0.8501741103827953,5.122519098222256,shared_2l_1pool
9768,6.094763055443764,0.8595040999352932,5.124975927174091,shared_2l_1pool
9769,6.088268011808395,0.8487869054079056,5.127026000991464,shared_2l_1pool
9770,6.101526785641909,0.8621229790151119,5.128873977810144,shared_2l_1pool
9771,6.08132709749043,0.8502840064466,5.121889989823103,shared_2l_1pool
9772,6.071616895496845,0.888636102899909,5.073850974440575,shared_2l_1pool
9773,6.057864986360073,0.8429358713328838,5.102028138935566,shared_2l_1pool
9774,6.100490922108293,0.8589900098741055,5.131185986101627,shared_2l_1pool
9775,6.078694015741348,0.8495240472257137,5.117764929309487,shared_2l_1pool
9776,6.009744014590979,0.8417349308729172,5.059404065832496,shared_2l_1pool
9777,6.124919978901744,0.8431959431618452,5.173255922272801,shared_2l_1pool
9778,6.023238878697157,0.815429026260972,5.099921021610498,shared_2l_1pool
9779,6.095618940889835,0.8273140992969275,5.159066990017891,shared_2l_1pool
9780,6.165406899526715,0.8849101141095161,5.170986987650394,shared_2l_1pool
9781,7.3982051108032465,2.0718032028526068,5.197335965931416,shared_2l_1pool
9782,6.135533098131418,0.8718601893633604,5.156210856512189,shared_2l_1pool
9783,6.023426074534655,0.8593939710408449,5.057641072198749,shared_2l_1pool
9784,6.1210161074995995,0.8379879873245955,5.176073173061013,shared_2l_1pool
9785,6.03229203261435,0.8196569979190826,5.104786017909646,shared_2l_1pool
9786,6.076711229979992,0.8513431530445814,5.1126619800925255,shared_2l_1pool
9787,6.084885215386748,0.8352668955922127,5.139922024682164,shared_2l_1pool
9788,6.064949091523886,0.8161889854818583,5.139238201081753,shared_2l_1pool
9789,6.051652831956744,0.8423479739576578,5.10330218821764,shared_2l_1pool
9790,6.085656816139817,0.8619129657745361,5.116483895108104,shared_2l_1pool
9791,6.058910861611366,0.8465850260108709,5.103243049234152,shared_2l_1pool
9792,6.060495041310787,0.8332531433552504,5.119188921526074,shared_2l_1pool
9793,6.0498330276459455,0.8441698737442493,5.097625078633428,shared_2l_1pool
9794,6.020696135237813,0.8622079622000456,5.0500070210546255,shared_2l_1pool
9795,6.121781887486577,0.8568309713155031,5.154222948476672,shared_2l_1pool
9796,6.1013479717075825,0.8322151843458414,5.160790868103504,shared_2l_1pool
9797,7.392972009256482,2.0508719608187675,5.215700017288327,shared_2l_1pool
9798,6.062854081392288,0.8425090927630663,5.109567893669009,shared_2l_1pool
9799,6.066642934456468,0.8547441102564335,5.105007905513048,shared_2l_1pool
9800,6.1213739681988955,0.8578519336879253,5.155479069799185,shared_2l_1pool
9801,6.084412802010775,0.8447100408375263,5.132102873176336,shared_2l_1pool
9802,6.041932152584195,0.8476611692458391,5.0838568713516,shared_2l_1pool
9803,6.019010907039046,0.8400329388678074,5.0738900899887085,shared_2l_1pool
9804,6.075473036617041,0.8400599472224712,5.13015897013247,shared_2l_1pool
9805,6.046947091817856,0.8414259646087885,5.099121015518904,shared_2l_1pool
9806,6.045502843335271,0.8411568123847246,5.0946311093866825,shared_2l_1pool
9807,6.070329109206796,0.8420178201049566,5.120509071275592,shared_2l_1pool
9808,6.094709038734436,0.8395470213145018,5.14659215696156,shared_2l_1pool
9809,6.067981943488121,0.8599278517067432,5.1007079891860485,shared_2l_1pool
9810,6.046164082363248,0.8499869145452976,5.081054056063294,shared_2l_1pool
9811,5.991986021399498,0.8374080061912537,5.0426938105374575,shared_2l_1pool
9812,6.0456187929958105,0.8305320516228676,5.104184849187732,shared_2l_1pool
9813,7.380956085398793,2.040402963757515,5.214420147240162,shared_2l_1pool
9814,6.158025003969669,0.8599150460213423,5.187264876440167,shared_2l_1pool
9815,6.0652089305222034,0.8341378998011351,5.123787093907595,shared_2l_1pool
9816,6.055366015061736,0.8410047739744186,5.1099020056426525,shared_2l_1pool
9817,6.097129080444574,0.8482739794999361,5.14131598174572,shared_2l_1pool
9818,6.066072033718228,0.846122158691287,5.111100850626826,shared_2l_1pool
9819,6.0563040897250175,0.8636449929326773,5.076603032648563,shared_2l_1pool
9820,6.069679046049714,0.8445209823548794,5.111637059599161,shared_2l_1pool
9821,6.098650861531496,0.869235023856163,5.120320012792945,shared_2l_1pool
9822,6.044550100341439,0.8515948429703712,5.086116027086973,shared_2l_1pool
9823,6.09084009192884,0.8271900005638599,5.154801066964865,shared_2l_1pool
9824,6.111606024205685,0.8530179038643837,5.151210119947791,shared_2l_1pool
9825,6.074467906728387,0.8476139046251774,5.119747016578913,shared_2l_1pool
9826,6.061078980565071,0.8331378921866417,5.12204016558826,shared_2l_1pool
9827,6.01415685378015,0.8409221190959215,5.065761040896177,shared_2l_1pool
9828,6.053385091945529,0.8511550258845091,5.094456952065229,shared_2l_1pool
9829,7.414162857457995,2.042613923549652,5.245320964604616,shared_2l_1pool
9830,6.126604042947292,0.857762061059475,5.161093082278967,shared_2l_1pool
9831,6.153014954179525,0.8453449700027704,5.200388142839074,shared_2l_1pool
9832,6.143872858956456,0.8434099145233631,5.192588083446026,shared_2l_1pool
9833,6.084061926230788,0.8445270359516144,5.1318740006536245,shared_2l_1pool
9834,6.058177910745144,0.850246986374259,5.0983119290322065,shared_2l_1pool
9835,6.071754964068532,0.8540668059140444,5.107820965349674,shared_2l_1pool
9836,6.154690170660615,0.8930519688874483,5.152684869244695,shared_2l_1pool
9837,6.107390858232975,0.8575448300689459,5.1388731226325035,shared_2l_1pool
9838,6.132216192781925,0.8327791001647711,5.189029965549707,shared_2l_1pool
9839,6.143036996945739,0.8459410164505243,5.189408082515001,shared_2l_1pool
9840,6.084773922339082,0.8379330392926931,5.139264045283198,shared_2l_1pool
9841,6.055644014850259,0.8348599076271057,5.112852901220322,shared_2l_1pool
9842,6.091754185035825,0.8393500465899706,5.145106930285692,shared_2l_1pool
9843,6.106301909312606,0.8434159681200981,5.154201062396169,shared_2l_1pool
9844,6.076661869883537,0.8296838495880365,5.138701992109418,shared_2l_1pool
9845,7.338416064158082,2.027287846431136,5.184065084904432,shared_2l_1pool
9846,6.134841125458479,0.8783601224422455,5.145746981725097,shared_2l_1pool
9847,6.0848931316286325,0.8464099373668432,5.131744081154466,shared_2l_1pool
9848,6.041716085746884,0.8321460336446762,5.099525908008218,shared_2l_1pool
9849,6.049499846994877,0.8407109417021275,5.102836061269045,shared_2l_1pool
9850,6.01780298165977,0.8322570938616991,5.0749280489981174,shared_2l_1pool
9851,6.034271093085408,0.850666081532836,5.073566921055317,shared_2l_1pool
9852,6.058595841750503,0.8419579826295376,5.107980920001864,shared_2l_1pool
9853,6.047279108315706,0.8388590067625046,5.100723821669817,shared_2l_1pool
9854,5.996752995997667,0.8472478948533535,5.043547134846449,shared_2l_1pool
9855,6.107620894908905,0.8439249359071255,5.157254170626402,shared_2l_1pool
9856,6.049680057913065,0.8194360416382551,5.123852984979749,shared_2l_1pool
9857,6.0379549395293,0.8310209959745407,5.099656991660595,shared_2l_1pool
9858,6.059061968699098,0.869993818923831,5.081158131361008,shared_2l_1pool
9859,6.063323002308607,0.8434478659182787,5.109425168484449,shared_2l_1pool
9860,5.991562968119979,0.8213040418922901,5.057393107563257,shared_2l_1pool
9861,7.37668015062809,2.0649689249694347,5.182522116228938,shared_2l_1pool
9862,6.094321142882109,0.8697761222720146,5.112744867801666,shared_2l_1pool
9863,6.066286005079746,0.8441011887043715,5.115808919072151,shared_2l_1pool
9864,6.058037979528308,0.8510409388691187,5.100990179926157,shared_2l_1pool
9865,6.0907029546797276,0.8427069988101721,5.1374840550124645,shared_2l_1pool
9866,5.997555796056986,0.8345111273229122,5.057489965111017,shared_2l_1pool
9867,6.013528909534216,0.8380950894206762,5.067805061116815,shared_2l_1pool
9868,6.0496709775179625,0.845049973577261,5.097815999761224,shared_2l_1pool
9869,6.080223014578223,0.8541571442037821,5.113916005939245,shared_2l_1pool
9870,6.042717956006527,0.85657206363976,5.076555069535971,shared_2l_1pool
9871,6.105888867750764,0.8592261001467705,5.136281019076705,shared_2l_1pool
9872,6.073929835110903,0.8469810709357262,5.119153996929526,shared_2l_1pool
9873,6.027657072991133,0.8192029781639576,5.101290065795183,shared_2l_1pool
9874,6.086653098464012,0.8473519701510668,5.132757127285004,shared_2l_1pool
9875,6.039820844307542,0.835855957120657,5.095940083265305,shared_2l_1pool
9876,6.021881941705942,0.8413109462708235,5.073863081634045,shared_2l_1pool
9877,7.369335042312741,2.055200980976224,5.187502130866051,shared_2l_1pool
9878,6.051900098100305,0.8520139381289482,5.09212794713676,shared_2l_1pool
9879,6.0327500104904175,0.8158630225807428,5.109481979161501,shared_2l_1pool
9880,6.046135909855366,0.857651000842452,5.079854046925902,shared_2l_1pool
9881,6.0369898565113544,0.8474001660943031,5.082724848762155,shared_2l_1pool
9882,6.078168051317334,0.856646103784442,5.113837076351047,shared_2l_1pool
9883,6.07288209721446,0.8460332173854113,5.113860825076699,shared_2l_1pool
9884,6.054590921849012,0.8359160274267197,5.109807010740042,shared_2l_1pool
9885,6.050282856449485,0.8340622298419476,5.109652876853943,shared_2l_1pool
9886,6.016076076775789,0.8243720512837172,5.083983996883035,shared_2l_1pool
9887,6.067954935133457,0.84490398876369,5.1158450078219175,shared_2l_1pool
9888,6.0533389914780855,0.8360631763935089,5.112475017085671,shared_2l_1pool
9889,6.03620195761323,0.837978906929493,5.090279038995504,shared_2l_1pool
9890,6.046470953151584,0.8474320638924837,5.09066297672689,shared_2l_1pool
9891,6.102229002863169,0.8411000017076731,5.153896985575557,shared_2l_1pool
9892,6.041412940248847,0.8537950925529003,5.080267786979675,shared_2l_1pool
9893,7.298097014427185,2.030148869380355,5.14137907885015,shared_2l_1pool
9894,6.079107988625765,0.8327860850840807,5.135850980877876,shared_2l_1pool
9895,6.054070079699159,0.8542230352759361,5.086020100861788,shared_2l_1pool
9896,6.057211896404624,0.8342850487679243,5.115638021379709,shared_2l_1pool
9897,6.092279916629195,0.8537000976502895,5.1294181030243635,shared_2l_1pool
9898,6.074391072615981,0.8569317869842052,5.107740173116326,shared_2l_1pool
9899,6.094278069213033,0.8548358455300331,5.130191100761294,shared_2l_1pool
9900,6.091180955991149,0.8571811486035585,5.124937975779176,shared_2l_1pool
9901,6.096112076193094,0.8510921616107225,5.134597886353731,shared_2l_1pool
9902,6.088043097406626,0.8287220261991024,5.148916970938444,shared_2l_1pool
9903,6.066372850909829,0.8469889871776104,5.112790036946535,shared_2l_1pool
9904,6.015330087393522,0.8596349507570267,5.048125050961971,shared_2l_1pool
9905,6.077441154047847,0.8392068557441235,5.129618104547262,shared_2l_1pool
9906,6.044045090675354,0.8278789464384317,5.107579054310918,shared_2l_1pool
9907,6.0286689549684525,0.8196220733225346,5.1026130095124245,shared_2l_1pool
9908,6.050351774320006,0.8510309271514416,5.088695092126727,shared_2l_1pool
9909,7.358252070844173,2.071124967187643,5.160592962056398,shared_2l_1pool
9910,6.13093888387084,0.8758781477808952,5.148074822500348,shared_2l_1pool
9911,6.152018904685974,0.8589590433984995,5.186770111322403,shared_2l_1pool
9912,6.096270168200135,0.8513969369232655,5.138407927006483,shared_2l_1pool
9913,6.050724070519209,0.834873178973794,5.110606784000993,shared_2l_1pool
9914,6.1003100126981735,0.8417849894613028,5.151113029569387,shared_2l_1pool
9915,6.074852077290416,0.8448809385299683,5.118977045640349,shared_2l_1pool
9916,6.079555954784155,0.8246500510722399,5.146009847521782,shared_2l_1pool
9917,6.083834916353226,0.8383209351450205,5.138003034517169,shared_2l_1pool
9918,6.102327024564147,0.8529070764780045,5.1436410285532475,shared_2l_1pool
9919,6.024952977895737,0.8253380656242371,5.0913020968437195,shared_2l_1pool
9920,6.000392138957977,0.8368999697268009,5.0578429363667965,shared_2l_1pool
9921,6.053779041394591,0.8437030483037233,5.1032970659434795,shared_2l_1pool
9922,6.053712917491794,0.8622370660305023,5.084295058622956,shared_2l_1pool
9923,6.067680893465877,0.8320079650729895,5.130864912644029,shared_2l_1pool
9924,6.068686954677105,0.8542479481548071,5.108897108584642,shared_2l_1pool
9925,7.350847125053406,2.062679035589099,5.162365967407823,shared_2l_1pool
9926,6.134013878181577,0.8944850414991379,5.128298886120319,shared_2l_1pool
9927,6.087678950279951,0.8508770260959864,5.12698688544333,shared_2l_1pool
9928,6.052474025636911,0.840645981952548,5.103375995531678,shared_2l_1pool
9929,6.088040070608258,0.8559520356357098,5.1241659093648195,shared_2l_1pool
9930,6.013922858983278,0.8377169724553823,5.069311009719968,shared_2l_1pool
9931,6.052694050595164,0.8631169330328703,5.082411924377084,shared_2l_1pool
9932,6.031516008079052,0.8524691220372915,5.068334983661771,shared_2l_1pool
9933,6.078196922317147,0.8552160579711199,5.112779093906283,shared_2l_1pool
9934,6.041680928319693,0.8472090121358633,5.086490884423256,shared_2l_1pool
9935,5.979189183562994,0.8384878747165203,5.0324141047894955,shared_2l_1pool
9936,6.005667150020599,0.8468490559607744,5.051690153777599,shared_2l_1pool
9937,6.047919858247042,0.8504739962518215,5.089706042781472,shared_2l_1pool
9938,6.044566864147782,0.8537659887224436,5.085010081529617,shared_2l_1pool
9939,5.976755870506167,0.8336070459336042,5.0340150482952595,shared_2l_1pool
9940,6.088427035138011,0.840900931507349,5.14267710968852,shared_2l_1pool
9941,7.419764995574951,2.1015279926359653,5.19141205586493,shared_2l_1pool
9942,6.145938998088241,0.8637269493192434,5.172302946448326,shared_2l_1pool
9943,6.100150058045983,0.8657630532979965,5.125410854816437,shared_2l_1pool
9944,6.128408946096897,0.8747009560465813,5.143884103745222,shared_2l_1pool
9945,6.134103052318096,0.8518339600414038,5.174969090148807,shared_2l_1pool
9946,6.10298290848732,0.838687876239419,5.158440209925175,shared_2l_1pool
9947,6.08057901263237,0.8438650984317064,5.131347803398967,shared_2l_1pool
9948,6.073619006201625,0.8588170167058706,5.098949884995818,shared_2l_1pool
9949,6.095685064792633,0.8397328201681376,5.147064104676247,shared_2l_1pool
9950,6.0394390020519495,0.8329551201313734,5.095792934298515,shared_2l_1pool
9951,6.004576105624437,0.8322589565068483,5.065866047516465,shared_2l_1pool
9952,6.023620022460818,0.8203850593417883,5.095139844343066,shared_2l_1pool
9953,6.0633160173892975,0.8532139472663403,5.102901021018624,shared_2l_1pool
9954,6.142980186268687,0.859714113175869,5.177028011530638,shared_2l_1pool
9955,6.052382057532668,0.8423430845141411,5.10337995365262,shared_2l_1pool
9956,6.08057389035821,0.8391197770833969,5.133745027706027,shared_2l_1pool
9957,7.362737786024809,2.0656120032072067,5.171078024432063,shared_2l_1pool
9958,6.131588015705347,0.8565702009946108,5.163749912753701,shared_2l_1pool
9959,6.064373999834061,0.8442560210824013,5.112690851092339,shared_2l_1pool
9960,6.058905040845275,0.8775070309638977,5.075591150671244,shared_2l_1pool
9961,6.05447799898684,0.8303490467369556,5.117097869515419,shared_2l_1pool
9962,6.080735009163618,0.8667479269206524,5.10363606736064,shared_2l_1pool
9963,6.046743132174015,0.8350498974323273,5.099741974845529,shared_2l_1pool
9964,6.147938081994653,0.8832111489027739,5.154498852789402,shared_2l_1pool
9965,6.1213490553200245,0.8732210844755173,5.136067979037762,shared_2l_1pool
9966,6.085621891543269,0.8780881762504578,5.096300970762968,shared_2l_1pool
9967,6.096384953707457,0.8368550334125757,5.149840842932463,shared_2l_1pool
9968,6.065409164875746,0.8558430708944798,5.10027795098722,shared_2l_1pool
9969,6.0738439206033945,0.8300398476421833,5.134825129061937,shared_2l_1pool
9970,6.129102082923055,0.8606759365648031,5.1626479253172874,shared_2l_1pool
9971,6.134195020422339,0.8800639770925045,5.149265052750707,shared_2l_1pool
9972,6.05600792914629,0.8413360919803381,5.109454970806837,shared_2l_1pool
9973,7.388137048110366,2.047564834356308,5.213763099163771,shared_2l_1pool
9974,6.074622040614486,0.85203698836267,5.114075960591435,shared_2l_1pool
9975,6.1518538277596235,0.8593189995735884,5.180122097954154,shared_2l_1pool
9976,6.219300907105207,0.8623700123280287,5.2471940871328115,shared_2l_1pool
9977,6.07888400554657,0.8399928919970989,5.133474012836814,shared_2l_1pool
9978,6.064475979655981,0.8418948855251074,5.116756074130535,shared_2l_1pool
9979,6.082410924136639,0.8597918786108494,5.115231033414602,shared_2l_1pool
9980,6.109799025580287,0.8473601192235947,5.155469058081508,shared_2l_1pool
9981,6.112248869612813,0.8579532150179148,5.144449882209301,shared_2l_1pool
9982,6.069099996238947,0.8380010258406401,5.121452966704965,shared_2l_1pool
9983,6.087626097723842,0.8691481780260801,5.111724836751819,shared_2l_1pool
9984,6.124354898929596,0.8597599808126688,5.153126083314419,shared_2l_1pool
9985,6.057857070118189,0.8297921158373356,5.122057860717177,shared_2l_1pool
9986,6.038844119757414,0.8365660905838013,5.095356842502952,shared_2l_1pool
9987,6.078675854951143,0.8370890282094479,5.134535022079945,shared_2l_1pool
9988,6.098845042288303,0.834624981507659,5.159433931112289,shared_2l_1pool
9989,7.401004899293184,2.0813150331377983,5.191663047298789,shared_2l_1pool
9990,6.093180971220136,0.8681400213390589,5.116102984175086,shared_2l_1pool
9991,6.189604988321662,0.8620689623057842,5.215589189901948,shared_2l_1pool
9992,6.114001851528883,0.8566421456634998,5.149426870048046,shared_2l_1pool
9993,6.0972911305725574,0.8501408156007528,5.138162057846785,shared_2l_1pool
9994,6.061275955289602,0.8656810969114304,5.0875600427389145,shared_2l_1pool
9995,6.047094939276576,0.8336228784173727,5.105410004034638,shared_2l_1pool
9996,6.062898086383939,0.8475268259644508,5.1077380776405334,shared_2l_1pool
9997,6.079919869080186,0.8509859908372164,5.120131885632873,shared_2l_1pool
9998,6.046735914424062,0.8487349841743708,5.088730016723275,shared_2l_1pool
9999,6.034766091033816,0.8492970373481512,5.0795478746294975,shared_2l_1pool
10000,6.099586840718985,0.8575799874961376,5.137203959748149,shared_2l_1pool
10001,6.091916002333164,0.8385961409658194,5.147651070728898,shared_2l_1pool
10002,6.109962007030845,0.8486129809170961,5.1547938492149115,shared_2l_1pool
10003,6.059730891138315,0.8521080017089844,5.095876986160874,shared_2l_1pool
10004,6.126950029283762,0.8461051620543003,5.173069890588522,shared_2l_1pool
10005,7.425573188811541,2.065896987915039,5.230025155469775,shared_2l_1pool
10006,6.120648933574557,0.8727000094950199,5.138813983649015,shared_2l_1pool
10007,6.070269038900733,0.8391628507524729,5.124102113768458,shared_2l_1pool
10008,6.114105926826596,0.8578018750995398,5.148103926330805,shared_2l_1pool
10009,6.133532850071788,0.8439470548182726,5.182960070669651,shared_2l_1pool
10010,6.11012103036046,0.8324359077960253,5.169363925233483,shared_2l_1pool
10011,6.092190044000745,0.8481461554765701,5.136542953550816,shared_2l_1pool
10012,6.068549817427993,0.8432979229837656,5.1184589974582195,shared_2l_1pool
10013,6.078190868720412,0.8585040923207998,5.112056853249669,shared_2l_1pool
10014,6.111371098086238,0.88912108913064,5.112556042149663,shared_2l_1pool
10015,6.147495005279779,0.8574121166020632,5.1799200009554625,shared_2l_1pool
10016,6.003983784466982,0.8292591664940119,5.065918900072575,shared_2l_1pool
10017,6.079641869291663,0.8366580586880445,5.136118037626147,shared_2l_1pool
10018,6.086764158681035,0.8224598132073879,5.157313076779246,shared_2l_1pool
10019,6.08859583735466,0.8353500161319971,5.1465078722685575,shared_2l_1pool
10020,6.078107049688697,0.8309229742735624,5.13473292812705,shared_2l_1pool
10021,7.661142153665423,2.355530159547925,5.177826853469014,shared_2l_1pool
10022,6.0712480917572975,0.8500360418111086,5.111736012622714,shared_2l_1pool
10023,6.066713947802782,0.8538030087947845,5.106175085529685,shared_2l_1pool
10024,6.134268827736378,0.9075049310922623,5.115818930789828,shared_2l_1pool
10025,6.061983993276954,0.8505459409207106,5.100079113617539,shared_2l_1pool
10026,6.094925105571747,0.8420089725404978,5.1453011110424995,shared_2l_1pool
10027,6.091287126764655,0.8217450231313705,5.163118941709399,shared_2l_1pool
10028,6.062382133677602,0.8521301206201315,5.103416042402387,shared_2l_1pool
10029,6.0443750116974115,0.864699948579073,5.070772022008896,shared_2l_1pool
10030,6.091215880587697,0.8600638248026371,5.122891161590815,shared_2l_1pool
10031,6.027725990861654,0.8352107834070921,5.086253164336085,shared_2l_1pool
10032,6.1631042044609785,0.8693370036780834,5.184725858271122,shared_2l_1pool
10033,6.036744918674231,0.8668790105730295,5.061574978753924,shared_2l_1pool
10034,6.180088967084885,0.8559429552406073,5.214911187067628,shared_2l_1pool
10035,6.061539985239506,0.8436408825218678,5.108105018734932,shared_2l_1pool
10036,6.043266039341688,0.8467270527034998,5.0947710406035185,shared_2l_1pool
10037,7.3116610292345285,2.043131971731782,5.142585141584277,shared_2l_1pool
10038,6.109057925641537,0.8680461905896664,5.130623001605272,shared_2l_1pool
10039,6.176036782562733,0.8588880300521851,5.210879957303405,shared_2l_1pool
10040,6.108962930738926,0.8551881182938814,5.145213101059198,shared_2l_1pool
10041,6.0845110565423965,0.8499319665133953,5.127860931679606,shared_2l_1pool
10042,6.0720909386873245,0.8408159483224154,5.123193142935634,shared_2l_1pool
10043,6.174763897433877,0.8634750265628099,5.206487840041518,shared_2l_1pool
10044,6.09366805292666,0.834277831017971,5.152400117367506,shared_2l_1pool
10045,6.080421851947904,0.8495221845805645,5.121871829032898,shared_2l_1pool
10046,6.135198986157775,0.841422937810421,5.185486050322652,shared_2l_1pool
10047,6.123797968029976,0.8400410879403353,5.176114849746227,shared_2l_1pool
10048,6.158682983368635,0.8660240564495325,5.185145884752274,shared_2l_1pool
10049,6.069211987778544,0.8453750051558018,5.1176841370761395,shared_2l_1pool
10050,6.134894909337163,0.8478842210024595,5.180461797863245,shared_2l_1pool
10051,6.142680998891592,0.8464648853987455,5.1840851083397865,shared_2l_1pool
10052,6.152543006464839,0.859034014865756,5.183901870623231,shared_2l_1pool
10053,7.316224975511432,2.0410199649631977,5.146287148818374,shared_2l_1pool
10054,6.1102318577468395,0.8602731395512819,5.14126499183476,shared_2l_1pool
10055,6.076132878661156,0.8557240944355726,5.1109220366925,shared_2l_1pool
10056,6.122158141806722,0.8730089757591486,5.141640082001686,shared_2l_1pool
10057,6.1055750120431185,0.8584910538047552,5.142403999343514,shared_2l_1pool
10058,6.05827197432518,0.8605909533798695,5.087468074634671,shared_2l_1pool
10059,6.05232291854918,0.8347497787326574,5.11145917698741,shared_2l_1pool
10060,6.129398941993713,0.857597915455699,5.1636649295687675,shared_2l_1pool
10061,6.16744882427156,0.8962529245764017,5.160931963473558,shared_2l_1pool
10062,6.121071055531502,0.8649181108921766,5.145688075572252,shared_2l_1pool
10063,6.096645025536418,0.8576558902859688,5.130406003445387,shared_2l_1pool
10064,6.092611001804471,0.8557501714676619,5.130251869559288,shared_2l_1pool
10065,6.083613960072398,0.8553632069379091,5.1209209486842155,shared_2l_1pool
10066,6.118978839367628,0.8482309058308601,5.160940112546086,shared_2l_1pool
10067,6.095831049606204,0.8482290431857109,5.139098037034273,shared_2l_1pool
10068,6.13306206651032,0.8578870911151171,5.164667963981628,shared_2l_1pool
10069,7.330066990107298,2.059647813439369,5.1440580282360315,shared_2l_1pool
10070,6.123757921159267,0.864718109369278,5.1499768160283566,shared_2l_1pool
10071,6.045751040801406,0.8682389743626118,5.070388084277511,shared_2l_1pool
10072,6.037777988240123,0.8386089466512203,5.092033185064793,shared_2l_1pool
10073,6.134811090305448,0.8539080154150724,5.173854995518923,shared_2l_1pool
10074,6.111231865361333,0.8405388798564672,5.1495530642569065,shared_2l_1pool
10075,6.162113975733519,0.8897241204977036,5.165821872651577,shared_2l_1pool
10076,6.0670210514217615,0.85117993876338,5.1069180481135845,shared_2l_1pool
10077,6.1009840574115515,0.8509200997650623,5.14052901417017,shared_2l_1pool
10078,6.152261979877949,0.868585892021656,5.175460129976273,shared_2l_1pool
10079,6.084125954657793,0.8731251582503319,5.100643960759044,shared_2l_1pool
10080,6.0653421096503735,0.8481659460812807,5.110509926453233,shared_2l_1pool
10081,6.084814900532365,0.8350641001015902,5.1426629070192575,shared_2l_1pool
10082,6.094843149185181,0.8445701096206903,5.14221889898181,shared_2l_1pool
10083,6.061087129637599,0.8463470730930567,5.105362040922046,shared_2l_1pool
10084,6.057396996766329,0.833394005894661,5.112167913466692,shared_2l_1pool
10085,7.338206982240081,2.053439151495695,5.159255815669894,shared_2l_1pool
10086,6.107148015871644,0.887691043317318,5.112237064167857,shared_2l_1pool
10087,6.145914783701301,0.8820819202810526,5.157987121492624,shared_2l_1pool
10088,6.048371084034443,0.849451869726181,5.092111183330417,shared_2l_1pool
10089,6.066455040127039,0.8503540884703398,5.108084063977003,shared_2l_1pool
10090,6.108911940827966,0.8586959447711706,5.141334142535925,shared_2l_1pool
10091,6.139600882306695,0.9009260684251785,5.128586897626519,shared_2l_1pool
10092,6.0861799865961075,0.8833229076117277,5.095664877444506,shared_2l_1pool
10093,6.004332099109888,0.8345500100404024,5.060474155470729,shared_2l_1pool
10094,6.068280898034573,0.8426178246736526,5.113173043355346,shared_2l_1pool
10095,6.092195864766836,0.8631621021777391,5.117232911288738,shared_2l_1pool
10096,6.129903020337224,0.8528169710189104,5.169142037630081,shared_2l_1pool
10097,6.107938941568136,0.8476241491734982,5.152635043486953,shared_2l_1pool
10098,6.0967630706727505,0.8513950742781162,5.138800945132971,shared_2l_1pool
10099,6.0371351428329945,0.8462781552225351,5.084126023575664,shared_2l_1pool
10100,6.06711907312274,0.8540940470993519,5.107321077957749,shared_2l_1pool
10101,7.3268720880150795,2.0597840193659067,5.138956941664219,shared_2l_1pool
10102,6.154876900836825,0.8605469483882189,5.184669978916645,shared_2l_1pool
10103,6.122388876974583,0.8924028370529413,5.121662048622966,shared_2l_1pool
10104,6.066919071599841,0.8537559770047665,5.108193960040808,shared_2l_1pool
10105,6.102500017732382,0.8549671620130539,5.141569999977946,shared_2l_1pool
10106,6.094140931963921,0.8592009544372559,5.127063021063805,shared_2l_1pool
10107,6.129519082605839,0.8544269949197769,5.170022137463093,shared_2l_1pool
10108,6.096544908359647,0.8288461249321699,5.160187836736441,shared_2l_1pool
10109,6.108386907726526,0.8506309241056442,5.145754897966981,shared_2l_1pool
10110,6.100958911702037,0.8432460017502308,5.147675983607769,shared_2l_1pool
10111,6.078029051423073,0.8484979625791311,5.120603833347559,shared_2l_1pool
10112,6.032210076227784,0.8577690459787846,5.069219041615725,shared_2l_1pool
10113,6.064872024580836,0.8426399435847998,5.114855011925101,shared_2l_1pool
10114,6.111161084845662,0.8704499341547489,5.133348051458597,shared_2l_1pool
10115,6.092891097068787,0.8656030986458063,5.122064845636487,shared_2l_1pool
10116,6.070571020245552,0.8476909715682268,5.117545137181878,shared_2l_1pool
10117,7.351254113018513,2.057197969406843,5.172826815396547,shared_2l_1pool
10118,6.1009470373392105,0.862092012539506,5.131033947691321,shared_2l_1pool
10119,6.08359114266932,0.8578100241720676,5.118898116052151,shared_2l_1pool
10120,6.083357846364379,0.8421679958701134,5.134172970429063,shared_2l_1pool
10121,6.109007867053151,0.8728648535907269,5.129687022417784,shared_2l_1pool
10122,6.09535607509315,0.8527359459549189,5.133683094754815,shared_2l_1pool
10123,6.083437008783221,0.856044003739953,5.118087865412235,shared_2l_1pool
10124,6.168856984004378,0.8519529365003109,5.209056194871664,shared_2l_1pool
10125,6.123744882643223,0.840415945276618,5.175875965505838,shared_2l_1pool
10126,6.073950789868832,0.8468250744044781,5.119970999658108,shared_2l_1pool
10127,6.059047998860478,0.8458329830318689,5.106322001665831,shared_2l_1pool
10128,6.110250949859619,0.85306609980762,5.150560988113284,shared_2l_1pool
10129,6.107123102992773,0.8510930929332972,5.150332115590572,shared_2l_1pool
10130,6.093394011259079,0.872880918905139,5.1065911538898945,shared_2l_1pool
10131,6.197627866640687,0.9107559453696012,5.173252895474434,shared_2l_1pool
10132,6.168164080008864,0.8828188292682171,5.170579068362713,shared_2l_1pool
10133,7.438192144036293,2.09633307531476,5.2067500073462725,shared_2l_1pool
10134,6.129123969003558,0.9003570303320885,5.1190590020269156,shared_2l_1pool
10135,6.125146988779306,0.8907751180231571,5.126385949552059,shared_2l_1pool
10136,6.131253903731704,0.8762439247220755,5.146990995854139,shared_2l_1pool
10137,6.098909070715308,0.8588158525526524,5.131854210048914,shared_2l_1pool
10138,6.113938987255096,0.8527049794793129,5.153255071491003,shared_2l_1pool
10139,6.111436057835817,0.8677649311721325,5.1312800496816635,shared_2l_1pool
10140,6.093895062804222,0.8353660814464092,5.150775890797377,shared_2l_1pool
10141,6.098276004195213,0.8477829396724701,5.142898997291923,shared_2l_1pool
10142,6.097672041505575,0.8528430480509996,5.137194879353046,shared_2l_1pool
10143,6.080113118514419,0.8700289763510227,5.102640017867088,shared_2l_1pool
10144,6.079782033339143,0.8632750250399113,5.109095014631748,shared_2l_1pool
10145,6.116665899753571,0.8582579903304577,5.150353070348501,shared_2l_1pool
10146,6.090329028666019,0.8504851721227169,5.133513826876879,shared_2l_1pool
10147,6.1360441613942385,0.8614971302449703,5.168613977730274,shared_2l_1pool
10148,6.120411911979318,0.8477808441966772,5.166385089978576,shared_2l_1pool
10149,7.412685081362724,2.06457800231874,5.21966302767396,shared_2l_1pool
10150,6.15081493742764,0.8852870669215918,5.155992927029729,shared_2l_1pool
10151,6.102273939177394,0.8705949876457453,5.126013187691569,shared_2l_1pool
10152,6.0889080632478,0.8561620488762856,5.127205979079008,shared_2l_1pool
10153,6.108247907832265,0.8502639830112457,5.1495840307325125,shared_2l_1pool
10154,6.094017066061497,0.8600859437137842,5.124303046613932,shared_2l_1pool
10155,6.122160004451871,0.8409728761762381,5.173009121790528,shared_2l_1pool
10156,6.131809903308749,0.8441440295428038,5.180078791454434,shared_2l_1pool
10157,6.042827153578401,0.8412180468440056,5.093324929475784,shared_2l_1pool
10158,6.09844783321023,0.8722329512238503,5.115875042974949,shared_2l_1pool
10159,6.100258091464639,0.8734590373933315,5.118930945172906,shared_2l_1pool
10160,6.121292011812329,0.8588558994233608,5.155340069904923,shared_2l_1pool
10161,6.089069182053208,0.8526870515197515,5.125651136040688,shared_2l_1pool
10162,6.087554851546884,0.877259997650981,5.105191143229604,shared_2l_1pool
10163,6.135124946013093,0.8656221907585859,5.161352921277285,shared_2l_1pool
10164,6.121308077126741,0.8724231738597155,5.138240987434983,shared_2l_1pool
10165,7.3790589813143015,2.0950050093233585,5.158148007467389,shared_2l_1pool
10166,6.123201921582222,0.8693737909197807,5.1433120388537645,shared_2l_1pool
10167,6.082772044464946,0.8627208881080151,5.1133709494024515,shared_2l_1pool
10168,6.169054890051484,0.8845010306686163,5.1751050632447,shared_2l_1pool
10169,6.170965963974595,0.8530588820576668,5.210423143580556,shared_2l_1pool
10170,6.107599008828402,0.8399300277233124,5.15899108722806,shared_2l_1pool
10171,6.11125398427248,0.8649630472064018,5.139322951436043,shared_2l_1pool
10172,6.076430901885033,0.8530709892511368,5.115797044709325,shared_2l_1pool
10173,6.044185953214765,0.8686440996825695,5.067568039521575,shared_2l_1pool
10174,6.089790957048535,0.8593969978392124,5.121707916259766,shared_2l_1pool
10175,6.077266996726394,0.86810695938766,5.097223911434412,shared_2l_1pool
10176,6.126829888671637,0.8748490363359451,5.141373025253415,shared_2l_1pool
10177,6.053925957530737,0.8734760340303183,5.072431871667504,shared_2l_1pool
10178,6.064696004614234,0.8618282154202461,5.092784995213151,shared_2l_1pool
10179,6.202084012329578,0.8747149258852005,5.215598037466407,shared_2l_1pool
10180,6.073142169043422,0.8479820098727942,5.117720924317837,shared_2l_1pool
10181,7.356991991400719,2.0782919600605965,5.1519121043384075,shared_2l_1pool
10182,6.091532064601779,0.8930270560085773,5.089957034215331,shared_2l_1pool
10183,6.077955011278391,0.8714920841157436,5.09953498840332,shared_2l_1pool
10184,6.065872963517904,0.853109871968627,5.103038158267736,shared_2l_1pool
10185,6.074927980080247,0.8799380157142878,5.087709054350853,shared_2l_1pool
10186,6.092059891670942,0.8664128836244345,5.1164820324629545,shared_2l_1pool
10187,6.093903910368681,0.8597930427640676,5.128005053848028,shared_2l_1pool
10188,6.102031096816063,0.8759328629821539,5.119852954521775,shared_2l_1pool
10189,6.115254946053028,0.8765158709138632,5.133399041369557,shared_2l_1pool
10190,6.0380990616977215,0.8492779452353716,5.083160940557718,shared_2l_1pool
10191,6.103336112573743,0.8631839882582426,5.131084006279707,shared_2l_1pool
10192,6.095795892179012,0.8539101108908653,5.1358528435230255,shared_2l_1pool
10193,6.078919162973762,0.8565948810428381,5.118712084367871,shared_2l_1pool
10194,6.043643224984407,0.8547231554985046,5.082943011075258,shared_2l_1pool
10195,6.069516064599156,0.8709600660949945,5.092625971883535,shared_2l_1pool
10196,6.159466924145818,0.8392808958888054,5.213787080720067,shared_2l_1pool
10197,7.445051101967692,2.0684348419308662,5.249765003100038,shared_2l_1pool
10198,6.1334120109677315,0.867882976308465,5.155329126864672,shared_2l_1pool
10199,6.085975095629692,0.8706410881131887,5.106077995151281,shared_2l_1pool
10200,6.117486860603094,0.8706860244274139,5.137342028319836,shared_2l_1pool
10201,6.124251987785101,0.887302914634347,5.127930082380772,shared_2l_1pool
10202,6.161357043311,0.8732068818062544,5.175713216885924,shared_2l_1pool
10203,6.13097008317709,0.8474560454487801,5.174930905923247,shared_2l_1pool
10204,6.083404878154397,0.8578130509704351,5.117123015224934,shared_2l_1pool
10205,6.124368868768215,0.8662168402224779,5.149461096152663,shared_2l_1pool
10206,6.11017900519073,0.8626759517937899,5.138637963682413,shared_2l_1pool
10207,6.092263152822852,0.8536158129572868,5.129488185048103,shared_2l_1pool
10208,6.084412103518844,0.8741549681872129,5.099511006847024,shared_2l_1pool
10209,6.079426035284996,0.8668079972267151,5.104121053591371,shared_2l_1pool
10210,6.1121119651943445,0.8556949906051159,5.147622898221016,shared_2l_1pool
10211,6.096823839470744,0.8726899977773428,5.116014974191785,shared_2l_1pool
10212,6.1135259456932545,0.8588249329477549,5.143888061866164,shared_2l_1pool
10213,7.4016498401761055,2.067652065306902,5.206295987591147,shared_2l_1pool
10214,6.183871068060398,0.8888349402695894,5.185773130506277,shared_2l_1pool
10215,6.138967117294669,0.8784879464656115,5.151802906766534,shared_2l_1pool
10216,6.160869961604476,0.8602109737694263,5.1863668486475945,shared_2l_1pool
10217,6.121267098933458,0.8551119826734066,5.157559877261519,shared_2l_1pool
10218,6.074967095628381,0.845783157274127,5.11787086725235,shared_2l_1pool
10219,6.152798887342215,0.8588870987296104,5.184810841456056,shared_2l_1pool
10220,6.130132125690579,0.8659469895064831,5.155718186870217,shared_2l_1pool
10221,6.084401858970523,0.8713779971003532,5.103382049128413,shared_2l_1pool
10222,6.13167486153543,0.8751440327614546,5.148398922756314,shared_2l_1pool
10223,6.129477871581912,0.8647879585623741,5.155378952622414,shared_2l_1pool
10224,6.126812193542719,0.8839170914143324,5.128424847498536,shared_2l_1pool
10225,6.2034770380705595,0.866335816681385,5.2262661047279835,shared_2l_1pool
10226,6.129838991910219,0.8506430312991142,5.169241921976209,shared_2l_1pool
10227,6.189662963151932,0.8752960711717606,5.205303896218538,shared_2l_1pool
10228,6.100161001086235,0.8665339555591345,5.126625997945666,shared_2l_1pool
10229,7.4188190046697855,2.075707074254751,5.2105088252574205,shared_2l_1pool
10230,6.220408948138356,0.8871450554579496,5.2252779714763165,shared_2l_1pool
10231,6.204957840964198,0.8831999730318785,5.212604068219662,shared_2l_1pool
10232,6.149112014099956,0.8720951154828072,5.1703378558158875,shared_2l_1pool
10233,6.182242184877396,0.8779000490903854,5.195082863792777,shared_2l_1pool
10234,6.159375887364149,0.8420059457421303,5.211842944845557,shared_2l_1pool
10235,6.156560033559799,0.8762290235608816,5.1718819886446,shared_2l_1pool
10236,6.19544112123549,0.8965008892118931,5.190069088712335,shared_2l_1pool
10237,6.150044966489077,0.8506840094923973,5.191088886931539,shared_2l_1pool
10238,6.096869008615613,0.861284090206027,5.129804834723473,shared_2l_1pool
10239,6.133793154731393,0.8711300324648619,5.15213399194181,shared_2l_1pool
10240,6.206216989085078,0.884347828105092,5.2051611710339785,shared_2l_1pool
10241,6.124116014689207,0.8616030681878328,5.152309080585837,shared_2l_1pool
10242,6.121515994891524,0.8936889935284853,5.117726977914572,shared_2l_1pool
10243,6.136680953204632,0.8665879722684622,5.159687018021941,shared_2l_1pool
10244,6.119681987911463,0.8813799358904362,5.128562916070223,shared_2l_1pool
10245,7.451569894328713,2.0717030856758356,5.24654402397573,shared_2l_1pool
10246,6.181882927194238,0.8827389683574438,5.18573191948235,shared_2l_1pool
10247,6.151653127744794,0.8640610612928867,5.1776820328086615,shared_2l_1pool
10248,6.154072936624289,0.8726408705115318,5.172295030206442,shared_2l_1pool
10249,6.1877749394625425,0.8692860137671232,5.211675073951483,shared_2l_1pool
10250,6.205962039530277,0.8686520159244537,5.229630973190069,shared_2l_1pool
10251,6.164052989333868,0.8659609593451023,5.1864879205822945,shared_2l_1pool
10252,6.121535087004304,0.8578819688409567,5.154500948265195,shared_2l_1pool
10253,6.1984290368855,0.8663991466164589,5.223004845902324,shared_2l_1pool
10254,6.162703037261963,0.8743030484765768,5.17847784794867,shared_2l_1pool
10255,6.180590949952602,0.8750860579311848,5.191677948459983,shared_2l_1pool
10256,6.2264371663331985,0.855450052767992,5.252553848549724,shared_2l_1pool
10257,6.201534066349268,0.8754958398640156,5.216195015236735,shared_2l_1pool
10258,6.141507066786289,0.8735279552638531,5.1528040785342455,shared_2l_1pool
10259,6.146250991150737,0.8595769759267569,5.177034996449947,shared_2l_1pool
10260,6.173696834594011,0.8763228543102741,5.187473027035594,shared_2l_1pool
10261,7.4756990652531385,2.086541149765253,5.259520839899778,shared_2l_1pool
10262,6.2112759333103895,0.8912167977541685,5.208132090047002,shared_2l_1pool
10263,6.212948122993112,0.8986378088593483,5.2045329939574,shared_2l_1pool
10264,6.151367910206318,0.869502080604434,5.172383040189743,shared_2l_1pool
10265,6.182254059240222,0.8797310292720795,5.191934062168002,shared_2l_1pool
10266,6.141185062006116,0.8751258719712496,5.153618054464459,shared_2l_1pool
10267,6.185568869113922,0.8840041700750589,5.194128956645727,shared_2l_1pool
10268,6.184912985190749,0.8587781339883804,5.218112841248512,shared_2l_1pool
10269,6.196105852723122,0.8720769546926022,5.215445999056101,shared_2l_1pool
10270,6.205613957718015,0.8707181550562382,5.225723842158914,shared_2l_1pool
10271,6.117888959124684,0.8566391188651323,5.15121384523809,shared_2l_1pool
10272,6.143082864582539,0.856705941259861,5.176891107112169,shared_2l_1pool
10273,6.168760126456618,0.905581982806325,5.154623184353113,shared_2l_1pool
10274,6.201277021318674,0.8655409328639507,5.228107096627355,shared_2l_1pool
10275,6.114440970122814,0.8590479847043753,5.146602168679237,shared_2l_1pool
10276,6.119651952758431,0.8642268367111683,5.144927185028791,shared_2l_1pool
10277,7.4602419044822454,2.1058088168501854,5.224795080721378,shared_2l_1pool
10278,6.178327137604356,0.8910761680454016,5.176421022042632,shared_2l_1pool
10279,6.196153815835714,0.900649931281805,5.185856018215418,shared_2l_1pool
10280,6.127869011834264,0.8687800727784634,5.148108117282391,shared_2l_1pool
10281,6.180067081004381,0.9016299154609442,5.166229093447328,shared_2l_1pool
10282,6.207810016348958,0.8693381678313017,5.221853964030743,shared_2l_1pool
10283,6.204113131389022,0.8881171233952045,5.2031350787729025,shared_2l_1pool
10284,6.205238169059157,0.8825049735605717,5.212445976212621,shared_2l_1pool
10285,6.1597570311278105,0.9053999092429876,5.146309034898877,shared_2l_1pool
10286,6.1573851853609085,0.8973008953034878,5.1486860029399395,shared_2l_1pool
10287,6.239320849999785,0.8969539776444435,5.227187182754278,shared_2l_1pool
10288,6.186504848301411,0.8684960193932056,5.204726941883564,shared_2l_1pool
10289,6.168165942654014,0.8905068971216679,5.166757153347135,shared_2l_1pool
10290,6.2085590325295925,0.8953011129051447,5.20161003805697,shared_2l_1pool
10291,6.202996009960771,0.8762332145124674,5.214934004470706,shared_2l_1pool
10292,6.216397974640131,0.8734280709177256,5.2324580028653145,shared_2l_1pool
10293,7.48251611366868,2.106801839545369,5.246901186183095,shared_2l_1pool
10294,6.225055083632469,0.8968310430645943,5.216646008193493,shared_2l_1pool
10295,6.23163185082376,0.8816830813884735,5.239872029051185,shared_2l_1pool
10296,6.174222100526094,0.8683349005877972,5.194262135773897,shared_2l_1pool
10297,6.183092016726732,0.8915250655263662,5.1824168767780066,shared_2l_1pool
10298,6.214130204170942,0.8974538650363684,5.204613087698817,shared_2l_1pool
10299,6.228688871487975,0.891564879566431,5.223765037953854,shared_2l_1pool
10300,6.174533162266016,0.8923839777708054,5.171317141503096,shared_2l_1pool
10301,6.161016877740622,0.8683910127729177,5.183318164199591,shared_2l_1pool
10302,6.159096956253052,0.8868549484759569,5.161623004823923,shared_2l_1pool
10303,6.21440913528204,0.882758991792798,5.222072126343846,shared_2l_1pool
10304,6.157894153147936,0.8774830494076014,5.167254945263267,shared_2l_1pool
10305,6.225794088095427,0.8859210647642612,5.227430025115609,shared_2l_1pool
10306,6.207928992807865,0.9001579601317644,5.195850040763617,shared_2l_1pool
10307,6.116471951827407,0.8540248963981867,5.151882069185376,shared_2l_1pool
10308,6.133593153208494,0.8640829473733902,5.160697968676686,shared_2l_1pool
10309,7.474318146705627,2.0902119576931,5.247985012829304,shared_2l_1pool
10310,6.129048997536302,0.8742429781705141,5.143448943272233,shared_2l_1pool
10311,6.155724870041013,0.8719090837985277,5.173130892217159,shared_2l_1pool
10312,6.202452816069126,0.8709719404578209,5.217928206548095,shared_2l_1pool
10313,6.1406828463077545,0.8874391205608845,5.142490845173597,shared_2l_1pool
10314,6.144793005660176,0.8654589764773846,5.167922005057335,shared_2l_1pool
10315,6.1652399599552155,0.8777671027928591,5.181838059797883,shared_2l_1pool
10316,6.232919869944453,0.8868928998708725,5.23636001162231,shared_2l_1pool
10317,6.1541348695755005,0.8752110879868269,5.170590011402965,shared_2l_1pool
10318,6.15523406304419,0.8802809752523899,5.164680071175098,shared_2l_1pool
10319,6.1167459934949875,0.867326045408845,5.135501967743039,shared_2l_1pool
10320,6.159445969387889,0.890790019184351,5.1594211254268885,shared_2l_1pool
10321,6.174679147079587,0.8825089316815138,5.185516085475683,shared_2l_1pool
10322,6.18733000010252,0.8959909901022911,5.183651112020016,shared_2l_1pool
10323,6.079237908124924,0.854691956192255,5.116317188367248,shared_2l_1pool
10324,6.117371143773198,0.8859450463205576,5.123660899698734,shared_2l_1pool
10325,7.492508040741086,2.1032479126006365,5.257742013782263,shared_2l_1pool
10326,6.220377050340176,0.8839480578899384,5.223765969276428,shared_2l_1pool
10327,6.17633294314146,0.8897159714251757,5.1798459608107805,shared_2l_1pool
10328,6.145615130662918,0.8775398600846529,5.161426030099392,shared_2l_1pool
10329,6.177223054692149,0.8830861188471317,5.185986869037151,shared_2l_1pool
10330,6.223883014172316,0.8697470184415579,5.24582713842392,shared_2l_1pool
10331,6.137923104688525,0.8664298802614212,5.1596141420304775,shared_2l_1pool
10332,6.2312420923262835,0.8948261383920908,5.227260058745742,shared_2l_1pool
10333,6.1948110815137625,0.8799009956419468,5.203902022913098,shared_2l_1pool
10334,6.1977338045835495,0.9079659357666969,5.178895080462098,shared_2l_1pool
10335,6.105123087763786,0.8659118320792913,5.125816212967038,shared_2l_1pool
10336,6.165969185531139,0.8947669994086027,5.163182038813829,shared_2l_1pool
10337,6.1664890963584185,0.8802290540188551,5.17726712860167,shared_2l_1pool
10338,6.223449017852545,0.866045942530036,5.250381072983146,shared_2l_1pool
10339,6.147879874333739,0.8682869374752045,5.169844953343272,shared_2l_1pool
10340,6.151605863124132,0.8807519916445017,5.16525493003428,shared_2l_1pool
10341,7.4688110034912825,2.1163588389754295,5.220341961830854,shared_2l_1pool
10342,6.186651065945625,0.8986238390207291,5.177878076210618,shared_2l_1pool
10343,6.2270378693938255,0.8956061210483313,5.220629973337054,shared_2l_1pool
10344,6.126165855675936,0.8769899141043425,5.140057066455483,shared_2l_1pool
10345,6.110098911449313,0.8665409404784441,5.132108926773071,shared_2l_1pool
10346,6.186411017552018,0.9336350485682487,5.143195856362581,shared_2l_1pool
10347,6.164243910461664,0.8792760781943798,5.175793077796698,shared_2l_1pool
10348,6.1410218477249146,0.8765959646552801,5.1532171200960875,shared_2l_1pool
10349,6.163288140669465,0.8916240185499191,5.1623499020934105,shared_2l_1pool
10350,6.204500794410706,0.8948908653110266,5.200505955144763,shared_2l_1pool
10351,6.163478828966618,0.8563951123505831,5.197526887059212,shared_2l_1pool
10352,6.190808955579996,0.8702441118657589,5.204136949032545,shared_2l_1pool
10353,6.20414107106626,0.9016590192914009,5.190178984776139,shared_2l_1pool
10354,6.194722838699818,0.8762830402702093,5.2069248631596565,shared_2l_1pool
10355,6.11772108823061,0.8681451436132193,5.141329951584339,shared_2l_1pool
10356,6.171351997181773,0.8954629302024841,5.165717098861933,shared_2l_1pool
10357,7.440168876200914,2.1251949947327375,5.186934024095535,shared_2l_1pool
10358,6.1759608797729015,0.9027931373566389,5.1609789952635765,shared_2l_1pool
10359,6.1945749912410975,0.8944759611040354,5.190134048461914,shared_2l_1pool
10360,6.145525956526399,0.8821350056678057,5.153337959200144,shared_2l_1pool
10361,6.2533940654248,0.8929239120334387,5.251832073554397,shared_2l_1pool
10362,6.110183894634247,0.8825731929391623,5.119474837556481,shared_2l_1pool
10363,6.1065880581736565,0.8563648443669081,5.142277106642723,shared_2l_1pool
10364,6.136693991720676,0.8455018978565931,5.182977067306638,shared_2l_1pool
10365,6.18342706002295,0.8881280664354563,5.181287880986929,shared_2l_1pool
10366,6.180990021675825,0.8766190148890018,5.192916141822934,shared_2l_1pool
10367,6.207966944202781,0.9127070661634207,5.1843770779669285,shared_2l_1pool
10368,6.164819002151489,0.8893420454114676,5.165127106010914,shared_2l_1pool
10369,6.122827995568514,0.8875888306647539,5.1260460168123245,shared_2l_1pool
10370,6.180003052577376,0.8910801261663437,5.179309984669089,shared_2l_1pool
10371,6.162774050608277,0.8936729282140732,5.160223925486207,shared_2l_1pool
10372,6.171232089400291,0.8884558919817209,5.172798177227378,shared_2l_1pool
10373,7.483139168471098,2.129657892510295,5.223412998020649,shared_2l_1pool
10374,6.183068035170436,0.9110548999160528,5.165984155610204,shared_2l_1pool
10375,6.168996915221214,0.8861760143190622,5.172247998416424,shared_2l_1pool
10376,6.197288865223527,0.8857639040797949,5.202641943469644,shared_2l_1pool
10377,6.207481026649475,0.8653830736875534,5.226641893386841,shared_2l_1pool
10378,6.1515020206570625,0.8569508790969849,5.185747053474188,shared_2l_1pool
10379,6.116927834227681,0.8798500057309866,5.130775971338153,shared_2l_1pool
10380,6.16539316251874,0.915205106139183,5.140078021213412,shared_2l_1pool
10381,6.200198084115982,0.874214107170701,5.2145919762551785,shared_2l_1pool
10382,6.177533883601427,0.8877301588654518,5.179732805117965,shared_2l_1pool
10383,6.187422899529338,0.8867799770087004,5.188323091715574,shared_2l_1pool
10384,6.201349897310138,0.8805349934846163,5.211046896874905,shared_2l_1pool
10385,6.17602001875639,0.8900328539311886,5.175183992832899,shared_2l_1pool
10386,6.152773974463344,0.8667649235576391,5.176855018362403,shared_2l_1pool
10387,6.168095162138343,0.8795489557087421,5.181457148864865,shared_2l_1pool
10388,6.219340953975916,0.8908789604902267,5.2188660483807325,shared_2l_1pool
10389,7.426090072840452,2.0816170144826174,5.2172839641571045,shared_2l_1pool
10390,6.241669878363609,0.900565879419446,5.230696173384786,shared_2l_1pool
10391,6.2201679684221745,0.8985588792711496,5.213564960286021,shared_2l_1pool
10392,6.141327088698745,0.8684499189257622,5.162826040759683,shared_2l_1pool
10393,6.198173156008124,0.8989840280264616,5.185551010072231,shared_2l_1pool
10394,6.21272693388164,0.8876807987689972,5.216657184064388,shared_2l_1pool
10395,6.1657840851694345,0.8684410713613033,5.186683963984251,shared_2l_1pool
10396,6.2035368755459785,0.8805051911622286,5.21352794021368,shared_2l_1pool
10397,6.20499299839139,0.8843988180160522,5.213332129642367,shared_2l_1pool
10398,6.219519069418311,0.866129994392395,5.246361019089818,shared_2l_1pool
10399,6.165034137666225,0.8636340498924255,5.1922728307545185,shared_2l_1pool
10400,6.161445053294301,0.8946659509092569,5.157619947567582,shared_2l_1pool
10401,6.199090043082833,0.8892659097909927,5.20010688342154,shared_2l_1pool
10402,6.183364894241095,0.8641760796308517,5.205734865739942,shared_2l_1pool
10403,6.1259460635483265,0.8509871549904346,5.162444896996021,shared_2l_1pool
10404,6.144478917121887,0.8717931341379881,5.161969922482967,shared_2l_1pool
10405,7.821984821930528,2.474794164299965,5.217938916757703,shared_2l_1pool
10406,6.1797089874744415,0.9177809115499258,5.1503891590982676,shared_2l_1pool
10407,6.1795401852577925,0.9012850932776928,5.16934203915298,shared_2l_1pool
10408,6.173975067213178,0.8909499738365412,5.171799100935459,shared_2l_1pool
10409,6.162422010675073,0.8944300934672356,5.156215978786349,shared_2l_1pool
10410,6.188865983858705,0.8774471934884787,5.20069501362741,shared_2l_1pool
10411,6.190934916958213,0.8736490271985531,5.206139991059899,shared_2l_1pool
10412,6.187651073560119,0.8837161585688591,5.191433010622859,shared_2l_1pool
10413,6.189499981701374,0.8788809645920992,5.199550185352564,shared_2l_1pool
10414,6.16069883108139,0.8733728900551796,5.175607977434993,shared_2l_1pool
10415,6.177528062835336,0.8558959234505892,5.213332129642367,shared_2l_1pool
10416,6.119136931374669,0.8776290342211723,5.132431862875819,shared_2l_1pool
10417,6.154538132250309,0.8771349675953388,5.168505012989044,shared_2l_1pool
10418,6.165212951600552,0.9019069839268923,5.155127961188555,shared_2l_1pool
10419,6.174731999635696,0.8838360663503408,5.183240864425898,shared_2l_1pool
10420,6.147592095658183,0.8717488963156939,5.169047974050045,shared_2l_1pool
10421,7.5356310699135065,2.1056581754237413,5.295002833008766,shared_2l_1pool
10422,6.214871071279049,0.9071480017155409,5.197352031245828,shared_2l_1pool
10423,6.190967978909612,0.8830740116536617,5.201219813898206,shared_2l_1pool
10424,6.18906388990581,0.8759149350225925,5.203115986660123,shared_2l_1pool
10425,6.225497927516699,0.8780050557106733,5.236409837380052,shared_2l_1pool
10426,6.1900250148028135,0.8779680356383324,5.204066867008805,shared_2l_1pool
10427,6.20664213784039,0.8711419068276882,5.229596048593521,shared_2l_1pool
10428,6.162161938846111,0.8930291514843702,5.161277949810028,shared_2l_1pool
10429,6.217376794666052,0.8772211149334908,5.232939962297678,shared_2l_1pool
10430,6.186408922076225,0.8875560015439987,5.18991588614881,shared_2l_1pool
10431,6.212539970874786,0.8980240672826767,5.206753965467215,shared_2l_1pool
10432,6.174966925755143,0.8781449869275093,5.18642202951014,shared_2l_1pool
10433,6.22046715579927,0.8750408887863159,5.239349091425538,shared_2l_1pool
10434,6.184212164953351,0.8449978195130825,5.229210015386343,shared_2l_1pool
10435,6.119923200458288,0.8545790333300829,5.159619962796569,shared_2l_1pool
10436,6.2218899838626385,0.8841811213642359,5.229338072240353,shared_2l_1pool
10437,7.42545910179615,2.0614538807421923,5.2362901624292135,shared_2l_1pool
10438,6.201147101819515,0.8664550259709358,5.216778954491019,shared_2l_1pool
10439,6.183604942634702,0.8942079730331898,5.18210488371551,shared_2l_1pool
10440,6.174962967634201,0.8813249878585339,5.183805013075471,shared_2l_1pool
10441,6.2103059608489275,0.8889951277524233,5.209885071963072,shared_2l_1pool
10442,6.202077958732843,0.8971679490059614,5.196277052164078,shared_2l_1pool
10443,6.163184065371752,0.884033041074872,5.162643967196345,shared_2l_1pool
10444,6.204675883054733,0.90066809207201,5.193820921704173,shared_2l_1pool
10445,6.173975067213178,0.88644796051085,5.178479943424463,shared_2l_1pool
10446,6.158564938232303,0.893177930265665,5.153947044163942,shared_2l_1pool
10447,6.1569008976221085,0.878932187333703,5.163637921214104,shared_2l_1pool
10448,6.16414612159133,0.8939059916883707,5.156944040209055,shared_2l_1pool
10449,6.2019790057092905,0.8911180775612593,5.198825849220157,shared_2l_1pool
10450,6.203873082995415,0.8869119919836521,5.207668989896774,shared_2l_1pool
10451,6.121180951595306,0.872091855853796,5.140342051163316,shared_2l_1pool
10452,6.199185969308019,0.8922438137233257,5.195987178012729,shared_2l_1pool
10453,7.483546156436205,2.10278807207942,5.25789987295866,shared_2l_1pool
10454,6.21483800932765,0.9202510118484497,5.183384055271745,shared_2l_1pool
10455,6.249119061976671,0.9016101248562336,5.236010067164898,shared_2l_1pool
10456,6.167073035612702,0.8762611541897058,5.1811737939715385,shared_2l_1pool
10457,6.25876197591424,0.9487220086157322,5.202234955504537,shared_2l_1pool
10458,6.149485940113664,0.8647099602967501,5.177136044949293,shared_2l_1pool
10459,6.220043869689107,0.8730289991945028,5.238931160420179,shared_2l_1pool
10460,6.198731018230319,0.8851969614624977,5.2028559148311615,shared_2l_1pool
10461,6.171823013573885,0.8933320641517639,5.170546937733889,shared_2l_1pool
10462,6.1881570145487785,0.8869809098541737,5.192835116758943,shared_2l_1pool
10463,6.160866003483534,0.8874819613993168,5.160912871360779,shared_2l_1pool
10464,6.145418854430318,0.8875729981809855,5.1439988892525434,shared_2l_1pool
10465,6.163025973364711,0.8922701235860586,5.161254899576306,shared_2l_1pool
10466,6.186449900269508,0.8959739934653044,5.180764012038708,shared_2l_1pool
10467,6.138741038739681,0.8746909443289042,5.15383412130177,shared_2l_1pool
10468,6.165051134303212,0.8733198046684265,5.177583079785109,shared_2l_1pool
10469,7.497204001992941,2.104794839397073,5.262686172500253,shared_2l_1pool
10470,6.201918004080653,0.9120360482484102,5.17731299623847,shared_2l_1pool
10471,6.1945009510964155,0.8863089606165886,5.199359962716699,shared_2l_1pool
10472,6.202834891155362,0.8702247869223356,5.219938000664115,shared_2l_1pool
10473,6.241413997486234,0.8921341504901648,5.236640805378556,shared_2l_1pool
10474,6.239896873012185,0.9161571506410837,5.213277880102396,shared_2l_1pool
10475,6.264163879677653,0.8918850217014551,5.260449135676026,shared_2l_1pool
10476,6.197432056069374,0.8823198731988668,5.202580010518432,shared_2l_1pool
10477,6.194615038111806,0.8907550945878029,5.193821853026748,shared_2l_1pool
10478,6.257073022425175,0.922780018299818,5.221433937549591,shared_2l_1pool
10479,6.225179880857468,0.897218007594347,5.2159440238028765,shared_2l_1pool
10480,6.24184007756412,0.8938009850680828,5.237462930381298,shared_2l_1pool
10481,6.2204578425735235,0.8958610706031322,5.21620106883347,shared_2l_1pool
10482,6.1566480435431,0.8844931144267321,5.160780856385827,shared_2l_1pool
10483,6.2345771584659815,0.9029351640492678,5.221890984103084,shared_2l_1pool
10484,6.205667043104768,0.8954859804362059,5.198539001867175,shared_2l_1pool
10485,7.536062970757484,2.114637056365609,5.287663079798222,shared_2l_1pool
10486,6.2395881395787,0.9101738687604666,5.212471121922135,shared_2l_1pool
10487,6.264031864702702,0.9190510027110577,5.22807496599853,shared_2l_1pool
10488,6.257637869566679,0.9189269039779902,5.226920126006007,shared_2l_1pool
10489,6.2358921859413385,0.898849917575717,5.2268728613853455,shared_2l_1pool
10490,6.184449885040522,0.8896768558770418,5.184921203181148,shared_2l_1pool
10491,6.294847000390291,0.903064152225852,5.275479052215815,shared_2l_1pool
10492,6.253608968108892,0.890958821401,5.249829031527042,shared_2l_1pool
10493,6.215237081050873,0.8977178949862719,5.210017086938024,shared_2l_1pool
10494,6.238867994397879,0.9007079061120749,5.2280009258538485,shared_2l_1pool
10495,6.19293306954205,0.8987211622297764,5.178389837965369,shared_2l_1pool
10496,6.2983648385852575,0.8855019696056843,5.306618986651301,shared_2l_1pool
10497,6.236043991521001,0.8856330532580614,5.241818958893418,shared_2l_1pool
10498,6.2574290204793215,0.9016611147671938,5.24381990544498,shared_2l_1pool
10499,6.212332984432578,0.8801959920674562,5.225264932960272,shared_2l_1pool
10500,6.195953814312816,0.8869038429111242,5.199680104851723,shared_2l_1pool
10501,7.568119093775749,2.1191148553043604,5.318080075085163,shared_2l_1pool
10502,6.2598660588264465,0.8933721110224724,5.2472250536084175,shared_2l_1pool
10503,6.270789075642824,0.9305020794272423,5.22694899700582,shared_2l_1pool
10504,6.203110096976161,0.9048809297382832,5.188690032809973,shared_2l_1pool
10505,6.242709932848811,0.8866209536790848,5.244733998551965,shared_2l_1pool
10506,6.221321877092123,0.9068171493709087,5.208521848544478,shared_2l_1pool
10507,6.23669195920229,0.9076581336557865,5.217229947447777,shared_2l_1pool
10508,6.256775930523872,0.9080790914595127,5.236860830336809,shared_2l_1pool
10509,6.278109969571233,0.9093729313462973,5.2566679660230875,shared_2l_1pool
10510,6.18772697634995,0.8808639831840992,5.192938959226012,shared_2l_1pool
10511,6.206826074048877,0.8932801429182291,5.200807936489582,shared_2l_1pool
10512,6.245290162041783,0.8866798598319292,5.245787091553211,shared_2l_1pool
10513,6.232129875570536,0.8957460522651672,5.224369931966066,shared_2l_1pool
10514,6.2496180180460215,0.9131019469350576,5.218930076807737,shared_2l_1pool
10515,6.267159944400191,0.8889271412044764,5.2636058535426855,shared_2l_1pool
10516,6.217080168426037,0.9109228849411011,5.193731980398297,shared_2l_1pool
10517,7.543315878137946,2.1389899775385857,5.269233137369156,shared_2l_1pool
10518,6.302820984274149,0.9191620629280806,5.271753994747996,shared_2l_1pool
10519,6.227015983313322,0.8827380370348692,5.230891052633524,shared_2l_1pool
10520,6.268891040235758,0.9118730667978525,5.245533073320985,shared_2l_1pool
10521,6.319367093965411,0.9139440953731537,5.292783956974745,shared_2l_1pool
10522,6.20939489454031,0.8989169728010893,5.2029110956937075,shared_2l_1pool
10523,6.1834079679101706,0.9132300037890673,5.1600211299955845,shared_2l_1pool
10524,6.225035060197115,0.8910270407795906,5.222425097599626,shared_2l_1pool
10525,6.202642107382417,0.8875271305441856,5.203238921239972,shared_2l_1pool
10526,6.2682051211595535,0.9110970422625542,5.241527920588851,shared_2l_1pool
10527,6.263091927394271,0.9100558236241341,5.239433143287897,shared_2l_1pool
10528,6.311312085017562,0.9247839916497469,5.273037124425173,shared_2l_1pool
10529,6.335067795589566,0.9522000327706337,5.271569127216935,shared_2l_1pool
10530,6.217804038897157,0.8910051546990871,5.215738900005817,shared_2l_1pool
10531,6.244992138817906,0.8933159988373518,5.2449030335992575,shared_2l_1pool
10532,6.184738129377365,0.8767680265009403,5.197674036026001,shared_2l_1pool
10533,7.4745831079781055,2.128853928297758,5.214737029746175,shared_2l_1pool
10534,6.2197730876505375,0.928517896682024,5.176514154300094,shared_2l_1pool
10535,6.2160620000213385,0.8952009957283735,5.207550944760442,shared_2l_1pool
10536,6.241384893655777,0.9007919579744339,5.2184839732944965,shared_2l_1pool
10537,6.195675116032362,0.914338044822216,5.168291972950101,shared_2l_1pool
10538,6.235715001821518,0.892173033207655,5.231181858107448,shared_2l_1pool
10539,6.233270978555083,0.8886659052222967,5.232695024460554,shared_2l_1pool
10540,6.205959944054484,0.88261510245502,5.210062023252249,shared_2l_1pool
10541,6.261860020458698,0.9095619898289442,5.234107142314315,shared_2l_1pool
10542,6.318971049040556,0.9062460158020258,5.299160024151206,shared_2l_1pool
10543,6.238429807126522,0.9130148682743311,5.210033152252436,shared_2l_1pool
10544,6.306340917944908,0.9152470156550407,5.277005024254322,shared_2l_1pool
10545,6.276563974097371,0.9068679064512253,5.261758109554648,shared_2l_1pool
10546,6.275346037000418,0.9090930689126253,5.253529874607921,shared_2l_1pool
10547,6.2462519854307175,0.9205499663949013,5.211215000599623,shared_2l_1pool
10548,6.281316047534347,0.9078430011868477,5.258277989923954,shared_2l_1pool
10549,7.633000146597624,2.1864031441509724,5.31230797059834,shared_2l_1pool
10550,6.299488013610244,0.9145569056272507,5.268641049042344,shared_2l_1pool
10551,6.351199001073837,0.931877875700593,5.305631086230278,shared_2l_1pool
10552,6.262073991820216,0.9061270393431187,5.243523046374321,shared_2l_1pool
10553,6.241049151867628,0.9031849913299084,5.23131201043725,shared_2l_1pool
10554,6.2827011570334435,0.944571103900671,5.224058870226145,shared_2l_1pool
10555,6.3330859411507845,0.9295549243688583,5.2900181617587805,shared_2l_1pool
10556,6.231595994904637,0.9019989520311356,5.219295853748918,shared_2l_1pool
10557,6.23272405937314,0.9300699457526207,5.191989941522479,shared_2l_1pool
10558,6.271248916164041,0.9326690342277288,5.222453968599439,shared_2l_1pool
10559,6.286012940108776,0.9033989626914263,5.272016162052751,shared_2l_1pool
10560,6.288409000262618,0.9095009882003069,5.2610840648412704,shared_2l_1pool
10561,6.2798981089144945,0.9535020217299461,5.214549135416746,shared_2l_1pool
10562,6.264608120545745,0.8960352279245853,5.258360877633095,shared_2l_1pool
10563,6.225115852430463,0.8921460248529911,5.221942905336618,shared_2l_1pool
10564,6.221357034519315,0.8824181277304888,5.229474976658821,shared_2l_1pool
10565,7.593879010528326,2.1618229802697897,5.2996850572526455,shared_2l_1pool
10566,6.21693697758019,0.9198901243507862,5.1832369063049555,shared_2l_1pool
10567,6.22848910279572,0.9181089699268341,5.195214878767729,shared_2l_1pool
10568,6.281659938395023,0.9093049447983503,5.252933129668236,shared_2l_1pool
10569,6.269813980907202,0.9522479958832264,5.203174892812967,shared_2l_1pool
10570,6.260510068386793,0.8744089864194393,5.2704650443047285,shared_2l_1pool
10571,6.242946954444051,0.9086569771170616,5.220988066866994,shared_2l_1pool
10572,6.236779969185591,0.9223890956491232,5.204835906624794,shared_2l_1pool
10573,6.233460968360305,0.9116479195654392,5.206921137869358,shared_2l_1pool
10574,6.271848920732737,0.9265528060495853,5.229109199717641,shared_2l_1pool
10575,6.256681866943836,0.9080909658223391,5.236220080405474,shared_2l_1pool
10576,6.282839924097061,0.9242950472980738,5.24500198662281,shared_2l_1pool
10577,6.252343999221921,0.8854998741298914,5.2538730669766665,shared_2l_1pool
10578,6.234019994735718,0.9071261156350374,5.20695187151432,shared_2l_1pool
10579,6.224907003343105,0.8960319682955742,5.218383856117725,shared_2l_1pool
10580,6.258065113797784,0.9111508261412382,5.231696180999279,shared_2l_1pool
10581,7.5745671056210995,2.1321000531315804,5.311992019414902,shared_2l_1pool
10582,6.328161805868149,0.9381871204823256,5.275429924950004,shared_2l_1pool
10583,6.237979047000408,0.9172088466584682,5.206473171710968,shared_2l_1pool
10584,6.21094205416739,0.9065559133887291,5.192189943045378,shared_2l_1pool
10585,6.350775016471744,0.9439969435334206,5.294258939102292,shared_2l_1pool
10586,6.241802824661136,0.9072681423276663,5.221099825575948,shared_2l_1pool
10587,6.263077026233077,0.9012408554553986,5.249170120805502,shared_2l_1pool
10588,6.24297303147614,0.8808409329503775,5.2438590209931135,shared_2l_1pool
10589,6.2317808624356985,0.8931530173867941,5.224753171205521,shared_2l_1pool
10590,6.279280874878168,0.9390369523316622,5.228043999522924,shared_2l_1pool
10591,6.272530881687999,0.9086369536817074,5.25260902941227,shared_2l_1pool
10592,6.2168859876692295,0.8980908896774054,5.203234031796455,shared_2l_1pool
10593,6.287367083132267,0.8983318693935871,5.279436009004712,shared_2l_1pool
10594,6.25011115334928,0.9040380828082561,5.234143929556012,shared_2l_1pool
10595,6.253354949876666,0.9079829324036837,5.236655939370394,shared_2l_1pool
10596,6.2416670843958855,0.9045540355145931,5.225071916356683,shared_2l_1pool
10597,7.5301919132471085,2.1282618399709463,5.268349079415202,shared_2l_1pool
10598,6.254965905100107,0.9064299520105124,5.237331846728921,shared_2l_1pool
10599,6.249462021514773,0.8928701281547546,5.248130997642875,shared_2l_1pool
10600,6.272234953939915,0.9043118916451931,5.258227931335568,shared_2l_1pool
10601,6.216927897185087,0.8986569009721279,5.207726964727044,shared_2l_1pool
10602,6.308313924819231,0.8902521803975105,5.309648811817169,shared_2l_1pool
10603,6.258249981328845,0.8927390445023775,5.258079851046205,shared_2l_1pool
10604,6.207352038472891,0.8787289261817932,5.216945894062519,shared_2l_1pool
10605,6.221765885129571,0.8866940625011921,5.221565021201968,shared_2l_1pool
10606,6.270089885219932,0.9214940946549177,5.238438956439495,shared_2l_1pool
10607,6.240695016458631,0.9022231679409742,5.231303861364722,shared_2l_1pool
10608,6.262962939217687,0.8931020274758339,5.25605701841414,shared_2l_1pool
10609,6.208233069628477,0.8864430710673332,5.2129230462014675,shared_2l_1pool
10610,6.2378637958317995,0.9071070235222578,5.2214080933481455,shared_2l_1pool
10611,6.24070200137794,0.8806281257420778,5.2523978520184755,shared_2l_1pool
10612,6.249499972909689,0.8939257822930813,5.246879067271948,shared_2l_1pool
10613,7.528585148975253,2.1084609907120466,5.288295913487673,shared_2l_1pool
10614,6.26415410079062,0.9065992198884487,5.2484748885035515,shared_2l_1pool
10615,6.2288520857691765,0.9029710199683905,5.218919832259417,shared_2l_1pool
10616,6.238233996555209,0.8953039068728685,5.2362720016390085,shared_2l_1pool
10617,6.173724075779319,0.8858870714902878,5.1795439794659615,shared_2l_1pool
10618,6.220757961273193,0.8882919792085886,5.224071908742189,shared_2l_1pool
10619,6.20319414883852,0.8756557945162058,5.216761026531458,shared_2l_1pool
10620,6.1716309282928705,0.880138948559761,5.181565880775452,shared_2l_1pool
10621,6.2488040421158075,0.8904328569769859,5.2478420548141,shared_2l_1pool
10622,6.245495984330773,0.8968932088464499,5.233019823208451,shared_2l_1pool
10623,6.223300006240606,0.8969360496848822,5.216029938310385,shared_2l_1pool
10624,6.206552032381296,0.8861848618835211,5.212950054556131,shared_2l_1pool
10625,6.181858014315367,0.8832579478621483,5.189202027395368,shared_2l_1pool
10626,6.174860987812281,0.8858779910951853,5.175992846488953,shared_2l_1pool
10627,6.198866991326213,0.8922179695218801,5.1904229912906885,shared_2l_1pool
10628,6.231178063899279,0.8837948553264141,5.2377881947904825,shared_2l_1pool
10629,7.48990592546761,2.1189141552895308,5.244229920208454,shared_2l_1pool
10630,6.217866903170943,0.9072509128600359,5.198868922889233,shared_2l_1pool
10631,6.216908106580377,0.8938349783420563,5.211402894929051,shared_2l_1pool
10632,6.241505965590477,0.8806369733065367,5.252003902569413,shared_2l_1pool
10633,6.2389608938246965,0.8946380112320185,5.232984898611903,shared_2l_1pool
10634,6.2634008936584,0.9095908608287573,5.244805011898279,shared_2l_1pool
10635,6.234045140445232,0.8752690628170967,5.251131020486355,shared_2l_1pool
10636,6.254290929064155,0.8866500575095415,5.25480299256742,shared_2l_1pool
10637,6.269542034715414,0.894004013389349,5.264030070975423,shared_2l_1pool
10638,6.2440079636871815,0.8911408949643373,5.240161204710603,shared_2l_1pool
10639,6.3703840132802725,0.871025025844574,5.27494796551764,shared_2l_1pool
10640,6.322536151856184,0.9693331085145473,5.24162407964468,shared_2l_1pool
10641,6.294616963714361,0.8967560715973377,5.2816609386354685,shared_2l_1pool
10642,6.2796438578516245,0.9109938982874155,5.255469121038914,shared_2l_1pool
10643,6.232747808098793,0.9042990859597921,5.220439052209258,shared_2l_1pool
10644,6.268868921324611,0.8967800531536341,5.262691993266344,shared_2l_1pool
10645,7.490938995033503,2.1110710222274065,5.249670008197427,shared_2l_1pool
10646,6.316984072327614,0.9216128382831812,5.28572010807693,shared_2l_1pool
10647,6.261120084673166,0.9004250168800354,5.250914022326469,shared_2l_1pool
10648,6.227110978215933,0.8802779484540224,5.238672019913793,shared_2l_1pool
10649,6.281002890318632,0.9226580150425434,5.250631831586361,shared_2l_1pool
10650,6.266928045079112,0.9041449520736933,5.251821130514145,shared_2l_1pool
10651,6.257093977183104,0.8782241493463516,5.270537920296192,shared_2l_1pool
10652,6.210745079442859,0.8887781295925379,5.212567979469895,shared_2l_1pool
10653,6.232453975826502,0.9015428368002176,5.221017170697451,shared_2l_1pool
10654,6.299307104200125,0.897115096449852,5.293459864333272,shared_2l_1pool
10655,6.196456961333752,0.8652978576719761,5.223120097070932,shared_2l_1pool
10656,6.237569032236934,0.8959390688687563,5.2346468437463045,shared_2l_1pool
10657,6.235281936824322,0.8709859102964401,5.258563905954361,shared_2l_1pool
10658,6.2363529577851295,0.8847960270941257,5.242045968770981,shared_2l_1pool
10659,6.250872975215316,0.8973979856818914,5.246404092758894,shared_2l_1pool
10660,6.28207391127944,0.929882051423192,5.245088832452893,shared_2l_1pool
10661,7.54556804895401,2.128687920048833,5.289746914058924,shared_2l_1pool
10662,6.209218874573708,0.8931851480156183,5.204927874729037,shared_2l_1pool
10663,6.25087390653789,0.8959709666669369,5.245991982519627,shared_2l_1pool
10664,6.266915937885642,0.9051139932125807,5.254107061773539,shared_2l_1pool
10665,6.20748708024621,0.8896868675947189,5.208523944020271,shared_2l_1pool
10666,6.1681249644607306,0.8865601848810911,5.172097822651267,shared_2l_1pool
10667,6.3018230721354485,0.9512680117040873,5.242293933406472,shared_2l_1pool
10668,6.232686107978225,0.9068641811609268,5.21444994956255,shared_2l_1pool
10669,6.168833933770657,0.8662750478833914,5.195232108235359,shared_2l_1pool
10670,6.177194882184267,0.8889460004866123,5.178630817681551,shared_2l_1pool
10671,6.2013110145926476,0.891741132363677,5.197367863729596,shared_2l_1pool
10672,6.201619980856776,0.8599651046097279,5.233478965237737,shared_2l_1pool
10673,6.289099110290408,0.8958578109741211,5.282071186229587,shared_2l_1pool
10674,6.23395387083292,0.8903301786631346,5.2310749888420105,shared_2l_1pool
10675,6.200055126100779,0.8755929302424192,5.216123070567846,shared_2l_1pool
10676,6.20006094686687,0.8954699151217937,5.19568519666791,shared_2l_1pool
10677,7.500002859160304,2.1268720738589764,5.245259962975979,shared_2l_1pool
10678,6.278013112023473,0.9073489345610142,5.261192098259926,shared_2l_1pool
10679,6.243770010769367,0.903027132153511,5.231205839663744,shared_2l_1pool
10680,6.240459159016609,0.8677961304783821,5.262956023216248,shared_2l_1pool
10681,6.25300919637084,0.8753261063247919,5.269643850624561,shared_2l_1pool
10682,6.2614011112600565,0.8853140752762556,5.266502965241671,shared_2l_1pool
10683,6.2032220885157585,0.8856048807501793,5.211826181039214,shared_2l_1pool
10684,6.246308097615838,0.9069379884749651,5.230979062616825,shared_2l_1pool
10685,6.229365011677146,0.8809850551187992,5.238293902948499,shared_2l_1pool
10686,6.200494011864066,0.8813019376248121,5.2144271321594715,shared_2l_1pool
10687,6.252347957342863,0.8999728597700596,5.242520943284035,shared_2l_1pool
10688,6.238748086616397,0.9050341323018074,5.222967825829983,shared_2l_1pool
10689,6.2746291514486074,0.8864921983331442,5.2789649926126,shared_2l_1pool
10690,6.200010888278484,0.8765459060668945,5.2143270149827,shared_2l_1pool
10691,6.283408962190151,0.9496628772467375,5.225753178820014,shared_2l_1pool
10692,6.239381851628423,0.9096530266106129,5.222187144681811,shared_2l_1pool
10693,7.519043982028961,2.078443067148328,5.315071903169155,shared_2l_1pool
10694,6.255771964788437,0.9197911713272333,5.225959001109004,shared_2l_1pool
10695,6.18720892816782,0.8880039677023888,5.1926549058407545,shared_2l_1pool
10696,6.252452963963151,0.9166710078716278,5.2282181568443775,shared_2l_1pool
10697,6.218584021553397,0.8909089956432581,5.219794111326337,shared_2l_1pool
10698,6.263094954192638,0.9031218942254782,5.250204121693969,shared_2l_1pool
10699,6.220265990123153,0.8951639756560326,5.219059064984322,shared_2l_1pool
10700,6.280229892581701,0.8928580209612846,5.277838092297316,shared_2l_1pool
10701,6.289126118645072,0.8965041488409042,5.28337387368083,shared_2l_1pool
10702,6.1884180177003145,0.8832390885800123,5.197341088205576,shared_2l_1pool
10703,6.239773938432336,0.9450290817767382,5.1857829093933105,shared_2l_1pool
10704,6.237773923203349,0.9042988531291485,5.225730128586292,shared_2l_1pool
10705,6.249922094866633,0.8945551235228777,5.24438195861876,shared_2l_1pool
10706,6.242260104045272,0.8964070584625006,5.237220786511898,shared_2l_1pool
10707,6.234438857063651,0.8994911331683397,5.226021865382791,shared_2l_1pool
10708,6.264962954446673,0.896739074960351,5.25857787579298,shared_2l_1pool
10709,7.567533059045672,2.1253610029816628,5.312873050570488,shared_2l_1pool
10710,6.245943019166589,0.9060129523277283,5.2296321373432875,shared_2l_1pool
10711,6.252913968637586,0.9145778603851795,5.228105932474136,shared_2l_1pool
10712,6.224676035344601,0.8866919670253992,5.228498950600624,shared_2l_1pool
10713,6.198605988174677,0.8847159333527088,5.20545500330627,shared_2l_1pool
10714,6.20008516125381,0.8848640136420727,5.205433815717697,shared_2l_1pool
10715,6.1946960631757975,0.9133829735219479,5.172997014597058,shared_2l_1pool
10716,6.22236100025475,0.9085789788514376,5.203444045037031,shared_2l_1pool
10717,6.230897037312388,0.8871830068528652,5.2323611453175545,shared_2l_1pool
10718,6.19237613864243,0.8802239317446947,5.202125990763307,shared_2l_1pool
10719,6.283612921833992,0.9250990115106106,5.250674905255437,shared_2l_1pool
10720,6.247170036658645,0.9116188157349825,5.226626992225647,shared_2l_1pool
10721,6.250380072742701,0.90602389536798,5.2241310477256775,shared_2l_1pool
10722,6.17225794121623,0.8744478691369295,5.186957074329257,shared_2l_1pool
10723,6.222837138921022,0.9021679870784283,5.2122389897704124,shared_2l_1pool
10724,6.209385115653276,0.9021700825542212,5.198413971811533,shared_2l_1pool
10725,7.5678948778659105,2.1458629053086042,5.291928071528673,shared_2l_1pool
10726,6.252113962545991,0.8851548191159964,5.256819073110819,shared_2l_1pool
10727,6.313739810138941,0.9015861432999372,5.303133046254516,shared_2l_1pool
10728,6.277298089116812,0.9083289187401533,5.259413039311767,shared_2l_1pool
10729,6.243194919079542,0.897180987522006,5.237091099843383,shared_2l_1pool
10730,6.281326990574598,0.9307120926678181,5.240031983703375,shared_2l_1pool
10731,6.270966026932001,0.8798688650131226,5.281540099531412,shared_2l_1pool
10732,6.254269974306226,0.8954301010817289,5.246669054031372,shared_2l_1pool
10733,6.272066850215197,0.9007339831441641,5.26194111444056,shared_2l_1pool
10734,6.2627161387354136,0.9011151269078255,5.252809962257743,shared_2l_1pool
10735,6.248377030715346,0.8835101034492254,5.25478390045464,shared_2l_1pool
10736,6.291006924584508,0.8936210069805384,5.284021142870188,shared_2l_1pool
10737,6.274419138208032,0.9018050041049719,5.263519007712603,shared_2l_1pool
10738,6.236532004550099,0.8958610706031322,5.231826100498438,shared_2l_1pool
10739,6.2360509764403105,0.8727130480110645,5.254094954580069,shared_2l_1pool
10740,6.24846201390028,0.9015400428324938,5.239411955699325,shared_2l_1pool
10741,7.507873000577092,2.0965291187167168,5.270387977361679,shared_2l_1pool
10742,6.25631888397038,0.919596990570426,5.2231550216674805,shared_2l_1pool
10743,6.255618995055556,0.9056951384991407,5.242368904873729,shared_2l_1pool
10744,6.305570947006345,0.9034981485456228,5.293248919770122,shared_2l_1pool
10745,6.239972077310085,0.8791389409452677,5.254100076854229,shared_2l_1pool
10746,6.270989077165723,0.9006590116769075,5.262651946395636,shared_2l_1pool
10747,6.293840939179063,0.9167899843305349,5.264818901196122,shared_2l_1pool
10748,6.310170982033014,0.9113817941397429,5.285235121846199,shared_2l_1pool
10749,6.226946134120226,0.882013002410531,5.231483140960336,shared_2l_1pool
10750,6.260450929403305,0.8989318739622831,5.251995055004954,shared_2l_1pool
10751,6.230394123122096,0.8838360663503408,5.238409852609038,shared_2l_1pool
10752,6.232032086700201,0.8922980632632971,5.2313669584691525,shared_2l_1pool
10753,6.266597891226411,0.8750669658184052,5.284824874252081,shared_2l_1pool
10754,6.231523817405105,0.8848700672388077,5.235614953562617,shared_2l_1pool
10755,6.288567092269659,0.9085440542548895,5.272845970466733,shared_2l_1pool
10756,6.271873135119677,0.8817201014608145,5.2816797979176044,shared_2l_1pool
10757,7.5849550776183605,2.1164128556847572,5.340964067727327,shared_2l_1pool
10758,6.283536087721586,0.888593029230833,5.285324063152075,shared_2l_1pool
10759,6.260148016735911,0.893475953489542,5.253922892734408,shared_2l_1pool
10760,6.2957569025456905,0.882948050275445,5.3034580778330564,shared_2l_1pool
10761,6.354697979986668,0.9288659784942865,5.316392984241247,shared_2l_1pool
10762,6.254556821659207,0.8806870318949223,5.263129016384482,shared_2l_1pool
10763,6.2798261642456055,0.8776341564953327,5.292320856824517,shared_2l_1pool
10764,6.369334878399968,0.9406849276274443,5.317605100572109,shared_2l_1pool
10765,6.33594486862421,0.9080360177904367,5.319464951753616,shared_2l_1pool
10766,6.293802056461573,0.9102930780500174,5.268779816105962,shared_2l_1pool
10767,6.277077831327915,0.8910391479730606,5.2750378381460905,shared_2l_1pool
10768,6.265116855502129,0.89637516066432,5.260900827124715,shared_2l_1pool
10769,6.299337139353156,0.8875490166246891,5.298878066241741,shared_2l_1pool
10770,6.275333929806948,0.8883820846676826,5.278041819110513,shared_2l_1pool
10771,6.238586036488414,0.8955129887908697,5.234444979578257,shared_2l_1pool
10772,6.288725882768631,0.8980869315564632,5.28174196369946,shared_2l_1pool
10773,7.585880113765597,2.0907651633024216,5.368738900870085,shared_2l_1pool
10774,6.292595993727446,0.9107468649744987,5.270991008728743,shared_2l_1pool
10775,6.338237086310983,0.9102399926632643,5.319729913026094,shared_2l_1pool
10776,6.301149958744645,0.9144670329988003,5.28003997169435,shared_2l_1pool
10777,6.343022920191288,0.896543962880969,5.336724920198321,shared_2l_1pool
10778,6.283847847953439,0.8618880528956652,5.309745902195573,shared_2l_1pool
10779,6.373916985467076,0.9099531453102827,5.3507869597524405,shared_2l_1pool
10780,6.262537091970444,0.892462907359004,5.261656129732728,shared_2l_1pool
10781,6.3052119221538305,0.8879289962351322,5.311375949531794,shared_2l_1pool
10782,6.332323886454105,0.9025249164551497,5.319927120581269,shared_2l_1pool
10783,6.289177108556032,0.9006999898701906,5.27910003438592,shared_2l_1pool
10784,6.299922009930015,0.8933448698371649,5.292871966958046,shared_2l_1pool
10785,6.304355803877115,0.882880063727498,5.3130509331822395,shared_2l_1pool
10786,6.3326440285891294,0.8991030044853687,5.324412835761905,shared_2l_1pool
10787,6.216089939698577,0.87931496091187,5.227331072092056,shared_2l_1pool
10788,6.293233949691057,0.8967309258878231,5.286118946969509,shared_2l_1pool
10789,7.927834056317806,2.466937992721796,5.330853862687945,shared_2l_1pool
10790,6.313792197033763,0.8993190713226795,5.306354025378823,shared_2l_1pool
10791,6.287815049290657,0.8873289916664362,5.291483132168651,shared_2l_1pool
10792,6.296550156548619,0.9100448805838823,5.272786132991314,shared_2l_1pool
10793,6.243256852030754,0.8869220037013292,5.247951950877905,shared_2l_1pool
10794,6.250178208574653,0.8900261018425226,5.2487829234451056,shared_2l_1pool
10795,6.286676041781902,0.8962568826973438,5.2828260231763124,shared_2l_1pool
10796,6.267291959375143,0.8871408645063639,5.271450150758028,shared_2l_1pool
10797,6.270015146583319,0.8830048609524965,5.279793171212077,shared_2l_1pool
10798,6.304534850642085,0.9007409680634737,5.292966030538082,shared_2l_1pool
10799,6.250287871807814,0.8774111047387123,5.264132982119918,shared_2l_1pool
10800,6.241298047825694,0.8893678896129131,5.2422459702938795,shared_2l_1pool
10801,6.240247981622815,0.8805168326944113,5.251018097624183,shared_2l_1pool
10802,6.3051891047507524,0.9118982125073671,5.284030921757221,shared_2l_1pool
10803,6.2730321660637856,0.8952692151069641,5.264695966616273,shared_2l_1pool
10804,6.30235718563199,0.9074797853827477,5.2878952119499445,shared_2l_1pool
10805,7.65904993750155,2.1363680716603994,5.386892938986421,shared_2l_1pool
10806,6.295630009844899,0.9012101218104362,5.283537087962031,shared_2l_1pool
10807,6.302730180323124,0.9045170154422522,5.288271000608802,shared_2l_1pool
10808,6.323375040665269,0.8874721825122833,5.321973003447056,shared_2l_1pool
10809,6.319422973319888,0.9047400671988726,5.307454848662019,shared_2l_1pool
10810,6.274585844948888,0.8818150963634253,5.280735902488232,shared_2l_1pool
10811,6.323011126369238,0.915024895220995,5.295771174132824,shared_2l_1pool
10812,6.2071229331195354,0.8789640851318836,5.214872071519494,shared_2l_1pool
10813,6.3333159778267145,0.9179920889437199,5.304971011355519,shared_2l_1pool
10814,6.330321077257395,0.898309051990509,5.3208989556878805,shared_2l_1pool
10815,6.270285928621888,0.8945758454501629,5.26823103427887,shared_2l_1pool
10816,6.303380010649562,0.8763519581407309,5.316310096532106,shared_2l_1pool
10817,6.30135415121913,0.8938859682530165,5.299718119204044,shared_2l_1pool
10818,6.262019043788314,0.9028851054608822,5.251965019851923,shared_2l_1pool
10819,6.272361148148775,0.8821401279419661,5.282251862809062,shared_2l_1pool
10820,6.342190084978938,0.9404339361935854,5.291519919410348,shared_2l_1pool
10821,7.580981124192476,2.1072588860988617,5.344945937395096,shared_2l_1pool
10822,6.243258016183972,0.9054781403392553,5.227418849244714,shared_2l_1pool
10823,6.25089812092483,0.8894309867173433,5.252304021269083,shared_2l_1pool
10824,6.330200936645269,0.902287196367979,5.319442832842469,shared_2l_1pool
10825,6.300508975982666,0.8793300949037075,5.312694935128093,shared_2l_1pool
10826,6.3065229915082455,0.8816809859126806,5.314210895448923,shared_2l_1pool
10827,6.323758978396654,0.8987211622297764,5.316099850460887,shared_2l_1pool
10828,6.282479967921972,0.9044909384101629,5.270037101581693,shared_2l_1pool
10829,6.245861062780023,0.8915318176150322,5.2463889587670565,shared_2l_1pool
10830,6.261039990931749,0.9058581199496984,5.2461470477283,shared_2l_1pool
10831,6.27683219499886,0.8904729038476944,5.276173120364547,shared_2l_1pool
10832,6.2503451481461525,0.900469021871686,5.242394050583243,shared_2l_1pool
10833,6.3161400612443686,0.8877089712768793,5.320471012964845,shared_2l_1pool
10834,6.2694610096514225,0.8955891244113445,5.268533015623689,shared_2l_1pool
10835,6.278706016018987,0.8953658398240805,5.274372175335884,shared_2l_1pool
10836,6.327984156087041,0.9103640913963318,5.311658838763833,shared_2l_1pool
10837,7.641090080142021,2.1296190097928047,5.383830983191729,shared_2l_1pool
10838,6.386019987985492,0.9230300784111023,5.355350906029344,shared_2l_1pool
10839,6.301237037405372,0.897146062925458,5.297023802995682,shared_2l_1pool
10840,6.313977064564824,0.9145659860223532,5.290941102430224,shared_2l_1pool
10841,6.286110961809754,0.9021339938044548,5.27624599635601,shared_2l_1pool
10842,6.301106885075569,0.9090050589293242,5.283336853608489,shared_2l_1pool
10843,6.24680588953197,0.8770839776843786,5.263106897473335,shared_2l_1pool
10844,6.2549179419875145,0.8714988362044096,5.276835057884455,shared_2l_1pool
10845,6.203148979693651,0.885677058249712,5.212305812165141,shared_2l_1pool
10846,6.256764987483621,0.8949481416493654,5.254424875602126,shared_2l_1pool
10847,6.258194101974368,0.914114061743021,5.236285971477628,shared_2l_1pool
10848,6.281593116000295,0.8807929698377848,5.294837057590485,shared_2l_1pool
10849,6.234964122995734,0.8682170882821083,5.2627199329435825,shared_2l_1pool
10850,6.257767090573907,0.897168880328536,5.25198713876307,shared_2l_1pool
10851,6.359000923112035,0.9465881157666445,5.2894719410687685,shared_2l_1pool
10852,6.386938970535994,0.9865427855402231,5.278382217511535,shared_2l_1pool
10853,7.644582074135542,2.179936971515417,5.335588939487934,shared_2l_1pool
10854,6.389525020495057,0.9545430075377226,5.320233991369605,shared_2l_1pool
10855,6.354707991704345,0.9451159276068211,5.295054987072945,shared_2l_1pool
10856,6.27795304171741,0.9168949909508228,5.25088282302022,shared_2l_1pool
10857,6.25922717154026,0.915018143132329,5.2337078377604485,shared_2l_1pool
10858,6.359953200444579,0.9170051198452711,5.332754924893379,shared_2l_1pool
10859,6.30760588683188,0.9086548816412687,5.2892661187797785,shared_2l_1pool
10860,6.268703145906329,0.897479010745883,5.26315881870687,shared_2l_1pool
10861,6.2681089621037245,0.8904240094125271,5.268946988508105,shared_2l_1pool
10862,6.239079171791673,0.8748779073357582,5.2516472060233355,shared_2l_1pool
10863,6.287147058174014,0.8908379822969437,5.28911198489368,shared_2l_1pool
10864,6.245590979233384,0.8981630671769381,5.239202873781323,shared_2l_1pool
10865,6.291779922321439,0.9059139993041754,5.278516095131636,shared_2l_1pool
10866,6.2365480698645115,0.8824700489640236,5.2442848682403564,shared_2l_1pool
10867,6.226755911484361,0.8767601102590561,5.242644809186459,shared_2l_1pool
10868,6.29566702991724,0.8803990203887224,5.308191059157252,shared_2l_1pool
10869,7.567825028672814,2.0926939323544502,5.346978083252907,shared_2l_1pool
10870,6.270579993724823,0.910250935703516,5.25186606682837,shared_2l_1pool
10871,6.289058132097125,0.9225900284945965,5.257973913103342,shared_2l_1pool
10872,6.300613982602954,0.9017919655889273,5.289269145578146,shared_2l_1pool
10873,6.216028006747365,0.8732278365641832,5.232626106590033,shared_2l_1pool
10874,6.349920993670821,0.9463189635425806,5.293427966535091,shared_2l_1pool
10875,6.280586123466492,0.890715979039669,5.280349170789123,shared_2l_1pool
10876,6.295841885730624,0.8981490973383188,5.290562054142356,shared_2l_1pool
10877,6.234010914340615,0.8627770002931356,5.264715990051627,shared_2l_1pool
10878,6.268603028729558,0.8966519962996244,5.264275008812547,shared_2l_1pool
10879,6.254348903894424,0.8883960545063019,5.258385092020035,shared_2l_1pool
10880,6.277957931160927,0.8984028827399015,5.27370092459023,shared_2l_1pool
10881,6.264782045036554,0.884567154571414,5.273683927953243,shared_2l_1pool
10882,6.256348919123411,0.8859361987560987,5.265587009489536,shared_2l_1pool
10883,6.300551118329167,0.8961230050772429,5.296545103192329,shared_2l_1pool
10884,6.227551959455013,0.8719880133867264,5.245214095339179,shared_2l_1pool
10885,7.618332048878074,2.136159921064973,5.351111991330981,shared_2l_1pool
10886,6.30562100559473,0.9113629348576069,5.287295905873179,shared_2l_1pool
10887,6.2910818960517645,0.9239069186151028,5.25909592397511,shared_2l_1pool
10888,6.299088941887021,0.8964219596236944,5.294758128002286,shared_2l_1pool
10889,6.385667948052287,0.958496006205678,5.314820911735296,shared_2l_1pool
10890,6.288188975304365,0.9055489208549261,5.271943984553218,shared_2l_1pool
10891,6.343310931697488,0.9220459032803774,5.312384106218815,shared_2l_1pool
10892,6.331339944154024,0.9111571125686169,5.305086029693484,shared_2l_1pool
10893,6.333030993118882,0.9168100077658892,5.306116072461009,shared_2l_1pool
10894,6.2340558506548405,0.8946650195866823,5.230766022577882,shared_2l_1pool
10895,6.321399938315153,0.9248158894479275,5.28669310733676,shared_2l_1pool
10896,6.290240213274956,0.9099720045924187,5.2741889376193285,shared_2l_1pool
10897,6.282485090196133,0.8936629164963961,5.282466067001224,shared_2l_1pool
10898,6.333523895591497,0.9072069078683853,5.316847003996372,shared_2l_1pool
10899,6.360240047797561,0.9507371578365564,5.298573058098555,shared_2l_1pool
10900,6.330631906166673,0.9102919138967991,5.3115179762244225,shared_2l_1pool
10901,7.53645901568234,2.0913819316774607,5.315914051607251,shared_2l_1pool
10902,6.3267541117966175,0.9257139172405005,5.291373003274202,shared_2l_1pool
10903,6.278627086430788,0.8915839716792107,5.275253904983401,shared_2l_1pool
10904,6.258642999455333,0.8996180258691311,5.249636014923453,shared_2l_1pool
10905,6.273074075579643,0.9258040226995945,5.239385180175304,shared_2l_1pool
10906,6.31699594669044,0.9144570212811232,5.2949299570173025,shared_2l_1pool
10907,6.319494917988777,0.9006338659673929,5.3110679145902395,shared_2l_1pool
10908,6.251618964597583,0.8897571824491024,5.252079805359244,shared_2l_1pool
10909,6.323307054117322,0.8884191047400236,5.322852870449424,shared_2l_1pool
10910,6.273857085034251,0.8835319895297289,5.280225072056055,shared_2l_1pool
10911,6.229199934750795,0.8596309926360846,5.26226800866425,shared_2l_1pool
10912,6.236468907445669,0.8740180637687445,5.254667950794101,shared_2l_1pool
10913,6.3127989415079355,0.880169915035367,5.325983045622706,shared_2l_1pool
10914,6.297284038737416,0.913240946829319,5.2761591505259275,shared_2l_1pool
10915,6.2268751207739115,0.8623211178928614,5.257918033748865,shared_2l_1pool
10916,6.244670832529664,0.8739449549466372,5.263372091576457,shared_2l_1pool
10917,7.577456999570131,2.1127702202647924,5.336428992450237,shared_2l_1pool
10918,6.291275843977928,0.915102893486619,5.265464074909687,shared_2l_1pool
10919,6.28723599947989,0.9113862179219723,5.269268993288279,shared_2l_1pool
10920,6.281265988945961,0.9190929122269154,5.252846982330084,shared_2l_1pool
10921,6.296572973951697,0.904422951862216,5.2847969345748425,shared_2l_1pool
10922,6.315040169283748,0.9132518898695707,5.2925520576536655,shared_2l_1pool
10923,6.247222889214754,0.9104940108954906,5.227138055488467,shared_2l_1pool
10924,6.303049856796861,0.8944119326770306,5.30207809060812,shared_2l_1pool
10925,6.288788979873061,0.8922580163925886,5.287315929308534,shared_2l_1pool
10926,6.240512942895293,0.8969500195235014,5.235281074419618,shared_2l_1pool
10927,6.232274929061532,0.8924470748752356,5.231322953477502,shared_2l_1pool
10928,6.249262019991875,0.9026299230754375,5.238668993115425,shared_2l_1pool
10929,6.277919979766011,0.8971360512077808,5.272282985970378,shared_2l_1pool
10930,6.2580290250480175,0.8956470992416143,5.255389027297497,shared_2l_1pool
10931,6.255564978346229,0.8843170944601297,5.2626668475568295,shared_2l_1pool
10932,6.276603089645505,0.9092518594115973,5.259334109723568,shared_2l_1pool
10933,7.570065790787339,2.1079410798847675,5.3319239523261786,shared_2l_1pool
10934,6.294446066021919,0.9118830785155296,5.27171790599823,shared_2l_1pool
10935,6.342400098219514,0.9298450313508511,5.3036389872431755,shared_2l_1pool
10936,6.349360104650259,0.9265430271625519,5.30376797541976,shared_2l_1pool
10937,6.342845037579536,0.8983819279819727,5.335498135536909,shared_2l_1pool
10938,6.306794937700033,0.9183071088045835,5.279446020722389,shared_2l_1pool
10939,6.2633350025862455,0.885658897459507,5.269099026918411,shared_2l_1pool
10940,6.299688946455717,0.8834409527480602,5.308796186000109,shared_2l_1pool
10941,6.2668840400874615,0.9180048946291208,5.242028972133994,shared_2l_1pool
10942,6.294684950262308,0.9025752078741789,5.2840139251202345,shared_2l_1pool
10943,6.323747104033828,0.9190789423882961,5.29723591171205,shared_2l_1pool
10944,6.312438985332847,0.8998368866741657,5.305011989548802,shared_2l_1pool
10945,6.271221907809377,0.8963029831647873,5.265137879177928,shared_2l_1pool
10946,6.286225048825145,0.8805878460407257,5.301187047734857,shared_2l_1pool
10947,6.304936949163675,0.8860488887876272,5.312071181833744,shared_2l_1pool
10948,6.2927850522100925,0.8913951460272074,5.2939108572900295,shared_2l_1pool
10949,7.548311958089471,2.1130568347871304,5.30717009678483,shared_2l_1pool
10950,6.3389569986611605,0.9101219475269318,5.31724700704217,shared_2l_1pool
10951,6.33903406560421,0.9055479895323515,5.325237056240439,shared_2l_1pool
10952,6.367664085701108,0.9250261355191469,5.3319609723985195,shared_2l_1pool
10953,6.309770047664642,0.9287940338253975,5.273020826280117,shared_2l_1pool
10954,6.314476020634174,0.9144700597971678,5.292468937113881,shared_2l_1pool
10955,6.2746771145612,0.9015719406306744,5.263990955427289,shared_2l_1pool
10956,6.317489081993699,0.903039937838912,5.307760089635849,shared_2l_1pool
10957,6.292052799835801,0.9039780125021935,5.281081888824701,shared_2l_1pool
10958,6.29636412486434,0.9117620065808296,5.275313043966889,shared_2l_1pool
10959,6.3173838425427675,0.9122518822550774,5.296139977872372,shared_2l_1pool
10960,6.351457210257649,0.9134861174970865,5.325987935066223,shared_2l_1pool
10961,6.346464855596423,0.9177648462355137,5.319595104083419,shared_2l_1pool
10962,6.26356597058475,0.9046460036188364,5.252643022686243,shared_2l_1pool
10963,6.297864951193333,0.9193150326609612,5.272605922073126,shared_2l_1pool
10964,6.2790128868073225,0.8795538451522589,5.290589993819594,shared_2l_1pool
10965,7.613239111378789,2.1177828311920166,5.368045065551996,shared_2l_1pool
10966,6.288056960329413,0.9051249362528324,5.273973103612661,shared_2l_1pool
10967,6.227446021512151,0.8841569069772959,5.232531111687422,shared_2l_1pool
10968,6.268256111070514,0.9093950502574444,5.24699199013412,shared_2l_1pool
10969,6.280405912548304,0.8915329817682505,5.280338926240802,shared_2l_1pool
10970,6.308380980044603,0.9060699958354235,5.295462906360626,shared_2l_1pool
10971,6.292411824688315,0.9120730683207512,5.272509064525366,shared_2l_1pool
10972,6.29978091455996,0.8891571778804064,5.303103011101484,shared_2l_1pool
10973,6.299961823970079,0.9071631357073784,5.28350193053484,shared_2l_1pool
10974,6.275282008573413,0.8994110394269228,5.267041036859155,shared_2l_1pool
10975,6.312283920124173,0.9131489787250757,5.29019208624959,shared_2l_1pool
10976,6.279313936829567,0.9062709286808968,5.265622166916728,shared_2l_1pool
10977,6.249082973226905,0.8827941492199898,5.2597729954868555,shared_2l_1pool
10978,6.322723114863038,0.9327121078968048,5.281609948724508,shared_2l_1pool
10979,6.229371996596456,0.904829939827323,5.215508164837956,shared_2l_1pool
10980,6.323677022010088,0.9090150706470013,5.302092060446739,shared_2l_1pool
10981,7.646848913282156,2.142310841009021,5.377702182158828,shared_2l_1pool
10982,6.307107862085104,0.9068760555237532,5.291973939165473,shared_2l_1pool
10983,6.364546017721295,0.9276920463889837,5.327942781150341,shared_2l_1pool
10984,6.300352979451418,0.8935770019888878,5.2990110125392675,shared_2l_1pool
10985,6.336519960314035,0.9430381469428539,5.28497202321887,shared_2l_1pool
10986,6.329127121716738,0.8823680691421032,5.336899776011705,shared_2l_1pool
10987,6.351706804707646,0.9200409986078739,5.325524834915996,shared_2l_1pool
10988,6.325202994048595,0.9043568279594183,5.307608982548118,shared_2l_1pool
10989,6.2546939589083195,0.8882309775799513,5.257620941847563,shared_2l_1pool
10990,6.3451549503952265,0.9211699943989515,5.312461871653795,shared_2l_1pool
10991,6.3143339939415455,0.89681101962924,5.308828083798289,shared_2l_1pool
10992,6.309445947408676,0.8885920979082584,5.3131969179958105,shared_2l_1pool
10993,6.304963957518339,0.9001931175589561,5.297575844451785,shared_2l_1pool
10994,6.309517892077565,0.9165981318801641,5.286131985485554,shared_2l_1pool
10995,6.336447084322572,0.8957898244261742,5.333479028195143,shared_2l_1pool
10996,6.282348884269595,0.8936908561736345,5.2818909753113985,shared_2l_1pool
10997,7.587359054014087,2.095030155032873,5.362969823181629,shared_2l_1pool
10998,6.313564023002982,0.8969269692897797,5.303452955558896,shared_2l_1pool
10999,6.362017011269927,0.9093109983950853,5.3407729137688875,shared_2l_1pool
11000,6.342092994600534,0.9042359888553619,5.326146958395839,shared_2l_1pool
11001,6.326018134132028,0.8947551250457764,5.318625830113888,shared_2l_1pool
11002,6.3308109529316425,0.898262020200491,5.321473116055131,shared_2l_1pool
11003,6.336896913126111,0.9136330336332321,5.3123231045901775,shared_2l_1pool
11004,6.317810853943229,0.9057780262082815,5.2959679160267115,shared_2l_1pool
11005,6.361938081681728,0.9143038187175989,5.331682041287422,shared_2l_1pool
11006,6.34302687831223,0.9149739053100348,5.312948953360319,shared_2l_1pool
11007,6.380958016961813,0.9327142033725977,5.33522292971611,shared_2l_1pool
11008,6.284987088292837,0.9010001085698605,5.274191033095121,shared_2l_1pool
11009,6.364030996337533,0.9009321220219135,5.352886859327555,shared_2l_1pool
11010,6.30727200768888,0.9031309746205807,5.295547191053629,shared_2l_1pool
11011,6.398850120604038,0.9245527908205986,5.365730030462146,shared_2l_1pool
11012,6.342100910842419,0.8975199889391661,5.331763066351414,shared_2l_1pool
11013,7.600395008921623,2.1045200992375612,5.3699437994509935,shared_2l_1pool
11014,6.397988880053163,0.9140879847109318,5.374087952077389,shared_2l_1pool
11015,6.32892781868577,0.9117298759520054,5.3084781393408775,shared_2l_1pool
11016,6.4424569718539715,0.9119720198214054,5.422047106549144,shared_2l_1pool
11017,6.441602949053049,0.901336083188653,5.431164987385273,shared_2l_1pool
11018,6.399244070053101,0.9029009379446507,5.389373051002622,shared_2l_1pool
11019,6.331505021080375,0.8962089195847511,5.324922036379576,shared_2l_1pool
11020,6.422460079193115,0.8939818944782019,5.419913912191987,shared_2l_1pool
11021,6.418728968128562,0.9065410122275352,5.401832051575184,shared_2l_1pool
11022,6.346726091578603,0.88294199667871,5.354057997465134,shared_2l_1pool
11023,6.372633157297969,0.8987300097942352,5.364568904042244,shared_2l_1pool
11024,6.408034125342965,0.8950058836489916,5.404026946052909,shared_2l_1pool
11025,6.392112001776695,0.9059710428118706,5.377918016165495,shared_2l_1pool
11026,6.319357082247734,0.8983439765870571,5.311344983056188,shared_2l_1pool
11027,6.3273010309785604,0.8888330776244402,5.328155821189284,shared_2l_1pool
11028,6.353088887408376,0.8946307934820652,5.35216904245317,shared_2l_1pool
11029,7.642376935109496,2.128118881955743,5.38441794924438,shared_2l_1pool
11030,6.373117910698056,0.9278019424527884,5.333479028195143,shared_2l_1pool
11031,6.327191134914756,0.9047430939972401,5.313486093655229,shared_2l_1pool
11032,6.329013034701347,0.901112100109458,5.31922304071486,shared_2l_1pool
11033,6.328233052045107,0.9105638600885868,5.307849030941725,shared_2l_1pool
11034,6.377130979672074,0.9278671350330114,5.340093979611993,shared_2l_1pool
11035,6.330555072054267,0.9119599126279354,5.307283950969577,shared_2l_1pool
11036,6.349985022097826,0.9139759931713343,5.326735088601708,shared_2l_1pool
11037,6.310916040092707,0.9093449916690588,5.292222835123539,shared_2l_1pool
11038,6.34145294316113,0.9002548176795244,5.333243170753121,shared_2l_1pool
11039,6.354034878313541,0.9154269937425852,5.330063868314028,shared_2l_1pool
11040,6.307014962658286,0.9068630170077085,5.293374881148338,shared_2l_1pool
11041,6.316377082839608,0.9060520678758621,5.3005218505859375,shared_2l_1pool
11042,6.353357108309865,0.9155299048870802,5.330628016963601,shared_2l_1pool
11043,6.306672934442759,0.8848370052874088,5.315707065165043,shared_2l_1pool
11044,6.361894076690078,0.9023710153996944,5.35345496609807,shared_2l_1pool
11045,7.603273028507829,2.106779022142291,5.368445068597794,shared_2l_1pool
11046,6.351199001073837,0.92118582688272,5.320545053109527,shared_2l_1pool
11047,6.311207078397274,0.9131489787250757,5.286945030093193,shared_2l_1pool
11048,6.3333779107779264,0.9026410989463329,5.32292784191668,shared_2l_1pool
11049,6.366559071466327,0.8925318252295256,5.365042015910149,shared_2l_1pool
11050,6.322678877040744,0.9184428490698338,5.293951136991382,shared_2l_1pool
11051,6.327515002340078,0.8930868934839964,5.323717137798667,shared_2l_1pool
11052,6.2524250242859125,0.8847760036587715,5.25876204483211,shared_2l_1pool
11053,6.303835893049836,0.8833510801196098,5.310598993673921,shared_2l_1pool
11054,6.306941155344248,0.8974738884717226,5.298800067976117,shared_2l_1pool
11055,6.326038157567382,0.9134539868682623,5.302828969433904,shared_2l_1pool
11056,6.290488876402378,0.905349850654602,5.276744021102786,shared_2l_1pool
11057,6.3030109740793705,0.8999730926007032,5.291217006742954,shared_2l_1pool
11058,6.316506071016192,0.8865129202604294,5.32267801463604,shared_2l_1pool
11059,6.345448084175587,0.9161769412457943,5.31969009898603,shared_2l_1pool
11060,6.3863887917250395,0.9242829401046038,5.352291977033019,shared_2l_1pool
11061,7.665286073461175,2.1381748374551535,5.395441083237529,shared_2l_1pool
11062,6.375506054610014,0.9276468772441149,5.336553091183305,shared_2l_1pool
11063,6.323210895061493,0.9032119996845722,5.31168794259429,shared_2l_1pool
11064,6.33462006226182,0.9137650486081839,5.311471875756979,shared_2l_1pool
11065,6.313873920589685,0.9145250078290701,5.291095934808254,shared_2l_1pool
11066,6.362263113260269,0.9048848878592253,5.349642131477594,shared_2l_1pool
11067,6.342533975839615,0.9034620597958565,5.330593790858984,shared_2l_1pool
11068,6.304021924734116,0.8835389744490385,5.3126029670238495,shared_2l_1pool
11069,6.254184991121292,0.883044907823205,5.265546031296253,shared_2l_1pool
11070,6.3156920950859785,0.9072581306099892,5.300730001181364,shared_2l_1pool
11071,6.297891028225422,0.8777419570833445,5.313976900652051,shared_2l_1pool
11072,6.331949029117823,0.899073900654912,5.324164172634482,shared_2l_1pool
11073,6.281239911913872,0.9045139886438847,5.264745093882084,shared_2l_1pool
11074,6.258279085159302,0.874130055308342,5.273651797324419,shared_2l_1pool
11075,6.334867095574737,0.9134158026427031,5.314355017617345,shared_2l_1pool
11076,6.29107397980988,0.9020520374178886,5.279181059449911,shared_2l_1pool
11077,7.730609970167279,2.153014997020364,5.447393981739879,shared_2l_1pool
11078,6.313184043392539,0.9193751029670238,5.284351063892245,shared_2l_1pool
11079,6.301932968199253,0.9206719696521759,5.273018032312393,shared_2l_1pool
11080,6.368202157318592,0.9189159609377384,5.340273026376963,shared_2l_1pool
11081,6.333906902000308,0.9424989111721516,5.281738005578518,shared_2l_1pool
11082,6.33834395557642,0.8999120909720659,5.327974911779165,shared_2l_1pool
11083,6.371686002239585,0.9312350302934647,5.333189852535725,shared_2l_1pool
11084,6.320127053186297,0.8966221939772367,5.316337803378701,shared_2l_1pool
11085,6.371838040649891,0.9145529475063086,5.349623970687389,shared_2l_1pool
11086,6.380409002304077,0.9176239836961031,5.353138083592057,shared_2l_1pool
11087,6.320375949144363,0.8997239638119936,5.312700057402253,shared_2l_1pool
11088,6.345967995002866,0.881151994690299,5.357431014999747,shared_2l_1pool
11089,6.295771105214953,0.8989858906716108,5.287612089887261,shared_2l_1pool
11090,6.334095960482955,0.9101079776883125,5.315763875842094,shared_2l_1pool
11091,6.347795017063618,0.9090288076549768,5.327876191586256,shared_2l_1pool
11092,6.363980937749147,0.9092970285564661,5.345998099073768,shared_2l_1pool
11093,7.68429902382195,2.1245889365673065,5.4294809233397245,shared_2l_1pool
11094,6.372950039803982,0.9180950000882149,5.343962926417589,shared_2l_1pool
11095,6.39794603921473,0.9316708892583847,5.351081024855375,shared_2l_1pool
11096,6.364152999594808,0.911481911316514,5.344273988157511,shared_2l_1pool
11097,6.34116493165493,0.9083480108529329,5.323456134647131,shared_2l_1pool
11098,6.3253589905798435,0.9210680145770311,5.294077796861529,shared_2l_1pool
11099,6.322485860437155,0.8927008602768183,5.325355101376772,shared_2l_1pool
11100,6.338522071018815,0.9157841559499502,5.3139799274504185,shared_2l_1pool
11101,6.357379956170917,0.9408809710294008,5.307724000886083,shared_2l_1pool
11102,6.286120042204857,0.9119519963860512,5.263289902359247,shared_2l_1pool
11103,6.33142190054059,0.9278960060328245,5.295174894854426,shared_2l_1pool
11104,6.314657861366868,0.9128439705818892,5.293207010254264,shared_2l_1pool
11105,6.2925920356065035,0.8992620278149843,5.285309860482812,shared_2l_1pool
11106,6.327464012429118,0.8879720699042082,5.331583088263869,shared_2l_1pool
11107,6.356238853186369,0.913312891498208,5.333601031452417,shared_2l_1pool
11108,6.364740896970034,0.8972359355539083,5.3562920074909925,shared_2l_1pool
11109,7.63712590560317,2.1308769937604666,5.378196947276592,shared_2l_1pool
11110,6.383334053680301,0.9320189710706472,5.340875126421452,shared_2l_1pool
11111,6.441738922148943,0.9487711358815432,5.383354844525456,shared_2l_1pool
11112,6.310145137831569,0.8971360512077808,5.304276943206787,shared_2l_1pool
11113,6.268493132665753,0.8917569648474455,5.266709951683879,shared_2l_1pool
11114,6.381375947967172,0.9109550155699253,5.360672948881984,shared_2l_1pool
11115,6.317988038063049,0.9053200483322144,5.303157959133387,shared_2l_1pool
11116,6.38520997017622,0.9285591077059507,5.349176935851574,shared_2l_1pool
11117,6.322262110188603,0.9234009776264429,5.292563932016492,shared_2l_1pool
11118,6.356946192681789,0.8997921831905842,5.350454011932015,shared_2l_1pool
11119,6.326594855636358,0.8819918148219585,5.336123052984476,shared_2l_1pool
11120,6.364234024658799,0.9086290374398232,5.347661906853318,shared_2l_1pool
11121,6.360604194924235,0.9051070082932711,5.34519599750638,shared_2l_1pool
11122,6.3643131870776415,0.8956380188465118,5.362381925806403,shared_2l_1pool
11123,6.3580169808119535,0.9057719726115465,5.3369340021163225,shared_2l_1pool
11124,6.328888004645705,0.9189380798488855,5.299712065607309,shared_2l_1pool
11125,7.618729956448078,2.1070789080113173,5.386963952332735,shared_2l_1pool
11126,6.331773940473795,0.9248938877135515,5.296982126310468,shared_2l_1pool
11127,6.419701036065817,0.9328629821538925,5.37661206908524,shared_2l_1pool
11128,6.419581128284335,0.9294222109019756,5.381669849157333,shared_2l_1pool
11129,6.344486027956009,0.9238729253411293,5.312632070854306,shared_2l_1pool
11130,6.318455096334219,0.906601082533598,5.302287871018052,shared_2l_1pool
11131,6.394986994564533,0.915562966838479,5.370877217501402,shared_2l_1pool
11132,6.370018003508449,0.9376259986311197,5.321886157616973,shared_2l_1pool
11133,6.3474769704043865,0.9051980450749397,5.3366979118436575,shared_2l_1pool
11134,6.393436109647155,0.900826882570982,5.382532021030784,shared_2l_1pool
11135,6.380357081070542,0.9042550809681416,5.367571953684092,shared_2l_1pool
11136,6.329646101221442,0.9176370222121477,5.303310928866267,shared_2l_1pool
11137,6.3100208062678576,0.9012490045279264,5.301072029396892,shared_2l_1pool
11138,6.283234106376767,0.8952389471232891,5.279232049360871,shared_2l_1pool
11139,6.387159926816821,0.911907060071826,5.366123979911208,shared_2l_1pool
11140,6.4385030418634415,0.9408630430698395,5.386641016229987,shared_2l_1pool
11141,7.628596853464842,2.1043438464403152,5.395220126956701,shared_2l_1pool
11142,6.425695959478617,0.9609011467546225,5.353134823963046,shared_2l_1pool
11143,6.389279151335359,0.9336001239717007,5.340891890227795,shared_2l_1pool
11144,6.351509131491184,0.9119960013777018,5.329224979504943,shared_2l_1pool
11145,6.352108903229237,0.9250571019947529,5.315231857821345,shared_2l_1pool
11146,6.308846175670624,0.9095720015466213,5.289132008329034,shared_2l_1pool
11147,6.3489128369838,0.9132979903370142,5.323340883478522,shared_2l_1pool
11148,6.323564099147916,0.9011558722704649,5.312565015628934,shared_2l_1pool
11149,6.379677914083004,0.9236030746251345,5.347131984308362,shared_2l_1pool
11150,6.392529001459479,0.952593982219696,5.332467146217823,shared_2l_1pool
11151,6.27748086117208,0.9078038856387138,5.262129008769989,shared_2l_1pool
11152,6.358977872878313,0.9129520040005445,5.338869988918304,shared_2l_1pool
11153,6.3524930737912655,0.9057880379259586,5.338778952136636,shared_2l_1pool
11154,6.323387147858739,0.9146139491349459,5.298932082951069,shared_2l_1pool
11155,6.41493801958859,0.9463529568165541,5.360576091334224,shared_2l_1pool
11156,6.309029879048467,0.9121510665863752,5.287393927574158,shared_2l_1pool
11157,7.668436039239168,2.147054998204112,5.392485065385699,shared_2l_1pool
11158,6.3847999554127455,0.9666390251368284,5.30664692632854,shared_2l_1pool
11159,6.36109197512269,0.9406909812241793,5.311938002705574,shared_2l_1pool
11160,6.312713958323002,0.9146230295300484,5.290681030601263,shared_2l_1pool
11161,6.414719857275486,0.9134369902312756,5.393359111621976,shared_2l_1pool
11162,6.373183103278279,0.9318380616605282,5.332819884642959,shared_2l_1pool
11163,6.35686912573874,0.9367452003061771,5.310980835929513,shared_2l_1pool
11164,6.354346871376038,0.9291989263147116,5.31928613781929,shared_2l_1pool
11165,6.3909669406712055,0.9290340822190046,5.353366024792194,shared_2l_1pool
11166,6.401852937415242,0.9456591214984655,5.34895109012723,shared_2l_1pool
11167,6.391198141500354,0.9103091433644295,5.369897931814194,shared_2l_1pool
11168,6.405541906133294,0.9550051763653755,5.339085822924972,shared_2l_1pool
11169,6.304309004917741,0.906897010281682,5.287426058202982,shared_2l_1pool
11170,6.341659929603338,0.9104979690164328,5.317351082339883,shared_2l_1pool
11171,6.346192909404635,0.926310895010829,5.310264183208346,shared_2l_1pool
11172,6.380631122738123,0.9041109587997198,5.368601065129042,shared_2l_1pool
11173,7.951000006869435,2.4677771143615246,5.3547408897429705,shared_2l_1pool
11174,6.355503806844354,0.9299640078097582,5.312992027029395,shared_2l_1pool
11175,6.381449988111854,0.9258671198040247,5.3452427964657545,shared_2l_1pool
11176,6.359088933095336,0.9301570244133472,5.311805056408048,shared_2l_1pool
11177,6.360962055623531,0.9224859531968832,5.32990088686347,shared_2l_1pool
11178,6.398542085662484,0.9376129601150751,5.348831182345748,shared_2l_1pool
11179,6.3702568877488375,0.9356739465147257,5.324981175363064,shared_2l_1pool
11180,6.349695147946477,0.9463459718972445,5.293161142617464,shared_2l_1pool
11181,6.34577008895576,0.922823091968894,5.312721012160182,shared_2l_1pool
11182,6.340130930766463,0.9240510407835245,5.307750077918172,shared_2l_1pool
11183,6.338436156511307,0.9108181111514568,5.317036993801594,shared_2l_1pool
11184,6.361284060403705,0.9406569879502058,5.3123850375413895,shared_2l_1pool
11185,6.362550891935825,0.9170048870146275,5.331617081537843,shared_2l_1pool
11186,6.310434080660343,0.9267691057175398,5.270257825031877,shared_2l_1pool
11187,6.345755886286497,0.9079670999199152,5.3283148445189,shared_2l_1pool
11188,6.37668208219111,0.9277940262109041,5.336823873221874,shared_2l_1pool
11189,7.655995897948742,2.152920002117753,5.37213496863842,shared_2l_1pool
11190,6.395434960722923,0.9123620111495256,5.375040927901864,shared_2l_1pool
11191,6.395146017894149,0.9104469791054726,5.371761042624712,shared_2l_1pool
11192,6.366131128743291,0.9359600953757763,5.318906856700778,shared_2l_1pool
11193,6.338194943964481,0.9200870990753174,5.311365006491542,shared_2l_1pool
11194,6.385924061760306,0.9262950625270605,5.348915932700038,shared_2l_1pool
11195,6.342862034216523,0.916405813768506,5.320176016539335,shared_2l_1pool
11196,6.34993682615459,0.9008049964904785,5.339838098734617,shared_2l_1pool
11197,6.352412048727274,0.9238808415830135,5.317852133885026,shared_2l_1pool
11198,6.3989178743213415,0.9424241725355387,5.351042840629816,shared_2l_1pool
11199,6.344368914142251,0.9267979767173529,5.310344975441694,shared_2l_1pool
11200,6.383255124092102,0.9110788814723492,5.3613020572811365,shared_2l_1pool
11201,6.382324965670705,0.9217329788953066,5.352895939722657,shared_2l_1pool
11202,6.326935952529311,0.8970180060714483,5.320498952642083,shared_2l_1pool
11203,6.376534001901746,0.9298550430685282,5.3383109625428915,shared_2l_1pool
11204,6.424605846405029,0.9401889983564615,5.379493115469813,shared_2l_1pool
11205,7.710308069363236,2.1368220914155245,5.444744834676385,shared_2l_1pool
11206,6.374137941747904,0.9381510317325592,5.32473879866302,shared_2l_1pool
11207,6.305992836132646,0.9135399013757706,5.282902158796787,shared_2l_1pool
11208,6.336344871670008,0.9288869332522154,5.298147909343243,shared_2l_1pool
11209,6.359208840876818,0.9100630413740873,5.340184085071087,shared_2l_1pool
11210,6.336892955005169,0.902809901162982,5.324279190972447,shared_2l_1pool
11211,6.386759923771024,0.9205809328705072,5.358861060813069,shared_2l_1pool
11212,6.368319969624281,0.9241148363798857,5.336699075996876,shared_2l_1pool
11213,6.399570032954216,0.9127380326390266,5.379840033128858,shared_2l_1pool
11214,6.3119069673120975,0.9262268431484699,5.277791991829872,shared_2l_1pool
11215,6.339048035442829,0.9067559149116278,5.3260240238159895,shared_2l_1pool
11216,6.349536823108792,0.893475953489542,5.342262098565698,shared_2l_1pool
11217,6.365141831338406,0.9302969556301832,5.324562080204487,shared_2l_1pool
11218,6.310363998636603,0.909287016838789,5.2887978963553905,shared_2l_1pool
11219,6.376646924763918,0.9334080386906862,5.332339089363813,shared_2l_1pool
11220,6.329410010948777,0.9247360285371542,5.296431016176939,shared_2l_1pool
11221,7.6588590163737535,2.1324108820408583,5.398102104663849,shared_2l_1pool
11222,6.3335830345749855,0.9335270151495934,5.290505941957235,shared_2l_1pool
11223,6.329658208414912,0.9187539108097553,5.302611971274018,shared_2l_1pool
11224,6.391352973878384,0.9350110776722431,5.347163882106543,shared_2l_1pool
11225,6.344687193632126,0.9229499846696854,5.313459085300565,shared_2l_1pool
11226,6.28904509358108,0.9104060009121895,5.269106011837721,shared_2l_1pool
11227,6.3594121020287275,0.897631049156189,5.354149034246802,shared_2l_1pool
11228,6.3481980469077826,0.9127389639616013,5.325628910213709,shared_2l_1pool
11229,6.288100965321064,0.9177960455417633,5.260443082079291,shared_2l_1pool
11230,6.315861828625202,0.9358229581266642,5.2721870597451925,shared_2l_1pool
11231,6.33131992071867,0.9168470278382301,5.30773401260376,shared_2l_1pool
11232,6.374547025188804,0.8955560624599457,5.370274884626269,shared_2l_1pool
11233,6.353964097797871,0.9110509417951107,5.334679968655109,shared_2l_1pool
11234,6.2829251401126385,0.8861271198838949,5.290336906909943,shared_2l_1pool
11235,6.336720893159509,0.9066599886864424,5.321111995726824,shared_2l_1pool
11236,6.262786919251084,0.908590154722333,5.246495828032494,shared_2l_1pool
11237,7.659162860363722,2.123650163412094,5.407524993643165,shared_2l_1pool
11238,6.432229187339544,0.94373500905931,5.3788588847965,shared_2l_1pool
11239,6.406550062820315,0.9167690295726061,5.379297072067857,shared_2l_1pool
11240,6.355628138408065,0.8874128106981516,5.3522661328315735,shared_2l_1pool
11241,6.389134097844362,0.9271551389247179,5.35174086689949,shared_2l_1pool
11242,6.3934470526874065,0.9263590909540653,5.356776993721724,shared_2l_1pool
11243,6.370223825797439,0.9189429692924023,5.338852060958743,shared_2l_1pool
11244,6.422439124435186,0.9442309383302927,5.365587072446942,shared_2l_1pool
11245,6.387409986928105,0.9261060040444136,5.351928994059563,shared_2l_1pool
11246,6.3747139647603035,0.9224661625921726,5.344231845811009,shared_2l_1pool
11247,6.3760660123080015,0.923211919143796,5.343887023627758,shared_2l_1pool
11248,6.437134929001331,0.9616471361368895,5.365083925426006,shared_2l_1pool
11249,6.3696932047605515,0.9268990252166986,5.334971006959677,shared_2l_1pool
11250,6.3554891385138035,0.9243818931281567,5.322714103385806,shared_2l_1pool
11251,6.349798059090972,0.9292569011449814,5.312975030392408,shared_2l_1pool
11252,6.3251659739762545,0.913853058591485,5.30438800342381,shared_2l_1pool
11253,7.717679953202605,2.1530291996896267,5.433246959000826,shared_2l_1pool
11254,6.409386172890663,0.9296918287873268,5.368684185668826,shared_2l_1pool
11255,6.40841806307435,0.8974440861493349,5.403181072324514,shared_2l_1pool
11256,6.396705051884055,0.9202428627759218,5.369628081098199,shared_2l_1pool
11257,6.345305824652314,0.8982790168374777,5.34071191214025,shared_2l_1pool
11258,6.370525108650327,0.9046571794897318,5.360984010621905,shared_2l_1pool
11259,6.440869998186827,0.9324939455837011,5.399348214268684,shared_2l_1pool
11260,6.410520989447832,0.8985919412225485,5.403198068961501,shared_2l_1pool
11261,6.361530860885978,0.9148609824478626,5.339205963537097,shared_2l_1pool
11262,6.38091005384922,0.9059011936187744,5.364372860640287,shared_2l_1pool
11263,6.3961048144847155,0.924193998798728,5.3618960082530975,shared_2l_1pool
11264,6.361839827150106,0.9136018343269825,5.337855080142617,shared_2l_1pool
11265,6.383576197549701,0.9135291911661625,5.363462958484888,shared_2l_1pool
11266,6.306481081992388,0.8973029907792807,5.300008924677968,shared_2l_1pool
11267,6.408722139894962,0.9557330049574375,5.33872889354825,shared_2l_1pool
11268,6.4327409490942955,0.9589919354766607,5.360795883461833,shared_2l_1pool
11269,7.737668929621577,2.143651945516467,5.465388996526599,shared_2l_1pool
11270,6.4115021377801895,0.9218230843544006,5.380060989409685,shared_2l_1pool
11271,6.4024971798062325,0.9389128535985947,5.354925990104675,shared_2l_1pool
11272,6.447878899052739,0.9352171327918768,5.40268886834383,shared_2l_1pool
11273,6.445409031584859,0.9165208321064711,5.414768122136593,shared_2l_1pool
11274,6.4075421541929245,0.8909141179174185,5.407191812992096,shared_2l_1pool
11275,6.426977925002575,0.9204831440001726,5.4000020027160645,shared_2l_1pool
11276,6.4094949048012495,0.9272249881178141,5.37311309017241,shared_2l_1pool
11277,6.3964680302888155,0.9142651688307524,5.374556872993708,shared_2l_1pool
11278,6.342462031170726,0.9063419420272112,5.326551850885153,shared_2l_1pool
11279,6.417168071493506,0.9283109102398157,5.380704067647457,shared_2l_1pool
11280,6.424061022698879,0.9151510894298553,5.402380833402276,shared_2l_1pool
11281,6.417399970814586,0.9144330397248268,5.396174965426326,shared_2l_1pool
11282,6.4058618154376745,0.9320459794253111,5.36345480941236,shared_2l_1pool
11283,6.431810092180967,0.9413440711796284,5.381726892665029,shared_2l_1pool
11284,6.441048812121153,0.9261630475521088,5.405155010521412,shared_2l_1pool
11285,7.710217963904142,2.1377969533205032,5.444184876978397,shared_2l_1pool
11286,6.447878899052739,0.9265439584851265,5.41108101606369,shared_2l_1pool
11287,6.414472125470638,0.9071268141269684,5.3978050127625465,shared_2l_1pool
11288,6.568568060174584,1.0566441342234612,5.403819959610701,shared_2l_1pool
11289,6.468256935477257,0.9190051350742579,5.441272864118218,shared_2l_1pool
11290,6.427905987948179,0.9198309853672981,5.400056019425392,shared_2l_1pool
11291,6.354887969791889,0.9156770538538694,5.332364002242684,shared_2l_1pool
11292,6.401291117072105,0.9112369734793901,5.3800290916115046,shared_2l_1pool
11293,6.4155058935284615,0.9025728795677423,5.403954070061445,shared_2l_1pool
11294,6.4742229878902435,0.9265060070902109,5.438033025711775,shared_2l_1pool
11295,6.461645942181349,0.9608149994164705,5.3886850364506245,shared_2l_1pool
11296,6.45676301792264,0.9325291030108929,5.414481973275542,shared_2l_1pool
11297,6.383056985214353,0.9201939683407545,5.3540419321507215,shared_2l_1pool
11298,6.43286295235157,0.9220740757882595,5.4001878015697,shared_2l_1pool
11299,6.3799789641052485,0.9005940519273281,5.372927058488131,shared_2l_1pool
11300,6.44108303822577,0.9005949832499027,5.4241439793258905,shared_2l_1pool
11301,7.6780670788139105,2.132060006260872,5.4191411472857,shared_2l_1pool
11302,6.430965848267078,0.9160980116575956,5.404283991083503,shared_2l_1pool
11303,6.392695941030979,0.9003470186144114,5.383410956710577,shared_2l_1pool
11304,6.386887980625033,0.9040019940584898,5.37637691013515,shared_2l_1pool
11305,6.37739198282361,0.8999428246170282,5.3695200476795435,shared_2l_1pool
11306,6.427685962989926,0.9146800730377436,5.405130097642541,shared_2l_1pool
11307,6.431483896449208,0.9138481691479683,5.410901037976146,shared_2l_1pool
11308,6.439069053158164,0.9204030502587557,5.409227916970849,shared_2l_1pool
11309,6.387030938640237,0.9279979858547449,5.3431151900440454,shared_2l_1pool
11310,6.4013570081442595,0.8888400625437498,5.401482805609703,shared_2l_1pool
11311,6.406664848327637,0.9209641721099615,5.375759908929467,shared_2l_1pool
11312,6.383894942700863,0.8943090215325356,5.380732007324696,shared_2l_1pool
11313,6.40078610740602,0.9082630276679993,5.381857976317406,shared_2l_1pool
11314,6.381015060469508,0.9177578613162041,5.348233040422201,shared_2l_1pool
11315,6.403364008292556,0.9078290313482285,5.386678036302328,shared_2l_1pool
11316,6.375916069373488,0.9281588718295097,5.339985014870763,shared_2l_1pool
11317,7.644027937203646,2.119674114510417,5.395910004153848,shared_2l_1pool
11318,6.416168995201588,0.9384318254888058,5.368351005017757,shared_2l_1pool
11319,6.378063000738621,0.9333651978522539,5.33879199065268,shared_2l_1pool
11320,6.423863815143704,0.9660180658102036,5.349019076675177,shared_2l_1pool
11321,6.367674097418785,0.910511938855052,5.346823949366808,shared_2l_1pool
11322,6.395036820322275,0.9079019073396921,5.37974014878273,shared_2l_1pool
11323,6.417549913749099,0.9228540584445,5.387395853176713,shared_2l_1pool
11324,6.477945018559694,0.9092900436371565,5.460479995235801,shared_2l_1pool
11325,6.420328980311751,0.9203741792589426,5.389921832829714,shared_2l_1pool
11326,6.458075018599629,0.9231760632246733,5.424999864771962,shared_2l_1pool
11327,6.349312840029597,0.8914889767765999,5.348871927708387,shared_2l_1pool
11328,6.397970020771027,0.9214379824697971,5.368586163967848,shared_2l_1pool
11329,6.324165966361761,0.8960498962551355,5.3219960536807775,shared_2l_1pool
11330,6.373632932081819,0.9194791782647371,5.3456968162208796,shared_2l_1pool
11331,6.389715010300279,0.9069910738617182,5.371926119551063,shared_2l_1pool
11332,6.403667153790593,0.8992529474198818,5.394720938056707,shared_2l_1pool
11333,7.695055101066828,2.133511006832123,5.4329470731318,shared_2l_1pool
11334,6.434842944145203,0.9279591031372547,5.39506203494966,shared_2l_1pool
11335,6.406168919056654,0.9376679081469774,5.358782131224871,shared_2l_1pool
11336,6.396283861249685,0.920651014894247,5.369429010897875,shared_2l_1pool
11337,6.430069915950298,0.9277809876948595,5.393920931965113,shared_2l_1pool
11338,6.416492164134979,0.9126330260187387,5.392089020460844,shared_2l_1pool
11339,6.415088893845677,0.9339801035821438,5.370709113776684,shared_2l_1pool
11340,6.386923836544156,0.8951281197369099,5.382874049246311,shared_2l_1pool
11341,6.3927199225872755,0.91163394972682,5.371682113036513,shared_2l_1pool
11342,6.343940040096641,0.9176239836961031,5.319501040503383,shared_2l_1pool
11343,6.3588279299438,0.8855920750647783,5.366290919482708,shared_2l_1pool
11344,6.409141002222896,0.9223041124641895,5.379231879487634,shared_2l_1pool
11345,6.32890104316175,0.9039158467203379,5.316899158060551,shared_2l_1pool
11346,6.360888015478849,0.9242349769920111,5.3290200885385275,shared_2l_1pool
11347,6.374089978635311,0.9202109649777412,5.3470199927687645,shared_2l_1pool
11348,6.342676002532244,0.8881669491529465,5.34508191049099,shared_2l_1pool
11349,7.7742470894008875,2.206851029768586,5.439848871901631,shared_2l_1pool
11350,6.376796867698431,0.9251320734620094,5.340764997527003,shared_2l_1pool
11351,6.366007030010223,0.9246519766747952,5.332023836672306,shared_2l_1pool
11352,6.38396292924881,0.9332259651273489,5.337811075150967,shared_2l_1pool
11353,6.351761054247618,0.9132230188697577,5.330125102773309,shared_2l_1pool
11354,6.374490913003683,0.9107689838856459,5.356673151254654,shared_2l_1pool
11355,6.4236680045723915,0.935849966481328,5.379769019782543,shared_2l_1pool
11356,6.462085992097855,0.9457271080464125,5.405675852671266,shared_2l_1pool
11357,6.381440907716751,0.9247551206499338,5.347402999177575,shared_2l_1pool
11358,6.457585841417313,0.9508710354566574,5.395189160481095,shared_2l_1pool
11359,6.462749792262912,0.9328869637101889,5.425069946795702,shared_2l_1pool
11360,6.424861028790474,0.899371923878789,5.41017996147275,shared_2l_1pool
11361,6.479034200310707,0.9603300131857395,5.405572941526771,shared_2l_1pool
11362,6.417250959202647,0.9365130681544542,5.369300954043865,shared_2l_1pool
11363,6.3877468928694725,0.9305281564593315,5.3466379176825285,shared_2l_1pool
11364,6.425877101719379,0.9143981151282787,5.4028460290282965,shared_2l_1pool
11365,7.696453016251326,2.1567160729318857,5.410399055108428,shared_2l_1pool
11366,6.412316812202334,0.9256529156118631,5.376310087740421,shared_2l_1pool
11367,6.402197992429137,0.9409049525856972,5.352825159206986,shared_2l_1pool
11368,6.357979029417038,0.904531916603446,5.345830926671624,shared_2l_1pool
11369,6.416443036869168,0.9299491066485643,5.381403025239706,shared_2l_1pool
11370,6.448040949180722,0.9242331143468618,5.414764862507582,shared_2l_1pool
11371,6.396467098966241,0.9041468147188425,5.381540162488818,shared_2l_1pool
11372,6.4149831887334585,0.9083820041269064,5.4005838464945555,shared_2l_1pool
11373,6.436821073293686,0.9343819692730904,5.39462617598474,shared_2l_1pool
11374,6.401526974514127,0.90648396871984,5.386722041293979,shared_2l_1pool
11375,6.402141880244017,0.9181329514831305,5.37134800106287,shared_2l_1pool
11376,6.355274934321642,0.9141908958554268,5.3341330494731665,shared_2l_1pool
11377,6.360804196447134,0.9188710246235132,5.334204062819481,shared_2l_1pool
11378,6.4445610623806715,0.9310219902545214,5.4041799157857895,shared_2l_1pool
11379,6.402421975508332,0.9123240597546101,5.38143003359437,shared_2l_1pool
11380,6.3815980684012175,0.916553195565939,5.3568577859550714,shared_2l_1pool
11381,7.697972934693098,2.1403071004897356,5.428317002952099,shared_2l_1pool
11382,6.423263112083077,0.943601131439209,5.369348917156458,shared_2l_1pool
11383,6.377669051289558,0.8983758743852377,5.369252059608698,shared_2l_1pool
11384,6.41398411244154,0.9407550096511841,5.363746080547571,shared_2l_1pool
11385,6.4043099991977215,0.907073961570859,5.388084100559354,shared_2l_1pool
11386,6.441209930926561,0.9311239700764418,5.399519111961126,shared_2l_1pool
11387,6.428704131394625,0.9828170295804739,5.337120033800602,shared_2l_1pool
11388,6.385768996551633,0.9517499711364508,5.316074937582016,shared_2l_1pool
11389,6.428282940760255,0.9506719652563334,5.3654019720852375,shared_2l_1pool
11390,6.427527172490954,0.9350820910185575,5.3819469176232815,shared_2l_1pool
11391,6.463728845119476,0.9522191248834133,5.397408967837691,shared_2l_1pool
11392,6.377371959388256,0.913719879463315,5.351966945454478,shared_2l_1pool
11393,6.450016982853413,0.9398399852216244,5.401570815593004,shared_2l_1pool
11394,6.402273895218968,0.9354748763144016,5.356983980163932,shared_2l_1pool
11395,6.418415112420917,0.9269521106034517,5.382895935326815,shared_2l_1pool
11396,6.393228890374303,0.9121990296989679,5.374756874516606,shared_2l_1pool
11397,7.697904948145151,2.1551400423049927,5.4138710256665945,shared_2l_1pool
11398,6.4227350521832705,0.9506009519100189,5.360460141673684,shared_2l_1pool
11399,6.458440097048879,0.9396818932145834,5.408986937254667,shared_2l_1pool
11400,6.395514821633697,0.9090229868888855,5.378119880333543,shared_2l_1pool
11401,6.412632996216416,0.912320101633668,5.3916210308671,shared_2l_1pool
11402,6.413628114387393,0.9209760464727879,5.382339004427195,shared_2l_1pool
11403,6.440626922994852,0.9148239623755217,5.4149930365383625,shared_2l_1pool
11404,6.429731147363782,0.9226750116795301,5.398571956902742,shared_2l_1pool
11405,6.400046870112419,0.922568142414093,5.370378959923983,shared_2l_1pool
11406,6.435849936679006,0.9672800078988075,5.360909970477223,shared_2l_1pool
11407,6.383115891367197,0.913470983505249,5.3646021988242865,shared_2l_1pool
11408,6.377787096425891,0.9015891700983047,5.368939833715558,shared_2l_1pool
11409,6.401634076610208,0.9270720183849335,5.367545178160071,shared_2l_1pool
11410,6.416019052267075,0.9281239472329617,5.3810421377420425,shared_2l_1pool
11411,6.412571994587779,0.9448218625038862,5.358929978683591,shared_2l_1pool
11412,6.446711951866746,0.9136381559073925,5.426896968856454,shared_2l_1pool
11413,7.661117007955909,2.1116789430379868,5.420810077339411,shared_2l_1pool
11414,6.433982169255614,0.944219995290041,5.38105214945972,shared_2l_1pool
11415,6.409474881365895,0.926413107663393,5.374504951760173,shared_2l_1pool
11416,6.374138873070478,0.9229350835084915,5.345424870029092,shared_2l_1pool
11417,6.40745391137898,0.9111878462135792,5.386216100305319,shared_2l_1pool
11418,6.458337884396315,0.931871822103858,5.417711101472378,shared_2l_1pool
11419,6.345840869471431,0.8910379838198423,5.342717980965972,shared_2l_1pool
11420,6.419721990823746,0.9127701632678509,5.397043889388442,shared_2l_1pool
11421,6.40575704164803,0.9336289949715137,5.36223198287189,shared_2l_1pool
11422,6.405023857951164,0.9377999231219292,5.360618000850081,shared_2l_1pool
11423,6.463448982685804,0.9243139065802097,5.428267177194357,shared_2l_1pool
11424,6.336832884699106,0.9117498993873596,5.315792979672551,shared_2l_1pool
11425,6.418291945010424,0.93672308139503,5.374458851292729,shared_2l_1pool
11426,6.388999056071043,0.9461559820920229,5.334805930033326,shared_2l_1pool
11427,6.409162888303399,0.9511548560112715,5.350657040253282,shared_2l_1pool
11428,6.403553066775203,0.9147787932306528,5.379877984523773,shared_2l_1pool
11429,7.660244824364781,2.1461949218064547,5.385700147598982,shared_2l_1pool
11430,6.461834069341421,0.9469750802963972,5.4051929619163275,shared_2l_1pool
11431,6.41713198274374,0.9554489515721798,5.3531581070274115,shared_2l_1pool
11432,6.426576990634203,0.9345959406346083,5.381381139159203,shared_2l_1pool
11433,6.42436882480979,0.9319151286035776,5.383902927860618,shared_2l_1pool
11434,6.411959882825613,0.943909166380763,5.357695044949651,shared_2l_1pool
11435,6.393908988684416,0.9157368913292885,5.368709098547697,shared_2l_1pool
11436,6.345969159156084,0.9160919580608606,5.321710137650371,shared_2l_1pool
11437,6.399165140464902,0.9405030868947506,5.34693687222898,shared_2l_1pool
11438,6.394426804035902,0.9170591365545988,5.369453923776746,shared_2l_1pool
11439,6.4077978022396564,0.9094621054828167,5.388990975916386,shared_2l_1pool
11440,6.41643488779664,0.9097340516746044,5.400288850069046,shared_2l_1pool
11441,6.36053504422307,0.9233499877154827,5.327627062797546,shared_2l_1pool
11442,6.411565002053976,0.9470679797232151,5.353578133508563,shared_2l_1pool
11443,6.416544085368514,0.918444013223052,5.389570957049727,shared_2l_1pool
11444,6.423326907679439,0.944857019931078,5.366440862417221,shared_2l_1pool
11445,7.723485818132758,2.1592590492218733,5.4375019390136,shared_2l_1pool
11446,6.448583910241723,0.9454330429434776,5.388809833675623,shared_2l_1pool
11447,6.386082153767347,0.9313048794865608,5.34497108310461,shared_2l_1pool
11448,6.432438036426902,0.933624804019928,5.391125101596117,shared_2l_1pool
11449,6.428680848330259,0.9489650838077068,5.3714190144091845,shared_2l_1pool
11450,6.421541096642613,0.9382651187479496,5.377492867410183,shared_2l_1pool
11451,6.410811096429825,0.9077389258891344,5.394549109041691,shared_2l_1pool
11452,6.368882022798061,0.9378381073474884,5.324542988091707,shared_2l_1pool
11453,6.498666014522314,0.9276531636714935,5.459324922412634,shared_2l_1pool
11454,6.384687032550573,0.9170589037239552,5.360868060961366,shared_2l_1pool
11455,6.471703993156552,0.9367330931127071,5.420575849711895,shared_2l_1pool
11456,6.481640972197056,0.9550910908728838,5.416986998170614,shared_2l_1pool
11457,6.442754063755274,0.9408099576830864,5.393849918618798,shared_2l_1pool
11458,6.42818002961576,0.8993879891932011,5.4214338306337595,shared_2l_1pool
11459,6.477073999121785,0.9329419117420912,5.43610705062747,shared_2l_1pool
11460,6.473914021626115,0.9245898108929396,5.442713154479861,shared_2l_1pool
11461,7.739200023934245,2.159898867830634,5.446678958833218,shared_2l_1pool
11462,6.446969928219914,0.9268498979508877,5.411833990365267,shared_2l_1pool
11463,6.39335997402668,0.9334499482065439,5.351507104933262,shared_2l_1pool
11464,6.448443979024887,0.942880054935813,5.399361019954085,shared_2l_1pool
11465,6.407337030395865,0.9321540128439665,5.367456935346127,shared_2l_1pool
11466,6.414646049961448,0.9217369370162487,5.382908042520285,shared_2l_1pool
11467,6.40458706766367,0.9268180001527071,5.371023900806904,shared_2l_1pool
11468,6.400761194527149,0.9415140375494957,5.349508952349424,shared_2l_1pool
11469,6.326812086626887,0.918080797418952,5.302109057083726,shared_2l_1pool
11470,6.403351901099086,0.9255979675799608,5.371273960918188,shared_2l_1pool
11471,6.40706205740571,0.9365570731461048,5.362848052754998,shared_2l_1pool
11472,6.3960980623960495,0.9301670361310244,5.358896916732192,shared_2l_1pool
11473,6.364919012412429,0.9208659175783396,5.338825052604079,shared_2l_1pool
11474,6.435096031054854,0.9205969981849194,5.408315919339657,shared_2l_1pool
11475,6.353219971060753,0.9192421566694975,5.329279927536845,shared_2l_1pool
11476,6.386687979102135,0.9131988044828176,5.368834128603339,shared_2l_1pool
11477,7.65835982747376,2.120204037055373,5.41342212818563,shared_2l_1pool
11478,6.430275971069932,0.9262699168175459,5.393107188865542,shared_2l_1pool
11479,6.42743892967701,0.9457510896027088,5.374700995162129,shared_2l_1pool
11480,6.445026956498623,0.9391128551214933,5.39002101868391,shared_2l_1pool
11481,6.475757109001279,0.9457520209252834,5.417450098320842,shared_2l_1pool
11482,6.467364029958844,0.9441741276532412,5.408118944615126,shared_2l_1pool
11483,6.501480937004089,0.9646350517868996,5.414510844275355,shared_2l_1pool
11484,6.588849006220698,1.0237088426947594,5.454470170661807,shared_2l_1pool
11485,6.476985057815909,0.9522540494799614,5.410605110228062,shared_2l_1pool
11486,6.481189979240298,0.9652001317590475,5.403307965025306,shared_2l_1pool
11487,6.364117143675685,0.9381831623613834,5.316826980561018,shared_2l_1pool
11488,6.422815844416618,0.9276459459215403,5.386065924540162,shared_2l_1pool
11489,6.44837599247694,0.9348110761493444,5.4028399754315615,shared_2l_1pool
11490,6.388908950611949,0.9172731079161167,5.364974960684776,shared_2l_1pool
11491,6.389284040778875,0.9085629135370255,5.3714849054813385,shared_2l_1pool
11492,6.45602704025805,0.9302019607275724,5.417405162006617,shared_2l_1pool
11493,7.711141835898161,2.1460819989442825,5.4375180043280125,shared_2l_1pool
11494,6.443419028073549,0.927329994738102,5.403345916420221,shared_2l_1pool
11495,6.457311101257801,0.9307828731834888,5.418356973677874,shared_2l_1pool
11496,6.402679020538926,0.9179199114441872,5.375253036618233,shared_2l_1pool
11497,6.423095008358359,0.9217190090566874,5.389085970818996,shared_2l_1pool
11498,6.4042410813272,0.9077740833163261,5.387827986851335,shared_2l_1pool
11499,6.425984902307391,0.9368150494992733,5.382044008001685,shared_2l_1pool
11500,6.388683104887605,0.9032739326357841,5.378030939027667,shared_2l_1pool
11501,6.441861856728792,0.9502239990979433,5.384132033213973,shared_2l_1pool
11502,6.373003125190735,0.9082781616598368,5.354263819754124,shared_2l_1pool
11503,6.377797108143568,0.9102728217840195,5.3573299665004015,shared_2l_1pool
11504,6.444385973736644,0.9227311238646507,5.4121678695082664,shared_2l_1pool
11505,6.605044938623905,0.9041640441864729,5.4399550426751375,shared_2l_1pool
11506,6.699307821691036,1.1871880851686,5.401614122092724,shared_2l_1pool
11507,6.4388359896838665,0.9104320779442787,5.419982830062509,shared_2l_1pool
11508,6.3979169353842735,0.9066839702427387,5.385500146076083,shared_2l_1pool
11509,7.725895149633288,2.1231230348348618,5.476919002830982,shared_2l_1pool
11510,6.594713078811765,0.981055898591876,5.504328059032559,shared_2l_1pool
11511,6.448688916862011,0.9251739829778671,5.415956024080515,shared_2l_1pool
11512,6.496686022728682,0.9200430940836668,5.467213923111558,shared_2l_1pool
11513,6.437537027522922,0.9175760205835104,5.410976009443402,shared_2l_1pool
11514,6.364753935486078,0.8984510786831379,5.3576030768454075,shared_2l_1pool
11515,6.467475090175867,0.9180288761854172,5.442060995846987,shared_2l_1pool
11516,6.482155993580818,0.935582909733057,5.438572959974408,shared_2l_1pool
11517,6.448096828535199,0.9433580562472343,5.396745866164565,shared_2l_1pool
11518,6.478904047980905,0.9398479014635086,5.431341007351875,shared_2l_1pool
11519,6.421956000849605,0.9252261370420456,5.38771296851337,shared_2l_1pool
11520,6.431809160858393,0.9046399500221014,5.420448957011104,shared_2l_1pool
11521,6.421173922717571,0.9094150736927986,5.406111013144255,shared_2l_1pool
11522,6.468852981925011,0.9176561143249273,5.44612598605454,shared_2l_1pool
11523,6.492923013865948,0.933866947889328,5.4505199659615755,shared_2l_1pool
11524,6.468293955549598,0.9229250717908144,5.438174121081829,shared_2l_1pool
11525,7.756144041195512,2.1492508240044117,5.479997955262661,shared_2l_1pool
11526,6.490103900432587,0.9340408723801374,5.447620991617441,shared_2l_1pool
11527,6.381344981491566,0.9264477994292974,5.348616046831012,shared_2l_1pool
11528,6.4737130887806416,0.925946980714798,5.4410279262810946,shared_2l_1pool
11529,6.456905975937843,0.9143981151282787,5.433501908555627,shared_2l_1pool
11530,6.462095072492957,0.921695027500391,5.432516103610396,shared_2l_1pool
11531,6.438736105337739,0.9125110227614641,5.413935985416174,shared_2l_1pool
11532,6.429916014894843,0.9164758957922459,5.406478187069297,shared_2l_1pool
11533,6.454638205468655,0.9576061274856329,5.388943944126368,shared_2l_1pool
11534,6.427701096981764,0.9037628769874573,5.416026106104255,shared_2l_1pool
11535,6.4379998948425055,0.9054720867425203,5.425484851002693,shared_2l_1pool
11536,6.403214996680617,0.9282710961997509,5.367896985262632,shared_2l_1pool
11537,6.404826883226633,0.9155550505965948,5.374500062316656,shared_2l_1pool
11538,6.470899097621441,0.9351011831313372,5.425913957878947,shared_2l_1pool
11539,6.440158933401108,0.9428760968148708,5.390536040067673,shared_2l_1pool
11540,6.492817075923085,0.9215620812028646,5.461344961076975,shared_2l_1pool
11541,7.756063947454095,2.138323849067092,5.489518167451024,shared_2l_1pool
11542,6.399395875632763,0.9218000341206789,5.369097925722599,shared_2l_1pool
11543,6.468531908467412,0.9216160979121923,5.434861872345209,shared_2l_1pool
11544,6.495984038338065,0.9215448517352343,5.462500965222716,shared_2l_1pool
11545,6.461750948801637,0.9119361639022827,5.445451941341162,shared_2l_1pool
11546,6.476642098277807,0.9410069324076176,5.425204057246447,shared_2l_1pool
11547,6.435988936573267,0.9268508292734623,5.401032045483589,shared_2l_1pool
11548,6.478472845628858,0.9350660257041454,5.425959127023816,shared_2l_1pool
11549,6.530214101076126,0.9259670041501522,5.487577989697456,shared_2l_1pool
11550,6.500079995021224,0.946087995544076,5.4420409724116325,shared_2l_1pool
11551,6.462170975282788,0.9175678715109825,5.432815989479423,shared_2l_1pool
11552,6.506253965198994,0.9404239244759083,5.4528010077774525,shared_2l_1pool
11553,6.483508041128516,0.933400122448802,5.441606044769287,shared_2l_1pool
11554,6.494458997622132,0.9320569224655628,5.449604010209441,shared_2l_1pool
11555,6.441278848797083,0.9219739586114883,5.410515004768968,shared_2l_1pool
11556,6.485617952421308,0.9228650014847517,5.452615907415748,shared_2l_1pool
11557,8.034070022404194,2.4340730160474777,5.472637014463544,shared_2l_1pool
11558,6.5213399939239025,0.9470100048929453,5.465216934680939,shared_2l_1pool
11559,6.455976981669664,0.9005009196698666,5.44599094428122,shared_2l_1pool
11560,6.416392978280783,0.926401000469923,5.383161129429936,shared_2l_1pool
11561,6.472501903772354,0.9315181523561478,5.434972001239657,shared_2l_1pool
11562,6.4558747690171,0.9342879056930542,5.413396982476115,shared_2l_1pool
11563,6.472172914072871,0.9274359326809645,5.438682856038213,shared_2l_1pool
11564,6.42578792758286,0.9211672004312277,5.3963379468768835,shared_2l_1pool
11565,6.440102821215987,0.9346341248601675,5.39725087583065,shared_2l_1pool
11566,6.457346025854349,0.9339097887277603,5.416478030383587,shared_2l_1pool
11567,6.511625135317445,0.9509550873190165,5.450248951092362,shared_2l_1pool
11568,6.4019320998340845,0.9284859988838434,5.365286022424698,shared_2l_1pool
11569,6.501062074676156,0.9059100411832333,5.4847970604896545,shared_2l_1pool
11570,6.439381977543235,0.9281318634748459,5.403144983574748,shared_2l_1pool
11571,6.426970940083265,0.9243730455636978,5.390079924836755,shared_2l_1pool
11572,6.453945068642497,0.9229809511452913,5.424169125035405,shared_2l_1pool
11573,7.737945066764951,2.1341978572309017,5.471046082675457,shared_2l_1pool
11574,6.4801969565451145,0.9428129997104406,5.426867166534066,shared_2l_1pool
11575,6.455924129113555,0.9249881841242313,5.425638984888792,shared_2l_1pool
11576,6.475275848060846,0.9327810257673264,5.433141021057963,shared_2l_1pool
11577,6.446163170039654,0.9331051260232925,5.409587873145938,shared_2l_1pool
11578,6.525519071146846,0.976423965767026,5.441487999632955,shared_2l_1pool
11579,6.429560948163271,0.941907986998558,5.377377849072218,shared_2l_1pool
11580,6.507649086415768,0.9388048201799393,5.4612229578197,shared_2l_1pool
11581,6.456292001530528,0.9236549958586693,5.424885777756572,shared_2l_1pool
11582,6.455953000113368,0.9199550841003656,5.429107928648591,shared_2l_1pool
11583,6.467929109930992,0.9432288352400064,5.418395157903433,shared_2l_1pool
11584,6.479487055912614,0.9207578841596842,5.451268050819635,shared_2l_1pool
11585,6.477111019194126,0.9258908685296774,5.442374153062701,shared_2l_1pool
11586,6.517444038763642,0.950047979131341,5.457707913592458,shared_2l_1pool
11587,6.4720159862190485,0.9303500410169363,5.433273036032915,shared_2l_1pool
11588,6.445992039516568,0.9335530921816826,5.404414841905236,shared_2l_1pool
11589,7.762247929349542,2.1562681067734957,5.480347899720073,shared_2l_1pool
11590,6.459706928580999,0.9565269574522972,5.3925300016999245,shared_2l_1pool
11591,6.438502110540867,0.9244540706276894,5.404425784945488,shared_2l_1pool
11592,6.4506130293011665,0.9472749661654234,5.3955791518092155,shared_2l_1pool
11593,6.462258985266089,0.9280981030315161,5.423016846179962,shared_2l_1pool
11594,6.401506019756198,0.9007458575069904,5.390482023358345,shared_2l_1pool
11595,6.457887822762132,0.9246258996427059,5.427374038845301,shared_2l_1pool
11596,6.423366954550147,0.9179720655083656,5.400503985583782,shared_2l_1pool
11597,6.4703719690442085,0.9241360239684582,5.438029998913407,shared_2l_1pool
11598,6.4173920545727015,0.9244319517165422,5.384149961173534,shared_2l_1pool
11599,6.409178022295237,0.9069088846445084,5.395876010879874,shared_2l_1pool
11600,6.42115599475801,0.9200801141560078,5.3883378859609365,shared_2l_1pool
11601,6.418209057301283,0.9119468741118908,5.398252978920937,shared_2l_1pool
11602,6.474331021308899,0.9427519980818033,5.420729052275419,shared_2l_1pool
11603,6.459303200244904,0.9461711160838604,5.404125899076462,shared_2l_1pool
11604,6.433106027543545,0.9326350409537554,5.392609164118767,shared_2l_1pool
11605,7.7989669516682625,2.1880550775676966,5.484407069161534,shared_2l_1pool
11606,6.459689931944013,0.9379249531775713,5.407541058957577,shared_2l_1pool
11607,6.508746882900596,0.9440719150006771,5.457522114738822,shared_2l_1pool
11608,6.474283058196306,0.93484902754426,5.427968921139836,shared_2l_1pool
11609,6.404649931937456,0.9092988912016153,5.3857238963246346,shared_2l_1pool
11610,6.448402069509029,0.9128600358963013,5.426944000646472,shared_2l_1pool
11611,6.501688156276941,0.9375319350510836,5.458853207528591,shared_2l_1pool
11612,6.4666608814150095,0.936608063057065,5.420877132564783,shared_2l_1pool
11613,6.4755340572446585,0.9174649603664875,5.447549978271127,shared_2l_1pool
11614,6.45358907058835,0.9189429692924023,5.427493946626782,shared_2l_1pool
11615,6.477294024080038,0.9142018388956785,5.453058052808046,shared_2l_1pool
11616,6.462218007072806,0.9251940064132214,5.427371012046933,shared_2l_1pool
11617,6.474134977906942,0.9393969085067511,5.426520016044378,shared_2l_1pool
11618,6.465627113357186,0.9108609519898891,5.447995150461793,shared_2l_1pool
11619,6.510264007374644,0.950532965362072,5.451163975521922,shared_2l_1pool
11620,6.472219014540315,0.9183988440781832,5.445948103442788,shared_2l_1pool
11621,7.728592958301306,2.141313860192895,5.461268126964569,shared_2l_1pool
11622,6.4718821085989475,0.9507518261671066,5.411613965407014,shared_2l_1pool
11623,6.442524958401918,0.9329630993306637,5.400805035606027,shared_2l_1pool
11624,6.400163983926177,0.9117599111050367,5.3801569156348705,shared_2l_1pool
11625,6.412760820239782,0.9115419816225767,5.3908610716462135,shared_2l_1pool
11626,6.461862940341234,0.944474944844842,5.405657226219773,shared_2l_1pool
11627,6.427292013540864,0.929875997826457,5.387596087530255,shared_2l_1pool
11628,6.427917163819075,0.932089053094387,5.38414204493165,shared_2l_1pool
11629,6.362750893458724,0.9277979843318462,5.325425881892443,shared_2l_1pool
11630,6.410571979358792,0.9342781268060207,5.366948898881674,shared_2l_1pool
11631,6.509089842438698,0.9368520695716143,5.462147993966937,shared_2l_1pool
11632,6.488265935331583,0.9455520194023848,5.430517951026559,shared_2l_1pool
11633,6.446418119594455,0.9239742066711187,5.413551814854145,shared_2l_1pool
11634,6.441956851631403,0.9189490228891373,5.412939935922623,shared_2l_1pool
11635,6.424118066206574,0.9007509797811508,5.4154901299625635,shared_2l_1pool
11636,6.4197988249361515,0.9212139993906021,5.391617072746158,shared_2l_1pool
11637,7.746036862954497,2.1351398900151253,5.486986134201288,shared_2l_1pool
11638,6.492607062682509,0.9249369613826275,5.455546081066132,shared_2l_1pool
11639,6.5227781888097525,0.9468500502407551,5.467725917696953,shared_2l_1pool
11640,6.499911192804575,0.9265230037271976,5.4675438441336155,shared_2l_1pool
11641,6.480975076556206,0.9288021828979254,5.444714799523354,shared_2l_1pool
11642,6.4190649427473545,0.9118050802499056,5.397049011662602,shared_2l_1pool
11643,6.473866989836097,0.946498941630125,5.418162094429135,shared_2l_1pool
11644,6.4888009801507,0.9227539412677288,5.4561670403927565,shared_2l_1pool
11645,6.5183008555322886,0.9259141515940428,5.484387977048755,shared_2l_1pool
11646,6.423020968213677,0.8953029755502939,5.4191830568015575,shared_2l_1pool
11647,6.4819420222193,0.9699659422039986,5.404108902439475,shared_2l_1pool
11648,6.463662954047322,0.9279989171773195,5.426456918939948,shared_2l_1pool
11649,6.422980921342969,0.8997588884085417,5.414725048467517,shared_2l_1pool
11650,6.444510072469711,0.9100611787289381,5.425423849374056,shared_2l_1pool
11651,6.504880031570792,0.9425359312444925,5.4561360739171505,shared_2l_1pool
11652,6.507670972496271,0.9485799819231033,5.448481999337673,shared_2l_1pool
11653,7.7101849019527435,2.1227209363132715,5.4590050131082535,shared_2l_1pool
11654,6.501378025859594,0.96496706828475,5.424239905551076,shared_2l_1pool
11655,6.49395096115768,0.9509068913757801,5.430822027847171,shared_2l_1pool
11656,6.426732055842876,0.9322480764240026,5.384854972362518,shared_2l_1pool
11657,6.442199926823378,0.9534158743917942,5.3813939448446035,shared_2l_1pool
11658,6.446947110816836,0.9215099271386862,5.417079897597432,shared_2l_1pool
11659,6.440077908337116,0.9337610099464655,5.398185923695564,shared_2l_1pool
11660,6.476411828771234,0.9502689354121685,5.41592319495976,shared_2l_1pool
11661,6.496857153251767,0.9312329348176718,5.456408020108938,shared_2l_1pool
11662,6.436136085540056,0.9230151772499084,5.404986906796694,shared_2l_1pool
11663,6.44113402813673,0.9307570289820433,5.401488160714507,shared_2l_1pool
11664,6.46339007653296,0.9109301026910543,5.434852791950107,shared_2l_1pool
11665,6.531629012897611,0.9277139324694872,5.4956041276454926,shared_2l_1pool
11666,6.409878144040704,0.9512179531157017,5.3483229130506516,shared_2l_1pool
11667,6.444763159379363,0.9210379794239998,5.412292899563909,shared_2l_1pool
11668,6.482834927737713,0.9468968492001295,5.426113959401846,shared_2l_1pool
11669,7.785186171531677,2.1432151552289724,5.51471789367497,shared_2l_1pool
11670,6.491847103461623,0.9424190502613783,5.440376931801438,shared_2l_1pool
11671,6.465870188549161,0.9612631984055042,5.3978608921170235,shared_2l_1pool
11672,6.443143123760819,0.9281139355152845,5.408391123637557,shared_2l_1pool
11673,6.491836858913302,0.9392090141773224,5.4436179343611,shared_2l_1pool
11674,6.495459005236626,0.9406600147485733,5.44470502063632,shared_2l_1pool
11675,6.4345370046794415,0.9093191474676132,5.415333900600672,shared_2l_1pool
11676,6.4163291826844215,0.9376781526952982,5.371029954403639,shared_2l_1pool
11677,6.450551096349955,0.9270638693124056,5.41023095138371,shared_2l_1pool
11678,6.512718973681331,0.9397449903190136,5.4646560456603765,shared_2l_1pool
11679,6.4433428924530745,0.9252689778804779,5.410247016698122,shared_2l_1pool
11680,6.483966950327158,0.9493681136518717,5.425844108685851,shared_2l_1pool
11681,6.463420810177922,0.9417179971933365,5.413380917161703,shared_2l_1pool
11682,6.479653064161539,0.9384697768837214,5.4307670798152685,shared_2l_1pool
11683,6.479734089225531,0.9463101159781218,5.424486007541418,shared_2l_1pool
11684,6.444031139835715,0.9165110532194376,5.42047806084156,shared_2l_1pool
11685,7.724598981440067,2.1490019280463457,5.449312971904874,shared_2l_1pool
11686,6.4915071707218885,0.9443750604987144,5.43461088091135,shared_2l_1pool
11687,6.5464479848742485,0.9439620189368725,5.492868134751916,shared_2l_1pool
11688,6.443023914471269,0.9370781481266022,5.395229905843735,shared_2l_1pool
11689,6.453626090660691,0.8941241540014744,5.450946977362037,shared_2l_1pool
11690,6.453501060605049,0.9397850371897221,5.405385047197342,shared_2l_1pool
11691,6.400404032319784,0.9087850339710712,5.38437906652689,shared_2l_1pool
11692,6.48937001824379,0.9095920249819756,5.4710060358047485,shared_2l_1pool
11693,6.404210114851594,0.9227979462593794,5.372252082452178,shared_2l_1pool
11694,6.459158146753907,0.9463268797844648,5.4042350966483355,shared_2l_1pool
11695,6.471654865890741,0.913586001843214,5.453435005620122,shared_2l_1pool
11696,6.393407005816698,0.9049749933183193,5.3826861549168825,shared_2l_1pool
11697,6.450184853747487,0.9229888673871756,5.423514172434807,shared_2l_1pool
11698,6.491886917501688,0.9471680968999863,5.438827909529209,shared_2l_1pool
11699,6.4701419323682785,0.9441380389034748,5.419563036412001,shared_2l_1pool
11700,6.413077935576439,0.9282848332077265,5.377531051635742,shared_2l_1pool
11701,7.7474277932196856,2.137196948751807,5.483981920406222,shared_2l_1pool
11702,6.522119045257568,0.9440220892429352,5.470147123560309,shared_2l_1pool
11703,6.475598085671663,0.9442060254514217,5.424217088147998,shared_2l_1pool
11704,6.464231060817838,0.9379968978464603,5.416814005002379,shared_2l_1pool
11705,6.418643053621054,0.9253278840333223,5.386563017964363,shared_2l_1pool
11706,6.502246949821711,0.959394033998251,5.43287699110806,shared_2l_1pool
11707,6.489789113402367,0.9372581262141466,5.446239840239286,shared_2l_1pool
11708,6.414236966520548,0.9271460585296154,5.379573907703161,shared_2l_1pool
11709,6.438958924263716,0.9248808491975069,5.403827177360654,shared_2l_1pool
11710,6.409069057554007,0.9108250960707664,5.3882659412920475,shared_2l_1pool
11711,6.452895933762193,0.9327011648565531,5.413132021203637,shared_2l_1pool
11712,6.4610750414431095,0.9284201078116894,5.425655050203204,shared_2l_1pool
11713,6.445979001000524,0.9278841316699982,5.413730861619115,shared_2l_1pool
11714,6.494812900200486,0.9696250781416893,5.419313907623291,shared_2l_1pool
11715,6.419149925932288,0.9310690220445395,5.381254944950342,shared_2l_1pool
11716,6.438440177589655,0.9346390143036842,5.397242959588766,shared_2l_1pool
11717,7.712397957220674,2.1536280401051044,5.432989913970232,shared_2l_1pool
11718,6.445870036259294,0.9274249896407127,5.410399055108428,shared_2l_1pool
11719,6.4023868180811405,0.931641086935997,5.364064127206802,shared_2l_1pool
11720,6.46511884406209,0.933636911213398,5.422971909865737,shared_2l_1pool
11721,6.485669873654842,0.9487180504947901,5.428912118077278,shared_2l_1pool
11722,6.416667019948363,0.9253490716218948,5.383236100897193,shared_2l_1pool
11723,6.4270279835909605,0.919183949008584,5.397706059738994,shared_2l_1pool
11724,6.462858058512211,0.93813706189394,5.413093836978078,shared_2l_1pool
11725,6.51698000729084,0.9444868192076683,5.4664621129632,shared_2l_1pool
11726,6.475507048889995,0.9516288992017508,5.413818173110485,shared_2l_1pool
11727,6.444095866754651,0.9123829659074545,5.423496942967176,shared_2l_1pool
11728,6.452813046053052,0.9250829461961985,5.419700173661113,shared_2l_1pool
11729,6.450528046116233,0.9232759475708008,5.420054076239467,shared_2l_1pool
11730,6.445670034736395,0.9195231832563877,5.4187949281185865,shared_2l_1pool
11731,6.467143073678017,0.9139010217040777,5.447621922940016,shared_2l_1pool
11732,6.500882096588612,0.92834304086864,5.464981077238917,shared_2l_1pool
11733,7.745970040559769,2.1407061722129583,5.476142046973109,shared_2l_1pool
11734,6.5456589218229055,0.9562498889863491,5.478589097037911,shared_2l_1pool
11735,6.433347938582301,0.942121958360076,5.383554147556424,shared_2l_1pool
11736,6.391589995473623,0.9258110076189041,5.358619848266244,shared_2l_1pool
11737,6.507840007543564,0.9768209420144558,5.418574204668403,shared_2l_1pool
11738,6.4031078945845366,0.9153930004686117,5.380832822993398,shared_2l_1pool
11739,6.512827938422561,0.9566880762577057,5.445492919534445,shared_2l_1pool
11740,6.461751880124211,0.9663428645581007,5.384980933740735,shared_2l_1pool
11741,6.396154873073101,0.9169508703052998,5.370673956349492,shared_2l_1pool
11742,6.4839709084481,0.9308548178523779,5.445751128718257,shared_2l_1pool
11743,6.4668848644942045,0.9221420623362064,5.436623003333807,shared_2l_1pool
11744,6.437153089791536,0.9441899601370096,5.386098986491561,shared_2l_1pool
11745,6.409639958292246,0.917328055948019,5.3818258456885815,shared_2l_1pool
11746,6.456192117184401,0.9423359297215939,5.404455121606588,shared_2l_1pool
11747,6.421515019610524,0.9382569696754217,5.371222039684653,shared_2l_1pool
11748,6.449222099035978,0.945991137996316,5.394574953243136,shared_2l_1pool
11749,7.768993964418769,2.133691916242242,5.509271984919906,shared_2l_1pool
11750,6.503504002466798,0.9355789516121149,5.45748695731163,shared_2l_1pool
11751,6.461885990574956,0.9392700158059597,5.417864769697189,shared_2l_1pool
11752,6.502724951133132,0.9559369646012783,5.440778099000454,shared_2l_1pool
11753,6.548356963321567,0.9479918517172337,5.491624120622873,shared_2l_1pool
11754,6.502219941467047,0.9561958722770214,5.437557119876146,shared_2l_1pool
11755,6.470533786341548,0.9353209752589464,5.426816875115037,shared_2l_1pool
11756,6.478304043412209,0.9590808767825365,5.411077989265323,shared_2l_1pool
11757,6.485240999609232,0.916970893740654,5.460706073790789,shared_2l_1pool
11758,6.512433057650924,0.9341679979115725,5.468511022627354,shared_2l_1pool
11759,6.499479059129953,0.9219259954988956,5.46943093650043,shared_2l_1pool
11760,6.498107919469476,0.9375989902764559,5.451058968901634,shared_2l_1pool
11761,6.485260091722012,0.9550719987601042,5.42163010686636,shared_2l_1pool
11762,6.478124996647239,0.9324280545115471,5.438746884465218,shared_2l_1pool
11763,6.516060093417764,0.9310308378189802,5.478396080434322,shared_2l_1pool
11764,6.4748728182166815,0.9285409469157457,5.438060034066439,shared_2l_1pool
11765,7.749048061668873,2.155764028429985,5.466198083013296,shared_2l_1pool
11766,6.506356876343489,0.956143019720912,5.436752922832966,shared_2l_1pool
11767,6.52705505490303,0.9454800747334957,5.473444936797023,shared_2l_1pool
11768,6.538806948810816,0.9651188738644123,5.466300994157791,shared_2l_1pool
11769,6.435432005673647,0.9252959862351418,5.39772491902113,shared_2l_1pool
11770,6.4860188867896795,0.9497830178588629,5.427095806226134,shared_2l_1pool
11771,6.489239865913987,0.9301218669861555,5.45116001740098,shared_2l_1pool
11772,6.454222835600376,0.9236561600118876,5.4227488581091166,shared_2l_1pool
11773,6.477904971688986,0.9118891321122646,5.461283028125763,shared_2l_1pool
11774,6.463731871917844,0.9397610556334257,5.414199084043503,shared_2l_1pool
11775,6.484464975073934,0.9058029390871525,5.4711210541427135,shared_2l_1pool
11776,6.5290171187371016,0.9405689779669046,5.4798859637230635,shared_2l_1pool
11777,6.464474834501743,0.9142179042100906,5.44181908480823,shared_2l_1pool
11778,6.519112968817353,0.9410551283508539,5.466995062306523,shared_2l_1pool
11779,6.531761959195137,0.9357552044093609,5.48957590945065,shared_2l_1pool
11780,6.466062040999532,0.9289560839533806,5.425201030448079,shared_2l_1pool
11781,7.886264938861132,2.1744510158896446,5.5792520288378,shared_2l_1pool
11782,6.541809067130089,0.9489730000495911,5.483361892402172,shared_2l_1pool
11783,6.604413036257029,0.9476880077272654,5.547150038182735,shared_2l_1pool
11784,6.460541859269142,0.93088299036026,5.419026827439666,shared_2l_1pool
11785,6.513028871268034,0.9322760161012411,5.4674779530614614,shared_2l_1pool
11786,6.491130916401744,0.9333919733762741,5.44777000322938,shared_2l_1pool
11787,6.508144084364176,0.9438330307602882,5.455496022477746,shared_2l_1pool
11788,6.545674055814743,0.929123954847455,5.509319016709924,shared_2l_1pool
11789,6.578573025763035,0.9362590499222279,5.5323929991573095,shared_2l_1pool
11790,6.538323126733303,0.9510309901088476,5.4774710442870855,shared_2l_1pool
11791,6.523987045511603,0.9170090779662132,5.499802995473146,shared_2l_1pool
11792,6.503033917397261,0.9225360117852688,5.471595097333193,shared_2l_1pool
11793,6.485051941126585,0.9436660911887884,5.43344602920115,shared_2l_1pool
11794,6.505172001197934,0.9541530162096024,5.442839115858078,shared_2l_1pool
11795,6.493218010291457,0.9356481023132801,5.45114791020751,shared_2l_1pool
11796,6.565623916685581,0.9241909720003605,5.533639108762145,shared_2l_1pool
11797,7.8621909487992525,2.1602080669254065,5.5737250950187445,shared_2l_1pool
11798,6.536801112815738,0.9535260032862425,5.474630976095796,shared_2l_1pool
11799,6.512632826343179,0.9444539900869131,5.458253901451826,shared_2l_1pool
11800,6.476629059761763,0.9305730927735567,5.435297964140773,shared_2l_1pool
11801,6.5333491656929255,0.9452009107917547,5.479751154780388,shared_2l_1pool
11802,6.5389329101890326,0.9231269359588623,5.501430016011,shared_2l_1pool
11803,6.450766930356622,0.9130630642175674,5.428490927442908,shared_2l_1pool
11804,6.497825961560011,0.9150512050837278,5.475331796333194,shared_2l_1pool
11805,6.503367098048329,0.9438768029212952,5.454257130622864,shared_2l_1pool
11806,6.552156060934067,0.926401000469923,5.517474841326475,shared_2l_1pool
11807,6.469809915870428,0.9413731750100851,5.421795882284641,shared_2l_1pool
11808,6.506199948489666,0.9381608106195927,5.458440165966749,shared_2l_1pool
11809,6.530259968712926,0.9283830877393484,5.495868856087327,shared_2l_1pool
11810,6.57847011461854,0.9487709030508995,5.524723092094064,shared_2l_1pool
11811,6.553670857101679,0.9509129449725151,5.495347082614899,shared_2l_1pool
11812,6.492554908618331,0.9431538637727499,5.441423039883375,shared_2l_1pool
11813,7.7784990426152945,2.165775978937745,5.487679969519377,shared_2l_1pool
11814,6.5307170152664185,0.9483520407229662,5.469809053465724,shared_2l_1pool
11815,6.5629249438643456,0.9453180246055126,5.506345070898533,shared_2l_1pool
11816,6.511318031698465,0.9544030763208866,5.446926923468709,shared_2l_1pool
11817,6.530503975227475,0.9527099318802357,5.469996947795153,shared_2l_1pool
11818,6.53883395716548,0.94209099188447,5.479847081005573,shared_2l_1pool
11819,6.49886392056942,0.9356879163533449,5.454214988276362,shared_2l_1pool
11820,6.504775024950504,0.9353938512504101,5.460566142573953,shared_2l_1pool
11821,6.466285092756152,0.9297318756580353,5.42756705544889,shared_2l_1pool
11822,6.522433832287788,0.9456370025873184,5.468225106596947,shared_2l_1pool
11823,6.547454046085477,0.9560349863022566,5.482308100908995,shared_2l_1pool
11824,6.509125931188464,0.9414430242031813,5.460250191390514,shared_2l_1pool
11825,6.495068082585931,0.9596110321581364,5.428454838693142,shared_2l_1pool
11826,6.5235840156674385,0.9375368244946003,5.4759501945227385,shared_2l_1pool
11827,6.569310091435909,0.9514749981462955,5.510335089638829,shared_2l_1pool
11828,6.491405889391899,0.9434390813112259,5.44090592302382,shared_2l_1pool
11829,7.7850550878793,2.1314891055226326,5.522588035091758,shared_2l_1pool
11830,6.4988278318196535,0.9483341127634048,5.439545959234238,shared_2l_1pool
11831,6.536749890074134,0.9571081027388573,5.473668919876218,shared_2l_1pool
11832,6.528940983116627,0.9552869014441967,5.465884925797582,shared_2l_1pool
11833,6.495183100923896,0.931998947635293,5.452001001685858,shared_2l_1pool
11834,6.588398944586515,0.9495329577475786,5.531518952921033,shared_2l_1pool
11835,6.463120924308896,0.9460619185119867,5.405934061855078,shared_2l_1pool
11836,6.5222010016441345,0.9517678990960121,5.459561012685299,shared_2l_1pool
11837,6.552902050316334,0.9500698652118444,5.493380129337311,shared_2l_1pool
11838,6.507718935608864,0.9491541422903538,5.450165830552578,shared_2l_1pool
11839,6.437096046283841,0.9562659543007612,5.372856045141816,shared_2l_1pool
11840,6.501213880255818,0.9283160325139761,5.464225076138973,shared_2l_1pool
11841,6.410534959286451,0.9031309746205807,5.400700028985739,shared_2l_1pool
11842,6.533874897286296,0.9440160356462002,5.481279920786619,shared_2l_1pool
11843,6.51171593926847,0.923332991078496,5.479573970660567,shared_2l_1pool
11844,6.619191961362958,0.9781299158930779,5.53159904666245,shared_2l_1pool
11845,7.797661004588008,2.175547182559967,5.492952885106206,shared_2l_1pool
11846,6.499805953353643,0.9526049252599478,5.436578998342156,shared_2l_1pool
11847,6.535848136991262,0.9514640551060438,5.47656393609941,shared_2l_1pool
11848,6.578552071005106,0.9388988837599754,5.5293680634349585,shared_2l_1pool
11849,6.577539024874568,0.9863099548965693,5.479993997141719,shared_2l_1pool
11850,6.4985009375959635,0.931168906390667,5.460045067593455,shared_2l_1pool
11851,6.477584131062031,0.9424558375030756,5.427733063697815,shared_2l_1pool
11852,6.4835380762815475,0.9412241633981466,5.434253951534629,shared_2l_1pool
11853,6.553595885634422,0.9526079520583153,5.493339151144028,shared_2l_1pool
11854,6.532477913424373,0.9372790809720755,5.487352842465043,shared_2l_1pool
11855,6.50101900100708,0.9439631830900908,5.448801908642054,shared_2l_1pool
11856,6.558890920132399,0.938737066462636,5.513346055522561,shared_2l_1pool
11857,6.533917039632797,0.9378199465572834,5.485882051289082,shared_2l_1pool
11858,6.53357501141727,0.917073804885149,5.507329013198614,shared_2l_1pool
11859,6.4457368571311235,0.9339349344372749,5.397644126787782,shared_2l_1pool
11860,6.461461074650288,0.9145310614258051,5.435948027297854,shared_2l_1pool
11861,7.817418081685901,2.182585885748267,5.506105022504926,shared_2l_1pool
11862,6.560256006196141,0.9824160952121019,5.466823000460863,shared_2l_1pool
11863,6.540287984535098,0.9601260535418987,5.468357820063829,shared_2l_1pool
11864,6.511140149086714,0.9433329105377197,5.45884296298027,shared_2l_1pool
11865,6.5911258570849895,0.9580040350556374,5.52372494712472,shared_2l_1pool
11866,6.558365887030959,0.9218319319188595,5.527474917471409,shared_2l_1pool
11867,6.551119033247232,0.933073228225112,5.512000992894173,shared_2l_1pool
11868,6.510559003800154,0.9498191066086292,5.451126955449581,shared_2l_1pool
11869,6.476987153291702,0.9228819981217384,5.447082919999957,shared_2l_1pool
11870,6.4929400105029345,0.9153659921139479,5.470335017889738,shared_2l_1pool
11871,6.465765880420804,0.9088579099625349,5.449329037219286,shared_2l_1pool
11872,6.557077169418335,0.9408879559487104,5.509129958227277,shared_2l_1pool
11873,6.475538015365601,0.9317470248788595,5.434915889054537,shared_2l_1pool
11874,6.501507945358753,0.9303689002990723,5.460222018882632,shared_2l_1pool
11875,6.517627043649554,0.9237208869308233,5.484056891873479,shared_2l_1pool
11876,6.555275060236454,0.9476309642195702,5.49910799600184,shared_2l_1pool
11877,7.834689924493432,2.1380530670285225,5.567074054852128,shared_2l_1pool
11878,6.556998938322067,0.9637479670345783,5.482827080413699,shared_2l_1pool
11879,6.512206047773361,0.9583679493516684,5.443813977763057,shared_2l_1pool
11880,6.5256638918071985,0.936717027798295,5.481623113155365,shared_2l_1pool
11881,6.504509132355452,0.9292559698224068,5.465494003146887,shared_2l_1pool
11882,6.534629967063665,0.9547111112624407,5.466924048960209,shared_2l_1pool
11883,6.518675945699215,0.9417680557817221,5.470233038067818,shared_2l_1pool
11884,6.461241049692035,0.9518528822809458,5.400576163083315,shared_2l_1pool
11885,6.5184051636606455,0.9315470233559608,5.476838909089565,shared_2l_1pool
11886,6.567423930391669,0.9451680816709995,5.51442289724946,shared_2l_1pool
11887,6.469154031947255,0.9178649634122849,5.445156944915652,shared_2l_1pool
11888,6.503400159999728,0.9535697754472494,5.443544127047062,shared_2l_1pool
11889,6.4981000032275915,0.9053568355739117,5.486974958330393,shared_2l_1pool
11890,6.450152024626732,0.9165538940578699,5.42564014904201,shared_2l_1pool
11891,6.525621050968766,0.9471799712628126,5.469928961247206,shared_2l_1pool
11892,6.479891948401928,0.9320750832557678,5.438800901174545,shared_2l_1pool
11893,7.859625853598118,2.2072901483625174,5.5237337946891785,shared_2l_1pool
11894,6.515271030366421,0.9600499179214239,5.444011185318232,shared_2l_1pool
11895,6.504615070298314,0.9448688942939043,5.4508300963789225,shared_2l_1pool
11896,6.543519906699657,0.9191429708153009,5.514272954314947,shared_2l_1pool
11897,6.5144149120897055,0.9350201580673456,5.471350857988,shared_2l_1pool
11898,6.538524990901351,0.9333938360214233,5.495985969901085,shared_2l_1pool
11899,6.487653125077486,0.9287958964705467,5.448541138321161,shared_2l_1pool
11900,6.50385394692421,0.9292671456933022,5.466638831421733,shared_2l_1pool
11901,6.530210841447115,0.9554848074913025,5.465082125738263,shared_2l_1pool
11902,6.562083959579468,0.9447210468351841,5.505862878635526,shared_2l_1pool
11903,6.512360880151391,0.9375889785587788,5.46515709720552,shared_2l_1pool
11904,6.55996217392385,0.931464834138751,5.516257137060165,shared_2l_1pool
11905,6.554496008902788,0.9522130712866783,5.488418973982334,shared_2l_1pool
11906,6.515317130833864,0.9450549259781837,5.454297875985503,shared_2l_1pool
11907,6.548628909513354,0.9314161725342274,5.510211922228336,shared_2l_1pool
11908,6.500467890873551,0.9375279769301414,5.454950034618378,shared_2l_1pool
11909,7.871497888118029,2.17302399687469,5.565381841734052,shared_2l_1pool
11910,6.513500120490789,0.9443480521440506,5.450874101370573,shared_2l_1pool
11911,6.5424758940935135,0.9368290193378925,5.493187112733722,shared_2l_1pool
11912,6.5351619850844145,0.972619978711009,5.449160933494568,shared_2l_1pool
11913,6.543334107846022,0.9586249943822622,5.470178090035915,shared_2l_1pool
11914,6.511589977890253,0.9523441549390554,5.447205854579806,shared_2l_1pool
11915,6.553635001182556,0.9657230693846941,5.477927858009934,shared_2l_1pool
11916,6.535341031849384,0.9501499589532614,5.4754819720983505,shared_2l_1pool
11917,6.565978052094579,0.9455480612814426,5.510221002623439,shared_2l_1pool
11918,6.5101871732622385,0.9195441380143166,5.481529049575329,shared_2l_1pool
11919,6.484926911070943,0.9316119831055403,5.443676142022014,shared_2l_1pool
11920,6.496724905446172,0.9520598687231541,5.432377103716135,shared_2l_1pool
11921,6.482379976660013,0.9322138503193855,5.438328953459859,shared_2l_1pool
11922,6.512523861601949,0.9191590361297131,5.483780056238174,shared_2l_1pool
11923,6.536487955600023,0.9586159139871597,5.467253038659692,shared_2l_1pool
11924,6.491997977718711,0.9457289706915617,5.432970123365521,shared_2l_1pool
11925,7.780442945659161,2.1888369228690863,5.464120069518685,shared_2l_1pool
11926,6.549460114911199,0.960193807259202,5.480202147737145,shared_2l_1pool
11927,6.50625117123127,0.9466658812016249,5.44709712266922,shared_2l_1pool
11928,6.505441153421998,0.9535870049148798,5.440424894914031,shared_2l_1pool
11929,6.523544900119305,0.9240568615496159,5.491907941177487,shared_2l_1pool
11930,6.522506009787321,0.9436991531401873,5.465593887493014,shared_2l_1pool
11931,6.562743103131652,0.969794113188982,5.482645006850362,shared_2l_1pool
11932,6.533836014568806,0.9790409822016954,5.438248161226511,shared_2l_1pool
11933,6.517353001981974,0.9416739922016859,5.465006921440363,shared_2l_1pool
11934,6.512603955343366,0.9484798647463322,5.457706982269883,shared_2l_1pool
11935,6.520847091451287,0.98223309032619,5.42481685988605,shared_2l_1pool
11936,6.495583802461624,0.9473192039877176,5.432248814031482,shared_2l_1pool
11937,6.529593141749501,0.9643358644098043,5.457739112898707,shared_2l_1pool
11938,6.560991983860731,0.9642147924751043,5.486514186486602,shared_2l_1pool
11939,6.491916952654719,0.9595691226422787,5.422128830105066,shared_2l_1pool
11940,6.557112094014883,0.9534829296171665,5.490676034241915,shared_2l_1pool
11941,8.118712110444903,2.495837165042758,5.493195960298181,shared_2l_1pool
11942,6.520344875752926,0.9822838474065065,5.423027090728283,shared_2l_1pool
11943,6.57636602409184,0.9687608107924461,5.495766177773476,shared_2l_1pool
11944,6.483477773144841,0.9293300099670887,5.4414840415120125,shared_2l_1pool
11945,6.526729092001915,0.9433659724891186,5.463287001475692,shared_2l_1pool
11946,6.606606999412179,0.9763450361788273,5.5186639074236155,shared_2l_1pool
11947,6.5461930353194475,0.9612271096557379,5.4759259801357985,shared_2l_1pool
11948,6.558577995747328,0.9381507989019156,5.508627044036984,shared_2l_1pool
11949,6.468484876677394,0.9496829006820917,5.409005098044872,shared_2l_1pool
11950,6.50514499284327,0.9543041232973337,5.438878899440169,shared_2l_1pool
11951,6.508710794150829,0.9414199739694595,5.453998921439052,shared_2l_1pool
11952,6.541934097185731,0.975992064923048,5.4547658655792475,shared_2l_1pool
11953,6.50242599658668,0.9540659375488758,5.437561077997088,shared_2l_1pool
11954,6.488533923402429,0.9295570198446512,5.450048018246889,shared_2l_1pool
11955,6.521980045363307,0.96120685338974,5.45073114335537,shared_2l_1pool
11956,6.467132130637765,0.9492889512330294,5.408850032836199,shared_2l_1pool
11957,7.808161899447441,2.194036031141877,5.483722081407905,shared_2l_1pool
11958,6.521280854940414,0.9567220695316792,5.452904850244522,shared_2l_1pool
11959,6.542803952470422,0.9590091649442911,5.4748100228607655,shared_2l_1pool
11960,6.5094290766865015,0.957258976995945,5.442044930532575,shared_2l_1pool
11961,6.509619997814298,0.9462779853492975,5.45178703032434,shared_2l_1pool
11962,6.543928990140557,0.9798021055757999,5.454458994790912,shared_2l_1pool
11963,6.552272010594606,0.964560080319643,5.478419829159975,shared_2l_1pool
11964,6.5248829778283834,0.9498079307377338,5.46468305401504,shared_2l_1pool
11965,6.49412302300334,0.9466949850320816,5.436728009954095,shared_2l_1pool
11966,6.573735969141126,0.9666169062256813,5.494536133483052,shared_2l_1pool
11967,6.629635114222765,1.0078111663460732,5.5092498660087585,shared_2l_1pool
11968,6.515596993267536,0.9633598383516073,5.442610010504723,shared_2l_1pool
11969,6.528343074023724,0.9551967959851027,5.4645531345158815,shared_2l_1pool
11970,6.54361885972321,0.9406339377164841,5.491197109222412,shared_2l_1pool
11971,6.5151669550687075,0.9788889437913895,5.425791023299098,shared_2l_1pool
11972,6.588823860511184,0.9561700280755758,5.524859996512532,shared_2l_1pool
11973,7.8971360344439745,2.2174709010869265,5.546276923269033,shared_2l_1pool
11974,6.555550033226609,0.9707119315862656,5.472150165587664,shared_2l_1pool
11975,6.717906100675464,0.9615588933229446,5.419637076556683,shared_2l_1pool
11976,6.628780858591199,1.0816301219165325,5.433992017060518,shared_2l_1pool
11977,6.583953974768519,1.032231841236353,5.439799046143889,shared_2l_1pool
11978,6.519197952002287,0.9819869883358479,5.4255088325589895,shared_2l_1pool
11979,6.525882054120302,0.977077055722475,5.436391802504659,shared_2l_1pool
11980,6.568285170942545,0.9971100371330976,5.45934890396893,shared_2l_1pool
11981,6.543488008901477,0.9846689645200968,5.446064053103328,shared_2l_1pool
11982,6.5249609760940075,0.9735950734466314,5.440891953185201,shared_2l_1pool
11983,6.505542900413275,0.9727871511131525,5.4226338397711515,shared_2l_1pool
11984,6.589166121557355,0.9972061961889267,5.480083869770169,shared_2l_1pool
11985,6.564045092090964,1.0047079995274544,5.4497369565069675,shared_2l_1pool
11986,6.497298134490848,0.9669559076428413,5.4197050631046295,shared_2l_1pool
11987,6.524590076878667,0.9666881524026394,5.447025876492262,shared_2l_1pool
11988,6.555154919624329,0.974596943706274,5.467871902510524,shared_2l_1pool
11989,7.897492963820696,2.2283229045569897,5.53753599524498,shared_2l_1pool
11990,6.555373081937432,0.9813711512833834,5.459984997287393,shared_2l_1pool
11991,6.577277090400457,0.9980141185224056,5.470037925988436,shared_2l_1pool
11992,6.573189049959183,1.0070360731333494,5.4520049598068,shared_2l_1pool
11993,6.61025894805789,0.9931779932230711,5.50544005818665,shared_2l_1pool
11994,6.536368979141116,0.9643561206758022,5.4617030546069145,shared_2l_1pool
11995,6.618045968934894,1.0062381625175476,5.497758975252509,shared_2l_1pool
11996,6.58342894166708,1.0178838856518269,5.453978199511766,shared_2l_1pool
11997,6.581021007150412,1.0010218247771263,5.467627197504044,shared_2l_1pool
11998,6.549312034621835,0.9715850464999676,5.463929148390889,shared_2l_1pool
