step,decode_step_ms,plan_ms,forward_ms,strategy
0,39.111155085265636,0.4910330753773451,38.51160011254251,
1,38.14371512271464,0.22476306185126305,37.813806906342506,
2,38.15945005044341,0.2168759237974882,37.83703898079693,
3,38.11128903180361,0.21568802185356617,37.78763301670551,
4,37.60180715471506,0.21807500161230564,37.27625077590346,
5,37.706736009567976,0.4631909541785717,37.12845710106194,
6,37.27956209331751,0.21718116477131844,36.95880179293454,
7,37.330388091504574,0.2153108362108469,37.00924408622086,
8,37.23433893173933,0.2222820185124874,36.90466796979308,
9,37.2557220980525,0.21185912191867828,36.94184101186693,
10,37.18077205121517,0.21406798623502254,36.85982106253505,
11,37.25503105670214,0.21546310745179653,36.935115000233054,
12,37.34209691174328,0.2180009614676237,37.01708116568625,
13,37.30205097235739,0.21453993394970894,36.982246208935976,
14,37.269362015649676,0.21438580006361008,36.94985108450055,
15,37.27549291215837,0.214095925912261,36.95631888695061,
16,37.26565791293979,0.21929293870925903,36.94047802127898,
17,37.25124290212989,0.2131480723619461,36.934217903763056,
18,37.248431937769055,0.21466217003762722,36.92905488424003,
19,37.19770908355713,0.21108798682689667,36.88265709206462,
20,37.2406558599323,0.21821190603077412,36.916160956025124,
21,37.60071797296405,0.46211504377424717,37.02404606156051,
22,37.282190984115005,0.22325594909489155,36.95088904350996,
23,37.29570307768881,0.21427590399980545,36.97704500518739,
24,37.32048301026225,0.2154319081455469,37.000769982114434,
25,37.300683092325926,0.2120558638125658,36.98019101284444,
26,37.18934999778867,0.21304492838680744,36.87204606831074,
27,37.29436919093132,0.21321396343410015,36.97693208232522,
28,37.21267590299249,0.21114200353622437,36.89567209221423,
29,37.29917504824698,0.21402002312242985,36.9744380004704,
30,37.266165018081665,0.21217996254563332,36.9471050798893,
31,37.26803814060986,0.21367915906012058,36.94785083644092,
32,37.32703207060695,0.21592294797301292,37.004100158810616,
33,37.32524812221527,0.21686800755560398,37.00529201887548,
34,37.30005514807999,0.21627312526106834,36.978180054575205,
35,37.23672893829644,0.2154768444597721,36.91753512248397,
36,37.28443291038275,0.21805916912853718,36.961277946829796,
37,37.57958998903632,0.4739828873425722,36.99060110375285,
38,37.291851127520204,0.2168961800634861,36.9710149243474,
39,37.23105485551059,0.22130412980914116,36.904560867697,
40,37.24402515217662,0.2139532007277012,36.92320385016501,
41,37.265578052029014,0.21619698964059353,36.94475186057389,
42,37.332824198529124,0.2125732135027647,37.00972581282258,
43,37.271569948643446,0.216352054849267,36.95053793489933,
44,37.24270407110453,0.21416298113763332,36.9239158462733,
45,37.289411993697286,0.21443795412778854,36.971189081668854,
46,37.219651974737644,0.22037699818611145,36.89513402059674,
47,37.250197026878595,0.21632201969623566,36.93139995448291,
48,37.30885009281337,0.21330500021576881,36.991197150200605,
49,37.309959065169096,0.21416600793600082,36.985780112445354,
50,37.298408104106784,0.21083606407046318,36.98327695019543,
51,37.3001960106194,0.21550897508859634,36.97808715514839,
52,37.294793874025345,0.21334015764296055,36.976567935198545,
53,37.585079902783036,0.46876794658601284,36.99965309351683,
54,37.24818187765777,0.21470384672284126,36.930144065991044,
55,37.29408513754606,0.21322001703083515,36.9743260089308,
56,37.25003404542804,0.21235505118966103,36.93313500843942,
57,37.301606964319944,0.21539907902479172,36.98213608004153,
58,37.2730758972466,0.21256296895444393,36.95523692294955,
59,37.295714020729065,0.2222750335931778,36.96912806481123,
60,37.27407194674015,0.21187588572502136,36.95727209560573,
61,37.287054117769,0.21573016420006752,36.96646890603006,
62,37.3370370361954,0.21559209562838078,37.015503039583564,
63,37.27627289481461,0.2127110492438078,36.95680806413293,
64,37.3743639793247,0.21546008065342903,37.051242776215076,
65,37.30302816256881,0.22456282749772072,36.971847992390394,
66,37.262615049257874,0.21520513109862804,36.944011924788356,
67,37.22611884586513,0.21380605176091194,36.90713201649487,
68,37.33391314744949,0.2140349242836237,37.01555100269616,
69,37.620732095092535,0.48341997899115086,37.02168120071292,
70,37.29902091436088,0.2140379510819912,36.980563076213,
71,37.265495862811804,0.2177739515900612,36.94370901212096,
72,37.304247030988336,0.21401513367891312,36.98463086038828,
73,37.229184061288834,0.21466799080371857,36.90960886888206,
74,37.22003591246903,0.2131471410393715,36.90017084591091,
75,37.31867903843522,0.22369506768882275,36.985812010243535,
76,37.3058901168406,0.21182605996727943,36.98734613135457,
77,37.326926132664084,0.21143397316336632,37.011764012277126,
78,37.30934299528599,0.22069714032113552,36.98567487299442,
79,37.23961696960032,0.21280907094478607,36.92256612703204,
80,37.29679202660918,0.21626800298690796,36.97777516208589,
81,37.20720484852791,0.21324306726455688,36.88905108720064,
82,37.30430407449603,0.21780887618660927,36.98145900852978,
83,37.226079031825066,0.2123960293829441,36.91116301342845,
84,37.25584503263235,0.21182489581406116,36.93978604860604,
85,37.64894092455506,0.49993093125522137,37.03176509588957,
86,37.2708800714463,0.21534599363803864,36.9510599412024,
87,37.339421920478344,0.21692202426493168,37.01536217704415,
88,37.297180853784084,0.21636509336531162,36.97628411464393,
89,37.25133091211319,0.21524797193706036,36.931531969457865,
90,37.30038506910205,0.2137410920113325,36.98099195025861,
91,37.30483981780708,0.21853391081094742,36.97967296466231,
92,37.21896093338728,0.21617510356009007,36.89651610329747,
93,37.30426216498017,0.21469010971486568,36.98534984141588,
94,37.326606921851635,0.21998491138219833,37.00243611820042,
95,37.29618503712118,0.21094991825520992,36.980563076213,
96,37.312390049919486,0.21349196322262287,36.99450311250985,
97,37.25494910031557,0.21652388386428356,36.934921983629465,
98,37.30803495272994,0.2134060487151146,36.98785579763353,
99,37.27399790659547,0.21205679513514042,36.95630398578942,
100,37.347359815612435,0.2123601734638214,37.03036089427769,
101,37.542934995144606,0.501647125929594,36.925939843058586,
102,37.3966870829463,0.21295808255672455,37.078578025102615,
103,37.32350189238787,0.2190649975091219,37.00020187534392,
104,37.32790402136743,0.2129790373146534,37.0102918241173,
105,37.304336903616786,0.22126594558358192,36.97979310527444,
106,37.23790287040174,0.21861400455236435,36.91643592901528,
107,37.243603030219674,0.21658092737197876,36.91876609809697,
108,37.269363878294826,0.21658209152519703,36.946333944797516,
109,37.26608119904995,0.21264399401843548,36.943850107491016,
110,37.28301986120641,0.2208880614489317,36.955885123461485,
111,37.34245686791837,0.21537719294428825,37.02316991984844,
112,37.287865998223424,0.2166801132261753,36.96439485065639,
113,37.260345881804824,0.2170940861105919,36.938867066055536,
114,37.27514110505581,0.2167150378227234,36.953693022951484,
115,37.32006694190204,0.21418905816972256,36.996413953602314,
116,37.33314690180123,0.2206291537731886,37.005521822720766,
117,37.618046859279275,0.5197189748287201,36.97673906572163,
118,37.33114106580615,0.2230401150882244,37.00031992048025,
119,37.24397788755596,0.21926895715296268,36.919640842825174,
120,37.28327783755958,0.21564913913607597,36.9622299913317,
121,37.29312797077,0.21711410954594612,36.97106894105673,
122,37.30500186793506,0.22060610353946686,36.976272938773036,
123,37.28997684083879,0.21723099052906036,36.96128912270069,
124,37.282714853063226,0.22614095360040665,36.94296185858548,
125,37.312892032787204,0.22585107944905758,36.975807044655085,
126,37.30458905920386,0.22168993018567562,36.97664593346417,
127,37.280834978446364,0.21817698143422604,36.952232010662556,
128,37.34608902595937,0.21647498942911625,37.0088389609009,
129,37.305629812180996,0.2246098592877388,36.96959302760661,
130,37.34895400702953,0.2206589560955763,37.019386887550354,
131,37.305053090676665,0.22129598073661327,36.97820520028472,
132,37.3210241086781,0.21969317458570004,36.99184092693031,
133,37.66323090530932,0.5300180055201054,37.00783895328641,
134,37.37744106911123,0.23602601140737534,37.02764888294041,
135,37.298006005585194,0.22928696125745773,36.961145931854844,
136,37.33564913272858,0.22112415172159672,37.00212994590402,
137,37.31148410588503,0.21779700182378292,36.98519407771528,
138,37.324323086068034,0.21634087897837162,37.00123308226466,
139,37.33120998367667,0.21687103435397148,37.00377396307886,
140,37.31074486859143,0.21520978771150112,36.98183014057577,
141,37.275511072948575,0.2232959959656,36.94225708022714,
142,37.36067796126008,0.2247148659080267,37.02896717004478,
143,37.295297952368855,0.21908991038799286,36.96558601222932,
144,37.259513046592474,0.21588592790067196,36.93748312070966,
145,37.32369188219309,0.21518906578421593,37.002291064709425,
146,37.27568197064102,0.22308691404759884,36.94797609932721,
147,37.29980788193643,0.21474319510161877,36.97263193316758,
148,37.318520015105605,0.21514296531677246,36.99621791020036,
149,37.61954396031797,0.5311951972544193,36.97081794962287,
150,37.43763198144734,0.2184552140533924,37.113886792212725,
151,37.283425917848945,0.22752606309950352,36.94977983832359,
152,37.368187913671136,0.21410384215414524,37.04908303916454,
153,37.34782198444009,0.21393806673586369,37.03106101602316,
154,37.29416197165847,0.21767080761492252,36.97167010977864,
155,37.24547498859465,0.21564005874097347,36.92615497857332,
156,37.38977713510394,0.21450594067573547,37.070287158712745,
157,37.33570594340563,0.21981005556881428,37.0099029969424,
158,37.32137894257903,0.21819304674863815,36.996745970100164,
159,37.320906994864345,0.21657603792846203,36.999270087108016,
160,37.336899898946285,0.21689804270863533,37.01403900049627,
161,37.313980050385,0.21399208344519138,36.99678182601929,
162,37.300983211025596,0.21694996394217014,36.97929601185024,
163,37.289060885086656,0.22112089209258556,36.96327400393784,
164,37.35393495298922,0.21419604308903217,37.03397489152849,
165,37.661373848095536,0.5177510902285576,37.027101032435894,
166,37.26528491824865,0.22123591043055058,36.9385399390012,
167,37.33101487159729,0.21905498579144478,37.007197039201856,
168,37.29470889084041,0.21720794029533863,36.97206708602607,
169,37.296866066753864,0.21796184591948986,36.974142072722316,
170,37.36651293002069,0.21644216030836105,37.04453003592789,
171,37.35021105967462,0.2157408744096756,37.01967000961304,
172,37.3279198538512,0.2176300622522831,37.00441401451826,
173,37.31893398799002,0.21823495626449585,36.99493897147477,
174,37.358477944508195,0.21717417985200882,37.034929962828755,
175,37.35382994636893,0.21754112094640732,37.03140188008547,
176,37.323406897485256,0.21509220823645592,36.999965785071254,
177,37.27403003722429,0.2241050824522972,36.94706200622022,
178,37.3489570338279,0.21924707107245922,37.018086994066834,
179,37.3426740989089,0.22545107640326023,37.007625913247466,
180,37.40917006507516,0.2294441219419241,37.06722194328904,
181,37.741076899692416,0.540941022336483,37.07286389544606,
182,37.366722943261266,0.24241884239017963,37.015336100012064,
183,37.38336102105677,0.22768299095332623,37.046538200229406,
184,37.36450197175145,0.22014486603438854,37.03270107507706,
185,37.300813011825085,0.2204100601375103,36.97430691681802,
186,37.348956102505326,0.2165629994124174,37.027016980573535,
187,37.31110692024231,0.2154940739274025,36.98986885137856,
188,37.321219919249415,0.21530105732381344,36.99915297329426,
189,37.291781045496464,0.21605496294796467,36.969980923458934,
190,37.363513838499784,0.21455204114317894,37.04271209426224,
191,37.30771690607071,0.2173448447138071,36.98520106263459,
192,37.32431400567293,0.21567102521657944,37.00393601320684,
193,37.335678935050964,0.214089872315526,37.01220592483878,
194,37.35402901656926,0.21534785628318787,37.034034030511975,
195,37.303526885807514,0.21428498439490795,36.98817593976855,
196,37.3215249273926,0.21446100436151028,36.99841187335551,
197,37.7082540653646,0.5313379224389791,37.05958719365299,
198,37.36395691521466,0.21718000061810017,37.03972604125738,
199,37.33662003651261,0.2169900108128786,37.005533929914236,
200,37.36614785157144,0.21632295101881027,37.04337519593537,
201,37.32756897807121,0.21895882673561573,37.00401308014989,
202,37.337213987484574,0.21626101806759834,37.015394074842334,
203,37.367797922343016,0.21727709099650383,37.04582783393562,
204,37.320712115615606,0.22530811838805676,36.98936593718827,
205,37.338793044909835,0.21595298312604427,37.02025790698826,
206,37.38197195343673,0.21218601614236832,37.063163006678224,
207,37.32157894410193,0.22177305072546005,36.995855858549476,
208,37.356582935899496,0.2137790434062481,37.03676094301045,
209,37.310243118554354,0.21691503934562206,36.98809281922877,
210,37.32932987622917,0.21909805946052074,37.00374695472419,
211,37.28281590156257,0.21395599469542503,36.96351102553308,
212,37.359882844612,0.21360209211707115,37.03981405124068,
213,37.721250904724,0.5236261058598757,37.0801689568907,
214,37.33943519182503,0.22034905850887299,37.010479951277375,
215,37.35770098865032,0.21969596855342388,37.0322170201689,
216,37.348339799791574,0.21712598390877247,37.02591988258064,
217,37.37226501107216,0.21786498837172985,37.04783692955971,
218,37.35748096369207,0.21705403923988342,37.03427710570395,
219,37.371860118582845,0.2160330768674612,37.048472790047526,
220,37.31832397170365,0.2202389296144247,36.99159808456898,
221,37.31934493407607,0.21654297597706318,36.99795505963266,
222,37.39703306928277,0.21537602879106998,37.075021071359515,
223,37.347584031522274,0.2218999434262514,37.01625298708677,
224,37.37413510680199,0.22021494805812836,37.04612120054662,
225,37.334224907681346,0.22147409617900848,37.002854980528355,
226,37.333588814362884,0.22405805066227913,37.00105892494321,
227,37.36462094821036,0.21871598437428474,37.04019379802048,
228,37.33367891982198,0.2178889699280262,37.006494123488665,
229,37.71827695891261,0.5203899927437305,37.0799140073359,
230,37.425413029268384,0.2199679147452116,37.0991921517998,
231,37.39419113844633,0.2168880309909582,37.062353920191526,
232,37.386064883321524,0.2166519407182932,37.06231410615146,
233,37.33691503293812,0.21943100728094578,37.00385708361864,
234,37.324456963688135,0.21700607612729073,37.00165590271354,
235,37.41653612814844,0.2199800219386816,37.087721982970834,
236,37.28883899748325,0.22030016407370567,36.96387377567589,
237,37.35695802606642,0.21881400607526302,37.03185496851802,
238,37.38792799413204,0.21556997671723366,37.066729040816426,
239,37.29238593950868,0.2177320420742035,36.968493135645986,
240,37.36015991307795,0.21752598695456982,37.03765198588371,
241,37.31646295636892,0.22050715051591396,36.99063090607524,
242,37.39285981282592,0.21616509184241295,37.07117401063442,
243,37.38590492866933,0.21867500618100166,37.05952106975019,
244,37.33154688961804,0.22189714945852757,37.00365498661995,
245,37.7033690456301,0.5237490404397249,37.061819806694984,
246,37.394812097772956,0.22328412160277367,37.065726006403565,
247,37.33860794454813,0.21609384566545486,37.01743413694203,
248,37.30873903259635,0.21839304827153683,36.98307694867253,
249,37.32462180778384,0.21710689179599285,37.00305102393031,
250,37.34874399378896,0.21658604964613914,37.026581121608615,
251,37.4185130931437,0.21630688570439816,37.096044048666954,
252,37.39354107528925,0.2178491558879614,37.0664088986814,
253,37.34520613215864,0.216989079490304,37.022277945652604,
254,37.36038692295551,0.22027199156582355,37.034098990261555,
255,37.3450240585953,0.2166558988392353,37.02299506403506,
256,37.37538610585034,0.21621189080178738,37.05289214849472,
257,37.345702992752194,0.21867500618100166,37.01851004734635,
258,37.366582080721855,0.2196000423282385,37.03988483175635,
259,37.35344111919403,0.21548010408878326,37.03198581933975,
260,37.40078094415367,0.21701306104660034,37.07796009257436,
261,37.77516609989107,0.5301940254867077,37.12531388737261,
262,37.346189841628075,0.21944683976471424,37.020760122686625,
263,37.407845025882125,0.2214240375906229,37.0775789488107,
264,37.42018109187484,0.2197029534727335,37.09515300579369,
265,37.38385415636003,0.2190901432186365,37.06001280806959,
266,37.39579883404076,0.22256397642195225,37.06851089373231,
267,37.39040088839829,0.21504308097064495,37.062481977045536,
268,37.3936730902642,0.22130412980914116,37.06391993910074,
269,37.32800902798772,0.2184309996664524,37.00526594184339,
270,37.39074198529124,0.21567801013588905,37.06780099309981,
271,37.3772440943867,0.22083893418312073,37.05064603127539,
272,37.41582203656435,0.21779793314635754,37.09174506366253,
273,37.43255999870598,0.21644402295351028,37.106822011992335,
274,37.37770579755306,0.21952297538518906,37.05214592628181,
275,37.325774086639285,0.21494412794709206,37.00378583744168,
276,37.39531594328582,0.22071204148232937,37.06631297245622,
277,37.70347381941974,0.5255390424281359,37.059813970699906,
278,37.38041897304356,0.22370903752744198,37.05132706090808,
279,37.35020104795694,0.21969713270664215,37.0220688637346,
280,37.42562816478312,0.22348295897245407,37.09323308430612,
281,37.370356963947415,0.2199679147452116,37.045644130557775,
282,37.427503149956465,0.21234992891550064,37.1101601049304,
283,37.34525782056153,0.22420682944357395,37.01512818224728,
284,37.37984178587794,0.21886499598622322,37.05643117427826,
285,37.41017100401223,0.22111483849585056,37.08413615822792,
286,37.341164192184806,0.21859491243958473,37.01431397348642,
287,37.36117482185364,0.21632504649460316,37.03986294567585,
288,37.36175410449505,0.21639117039740086,37.03630995005369,
289,37.41528210230172,0.21627219393849373,37.09308081306517,
290,37.40969207137823,0.21474086679518223,37.0907480828464,
291,37.34129015356302,0.22497586905956268,37.01041801832616,
292,37.408393109217286,0.21589896641671658,37.0855878572911,
293,37.7397770062089,0.5273469723761082,37.09709504619241,
294,37.377674132585526,0.22662198171019554,37.04475797712803,
295,37.387738935649395,0.22370205260813236,37.05819812603295,
296,37.353730062022805,0.21712016314268112,37.02522302046418,
297,37.39508311264217,0.2172868698835373,37.0697861071676,
298,37.394908955320716,0.22197794169187546,37.066967925056815,
299,37.39848593249917,0.21482491865754128,37.078272085636854,
300,37.41169488057494,0.2198361326009035,37.086466792970896,
301,37.39658393897116,0.21864892914891243,37.073723040521145,
302,37.36724192276597,0.21625100634992123,37.04515099525452,
303,37.36009681597352,0.22653909400105476,37.02869499102235,
304,37.36789198592305,0.21584215573966503,37.04521991312504,
305,37.407499039545655,0.21745217964053154,37.07692096941173,
306,37.465428933501244,0.2233879640698433,37.136109080165625,
307,37.41086390800774,0.21671107970178127,37.07766905426979,
308,37.384807830676436,0.21821586415171623,37.06012712791562,
309,37.73185610771179,0.5262328777462244,37.08722302690148,
310,37.41677897050977,0.2187641803175211,37.09279699251056,
311,37.377700908109546,0.21674903109669685,37.05813782289624,
312,37.35023410990834,0.22063194774091244,37.02595620416105,
313,37.36189613118768,0.21742284297943115,37.04087994992733,
314,37.389509147033095,0.21674693562090397,37.06369502469897,
315,37.348618963733315,0.21943100728094578,37.0253580622375,
316,37.37755981273949,0.2154889516532421,37.05718391574919,
317,37.37885202281177,0.2216370776295662,37.05323301255703,
318,37.4153780285269,0.2145881298929453,37.09643590264022,
319,37.377964006736875,0.21943007595837116,37.05403790809214,
320,37.38154494203627,0.21738605573773384,37.05739392898977,
321,37.40426409058273,0.21880213171243668,37.07888093777001,
322,37.37932490184903,0.22251508198678493,37.04992402344942,
323,37.399011896923184,0.2212740946561098,37.07382292486727,
324,37.36612503416836,0.21830201148986816,37.042714189738035,
325,37.753629963845015,0.5327209364622831,37.10437612608075,
326,37.42570895701647,0.21950993686914444,37.101782159879804,
327,37.42456785403192,0.21962402388453484,37.09989693015814,
328,37.44244994595647,0.21958700381219387,37.11533988825977,
329,37.387348944321275,0.21734903566539288,37.06308384425938,
330,37.347429897636175,0.2194060944020748,37.02334989793599,
331,37.394415121525526,0.22126990370452404,37.06737305037677,
332,37.43842802941799,0.219705980271101,37.11559600196779,
333,37.4275459907949,0.2152412198483944,37.10562386550009,
334,37.392748054116964,0.21976581774652004,37.06958098337054,
335,37.40298002958298,0.2220009919255972,37.07653097808361,
336,37.472251104190946,0.22120005451142788,37.146135000512004,
337,37.44253213517368,0.2173630055040121,37.121012108400464,
338,37.40769508294761,0.22162613458931446,37.08230797201395,
339,37.42353990674019,0.21761609241366386,37.10154700092971,
340,37.4303029384464,0.21986989304423332,37.10338892415166,
341,37.80295606702566,0.5307369865477085,37.15717792510986,
342,37.45044395327568,0.23074215278029442,37.116129882633686,
343,37.374451057985425,0.21674693562090397,37.055243039503694,
344,37.419392028823495,0.21950691007077694,37.09613089449704,
345,37.38658595830202,0.21858909167349339,37.063103867694736,
346,37.39685192704201,0.2166801132261753,37.075150990858674,
347,37.46825689449906,0.22196490317583084,37.13704994879663,
348,37.397366017103195,0.21615088917315006,37.07727906294167,
349,37.394383922219276,0.22306409664452076,37.06532693468034,
350,37.462105974555016,0.2180358860641718,37.13985509239137,
351,37.46388712897897,0.22003892809152603,37.130534183233976,
352,37.40825806744397,0.22144010290503502,37.07774402573705,
353,37.42748615331948,0.21828804165124893,37.10306598804891,
354,37.42684796452522,0.21653692238032818,37.106374045833945,
355,37.46059304103255,0.219457084313035,37.135731894522905,
356,37.44208510033786,0.22108783014118671,37.11620415560901,
357,37.78448002412915,0.5231241229921579,37.145972019061446,
358,37.44855709373951,0.21839491091668606,37.126673152670264,
359,37.44644997641444,0.21956488490104675,37.11861092597246,
360,37.42852411232889,0.21671690046787262,37.10782318376005,
361,37.39414899609983,0.21897186525166035,37.070530001074076,
362,37.45237900875509,0.22243312560021877,37.12760005146265,
363,37.393233040347695,0.21755695343017578,37.07100497558713,
364,37.47494891285896,0.25148503482341766,37.119368091225624,
365,37.42235293611884,0.21855602972209454,37.098065949976444,
366,37.48242603614926,0.21838094107806683,37.160161184147,
367,37.44330094195902,0.21859793923795223,37.11955598555505,
368,37.48829010874033,0.21881191059947014,37.16579801402986,
369,37.40243799984455,0.21891691721975803,37.078834138810635,
370,37.486108019948006,0.21664006635546684,37.16200194321573,
371,37.39066491834819,0.21739397197961807,37.068195175379515,
372,37.43110201321542,0.21951808594167233,37.107403855770826,
373,37.79182489961386,0.5209590308368206,37.15291991829872,
374,37.462637992575765,0.22296910174190998,37.13333490304649,
375,37.429398158565164,0.21943612955510616,37.10410092025995,
376,37.477466044947505,0.21785800345242023,37.14502998627722,
377,37.49394603073597,0.22168108262121677,37.166177993640304,
378,37.46759984642267,0.21771504543721676,37.14206092990935,
379,37.42300788871944,0.21781492978334427,37.102004047483206,
380,37.47923905029893,0.21990202367305756,37.1525080408901,
381,37.465204019099474,0.2199860755354166,37.140951957553625,
382,37.46636491268873,0.2151790540665388,37.14800300076604,
383,37.38498315215111,0.22348319180309772,37.056469824165106,
384,37.43544197641313,0.2169990912079811,37.114843958988786,
385,37.43287012912333,0.21986011415719986,37.10802877321839,
386,37.38003992475569,0.21546706557273865,37.06039302051067,
387,37.41780389100313,0.21537602879106998,37.095108069479465,
388,37.440727930516005,0.22264220751821995,37.11362695321441,
389,37.74309414438903,0.5148190539330244,37.11328003555536,
390,37.46392508037388,0.21763495169579983,37.13981597684324,
391,37.40490903146565,0.2195010893046856,37.07578592002392,
392,37.4825329054147,0.2177420537918806,37.161897867918015,
393,37.42599091492593,0.21735415793955326,37.10447787307203,
394,37.40043216384947,0.22141216322779655,37.07475890405476,
395,37.434778874740005,0.21890690550208092,37.111033918336034,
396,37.50563389621675,0.21858792752027512,37.18002210371196,
397,37.42144978605211,0.21717301569879055,37.098967004567385,
398,37.43381379172206,0.21674181334674358,37.11331216618419,
399,37.476863944903016,0.22173416800796986,37.143535912036896,
400,37.497041979804635,0.21844892762601376,37.17162599787116,
401,37.40463894791901,0.2183830365538597,37.08344814367592,
402,37.47958200983703,0.21705497056245804,37.15131105855107,
403,37.47661900706589,0.21886895410716534,37.15280303731561,
404,37.480100989341736,0.2180479932576418,37.15483890846372,
405,37.793062860146165,0.5118208937346935,37.1643730904907,
406,37.46138303540647,0.22275885567069054,37.13250206783414,
407,37.45469497516751,0.21969620138406754,37.130595883354545,
408,37.47659199871123,0.22578192874789238,37.14560205116868,
409,37.44187601841986,0.21857209503650665,37.1174649335444,
410,37.46155300177634,0.21638092584908009,37.13888884522021,
411,37.48614410869777,0.219323905184865,37.16165595687926,
412,37.43407712318003,0.21640793420374393,37.10889513604343,
413,37.44347393512726,0.2180130686610937,37.12193691171706,
414,37.45725401677191,0.2193299587816,37.131010089069605,
415,37.43446106091142,0.21908804774284363,37.10994590073824,
416,37.461448926478624,0.21923310123384,37.1385607868433,
417,37.41523600183427,0.22240402176976204,37.089197197929025,
418,37.42369310930371,0.21593598648905754,37.10283897817135,
419,37.44385205209255,0.22283918224275112,37.116870982572436,
420,37.42034290917218,0.21936907432973385,37.09700400941074,
421,37.76029706932604,0.5119859706610441,37.1347030159086,
422,37.44117892347276,0.22167409770190716,37.11622301489115,
423,37.46679797768593,0.22126687690615654,37.14308608323336,
424,37.42052707821131,0.21664192900061607,37.10016398690641,
425,37.425704998895526,0.21725916303694248,37.1052660048008,
426,37.47505904175341,0.21926709450781345,37.15111711062491,
427,37.43913513608277,0.21783518604934216,37.11524303071201,
428,37.48058807104826,0.21907617338001728,37.155593978241086,
429,37.487003952264786,0.2168901264667511,37.16538590379059,
430,37.468887167051435,0.21745101548731327,37.14767890051007,
431,37.448677932843566,0.21983287297189236,37.120857974514365,
432,37.42975112982094,0.22014696151018143,37.104415940120816,
433,37.41380013525486,0.21918094716966152,37.0895981322974,
434,37.43337304331362,0.22331206128001213,37.10650699213147,
435,37.43608784861863,0.21856790408492088,37.11264906451106,
436,37.448115181177855,0.22387714125216007,37.11846680380404,
437,37.82978281378746,0.5124770104885101,37.19789092428982,
438,37.477185018360615,0.2218061126768589,37.150433054193854,
439,37.491442169994116,0.22218795493245125,37.16417611576617,
440,37.46937494724989,0.21898397244513035,37.14520204812288,
441,37.512100068852305,0.22121681831777096,37.186755100265145,
442,37.45952295139432,0.2197660505771637,37.13646298274398,
443,37.44411189109087,0.2210030797868967,37.119092885404825,
444,37.47138101607561,0.22170692682266235,37.14401600882411,
445,37.4384461902082,0.21831505000591278,37.11516107432544,
446,37.49838680960238,0.22099493071436882,37.17324393801391,
447,37.43767901323736,0.21496484987437725,37.11694898083806,
448,37.44611097499728,0.22102496586740017,37.12013200856745,
449,37.476232973858714,0.21689501591026783,37.154181161895394,
450,37.44774404913187,0.2164621837437153,37.12698188610375,
451,37.442449014633894,0.22262404672801495,37.116020917892456,
452,37.525682942941785,0.220464076846838,37.198578007519245,
453,37.832620088011026,0.5058189854025841,37.20628586597741,
454,37.51032613217831,0.22026593796908855,37.185465916991234,
455,37.47529094107449,0.22231880575418472,37.13676705956459,
456,37.46564406901598,0.22117886692285538,37.13799314573407,
457,37.43364010006189,0.21972088143229485,37.10860502906144,
458,37.4719628598541,0.22124103270471096,37.14490099810064,
459,37.457230035215616,0.2195979468524456,37.13588905520737,
460,37.49000816605985,0.22293999791145325,37.16260800138116,
461,37.45499299839139,0.21825195290148258,37.13362407870591,
462,37.46628621593118,0.22310414351522923,37.13957592844963,
463,37.49409085139632,0.21890690550208092,37.17259713448584,
464,37.490247981622815,0.22783083841204643,37.15932206250727,
465,37.50002384185791,0.2199350856244564,37.177691934630275,
466,37.471438059583306,0.22748392075300217,37.14048699475825,
467,37.468106020241976,0.2208310179412365,37.14122693054378,
468,37.478649988770485,0.22680312395095825,37.147511029616,
469,37.83945203758776,0.512097030878067,37.212935043498874,
470,37.52171713858843,0.22282195277512074,37.19148295931518,
471,37.48784493654966,0.22089318372309208,37.16274187900126,
472,37.49645804055035,0.21736719645559788,37.173890974372625,
473,37.45349799282849,0.22003287449479103,37.129784002900124,
474,37.485494976863265,0.22134114988148212,37.161129992455244,
475,37.48933598399162,0.2184598706662655,37.16484014876187,
476,37.51424001529813,0.22211321629583836,37.189078982919455,
477,37.48861001804471,0.21607009693980217,37.16786787845194,
478,37.43294486775994,0.218462897464633,37.10918594151735,
479,37.510011810809374,0.22006407380104065,37.18500188551843,
480,37.518304074183106,0.21763797849416733,37.19663806259632,
481,37.494309013709426,0.2199350856244564,37.167697912082076,
482,37.439011968672276,0.21746684797108173,37.11759718134999,
483,37.493184907361865,0.21759606897830963,37.16720803640783,
484,37.460266845300794,0.21784892305731773,37.138905143365264,
485,37.8104061819613,0.5227909423410892,37.16796007938683,
486,37.55954816006124,0.2240380272269249,37.2312490362674,
487,37.52117604017258,0.2257858868688345,37.18944313004613,
488,37.4967020470649,0.22323103621602058,37.167755886912346,
489,37.523891078308225,0.22555491887032986,37.19376213848591,
490,37.51488518901169,0.21989597007632256,37.190031027421355,
491,37.48170402832329,0.2256380394101143,37.15145983733237,
492,37.513663060963154,0.22102519869804382,37.185393972322345,
493,37.50041499733925,0.22181193344295025,37.173385033383965,
494,37.5066630076617,0.21828804165124893,37.18397906050086,
495,37.46308805420995,0.21879002451896667,37.136625964194536,
496,37.481913110241294,0.22031506523489952,37.15481981635094,
497,37.45749592781067,0.22520218044519424,37.12637582793832,
498,37.481739185750484,0.22179516963660717,37.15481981635094,
499,37.55179303698242,0.22547016851603985,37.22127596847713,
500,37.46594092808664,0.22160494700074196,37.141636945307255,
501,37.8990089520812,0.537090003490448,37.24310896359384,
502,37.488688016310334,0.22611208260059357,37.1593669988215,
503,37.4755640514195,0.22094999440014362,37.14859299361706,
504,37.471111165359616,0.2273949794471264,37.13983786292374,
505,37.502613849937916,0.2182892058044672,37.179462844505906,
506,37.50716685317457,0.22537494078278542,37.17711614444852,
507,37.46483102440834,0.2192310057580471,37.141571985557675,
508,37.493402138352394,0.22028922103345394,37.16901782900095,
509,37.50721807591617,0.21793809719383717,37.18388290144503,
510,37.507154047489166,0.22414582781493664,37.17953315936029,
511,37.47041895985603,0.2195050474256277,37.145032081753016,
512,37.484377855435014,0.22332300432026386,37.15860703960061,
513,37.487953901290894,0.220361165702343,37.1621698141098,
514,37.49241097830236,0.22316211834549904,37.16603387147188,
515,37.5246568582952,0.22103497758507729,37.20005718059838,
516,37.5431168358773,0.2249858807772398,37.21378091722727,
517,37.898924900218844,0.5241958424448967,37.258192198351026,
518,37.51001390628517,0.22264104336500168,37.18040301464498,
519,37.54421207122505,0.22801687009632587,37.20091306604445,
520,37.58281818591058,0.2224859781563282,37.25038794800639,
521,37.505107931792736,0.2244270872324705,37.177314050495625,
522,37.491777911782265,0.22153789177536964,37.16520918533206,
523,37.47962904162705,0.22693281061947346,37.14610100723803,
524,37.46944898739457,0.22069411352276802,37.1437119320035,
525,37.525222869589925,0.2222720067948103,37.199635058641434,
526,37.57017804309726,0.22028503008186817,37.243908969685435,
527,37.49778703786433,0.21814415231347084,37.17569285072386,
528,37.518867990002036,0.2188221551477909,37.19438100233674,
529,37.54985495470464,0.21773786284029484,37.22750302404165,
530,37.49698819592595,0.2221730537712574,37.16730489395559,
531,37.485155975446105,0.2208850346505642,37.15743916109204,
532,37.523058941587806,0.22164895199239254,37.196696968749166,
533,37.854890106245875,0.5214980337768793,37.214814918115735,
534,37.4852039385587,0.2287500537931919,37.1526419185102,
535,37.546999054029584,0.21977489814162254,37.21724101342261,
536,37.51419414766133,0.22117607295513153,37.18656091950834,
537,37.55594207905233,0.2221211325377226,37.228511879220605,
538,37.51336014829576,0.21974090486764908,37.188950926065445,
539,37.54821885377169,0.22074207663536072,37.22338587976992,
540,37.47350489720702,0.22074300795793533,37.14591218158603,
541,37.451128009706736,0.2221311442553997,37.124722031876445,
542,37.518851924687624,0.2191588282585144,37.197241093963385,
543,37.55271201953292,0.2198810689151287,37.228056928142905,
544,37.48612687923014,0.21950388327240944,37.16129902750254,
545,37.53403085283935,0.22159586660563946,37.207404151558876,
546,37.54601790569723,0.22123893722891808,37.220611004158854,
547,37.50875499099493,0.22362987510859966,37.180676124989986,
548,37.46581613086164,0.2221181057393551,37.138350773602724,
549,37.856585113331676,0.5226768553256989,37.21953718923032,
550,37.518184166401625,0.22389506921172142,37.191241979599,
551,37.4947558157146,0.21864892914891243,37.172510055825114,
552,37.533030146732926,0.22135907784104347,37.20744396559894,
553,37.480768049135804,0.21823984570801258,37.1590640861541,
554,37.54336782731116,0.223454087972641,37.21495904028416,
555,37.516315933316946,0.21999003365635872,37.19286993145943,
556,37.52571507357061,0.22008712403476238,37.200266029685736,
557,37.54401486366987,0.22000703029334545,37.218109937384725,
558,37.549449829384685,0.22716098465025425,37.21729014068842,
559,37.480467930436134,0.2185320481657982,37.1579781640321,
560,37.48642816208303,0.22567412815988064,37.157258950173855,
561,37.54074079915881,0.22102892398834229,37.215779069811106,
562,37.58961893618107,0.2288429532200098,37.25473093800247,
563,37.544944090768695,0.22063101641833782,37.21610899083316,
564,37.52639889717102,0.22242916747927666,37.20009187236428,
565,37.88013802841306,0.5192689131945372,37.24365192465484,
566,37.608809070661664,0.2255961298942566,37.273427937179804,
567,37.555718095973134,0.22186595015227795,37.2156270314008,
568,37.56129904650152,0.23431610316038132,37.21373598091304,
569,37.569868145510554,0.22894702851772308,37.233473965898156,
570,37.56545600481331,0.23479689843952656,37.214135052636266,
571,37.637301022186875,0.23437198251485825,37.28790697641671,
572,37.58681798353791,0.23239594884216785,37.24649711512029,
573,37.5653940718621,0.22588716819882393,37.23427699878812,
574,37.49695885926485,0.22406200878322124,37.1695370413363,
575,37.539699114859104,0.22062798961997032,37.21307800151408,
576,37.539706099778414,0.2216699067503214,37.210745038464665,
577,37.57353685796261,0.2248289529234171,37.24366403184831,
578,37.51778416335583,0.22008083760738373,37.19102218747139,
579,37.54730592481792,0.22799684666097164,37.21432597376406,
580,37.51055896282196,0.22300099954009056,37.18331502750516,
581,37.903061136603355,0.5647349171340466,37.22146712243557,
582,37.58509713225067,0.22693513892591,37.253927905112505,
583,37.57164208218455,0.22388296201825142,37.243088940158486,
584,37.575445137917995,0.2227569930255413,37.24838118068874,
585,37.54316596314311,0.21828594617545605,37.22123894840479,
586,37.56082593463361,0.22157118655741215,37.23544185049832,
587,37.54954808391631,0.21943403407931328,37.22632909193635,
588,37.55551786161959,0.21994486451148987,37.229950074106455,
589,37.59766113944352,0.22733910009264946,37.265806924551725,
590,37.5019412022084,0.22323615849018097,37.173538003116846,
591,37.56649582646787,0.22760406136512756,37.22391393966973,
592,37.5795541331172,0.22383593022823334,37.246776977553964,
593,37.54743002355099,0.21941796876490116,37.22336306236684,
594,37.58509806357324,0.21677417680621147,37.26358385756612,
595,37.54838788881898,0.22174092009663582,37.219753954559565,
596,37.515057949349284,0.23074890486896038,37.17622207477689,
597,37.93009999208152,0.5534219089895487,37.25966392084956,
598,37.56398195400834,0.2220140304416418,37.237703101709485,
599,37.60006511583924,0.22742804139852524,37.26907400414348,
600,37.55792207084596,0.2228650264441967,37.22995379939675,
601,37.56467602215707,0.22003985941410065,37.240689154714346,
602,37.59412816725671,0.22246502339839935,37.26398292928934,
603,37.55725012160838,0.22385385818779469,37.22911002114415,
604,37.562658078968525,0.22766506299376488,37.2316490393132,
605,37.60296991094947,0.22214511409401894,37.275224924087524,
606,37.56135003641248,0.22823596373200417,37.22867905162275,
607,37.57314197719097,0.22054603323340416,37.2496978379786,
608,37.57526399567723,0.22168690338730812,37.24784916266799,
609,37.54040598869324,0.21877908147871494,37.2169679030776,
610,37.569194100797176,0.222326023504138,37.24271198734641,
611,37.55155787803233,0.2274559810757637,37.21854300238192,
612,37.58098115213215,0.22300402633845806,37.25345409475267,
613,37.90760994888842,0.5466898437589407,37.24383609369397,
614,37.619727198034525,0.23266486823558807,37.282408215105534,
615,37.5700700096786,0.22245408035814762,37.237653974443674,
616,37.52734186127782,0.22466504015028477,37.197994999587536,
617,37.567316088825464,0.2232738770544529,37.24032500758767,
618,37.54598111845553,0.22358796559274197,37.21643309108913,
619,37.535483948886395,0.22182706743478775,37.20930707640946,
620,37.564679980278015,0.22293184883892536,37.234810180962086,
621,37.585042882710695,0.2246310468763113,37.25364990532398,
622,37.5115810893476,0.2208470832556486,37.18264494091272,
623,37.54661697894335,0.22826599888503551,37.21366892568767,
624,37.5961409881711,0.22015790455043316,37.27206797339022,
625,37.53107413649559,0.2199190203100443,37.20747004263103,
626,37.594249937683344,0.22266199812293053,37.26717387326062,
627,37.564022932201624,0.22104615345597267,37.238732911646366,
628,37.58121817372739,0.2255360595881939,37.25111810490489,
629,37.9312161821872,0.5451170727610588,37.26820205338299,
630,37.63549588620663,0.22545992396771908,37.30476298369467,
631,37.56660199724138,0.22298097610473633,37.23550005815923,
632,37.56382083520293,0.2219751477241516,37.2386178933084,
633,37.61638700962067,0.2238820306956768,37.28864900767803,
634,37.56916313432157,0.22490601986646652,37.23963093943894,
635,37.57949382998049,0.21849805489182472,37.256897892802954,
636,37.56428509950638,0.22679893299937248,37.2315039858222,
637,37.58054692298174,0.21894299425184727,37.26181318052113,
638,37.59558196179569,0.22253603674471378,37.267826963216066,
639,37.55998099222779,0.21969201043248177,37.23656199872494,
640,37.64512296766043,0.22065406665205956,37.320639938116074,
641,37.58034994825721,0.22529601119458675,37.251027999445796,
642,37.58245403878391,0.22025499492883682,37.25405712611973,
643,37.54542791284621,0.21946895867586136,37.2220859862864,
644,37.55186521448195,0.22205989807844162,37.226340966299176,
645,37.95008803717792,0.5425179842859507,37.29381784796715,
646,37.602334981784225,0.22564292885363102,37.27127402089536,
647,37.599181989207864,0.2245800569653511,37.268794141709805,
648,37.563984049484134,0.22277003154158592,37.23835991695523,
649,37.540928926318884,0.22529601119458675,37.20948100090027,
650,37.56884508766234,0.22414117120206356,37.23632590845227,
651,37.64732787385583,0.22359192371368408,37.31902502477169,
652,37.56899293512106,0.22255093790590763,37.24214294925332,
653,37.588746985420585,0.22227317094802856,37.26137196645141,
654,37.58127917535603,0.22479193285107613,37.253632908686996,
655,37.59634797461331,0.21813507191836834,37.27320581674576,
656,37.59283199906349,0.22845016792416573,37.25676890462637,
657,37.60262602008879,0.224787974730134,37.27256110869348,
658,37.584055215120316,0.22188411094248295,37.25860291160643,
659,37.57665678858757,0.2283800859004259,37.244115956127644,
660,37.59003686718643,0.2255749423056841,37.25343802943826,
661,37.95483894646168,0.5338219925761223,37.301901960745454,
662,37.57508983835578,0.22622407414019108,37.24335506558418,
663,37.633324041962624,0.2223481424152851,37.305822828784585,
664,37.576470989733934,0.22280006669461727,37.24955394864082,
665,37.60116803459823,0.2252378035336733,37.26914501748979,
666,37.59784298017621,0.22372114472091198,37.2630269266665,
667,37.60877694003284,0.22389204241335392,37.276725051924586,
668,37.62953612022102,0.22309995256364346,37.30078390799463,
669,37.55314205773175,0.22409111261367798,37.2211008798331,
670,37.63995296321809,0.22950093261897564,37.30697790160775,
671,37.623164942488074,0.22502685897052288,37.273708963766694,
672,37.606845144182444,0.2261169720441103,37.27231011725962,
673,37.61888714507222,0.2227241639047861,37.29153284803033,
674,37.60973806492984,0.2248799428343773,37.278289906680584,
675,37.583962082862854,0.22667995654046535,37.25339099764824,
676,37.58027916774154,0.22402009926736355,37.247544853016734,
677,37.96618804335594,0.5519499536603689,37.29729005135596,
678,37.62214304879308,0.22891908884048462,37.28816891089082,
679,37.55881800316274,0.22318796254694462,37.22455911338329,
680,37.55353996530175,0.22133602760732174,37.22824389114976,
681,37.59826719760895,0.2259539905935526,37.26850287057459,
682,37.651618011295795,0.22406689822673798,37.32485603541136,
683,37.56452305242419,0.21816114895045757,37.24135481752455,
684,37.585861049592495,0.22180704399943352,37.259588949382305,
685,37.64007892459631,0.22194511257112026,37.31394000351429,
686,37.580627016723156,0.2231178805232048,37.25241916254163,
687,37.628551945090294,0.220560934394598,37.306027952581644,
688,37.59257402271032,0.22533303126692772,37.26376895792782,
689,37.60958812199533,0.2215139102190733,37.28446317836642,
690,37.61689900420606,0.22103381343185902,37.29184507392347,
691,37.5951798632741,0.2234580460935831,37.26684697903693,
692,37.57267794571817,0.2230210229754448,37.24547103047371,
693,38.00484701059759,0.5398050416260958,37.34867298044264,
694,37.58917981758714,0.2238659653812647,37.26104414090514,
695,37.64290292747319,0.2271849662065506,37.31170203536749,
696,37.594446213915944,0.2251160331070423,37.26437292061746,
697,37.60219016112387,0.22227107547223568,37.27625496685505,
698,37.610490107908845,0.2247339580208063,37.281938130035996,
699,37.57482394576073,0.22123591043055058,37.24996419623494,
700,37.63611800968647,0.2318359911441803,37.29746816679835,
701,37.642739014700055,0.2217460423707962,37.31408785097301,
702,37.632309133186936,0.2258520107716322,37.30123909190297,
703,37.59768116287887,0.2256950829178095,37.26781392470002,
704,37.5801520422101,0.22508692927658558,37.24871505983174,
705,37.621665047481656,0.23035192862153053,37.28623199276626,
706,37.58589597418904,0.2243898343294859,37.2560431715101,
707,37.59780991822481,0.22238283418118954,37.27137902751565,
708,37.602800875902176,0.2270729746669531,37.27177600376308,
709,38.000908913090825,0.5508698523044586,37.32950403355062,
710,37.63438086025417,0.22781500592827797,37.30177599936724,
711,37.62360103428364,0.22464804351329803,37.2948688454926,
712,37.602473981678486,0.22438191808760166,37.27309196256101,
713,37.59334119968116,0.22160098887979984,37.266749888658524,
714,37.614570930600166,0.22747507318854332,37.283125100657344,
715,37.617284106090665,0.22209296002984047,37.29108697734773,
716,37.62434399686754,0.21974416449666023,37.29928401298821,
717,37.62935195118189,0.22753397934138775,37.29626699350774,
718,37.62922901660204,0.22262521088123322,37.29750891216099,
719,37.61773300357163,0.22401707246899605,37.28930908255279,
720,37.62404597364366,0.22159889340400696,37.297331960871816,
721,37.59161289781332,0.22016209550201893,37.267661886289716,
722,37.65021194703877,0.22513000294566154,37.31989301741123,
723,37.620561895892024,0.22138399071991444,37.29438595473766,
724,37.608066108077765,0.22322195582091808,37.28094603866339,
725,37.97600092366338,0.5462151020765305,37.31238399632275,
726,37.660626927390695,0.22750790230929852,37.327534053474665,
727,37.63283300213516,0.22467505186796188,37.300091003999114,
728,37.561147939413786,0.2216789871454239,37.23351005464792,
729,37.63944003731012,0.22114114835858345,37.31359704397619,
730,37.60616108775139,0.2228070516139269,37.277903873473406,
731,37.61852392926812,0.22757193073630333,37.28560311719775,
732,37.66593988984823,0.22625993005931377,37.334687076509,
733,37.61245892383158,0.2228161320090294,37.28504106402397,
734,37.6232760027051,0.23014401085674763,37.287137005478144,
735,37.6152191311121,0.22903690114617348,37.27971808984876,
736,37.64333506114781,0.22167107090353966,37.31381590478122,
737,37.65799105167389,0.22337608970701694,37.32936596497893,
738,37.63204300776124,0.22785412147641182,37.29449794627726,
739,37.60526096448302,0.22496003657579422,37.27500909008086,
740,37.60025603696704,0.2234571147710085,37.271794863045216,
741,38.00808195956051,0.5556438118219376,37.33316017314792,
742,37.64503798447549,0.2270860131829977,37.31240006163716,
743,37.61176089756191,0.22860593162477016,37.27852809242904,
744,37.64260816387832,0.22359797731041908,37.313963985070586,
745,37.63269912451506,0.22220192477107048,37.306495010852814,
746,37.688357988372445,0.2248899545520544,37.35811891965568,
747,37.62244200333953,0.22546807304024696,37.292459048330784,
748,37.658064160496,0.22489577531814575,37.32887119986117,
749,37.60698297992349,0.22823689505457878,37.27486520074308,
750,37.61419584043324,0.22196094505488873,37.28568204678595,
751,37.604586919769645,0.22276979871094227,37.27612504735589,
752,37.61380515061319,0.2224319614470005,37.28695819154382,
753,37.644159980118275,0.2222720067948103,37.316670175641775,
754,37.636711029335856,0.2284301444888115,37.30321698822081,
755,37.63214102946222,0.2244019415229559,37.30117902159691,
756,37.644862895831466,0.2248839009553194,37.31412603519857,
757,37.98329015262425,0.5652150139212608,37.301803939044476,
758,37.58613718673587,0.23520411923527718,37.24577184766531,
759,37.677713902667165,0.22436794824898243,37.33749291859567,
760,37.675249157473445,0.22787717171013355,37.33979188837111,
761,37.6667610835284,0.2316199243068695,37.33087098225951,
762,37.651791935786605,0.22187107242643833,37.325863959267735,
763,37.62048087082803,0.22158795036375523,37.29382110759616,
764,37.67234901897609,0.22722594439983368,37.33967407606542,
765,37.65470418147743,0.2206119243055582,37.330175982788205,
766,37.656293949112296,0.22429809905588627,37.32762997969985,
767,37.636259803548455,0.22452999837696552,37.308355094864964,
768,37.625657161697745,0.22159283980727196,37.30018902570009,
769,37.605649093165994,0.22035883739590645,37.28173300623894,
770,37.64651180244982,0.22133789025247097,37.32253215275705,
771,37.59849816560745,0.22151903249323368,37.27363399229944,
772,37.67507988959551,0.2279370091855526,37.343131843954325,
773,37.97776810824871,0.5526971071958542,37.30927291326225,
774,37.644286872819066,0.22595003247261047,37.313834996894,
775,37.655323976650834,0.224309042096138,37.326850928366184,
776,37.68567112274468,0.23123295977711678,37.34996588900685,
777,37.630334962159395,0.22187689319252968,37.304383935406804,
778,37.63994202017784,0.2222971525043249,37.31288784183562,
779,37.59053582325578,0.2278769388794899,37.25739102810621,
780,37.62360801920295,0.22387085482478142,37.29199501685798,
781,37.63946099206805,0.22239494137465954,37.311590975150466,
782,37.65124687924981,0.22381707094609737,37.32158406637609,
783,37.62953798286617,0.22013881243765354,37.3010050971061,
784,37.6531770452857,0.2215048298239708,37.32544998638332,
785,37.638908019289374,0.22495281882584095,37.30853111483157,
786,37.61392296291888,0.2208799123764038,37.28906693868339,
787,37.626298144459724,0.22703781723976135,37.29302203282714,
788,37.623280892148614,0.2279339823871851,37.290365202352405,
789,38.04723802022636,0.5378429777920246,37.39393991418183,
790,37.65424410812557,0.22741989232599735,37.32157009653747,
791,37.75211493484676,0.22748997434973717,37.420236971229315,
792,37.670689169317484,0.2288070973008871,37.3371010646224,
793,37.66541602090001,0.2211080864071846,37.33292198739946,
794,37.666972959414124,0.22076908499002457,37.342316936701536,
795,37.68162988126278,0.2248990349471569,37.352022947743535,
796,37.64068894088268,0.22464897483587265,37.310791900381446,
797,37.622767966240644,0.22546807304024696,37.291198037564754,
798,37.67411201260984,0.22518495097756386,37.344852928072214,
799,37.65493305400014,0.2238629385828972,37.324398988857865,
800,37.64508315362036,0.2214391715824604,37.31814702041447,
801,37.673837039619684,0.22438191808760166,37.34501195140183,
802,37.6483250875026,0.22320798598229885,37.3159849550575,
803,37.69966494292021,0.22600311785936356,37.36939188092947,
804,37.66340995207429,0.22192299365997314,37.336588837206364,
805,38.03178807720542,0.5493490025401115,37.36682003363967,
806,37.66600415110588,0.23034308105707169,37.32753498479724,
807,37.6732109580189,0.2228771336376667,37.34640893526375,
808,37.674776976928115,0.22945785894989967,37.34118095599115,
809,37.67175390385091,0.22261706180870533,37.34692092984915,
810,37.65025804750621,0.2209818921983242,37.32464904896915,
811,37.66345186159015,0.22724084556102753,37.32987912371755,
812,37.65199310146272,0.22338400594890118,37.322192918509245,
813,37.636993918567896,0.22378703579306602,37.30771690607071,
814,37.67319885082543,0.22827484644949436,37.34026709571481,
815,37.647253135219216,0.22445106878876686,37.31895610690117,
816,37.62508695945144,0.2208820078521967,37.30012685991824,
817,37.6584418118,0.22311205975711346,37.3313061427325,
818,37.674819119274616,0.22247200831770897,37.34554583206773,
819,37.6650660764426,0.22322009317576885,37.33646986074746,
820,37.68030391074717,0.22235186770558357,37.35399502329528,
821,38.0326712038368,0.5311588756740093,37.384034134447575,
822,37.724151043221354,0.2275609876960516,37.39113500341773,
823,37.699232110753655,0.22264104336500168,37.37167804501951,
824,37.70087705925107,0.23345695808529854,37.3611010145396,
825,37.663727067410946,0.22199703380465508,37.338069174438715,
826,37.73739002645016,0.22700102999806404,37.40274207666516,
827,37.63075708411634,0.2252361737191677,37.302237935364246,
828,37.62180218473077,0.2235590945929289,37.294036941602826,
829,37.67648502252996,0.22440310567617416,37.34834888018668,
830,37.726441165432334,0.22632908076047897,37.39686612971127,
831,37.70826105028391,0.2258080057799816,37.3775779735297,
832,37.71569603122771,0.22498099133372307,37.385890958830714,
833,37.691651843488216,0.22292090579867363,37.36593318171799,
834,37.70109009929001,0.2302168868482113,37.366539938375354,
835,37.69125184044242,0.223818002268672,37.358175963163376,
836,37.68103593029082,0.22470508702099323,37.3485260643065,
837,38.071718998253345,0.5534281954169273,37.39832201972604,
838,37.67596697434783,0.2251479309052229,37.345682037994266,
839,37.70658397115767,0.2244210336357355,37.37638099119067,
840,37.678667111322284,0.22124196402728558,37.35380503349006,
841,37.669530138373375,0.22197002544999123,37.342796102166176,
842,37.68265899270773,0.2308159600943327,37.345726042985916,
843,37.67384891398251,0.22702384740114212,37.3427530284971,
844,37.62657102197409,0.22219214588403702,37.300487980246544,
845,37.67291805706918,0.22646994329988956,37.341993069276214,
846,37.670108024030924,0.22441381588578224,37.3411700129509,
847,37.67517092637718,0.22610905580222607,37.34426712617278,
848,37.70244400948286,0.2268240787088871,37.364337826147676,
849,37.6906068995595,0.2244270872324705,37.360922899097204,
850,37.724943133071065,0.22595585323870182,37.393993930891156,
851,37.71902900189161,0.2281500492244959,37.384986877441406,
852,37.69787703640759,0.2246128860861063,37.36570617184043,
853,38.05515402927995,0.5451901815831661,37.392126861959696,
854,37.64284518547356,0.22679218091070652,37.30894485488534,
855,37.71706810221076,0.2261800691485405,37.38632285967469,
856,37.727734073996544,0.23099081590771675,37.39273897372186,
857,37.67508803866804,0.22318819537758827,37.347979843616486,
858,37.68495796248317,0.22469204850494862,37.35491982661188,
859,37.700154120102525,0.22693490609526634,37.35817805863917,
860,37.6855309586972,0.22520613856613636,37.35200804658234,
861,37.65682806260884,0.22369297221302986,37.32902416959405,
862,37.674039136618376,0.2263931091874838,37.34028385952115,
863,37.7114019356668,0.22216793149709702,37.38351701758802,
864,37.71313698962331,0.22786506451666355,37.381015019491315,
865,37.672992097213864,0.2242429181933403,37.344359094277024,
866,37.675639148801565,0.22998102940618992,37.33856207691133,
867,37.693432066589594,0.22198911756277084,37.36704890616238,
868,37.68712701275945,0.2240259200334549,37.35808306373656,
869,38.071610033512115,0.5441110115498304,37.41255798377097,
870,37.7176480833441,0.2314120065420866,37.38176799379289,
871,37.6653999555856,0.22736703976988792,37.333247950300574,
872,37.70096995867789,0.22406294010579586,37.37216489389539,
873,37.704754155129194,0.22113695740699768,37.38056216388941,
874,37.71880897693336,0.2323018852621317,37.382543087005615,
875,37.69390913657844,0.22466597147285938,37.36463002860546,
876,37.730281008407474,0.2266969531774521,37.39783214405179,
877,37.76159486733377,0.22721081040799618,37.431599106639624,
878,37.69818693399429,0.22581499069929123,37.36787894740701,
879,37.69212611950934,0.2248168457299471,37.36100695095956,
880,37.664050003513694,0.22538891062140465,37.334795109927654,
881,37.72774897515774,0.22380100563168526,37.401420064270496,
882,37.6649668905884,0.22676889784634113,37.33261418528855,
883,37.666516145691276,0.22241706028580666,37.3397299554199,
884,37.77114092372358,0.23310701362788677,37.43280912749469,
885,38.0712510086596,0.5445759743452072,37.41081291809678,
886,37.73460886441171,0.22863713093101978,37.40144893527031,
887,37.73715207353234,0.2274978905916214,37.40507992915809,
888,37.7086540684104,0.2265989314764738,37.37756796181202,
889,37.70993812941015,0.23350492119789124,37.37128805369139,
890,37.73010801523924,0.229008961468935,37.395267048850656,
891,37.741946056485176,0.2276089508086443,37.40514116361737,
892,37.67034993506968,0.2264969516545534,37.338575115427375,
893,37.7112440764904,0.2298650797456503,37.37515490502119,
894,37.675584899261594,0.22498006001114845,37.345581920817494,
895,37.737047066912055,0.22676889784634113,37.4040340539068,
896,37.708873860538006,0.2318308688700199,37.36900305375457,
897,37.70209499634802,0.2256289590150118,37.37076302058995,
898,37.718284875154495,0.22876402363181114,37.382678827270865,
899,37.68009785562754,0.2258468884974718,37.34920406714082,
900,37.70815418101847,0.22820918820798397,37.37415000796318,
901,38.074719021096826,0.5556540563702583,37.40179305896163,
902,37.73908503353596,0.229372875764966,37.402617977932096,
903,37.70562703721225,0.22384803742170334,37.373785860836506,
904,37.728789960965514,0.23012910969555378,37.39386983215809,
905,37.70686988718808,0.2234207931905985,37.37771906889975,
906,37.73622098378837,0.22543896920979023,37.40575606934726,
907,37.70935884676874,0.22781803272664547,37.37596794962883,
908,37.703117122873664,0.23194216191768646,37.36544097773731,
909,37.74940804578364,0.22468692623078823,37.420013919472694,
910,37.70354110747576,0.22786506451666355,37.36748406663537,
911,37.67098905518651,0.22322800941765308,37.343245930969715,
912,37.7264569979161,0.22979802452027798,37.391192978248,
913,37.69621695391834,0.22440706379711628,37.366717820987105,
914,37.711299024522305,0.22589019499719143,37.377854809165,
915,37.693685153499246,0.22999197244644165,37.35657618381083,
916,37.70679491572082,0.22730999626219273,37.373970029875636,
917,38.07140816934407,0.5433280020952225,37.41127089597285,
918,37.68075816333294,0.22907694801688194,37.347838981077075,
919,37.770337192341685,0.22474699653685093,37.439909065142274,
920,37.705593975260854,0.22966903634369373,37.371171871200204,
921,37.677213083952665,0.22615399211645126,37.34579402953386,
922,37.738556042313576,0.22587180137634277,37.40447317250073,
923,37.696713814511895,0.22898893803358078,37.358228117227554,
924,37.75535780005157,0.23067882284522057,37.419321946799755,
925,37.67678909935057,0.22541801445186138,37.34580986201763,
926,37.70389291457832,0.226637814193964,37.37222100608051,
927,37.720664869993925,0.22882013581693172,37.38706698641181,
928,37.72791102528572,0.2276250161230564,37.39537904039025,
929,37.74166596122086,0.22460310719907284,37.408451084047556,
930,37.71848906762898,0.22935005836188793,37.384195951744914,
931,37.728122901171446,0.22825109772384167,37.39351104013622,
932,37.70919796079397,0.2287491224706173,37.37579402513802,
933,38.09350403025746,0.5370490252971649,37.441635970026255,
934,37.76918398216367,0.2269118558615446,37.4373581726104,
935,37.67953207716346,0.2263369970023632,37.34722710214555,
936,37.7323750872165,0.2351847942918539,37.39190008491278,
937,37.69229887984693,0.22787204943597317,37.360805785283446,
938,37.75248909369111,0.2247970551252365,37.41761203855276,
939,37.69945492967963,0.22724689915776253,37.36782306805253,
940,37.721904926002026,0.225903932005167,37.39116108044982,
941,37.74023614823818,0.22501498460769653,37.411709083244205,
942,37.747538881376386,0.22578099742531776,37.417681189253926,
943,37.75989986024797,0.23044506087899208,37.421996938064694,
944,37.74122195318341,0.22823596373200417,37.407664116472006,
945,37.692675134167075,0.22530602291226387,37.36362000927329,
946,37.67673019319773,0.22718985565006733,37.34494815580547,
947,37.655366817489266,0.23051491007208824,37.320457166060805,
948,37.73472202010453,0.22619706578552723,37.40210901014507,
949,38.13890111632645,0.546871917322278,37.47440408915281,
950,37.72101900540292,0.23085391148924828,37.381266010925174,
951,37.7647599671036,0.2324250526726246,37.42753597907722,
952,37.755895871669054,0.23469910956919193,37.40934282541275,
953,37.74584806524217,0.2275579608976841,37.4125549569726,
954,37.75894897989929,0.229888828471303,37.42336807772517,
955,37.71985392086208,0.22475700825452805,37.38953894935548,
956,37.76337788440287,0.23061595857143402,37.42658789269626,
957,37.715720012784004,0.22696307860314846,37.382228998467326,
958,37.72809496149421,0.22788508795201778,37.39143209531903,
959,37.72577201016247,0.2265949733555317,37.39056293852627,
960,37.74275095202029,0.23253192193806171,37.402382120490074,
961,37.783491890877485,0.23000896908342838,37.446332862600684,
962,37.75578597560525,0.22755400277674198,37.42069494910538,
963,37.73583495058119,0.23282202892005444,37.393705919384956,
964,37.73300303146243,0.2345428802073002,37.391699152067304,
965,38.131475914269686,0.5827969871461391,37.430262891575694,
966,37.7405839972198,0.2351268194615841,37.397859152406454,
967,37.74927882477641,0.22993795573711395,37.412497913464904,
968,37.7324759028852,0.22860313765704632,37.39296901039779,
969,37.78365394100547,0.23325299844145775,37.443093955516815,
970,37.776671117171645,0.23963418789207935,37.43165195919573,
971,37.749419920146465,0.23051793687045574,37.39696298725903,
972,37.747614085674286,0.23223902098834515,37.40431694313884,
973,37.75710612535477,0.22781617008149624,37.42473688907921,
974,37.74788789451122,0.23907003924250603,37.40438004024327,
975,37.77209506370127,0.22782990708947182,37.434271071106195,
976,37.788160145282745,0.22710207849740982,37.455626064911485,
977,37.693936843425035,0.2240228932350874,37.3633170966059,
978,37.815751042217016,0.23835012689232826,37.47223783284426,
979,37.73330198600888,0.22646109573543072,37.4022820033133,
980,37.75801695883274,0.22572604939341545,37.42756508290768,
981,38.187338039278984,0.58037880808115,37.49023703858256,
982,37.78402600437403,0.23215985856950283,37.44619502685964,
983,37.69817901775241,0.22819684818387032,37.36403305083513,
984,37.76225307956338,0.23209908977150917,37.42399602197111,
985,37.756060948595405,0.22834003902971745,37.42177807725966,
986,37.78160689398646,0.2280031330883503,37.44902787730098,
987,37.72923978976905,0.22669602185487747,37.39665006287396,
988,37.76669502258301,0.22861897014081478,37.43416187353432,
989,37.77482593432069,0.2284699585288763,37.44041011668742,
990,37.761604180559516,0.22706389427185059,37.42850013077259,
991,37.755260011181235,0.22514094598591328,37.421867018565536,
992,37.77640382759273,0.22821198217570782,37.44288394227624,
993,37.74722199887037,0.2342939842492342,37.4083430506289,
994,37.745825946331024,0.2283761277794838,37.41227393038571,
995,37.79408801347017,0.22956007160246372,37.45852201245725,
996,37.72416687570512,0.22843689657747746,37.38909400999546,
997,38.1244090385735,0.5779720377177,37.424668902531266,
998,37.744147004559636,0.2319358754903078,37.4079670291394,
999,37.76812506839633,0.23343507200479507,37.42936998605728,
1000,37.76672389358282,0.22414512932300568,37.43652394041419,
1001,37.78768400661647,0.2277321182191372,37.45241696015,
1002,37.75104018859565,0.22965297102928162,37.41467487998307,
1003,37.77195583097637,0.2341410145163536,37.43266896344721,
1004,37.75909193791449,0.22921711206436157,37.42459393106401,
1005,37.765528075397015,0.22604712285101414,37.435895996168256,
1006,37.728442111983895,0.22768904455006123,37.394225131720304,
1007,37.728979950770736,0.2304620575159788,37.39314991980791,
1008,37.76107891462743,0.2252019476145506,37.430166034027934,
1009,37.77486411854625,0.22401404567062855,37.44692797772586,
1010,37.767075933516026,0.22855913266539574,37.42746100760996,
1011,37.80180402100086,0.2280122134834528,37.46438189409673,
1012,37.77226898819208,0.24344096891582012,37.420992041006684,
1013,38.201323011890054,0.5981761496514082,37.47853287495673,
1014,37.805287865921855,0.23774290457367897,37.46023611165583,
1015,37.75183204561472,0.23200595751404762,37.41548117250204,
1016,37.8192039206624,0.23095007054507732,37.4824539758265,
1017,37.75182901881635,0.22953306324779987,37.415246944874525,
1018,37.724449997767806,0.23855199106037617,37.37438120879233,
1019,37.77450881898403,0.23375311866402626,37.43107686750591,
1020,37.815005984157324,0.23340503685176373,37.47142385691404,
1021,37.77957917191088,0.2390409354120493,37.42241417057812,
1022,37.75745979510248,0.24873693473637104,37.39842516370118,
1023,37.80062380246818,0.24010008201003075,37.45348798111081,
1024,37.80689788982272,0.2320499625056982,37.4661770183593,
1025,37.7503230702132,0.23185811005532742,37.41185995750129,
1026,37.73316298611462,0.23222900927066803,37.39415900781751,
1027,37.80925599858165,0.23729796521365643,37.45883610099554,
1028,37.758272839710116,0.24230289272964,37.40511508658528,
1029,38.168791914358735,0.6186270620673895,37.42625587619841,
1030,37.754583870992064,0.238463981077075,37.40940289571881,
1031,37.79888991266489,0.22878008894622326,37.464174907654524,
1032,37.775731179863214,0.2300799824297428,37.4326310120523,
1033,37.78361179865897,0.2312429714947939,37.446631118655205,
1034,37.78128605335951,0.23273308761417866,37.44264296256006,
1035,37.7648479770869,0.23004808463156223,37.42905589751899,
1036,37.7621459774673,0.227771932259202,37.42691990919411,
1037,37.79746009968221,0.22717495448887348,37.464877823367715,
1038,37.81249490566552,0.23750797845423222,37.46969508938491,
1039,37.80449298210442,0.23542391136288643,37.46454417705536,
1040,37.7476301509887,0.23117009550333023,37.41063084453344,
1041,37.80040517449379,0.22680498659610748,37.4688480515033,
1042,37.767976988106966,0.23037311621010303,37.43484592996538,
1043,37.82711201347411,0.2326490357518196,37.48646494932473,
1044,37.76048100553453,0.23116287775337696,37.42273221723735,
1045,38.1741460878402,0.5882270634174347,37.46830904856324,
1046,37.80235396698117,0.23149698972702026,37.46508015319705,
1047,37.787521025165915,0.22750603966414928,37.45397110469639,
1048,37.77339681982994,0.22928300313651562,37.43676492013037,
1049,37.75669913738966,0.2289428375661373,37.42377809248865,
1050,37.80852886848152,0.23719598539173603,37.465752102434635,
1051,37.895174929872155,0.22813910618424416,37.560982862487435,
1052,37.7712519839406,0.2313030418008566,37.435700884088874,
1053,37.78875106945634,0.22912886925041676,37.45559509843588,
1054,37.78769006021321,0.23059197701513767,37.44685999117792,
1055,37.8251348156482,0.23266905918717384,37.488617934286594,
1056,37.78382297605276,0.23191911168396473,37.446541944518685,
1057,37.77547902427614,0.2266161609441042,37.444451823830605,
1058,37.77828486636281,0.22908300161361694,37.44295006617904,
1059,37.78070420958102,0.2253130078315735,37.450327072292566,
1060,37.794525967910886,0.23217103444039822,37.458274979144335,
1061,38.20379497483373,0.5803869571536779,37.506421096622944,
1062,37.774437107145786,0.23704511113464832,37.43218490853906,
1063,37.79969201423228,0.2274590078741312,37.467870861291885,
1064,37.76952903717756,0.2285689115524292,37.437085062265396,
1065,37.77625085785985,0.2264999784529209,37.4501901678741,
1066,37.78950613923371,0.2298599574714899,37.45541488751769,
1067,37.79281000606716,0.2304681111127138,37.45689895004034,
1068,37.85327891819179,0.22885692305862904,37.517673103138804,
1069,37.803151877596974,0.22745109163224697,37.468438036739826,
1070,37.773132091388106,0.230034114792943,37.437201011925936,
1071,37.80031902715564,0.22995797917246819,37.46595000848174,
1072,37.770074093714356,0.2315619494765997,37.434010999277234,
1073,37.781859980896115,0.22962293587625027,37.44595521129668,
1074,37.765572080388665,0.2297989558428526,37.43183403275907,
1075,37.77583921328187,0.2252841368317604,37.44058683514595,
1076,37.77514793910086,0.2337619662284851,37.43606200441718,
1077,38.19363098591566,0.577480997890234,37.4950161203742,
1078,37.802377017214894,0.2328888513147831,37.463430082425475,
1079,37.766952998936176,0.23521087132394314,37.42671594955027,
1080,37.802268052473664,0.2288429532200098,37.467641988769174,
1081,37.80408692546189,0.2252210397273302,37.47423109598458,
1082,37.83086081966758,0.2309810370206833,37.495614029467106,
1083,37.812374997884035,0.22736494429409504,37.478951970115304,
1084,37.82074199989438,0.23690098896622658,37.478425074368715,
1085,37.78900112956762,0.22972398437559605,37.45424305088818,
1086,37.83068084158003,0.23309490643441677,37.4922261107713,
1087,37.79567196033895,0.22806599736213684,37.46265894733369,
1088,37.76733810082078,0.22855796851217747,37.433793069794774,
1089,37.79045306146145,0.23377896286547184,37.450565956532955,
1090,37.802045000717044,0.22835307754576206,37.468991009518504,
1091,37.76370780542493,0.22515002638101578,37.43413696065545,
1092,37.75963396765292,0.23061991669237614,37.422736175358295,
1093,38.14662806689739,0.5547169130295515,37.474592914804816,
1094,37.830199813470244,0.23409188725054264,37.488923175260425,
1095,37.831048015505075,0.22993702441453934,37.49461495317519,
1096,37.795735988765955,0.23377593606710434,37.457047030329704,
1097,37.83532907254994,0.2278678584843874,37.50053117983043,
1098,37.78169513680041,0.22885017096996307,37.44731890037656,
1099,37.807021057233214,0.22648600861430168,37.4620899092406,
1100,37.81361784785986,0.23267115466296673,37.47393796220422,
1101,37.805549101904035,0.23145508021116257,37.46943105943501,
1102,37.76616998948157,0.23630214855074883,37.42638183757663,
1103,37.826512940227985,0.2274010330438614,37.495290860533714,
1104,37.76148403994739,0.22696005180478096,37.4299930408597,
1105,37.788992980495095,0.22815493866801262,37.45694411918521,
1106,37.845326121896505,0.2326429821550846,37.50750096514821,
1107,37.79819095507264,0.23039081133902073,37.46324800886214,
1108,37.823104998096824,0.22816704586148262,37.48980793170631,
1109,38.19744102656841,0.5595788825303316,37.520633079111576,
1110,37.79724007472396,0.23027113638818264,37.46102191507816,
1111,37.82832808792591,0.2278229221701622,37.49709390103817,
1112,37.80924319289625,0.23039290681481361,37.47167810797691,
1113,37.77881106361747,0.22626901045441628,37.44916711002588,
1114,37.801997968927026,0.23619597777724266,37.461025873199105,
1115,37.84049395471811,0.22862805053591728,37.50658594071865,
1116,37.78373496606946,0.2281060442328453,37.451793905347586,
1117,37.8312838729471,0.22855005227029324,37.49862383119762,
1118,37.815817166119814,0.22687111049890518,37.48448193073273,
1119,37.8328119404614,0.2306539099663496,37.49662218615413,
1120,37.828527158126235,0.23744790814816952,37.484799046069384,
1121,37.80263406224549,0.22621196694672108,37.47254516929388,
1122,37.79059206135571,0.22732210345566273,37.45873388834298,
1123,37.80612093396485,0.22631697356700897,37.47540386393666,
1124,37.75441600009799,0.2274590078741312,37.421606015414,
1125,38.14651002176106,0.5561630241572857,37.47455705888569,
1126,37.800634978339076,0.2355538308620453,37.4591660220176,
1127,37.815387826412916,0.2356951590627432,37.47636289335787,
1128,37.84598386846483,0.23030792362987995,37.507614120841026,
1129,37.85752388648689,0.23141386918723583,37.520796060562134,
1130,37.786741042509675,0.23040012456476688,37.45170286856592,
1131,37.84525208175182,0.230761943385005,37.50944300554693,
1132,37.81158709898591,0.23390119895339012,37.47142502106726,
1133,37.82711084932089,0.23152795620262623,37.49113297089934,
1134,37.83216490410268,0.22865808568894863,37.499391939491034,
1135,37.83650207333267,0.22784201428294182,37.50448185019195,
1136,37.84062201157212,0.22673211060464382,37.50927001237869,
1137,37.82424493692815,0.22705690935254097,37.491231923922896,
1138,37.82378393225372,0.23858202621340752,37.48072497546673,
1139,37.80791396275163,0.23113307543098927,37.47215704061091,
1140,37.83169388771057,0.22908090613782406,37.49829297885299,
1141,38.19254389964044,0.5736551247537136,37.50270907767117,
1142,37.84406580962241,0.23199012503027916,37.50660899095237,
1143,37.85561094991863,0.23000896908342838,37.51935716718435,
1144,37.85357205197215,0.22852211259305477,37.52103494480252,
1145,37.79051313176751,0.22558378987014294,37.456515012308955,
1146,37.81359805725515,0.22802618332207203,37.48123697005212,
1147,37.852893117815256,0.2339149359613657,37.51405002549291,
1148,37.81896084547043,0.23292098194360733,37.481683073565364,
1149,37.82346495427191,0.22823503240942955,37.491271970793605,
1150,37.80136094428599,0.23105484433472157,37.46683499775827,
1151,37.79410198330879,0.22693397477269173,37.463832879438996,
1152,37.85744705237448,0.23198802955448627,37.52178093418479,
1153,37.80060796998441,0.22983201779425144,37.468125810846686,
1154,37.8520751837641,0.23143691942095757,37.51598112285137,
1155,37.85627614706755,0.229378929361701,37.52281819470227,
1156,37.83218702301383,0.23215683177113533,37.495282012969255,
1157,38.175854133442044,0.5648038350045681,37.49447502195835,
1158,37.818460958078504,0.23122597485780716,37.48276992700994,
1159,37.832546047866344,0.2289111725986004,37.49442892149091,
1160,37.84482809714973,0.22823200561106205,37.51233289949596,
1161,37.808851106092334,0.23475917987525463,37.46889787726104,
1162,37.832509027794,0.23287790827453136,37.49552206136286,
1163,37.81817993149161,0.22857589647173882,37.48412895947695,
1164,37.850792054086924,0.23396802134811878,37.51163906417787,
1165,37.82658698037267,0.23106182925403118,37.49190899543464,
1166,37.80965693295002,0.22987392731010914,37.475940072909,
1167,37.844379898160696,0.23479200899600983,37.505569169297814,
1168,37.85804100334644,0.22669578902423382,37.52688015811145,
1169,37.840710021555424,0.22460799664258957,37.510573863983154,
1170,37.861654069274664,0.22869999520480633,37.52809693105519,
1171,37.83163381740451,0.22545992396771908,37.500502075999975,
1172,37.80353791080415,0.2309391275048256,37.46962291188538,
1173,38.28898281790316,0.5654529668390751,37.60613105259836,
1174,37.82169008627534,0.2327479887753725,37.48137503862381,
1175,37.830210058018565,0.22994191385805607,37.49585896730423,
1176,37.82191593199968,0.23419898934662342,37.48236200772226,
1177,37.87884605117142,0.22524897940456867,37.54901792854071,
1178,37.870594998821616,0.23071188479661942,37.533146096393466,
1179,37.86461683921516,0.2339659258723259,37.52306196838617,
1180,37.82404097728431,0.23062899708747864,37.48637996613979,
1181,37.86083101294935,0.23124110884964466,37.52684989012778,
1182,37.83927601762116,0.23127906024456024,37.502852035686374,
1183,37.90070698596537,0.23462995886802673,37.55849995650351,
1184,37.82565984874964,0.24152197875082493,37.478632060810924,
1185,37.83216583542526,0.22795889526605606,37.49906411394477,
1186,37.837567972019315,0.23012002930045128,37.50062407925725,
1187,37.8546838182956,0.2294990699738264,37.51966683194041,
1188,37.8320817835629,0.23053190670907497,37.49788017012179,
1189,38.24435197748244,0.5878719966858625,37.53972193226218,
1190,37.865235935896635,0.2317239996045828,37.52806503325701,
1191,37.84052701666951,0.22725295275449753,37.50362200662494,
1192,37.85866196267307,0.2329580020159483,37.521555088460445,
1193,37.83758403733373,0.23318501189351082,37.49928204342723,
1194,37.877005990594625,0.231246929615736,37.54316107369959,
1195,37.859170930460095,0.23034797050058842,37.524254992604256,
1196,37.85199415870011,0.23014796897768974,37.5167541205883,
1197,37.88435203023255,0.23001106455922127,37.54957392811775,
1198,37.820358062162995,0.23109489120543003,37.48514805920422,
1199,37.84682904370129,0.22983993403613567,37.512198090553284,
1200,37.857871036976576,0.23513915948569775,37.51725796610117,
1201,37.86942083388567,0.23036007769405842,37.534735864028335,
1202,37.88084094412625,0.2311980351805687,37.544426042586565,
1203,37.83018700778484,0.22996892221271992,37.49541309662163,
1204,37.793552968651056,0.22913096472620964,37.4607911799103,
1205,38.289225194603205,0.5864060949534178,37.57777507416904,
1206,37.84209303557873,0.23189280182123184,37.50613098964095,
1207,37.83209389075637,0.2313549630343914,37.496803095564246,
1208,37.90855593979359,0.238106120377779,37.56228904239833,
1209,37.87138988263905,0.23092888295650482,37.535828072577715,
1210,37.85467497073114,0.23414497263729572,37.51687309704721,
1211,37.87361900322139,0.2352111041545868,37.53463085740805,
1212,37.86202194169164,0.22776098921895027,37.53013210371137,
1213,37.877838127315044,0.23040198720991611,37.54367702640593,
1214,37.82992111518979,0.22878078743815422,37.49814000912011,
1215,37.851942935958505,0.2302799839526415,37.518887082114816,
1216,37.8344738855958,0.2296040765941143,37.50093001872301,
1217,37.84004016779363,0.23266207426786423,37.50254004262388,
1218,37.85418695770204,0.23464998230338097,37.51420299522579,
1219,37.844751961529255,0.22857403382658958,37.51144977286458,
1220,37.82331803813577,0.22593210451304913,37.49378398060799,
1221,38.23258518241346,0.5699729081243277,37.547117099165916,
1222,37.844219943508506,0.2309279516339302,37.50800108537078,
1223,37.842749152332544,0.22923899814486504,37.509541027247906,
1224,37.85884194076061,0.2284401562064886,37.525893887504935,
1225,37.926892982795835,0.23179291747510433,37.586794001981616,
1226,37.80543291941285,0.2332890871912241,37.46731695719063,
1227,37.89646411314607,0.2344080712646246,37.55752486176789,
1228,37.93057706207037,0.2399131190031767,37.58607292547822,
1229,37.90517896413803,0.22906786762177944,37.57258504629135,
1230,37.82517998479307,0.23101107217371464,37.489972077310085,
1231,37.85468894056976,0.229142839089036,37.52087918110192,
1232,37.80717100016773,0.22944994270801544,37.4732359778136,
1233,37.8723400644958,0.22855098359286785,37.5395689625293,
1234,37.848953856155276,0.22981991060078144,37.51502116210759,
1235,37.88560698740184,0.23311609402298927,37.54802793264389,
1236,37.85127378068864,0.2332678996026516,37.51458507031202,
1237,38.27083599753678,0.572818098589778,37.583635887131095,
1238,37.8854270093143,0.23897900246083736,37.53994987346232,
1239,37.90527698583901,0.23604393936693668,37.56419802084565,
1240,37.85340115427971,0.2319479826837778,37.51763515174389,
1241,37.89550997316837,0.23122713901102543,37.55967481993139,
1242,37.907515885308385,0.22870302200317383,37.57386305369437,
1243,37.85157995298505,0.22960198111832142,37.49945992603898,
1244,37.92475792579353,0.2337130717933178,37.5815168954432,
1245,37.8889599815011,0.22852886468172073,37.55177021957934,
1246,37.88438905030489,0.23387582041323185,37.54474315792322,
1247,37.88638999685645,0.2276608720421791,37.552146008238196,
1248,37.88380813784897,0.23112189956009388,37.54871804267168,
1249,37.8686289768666,0.23303786292672157,37.53196797333658,
1250,37.86359285004437,0.22927206009626389,37.530671106651425,
1251,37.820565048605204,0.22765109315514565,37.48842189088464,
1252,37.854927126318216,0.22990209981799126,37.519623059779406,
1253,38.27417688444257,0.5746709648519754,37.584301084280014,
1254,37.8665397875011,0.23721810430288315,37.52348083071411,
1255,37.912154803052545,0.23271096870303154,37.57386701181531,
1256,37.8612601198256,0.23075705394148827,37.52480214461684,
1257,37.84116101451218,0.22790906950831413,37.50908887013793,
1258,37.88075014017522,0.23322715424001217,37.5398900359869,
1259,37.898905109614134,0.23623695597052574,37.55917283706367,
1260,37.91069611907005,0.23404788225889206,37.57307701744139,
1261,37.87906398065388,0.2283039502799511,37.54561999812722,
1262,37.87235007621348,0.23177010007202625,37.53725904971361,
1263,37.82462910749018,0.23047300055623055,37.488528061658144,
1264,37.84202807582915,0.228511868044734,37.50765812583268,
1265,37.886698031798005,0.22722803987562656,37.551308050751686,
1266,37.90893289260566,0.23037102073431015,37.5744909979403,
1267,37.89381519891322,0.2325940877199173,37.55651507526636,
1268,37.894208915531635,0.23569096811115742,37.55411086603999,
1269,38.23704784736037,0.5652119871228933,37.556925090029836,
1270,37.91788802482188,0.23416103795170784,37.57808799855411,
1271,37.902679992839694,0.23682694882154465,37.557641975581646,
1272,37.86261915229261,0.23626908659934998,37.51931292936206,
1273,37.910686107352376,0.2301339991390705,37.57611918263137,
1274,37.894029170274734,0.23486302234232426,37.554349983111024,
1275,37.91750501841307,0.23086904548108578,37.57496806792915,
1276,37.905274890363216,0.2339689526706934,37.56545903161168,
1277,37.89952886290848,0.23063202388584614,37.56232303567231,
1278,37.898635026067495,0.23272493854165077,37.56150905974209,
1279,37.88596810773015,0.23126089945435524,37.554123206064105,
1280,37.89909789338708,0.23185997270047665,37.560511846095324,
1281,37.896486930549145,0.23314682766795158,37.55737608298659,
1282,37.910670042037964,0.23495894856750965,37.57006116211414,
1283,37.88523096591234,0.23610098287463188,37.5438560731709,
1284,37.86280890926719,0.23298291489481926,37.52506501041353,
1285,38.30910101532936,0.5804440006613731,37.610990926623344,
1286,37.884585093706846,0.2428288571536541,37.53324714489281,
1287,37.9160160664469,0.236965948715806,37.57384908385575,
1288,37.90439385920763,0.23152283392846584,37.56822203285992,
1289,37.895309971645474,0.23265392519533634,37.55906503647566,
1290,37.898103008046746,0.23344485089182854,37.5601421110332,
1291,37.92428504675627,0.23283110931515694,37.584826815873384,
1292,37.88689314387739,0.23207697086036205,37.54905494861305,
1293,37.88478206843138,0.2281470224261284,37.551655899733305,
1294,37.88008098490536,0.23499596863985062,37.540209013968706,
1295,37.93576103635132,0.23038312792778015,37.59938199073076,
1296,37.898891838267446,0.23575802333652973,37.557919044047594,
1297,37.91179903782904,0.2357980702072382,37.570643005892634,
1298,37.904290948063135,0.23512495681643486,37.56424295715988,
1299,37.90706489235163,0.23158686235547066,37.56865602917969,
1300,37.899666000157595,0.2329009585082531,37.56066388450563,
1301,38.3146321401,0.5793189629912376,37.61838981881738,
1302,37.90128603577614,0.23935106582939625,37.55680099129677,
1303,37.9122260492295,0.2301339991390705,37.57678112015128,
1304,37.88896999321878,0.23346696980297565,37.548810010775924,
1305,37.94145700521767,0.23209815844893456,37.60329191572964,
1306,37.93228208087385,0.23395195603370667,37.59228391572833,
1307,37.93088416568935,0.23356103338301182,37.591522093862295,
1308,37.89654793217778,0.2301728818565607,37.559838965535164,
1309,37.879609037190676,0.2284180372953415,37.54698904231191,
1310,37.884906865656376,0.22835703566670418,37.55190293304622,
1311,37.87272283807397,0.2325219102203846,37.533679977059364,
1312,37.90817013941705,0.23689004592597485,37.565730046480894,
1313,37.89432090707123,0.2334041055291891,37.556301802396774,
1314,37.85911598242819,0.23391400463879108,37.51963307149708,
1315,37.87138289771974,0.23180199787020683,37.535273004323244,
1316,37.909375969320536,0.2324129454791546,37.572511937469244,
1317,38.296038983389735,0.5778719205409288,37.60350798256695,
1318,38.00647100433707,0.23404299281537533,37.66671917401254,
1319,37.928394973278046,0.23294705897569656,37.58788900449872,
1320,37.918070098385215,0.2320490311831236,37.579867988824844,
1321,37.92116395197809,0.22998102940618992,37.58672997355461,
1322,37.85573597997427,0.2295020967721939,37.521453807130456,
1323,37.87539200857282,0.2297838218510151,37.54103905521333,
1324,37.85412712022662,0.22988906130194664,37.51665307208896,
1325,37.854776019230485,0.23323786444962025,37.5165119767189,
1326,37.911973893642426,0.23433612659573555,37.569812033325434,
1327,37.887781858444214,0.23670820519328117,37.545495899394155,
1328,37.87891287356615,0.2399641089141369,37.533883936703205,
1329,37.868267158046365,0.23079593665897846,37.531918147578835,
1330,37.88445703685284,0.23189210332930088,37.54934901371598,
1331,37.85890690051019,0.23175799287855625,37.521978840231895,
1332,37.866962142288685,0.23278500884771347,37.52988879568875,
1333,38.25488896109164,0.559736043214798,37.5774959102273,
1334,37.93409583158791,0.23445510305464268,37.59413701482117,
1335,37.85930387675762,0.23197499103844166,37.52025309950113,
1336,37.85066306591034,0.2333950251340866,37.5116269569844,
1337,37.84034913405776,0.23008999414741993,37.50618500635028,
1338,37.88589686155319,0.23926002904772758,37.54109493456781,
1339,37.86403615958989,0.23454800248146057,37.52305614762008,
1340,37.84079197794199,0.23379898630082607,37.498902063816786,
1341,37.90722414851189,0.2282049972563982,37.57104091346264,
1342,37.888579070568085,0.23066112771630287,37.552878027781844,
1343,37.87786699831486,0.23218616843223572,37.54031099379063,
1344,37.84090606495738,0.23144599981606007,37.50016703270376,
1345,37.86176396533847,0.22958009503781796,37.527077831327915,
1346,37.83740010112524,0.2366409171372652,37.49351017177105,
1347,37.95661008916795,0.23828609846532345,37.61305077932775,
1348,37.8417840693146,0.2361871302127838,37.49899682588875,
1349,38.302309112623334,0.5818009376525879,37.60406607761979,
1350,37.912498926743865,0.2425860147923231,37.5652511138469,
1351,37.90111094713211,0.23967516608536243,37.55704686045647,
1352,37.875931011512876,0.24087890051305294,37.52650413662195,
1353,37.94939792715013,0.23485696874558926,37.60650800541043,
1354,37.89150295779109,0.23438408970832825,37.551072891801596,
1355,37.87412797100842,0.23402809165418148,37.534439004957676,
1356,37.90803696028888,0.2341319341212511,37.56851307116449,
1357,37.89216303266585,0.2341638319194317,37.552978144958615,
1358,37.91067795827985,0.23309513926506042,37.57223300635815,
1359,37.8531611058861,0.22992095910012722,37.51819487661123,
1360,37.904608994722366,0.2395820338279009,37.56040008738637,
1361,37.87987888790667,0.23607700131833553,37.53860201686621,
1362,37.89743408560753,0.23823603987693787,37.55508898757398,
1363,37.93828096240759,0.23008906282484531,37.60057198815048,
1364,37.89482801221311,0.22977101616561413,37.56102500483394,
1365,38.32758590579033,0.5842060782015324,37.62676799669862,
1366,37.942815106362104,0.23916386999189854,37.598855094984174,
1367,37.89193485863507,0.2371249720454216,37.5493080355227,
1368,37.894791923463345,0.23272912949323654,37.55779494531453,
1369,37.925867130979896,0.23367092944681644,37.586788879707456,
1370,37.87846094928682,0.23170909844338894,37.54268889315426,
1371,37.88196202367544,0.22927089594304562,37.54756599664688,
1372,37.82123699784279,0.2320278435945511,37.48435596935451,
1373,37.899416871368885,0.231156125664711,37.5600999686867,
1374,37.90951403789222,0.2352928277105093,37.56866604089737,
1375,37.93205297552049,0.23822509683668613,37.590032909065485,
1376,37.89231297560036,0.2369119320064783,37.54918393678963,
1377,37.896639201790094,0.23829611018300056,37.552576046437025,
1378,37.882477045059204,0.23338384926319122,37.54486911930144,
1379,37.90592192672193,0.2318909391760826,37.56915405392647,
1380,37.93613100424409,0.2328010741621256,37.59816102683544,
1381,38.24777598492801,0.570033909752965,37.55977004766464,
1382,37.92208689264953,0.23648003116250038,37.580690113827586,
1383,37.94487006962299,0.23206300102174282,37.60649613104761,
1384,37.92973514646292,0.2354488242417574,37.586674094200134,
1385,37.94133709743619,0.2309361007064581,37.60333196260035,
1386,37.925115088000894,0.2342399675399065,37.586848018690944,
1387,37.932847859337926,0.23384601809084415,37.59390604682267,
1388,37.94584213756025,0.2311409916728735,37.61009592562914,
1389,37.8937111236155,0.23137801326811314,37.556102965027094,
1390,37.91339602321386,0.23391703143715858,37.56757313385606,
1391,37.85660210996866,0.2317340113222599,37.51711291261017,
1392,37.94166096486151,0.23772683925926685,37.59920108132064,
1393,37.895961897447705,0.23757410235702991,37.55385801196098,
1394,37.9509620834142,0.24175993166863918,37.60446095839143,
1395,37.8910000436008,0.23431307636201382,37.551359040662646,
1396,37.874018074944615,0.2358187921345234,37.52918308600783,
1397,38.2965849712491,0.572890043258667,37.60739602148533,
1398,37.93416917324066,0.24113105610013008,37.58667898364365,
1399,37.93372702784836,0.2376660704612732,37.590684834867716,
1400,37.95898798853159,0.23606582544744015,37.61817701160908,
1401,37.959008011966944,0.22824108600616455,37.62572188861668,
1402,37.91223815642297,0.2337549813091755,37.57258504629135,
1403,37.88628592155874,0.23085088469088078,37.531892070546746,
1404,37.949795834720135,0.24900794960558414,37.59013209491968,
1405,37.94561722315848,0.2374949399381876,37.60285000316799,
1406,37.879066076129675,0.2339391503483057,37.540742894634604,
1407,37.879531970247626,0.23260689340531826,37.54055593162775,
1408,37.90905210189521,0.23315101861953735,37.56788815371692,
1409,37.88593993522227,0.2298559993505478,37.55174297839403,
1410,37.90863393805921,0.23459084331989288,37.56810515187681,
1411,37.89573209360242,0.23581297136843204,37.555769085884094,
1412,37.88702189922333,0.23873616009950638,37.54342789761722,
1413,38.31247799098492,0.578658189624548,37.617733934894204,
1414,37.90966491214931,0.23785000666975975,37.56177797913551,
1415,37.956682965159416,0.23706420324742794,37.61456883512437,
1416,37.92132483795285,0.24184398353099823,37.57544211111963,
1417,37.88935788907111,0.23550796322524548,37.54909010604024,
1418,37.93484601192176,0.23505697026848793,37.59395517408848,
1419,37.93803579173982,0.23141689598560333,37.60113497264683,
1420,37.90970682166517,0.23099896498024464,37.57356898859143,
1421,37.900733994320035,0.2315749879926443,37.56539011374116,
1422,37.9170139785856,0.23637013509869576,37.57624886929989,
1423,37.947115022689104,0.2359610516577959,37.605271907523274,
1424,37.903458112850785,0.23779110051691532,37.55870810709894,
1425,37.90400782600045,0.2345589455217123,37.56372001953423,
1426,37.90840785950422,0.23461016826331615,37.56646695546806,
1427,37.8957309294492,0.23423484526574612,37.55677700974047,
1428,37.93454612605274,0.2394679468125105,37.58984291926026,
1429,38.270398043096066,0.5748439580202103,37.578915944322944,
1430,37.95656794682145,0.2371279988437891,37.614718079566956,
1431,37.921895971521735,0.2329559065401554,37.582622142508626,
1432,37.932561011984944,0.23415894247591496,37.593085085973144,
1433,37.95809205621481,0.2393880859017372,37.61297091841698,
1434,37.91138622909784,0.2418931107968092,37.56321896798909,
1435,37.95656701549888,0.237233005464077,37.613759050145745,
1436,37.9164251498878,0.24058599956333637,37.56928606890142,
1437,37.9027200397104,0.23344787769019604,37.562676006928086,
1438,37.95619821175933,0.2340618520975113,37.61714813299477,
1439,37.935113068670034,0.23654010146856308,37.59371489286423,
1440,37.966471863910556,0.2343000378459692,37.624571938067675,
1441,37.92644012719393,0.23193610832095146,37.590862018987536,
1442,37.94805402867496,0.23311609402298927,37.610389990732074,
1443,37.92934003286064,0.23544998839497566,37.586802849546075,
1444,37.98652091063559,0.2365258987993002,37.643276154994965,
1445,38.323251996189356,0.5972809158265591,37.60843817144632,
1446,37.91975695639849,0.23832102306187153,37.57420787587762,
1447,37.95823687687516,0.23571099154651165,37.61774790473282,
1448,37.95737796463072,0.2355452161282301,37.616010988131166,
1449,37.96560689806938,0.2319531049579382,37.62337891384959,
1450,37.960121873766184,0.2299160696566105,37.625639932230115,
1451,37.95456583611667,0.23276405408978462,37.617078982293606,
1452,37.91977697983384,0.23425603285431862,37.58058208040893,
1453,37.943676114082336,0.2297989558428526,37.608424900099635,
1454,37.917135981842875,0.23351586423814297,37.578995106741786,
1455,37.88698697462678,0.2330099232494831,37.54901699721813,
1456,37.93091303668916,0.23316103033721447,37.59416006505489,
1457,37.91830386035144,0.23078592494130135,37.5829990953207,
1458,37.90412493981421,0.23682299070060253,37.561390083283186,
1459,38.03667309693992,0.23776711896061897,37.69278386607766,
1460,37.97727404162288,0.23788702674210072,37.63479902409017,
1461,38.36127300746739,0.5872019100934267,37.64797514304519,
1462,38.00497017800808,0.2361598890274763,37.66360902227461,
1463,37.971155950799584,0.2354250755161047,37.6306539401412,
1464,37.967567797750235,0.23070001043379307,37.63319179415703,
1465,37.94735390692949,0.23379200138151646,37.60765492916107,
1466,37.93378779664636,0.23422297090291977,37.593145156279206,
1467,37.951796082779765,0.23556407541036606,37.61180699802935,
1468,37.95194812119007,0.23266905918717384,37.610291969031096,
1469,37.93529514223337,0.23428094573318958,37.594415014609694,
1470,37.95720497146249,0.23784604854881763,37.61262912303209,
1471,37.99161408096552,0.2374469768255949,37.64847107231617,
1472,37.921201903373,0.23790006525814533,37.57947706617415,
1473,37.92505688033998,0.23638596758246422,37.58352785371244,
1474,37.912493105977774,0.235104002058506,37.573615089058876,
1475,37.944805109873414,0.23237895220518112,37.608515936881304,
1476,37.97565400600433,0.23409095592796803,37.63651521876454,
1477,38.3727268781513,0.6060260348021984,37.64632414095104,
1478,37.97584120184183,0.23944908753037453,37.626593839377165,
1479,38.019960978999734,0.23848493583500385,37.671975092962384,
1480,37.94731688685715,0.23508607409894466,37.60335687547922,
1481,37.95676911249757,0.2334869932383299,37.61788085103035,
1482,37.99146204255521,0.23606489412486553,37.64282516203821,
1483,38.05297100916505,0.23756292648613453,37.71153115667403,
1484,37.97476505860686,0.23385300301015377,37.63494803570211,
1485,37.94117597863078,0.2332890871912241,37.603005999699235,
1486,37.95939194969833,0.23991498164832592,37.615434965118766,
1487,37.94961795210838,0.23840507492423058,37.60605095885694,
1488,37.97674993984401,0.24140090681612492,37.629669066518545,
1489,37.950800033286214,0.2374171745032072,37.60842001065612,
1490,38.026389898732305,0.23989006876945496,37.68129786476493,
1491,37.96114702709019,0.23609097115695477,37.61928295716643,
1492,38.00629009492695,0.23951800540089607,37.66022599302232,
1493,38.36305812001228,0.6060770247131586,37.64079208485782,
1494,37.97464584931731,0.2377559430897236,37.63251309283078,
1495,37.96272212639451,0.23803510703146458,37.620094837620854,
1496,37.962691858410835,0.23313798010349274,37.62366180308163,
1497,37.95921104028821,0.22956309840083122,37.622170988470316,
1498,37.94888197444379,0.23604417219758034,37.60878392495215,
1499,37.976753897964954,0.23645488545298576,37.63316501863301,
1500,37.99042315222323,0.2329801209270954,37.651024060323834,
1501,37.96701715327799,0.23122085258364677,37.626228062435985,
1502,37.972199032083154,0.23120595142245293,37.637211149558425,
1503,37.954432191327214,0.23388699628412724,37.6139678992331,
1504,37.961238995194435,0.23750308901071548,37.61936700902879,
1505,37.97409916296601,0.23593101650476456,37.634729873389006,
1506,37.96391608193517,0.23593800142407417,37.62355400249362,
1507,37.95270808041096,0.23781508207321167,37.60964493267238,
1508,37.98610391095281,0.23864209651947021,37.64352202415466,
1509,38.37879397906363,0.6005880422890186,37.66203694976866,
1510,37.99484088085592,0.2363699022680521,37.65261312946677,
1511,38.00360788591206,0.23265602067112923,37.665429059416056,
1512,37.95668389648199,0.23434101603925228,37.616056855767965,
1513,37.9515141248703,0.23179780691862106,37.61341911740601,
1514,37.947382079437375,0.23533101193606853,37.60311403311789,
1515,37.96699992381036,0.23583718575537205,37.622223841026425,
1516,38.003019988536835,0.23574987426400185,37.65878709964454,
1517,37.94075106270611,0.23377803154289722,37.59772004559636,
1518,37.928038043901324,0.23620203137397766,37.58849389851093,
1519,37.95122797600925,0.2355820033699274,37.610100815072656,
1520,38.004342932254076,0.23994594812393188,37.65828302130103,
1521,37.96371794305742,0.2377901691943407,37.62204386293888,
1522,37.94809500686824,0.24036108516156673,37.60238899849355,
1523,37.96109091490507,0.23694103583693504,37.62044198811054,
1524,37.95283008366823,0.24202698841691017,37.60665003210306,
1525,38.36049418896437,0.5910599138587713,37.65414212830365,
1526,37.96010301448405,0.23604393936693668,37.620412185788155,
1527,37.96689701266587,0.23429282009601593,37.626932142302394,
1528,38.00495620816946,0.23180083371698856,37.668250035494566,
1529,37.94360999017954,0.2313510049134493,37.60684002190828,
1530,38.00248890183866,0.2361498773097992,37.66096802428365,
1531,37.974514067173004,0.23435987532138824,37.63239900581539,
1532,38.00304001197219,0.23353914730250835,37.6654090359807,
1533,37.99077798612416,0.23420201614499092,37.65227203257382,
1534,37.9726211540401,0.2366369590163231,37.62735310010612,
1535,37.98994095996022,0.23499713279306889,37.64717187732458,
1536,37.988272961229086,0.23094494827091694,37.650743033736944,
1537,37.94056503102183,0.23118709214031696,37.60502906516194,
1538,38.013146026059985,0.23684697225689888,37.67252597026527,
1539,37.986769108101726,0.23786304518580437,37.64491993933916,
1540,38.00735482946038,0.2385780680924654,37.664419040083885,
1541,38.365654880180955,0.5957209505140781,37.64807712286711,
1542,37.97025000676513,0.23820786736905575,37.625961005687714,
1543,38.03154197521508,0.23474497720599174,37.689930060878396,
1544,37.98778401687741,0.23681996390223503,37.64335997402668,
1545,38.00636995583773,0.23361807689070702,37.66931081190705,
1546,37.94659813866019,0.23765000514686108,37.6051829662174,
1547,37.951148115098476,0.23233890533447266,37.61470294557512,
1548,37.967091193422675,0.2346038818359375,37.62617404572666,
1549,37.99227299168706,0.23718900047242641,37.65042498707771,
1550,37.98119118437171,0.23399107158184052,37.63919393531978,
1551,38.00546214915812,0.23251003585755825,37.66578598879278,
1552,37.98538004048169,0.23426208645105362,37.64610202051699,
1553,37.954643834382296,0.23302482441067696,37.617892026901245,
1554,37.94625890441239,0.2323598600924015,37.61032107286155,
1555,38.013421930372715,0.23349490948021412,37.67531015910208,
1556,37.988485069945455,0.23587793111801147,37.64697001315653,
1557,38.38843503035605,0.5934459622949362,37.678245920687914,
1558,37.972996942698956,0.2398150973021984,37.627412006258965,
1559,37.96386206522584,0.24004094302654266,37.61985898017883,
1560,38.0074440035969,0.23444509133696556,37.66793408431113,
1561,38.0560839548707,0.23369817063212395,37.71741082891822,
1562,38.01244590431452,0.23566000163555145,37.6724589150399,
1563,38.00146607682109,0.23529399186372757,37.662009010091424,
1564,38.01269689574838,0.2345740795135498,37.67365589737892,
1565,38.04196487180889,0.23111887276172638,37.707254057750106,
1566,37.95739100314677,0.23572403006255627,37.61566313914955,
1567,38.00547495484352,0.2351419534534216,37.66591800376773,
1568,37.98272390849888,0.2355850301682949,37.64213901013136,
1569,37.9665088839829,0.23261597380042076,37.627435056492686,
1570,37.97835414297879,0.2335959579795599,37.64052386395633,
1571,37.98875096254051,0.2326748799532652,37.65235305763781,
1572,37.971345940604806,0.2333652228116989,37.633923813700676,
1573,38.38397399522364,0.5957561079412699,37.671739934012294,
1574,38.01378095522523,0.24118507280945778,37.66104090027511,
1575,38.024803856387734,0.23869494907557964,37.677298998460174,
1576,37.979304092004895,0.23474497720599174,37.63605607673526,
1577,38.0232660099864,0.23319409228861332,37.682998925447464,
1578,37.99443691968918,0.23972289636731148,37.6504419837147,
1579,38.0234329495579,0.23969588801264763,37.67630201764405,
1580,37.99841203726828,0.23592286743223667,37.65599406324327,
1581,38.00758300349116,0.2309309784322977,37.67285100184381,
1582,37.99169999547303,0.2356350887566805,37.65223594382405,
1583,38.01260702311993,0.23188511840999126,37.65692701563239,
1584,38.02472399547696,0.23845303803682327,37.67638700082898,
1585,38.017542101442814,0.23583415895700455,37.67718095332384,
1586,38.00206910818815,0.23489701561629772,37.66437107697129,
1587,38.00546284765005,0.2326848916709423,37.66712313517928,
1588,38.00166095606983,0.23458991199731827,37.66299202106893,
1589,38.4280860889703,0.5979021079838276,37.71325689740479,
1590,38.01047313027084,0.24389196187257767,37.661727983504534,
1591,38.00643514841795,0.23661088198423386,37.66455803997815,
1592,38.043861044570804,0.23395894095301628,37.70509292371571,
1593,38.03235595114529,0.23555802181363106,37.69256500527263,
1594,38.00521302036941,0.23910612799227238,37.65950887463987,
1595,38.0136261228472,0.24003698490560055,37.66793082468212,
1596,37.9746297840029,0.24032616056501865,37.62863390147686,
1597,37.99513611011207,0.23619714193046093,37.65553003177047,
1598,37.99029299989343,0.24001207202672958,37.64554695226252,
1599,37.995553109794855,0.23863418027758598,37.65280800871551,
1600,38.022518856450915,0.2375438343733549,37.67994116060436,
1601,38.00647193565965,0.2406151033937931,37.66093589365482,
1602,38.0570231936872,0.23821997456252575,37.713717902079225,
1603,38.0161649081856,0.23819203488528728,37.67236904241145,
1604,38.00895996391773,0.2448628656566143,37.65966999344528,
1605,38.3582110516727,0.5863199476152658,37.65501920133829,
1606,38.023425033316016,0.23720599710941315,37.68119984306395,
1607,38.038646103814244,0.23352191783487797,37.6969191711396,
1608,38.02993381395936,0.23614801466464996,37.688424810767174,
1609,38.0163099616766,0.23865210823714733,37.6736419275403,
1610,38.03274594247341,0.23730401881039143,37.69125486724079,
1611,38.02692494355142,0.23515988141298294,37.68751211464405,
1612,38.02237589843571,0.2364718820899725,37.6799451187253,
1613,37.98882686533034,0.23386883549392223,37.65092813409865,
1614,38.00936206243932,0.233866972848773,37.67081210389733,
1615,38.04217604920268,0.23662904277443886,37.700774846598506,
1616,38.005148991942406,0.2343489322811365,37.66522207297385,
1617,38.08009694330394,0.2318299375474453,37.74447087198496,
1618,38.04920194670558,0.23586000315845013,37.70872484892607,
1619,38.02182199433446,0.2340688370168209,37.68433607183397,
1620,38.049301132559776,0.2397359348833561,37.70467499271035,
1621,38.37138996459544,0.5890429019927979,37.6664069481194,
1622,38.01800590008497,0.2379522193223238,37.67599677667022,
1623,38.00341789610684,0.23586302995681763,37.659109104424715,
1624,38.012309931218624,0.23748981766402721,37.66969405114651,
1625,37.99095004796982,0.23433007299900055,37.648252910003066,
1626,38.03831012919545,0.23802882060408592,37.696039071306586,
1627,38.007713155820966,0.23436197079718113,37.6683019567281,
1628,38.01592090167105,0.2359419595450163,37.67444216646254,
1629,37.99385507591069,0.23348513059318066,37.65448392368853,
1630,38.09445002116263,0.2344958484172821,37.75450913235545,
1631,38.04878401570022,0.23754499852657318,37.70740400068462,
1632,38.03308797068894,0.2355461474508047,37.692362908273935,
1633,38.06029190309346,0.23667793720960617,37.71943203173578,
1634,38.04138605482876,0.2360120415687561,37.70237811841071,
1635,38.05273212492466,0.2347941044718027,37.70877490751445,
1636,37.990468088537455,0.23324997164309025,37.65146993100643,
1637,38.48067298531532,0.6271209567785263,37.736604921519756,
1638,38.056328194215894,0.24587311781942844,37.705546943470836,
1639,38.02511305548251,0.23659388534724712,37.684031995013356,
1640,38.074290147051215,0.23742299526929855,37.733016069978476,
1641,38.02765789441764,0.23432192392647266,37.68947394564748,
1642,38.03542209789157,0.23284810595214367,37.69912291318178,
1643,38.01562497392297,0.23417407646775246,37.67765499651432,
1644,37.99678408540785,0.23535802029073238,37.65729605220258,
1645,38.0625210236758,0.23337802849709988,37.72490308620036,
1646,38.068290799856186,0.2359640784561634,37.72669495083392,
1647,38.03824097849429,0.2345009706914425,37.700230022892356,
1648,38.01603801548481,0.23680110462009907,37.67348290421069,
1649,38.00369403325021,0.23362506181001663,37.66625910066068,
1650,38.03265606984496,0.23497501388192177,37.69088094122708,
1651,38.03438600152731,0.234127976000309,37.69525792449713,
1652,38.02788187749684,0.23999810218811035,37.68376004882157,
1653,38.47543499432504,0.6250750739127398,37.73516207002103,
1654,38.093718932941556,0.2364299725741148,37.75173402391374,
1655,38.032887037843466,0.23486698046326637,37.690827157348394,
1656,38.06019714102149,0.23775314912199974,37.7184608951211,
1657,38.02772308699787,0.23902300745248795,37.68325108103454,
1658,38.08039496652782,0.23292796686291695,37.742832908406854,
1659,38.018822902813554,0.2368600107729435,37.67852787859738,
1660,38.033016957342625,0.23438502103090286,37.69529494456947,
1661,38.10230898670852,0.23136590607464314,37.768163019791245,
1662,38.05626695975661,0.24381396360695362,37.70874906331301,
1663,38.033770862966776,0.2406449057161808,37.688331911340356,
1664,38.02138497121632,0.2448840532451868,37.6734531018883,
1665,38.037227001041174,0.24075200781226158,37.69163810648024,
1666,38.06333593092859,0.23940508253872395,37.71285503171384,
1667,38.01937494426966,0.23645907640457153,37.67977305687964,
1668,38.048772141337395,0.23429910652339458,37.70949598401785,
1669,38.482875097543,0.6106952205300331,37.75485488586128,
1670,38.11051114462316,0.237602973356843,37.767416099086404,
1671,38.0545649677515,0.23777596652507782,37.7118771430105,
1672,38.023182889446616,0.24191709235310555,37.67691389657557,
1673,38.04573300294578,0.23893499746918678,37.7032570540905,
1674,38.064587861299515,0.24459394626319408,37.71451790817082,
1675,38.04723313078284,0.2419298980385065,37.69936505705118,
1676,38.05622411891818,0.2430579625070095,37.707902025431395,
1677,38.059537997469306,0.2348048146814108,37.71718521602452,
1678,38.02566300146282,0.23581087589263916,37.68479800783098,
1679,38.04206196218729,0.23660785518586636,37.700686138123274,
1680,38.04835909977555,0.2380597870796919,37.70394599996507,
1681,38.02788280881941,0.235849991440773,37.68563782796264,
1682,38.02816104143858,0.2377210184931755,37.68522897735238,
1683,38.002464920282364,0.2348890993744135,37.662732880562544,
1684,37.99576009623706,0.23599481210112572,37.65425109304488,
1685,38.467229111120105,0.5959270056337118,37.75442996993661,
1686,38.1155489012599,0.24651712737977505,37.764260079711676,
1687,38.05556916631758,0.24422304704785347,37.70605195313692,
1688,38.08288788422942,0.2437049988657236,37.73067588917911,
1689,38.02177892066538,0.23406604304909706,37.68390789628029,
1690,38.012780947610736,0.2333379816263914,37.675326224416494,
1691,38.04706991650164,0.23426301777362823,37.707350915297866,
1692,38.06238388642669,0.23353216238319874,37.72417898289859,
1693,37.99493797123432,0.2358339261263609,37.65454306267202,
1694,38.01503195427358,0.233490951359272,37.6776079647243,
1695,38.04658004082739,0.23139710538089275,37.712157936766744,
1696,38.02723903208971,0.2353559248149395,37.68819198012352,
1697,38.038836093619466,0.23277895525097847,37.7016409765929,
1698,38.0329480394721,0.23388792760670185,37.69563022069633,
1699,38.021631771698594,0.23460504598915577,37.68116608262062,
1700,38.07170782238245,0.2348830457776785,37.732888013124466,
1701,38.470376981422305,0.6007500924170017,37.74989699013531,
1702,38.047244073823094,0.2396788913756609,37.70381701178849,
1703,38.02678803913295,0.2399408258497715,37.682902067899704,
1704,38.10551902279258,0.2372879534959793,37.76216902770102,
1705,38.04307617247105,0.23561599664390087,37.70046099089086,
1706,38.08706300333142,0.23575103841722012,37.74806181900203,
1707,38.0774789955467,0.23461505770683289,37.73638792335987,
1708,38.06629404425621,0.23753615096211433,37.72381599992514,
1709,38.09253801591694,0.2368898130953312,37.75031608529389,
1710,38.04125799797475,0.23917388170957565,37.69787005148828,
1711,38.08415308594704,0.23404089733958244,37.7458781003952,
1712,38.100623060017824,0.24545099586248398,37.74572885595262,
1713,38.06974203325808,0.24125189520418644,37.72389912046492,
1714,38.04728388786316,0.24073803797364235,37.70214808173478,
1715,38.089420879259706,0.23805489763617516,37.74152393452823,
1716,38.072187919169664,0.23635197430849075,37.73040696978569,
1717,38.47585991024971,0.5894338246434927,37.76194108650088,
1718,38.08507905341685,0.24094898253679276,37.7380670979619,
1719,38.07956399396062,0.23780809715390205,37.737554870545864,
1720,38.09850290417671,0.24048704653978348,37.750577088445425,
1721,38.089049980044365,0.24030893109738827,37.74025593884289,
1722,38.07717305608094,0.23919017985463142,37.73238998837769,
1723,38.0591731518507,0.23369397968053818,37.71889815106988,
1724,38.07201492600143,0.239585991948843,37.72791102528572,
1725,38.064415100961924,0.2336469478905201,37.727852119132876,
1726,38.04304893128574,0.23592193610966206,37.70398907363415,
1727,38.0727699957788,0.2376700285822153,37.73065796121955,
1728,38.055424112826586,0.2362527884542942,37.71542804315686,
1729,38.14385295845568,0.23312680423259735,37.80649718828499,
1730,38.10947900637984,0.2386269625276327,37.7672859467566,
1731,38.078247802332044,0.24532293900847435,37.72853594273329,
1732,38.0592648871243,0.24188589304685593,37.71257004700601,
1733,38.47912885248661,0.5852659232914448,37.77545201592147,
1734,38.13049290329218,0.24191802367568016,37.78201597742736,
1735,38.045227993279696,0.23828796111047268,37.70254319533706,
1736,38.09498902410269,0.2376281190663576,37.75328490883112,
1737,38.07517606765032,0.23327814415097237,37.73688990622759,
1738,38.09434804134071,0.23827794939279556,37.75095101445913,
1739,38.0793740041554,0.24031009525060654,37.728948052972555,
1740,38.08495891280472,0.24301488883793354,37.728818133473396,
1741,38.086267886683345,0.24282606318593025,37.730277981609106,
1742,38.10267196968198,0.24569104425609112,37.747534923255444,
1743,38.089805049821734,0.2468000166118145,37.73360699415207,
1744,38.10109803453088,0.24652504362165928,37.740911124274135,
1745,38.11379009857774,0.24613505229353905,37.75963094085455,
1746,38.07353088632226,0.2393668983131647,37.72937203757465,
1747,38.06113498285413,0.23929309099912643,37.715871119871736,
1748,38.09686191380024,0.2362669911235571,37.75577596388757,
1749,38.52757206186652,0.6496759597212076,37.76111803017557,
1750,38.04658306762576,0.23754918947815895,37.70484682172537,
1751,38.13461819663644,0.23821205832064152,37.791572976857424,
1752,38.07649784721434,0.23961300030350685,37.73140604607761,
1753,38.082275073975325,0.2369270659983158,37.740177009254694,
1754,38.14451303333044,0.2427259460091591,37.79467404820025,
1755,38.115974981337786,0.2417128998786211,37.76553412899375,
1756,38.04949810728431,0.24497788399457932,37.695246981456876,
1757,38.09780115261674,0.24104793556034565,37.75026206858456,
1758,38.110122084617615,0.23815501481294632,37.76596509851515,
1759,38.10542495921254,0.23946305736899376,37.759616039693356,
1760,38.10246312059462,0.2413010224699974,37.75500599294901,
1761,38.10135996900499,0.23862509988248348,37.759368075057864,
1762,38.143579848110676,0.23815478198230267,37.798423087224364,
1763,38.091115886345506,0.2432810142636299,37.74369414895773,
1764,38.0999930202961,0.24512503296136856,37.751497933641076,
1765,38.53036114014685,0.6391578353941441,37.771779112517834,
1766,38.113204995170236,0.24213595315814018,37.764115957543254,
1767,38.101594895124435,0.2386230044066906,37.75669285096228,
1768,38.11288997530937,0.2420651726424694,37.76560188271105,
1769,38.06748194620013,0.24448009207844734,37.71776403300464,
1770,38.12568192370236,0.2432770561426878,37.776550045236945,
1771,38.06329192593694,0.23843906819820404,37.7203868702054,
1772,38.07389107532799,0.23852218873798847,37.72970987483859,
1773,38.07882685214281,0.23522390983998775,37.740131141617894,
1774,38.08494610711932,0.23605301976203918,37.7439318690449,
1775,38.100723875686526,0.2383100800216198,37.758447928354144,
1776,38.07280515320599,0.2391049638390541,37.72798692807555,
1777,38.096484960988164,0.23667397908866405,37.7551531419158,
1778,38.071271032094955,0.2407529391348362,37.7251380123198,
1779,38.071211194619536,0.2409371081739664,37.72442392073572,
1780,38.13779493793845,0.24139904417097569,37.78732684440911,
1781,38.50845992565155,0.6307929288595915,37.756015080958605,
1782,38.123780163004994,0.24052499793469906,37.778584053739905,
1783,38.11906208284199,0.23533101193606853,37.77950187213719,
1784,38.08218287304044,0.24569989182054996,37.7297131344676,
1785,38.115507923066616,0.24186307564377785,37.768623093143106,
1786,38.059342885389924,0.24101207964122295,37.710280856117606,
1787,38.109846180304885,0.2376160118728876,37.74854796938598,
1788,38.11164712533355,0.2461171243339777,37.75302995927632,
1789,38.081628968939185,0.23782206699252129,37.738539976999164,
1790,38.06304489262402,0.23546302691102028,37.722647888585925,
1791,38.059265119954944,0.23357407189905643,37.720441119745374,
1792,38.09225303120911,0.24130684323608875,37.74593910202384,
1793,38.08774403296411,0.23521389812231064,37.74746716953814,
1794,38.09689613990486,0.23800996132194996,37.754601100459695,
1795,38.082217099145055,0.2412681933492422,37.736797938123345,
1796,38.10522798448801,0.2419350203126669,37.75953291915357,
1797,38.51289604790509,0.6261840462684631,37.764333887025714,
1798,38.08493283577263,0.2395249903202057,37.740570958703756,
1799,38.12742605805397,0.23865094408392906,37.785379914566875,
1800,38.11074490658939,0.23801811039447784,37.76755300350487,
1801,38.130906876176596,0.24352315813302994,37.779178004711866,
1802,38.13468595035374,0.239094952121377,37.785341031849384,
1803,38.08694705367088,0.24025794118642807,37.74178004823625,
1804,38.095030933618546,0.2386230044066906,37.752028089016676,
1805,38.10340701602399,0.23529399186372757,37.76255901902914,
1806,38.16050011664629,0.23922906257212162,37.815002957358956,
1807,38.11810980550945,0.23826491087675095,37.7739870455116,
1808,38.13384007662535,0.23966003209352493,37.78819600120187,
1809,38.103240076452494,0.24490314535796642,37.75366395711899,
1810,38.15893176943064,0.24785310961306095,37.805772852152586,
1811,38.08107506483793,0.235237879678607,37.73876000195742,
1812,38.12565794214606,0.23858901113271713,37.78058011084795,
1813,38.55921886861324,0.628132838755846,37.81490004621446,
1814,38.15782512538135,0.24437415413558483,37.805199855938554,
1815,38.10864710249007,0.23919506929814816,37.766098976135254,
1816,38.12743700109422,0.23838109336793423,37.785364082083106,
1817,38.113882998004556,0.23559993132948875,37.77424804866314,
1818,38.092076079919934,0.23661693558096886,37.7518420573324,
1819,38.09646284207702,0.23679109290242195,37.754890974611044,
1820,38.11455797404051,0.23682881146669388,37.773346062749624,
1821,38.129020947963,0.24200789630413055,37.78259712271392,
1822,38.11874287202954,0.2451969776302576,37.76793507859111,
1823,38.09283999726176,0.23914105258882046,37.7497598528862,
1824,38.08312118053436,0.2408761065453291,37.73729293607175,
1825,38.07041305117309,0.23672194220125675,37.728849099949,
1826,38.1168220192194,0.23770402185618877,37.77369693852961,
1827,38.13235484994948,0.23986399173736572,37.78619202785194,
1828,38.10839308425784,0.23809494450688362,37.76442096568644,
1829,38.54745114222169,0.6282159592956305,37.80329995788634,
1830,38.15192892216146,0.24362909607589245,37.80102194286883,
1831,38.10395207256079,0.23822695948183537,37.760057020932436,
1832,38.12773711979389,0.24046795442700386,37.78294404037297,
1833,38.08260592631996,0.23910007439553738,37.73887292481959,
1834,38.15195499919355,0.241945032030344,37.8055339679122,
1835,38.10505592264235,0.2486740704625845,37.74673002772033,
1836,38.13366685062647,0.24331500753760338,37.78432100079954,
1837,38.14039193093777,0.2400791272521019,37.79036784544587,
1838,38.1580819375813,0.2416518982499838,37.80922503210604,
1839,38.14750909805298,0.24034595116972923,37.800928112119436,
1840,38.12948800623417,0.23994804359972477,37.78316103853285,
1841,38.13321911729872,0.24645309895277023,37.78012585826218,
1842,38.11252606101334,0.24521397426724434,37.75582415983081,
1843,38.12173311598599,0.23982301354408264,37.77450998313725,
1844,38.11771492473781,0.23884885013103485,37.76856209151447,
1845,38.59781101346016,0.6462531164288521,37.83314395695925,
1846,38.153721019625664,0.2503900323063135,37.79407707042992,
1847,38.13394298776984,0.24450593627989292,37.781417137011886,
1848,38.113858085125685,0.24172291159629822,37.76765102520585,
1849,38.157396018505096,0.24217600002884865,37.81005600467324,
1850,38.131668930873275,0.2419601660221815,37.78351587243378,
1851,38.15492684952915,0.24066097103059292,37.808178924024105,
1852,38.13858702778816,0.2436561044305563,37.78858995065093,
1853,38.15751802176237,0.24499394930899143,37.804999854415655,
1854,38.13665104098618,0.24111196398735046,37.78303600847721,
1855,38.13515091314912,0.24620606563985348,37.77849301695824,
1856,38.16852509044111,0.2482959534972906,37.80834097415209,
1857,38.157834904268384,0.24716905318200588,37.798952078446746,
1858,38.15982397645712,0.25975797325372696,37.79395995661616,
1859,38.11215190216899,0.25349901989102364,37.75019617751241,
1860,38.12978114001453,0.24569104425609112,37.776328856125474,
1861,38.56094111688435,0.6586320232599974,37.78424486517906,
1862,38.15621603280306,0.24391291663050652,37.802728125825524,
1863,38.10136509127915,0.24639395996928215,37.74767299182713,
1864,38.13785617239773,0.24961121380329132,37.779616890475154,
1865,38.077027071267366,0.23941905237734318,37.731644930318,
1866,38.10614603571594,0.24043908342719078,37.76129987090826,
1867,38.137714145705104,0.23831799626350403,37.792927119880915,
1868,38.14372490160167,0.23950706236064434,37.798641016706824,
1869,38.1479028146714,0.23904512636363506,37.806808948516846,
1870,38.15582301467657,0.24168496020138264,37.808784982189536,
1871,38.15412917174399,0.24658581241965294,37.80056908726692,
1872,38.15867193043232,0.24048984050750732,37.81350306235254,
1873,38.11576100997627,0.24523003958165646,37.766281981021166,
1874,38.11961808241904,0.24206913076341152,37.77148202061653,
1875,38.12952898442745,0.24169799871742725,37.77914703823626,
1876,38.09759812429547,0.24212105199694633,37.74582897312939,
1877,38.649896858260036,0.6932439282536507,37.83039189875126,
1878,38.13746105879545,0.2567409537732601,37.771565141156316,
1879,38.152588065713644,0.24348590523004532,37.802937207743526,
1880,38.17594121210277,0.24290895089507103,37.8275231923908,
1881,38.170787040144205,0.24950504302978516,37.81273099593818,
1882,38.181843934580684,0.24198507890105247,37.83488995395601,
1883,38.13955094665289,0.2391489688307047,37.79385704547167,
1884,38.133562076836824,0.2422661054879427,37.78555593453348,
1885,38.17926486954093,0.2397429198026657,37.8348701633513,
1886,38.14740013331175,0.23955712094902992,37.802384002134204,
1887,38.132079876959324,0.24392898194491863,37.78223390690982,
1888,38.16247498616576,0.24412106722593307,37.808811059221625,
1889,38.17120403982699,0.24280091747641563,37.81525115482509,
1890,38.193375105038285,0.2588881179690361,37.82386099919677,
1891,38.15162694081664,0.25089504197239876,37.78958390466869,
1892,38.15881488844752,0.24905195459723473,37.80087782070041,
1893,38.65309106186032,0.662259990349412,37.86835796199739,
1894,38.17528602667153,0.25073206052184105,37.806901847943664,
1895,38.18807704374194,0.26070792227983475,37.81810007058084,
1896,38.17764390259981,0.25559403002262115,37.813662085682154,
1897,38.170602172613144,0.248295022174716,37.81403601169586,
1898,38.17351092584431,0.2476091030985117,37.81798109412193,
1899,38.1719209253788,0.24726195260882378,37.81590610742569,
1900,38.14378520473838,0.24522305466234684,37.79262606985867,
1901,38.14611095003784,0.2472370397299528,37.794444942846894,
1902,38.16554509103298,0.24850410409271717,37.80601196922362,
1903,38.16372808068991,0.24015200324356556,37.8181969281286,
1904,38.15907891839743,0.2402269747108221,37.81250515021384,
1905,38.15117781050503,0.23871706798672676,37.80305595137179,
1906,38.17174001596868,0.24609314277768135,37.81601507216692,
1907,38.206796860322356,0.25204382836818695,37.848832085728645,
1908,38.154806941747665,0.24927593767642975,37.80104615725577,
1909,38.62419002689421,0.6517721340060234,37.854526890441775,
1910,38.19410293363035,0.25228015147149563,37.83510695211589,
1911,38.13707106746733,0.24590082466602325,37.78700507245958,
1912,38.15724607557058,0.24244887754321098,37.80943411402404,
1913,38.157794857397676,0.238488195464015,37.81543578952551,
1914,38.18130912259221,0.24031614884734154,37.83602500334382,
1915,38.14611490815878,0.23637106642127037,37.80584596097469,
1916,38.16523216664791,0.24652783758938313,37.81259199604392,
1917,38.1724510807544,0.2430251333862543,37.82344004139304,
1918,38.159751100465655,0.24232990108430386,37.812487222254276,
1919,38.142481818795204,0.23968913592398167,37.79907408170402,
1920,38.17330813035369,0.2389359287917614,37.82842797227204,
1921,38.19326893426478,0.23892312310636044,37.851310800760984,
1922,38.17145503126085,0.24608196690678596,37.82032011076808,
1923,38.19071198813617,0.2399887889623642,37.84675803035498,
1924,38.19021605886519,0.23923907428979874,37.845133105292916,
1925,38.62880100496113,0.6629310082644224,37.84312796778977,
1926,38.16696791909635,0.2451480831950903,37.81680203974247,
1927,38.17804018035531,0.24272617883980274,37.83012996427715,
1928,38.201455026865005,0.24035689420998096,37.8568961750716,
1929,38.17091300152242,0.23802113719284534,37.8293888643384,
1930,38.1658379919827,0.24880887940526009,37.812693044543266,
1931,38.21340180002153,0.24465098977088928,37.8638650290668,
1932,38.14081009477377,0.24128309451043606,37.79521398246288,
1933,38.148385006934404,0.238718930631876,37.80564200133085,
1934,38.16392598673701,0.241186935454607,37.81643696129322,
1935,38.15496410243213,0.2362639643251896,37.814076989889145,
1936,38.17378799431026,0.24543306790292263,37.82465402036905,
1937,38.137324852868915,0.24218508042395115,37.79110312461853,
1938,38.1525419652462,0.23929798044264317,37.808647844940424,
1939,38.18684606812894,0.23856619372963905,37.842454854398966,
1940,38.15422905609012,0.23886887356638908,37.811630172654986,
1941,38.60527300275862,0.6229148712009192,37.86540916189551,
1942,38.197483867406845,0.24231593124568462,37.85027004778385,
1943,38.21981605142355,0.23843301460146904,37.871030159294605,
1944,38.19806105457246,0.24159299209713936,37.85103606060147,
1945,38.21247606538236,0.24505099281668663,37.8616179805249,
1946,38.16340095363557,0.24062185548245907,37.816931027919054,
1947,38.18350099027157,0.24077598936855793,37.83891489729285,
1948,38.16148592159152,0.23790495470166206,37.81848703511059,
1949,38.143540965393186,0.2382949460297823,37.79977094382048,
1950,38.171528838574886,0.24839001707732677,37.81898599117994,
1951,38.189563900232315,0.2456179354339838,37.838045973330736,
1952,38.1721209269017,0.2375999465584755,37.82930411398411,
1953,38.17682503722608,0.23776083253324032,37.833229172974825,
1954,38.23060914874077,0.24308194406330585,37.88272198289633,
1955,38.1528208963573,0.24520419538021088,37.802733946591616,
1956,38.1748559884727,0.2462610136717558,37.8191580530256,
1957,38.595918798819184,0.6306529976427555,37.84895013086498,
1958,38.20072906091809,0.24594319984316826,37.84919180907309,
1959,38.19431597366929,0.24539697915315628,37.84392308443785,
1960,38.20592607371509,0.24300813674926758,37.85821096971631,
1961,38.180003175511956,0.24130195379257202,37.8339949529618,
1962,38.19618886336684,0.24184491485357285,37.85129403695464,
1963,38.19424915127456,0.23962883278727531,37.84861508756876,
1964,38.19759492762387,0.24082022719085217,37.850432796403766,
1965,38.16929296590388,0.24031009525060654,37.823814898729324,
1966,38.1894011516124,0.2436449285596609,37.84153307788074,
1967,38.15307002514601,0.23927702568471432,37.809591041877866,
1968,38.18709193728864,0.24004187434911728,37.84075612202287,
1969,38.166532991454005,0.245311064645648,37.81421994790435,
1970,38.189978105947375,0.24121301248669624,37.84003504551947,
1971,38.17661618813872,0.24094898253679276,37.83132997341454,
1972,38.153043016791344,0.24113408289849758,37.8029050771147,
1973,38.627359084784985,0.6467611528933048,37.860113894566894,
1974,38.19294995628297,0.24532200768589973,37.84205880947411,
1975,38.19603519514203,0.24071196094155312,37.84930403344333,
1976,38.17817894741893,0.24162698537111282,37.83104894682765,
1977,38.19723892956972,0.24747499264776707,37.84543718211353,
1978,38.15506910905242,0.2440239768475294,37.8064529504627,
1979,38.16602914594114,0.23952918127179146,37.822318030521274,
1980,38.197910180315375,0.23854500614106655,37.85412199795246,
1981,38.20608393289149,0.24089007638394833,37.86010202020407,
1982,38.22782589122653,0.24030101485550404,37.88302908651531,
1983,38.212230894714594,0.24566403590142727,37.862170021981,
1984,38.18784700706601,0.24160603061318398,37.841445999220014,
1985,38.188213016837835,0.24144095368683338,37.842523073777556,
1986,38.21514011360705,0.24054711684584618,37.86789393052459,
1987,38.21057686582208,0.24458603002130985,37.85639186389744,
1988,38.14916801638901,0.24035992100834846,37.804021034389734,
1989,38.60805300064385,0.6298820953816175,37.86152391694486,
1990,38.23041985742748,0.2508629113435745,37.869809195399284,
1991,38.173377979546785,0.24219206534326077,37.82675904221833,
1992,38.17764110863209,0.24228496477007866,37.83080913126469,
1993,38.148504914715886,0.23999111726880074,37.802192848175764,
1994,38.17566414363682,0.2424679696559906,37.827936001122,
1995,38.20958500728011,0.2370099537074566,37.866386119276285,
1996,38.176578003913164,0.24495203979313374,37.82648197375238,
1997,38.176551926881075,0.24367193691432476,37.82759886234999,
1998,38.189216051250696,0.24472596123814583,37.83977800048888,
1999,38.190318970009685,0.24142605252563953,37.84248302690685,
2000,38.181952899321914,0.24588382802903652,37.82928618602455,
2001,38.21049304679036,0.24297996424138546,37.85941703245044,
2002,38.178828079253435,0.24378090165555477,37.82940818928182,
2003,38.17081986926496,0.24162698537111282,37.82313806004822,
2004,38.173602893948555,0.23946003057062626,37.82968479208648,
2005,38.64193893969059,0.6341601256281137,37.8906240221113,
2006,38.16680610179901,0.24693505838513374,37.81594103202224,
2007,38.19639305584133,0.2409180160611868,37.85347891971469,
2008,38.20226597599685,0.2398889046162367,37.85735508427024,
2009,38.22157182730734,0.2452500630170107,37.87121991626918,
2010,38.20574306882918,0.24009798653423786,37.85565192811191,
2011,38.24051795527339,0.24235784076154232,37.894252222031355,
2012,38.21284091100097,0.2401059027761221,37.86744503304362,
2013,38.19534205831587,0.24379906244575977,37.847168976441026,
2014,38.22242608293891,0.24681701324880123,37.87178616039455,
2015,38.20591210387647,0.2418931107968092,37.845231825485826,
2016,38.203592877835035,0.24543399922549725,37.84744022414088,
2017,38.20194792933762,0.24276203475892544,37.85489313304424,
2018,38.240554044023156,0.2477089874446392,37.88296785205603,
2019,38.13859494403005,0.24101603776216507,37.79324097558856,
2020,38.19341491907835,0.24059717543423176,37.848229985684156,
2021,38.64929988048971,0.6180647760629654,37.911648163571954,
2022,38.19953603670001,0.2441531978547573,37.849441869184375,
2023,38.23205106891692,0.24100788868963718,37.88571199402213,
2024,38.210924016311765,0.24481303989887238,37.85735601559281,
2025,38.20640896447003,0.25100097991526127,37.8509818110615,
2026,38.225789088755846,0.2475818619132042,37.87324717268348,
2027,38.20698312483728,0.2418309450149536,37.86049596965313,
2028,38.23710000142455,0.24348893202841282,37.88861003704369,
2029,38.20173302665353,0.24261511862277985,37.854577880352736,
2030,38.2388171274215,0.2457259688526392,37.88949898444116,
2031,38.235672982409596,0.24349195882678032,37.887435872107744,
2032,38.19918306544423,0.24012895300984383,37.8545590210706,
2033,38.191227009519935,0.24214410223066807,37.844290025532246,
2034,38.22917607612908,0.24615204893052578,37.87534008733928,
2035,38.22445892728865,0.24234806187450886,37.87219594232738,
2036,38.21703512221575,0.2411298919469118,37.872886983677745,
2037,38.67254196666181,0.6620630156248808,37.88559208624065,
2038,38.2517131511122,0.25992514565587044,37.88607893511653,
2039,38.22587779723108,0.2437999937683344,37.877510068938136,
2040,38.203848991543055,0.24296995252370834,37.85582911223173,
2041,38.20082312449813,0.24621584452688694,37.84461016766727,
2042,38.23613794520497,0.24173082783818245,37.89016301743686,
2043,38.20169088430703,0.2422700636088848,37.854303838685155,
2044,38.19650015793741,0.24379882961511612,37.8471661824733,
2045,38.22798794135451,0.24297088384628296,37.88052103482187,
2046,38.20170718245208,0.2454800996929407,37.852945970371366,
2047,38.200508104637265,0.240459106862545,37.855756003409624,
2048,38.20434585213661,0.2401759847998619,37.859629141166806,
2049,38.19552413187921,0.24154107086360455,37.849128944799304,
2050,38.18304487504065,0.24971691891551018,37.828964879736304,
2051,38.234998006373644,0.24502002634108067,37.88595297373831,
2052,38.197260117158294,0.24515297263860703,37.84638410434127,
2053,38.632528856396675,0.6233728490769863,37.88793901912868,
2054,38.23469486087561,0.24669291451573372,37.882322911173105,
2055,38.18430192768574,0.2428470179438591,37.83737705089152,
2056,38.250247947871685,0.24629407562315464,37.90003387257457,
2057,38.25807315297425,0.24349987506866455,37.910067941993475,
2058,38.21282391436398,0.24728686548769474,37.86080004647374,
2059,38.24311192147434,0.24086819030344486,37.89727296680212,
2060,38.28247101046145,0.24516694247722626,37.93202107772231,
2061,38.24754594825208,0.2420889213681221,37.90049208328128,
2062,38.23891491629183,0.24400604888796806,37.88781980983913,
2063,38.23092393577099,0.23901509121060371,37.889578845351934,
2064,38.22571597993374,0.2418910153210163,37.87899995222688,
2065,38.21000992320478,0.2386739943176508,37.86523710004985,
2066,38.269054144620895,0.24568196386098862,37.917640060186386,
2067,38.228407967835665,0.24071289226412773,37.88099205121398,
2068,38.26897591352463,0.24189497344195843,37.922740913927555,
2069,38.64392684772611,0.641227001324296,37.88435296155512,
2070,38.258032873272896,0.2485120203346014,37.90660481899977,
2071,38.212683983147144,0.24267612025141716,37.864519050344825,
2072,38.25258696451783,0.24815695360302925,37.89980197325349,
2073,38.24179107323289,0.24438812397420406,37.89209690876305,
2074,38.24618202634156,0.24106795899569988,37.89930511265993,
2075,38.238855078816414,0.24113408289849758,37.89325291290879,
2076,38.270162884145975,0.2493029460310936,37.9164379555732,
2077,38.265864131972194,0.2426870632916689,37.91722212918103,
2078,38.244331954047084,0.2430449239909649,37.89723594672978,
2079,38.24165603145957,0.24382397532463074,37.89024008437991,
2080,38.23675005696714,0.24740700609982014,37.88431012071669,
2081,38.21191401220858,0.24137995205819607,37.864261073991656,
2082,38.2451550103724,0.2424048725515604,37.89817518554628,
2083,38.26709394343197,0.24431804195046425,37.917681969702244,
2084,38.23339892551303,0.24827104061841965,37.88025304675102,
2085,38.70769194327295,0.6442030426114798,37.94666496105492,
2086,38.271018071100116,0.2533311489969492,37.91273897513747,
2087,38.180819945409894,0.2469599712640047,37.82988106831908,
2088,38.26818987727165,0.24255993776023388,37.91788313537836,
2089,38.21195987984538,0.24455715902149677,37.862632889300585,
2090,38.237771950662136,0.2524459268897772,37.878016009926796,
2091,38.244273979216814,0.24268892593681812,37.89867297746241,
2092,38.25621004216373,0.24320697411894798,37.9093789961189,
2093,38.25854207389057,0.24135294370353222,37.91290707886219,
2094,38.281760876998305,0.24718395434319973,37.93000499717891,
2095,38.1993418559432,0.24288706481456757,37.853235844522715,
2096,38.266343995928764,0.2447699662297964,37.916401168331504,
2097,38.23102195747197,0.24354294873774052,37.88261511363089,
2098,38.22163701988757,0.253140926361084,37.86293417215347,
2099,38.256915053352714,0.24565286003053188,37.906038109213114,
2100,38.20184082724154,0.24221697822213173,37.85648196935654,
2101,38.67188189178705,0.6502131000161171,37.90579084306955,
2102,38.27852802351117,0.247294083237648,37.92654094286263,
2103,38.28555601648986,0.24467194452881813,37.936697946861386,
2104,38.272619945928454,0.25225989520549774,37.913547130301595,
2105,38.2459950633347,0.24378695525228977,37.89818496443331,
2106,38.226451026275754,0.23955502547323704,37.881031865254045,
2107,38.25542679987848,0.24363212287425995,37.90676803328097,
2108,38.23980409651995,0.2520869020372629,37.882253993302584,
2109,38.273048819974065,0.2411350142210722,37.92832302860916,
2110,38.218452828004956,0.24448102340102196,37.87088114768267,
2111,38.21329795755446,0.2368760760873556,37.872837856411934,
2112,38.213212974369526,0.2517008688300848,37.85743308253586,
2113,38.271863013505936,0.24554692208766937,37.91733016259968,
2114,38.24101807549596,0.24187099188566208,37.89359610527754,
2115,38.23273489251733,0.24104700423777103,37.8876228351146,
2116,38.247955963015556,0.24708406999707222,37.89376001805067,
2117,38.68732205592096,0.6342611741274595,37.93901787139475,
2118,38.30603905953467,0.2456719521433115,37.95355698093772,
2119,38.23858010582626,0.24430197663605213,37.89013298228383,
2120,38.240971975028515,0.24558301083743572,37.89132600650191,
2121,38.267923053354025,0.2435450442135334,37.91779791936278,
2122,38.25885895639658,0.24917209520936012,37.90456801652908,
2123,38.24170702137053,0.24320697411894798,37.89529204368591,
2124,38.23538916185498,0.24045677855610847,37.89153601974249,
2125,38.27951196581125,0.245765782892704,37.92802803218365,
2126,38.261385168880224,0.24933507665991783,37.90736407972872,
2127,38.23137213476002,0.24612899869680405,37.880281917750835,
2128,38.259509950876236,0.2438540104776621,37.911002058535814,
2129,38.24932291172445,0.24144095368683338,37.902955897152424,
2130,38.24186301790178,0.24718092754483223,37.8915430046618,
2131,38.2793250028044,0.24063698947429657,37.92806412093341,
2132,38.25881704688072,0.2479790709912777,37.9057910759002,
2133,38.69205806404352,0.6444279570132494,37.930033868178725,
2134,38.266626885160804,0.2505260054022074,37.911121966317296,
2135,38.259625900536776,0.24242396466434002,37.91288798674941,
2136,38.25042909011245,0.24818303063511848,37.89682989008725,
2137,38.252478931099176,0.24233502335846424,37.9054001532495,
2138,38.25914696790278,0.24249497801065445,37.91107493452728,
2139,38.28710410743952,0.24513714015483856,37.936444859951735,
2140,38.26261800713837,0.24928408674895763,37.90852893143892,
2141,38.273717975243926,0.2440649550408125,37.924121832475066,
2142,38.26009901240468,0.24131801910698414,37.91385795921087,
2143,38.29511092044413,0.2464780118316412,37.94143791310489,
2144,38.27542904764414,0.24774600751698017,37.92252205312252,
2145,38.27588399872184,0.24357996881008148,37.929253885522485,
2146,38.26864901930094,0.24425587616860867,37.9200701136142,
2147,38.25847990810871,0.2473259810358286,37.90744114667177,
2148,38.27149095013738,0.24239998310804367,37.92402986437082,
2149,38.68929296731949,0.6298411171883345,37.944849813356996,
2150,38.283278001472354,0.24934997782111168,37.929209880530834,
2151,38.265525130555034,0.24086912162601948,37.91947290301323,
2152,38.25003397651017,0.24700514040887356,37.89839893579483,
2153,38.23519591242075,0.2486382145434618,37.881096825003624,
2154,38.25459792278707,0.24533201940357685,37.9038501996547,
2155,38.28627499751747,0.24312501773238182,37.93755988590419,
2156,38.29328599385917,0.25292113423347473,37.933525862172246,
2157,38.263291120529175,0.24346308782696724,37.913612090051174,
2158,38.270271848887205,0.2478568349033594,37.913289153948426,
2159,38.28636207617819,0.24521094746887684,37.93487185612321,
2160,38.238470209762454,0.251655001193285,37.88253106176853,
2161,38.29040587879717,0.2419021911919117,37.94417600147426,
2162,38.258877117186785,0.24034781381487846,37.9138442222029,
2163,38.268574979156256,0.2417729701846838,37.92133880779147,
2164,38.26736588962376,0.24008401669561863,37.923279916867614,
2165,38.708481937646866,0.6228168494999409,37.96950005926192,
2166,38.28184003941715,0.2463250420987606,37.92603290639818,
2167,38.26149390079081,0.24623796343803406,37.90997597388923,
2168,38.31810504198074,0.24280697107315063,37.97096898779273,
2169,38.28004701063037,0.2487259916961193,37.92870487086475,
2170,38.28862891532481,0.24431990459561348,37.9406800493598,
2171,38.303697016090155,0.23994804359972477,37.960421992465854,
2172,38.274564081802964,0.2490258775651455,37.921453127637506,
2173,38.28324610367417,0.23906794376671314,37.941663060337305,
2174,38.289392134174705,0.24072895757853985,37.94430801644921,
2175,38.27347094193101,0.24088192731142044,37.92757191695273,
2176,38.2245909422636,0.25034183636307716,37.868580082431436,
2177,38.31924591213465,0.24116598069667816,37.97280811704695,
2178,38.296205922961235,0.24184398353099823,37.949583027511835,
2179,38.32025011070073,0.24708709679543972,37.969192024320364,
2180,38.29710395075381,0.24722912348806858,37.94591990299523,
2181,38.683987921103835,0.6397329270839691,37.92609693482518,
2182,38.249801844358444,0.24929014034569263,37.896709982305765,
2183,38.2808109279722,0.24565588682889938,37.930699065327644,
2184,38.31628989428282,0.24544703774154186,37.96611703000963,
2185,38.282438879832625,0.24927803315222263,37.9265199881047,
2186,38.3152209687978,0.24502701126039028,37.96415193937719,
2187,38.28928107395768,0.24778302758932114,37.936801090836525,
2188,38.28838188201189,0.25244918651878834,37.93124994263053,
2189,38.262883899733424,0.24418486282229424,37.91342303156853,
2190,38.369185058400035,0.24471012875437737,38.020408945158124,
2191,38.29072997905314,0.250119948759675,37.93604695238173,
2192,38.23473211377859,0.2426360733807087,37.886346923187375,
2193,38.2817171048373,0.2434011548757553,37.93285088613629,
2194,38.27362391166389,0.24242280051112175,37.9264981020242,
2195,38.26847905293107,0.2514959778636694,37.911922903731465,
2196,38.29601081088185,0.24532992392778397,37.947657983750105,
2197,38.731949869543314,0.6710370071232319,37.945501040667295,
2198,38.30071818083525,0.252637080848217,37.94187307357788,
2199,38.31472806632519,0.2468510065227747,37.96334215439856,
2200,38.30910101532936,0.2560000866651535,37.948465906083584,
2201,38.29828300513327,0.24820794351398945,37.93992102146149,
2202,38.26651512645185,0.24219509214162827,37.91885310783982,
2203,38.26467506587505,0.2469029277563095,37.91003907099366,
2204,38.33221783861518,0.24603097699582577,37.981946021318436,
2205,38.32303988747299,0.24137203581631184,37.977412110194564,
2206,38.3204729296267,0.24267984554171562,37.971012061461806,
2207,38.310292875394225,0.2433678600937128,37.96229907311499,
2208,38.270034827291965,0.24490104988217354,37.920494796708226,
2209,38.293875055387616,0.2434279303997755,37.946416065096855,
2210,38.31984684802592,0.2479709219187498,37.96629887074232,
2211,38.292367942631245,0.24373596534132957,37.94402605853975,
2212,38.32097188569605,0.24363701231777668,37.97323303297162,
2213,38.74928504228592,0.6643040105700493,37.969740107655525,
2214,38.32038398832083,0.2473450731486082,37.970739882439375,
2215,38.244929164648056,0.2516000531613827,37.887446815147996,
2216,38.23895496316254,0.24597602896392345,37.888356018811464,
2217,38.282405119389296,0.24515087716281414,37.931087194010615,
2218,38.307189010083675,0.24531502276659012,37.95712790451944,
2219,38.30006089992821,0.24513714015483856,37.94863191433251,
2220,38.29430299811065,0.2439988311380148,37.94335899874568,
2221,38.316241931170225,0.24680700153112411,37.96191397123039,
2222,38.28974114730954,0.25203684344887733,37.93258615769446,
2223,38.27939019538462,0.2465380821377039,37.928292993456125,
2224,38.298798026517034,0.2412758767604828,37.95375605113804,
2225,38.27643091790378,0.24865916930139065,37.92477399110794,
2226,38.29459403641522,0.24765590205788612,37.94215805828571,
2227,38.29074511304498,0.2434940543025732,37.94382093474269,
2228,38.31819607876241,0.24965498596429825,37.962185917422175,
2229,38.73200621455908,0.6540489848703146,37.96188207343221,
2230,38.34880795329809,0.2549411728978157,37.987192859873176,
2231,38.3272219914943,0.2456200309097767,37.977537140250206,
2232,38.31449896097183,0.2423201221972704,37.967846961691976,
2233,38.339878898113966,0.2536759711802006,37.98044612631202,
2234,38.27715595252812,0.24131196551024914,37.93291421607137,
2235,38.33750216290355,0.24126097559928894,37.98889718018472,
2236,38.33250002935529,0.24926895275712013,37.97914297319949,
2237,38.32496213726699,0.24411804042756557,37.97646006569266,
2238,38.29451906494796,0.24155108258128166,37.94750990346074,
2239,38.310463074594736,0.24962588213384151,37.95181307941675,
2240,38.30796480178833,0.24783308617770672,37.95495396479964,
2241,38.279975997284055,0.24586496874690056,37.9284480586648,
2242,38.35087199695408,0.2451390027999878,37.994947051629424,
2243,38.3121760096401,0.24797581136226654,37.96009300276637,
2244,38.32263988442719,0.2422761172056198,37.97640185803175,
2245,38.72485505416989,0.6324830465018749,37.976440973579884,
2246,38.300754968076944,0.24855812080204487,37.94735693372786,
2247,38.290634052827954,0.24516507983207703,37.93519292958081,
2248,38.31684100441635,0.24458603002130985,37.96712588518858,
2249,38.328625028952956,0.24457997642457485,37.97684796154499,
2250,38.37010893039405,0.24302583187818527,38.0257130600512,
2251,38.33660506643355,0.24482212029397488,37.98702405765653,
2252,38.314901990816,0.24359719827771187,37.969195982441306,
2253,38.294514175504446,0.24121301248669624,37.94631012715399,
2254,38.30737411044538,0.25109387934207916,37.9507290199399,
2255,38.310478208586574,0.2446579746901989,37.959830136969686,
2256,38.32436609081924,0.24458603002130985,37.97498904168606,
2257,38.31346286460757,0.2440391108393669,37.962134927511215,
2258,38.29213394783437,0.24208193644881248,37.94628498144448,
2259,38.30049489624798,0.24217902682721615,37.95472299680114,
2260,38.2878459058702,0.2483949065208435,37.93483297340572,
2261,38.73179410584271,0.6109550595283508,38.005789974704385,
2262,38.3423650637269,0.24924194440245628,37.989379139617085,
2263,38.34880399517715,0.24502701126039028,37.998395040631294,
2264,38.34381583146751,0.24733692407608032,37.991362158209085,
2265,38.32444199360907,0.24939002469182014,37.96970983967185,
2266,38.33081014454365,0.24743098765611649,37.97669499181211,
2267,38.353545824065804,0.24693901650607586,37.99496591091156,
2268,38.3236079942435,0.2469080500304699,37.970406003296375,
2269,38.32839312963188,0.24710595607757568,37.97370195388794,
2270,38.33221481181681,0.24577602744102478,37.97364607453346,
2271,38.37364702485502,0.24924403987824917,37.98809996806085,
2272,38.34236483089626,0.2566708717495203,37.97580115497112,
2273,38.37156295776367,0.25549391284585,38.01167104393244,
2274,38.298917934298515,0.24761981330811977,37.94562304392457,
2275,38.3310669567436,0.24573109112679958,37.97867405228317,
2276,38.294156081974506,0.2538100816309452,37.93337708339095,
2277,38.81689812988043,0.6641959771513939,38.0348670296371,
2278,38.36929891258478,0.26057008653879166,38.00313198007643,
2279,38.33251981996,0.2491020131856203,37.977193016558886,
2280,38.32948999479413,0.2508480101823807,37.97424491494894,
2281,38.279886124655604,0.24945498444139957,37.92558214627206,
2282,38.316294085234404,0.24374108761548996,37.96670492738485,
2283,38.343194872140884,0.24467497132718563,37.9939500708133,
2284,38.314717123284936,0.24956907145678997,37.959455978125334,
2285,38.350800052285194,0.2449920866638422,38.00023510120809,
2286,38.3327379822731,0.2466859295964241,37.98000491224229,
2287,38.34708500653505,0.2500778064131737,37.991606164723635,
2288,38.29187504015863,0.2462039701640606,37.93981205672026,
2289,38.315325044095516,0.24589896202087402,37.96470491215587,
2290,38.303466979414225,0.2500459086149931,37.9487220197916,
2291,38.319317856803536,0.24687591940164566,37.966719130054116,
2292,38.34209102205932,0.2487250603735447,37.9897600505501,
2293,38.75670908018947,0.6632271688431501,37.97764191403985,
2294,38.28514693304896,0.250284094363451,37.931161001324654,
2295,38.317810045555234,0.250489916652441,37.96233399771154,
2296,38.341013016179204,0.24531083181500435,37.99125296063721,
2297,38.35096396505833,0.24716905318200588,37.999096093699336,
2298,38.33457292057574,0.2490570768713951,37.980807945132256,
2299,38.30586397089064,0.24611200205981731,37.95657306909561,
2300,38.375327829271555,0.24420092813670635,38.023600121960044,
2301,38.30742300488055,0.2449250314384699,37.958750035613775,
2302,38.35090110078454,0.24490198120474815,38.00147399306297,
2303,38.347780937328935,0.2480789553374052,37.9868489690125,
2304,38.29485597088933,0.24399184621870518,37.94557601213455,
2305,38.32591907121241,0.24294783361256123,37.979348096996546,
2306,38.30352006480098,0.24245399981737137,37.9562450107187,
2307,38.32172183319926,0.2492519561201334,37.967571057379246,
2308,38.279701955616474,0.24688616394996643,37.92718495242298,
2309,38.74665405601263,0.6361799314618111,37.996519124135375,
2310,38.39563112705946,0.24761795066297054,38.04231993854046,
2311,38.33374194800854,0.2500510308891535,37.97550080344081,
2312,38.35411695763469,0.2488940954208374,38.003142923116684,
2313,38.35433395579457,0.24735694751143456,38.00105000846088,
2314,38.32251694984734,0.25046803057193756,37.967010168358684,
2315,38.369172951206565,0.24564191699028015,38.01843500696123,
2316,38.35227293893695,0.24695810861885548,38.000965025275946,
2317,38.38107502087951,0.25252089835703373,38.02374214865267,
2318,38.33464300259948,0.2484130673110485,37.981357891112566,
2319,38.319447077810764,0.24664495140314102,37.96758106909692,
2320,38.43046398833394,0.2662660554051399,38.05592004209757,
2321,38.33578899502754,0.24585099890828133,37.98717283643782,
2322,38.383302045986056,0.24787802249193192,38.0298460368067,
2323,38.332121912389994,0.24536997079849243,37.9822610411793,
2324,38.325703935697675,0.24553085677325726,37.9772731103003,
2325,38.78453094512224,0.6348730530589819,38.034142926335335,
2326,38.38947904296219,0.24884380400180817,38.03696506656706,
2327,38.34008704870939,0.24860608391463757,37.98739309422672,
2328,38.36733498610556,0.24420488625764847,38.018577033653855,
2329,38.365870947018266,0.24987803772091866,38.00959582440555,
2330,38.38384407572448,0.24868990294635296,38.0300460383296,
2331,38.342490093782544,0.24590897373855114,37.99179405905306,
2332,38.38279889896512,0.2526300959289074,38.02727395668626,
2333,38.32360007800162,0.2445101272314787,37.97416598536074,
2334,38.35891303606331,0.24475413374602795,38.0096968729049,
2335,38.34706894122064,0.2510978374630213,37.9893290810287,
2336,38.35204499773681,0.24910294450819492,37.99829492345452,
2337,38.317963015288115,0.2426400315016508,37.97070379368961,
2338,38.3179581258446,0.25040307082235813,37.963957991451025,
2339,38.32749696448445,0.24626892991364002,37.97725006006658,
2340,38.35039003752172,0.24596997536718845,37.99950913526118,
2341,38.7843381613493,0.6388130132108927,38.031639996916056,
2342,38.36978110484779,0.2500200644135475,38.0110889673233,
2343,38.367254892364144,0.24635391309857368,38.015148136764765,
2344,38.32968603819609,0.2490920014679432,37.975576939061284,
2345,38.37951994501054,0.2496798988431692,38.02593098953366,
2346,38.3643691893667,0.24416297674179077,38.01319794729352,
2347,38.39530795812607,0.24469406343996525,38.0445490591228,
2348,38.35017909295857,0.2544128801673651,37.992379162460566,
2349,38.38464594446123,0.24475599639117718,38.03505189716816,
2350,38.3860741276294,0.24641002528369427,38.03557390347123,
2351,38.35449903272092,0.24398206733167171,38.006162038072944,
2352,38.3399510756135,0.2463341224938631,37.98789484426379,
2353,38.39153307490051,0.25143101811408997,38.03622303530574,
2354,38.32409391179681,0.24374108761548996,37.97473385930061,
2355,38.36621204391122,0.24317298084497452,38.017943035811186,
2356,38.36671286262572,0.24821818806231022,38.01446291618049,
2357,38.81668113172054,0.634749885648489,38.05447416380048,
2358,38.41153718531132,0.2513390500098467,38.05603599175811,
2359,38.36560691706836,0.25254092179238796,38.009487092494965,
2360,38.388952845707536,0.253146979957819,38.031025091186166,
2361,38.38047897443175,0.245196046307683,38.02823298610747,
2362,38.3797490503639,0.2540680579841137,38.01895794458687,
2363,38.35274581797421,0.24783099070191383,38.00223907455802,
2364,38.332612020894885,0.24583516642451286,37.98237000592053,
2365,38.362340070307255,0.25403499603271484,38.00477599725127,
2366,38.328818045556545,0.2484999131411314,37.97551803290844,
2367,38.36321295239031,0.24569593369960785,38.01102307625115,
2368,38.3948280941695,0.2536899410188198,38.034915924072266,
2369,38.36121316999197,0.24599791504442692,38.01010805182159,
2370,38.378078024834394,0.24784286506474018,38.0241721868515,
2371,38.33613800816238,0.2454710192978382,37.98214695416391,
2372,38.36086788214743,0.24813693016767502,38.00772409886122,
2373,38.80240395665169,0.6275428459048271,38.047845009714365,
2374,38.410311099141836,0.2532049547880888,38.05215121246874,
2375,38.35463407449424,0.2531609497964382,37.994339130818844,
2376,38.35535002872348,0.2473208587616682,38.00211916677654,
2377,38.36280503310263,0.24545611813664436,38.00796787254512,
2378,38.371621165424585,0.2494619693607092,38.01713488064706,
2379,38.38371601887047,0.24610687978565693,38.03166304714978,
2380,38.37849199771881,0.256997998803854,38.01695886068046,
2381,38.36558503098786,0.24553504772484303,38.01410598680377,
2382,38.40048098936677,0.2434460911899805,38.05189998820424,
2383,38.383411010727286,0.24699699133634567,38.031287025660276,
2384,38.34126004949212,0.24828710593283176,37.98683383502066,
2385,38.35686692036688,0.24810689501464367,38.00301207229495,
2386,38.344650994986296,0.24626310914754868,37.99305786378682,
2387,38.32544991746545,0.2458319067955017,37.97327494248748,
2388,38.37587288580835,0.2455250360071659,38.025710033252835,
2389,38.81620103493333,0.6382351275533438,38.06032985448837,
2390,38.41168200597167,0.2570191863924265,38.049815921112895,
2391,38.368290988728404,0.2484479919075966,38.016555132344365,
2392,38.381350226700306,0.24708802811801434,38.02623995579779,
2393,38.40974601916969,0.24643214419484138,38.05888583883643,
2394,38.379869190976024,0.2464728895574808,38.028148002922535,
2395,38.39046601206064,0.25232997722923756,38.03233685903251,
2396,38.38499612174928,0.25092787109315395,38.029042072594166,
2397,38.35947089828551,0.24416297674179077,38.00892783328891,
2398,38.36010699160397,0.24466495960950851,38.010639138519764,
2399,38.393431110307574,0.24582003243267536,38.04382006637752,
2400,38.445848040282726,0.2709869295358658,38.0704989656806,
2401,38.378877798095345,0.24656904861330986,38.02841785363853,
2402,38.375966949388385,0.24540117010474205,38.023061817511916,
2403,38.425936829298735,0.24790083989501,38.07383612729609,
2404,38.382620085030794,0.24751410819590092,38.03028608672321,
2405,38.80079509690404,0.6430270150303841,38.04375510662794,
2406,38.426071871072054,0.2525260206311941,38.069136906415224,
2407,38.37428707629442,0.25064684450626373,38.01992000080645,
2408,38.37785590440035,0.2504568547010422,38.02297101356089,
2409,38.40824216604233,0.2519139088690281,38.05246902629733,
2410,38.3868389762938,0.2480249386280775,38.03431196138263,
2411,38.39763603173196,0.25254697538912296,38.03848591633141,
2412,38.42239314690232,0.25083799846470356,38.06574083864689,
2413,38.43826218508184,0.2472689375281334,38.08412794023752,
2414,38.38446596637368,0.25148317217826843,38.02844695746899,
2415,38.3968660607934,0.24602795019745827,38.04482310079038,
2416,38.385421968996525,0.2554368693381548,38.025281159207225,
2417,38.38399494998157,0.24938001297414303,38.03106700070202,
2418,38.39577781036496,0.24913111701607704,38.0391099024564,
2419,38.41242706403136,0.25959708727896214,38.04682893678546,
2420,38.401574129238725,0.25255512446165085,38.0443730391562,
2421,38.81660499610007,0.6347009912133217,38.06500812061131,
2422,38.40090497396886,0.24832808412611485,38.04504289291799,
2423,38.41676306910813,0.25243288837373257,38.05963811464608,
2424,38.399406941607594,0.24786009453237057,38.045953027904034,
2425,38.40650990605354,0.25590788573026657,38.046187022700906,
2426,38.426382932811975,0.24621514603495598,38.07369782589376,
2427,38.399572018533945,0.24539604783058167,38.045976078137755,
2428,38.347332971170545,0.2456179354339838,37.99821995198727,
2429,38.412156980484724,0.2449708990752697,38.06269005872309,
2430,38.41541288420558,0.2538429107517004,38.05752517655492,
2431,38.419987075030804,0.24788500741124153,38.06691779755056,
2432,38.37934113107622,0.24676811881363392,38.02832285873592,
2433,38.40595600195229,0.24715904146432877,38.05477684363723,
2434,38.40687102638185,0.2494649961590767,38.05278101935983,
2435,38.386098109185696,0.25435094721615314,38.02829701453447,
2436,38.37707103230059,0.2506768796592951,38.02229999564588,
2437,38.847412914037704,0.6289000157266855,38.102376041933894,
2438,38.41512091457844,0.25170808658003807,38.06023485958576,
2439,38.42943697236478,0.25465688668191433,38.06839603930712,
2440,38.38688903488219,0.24857884272933006,38.03431009873748,
2441,38.41953701339662,0.2565148752182722,38.05838408879936,
2442,38.40096015483141,0.25013391859829426,38.04524219594896,
2443,38.43710105866194,0.24733110330998898,38.0833400413394,
2444,38.385357009246945,0.2490419428795576,38.03275199607015,
2445,38.42566115781665,0.2462170086801052,38.07607805356383,
2446,38.407300133258104,0.25094905868172646,38.05311489850283,
2447,38.39179081842303,0.2474531065672636,38.04061794653535,
2448,38.41200401075184,0.24324795231223106,38.05959410965443,
2449,38.38060307316482,0.24897092953324318,38.026683032512665,
2450,38.430113112553954,0.24865707382559776,38.07677794247866,
2451,38.41490810737014,0.2517830580472946,38.05824392475188,
2452,38.37464516982436,0.24502305313944817,38.02617499604821,
2453,38.82273007184267,0.6265491247177124,38.07821194641292,
2454,38.432602072134614,0.24938699789345264,38.075361866503954,
2455,38.40409102849662,0.2529788762331009,38.04720705375075,
2456,38.412002846598625,0.25210599415004253,38.055368000641465,
2457,38.423553109169006,0.2585311885923147,38.05988887324929,
2458,38.43150404281914,0.24761096574366093,38.078692043200135,
2459,38.40180905535817,0.2487259916961193,38.048083893954754,
2460,38.40851900167763,0.24975300766527653,38.05495100095868,
2461,38.39519200846553,0.24692388251423836,38.04524498991668,
2462,38.40077901259065,0.25018188171088696,38.04516512900591,
2463,38.385831052437425,0.2499050460755825,38.031795993447304,
2464,38.41274487785995,0.2530061174184084,38.056551944464445,
2465,38.393150782212615,0.24634413421154022,38.041166961193085,
2466,38.412352092564106,0.2488188911229372,38.060031132772565,
2467,38.41162985190749,0.24996907450258732,38.052756106480956,
2468,38.4074910543859,0.24713901802897453,38.05479104630649,
2469,38.82178198546171,0.63184997998178,38.073976058512926,
2470,38.438442163169384,0.25014509446918964,38.083082996308804,
2471,38.40277390554547,0.2520289272069931,38.04635303094983,
2472,38.41921896673739,0.25355000980198383,38.061860017478466,
2473,38.42475195415318,0.2534689847379923,38.0665089469403,
2474,38.41946693137288,0.2494598738849163,38.06584305129945,
2475,38.47342683002353,0.25517307221889496,38.1149819586426,
2476,38.375922944396734,0.25202403776347637,38.020879961550236,
2477,38.372543873265386,0.24910899810492992,38.017270155251026,
2478,38.41069992631674,0.24804100394248962,38.058543810620904,
2479,38.37346215732396,0.2488910686224699,38.018998922780156,
2480,38.4000560734421,0.25598984211683273,38.03861513733864,
2481,38.39804278686643,0.24927989579737186,38.04188594222069,
2482,38.42188813723624,0.24610920809209347,38.06733200326562,
2483,38.424629950895905,0.2461089752614498,38.07403100654483,
2484,38.435417925938964,0.2493539359420538,38.081330014392734,
2485,38.84336701594293,0.6331498734652996,38.09422207996249,
2486,38.38607994839549,0.25468203239142895,38.02449884824455,
2487,38.42266998253763,0.24848198518157005,38.069888949394226,
2488,38.407614920288324,0.24998397566378117,38.05090207606554,
2489,38.42408093623817,0.24593714624643326,38.07142795994878,
2490,38.42310095205903,0.2454221248626709,38.07290596887469,
2491,38.44532719813287,0.2556079998612404,38.081732112914324,
2492,38.4033068548888,0.2515409141778946,38.04749506525695,
2493,38.443526020273566,0.25164103135466576,38.08713983744383,
2494,38.44764595851302,0.2492091152817011,38.09298505075276,
2495,38.38772606104612,0.24857418611645699,38.033489836379886,
2496,38.44123496674001,0.2476479858160019,38.08875405229628,
2497,38.42931380495429,0.24365680292248726,38.08052302338183,
2498,38.3802680298686,0.25180308148264885,38.02322200499475,
2499,38.42293191701174,0.24817301891744137,38.071668008342385,
2500,38.42188301496208,0.2553898375481367,38.06262603029609,
2501,38.82686700671911,0.6303989794105291,38.078911835327744,
2502,38.475303910672665,0.25645620189607143,38.11387997120619,
2503,38.436714094132185,0.24985289201140404,38.082247134298086,
2504,38.45558501780033,0.2587710041552782,38.09130401350558,
2505,38.41979498974979,0.24673901498317719,38.06592780165374,
2506,38.39225112460554,0.2555111423134804,38.03075500763953,
2507,38.39692403562367,0.25009107775986195,38.04145101457834,
2508,38.42625813558698,0.2493150532245636,38.07163401506841,
2509,38.392914924770594,0.25052111595869064,38.03802188485861,
2510,38.453098852187395,0.25119795463979244,38.09638391248882,
2511,38.42366486787796,0.2559369895607233,38.06210099719465,
2512,38.42565510421991,0.25120191276073456,38.0704200360924,
2513,38.420338882133365,0.256488099694252,38.05929888039827,
2514,38.43331802636385,0.24902098812162876,38.077028933912516,
2515,38.40021090582013,0.2511260099709034,38.0480601452291,
2516,38.40213385410607,0.24800607934594154,38.04978379048407,
2517,38.91388815827668,0.6863439921289682,38.113210117444396,
2518,38.41489995829761,0.25661010295152664,38.05265505798161,
2519,38.43633900396526,0.26041409000754356,38.071465911343694,
2520,38.42559806071222,0.25239400565624237,38.0682609975338,
2521,38.451363099738955,0.2500670962035656,38.09655993245542,
2522,38.44588901847601,0.24854694493114948,38.088076980784535,
2523,38.45363901928067,0.25076093152165413,38.09494315646589,
2524,38.414306938648224,0.25300285778939724,38.05455518886447,
2525,38.44088804908097,0.24859094992280006,38.08740898966789,
2526,38.445448968559504,0.2535460516810417,38.08596893213689,
2527,38.41972793452442,0.24941214360296726,38.06664887815714,
2528,38.43314992263913,0.2595609985291958,38.068381138145924,
2529,38.39460387825966,0.2524221781641245,38.03727892227471,
2530,38.463053992018104,0.2499499823898077,38.1101630628109,
2531,38.46294106915593,0.25114603340625763,38.108195876702666,
2532,38.45000406727195,0.2495860680937767,38.095318945124745,
2533,38.92336902208626,0.6911130622029305,38.11374003998935,
2534,38.45846001058817,0.2609009388834238,38.092318922281265,
2535,38.45628001727164,0.25430507957935333,38.09283790178597,
2536,38.44448993913829,0.2576259430497885,38.08201616629958,
2537,38.41661009937525,0.2523600123822689,38.05890795774758,
2538,38.4373739361763,0.2572089433670044,38.073491072282195,
2539,38.45118801109493,0.24929712526500225,38.098478922620416,
2540,38.41803804971278,0.24691782891750336,38.061886094510555,
2541,38.47407805733383,0.24714600294828415,38.121611811220646,
2542,38.45889214426279,0.2478680107742548,38.102450082078576,
2543,38.45721110701561,0.2462670672684908,38.10486011207104,
2544,38.48021407611668,0.24740095250308514,38.12898905016482,
2545,38.44490088522434,0.25112018920481205,38.0846809130162,
2546,38.47016301006079,0.2501048147678375,38.11386716552079,
2547,38.450553081929684,0.2519311383366585,38.09436084702611,
2548,38.42392610386014,0.25076093152165413,38.06842700578272,
2549,38.89491595327854,0.6739490199834108,38.10424683615565,
2550,38.42831891961396,0.2539579290896654,38.06995693594217,
2551,38.43698091804981,0.2511769998818636,38.08162407949567,
2552,38.45967608503997,0.25483896024525166,38.10041304677725,
2553,38.46835112199187,0.2525749150663614,38.11198100447655,
2554,38.477879017591476,0.24974090047180653,38.119089091196656,
2555,38.44365500845015,0.2506289165467024,38.089375011622906,
2556,38.44133298844099,0.25013601407408714,38.08584716171026,
2557,38.439292926341295,0.25660498067736626,38.07863895781338,
2558,38.44145708717406,0.2502850256860256,38.08653890155256,
2559,38.4866411332041,0.2597430720925331,38.09153684414923,
2560,38.43065304681659,0.25792885571718216,38.06276503019035,
2561,38.473754888400435,0.25318912230432034,38.115728879347444,
2562,38.44624990597367,0.2494710497558117,38.0915307905525,
2563,38.420760072767735,0.24895602837204933,38.063071900978684,
2564,38.42791705392301,0.25138608179986477,38.072305964306,
2565,38.92824286594987,0.6837330292910337,38.12883701175451,
2566,38.46263303421438,0.256494153290987,38.100400008261204,
2567,38.45983394421637,0.2570780925452709,38.096508011221886,
2568,38.462260039523244,0.2509709447622299,38.105555111542344,
2569,38.42749400064349,0.25608413852751255,38.06594689376652,
2570,38.447226863354445,0.24814601056277752,38.09169610030949,
2571,38.45715802162886,0.2557900734245777,38.0978980101645,
2572,38.45415101386607,0.2511229831725359,38.09772804379463,
2573,38.477431051433086,0.2518710680305958,38.119419012218714,
2574,38.468738086521626,0.25226594880223274,38.11154398135841,
2575,38.46254595555365,0.25007198564708233,38.107570027932525,
2576,38.44893700443208,0.2508629113435745,38.09473803266883,
2577,38.45812100917101,0.24778489023447037,38.10547501780093,
2578,38.41496515087783,0.25231693871319294,38.057900965213776,
2579,38.46742492169142,0.24896813556551933,38.11572282575071,
2580,38.44783594831824,0.25779404677450657,38.086344953626394,
2581,38.96318399347365,0.6996740121394396,38.14805787988007,
2582,38.479180075228214,0.2555458340793848,38.11936709098518,
2583,38.45940995961428,0.25591393932700157,38.099309895187616,
2584,38.434092188254,0.24879979901015759,38.07922615669668,
2585,38.48494216799736,0.2623070031404495,38.116909097880125,
2586,38.451157975941896,0.2515569794923067,38.08769886381924,
2587,38.46970899030566,0.25118887424468994,38.11243595555425,
2588,38.45997992902994,0.2491581253707409,38.106814958155155,
2589,38.48035912960768,0.25008409284055233,38.12555503100157,
2590,38.474126951768994,0.24938886053860188,38.121260004118085,
2591,38.51662599481642,0.24885404855012894,38.162420969456434,
2592,38.40590198524296,0.24932203814387321,38.05347392335534,
2593,38.45583787187934,0.25170412845909595,38.09827286750078,
2594,38.500865921378136,0.2561949659138918,38.130154833197594,
2595,38.4565491694957,0.2526789903640747,38.09960186481476,
2596,38.446913938969374,0.2563709858804941,38.085148902609944,
2597,38.961793994531035,0.7163078989833593,38.129142951220274,
2598,38.471834966912866,0.25957287289202213,38.1076370831579,
2599,38.47997495904565,0.26101688854396343,38.11473003588617,
2600,38.485443918034434,0.2545868046581745,38.122646044939756,
2601,38.44274487346411,0.2591419033706188,38.078871089965105,
2602,38.46663096919656,0.2519548870623112,38.110767025500536,
2603,38.47192809917033,0.25804899632930756,38.10917097143829,
2604,38.43043907545507,0.2507071476429701,38.07604289613664,
2605,38.46306097693741,0.25111204013228416,38.10750297270715,
2606,38.448856910690665,0.25515095330774784,38.08944416232407,
2607,38.499932968989015,0.25216001085937023,38.1408769171685,
2608,38.494128035381436,0.25340099819004536,38.136318093165755,
2609,38.458850933238864,0.24935905821621418,38.10142888687551,
2610,38.50658191367984,0.25061191990971565,38.15198107622564,
2611,38.450284861028194,0.2532009966671467,38.09269401244819,
2612,38.453302113339305,0.25238096714019775,38.09683793224394,
2613,38.9726220164448,0.7082170341163874,38.1468019913882,
2614,38.526717806234956,0.2560308203101158,38.16121118143201,
2615,38.48803183063865,0.2568541094660759,38.12676202505827,
2616,38.51656382903457,0.2547211479395628,38.15297386609018,
2617,38.46670314669609,0.25466294027864933,38.10672112740576,
2618,38.48061291500926,0.25436701253056526,38.120012963190675,
2619,38.481679977849126,0.25368412025272846,38.11734984628856,
2620,38.482018979266286,0.25318004190921783,38.1232020445168,
2621,38.449515122920275,0.2553758677095175,38.08937408030033,
2622,38.482249015942216,0.2511488273739815,38.12642698176205,
2623,38.45898900181055,0.2543351147323847,38.099683821201324,
2624,38.48348185420036,0.24918490089476109,38.130741100758314,
2625,38.48537500016391,0.2564680762588978,38.12528098933399,
2626,38.49036293104291,0.251630088314414,38.13405195251107,
2627,38.48831099458039,0.2568489871919155,38.12746098265052,
2628,38.445282028988004,0.2539691049605608,38.08744507841766,
2629,38.944229017943144,0.6910040974617004,38.137937895953655,
2630,38.50828995928168,0.26259501464664936,38.14109414815903,
2631,38.49143907427788,0.2523669973015785,38.13389292918146,
2632,38.46840211190283,0.25964505039155483,38.10428804717958,
2633,38.48950890824199,0.25108386762440205,38.13415998592973,
2634,38.48420409485698,0.2609109506011009,38.117364048957825,
2635,38.47837494686246,0.2541700378060341,38.11936383135617,
2636,38.497688015922904,0.2535551320761442,38.13954582437873,
2637,38.538924884051085,0.25068013928830624,38.18265604786575,
2638,38.46512199379504,0.25637680664658546,38.10277418233454,
2639,38.49632805213332,0.24783494882285595,38.142479956150055,
2640,38.4503249078989,0.2565511967986822,38.08816592209041,
2641,38.46573503687978,0.2501721028238535,38.1113919429481,
2642,38.488243939355016,0.2505748998373747,38.13304612413049,
2643,38.521683076396585,0.2502668648958206,38.16725895740092,
2644,38.467362988740206,0.2514009829610586,38.11283386312425,
2645,38.994943955913186,0.6654469761997461,38.21302601136267,
2646,38.518990157172084,0.2581239677965641,38.156355964019895,
2647,38.50108687765896,0.25579100474715233,38.135390961542726,
2648,38.48758107051253,0.25751092471182346,38.12513407319784,
2649,38.49778790026903,0.2529080957174301,38.140765856951475,
2650,38.45370304770768,0.24956697598099709,38.100386038422585,
2651,38.49980281665921,0.2525658346712589,38.14295004121959,
2652,38.514012936502695,0.2518568653613329,38.157543167471886,
2653,38.47339493222535,0.2490798942744732,38.117300951853395,
2654,38.502502953633666,0.2515069209039211,38.14522409811616,
2655,38.50064892321825,0.24983100593090057,38.14650699496269,
2656,38.45246112905443,0.25292206555604935,38.0947538651526,
2657,38.52283116430044,0.2506838645786047,38.16530806943774,
2658,38.46543491818011,0.2498151734471321,38.10962592251599,
2659,38.50478306412697,0.24778209626674652,38.152152905240655,
2660,38.45634311437607,0.2496012020856142,38.102485006675124,
2661,38.94475195556879,0.6761469412595034,38.15279807895422,
2662,38.492487045004964,0.25687902234494686,38.128653075546026,
2663,38.4825540240854,0.256967032328248,38.122781086713076,
2664,38.527556927874684,0.254262937232852,38.16675115376711,
2665,38.501870119944215,0.25351205840706825,38.14176796004176,
2666,38.52793597616255,0.25638798251748085,38.16558211110532,
2667,38.49309403449297,0.2516589593142271,38.13652088865638,
2668,38.45963208004832,0.2554459497332573,38.098018150776625,
2669,38.52119320072234,0.2500079572200775,38.167186081409454,
2670,38.509330013766885,0.2511218190193176,38.15261507406831,
2671,38.48784393630922,0.2524619922041893,38.131901063025,
2672,38.50256185978651,0.2497239038348198,38.14933309331536,
2673,38.48530491814017,0.24935207329690456,38.13100978732109,
2674,38.5054899379611,0.2515630330890417,38.148530991747975,
2675,38.49495598115027,0.25083613581955433,38.13864989206195,
2676,38.52661792188883,0.25386479683220387,38.16797211766243,
2677,38.9811210334301,0.6757820956408978,38.1893259473145,
2678,38.526443066075444,0.2578720450401306,38.15969196148217,
2679,38.541380083188415,0.25364896282553673,38.18199713714421,
2680,38.503124844282866,0.251928111538291,38.14630210399628,
2681,38.53389993309975,0.26115099899470806,38.168227998539805,
2682,38.491201121360064,0.2537509426474571,38.13411807641387,
2683,38.488486083224416,0.25536492466926575,38.1300060544163,
2684,38.52451709099114,0.25218003429472446,38.16124610602856,
2685,38.53786992840469,0.25446992367506027,38.17752911709249,
2686,38.53027801960707,0.25187898427248,38.17540011368692,
2687,38.52219809778035,0.25642896071076393,38.162888027727604,
2688,38.49671804346144,0.2523011062294245,38.140303920954466,
2689,38.50185312330723,0.2598960418254137,38.138589821755886,
2690,38.51741808466613,0.25584688410162926,38.15768798813224,
2691,38.49052800796926,0.25358516722917557,38.13192085362971,
2692,38.504002848640084,0.2520289272069931,38.14586508087814,
2693,38.936639903113246,0.6638129707425833,38.15243882127106,
2694,38.50160608999431,0.2574319951236248,38.139479001984,
2695,38.51523413322866,0.25582010857760906,38.15437201410532,
2696,38.537011947482824,0.26064692065119743,38.171888096258044,
2697,38.53136906400323,0.25189807638525963,38.17032999359071,
2698,38.53881708346307,0.2531241625547409,38.18146185949445,
2699,38.53343497030437,0.2522640861570835,38.17741898819804,
2700,38.52313803508878,0.2526759635657072,38.16220606677234,
2701,38.51225599646568,0.25291601195931435,38.15417713485658,
2702,38.52889081463218,0.2508468460291624,38.17151999101043,
2703,38.52248191833496,0.2501250710338354,38.16543985158205,
2704,38.47968298941851,0.25610788725316525,38.118002004921436,
2705,38.532018195837736,0.25170505978167057,38.17533305846155,
2706,38.499520160257816,0.250927172601223,38.14303199760616,
2707,38.52116595953703,0.2596920821815729,38.15597388893366,
2708,38.51498989388347,0.2516079694032669,38.155524991452694,
2709,39.01251987554133,0.7105050608515739,38.184395991265774,
2710,38.545961026102304,0.2738779876381159,38.16535696387291,
2711,38.53630903176963,0.2610699739307165,38.17069693468511,
2712,38.54688606224954,0.2630339004099369,38.17732213065028,
2713,38.582859095185995,0.2550159115344286,38.21729402989149,
2714,38.504261057823896,0.2568319905549288,38.14081382006407,
2715,38.51730888709426,0.25301286950707436,38.15861698240042,
2716,38.53819705545902,0.25585805997252464,38.17569185048342,
2717,38.53606106713414,0.2547882031649351,38.17420289851725,
2718,38.487629033625126,0.2548170741647482,38.127732928842306,
2719,38.506240118294954,0.24956697598099709,38.14945090562105,
2720,38.499574875459075,0.2516701351851225,38.1425148807466,
2721,38.5567219927907,0.2513050567358732,38.19775301963091,
2722,38.51141012273729,0.25174510665237904,38.15483208745718,
2723,38.52317901328206,0.25867391377687454,38.15830615349114,
2724,38.49915717728436,0.2535339444875717,38.14068506471813,
2725,39.04661210253835,0.7146100979298353,38.21406187489629,
2726,38.53677911683917,0.2665640786290169,38.16485311836004,
2727,38.53765199892223,0.25650812312960625,38.17511792294681,
2728,38.540888112038374,0.2587148919701576,38.17819198593497,
2729,38.54128415696323,0.2518300898373127,38.18726190365851,
2730,38.5693390853703,0.2526200842112303,38.21085696108639,
2731,38.5329460259527,0.25501707568764687,38.17276190966368,
2732,38.50691393017769,0.25045289658010006,38.15075405873358,
2733,38.509142119437456,0.25387201458215714,38.150675129145384,
2734,38.51023083552718,0.25103497318923473,38.15450007095933,
2735,38.55706402100623,0.25227200239896774,38.20066410116851,
2736,38.51327602751553,0.2525241579860449,38.15742791630328,
2737,38.539186120033264,0.25989790447056293,38.17416704259813,
2738,38.511818973347545,0.24999398738145828,38.157525938004255,
2739,38.547285133972764,0.2597321290522814,38.18347887136042,
2740,38.50649390369654,0.24999515153467655,38.15122088417411,
2741,39.038370130583644,0.6865679752081633,38.223915034905076,
2742,38.555811159312725,0.26314682327210903,38.18338317796588,
2743,38.55047398246825,0.2638481091707945,38.17494981922209,
2744,38.57164294458926,0.26216614060103893,38.20481896400452,
2745,38.52774086408317,0.25742105208337307,38.16185682080686,
2746,38.54499710723758,0.2516480162739754,38.188337814062834,
2747,38.542632944881916,0.25818590074777603,38.179032038897276,
2748,38.51127810776234,0.2546221949160099,38.147954968735576,
2749,38.55538787320256,0.25817612186074257,38.19125285372138,
2750,38.547856034711,0.2515711821615696,38.188559003174305,
2751,38.56997983530164,0.2578070852905512,38.205052027478814,
2752,38.5307299438864,0.25275791995227337,38.17415609955788,
2753,38.539299042895436,0.2524079754948616,38.1805410142988,
2754,38.526148069649935,0.25218306109309196,38.1677970290184,
2755,38.55790803208947,0.25028595700860023,38.19484100677073,
2756,38.584636989980936,0.2678120508790016,38.20578986778855,
2757,39.07472500577569,0.7384819909930229,38.21594291366637,
2758,38.55558088980615,0.2712481655180454,38.17969700321555,
2759,38.5903709102422,0.2685091458261013,38.21719787083566,
2760,38.56169315986335,0.255245016887784,38.19163399748504,
2761,38.548025069758296,0.26686000637710094,38.17096399143338,
2762,38.575343089178205,0.26508490554988384,38.200797978788614,
2763,38.528660079464316,0.2633181866258383,38.157718954607844,
2764,38.57851400971413,0.26557990349829197,38.20593887940049,
2765,38.51274307817221,0.2591661177575588,38.14695402979851,
2766,38.537553045898676,0.2671519760042429,38.16531808115542,
2767,38.61841885372996,0.25414698757231236,38.257962092757225,
2768,38.58309215866029,0.2566310577094555,38.22177881374955,
2769,38.570175878703594,0.25234813801944256,38.21130399592221,
2770,38.55070611461997,0.2524210140109062,38.19004911929369,
2771,38.52222696878016,0.262291869148612,38.152760127559304,
2772,38.552228128537536,0.2549760974943638,38.186070043593645,
2773,39.07383093610406,0.7497440092265606,38.20241801440716,
2774,38.58366492204368,0.2712719142436981,38.20654307492077,
2775,38.56241283938289,0.26032188907265663,38.19213411770761,
2776,38.55578391812742,0.2579458523541689,38.19135413505137,
2777,38.56988810002804,0.2627880312502384,38.20258588530123,
2778,38.51231397129595,0.25237584486603737,38.15489308908582,
2779,38.53606199845672,0.2639489248394966,38.16569992341101,
2780,38.55846403166652,0.25544315576553345,38.198806811124086,
2781,38.55539485812187,0.262219924479723,38.18612708710134,
2782,38.54408487677574,0.25480613112449646,38.18146395497024,
2783,38.56828692369163,0.260423868894577,38.20204711519182,
2784,38.5684110224247,0.2554049715399742,38.20874402299523,
2785,38.578765001147985,0.2553858794271946,38.21776411496103,
2786,38.592672208324075,0.2537460532039404,38.23356796056032,
2787,38.545140996575356,0.2552489750087261,38.18510007113218,
2788,38.55754598043859,0.2610948868095875,38.19011012092233,
2789,39.05967506580055,0.7287559565156698,38.213002029806376,
2790,38.554067024961114,0.2637000288814306,38.183582946658134,
2791,38.57991099357605,0.25837705470621586,38.214165950194,
2792,38.566733011975884,0.25808182545006275,38.203213131055236,
2793,38.557993015274405,0.255894148722291,38.196914829313755,
2794,38.576998049393296,0.26206206530332565,38.209304912015796,
2795,38.54398080147803,0.2593251410871744,38.17931795492768,
2796,38.55801885947585,0.26093795895576477,38.19284099154174,
2797,38.56725385412574,0.25646109133958817,38.20228297263384,
2798,38.54705207049847,0.2555381506681442,38.18494500592351,
2799,38.58302300795913,0.2533220686018467,38.2243359927088,
2800,38.566085044294596,0.2545989118516445,38.204642944037914,
2801,38.5866470169276,0.26143621653318405,38.21804979816079,
2802,38.56376186013222,0.25231088511645794,38.20528695359826,
2803,38.53871091268957,0.2653419505804777,38.16656116396189,
2804,38.603478111326694,0.2576559782028198,38.24199712835252,
2805,39.03345810249448,0.7159281522035599,38.19820284843445,
2806,38.59335393644869,0.26289792731404305,38.22395298629999,
2807,38.574229925870895,0.25720405392348766,38.2112730294466,
2808,38.569886004552245,0.25600800290703773,38.209229009225965,
2809,38.58563699759543,0.26467093266546726,38.214486092329025,
2810,38.56669715605676,0.25707087479531765,38.200053153559566,
2811,38.52931805886328,0.25609880685806274,38.1695800460875,
2812,38.58373616822064,0.2570489887148142,38.22225285694003,
2813,38.5796008631587,0.2558410633355379,38.217609049752355,
2814,38.568499963730574,0.26031211018562317,38.20366598665714,
2815,38.55914995074272,0.25338889099657536,38.20009413175285,
2816,38.58864004723728,0.2618669532239437,38.22079114615917,
2817,38.57445204630494,0.2534058876335621,38.21225115098059,
2818,38.534810999408364,0.2544319722801447,38.17274793982506,
2819,38.574918173253536,0.2552920486778021,38.21496898308396,
2820,38.55816484428942,0.2561509609222412,38.195984903723,
2821,39.0336699783802,0.7041469216346741,38.21404301561415,
2822,38.61010796390474,0.26616407558321953,38.23871095664799,
2823,38.599292980507016,0.2574350219219923,38.231701124459505,
2824,38.56943594291806,0.25653792545199394,38.208069978281856,
2825,38.56454882770777,0.2563539892435074,38.20209298282862,
2826,38.56428898870945,0.25286898016929626,38.206726079806685,
2827,38.55780209414661,0.2597018610686064,38.19402912631631,
2828,38.563513895496726,0.25499588809907436,38.201890187337995,
2829,38.56011712923646,0.26135588996112347,38.193061016499996,
2830,38.59247104264796,0.2539670094847679,38.230139994993806,
2831,38.53069990873337,0.25324407033622265,38.17264689132571,
2832,38.55916787870228,0.2538079861551523,38.20099798031151,
2833,38.5572190862149,0.2511921338737011,38.201047806069255,
2834,38.58691803179681,0.2526170574128628,38.22922403924167,
2835,38.52266515605152,0.24885102175176144,38.169782143086195,
2836,38.55149005539715,0.2593100070953369,38.18695992231369,
2837,39.10185885615647,0.7167099975049496,38.26649789698422,
2838,38.607718888670206,0.2619719598442316,38.2287441752851,
2839,38.61761395819485,0.2742609940469265,38.23209390975535,
2840,38.62264892086387,0.2773529849946499,38.234547013416886,
2841,38.5824479162693,0.26617199182510376,38.20022498257458,
2842,38.664104882627726,0.2794479951262474,38.274193881079555,
2843,38.598514860495925,0.2720719203352928,38.21825119666755,
2844,38.600771920755506,0.2600741572678089,38.23467786423862,
2845,38.587652845308185,0.2587719354778528,38.22312015108764,
2846,38.60417497344315,0.2556880936026573,38.23960106819868,
2847,38.57204597443342,0.255882041528821,38.20875403471291,
2848,38.598801009356976,0.25565805844962597,38.236378924921155,
2849,38.60934218391776,0.2555109094828367,38.24919415637851,
2850,38.579525891691446,0.256901141256094,38.216663990169764,
2851,38.6092949192971,0.25521405041217804,38.245020899921656,
2852,38.56424707919359,0.2552869264036417,38.204744225367904,
2853,39.1655380371958,0.7571070455014706,38.25477696955204,
2854,38.5925299488008,0.2806871198117733,38.20417285896838,
2855,38.61246490851045,0.265803886577487,38.24191098101437,
2856,38.646262837573886,0.2595100086182356,38.278721971437335,
2857,38.595187943428755,0.2581779845058918,38.232897873967886,
2858,38.576232036575675,0.2575330436229706,38.213481893762946,
2859,38.565722992643714,0.25948695838451385,38.20090601220727,
2860,38.59726199880242,0.25766389444470406,38.232602179050446,
2861,38.58062601648271,0.25491206906735897,38.21997903287411,
2862,38.61698810942471,0.25539309717714787,38.25604007579386,
2863,38.54822088032961,0.25167292915284634,38.19248592481017,
2864,38.61183091066778,0.26391400024294853,38.24294498190284,
2865,38.59389200806618,0.2541129942983389,38.236115127801895,
2866,38.63455494865775,0.2572250086814165,38.27152005396783,
2867,38.57092512771487,0.2537898253649473,38.211869075894356,
2868,38.599167950451374,0.25672209449112415,38.237952860072255,
2869,39.09749607555568,0.7234120275825262,38.25568896718323,
2870,38.63898012787104,0.27272291481494904,38.25935488566756,
2871,38.5920621920377,0.25609415024518967,38.230090867727995,
2872,38.56037394143641,0.26200292631983757,38.19265705533326,
2873,38.588873110711575,0.25991396978497505,38.22356299497187,
2874,38.589486852288246,0.25672605261206627,38.227404933422804,
2875,38.58566004782915,0.25900802575051785,38.22202701121569,
2876,38.621615851297975,0.2557099796831608,38.26029389165342,
2877,38.58285304158926,0.25762803852558136,38.219138979911804,
2878,38.60052302479744,0.26050396263599396,38.23388600721955,
2879,38.615447003394365,0.25641382671892643,38.25473110191524,
2880,38.58033590950072,0.255875987932086,38.2184989284724,
2881,38.59835513867438,0.2533029764890671,38.23933005332947,
2882,38.63095003180206,0.25642896071076393,38.26967813074589,
2883,38.62801403738558,0.26356102898716927,38.22858305647969,
2884,38.60138705931604,0.264165922999382,38.22060092352331,
2885,39.07867008820176,0.7024630904197693,38.25876605696976,
2886,38.59009104780853,0.2639449667185545,38.21948706172407,
2887,38.606113055720925,0.2590760122984648,38.24135288596153,
2888,38.5876230429858,0.25872583501040936,38.22430712170899,
2889,38.590925047174096,0.2612420357763767,38.224434945732355,
2890,38.627404952421784,0.2623540349304676,38.26393000781536,
2891,38.592832162976265,0.2573709934949875,38.23108901269734,
2892,38.575847167521715,0.2623829059302807,38.20885322056711,
2893,38.62151596695185,0.2547770272940397,38.260661996901035,
2894,38.61096897162497,0.2620990853756666,38.242565002292395,
2895,38.58548006974161,0.25636982172727585,38.2229161914438,
2896,38.63865206949413,0.2579609863460064,38.27553987503052,
2897,38.58712408691645,0.25713490322232246,38.22318813763559,
2898,38.56991697102785,0.2557961270213127,38.20777405053377,
2899,38.58486795797944,0.25504897348582745,38.22325891815126,
2900,38.65382191725075,0.256591010838747,38.292956072837114,
2901,39.07632199116051,0.7000688929110765,38.2605311460793,
2902,38.615294033661485,0.2586802002042532,38.25039882212877,
2903,38.589949952438474,0.25741197168827057,38.22678001597524,
2904,38.661515107378364,0.25846296921372414,38.2911660708487,
2905,38.60562900081277,0.25542103685438633,38.24442811310291,
2906,38.62737491726875,0.2622290048748255,38.25883497484028,
2907,38.63409208133817,0.2569470088928938,38.26738800853491,
2908,38.62166893668473,0.2566860057413578,38.25966804288328,
2909,38.60699385404587,0.25878800079226494,38.24389004148543,
2910,38.55972201563418,0.25564501993358135,38.19857188500464,
2911,38.65167615003884,0.26133516803383827,38.28541678376496,
2912,38.62659214064479,0.2559768036007881,38.26482407748699,
2913,38.611470023170114,0.2524519804865122,38.253227015957236,
2914,38.59463217668235,0.25954796001315117,38.22979307733476,
2915,38.65109710022807,0.2554589882493019,38.28810295090079,
2916,38.587708957493305,0.25475211441516876,38.22845686227083,
2917,39.100575959309936,0.7192050106823444,38.26457099057734,
2918,38.659920915961266,0.2690518740564585,38.28519000671804,
2919,38.64359902217984,0.2554559614509344,38.28481398522854,
2920,38.592751836404204,0.25774003006517887,38.22982590645552,
2921,38.615376921370625,0.2606960479170084,38.24825491756201,
2922,38.6165720410645,0.2568969503045082,38.252454018220305,
2923,38.60881901346147,0.2611861564218998,38.24240597896278,
2924,38.63357496447861,0.2569251228123903,38.27160503715277,
2925,38.60822506248951,0.25728996843099594,38.24714198708534,
2926,38.62111107446253,0.26739202439785004,38.25002396479249,
2927,38.65026799030602,0.2608061768114567,38.28365285880864,
2928,38.591060088947415,0.2572629600763321,38.230254082009196,
2929,38.5894279461354,0.26198290288448334,38.222279166802764,
2930,38.643952924758196,0.2553828526288271,38.284490117803216,
2931,38.585553877055645,0.26081595569849014,38.2178439758718,
2932,38.638920057564974,0.2567651681602001,38.27753686346114,
2933,39.099393878132105,0.6937270518392324,38.28898910433054,
2934,38.57790678739548,0.25799497961997986,38.215107982978225,
2935,38.60308206640184,0.26400783099234104,38.23220799677074,
2936,38.63455913960934,0.2588729839771986,38.27067604288459,
2937,38.61812804825604,0.2579079009592533,38.254986982792616,
2938,38.65755000151694,0.26011280715465546,38.293490186333656,
2939,38.619433995336294,0.25737215764820576,38.25570805929601,
2940,38.61166583374143,0.25965902023017406,38.24829193763435,
2941,38.615196011960506,0.259248074144125,38.250996032729745,
2942,38.63586997613311,0.25542196817696095,38.27603114768863,
2943,38.64698810502887,0.2626138739287853,38.28031709417701,
2944,38.64254686050117,0.2565300092101097,38.278655149042606,
2945,38.63689606077969,0.2628371585160494,38.26752002350986,
2946,38.592756958678365,0.26172283105552197,38.22433901950717,
2947,38.62403007224202,0.25685690343379974,38.25342212803662,
2948,38.59526594169438,0.25752908550202847,38.23411092162132,
2949,39.15083687752485,0.7111290469765663,38.32399984821677,
2950,38.66839990951121,0.2682730555534363,38.295506965368986,
2951,38.66177890449762,0.25878287851810455,38.29570207744837,
2952,38.68274507112801,0.25900499895215034,38.31944498233497,
2953,38.613368989899755,0.26177987456321716,38.24660903774202,
2954,38.6470970697701,0.2590338699519634,38.282974157482386,
2955,38.60086086206138,0.25775888934731483,38.23836613446474,
2956,38.62026892602444,0.26323413476347923,38.250861922279,
2957,38.62022212706506,0.2570969518274069,38.25044212862849,
2958,38.59881404787302,0.25912397541105747,38.232456892728806,
2959,38.64661091938615,0.25809183716773987,38.28189615160227,
2960,38.60674914903939,0.25488995015621185,38.24684303253889,
2961,38.643353851512074,0.2650588285177946,38.27376198023558,
2962,38.6517399456352,0.25962688960134983,38.28701702877879,
2963,38.64473896101117,0.2569160424172878,38.282681023702025,
2964,38.62689295783639,0.26509095914661884,38.257802138105035,
2965,39.15270185098052,0.7331918459385633,38.29990909434855,
2966,38.66656497120857,0.26647583581507206,38.29396003857255,
2967,38.613175973296165,0.2625200431793928,38.245948031544685,
2968,38.61926402896643,0.26579294353723526,38.248131051659584,
2969,38.611307041719556,0.25527109391987324,38.25061395764351,
2970,38.60412794165313,0.2532780636101961,38.24734082445502,
2971,38.59081887640059,0.2611519303172827,38.22518908418715,
2972,38.64692593924701,0.2538519911468029,38.288265001028776,
2973,38.57012698426843,0.25479099713265896,38.21136709302664,
2974,38.63659990020096,0.2556880936026573,38.27640204690397,
2975,38.64151192829013,0.2545041497796774,38.2821939419955,
2976,38.63525716587901,0.2583540044724941,38.2720660418272,
2977,38.59191411174834,0.25612511672079563,38.22830179706216,
2978,38.57879200950265,0.2567470073699951,38.21599995717406,
2979,38.647224893793464,0.26308605447411537,38.27770194038749,
2980,38.6952820699662,0.26247301138937473,38.31641701981425,
2981,39.143451023846865,0.7451139390468597,38.276378996670246,
2982,38.688393076881766,0.2794251777231693,38.29538985155523,
2983,38.66463410668075,0.28197793290019035,38.27333287335932,
2984,38.65980799309909,0.2711610868573189,38.27936598099768,
2985,38.66535401903093,0.2658150624483824,38.295208010822535,
2986,38.664355874061584,0.26313099078834057,38.29612582921982,
2987,38.64357597194612,0.25486014783382416,38.28392783179879,
2988,38.650030037388206,0.2544010058045387,38.290237076580524,
2989,38.64456480368972,0.2604811452329159,38.2784518878907,
2990,38.61590102314949,0.2584329340606928,38.250158075243235,
2991,38.622497115284204,0.25427015498280525,38.264861796051264,
2992,38.654886186122894,0.2598459832370281,38.28984801657498,
2993,38.642545929178596,0.25597913190722466,38.2817960344255,
2994,38.62689598463476,0.254601938650012,38.26869395561516,
2995,38.642433937639,0.2607500646263361,38.278087973594666,
2996,38.61570009030402,0.2565369941294193,38.255613995715976,
2997,39.19482696801424,0.7486008107662201,38.3271190803498,
2998,38.664541905745864,0.26211095973849297,38.29571302048862,
2999,38.631132105365396,0.2624050248414278,38.263526977971196,
3000,38.65400399081409,0.257647130638361,38.289827993139625,
3001,38.67118712514639,0.2551779616624117,38.31167798489332,
3002,38.66262687370181,0.26429002173244953,38.292790995910764,
3003,38.64049096591771,0.2525749150663614,38.28295599669218,
3004,38.6120758485049,0.25463197380304337,38.25123282149434,
3005,38.67382695898414,0.2651740796864033,38.303345907479525,
3006,38.617763901129365,0.25643594563007355,38.257157895714045,
3007,38.61866588704288,0.2545188181102276,38.26041612774134,
3008,38.65873301401734,0.264184083789587,38.29082706943154,
3009,38.67360996082425,0.2577039413154125,38.31126890145242,
3010,38.678544107824564,0.25801314041018486,38.314458914101124,
3011,38.62100886180997,0.26461388915777206,38.252069149166346,
3012,38.62041118554771,0.25773001834750175,38.257119012996554,
3013,39.14984199218452,0.7317028939723969,38.30135799944401,
3014,38.6518829036504,0.2632488030940294,38.280801149085164,
3015,38.66149391978979,0.2659840974956751,38.29162800684571,
3016,38.66482595913112,0.2576359547674656,38.30129513517022,
3017,38.64363604225218,0.2551770303398371,38.28370897099376,
3018,38.62840891815722,0.2637729048728943,38.26091601513326,
3019,38.63980597816408,0.25575095787644386,38.28058997169137,
3020,38.63512701354921,0.25847391225397587,38.27287093736231,
3021,38.64630497992039,0.26356102898716927,38.28043886460364,
3022,38.63884694874287,0.2559258136898279,38.27460017055273,
3023,38.59436302445829,0.2560061402618885,38.2338238414377,
3024,38.677745033055544,0.2623419277369976,38.310642121359706,
3025,38.66199194453657,0.2534289378672838,38.29981596209109,
3026,38.646197179332376,0.258011044934392,38.28359488397837,
3027,38.64735411480069,0.25616493076086044,38.28788409009576,
3028,38.62796607427299,0.2543139271438122,38.26897591352463,
3029,39.11842592060566,0.7134550251066685,38.28406683169305,
3030,38.677397882565856,0.2607859205454588,38.31077995710075,
3031,38.648647954687476,0.2626709174364805,38.27746002934873,
3032,38.63939200527966,0.25962013751268387,38.27818902209401,
3033,38.62440981902182,0.25942595675587654,38.259651977568865,
3034,38.65868900902569,0.25991909205913544,38.29462011344731,
3035,38.63363992422819,0.2555358223617077,38.269305136054754,
3036,38.65836700424552,0.25943596847355366,38.29427994787693,
3037,38.62310294061899,0.2542829606682062,38.261236157268286,
3038,38.68953697383404,0.25923317298293114,38.3258149959147,
3039,38.655757904052734,0.25770789943635464,38.2938461843878,
3040,38.66246808320284,0.2585470210760832,38.29966206103563,
3041,38.66587486118078,0.258017098531127,38.299876963719726,
3042,38.625983987003565,0.25922106578946114,38.26175397261977,
3043,38.66955917328596,0.2548028714954853,38.31132501363754,
3044,38.69499312713742,0.2564729657024145,38.33069698885083,
3045,39.17076415382326,0.7101260125637054,38.342910120263696,
3046,38.68794091977179,0.2644627820700407,38.31895720213652,
3047,38.68459980003536,0.2643689513206482,38.31620002165437,
3048,38.72117795981467,0.2592010423541069,38.35738613270223,
3049,38.668883964419365,0.2600520383566618,38.30549702979624,
3050,38.66054001264274,0.26135798543691635,38.294886937364936,
3051,38.620257982984185,0.2570988144725561,38.25884801335633,
3052,38.675045827403665,0.25799195282161236,38.312549935653806,
3053,38.64565188996494,0.2624629996716976,38.277596002444625,
3054,38.691248977556825,0.2565488684922457,38.327707909047604,
3055,38.70227211154997,0.2549260389059782,38.338395999744534,
3056,38.687052205204964,0.2615989651530981,38.320399122312665,
3057,38.72225317172706,0.2589200157672167,38.358188001438975,
3058,38.70102600194514,0.25508319959044456,38.33942487835884,
3059,38.656346034258604,0.25529786944389343,38.29745599068701,
3060,38.71646011248231,0.26510097086429596,38.34708919748664,
3061,39.19224301353097,0.7280108984559774,38.34393713623285,
3062,38.664726074784994,0.26916200295090675,38.290390046313405,
3063,38.6981968767941,0.26035704649984837,38.33106392994523,
3064,38.663655053824186,0.25751302018761635,38.30257896333933,
3065,38.68218301795423,0.2638061996549368,38.312814896926284,
3066,38.69177890010178,0.2540070563554764,38.33301295526326,
3067,38.633143063634634,0.2547090407460928,38.27369003556669,
3068,38.64051518030465,0.2630359958857298,38.27295103110373,
3069,38.64721301943064,0.2581910230219364,38.285143906250596,
3070,38.66244899109006,0.256609870120883,38.30130398273468,
3071,38.65260700695217,0.26251492090523243,38.28507615253329,
3072,38.69425994344056,0.2592140808701515,38.32860104739666,
3073,38.64888590760529,0.2588618081063032,38.286083145067096,
3074,38.69990608654916,0.2644839696586132,38.332856027409434,
3075,38.69126387871802,0.2552981022745371,38.331659976392984,
3076,38.663591956719756,0.2599928993731737,38.29839616082609,
3077,39.14185683242977,0.7082920055836439,38.314060773700476,
3078,38.73066697269678,0.26313308626413345,38.362578954547644,
3079,38.68261887691915,0.2668788656592369,38.31135807558894,
3080,38.64263603463769,0.25922292843461037,38.27574895694852,
3081,38.6594848241657,0.258611049503088,38.296723971143365,
3082,38.68947084993124,0.2631228417158127,38.32304012030363,
3083,38.675952004268765,0.2557199914008379,38.3164519444108,
3084,38.68787898682058,0.2575148828327656,38.325013127177954,
3085,38.675778079777956,0.26519293896853924,38.30510494299233,
3086,38.69906277395785,0.25993911549448967,38.33503997884691,
3087,38.685024017468095,0.2542219590395689,38.32449787296355,
3088,38.710216991603374,0.26445486582815647,38.34148310124874,
3089,38.676434895023704,0.2565819304436445,38.314315024763346,
3090,38.674866082146764,0.2553998492658138,38.31266611814499,
3091,38.65769202820957,0.25684013962745667,38.292865036055446,
3092,38.692316971719265,0.2575209364295006,38.33030513487756,
3093,39.17628014460206,0.7009890396147966,38.36019290611148,
3094,38.68107101880014,0.2596548292785883,38.31661702133715,
3095,38.665634114295244,0.26070093736052513,38.30192517489195,
3096,38.70842698961496,0.2637328580021858,38.34006818942726,
3097,38.715569069609046,0.25713606737554073,38.353492971509695,
3098,38.690051063895226,0.2542159054428339,38.32823201082647,
3099,38.698246935382485,0.25955098681151867,38.33463089540601,
3100,38.66387810558081,0.26066089048981667,38.298726081848145,
3101,38.70963281951845,0.2593619283288717,38.34585705772042,
3102,38.65528106689453,0.2548019401729107,38.29598403535783,
3103,38.68092014454305,0.2671040128916502,38.30872103571892,
3104,38.70494803413749,0.25967415422201157,38.3391659706831,
3105,38.71528385207057,0.25781290605664253,38.35203591734171,
3106,38.668517023324966,0.25878800079226494,38.305047899484634,
3107,38.69032603688538,0.2582389861345291,38.32686599344015,
3108,38.66334795020521,0.2564871683716774,38.30331587232649,
3109,39.157894905656576,0.6840559653937817,38.358481135219336,
3110,38.70413592085242,0.2614390105009079,38.33867609500885,
3111,38.718217983841896,0.2653561532497406,38.34702982567251,
3112,38.75239402987063,0.2631929237395525,38.38366805575788,
3113,38.73332613147795,0.26253401301801205,38.36439992301166,
3114,38.700019009411335,0.2593100070953369,38.33599598146975,
3115,38.70125999674201,0.26708398945629597,38.330174051225185,
3116,38.71082095429301,0.26040198281407356,38.344346918165684,
3117,38.70658506639302,0.2585060428828001,38.34112803451717,
3118,38.73715316876769,0.26342389173805714,38.37023605592549,
3119,38.642526837065816,0.25990093126893044,38.27598411589861,
3120,38.6820079293102,0.26111514307558537,38.31523284316063,
3121,38.721168879419565,0.262340996414423,38.353607058525085,
3122,38.71933394111693,0.2576010301709175,38.35578984580934,
3123,38.754503009840846,0.2580720465630293,38.39412797242403,
3124,38.6831050273031,0.26008905842900276,38.31885289400816,
3125,39.17680401355028,0.6947210058569908,38.365552900359035,
3126,38.73447701334953,0.2643559128046036,38.3657650090754,
3127,38.72898896224797,0.26371702551841736,38.3622688241303,
3128,38.718258030712605,0.26073912158608437,38.3522838819772,
3129,38.67891198024154,0.2597230486571789,38.31445495598018,
3130,38.726970087736845,0.26395288296043873,38.35879499092698,
3131,38.72401197440922,0.2576960250735283,38.36041199974716,
3132,38.69476681575179,0.2583919558674097,38.332805037498474,
3133,38.68365101516247,0.25901803746819496,38.31839095801115,
3134,38.70504698716104,0.26707304641604424,38.33173890598118,
3135,38.69528300128877,0.25821710005402565,38.33195683546364,
3136,38.649379974231124,0.25724410079419613,38.28729689121246,
3137,38.71225984767079,0.2615849953144789,38.34531595930457,
3138,38.67175197228789,0.2582359593361616,38.30755385570228,
3139,38.70762698352337,0.2575819380581379,38.345446111634374,
3140,38.66274515166879,0.2609081566333771,38.292282028123736,
3141,39.217758923769,0.7029480766505003,38.39741111733019,
3142,38.73801417648792,0.26931194588541985,38.362391060218215,
3143,38.71659701690078,0.2613270189613104,38.35119400173426,
3144,38.76311797648668,0.2636250574141741,38.39559503830969,
3145,38.70868613012135,0.2584438771009445,38.34618115797639,
3146,38.7287070043385,0.26678084395825863,38.356772158294916,
3147,38.70014613494277,0.25706691667437553,38.33924699574709,
3148,38.670514011755586,0.2604809124022722,38.30587607808411,
3149,38.70301111601293,0.2622208558022976,38.33395498804748,
3150,38.76823210157454,0.25867391377687454,38.40439999476075,
3151,38.71737886220217,0.25667203590273857,38.357197074219584,
3152,38.70163392275572,0.2600238658487797,38.335677003487945,
3153,38.70598692446947,0.2651400864124298,38.336557103320956,
3154,38.69159100577235,0.25802082382142544,38.32981106825173,
3155,38.71065005660057,0.2564680762588978,38.34796790033579,
3156,38.70545793324709,0.25880313478410244,38.33844792097807,
3157,39.233900140970945,0.6948939990252256,38.42437104322016,
3158,38.722004974260926,0.2708879765123129,38.346569053828716,
3159,38.75131695531309,0.2607849892228842,38.38741593062878,
3160,38.73757505789399,0.2597321290522814,38.37334085255861,
3161,38.744037970900536,0.2586820628494024,38.38207293301821,
3162,38.713357178494334,0.2659058663994074,38.34374598227441,
3163,38.707977160811424,0.2569151110947132,38.347331807017326,
3164,38.73286698944867,0.25702593848109245,38.363812025636435,
3165,38.72230206616223,0.2617589198052883,38.35644503124058,
3166,38.72255212627351,0.2643978223204613,38.35403616540134,
3167,38.72618009336293,0.26048021391034126,38.360792910680175,
3168,38.702163845300674,0.2603731118142605,38.337640929967165,
3169,38.67056383751333,0.25687506422400475,38.30381599254906,
3170,38.7316201813519,0.25842594914138317,38.36950520053506,
3171,38.74462400563061,0.2565260510891676,38.38248597458005,
3172,38.696175906807184,0.2582441084086895,38.33465790376067,
3173,39.15049601346254,0.6875388789921999,38.342778105288744,
3174,38.68719004094601,0.26316591538488865,38.31871203146875,
3175,38.7366299983114,0.26034191250801086,38.37032802402973,
3176,38.71751111000776,0.26275799609720707,38.35172997787595,
3177,38.724911166355014,0.26072096079587936,38.360408041626215,
3178,38.71434205211699,0.2618019934743643,38.34940097294748,
3179,38.72576099820435,0.2571281511336565,38.36507280357182,
3180,38.73029304668307,0.25852792896330357,38.36787701584399,
3181,38.746405858546495,0.257113017141819,38.38403499685228,
3182,38.745746947824955,0.2626171335577965,38.378475001081824,
3183,38.72383804991841,0.25728694163262844,38.36236800998449,
3184,38.69419195689261,0.2562771551311016,38.33313984796405,
3185,38.7364961206913,0.25585712864995,38.376912008970976,
3186,38.76406792551279,0.2656599972397089,38.3960718754679,
3187,38.72636007145047,0.2591910306364298,38.36343204602599,
3188,38.72913704253733,0.2613228280097246,38.358757039532065,
3189,39.17400212958455,0.6847709883004427,38.36331400088966,
3190,38.73800300061703,0.2684411592781544,38.362250896170735,
3191,38.78286201506853,0.26811985298991203,38.408277090638876,
3192,38.707452127709985,0.2665019128471613,38.33498107269406,
3193,38.69759989902377,0.2583127934485674,38.33410516381264,
3194,38.69350510649383,0.2583400346338749,38.33059803582728,
3195,38.735812064260244,0.2664730418473482,38.363146828487515,
3196,38.7556659989059,0.25889487005770206,38.39186602272093,
3197,38.73087908141315,0.2586191985756159,38.36516384035349,
3198,38.69334980845451,0.25883899070322514,38.32865203730762,
3199,38.71597698889673,0.26547699235379696,38.344580214470625,
3200,38.738984847441316,0.2605849876999855,38.37331011891365,
3201,38.71447197161615,0.26082107797265053,38.349438924342394,
3202,38.73742884024978,0.25832513347268105,38.37141394615173,
3203,38.71599701233208,0.2629810478538275,38.349194917827845,
3204,38.743795128539205,0.26061804965138435,38.37868291884661,
3205,39.21959502622485,0.6799530237913132,38.42379315756261,
3206,38.798614870756865,0.26383204385638237,38.429607870057225,
3207,38.76879392191768,0.25948393158614635,38.40032801963389,
3208,38.75273698940873,0.2626590430736542,38.38471393100917,
3209,38.72114606201649,0.2680090256035328,38.34759397432208,
3210,38.71419979259372,0.2582769375294447,38.35089411586523,
3211,38.76224905252457,0.2592080272734165,38.398611126467586,
3212,38.72972191311419,0.2594250254333019,38.36261387914419,
3213,38.74655603431165,0.25872886180877686,38.382831029593945,
3214,38.73224090784788,0.2622390165925026,38.36339106783271,
3215,38.76238106749952,0.25938497856259346,38.3982639759779,
3216,38.72211603447795,0.2639349550008774,38.35418215021491,
3217,38.72718312777579,0.25832117535173893,38.363121915608644,
3218,38.76358107663691,0.2633070107549429,38.394411792978644,
3219,38.74863008968532,0.2602569293230772,38.382318103685975,
3220,38.77364285290241,0.26521901600062847,38.4024519007653,
3221,39.251162903383374,0.730080995708704,38.39970799162984,
3222,38.766576210036874,0.26882695965468884,38.39352889917791,
3223,38.757222006097436,0.26794103905558586,38.38539193384349,
3224,38.72478497214615,0.26395684108138084,38.357095094397664,
3225,38.76996785402298,0.2621919848024845,38.40290009975433,
3226,38.75887091271579,0.2622529864311218,38.39195589534938,
3227,38.75606111250818,0.2657810691744089,38.38625503703952,
3228,38.777033099904656,0.26230490766465664,38.41006197035313,
3229,38.72220381163061,0.2603938337415457,38.36067207157612,
3230,38.762621115893126,0.2583051100373268,38.40115596540272,
3231,38.778629153966904,0.2683899365365505,38.40730106458068,
3232,38.76582998782396,0.2587251365184784,38.403223967179656,
3233,38.751016138121486,0.25857286527752876,38.388362154364586,
3234,38.705947110429406,0.2597370184957981,38.34098298102617,
3235,38.76930195838213,0.26547093875706196,38.39911986142397,
3236,38.75268087722361,0.2623919863253832,38.38781197555363,
3237,39.20096694491804,0.7126221898943186,38.371826987713575,
3238,38.77808293327689,0.2667729277163744,38.40668103657663,
3239,38.77468314021826,0.26103598065674305,38.410478038713336,
3240,38.754221983253956,0.2626078203320503,38.38657098822296,
3241,38.762048818171024,0.2674129791557789,38.38917310349643,
3242,38.76997414045036,0.26872986927628517,38.396941032260656,
3243,38.760612020269036,0.25995378382503986,38.395776180550456,
3244,38.76508492976427,0.257955864071846,38.39997807517648,
3245,38.754381937906146,0.26327697560191154,38.386414060369134,
3246,38.714478025212884,0.2687589731067419,38.34106004796922,
3247,38.80338091403246,0.2616508863866329,38.40744309127331,
3248,38.80229685455561,0.26926700957119465,38.42205391265452,
3249,38.712395122274756,0.2595700789242983,38.34902890957892,
3250,38.75311091542244,0.2669778186827898,38.38177304714918,
3251,38.74270198866725,0.2595200203359127,38.37935393676162,
3252,38.75851701013744,0.25793095119297504,38.396431831642985,
3253,39.262888953089714,0.713560963049531,38.4319550357759,
3254,38.77269406802952,0.26756012812256813,38.40048797428608,
3255,38.737635128200054,0.2636699937283993,38.36919693276286,
3256,38.81569113582373,0.266925897449255,38.44462498091161,
3257,38.7886178214103,0.2665549982339144,38.4183491114527,
3258,38.777336943894625,0.26264600455760956,38.410542998462915,
3259,38.768016966059804,0.2592680975794792,38.4058419149369,
3260,38.749865954741836,0.2582501620054245,38.38781081140041,
3261,38.82569004781544,0.2679659519344568,38.45295216888189,
3262,38.74207893386483,0.2600839361548424,38.37737697176635,
3263,38.7719520367682,0.25815400294959545,38.410096196457744,
3264,38.74288406223059,0.2593288663774729,38.38055208325386,
3265,38.77737605944276,0.26815407909452915,38.40528894215822,
3266,38.756761001423,0.2675929572433233,38.38579193688929,
3267,38.765591103583574,0.25970302522182465,38.399514043703675,
3268,38.758823880925775,0.2583540044724941,38.3962020277977,
3269,39.23898399807513,0.7064209785312414,38.41688483953476,
3270,38.80146914161742,0.26260316371917725,38.43374294228852,
3271,38.752693915739655,0.2644280903041363,38.384443847462535,
3272,38.75148016959429,0.27315388433635235,38.373471004888415,
3273,38.79937808960676,0.2609479706734419,38.43253687955439,
3274,38.76534104347229,0.2613081596791744,38.40021486394107,
3275,38.758310955017805,0.26129395700991154,38.391344947740436,
3276,38.771481020376086,0.26423600502312183,38.404023041948676,
3277,38.81001495756209,0.2632727846503258,38.443194003775716,
3278,38.76052494160831,0.260594068095088,38.39489910751581,
3279,38.76044601202011,0.25958102196455,38.39269606396556,
3280,38.776241010054946,0.26204483583569527,38.409403059631586,
3281,38.76730799674988,0.2647081855684519,38.398695876821876,
3282,38.7238678522408,0.26071304455399513,38.357669953256845,
3283,38.77191501669586,0.25850883685052395,38.40692597441375,
3284,38.75221195630729,0.2626751083880663,38.386143976822495,
3285,39.27167598158121,0.7065699901431799,38.44833606854081,
3286,38.83737698197365,0.26529585011303425,38.46640815027058,
3287,38.787624100223184,0.2619749866425991,38.420324912294745,
3288,38.747786078602076,0.2688670065253973,38.37560606189072,
3289,38.77586987800896,0.25848113000392914,38.41281495988369,
3290,38.73422904871404,0.2601181622594595,38.36898203007877,
3291,38.76923909410834,0.2610529772937298,38.40395202860236,
3292,38.74720400199294,0.2629950176924467,38.38075906969607,
3293,38.81627693772316,0.26060501113533974,38.45164994709194,
3294,38.80375204607844,0.2616448327898979,38.43588614836335,
3295,38.76981814391911,0.2556650433689356,38.410217966884375,
3296,38.79196313209832,0.2593968529254198,38.426479091867805,
3297,38.77793508581817,0.26455800980329514,38.40705589391291,
3298,38.77453412860632,0.2637910656630993,38.40668103657663,
3299,38.76433218829334,0.26190606877207756,38.39886886999011,
3300,38.76441717147827,0.2609009388834238,38.400750141590834,
3301,39.242652943357825,0.7002442143857479,38.4249659255147,
3302,38.76291704364121,0.2628290094435215,38.39483205229044,
3303,38.746271980926394,0.26446301490068436,38.376880111172795,
3304,38.77422399818897,0.27017388492822647,38.39950216934085,
3305,38.810889003798366,0.2628420479595661,38.44357398338616,
3306,38.78637100569904,0.2624720800668001,38.41989696957171,
3307,38.820812944322824,0.25963084772229195,38.457365008071065,
3308,38.807346019893885,0.2682260237634182,38.43511291779578,
3309,38.74681214801967,0.267422990873456,38.37402700446546,
3310,38.81498193368316,0.266070943325758,38.44513604417443,
3311,38.78200682811439,0.260811997577548,38.41648786328733,
3312,38.76051213592291,0.2618769649416208,38.395300041884184,
3313,38.735996931791306,0.26418687775731087,38.36829913780093,
3314,38.73954899609089,0.2631540410220623,38.372013019397855,
3315,38.7697909027338,0.25767204351723194,38.40721701271832,
3316,38.81152183748782,0.2606611233204603,38.4467588737607,
3317,39.260110119357705,0.6969571113586426,38.444180972874165,
3318,38.782110903412104,0.2657407894730568,38.40791620314121,
3319,38.72534609399736,0.2642078325152397,38.35540311411023,
3320,38.811777951195836,0.2717019524425268,38.43551501631737,
3321,38.78242615610361,0.26461994275450706,38.41357887722552,
3322,38.817951921373606,0.2621349412947893,38.45138102769852,
3323,38.78098400309682,0.26056193746626377,38.41741010546684,
3324,38.76350005157292,0.26456406340003014,38.39527885429561,
3325,38.801477989181876,0.26915199123322964,38.4285191539675,
3326,38.79035194404423,0.2623419277369976,38.424731930717826,
3327,38.76270190812647,0.2601861488074064,38.3985519874841,
3328,38.77752204425633,0.2631419338285923,38.411656161770225,
3329,38.78473094664514,0.26579201221466064,38.41393580660224,
3330,38.77932904288173,0.2624071203172207,38.41269086115062,
3331,38.83414599113166,0.2628809306770563,38.46815205179155,
3332,38.78802200779319,0.260830856859684,38.42394798994064,
3333,39.29426590912044,0.6845290772616863,38.48843206651509,
3334,38.83987199515104,0.25990791618824005,38.47421216778457,
3335,38.77573716454208,0.2611428499221802,38.40878210030496,
3336,38.74577791430056,0.26259198784828186,38.37863705120981,
3337,38.79463509656489,0.2685999497771263,38.42234401963651,
3338,38.74599188566208,0.2596781123429537,38.38298283517361,
3339,38.78815216012299,0.2592131495475769,38.42383995652199,
3340,38.81852887570858,0.2609570510685444,38.45245693810284,
3341,38.807556964457035,0.26658386923372746,38.43790199607611,
3342,38.82622695527971,0.26792404241859913,38.45491190440953,
3343,38.80707989446819,0.2590268850326538,38.443777011707425,
3344,38.8149400241673,0.25980500504374504,38.45066297799349,
3345,38.79892802797258,0.26578688994050026,38.42993709258735,
3346,38.821802008897066,0.258981017395854,38.45649701543152,
3347,38.766141049563885,0.2679610624909401,38.393520982936025,
3348,38.80151500925422,0.26138313114643097,38.435997907072306,
3349,39.246260188519955,0.7043289951980114,38.42632099986076,
3350,38.818125147372484,0.2733580768108368,38.43914391472936,
3351,38.85361202992499,0.26862206868827343,38.478885777294636,
3352,38.78373512998223,0.2645510248839855,38.413434056565166,
3353,38.81766879931092,0.2644490450620651,38.44614792615175,
3354,38.798523833975196,0.25980593636631966,38.43232919462025,
3355,38.8207258656621,0.27104211039841175,38.44344103708863,
3356,38.789342157542706,0.26497989892959595,38.420236902311444,
3357,38.84295420721173,0.26140501722693443,38.477509981021285,
3358,38.77897816710174,0.26183086447417736,38.408809108659625,
3359,38.7763911858201,0.2595800906419754,38.41350204311311,
3360,38.78383804112673,0.26718596927821636,38.410613080486655,
3361,38.819488836452365,0.2601081505417824,38.45451190136373,
3362,38.75974798575044,0.2633261028677225,38.39390003122389,
3363,38.788474164903164,0.26465090923011303,38.419660879299045,
3364,38.78077492117882,0.26061804965138435,38.41535304673016,
3365,39.30190089158714,0.7271368522197008,38.45944511704147,
3366,38.82538597099483,0.26553403586149216,38.45421690493822,
3367,38.85394707322121,0.26684789918363094,38.482366129755974,
3368,38.77574787475169,0.2695010043680668,38.400954101234674,
3369,38.83493016473949,0.26239710859954357,38.46666496247053,
3370,38.8380391523242,0.259332824498415,38.47385314293206,
3371,38.815815933048725,0.2626911737024784,38.448974955827,
3372,38.8586800545454,0.26070699095726013,38.493772968649864,
3373,38.76739204861224,0.26276009157299995,38.39684906415641,
3374,38.81115512922406,0.26750192046165466,38.438474060967565,
3375,38.83223491720855,0.2616450656205416,38.46590081229806,
3376,38.843848975375295,0.260320957750082,38.47780893556774,
3377,38.776518078520894,0.26119593530893326,38.40920911170542,
3378,38.787642028182745,0.26263087056577206,38.42115914449096,
3379,38.79371006041765,0.26852707378566265,38.42355101369321,
3380,38.8243761844933,0.2651351969689131,38.450307911261916,
3381,39.32697209529579,0.7548488210886717,38.45394914969802,
3382,38.846764946356416,0.28203707188367844,38.45686186105013,
3383,38.86099089868367,0.2679058816283941,38.488544058054686,
3384,38.80322305485606,0.26455591432750225,38.43503608368337,
3385,38.86126400902867,0.2630441449582577,38.49484887905419,
3386,38.77861308865249,0.2594378311187029,38.416151190176606,
3387,38.819915847852826,0.26098894886672497,38.453629007562995,
3388,38.858371088281274,0.2716581802815199,38.48185297101736,
3389,38.813160033896565,0.2635249402374029,38.445895072072744,
3390,38.81620801985264,0.26025320403277874,38.45084388740361,
3391,38.7768791988492,0.25752512738108635,38.41511998325586,
3392,38.81410206668079,0.26362412609159946,38.44633302651346,
3393,38.8003948610276,0.26870681904256344,38.427164079621434,
3394,38.84495608508587,0.2666038926690817,38.474880158901215,
3395,38.86352805420756,0.26075681671500206,38.49776298739016,
3396,38.809302961453795,0.2640560269355774,38.44239399768412,
3397,39.33489415794611,0.7558530196547508,38.46169891767204,
3398,38.844827096909285,0.27152313850820065,38.46900397911668,
3399,38.868153002113104,0.26445789262652397,38.499081041663885,
3400,38.79845701158047,0.26643299497663975,38.426900980994105,
3401,38.83205004967749,0.26346277445554733,38.463558070361614,
3402,38.819513050839305,0.2634350676089525,38.44524500891566,
3403,38.79060805775225,0.26823999360203743,38.416372146457434,
3404,38.83534693159163,0.26348489336669445,38.467017002403736,
3405,38.8336549513042,0.26371097192168236,38.465616991743445,
3406,38.81235094740987,0.2613719552755356,38.4457518812269,
3407,38.766046054661274,0.26092701591551304,38.40208286419511,
3408,38.81078283302486,0.26879808865487576,38.43752993270755,
3409,38.79939508624375,0.25948393158614635,38.4378379676491,
3410,38.81328203715384,0.2637989819049835,38.446526043117046,
3411,38.87065313756466,0.25693909265100956,38.51057798601687,
3412,38.846248062327504,0.263105146586895,38.47659891471267,
3413,39.34279992245138,0.7454778533428907,38.480267161503434,
3414,38.84889488108456,0.2682190388441086,38.474177941679955,
3415,38.85167418047786,0.26512984186410904,38.48099312745035,
3416,38.86424703523517,0.2618201542645693,38.49886194802821,
3417,38.85633894242346,0.26065181009471416,38.49110705778003,
3418,38.80520211532712,0.2666760701686144,38.43410196714103,
3419,38.830306846648455,0.25958381593227386,38.46640605479479,
3420,38.84414117783308,0.26307906955480576,38.47671300172806,
3421,38.78165385685861,0.2616050187498331,38.41543500311673,
3422,38.85502205230296,0.26413798332214355,38.482530042529106,
3423,38.82957808673382,0.26094005443155766,38.4658700786531,
3424,38.796631852164865,0.2672141417860985,38.42556802555919,
3425,38.87220285832882,0.262832036241889,38.50462916307151,
3426,38.8736380264163,0.2632599789649248,38.50503591820598,
3427,38.81748113781214,0.26134890504181385,38.45108114182949,
3428,38.833733880892396,0.262729125097394,38.4631238412112,
3429,39.363344898447394,0.7319261785596609,38.51563483476639,
3430,38.849074859172106,0.268520787358284,38.47615700215101,
3431,38.84642897173762,0.2651810646057129,38.47711789421737,
3432,38.82569191046059,0.2616879064589739,38.45821809954941,
3433,38.82014215923846,0.2676260191947222,38.44533790834248,
3434,38.86429709382355,0.2737310715019703,38.48583693616092,
3435,38.87176397256553,0.26406184770166874,38.50483405403793,
3436,38.869763957336545,0.263456953689456,38.5008598677814,
3437,38.85961603373289,0.26831403374671936,38.487808080390096,
3438,38.77688501961529,0.2648781519383192,38.40251895599067,
3439,38.85673894546926,0.26364182122051716,38.48737804219127,
3440,38.85262296535075,0.27316203340888023,38.4752219542861,
3441,38.83010381832719,0.26514683850109577,38.46018901094794,
3442,38.859834894537926,0.26485719718039036,38.48956688307226,
3443,38.80555811338127,0.26296498253941536,38.439489901065826,
3444,38.80842006765306,0.26213820092380047,38.442656863480806,
3445,39.35490804724395,0.7278178818523884,38.51116611622274,
3446,38.86166890151799,0.2697468735277653,38.48702507093549,
3447,38.87012298218906,0.2640609163790941,38.50270505063236,
3448,38.8197461143136,0.2661768812686205,38.44589018262923,
3449,38.86904916726053,0.2650159876793623,38.500099908560514,
3450,38.83099090307951,0.2654599957168102,38.45956199802458,
3451,38.87600498273969,0.26868097484111786,38.50181703455746,
3452,38.85363508015871,0.2608150243759155,38.48908003419638,
3453,38.82824000902474,0.26147812604904175,38.46201905980706,
3454,38.84942992590368,0.2631358802318573,38.48100104369223,
3455,38.84529205970466,0.26578595861792564,38.47241890616715,
3456,38.820951944217086,0.26397895999252796,38.45271305181086,
3457,38.844218011945486,0.2666129730641842,38.471567910164595,
3458,38.86600397527218,0.2664150670170784,38.49577601067722,
3459,38.81586389616132,0.2630399540066719,38.447167025879025,
3460,38.866518065333366,0.26247999630868435,38.50058396346867,
3461,39.41191709600389,0.7421539630740881,38.55377994477749,
3462,38.843952817842364,0.2739459741860628,38.464887998998165,
3463,38.890983909368515,0.2639999147504568,38.52222999557853,
3464,38.837190018966794,0.26482297107577324,38.468074053525925,
3465,38.8530979398638,0.26468303985893726,38.48289605230093,
3466,38.849317003041506,0.2623389009386301,38.483011070638895,
3467,38.83637487888336,0.2629910595715046,38.46994484774768,
3468,38.86202187277377,0.27095992118120193,38.4875179734081,
3469,38.827860029414296,0.2695871517062187,38.4521558880806,
3470,38.883097004145384,0.26382808573544025,38.5149319190532,
3471,38.9030440710485,0.26126508601009846,38.53596607223153,
3472,38.841277826577425,0.2615731209516525,38.47457584924996,
3473,38.869730196893215,0.2618678845465183,38.500393042340875,
3474,38.847716990858316,0.2649070229381323,38.47941686399281,
3475,38.819652050733566,0.26739691384136677,38.448990089818835,
3476,38.84407412260771,0.2678080927580595,38.470912957563996,
3477,39.33146293275058,0.7186569273471832,38.49764005281031,
3478,38.86913997121155,0.27488102205097675,38.49057015031576,
3479,38.84065384045243,0.27341488748788834,38.46460999920964,
3480,38.85793802328408,0.26520900428295135,38.48900506272912,
3481,38.881246000528336,0.2633749973028898,38.51274820044637,
3482,38.81775890477002,0.2587831113487482,38.45449793152511,
3483,38.833313854411244,0.2617170102894306,38.468067068606615,
3484,38.835440995171666,0.2624629996716976,38.46842609345913,
3485,38.829486817121506,0.26727584190666676,38.45855803228915,
3486,38.88972196727991,0.2830410376191139,38.50297280587256,
3487,38.86299906298518,0.2612471580505371,38.49707799963653,
3488,38.90708205290139,0.2632529940456152,38.540553068742156,
3489,38.87973679229617,0.2611670643091202,38.513022009283304,
3490,38.834717124700546,0.26264297775924206,38.462330820038915,
3491,38.87377888895571,0.2616150304675102,38.5048808529973,
3492,38.86761097237468,0.2632529940456152,38.500430062413216,
3493,39.38796604052186,0.7159758824855089,38.55630103498697,
3494,38.8276691082865,0.2678248565644026,38.45484904013574,
3495,38.877497194334865,0.26637897826731205,38.50459004752338,
3496,38.93962409347296,0.26856991462409496,38.56489690952003,
3497,38.895076839253306,0.26306998915970325,38.528675911948085,
3498,38.83541002869606,0.2702828496694565,38.45979901961982,
3499,38.8952549546957,0.2689650282263756,38.5195289272815,
3500,38.88575197197497,0.2668818924576044,38.51448209024966,
3501,38.865067064762115,0.26422995142638683,38.495582062751055,
3502,38.86515088379383,0.26564300060272217,38.4936488699168,
3503,38.8484641443938,0.26433891616761684,38.4787090588361,
3504,38.81353884935379,0.2636248245835304,38.4461609646678,
3505,38.89810596592724,0.2677070442587137,38.52564096450806,
3506,38.88103389181197,0.27097295969724655,38.50488713942468,
3507,38.922067964449525,0.27113198302686214,38.5447081644088,
3508,38.86031312867999,0.266027869656682,38.48951100371778,
3509,39.40244019031525,0.7211919873952866,38.564122980460525,
3510,38.921830942854285,0.27531711384654045,38.53907389566302,
3511,38.94351492635906,0.27070404030382633,38.56802894733846,
3512,38.88286813162267,0.2737699542194605,38.5018780361861,
3513,38.87457610107958,0.27133594267070293,38.49733900278807,
3514,38.84070389904082,0.26415102183818817,38.471548119559884,
3515,38.90717914327979,0.2638360019773245,38.53919077664614,
3516,38.90935704112053,0.26389886625111103,38.538425927981734,
3517,38.916628109291196,0.2643589396029711,38.54616614989936,
3518,38.881266955286264,0.26488187722861767,38.511518156155944,
3519,38.86301489546895,0.26317196898162365,38.49549195729196,
3520,38.90430787578225,0.2695999573916197,38.53094717487693,
3521,38.87835703790188,0.2718220930546522,38.50004798732698,
3522,38.915265118703246,0.2735690213739872,38.533831015229225,
3523,38.8657171279192,0.2653950359672308,38.493407890200615,
3524,38.85140689089894,0.269806943833828,38.476622896268964,
3525,39.367943070828915,0.7227279711514711,38.52824913337827,
3526,38.89660397544503,0.2793169114738703,38.51097612641752,
3527,38.894368801265955,0.2693829592317343,38.51900389418006,
3528,38.892538053914905,0.26421318762004375,38.522944785654545,
3529,38.89666497707367,0.26601296849548817,38.521829061210155,
3530,38.95684611052275,0.26585301384329796,38.58511405996978,
3531,38.86982100084424,0.26374985463917255,38.50119607523084,
3532,38.86635601520538,0.2657161094248295,38.49450405687094,
3533,38.83214597590268,0.262971967458725,38.46413502469659,
3534,38.87177794240415,0.26911799795925617,38.497117115184665,
3535,38.91216591000557,0.27277087792754173,38.53641799651086,
3536,38.918019039556384,0.27175387367606163,38.54196914471686,
3537,38.897470105439425,0.26601599529385567,38.52638206444681,
3538,38.91205997206271,0.2611251547932625,38.54380687698722,
3539,38.88645605184138,0.26366114616394043,38.51670399308205,
3540,38.863576017320156,0.2696169540286064,38.48943905904889,
3541,39.40721205435693,0.7041280623525381,38.58641185797751,
3542,38.90585410408676,0.2702090423554182,38.5311939753592,
3543,38.93571486696601,0.2636960707604885,38.56639191508293,
3544,38.91065809875727,0.26852497830986977,38.536563981324434,
3545,38.909098133444786,0.26787794195115566,38.53580914437771,
3546,38.89485099352896,0.2663650084286928,38.52370800450444,
3547,38.89717091806233,0.2671580296009779,38.52368192747235,
3548,38.903075037524104,0.26642996817827225,38.53575699031353,
3549,38.873939076438546,0.2658178564161062,38.50235906429589,
3550,38.90502103604376,0.27012801729142666,38.52890385314822,
3551,38.84895285591483,0.2727760002017021,38.47107198089361,
3552,38.92860608175397,0.2730879932641983,38.5497291572392,
3553,38.904404966160655,0.26546092703938484,38.53396303020418,
3554,38.96252205595374,0.26504998095333576,38.59367407858372,
3555,38.85654592886567,0.265707029029727,38.486018776893616,
3556,38.883798988536,0.2668951638042927,38.508434779942036,
3557,39.34250399470329,0.6971268448978662,38.52885402739048,
3558,38.948750821873546,0.2694069407880306,38.57402713038027,
3559,38.915816927328706,0.2687110099941492,38.540201960131526,
3560,38.929891074076295,0.26706792414188385,38.55760209262371,
3561,38.93041401170194,0.2654299605637789,38.56077208183706,
3562,38.915182929486036,0.26559201069176197,38.542926078662276,
3563,38.87284593656659,0.26387395337224007,38.50197605788708,
3564,38.905730936676264,0.26274588890373707,38.53054018691182,
3565,38.896982092410326,0.26391795836389065,38.526501040905714,
3566,38.90385408885777,0.26430608704686165,38.53483102284372,
3567,38.86575601063669,0.2695901785045862,38.4914418682456,
3568,38.89034898020327,0.273754820227623,38.50995819084346,
3569,38.926410023123026,0.26746513321995735,38.55267493054271,
3570,38.88621088117361,0.26474008336663246,38.5150290094316,
3571,38.9081418979913,0.2677610609680414,38.532200967893004,
3572,38.900361163541675,0.26709120720624924,38.52733294479549,
3573,39.48232321999967,0.7868940010666847,38.57456613332033,
3574,38.92803704366088,0.2957410179078579,38.527396973222494,
3575,38.94001594744623,0.281360000371933,38.55338483117521,
3576,38.94333797506988,0.27006911113858223,38.56477001681924,
3577,38.90888998284936,0.2695620059967041,38.5330761782825,
3578,38.91447396017611,0.2659829333424568,38.54323807172477,
3579,38.92325214110315,0.26760902255773544,38.55060809291899,
3580,38.944636937230825,0.26675895787775517,38.57216308824718,
3581,38.90998917631805,0.26295892894268036,38.542277878150344,
3582,38.88042806647718,0.26366603560745716,38.511151913553476,
3583,38.9063551556319,0.26605906896293163,38.53116394020617,
3584,38.86895999312401,0.2667880617082119,38.4968570433557,
3585,38.94652100279927,0.2666669897735119,38.57316100038588,
3586,38.91670098528266,0.27249613776803017,38.53674093261361,
3587,38.906906032934785,0.27268705889582634,38.52994809858501,
3588,38.94884814508259,0.27562608011066914,38.568906020373106,
3589,39.50695600360632,0.7828499656170607,38.60510606318712,
3590,38.92541187815368,0.27669407427310944,38.543152855709195,
3591,38.94827817566693,0.2727569080889225,38.569592172279954,
3592,38.93153090029955,0.2712709829211235,38.5556030087173,
3593,38.93573582172394,0.27027097530663013,38.55981002561748,
3594,38.88398897834122,0.2677009906619787,38.50755887106061,
3595,38.91438199207187,0.27380394749343395,38.53690205141902,
3596,38.95891201682389,0.2721811179071665,38.58142998069525,
3597,38.90384919941425,0.2732488792389631,38.52357412688434,
3598,38.93013601191342,0.26773707941174507,38.55665982700884,
3599,38.97275612689555,0.2639100421220064,38.59843499958515,
3600,38.938445039093494,0.2667668741196394,38.56445010751486,
3601,38.99925295263529,0.27052080258727074,38.612389005720615,
3602,38.95402792841196,0.2813958562910557,38.563113193959,
3603,38.92033197917044,0.2729699481278658,38.539130007848144,
3604,38.92297390848398,0.26942603290081024,38.54569001123309,
3605,39.474847028031945,0.7957080379128456,38.557936903089285,
3606,38.9081509783864,0.28900615870952606,38.51394401863217,
3607,38.98173989728093,0.2748521510511637,38.59805897809565,
3608,38.93114114180207,0.2774740569293499,38.5477589443326,
3609,38.936715107411146,0.2687089145183563,38.561519933864474,
3610,38.908320013433695,0.2659279853105545,38.535807048901916,
3611,38.916132878512144,0.2661789767444134,38.545351941138506,
3612,38.901636842638254,0.2625049091875553,38.532847072929144,
3613,38.964423118159175,0.2671040128916502,38.58611988835037,
3614,38.972975919023156,0.30111498199403286,38.55585213750601,
3615,38.9255709014833,0.30013988725841045,38.51630608551204,
3616,38.92066911794245,0.28326595202088356,38.53088291361928,
3617,38.91674196347594,0.2642120234668255,38.53870811872184,
3618,38.94300805404782,0.26819901540875435,38.55800093151629,
3619,38.991792127490044,0.2894960343837738,38.59003214165568,
3620,38.985957857221365,0.2891810145229101,38.581683998927474,
3621,39.580997079610825,0.8146839682012796,38.637704914435744,
3622,38.97863277234137,0.30068098567426205,38.56802615337074,
3623,39.002774050459266,0.2913661301136017,38.59861404635012,
3624,38.98745612241328,0.3035459667444229,38.572079967707396,
3625,38.960592122748494,0.28653908520936966,38.567021023482084,
3626,38.93256210722029,0.27424097061157227,38.55189401656389,
3627,38.9641928486526,0.26947096921503544,38.58527401462197,
3628,38.94536406733096,0.27059484273195267,38.570590084418654,
3629,38.92754181288183,0.2673128619790077,38.55358902364969,
3630,38.91555708833039,0.27339207008481026,38.53269712999463,
3631,38.96362381055951,0.27514807879924774,38.580793887376785,
3632,38.98484609089792,0.27197482995688915,38.60633517615497,
3633,38.958627032116055,0.268060015514493,38.58463489450514,
3634,38.93777588382363,0.269884942099452,38.560604909434915,
3635,38.932457100600004,0.2683259081095457,38.557527121156454,
3636,38.93210296519101,0.2677920274436474,38.56055601499975,
3637,39.50888314284384,0.7909738924354315,38.598092971369624,
3638,39.01248914189637,0.27931295335292816,38.6282280087471,
3639,38.952070055529475,0.2712570130825043,38.57531305402517,
3640,38.98948198184371,0.2715610899031162,38.61225908622146,
3641,38.92962890677154,0.26942905969917774,38.55402488261461,
3642,38.94159593619406,0.26490003801882267,38.57121104374528,
3643,38.95191405899823,0.2675959840416908,38.57923508621752,
3644,38.980697048828006,0.26873103342950344,38.60782692208886,
3645,38.98381697945297,0.2670621033757925,38.61192590557039,
3646,38.93209295347333,0.2662469632923603,38.56160189025104,
3647,38.90586900524795,0.26504392735660076,38.53571601212025,
3648,38.92456297762692,0.26236800476908684,38.55882189236581,
3649,38.927000015974045,0.26718294247984886,38.5504849255085,
3650,38.959895027801394,0.26884605176746845,38.581088883802295,
3651,38.927423069253564,0.2658388111740351,38.55606401339173,
3652,38.94916595891118,0.27273804880678654,38.57121895998716,
3653,39.485582849010825,0.7718431297689676,38.59646595083177,
3654,38.9658201020211,0.2722558565437794,38.588323164731264,
3655,38.93766598775983,0.26830704882740974,38.564377930015326,
3656,38.94971311092377,0.2667508088052273,38.57703902758658,
3657,38.96772093139589,0.2625640481710434,38.60063408501446,
3658,38.98902703076601,0.2693131100386381,38.57542690820992,
3659,39.265455910936,0.5890231113880873,38.53914001956582,
3660,38.967259926721454,0.2722949720919132,38.58681698329747,
3661,38.964719977229834,0.2656371798366308,38.59349898993969,
3662,38.96963992156088,0.2660939935594797,38.59829413704574,
3663,38.95850898697972,0.2692819107323885,38.58231892809272,
3664,38.93182799220085,0.2659501042217016,38.55908592231572,
3665,38.954388815909624,0.2673729322850704,38.58307213522494,
3666,38.949096109718084,0.26813801378011703,38.57603692449629,
3667,38.930179784074426,0.2637980505824089,38.56241796165705,
3668,38.93898404203355,0.26478106155991554,38.566903909668326,
3669,39.51175417751074,0.7750040385872126,38.61725702881813,
3670,38.971658097580075,0.27609197422862053,38.590118987485766,
3671,38.9840011484921,0.27163303457200527,38.605738896876574,
3672,39.05938100069761,0.26796991005539894,38.68695395067334,
3673,38.96205802448094,0.2664050552994013,38.59165497124195,
3674,38.96215604618192,0.26430608704686165,38.59354183077812,
3675,38.96103100851178,0.2664821222424507,38.58934482559562,
3676,38.97494217380881,0.2668839879333973,38.60331489704549,
3677,39.00122200138867,0.2693859860301018,38.626828929409385,
3678,39.000369841232896,0.2644159831106663,38.63097191788256,
3679,38.99916005320847,0.2608131617307663,38.63292187452316,
3680,38.976809941232204,0.26547093875706196,38.6064809281379,
3681,38.94165903329849,0.2667729277163744,38.57161314226687,
3682,38.935157004743814,0.2674809657037258,38.56335813179612,
3683,38.966759108006954,0.26362109929323196,38.5984149761498,
3684,38.94830006174743,0.26414799503982067,38.57912914827466,
3685,39.44981610402465,0.7581200916320086,38.5765430983156,
3686,39.008942898362875,0.28106197714805603,38.621525978669524,
3687,38.99008594453335,0.27338811196386814,38.61199598759413,
3688,39.007291896268725,0.27513899840414524,38.62646804191172,
3689,39.02138490229845,0.2717848401516676,38.64377294667065,
3690,38.9432639349252,0.2740060444921255,38.56540098786354,
3691,38.970381021499634,0.27007400058209896,38.595904828980565,
3692,38.98519813083112,0.27771596796810627,38.603093940764666,
3693,38.99326408281922,0.27320790104568005,38.61629613675177,
3694,38.958251010626554,0.2729569096118212,38.58129889704287,
3695,38.96904503926635,0.2724789083003998,38.59323193319142,
3696,38.97862392477691,0.2723429352045059,38.59896305948496,
3697,39.02759402990341,0.2728230319917202,38.64926612004638,
3698,38.951182970777154,0.274372985586524,38.572079967707396,
3699,39.04879419133067,0.27277320623397827,38.67129888385534,
3700,38.921419996768236,0.27274596504867077,38.544296054169536,
3701,39.48521404527128,0.7410859689116478,38.61931199207902,
3702,39.03126996010542,0.26951590552926064,38.65627804771066,
3703,38.94785582087934,0.2674891147762537,38.57544390484691,
3704,38.980475859716535,0.26959599927067757,38.60676591284573,
3705,38.982021855190396,0.2644900232553482,38.61151309683919,
3706,38.970822002738714,0.2695100847631693,38.59729995019734,
3707,38.97445392794907,0.2670029643923044,38.602863904088736,
3708,38.98390312679112,0.2675431314855814,38.613068871200085,
3709,38.98739395663142,0.26626791805028915,38.616562029346824,
3710,39.03649002313614,0.2672059927135706,38.66200218908489,
3711,39.020554861053824,0.2668688539415598,38.6487680952996,
3712,38.968807086348534,0.2668199595063925,38.595507154241204,
3713,38.975252071395516,0.2652429975569248,38.60136307775974,
3714,38.99604384787381,0.2779101487249136,38.61396387219429,
3715,38.92602608539164,0.26963092386722565,38.55229704640806,
3716,38.997351890429854,0.2684390638023615,38.62385684624314,
3717,39.48271297849715,0.726655125617981,38.63988886587322,
3718,39.01237598620355,0.2707189414650202,38.63763599656522,
3719,38.979228818789124,0.2663449849933386,38.60820783302188,
3720,39.025618229061365,0.2679619938135147,38.65217207930982,
3721,38.99558517150581,0.26861182413995266,38.62382797524333,
3722,39.009806932881474,0.26829703710973263,38.63502596504986,
3723,39.02014601044357,0.2663428895175457,38.64466608501971,
3724,39.016983937472105,0.27182791382074356,38.63472305238247,
3725,38.984830025583506,0.27770595625042915,38.598557934165,
3726,38.980660028755665,0.2856480423361063,38.585669128224254,
3727,39.040856063365936,0.2727378159761429,38.652053102850914,
3728,38.99697493761778,0.2928241156041622,38.59446384012699,
3729,39.0147150028497,0.29069092124700546,38.617508951574564,
3730,38.98661700077355,0.27776602655649185,38.60396798700094,
3731,38.95534994080663,0.2737990580499172,38.577020866796374,
3732,38.98013010621071,0.2741590142250061,38.6008070781827,
3733,39.54275301657617,0.8002130780369043,38.62455999478698,
3734,38.97777711972594,0.2811888698488474,38.59108709730208,
3735,39.0106700360775,0.27141906321048737,38.63460500724614,
3736,38.945794105529785,0.26702601462602615,38.57316100038588,
3737,39.041556883603334,0.26995292864739895,38.66575611755252,
3738,39.028650149703026,0.26650913059711456,38.65875583142042,
3739,38.98066119290888,0.26685907505452633,38.608168018981814,
3740,39.014059817418456,0.26765791699290276,38.64221810363233,
3741,39.05648086220026,0.26599387638270855,38.68649806827307,
3742,39.03251001611352,0.26661716401576996,38.66074699908495,
3743,38.99778495542705,0.2672150731086731,38.62563404254615,
3744,39.02198001742363,0.2701540943235159,38.645348977297544,
3745,38.989257998764515,0.265355221927166,38.61934691667557,
3746,38.96518889814615,0.2678642049431801,38.59353996813297,
3747,38.98317785933614,0.2651619724929333,38.61324489116669,
3748,38.97969494573772,0.26601506397128105,38.60755008645356,
3749,39.54370995052159,0.7816939614713192,38.644626038149,
3750,39.014289854094386,0.27847709134221077,38.63174584694207,
3751,39.02293788269162,0.2711669076234102,38.64732291549444,
3752,39.025913923978806,0.27104117907583714,38.64794387482107,
3753,39.03239103965461,0.26850681751966476,38.65920612588525,
3754,38.99681498296559,0.26791379787027836,38.62281306646764,
3755,39.05067010782659,0.2640429884195328,38.68290991522372,
3756,39.00455683469772,0.2681759651750326,38.630875991657376,
3757,38.963111117482185,0.26396801695227623,38.59033389016986,
3758,39.02391600422561,0.2665179781615734,38.65264309570193,
3759,38.996443850919604,0.26885909028351307,38.62286196090281,
3760,39.04161904938519,0.26716687716543674,38.67010003887117,
3761,39.022695971652865,0.2667950466275215,38.6507329531014,
3762,39.0022131614387,0.26874011382460594,38.62747782841325,
3763,38.984287064522505,0.2635139971971512,38.61557901836932,
3764,38.98122813552618,0.26799109764397144,38.60855498351157,
3765,39.56191102042794,0.7507780101150274,38.69216190651059,
3766,39.0089200809598,0.2754989545792341,38.6287251021713,
3767,39.023496909067035,0.2768239937722683,38.64133614115417,
3768,39.03284785337746,0.2770868595689535,38.651621202006936,
3769,39.0697019174695,0.27328613214194775,38.692464819177985,
3770,39.025746984407306,0.27381698600947857,38.64730894565582,
3771,39.04180298559368,0.2732081338763237,38.658943958580494,
3772,39.02336582541466,0.2698339521884918,38.64434501156211,
3773,39.00467115454376,0.26996899396181107,38.627429166808724,
3774,38.995380979031324,0.2711170818656683,38.61970687285066,
3775,39.03024806641042,0.2662348560988903,38.65663893520832,
3776,39.01989292353392,0.2699238248169422,38.645314052700996,
3777,39.039961993694305,0.26921811513602734,38.66739198565483,
3778,39.0307460911572,0.26732590049505234,38.65821612998843,
3779,39.012979017570615,0.26704510673880577,38.64166000857949,
3780,39.04799115844071,0.2680150792002678,38.675497053191066,
3781,39.51855190098286,0.7393970154225826,38.661289028823376,
3782,39.07777206040919,0.2796661574393511,38.68899377994239,
3783,39.06958596780896,0.27483096346259117,38.68981287814677,
3784,39.02830299921334,0.27427799068391323,38.65009383298457,
3785,39.011470042169094,0.2714558504521847,38.628889014944434,
3786,39.05296907760203,0.2667659427970648,38.682457990944386,
3787,39.02640310116112,0.27324981056153774,38.647952023893595,
3788,39.031615015119314,0.2726069651544094,38.652640068903565,
3789,39.00441690348089,0.26772008277475834,38.63309393636882,
3790,39.01997907087207,0.27075596153736115,38.64289610646665,
3791,39.050256134942174,0.26825000531971455,38.677404867485166,
3792,39.02115789242089,0.2670430112630129,38.65084797143936,
3793,39.035214111208916,0.2691769041121006,38.66075701080263,
3794,39.036656031385064,0.2749490085989237,38.65656489506364,
3795,39.05352693982422,0.26739598251879215,38.68232388049364,
3796,39.04655808582902,0.2680860925465822,38.67525397799909,
3797,39.53174198977649,0.7255668751895428,38.68940309621394,
3798,39.1111730132252,0.2784568350762129,38.723488105461,
3799,39.05508294701576,0.2676511649042368,38.68041280657053,
3800,39.04848196543753,0.268526840955019,38.67714898660779,
3801,39.0207190066576,0.2674118150025606,38.64699602127075,
3802,39.03600596822798,0.2655680291354656,38.663466926664114,
3803,39.05342984944582,0.2718488685786724,38.67004998028278,
3804,39.09365297295153,0.27830805629491806,38.704114966094494,
3805,39.091017097234726,0.2754698507487774,38.70395408011973,
3806,39.132590871304274,0.2990369684994221,38.72235887683928,
3807,39.085645927116275,0.29609701596200466,38.68495114147663,
3808,39.04552012681961,0.2803620882332325,38.65894000045955,
3809,39.01790105737746,0.2767699770629406,38.63649908453226,
3810,39.03804300352931,0.274372985586524,38.65845990367234,
3811,39.05610600486398,0.2730858977884054,38.67583302780986,
3812,39.04367401264608,0.2722979988902807,38.65970089100301,
3813,39.69501284882426,0.8051390759646893,38.76595199108124,
3814,39.049980929121375,0.293622026219964,38.650748087093234,
3815,39.071885868906975,0.2858568914234638,38.67969196289778,
3816,39.087161887437105,0.28207292780280113,38.699604105204344,
3817,39.06438802368939,0.27497485280036926,38.68194902315736,
3818,39.02408201247454,0.27119810692965984,38.64787402562797,
3819,39.07247888855636,0.2710660919547081,38.69745600968599,
3820,39.06538593582809,0.26922510005533695,38.69141102768481,
3821,39.01635413058102,0.2673759590834379,38.644932908937335,
3822,38.96068292669952,0.2692879643291235,38.58653595671058,
3823,39.06671586446464,0.2688090316951275,38.69334002956748,
3824,39.037943817675114,0.2693349961191416,38.66385295987129,
3825,39.05573999509215,0.2673589624464512,38.68242888711393,
3826,39.02668901719153,0.2697529271245003,38.652071030810475,
3827,39.04594713822007,0.26926095597445965,38.67111285217106,
3828,39.083587005734444,0.26867701672017574,38.70961000211537,
3829,39.614120963960886,0.8040261454880238,38.69166597723961,
3830,39.067239966243505,0.27844891883432865,38.683515042066574,
3831,39.08244404010475,0.2735918387770653,38.70279621332884,
3832,39.05820706859231,0.27411896735429764,38.67737506516278,
3833,39.07501301728189,0.2717957831919193,38.69652119465172,
3834,39.05180701985955,0.26897783391177654,38.677831180393696,
3835,39.10971502773464,0.2701808698475361,38.7339920271188,
3836,39.02731998823583,0.27305702678859234,38.649592781439424,
3837,38.99346408434212,0.273735960945487,38.61449798569083,
3838,39.03211792930961,0.2679191529750824,38.659667829051614,
3839,39.03125994838774,0.27287984266877174,38.65123796276748,
3840,39.028999861329794,0.274901045486331,38.64885587245226,
3841,39.04176293872297,0.2761459909379482,38.66057703271508,
3842,39.04053685255349,0.274397898465395,38.66083500906825,
3843,39.05121213756502,0.27985312044620514,38.66561991162598,
3844,39.02236605063081,0.27520605362951756,38.64238900132477,
3845,39.64801109395921,0.7996768690645695,38.72627695091069,
3846,39.11335882730782,0.27801492251455784,38.729594089090824,
3847,39.08628295175731,0.28276792727410793,38.698656018823385,
3848,39.08364498056471,0.28241495601832867,38.69543713517487,
3849,39.07808102667332,0.27585006318986416,38.69221708737314,
3850,39.022755809128284,0.2724409569054842,38.64773618988693,
3851,39.051048923283815,0.2679429017007351,38.673002971336246,
3852,39.05462706461549,0.27012801729142666,38.678915007039905,
3853,39.026105077937245,0.27202186174690723,38.64771919324994,
3854,39.1024979762733,0.27059600688517094,38.72822388075292,
3855,39.07430497929454,0.27099810540676117,38.69699500501156,
3856,39.09191605634987,0.2725929953157902,38.71334693394601,
3857,39.07109401188791,0.2703589852899313,38.69581618346274,
3858,39.090044097974896,0.26769889518618584,38.71656791307032,
3859,39.09294307231903,0.27056410908699036,38.717611925676465,
3860,39.1140659339726,0.2729929983615875,38.735835114493966,
3861,39.59074104204774,0.7938880007714033,38.67840999737382,
3862,39.06783391721547,0.27706590481102467,38.68495998904109,
3863,39.108618861064315,0.2750030253082514,38.729005958884954,
3864,39.12792191840708,0.27458113618195057,38.74648408964276,
3865,39.07934599556029,0.278339022770524,38.69608184322715,
3866,39.045995101332664,0.2720670308917761,38.6684718541801,
3867,39.06214400194585,0.27376296930015087,38.677648873999715,
3868,39.05998286791146,0.2699790056794882,38.6831380892545,
3869,39.07804796472192,0.26881485246121883,38.70224906131625,
3870,39.09525112248957,0.2710029948502779,38.72078191488981,
3871,39.094225969165564,0.26969006285071373,38.71905687265098,
3872,39.05142215080559,0.2689068205654621,38.677933160215616,
3873,39.076485903933644,0.26923813857138157,38.70346792973578,
3874,39.05682289041579,0.26911706663668156,38.683483842760324,
3875,39.07390288077295,0.2671079710125923,38.70107908733189,
3876,39.05290202237666,0.2679359167814255,38.679280085489154,
3877,39.62391382083297,0.7843871135264635,38.72326691634953,
3878,39.088575169444084,0.27699791826307774,38.704431150108576,
3879,39.127317955717444,0.2732910215854645,38.7476310133934,
3880,39.11914490163326,0.27165585197508335,38.74445613473654,
3881,39.06326903961599,0.2703119534999132,38.688354194164276,
3882,39.10090611316264,0.2747499383985996,38.721449906006455,
3883,39.07845099456608,0.27319113723933697,38.695323979482055,
3884,39.097631117329,0.2758300397545099,38.71513204649091,
3885,39.10528193227947,0.2685748040676117,38.732125191017985,
3886,39.056255016475916,0.27200207114219666,38.67884096689522,
3887,39.07303186133504,0.2726709935814142,38.697384065017104,
3888,39.11701496690512,0.27093919925391674,38.740540854632854,
3889,39.093795930966735,0.27039204724133015,38.717555813491344,
3890,39.09760992974043,0.26999693363904953,38.72335818596184,
3891,39.064975921064615,0.2711580600589514,38.68875605985522,
3892,39.10629916936159,0.27581886388361454,38.72556216083467,
3893,39.64189998805523,0.7566618733108044,38.76918298192322,
3894,39.08447781577706,0.27237203903496265,38.705816958099604,
3895,39.1329110134393,0.27316203340888023,38.75441988930106,
3896,39.073612075299025,0.27947803027927876,38.68929296731949,
3897,39.09920994192362,0.28010900132358074,38.714272901415825,
3898,39.080925984308124,0.27326098643243313,38.70308888144791,
3899,39.11421098746359,0.2742968499660492,38.73353800736368,
3900,39.07248703762889,0.2700269687920809,38.69904298335314,
3901,39.14003213867545,0.26873406022787094,38.76710799522698,
3902,39.1158820129931,0.26974501088261604,38.74145005829632,
3903,39.08228315412998,0.2697617746889591,38.7084090616554,
3904,39.14439491927624,0.27184607461094856,38.7683070730418,
3905,39.112258004024625,0.2723389770835638,38.73236500658095,
3906,39.11527106538415,0.278236111626029,38.73302089050412,
3907,39.07584701664746,0.2782519441097975,38.6899090372026,
3908,39.09873403608799,0.27475692331790924,38.71842194348574,
3909,39.598479866981506,0.755382003262639,38.727852050215006,
3910,39.09800201654434,0.2850568853318691,38.708016043528914,
3911,39.13126699626446,0.2764288801699877,38.75392419286072,
3912,39.11756398156285,0.277950894087553,38.732336135581136,
3913,39.105420000851154,0.27247611433267593,38.726409897208214,
3914,39.06231094151735,0.271898927167058,38.6841231957078,
3915,39.085473166778684,0.2687650267034769,38.711309898644686,
3916,39.12903694435954,0.2714658621698618,38.75260800123215,
3917,39.12498499266803,0.2713168505579233,38.74844708479941,
3918,39.10787194035947,0.2715250011533499,38.73049095273018,
3919,39.10215012729168,0.2758190967142582,38.721098098903894,
3920,39.08432717435062,0.2785860560834408,38.69796497747302,
3921,39.09428394399583,0.27547706849873066,38.71113690547645,
3922,39.1661929897964,0.27216202579438686,38.78813306801021,
3923,39.115739054977894,0.2711641136556864,38.73941791243851,
3924,39.11439096555114,0.27093105018138885,38.736189948394895,
3925,39.60515419021249,0.7693530060350895,38.71581191197038,
3926,39.117137901484966,0.2771809231489897,38.73416013084352,
3927,39.131617872044444,0.2698209136724472,38.75598404556513,
3928,39.12451886571944,0.27296412736177444,38.74692996032536,
3929,39.09819293767214,0.27210311964154243,38.72135397978127,
3930,39.13985914550722,0.27006608434021473,38.76350587233901,
3931,39.11417000927031,0.2776128239929676,38.73262507840991,
3932,39.152769139036536,0.2952311187982559,38.7527858838439,
3933,39.10680511035025,0.2701100893318653,38.729863008484244,
3934,39.131538942456245,0.2749119885265827,38.750884821638465,
3935,39.08910299651325,0.26891520246863365,38.71379583142698,
3936,39.14633300155401,0.27177995070815086,38.77007798291743,
3937,39.133738027885556,0.26914500631392,38.75885694287717,
3938,39.09340011887252,0.2685999497771263,38.71935000643134,
3939,39.124751929193735,0.2760789357125759,38.743834011256695,
3940,39.10389496013522,0.27683889493346214,38.72234490700066,
3941,39.64002593420446,0.7263908628374338,38.7934900354594,
3942,39.143930887803435,0.27611199766397476,38.762527983635664,
3943,39.11449899896979,0.27809501625597477,38.7305598706007,
3944,39.114341139793396,0.27707102708518505,38.72919688001275,
3945,39.15193886496127,0.27039414271712303,38.77727687358856,
3946,39.08285801298916,0.2681219484657049,38.71152410283685,
3947,39.08481588587165,0.26634312234818935,38.7128759175539,
3948,39.155797101557255,0.26809400878846645,38.782913936302066,
3949,39.123805006965995,0.2722269855439663,38.747871993109584,
3950,39.11550296470523,0.2704290673136711,38.74047379940748,
3951,39.09919783473015,0.2751171123236418,38.7207749299705,
3952,39.124628994613886,0.2766030374914408,38.738908944651484,
3953,39.140326203778386,0.26952894404530525,38.764546159654856,
3954,39.08285591751337,0.2688190434128046,38.70818484574556,
3955,39.07718020491302,0.27023302391171455,38.7034269515425,
3956,39.095978951081634,0.2723238430917263,38.71967107988894,
3957,39.61359499953687,0.7242460269480944,38.774010026827455,
3958,39.164435816928744,0.27514505200088024,38.78211393021047,
3959,39.141922956332564,0.2716651652008295,38.76515687443316,
3960,39.15034397505224,0.2719650510698557,38.77312201075256,
3961,39.12893799133599,0.27050101198256016,38.75333699397743,
3962,39.143029134720564,0.27417298406362534,38.76450099050999,
3963,39.16501114144921,0.2784179523587227,38.776957895606756,
3964,39.12574588321149,0.273421173915267,38.74489478766918,
3965,39.15384388528764,0.26872497983276844,38.7801299802959,
3966,39.11105985753238,0.271158991381526,38.736254908144474,
3967,39.106633979827166,0.2693429123610258,38.73171913437545,
3968,39.122709073126316,0.2687589731067419,38.74866315163672,
3969,39.10617297515273,0.27044699527323246,38.731187116354704,
3970,39.108739932999015,0.2751538995653391,38.73010608367622,
3971,39.10111705772579,0.27327495627105236,38.722433149814606,
3972,39.099614135921,0.27485284954309464,38.716733222827315,
3973,39.651846047490835,0.7198760285973549,38.81689696572721,
3974,39.15147087536752,0.2859109081327915,38.762002950534225,
3975,39.146795868873596,0.2782589290291071,38.76267303712666,
3976,39.17030291631818,0.2714688889682293,38.794436026364565,
3977,39.14190083742142,0.2693950664252043,38.76807703636587,
3978,39.13174895569682,0.2741029020398855,38.75407297164202,
3979,39.15898595005274,0.27200602926313877,38.78305805847049,
3980,39.19807286001742,0.27036014944314957,38.82248094305396,
3981,39.127611089497805,0.27920794673264027,38.73977903276682,
3982,39.162329863756895,0.27466309256851673,38.78138097934425,
3983,39.1466598957777,0.27044094167649746,38.76945096999407,
3984,39.17362913489342,0.2701040357351303,38.798446068540215,
3985,39.15226901881397,0.2722740173339844,38.77534810453653,
3986,39.13859208114445,0.268781092017889,38.76526607200503,
3987,39.19046907685697,0.2804070245474577,38.800353882834315,
3988,39.17349479161203,0.27423095889389515,38.79638109356165,
3989,39.61195284500718,0.7065709214657545,38.789899088442326,
3990,39.167960872873664,0.2806759439408779,38.78249414265156,
3991,39.149259915575385,0.2731501590460539,38.76587189733982,
3992,39.14115414954722,0.2721098717302084,38.761976175010204,
3993,39.153928169980645,0.27133780531585217,38.77682099118829,
3994,39.15493609383702,0.27074292302131653,38.77932112663984,
3995,39.159554056823254,0.2670681569725275,38.78894587978721,
3996,39.129609009251,0.27679093182086945,38.748434046283364,
3997,39.10681884735823,0.27664494700729847,38.72159286402166,
3998,39.19789707288146,0.26912312023341656,38.82454102858901,
3999,39.13090005517006,0.27006189338862896,38.7556201312691,
4000,39.11930089816451,0.26929285377264023,38.746010046452284,
4001,39.15110183879733,0.2683810889720917,38.77717396244407,
4002,39.1430149320513,0.2714709844440222,38.76718902029097,
4003,39.16015289723873,0.2736230380833149,38.78223989158869,
4004,39.16569799184799,0.27620489709079266,38.78662013448775,
4005,39.64124317280948,0.7100331131368876,38.81662990897894,
4006,39.160211104899645,0.2830729354172945,38.772206055000424,
4007,39.163148030638695,0.2802480012178421,38.77666709013283,
4008,39.16168701834977,0.2729820553213358,38.78249996341765,
4009,39.14866712875664,0.27445494197309017,38.770579965785146,
4010,39.144346956163645,0.2739022020250559,38.76348887570202,
4011,39.08397909253836,0.27112895622849464,38.709556916728616,
4012,39.19410379603505,0.271516852080822,38.81850000470877,
4013,39.19831197708845,0.27585006318986416,38.816058076918125,
4014,39.159180130809546,0.27131102979183197,38.78359496593475,
4015,39.1539849806577,0.2700299955904484,38.77943102270365,
4016,39.20645406469703,0.2762759104371071,38.825218100100756,
4017,39.153489051386714,0.27239113114774227,38.77501795068383,
4018,39.15903111919761,0.2803970128297806,38.7718400452286,
4019,39.17467198334634,0.27727382257580757,38.79133309237659,
4020,39.14471506141126,0.2717580646276474,38.766620913520455,
4021,39.64964603073895,0.7214848883450031,38.81268808618188,
4022,39.17738189920783,0.27878908440470695,38.791697937995195,
4023,39.20836094766855,0.2728269901126623,38.831188110634685,
4024,39.11940613761544,0.2743049990385771,38.73976296745241,
4025,39.13376200944185,0.2752321306616068,38.75305596739054,
4026,39.139574859291315,0.2724339719861746,38.76336617395282,
4027,39.15061894804239,0.27839397080242634,38.767414167523384,
4028,39.136470993980765,0.27936208061873913,38.748920895159245,
4029,39.159290958195925,0.2711720298975706,38.78310602158308,
4030,39.11479585804045,0.27070497162640095,38.740443997085094,
4031,39.13713991641998,0.2719780895859003,38.760369876399636,
4032,39.16065813973546,0.27455203235149384,38.782153045758605,
4033,39.161786902695894,0.27204188518226147,38.784635020419955,
4034,39.18203804641962,0.2730840351432562,38.800302892923355,
4035,39.15275004692376,0.2743829973042011,38.77320699393749,
4036,39.1258189920336,0.27359998784959316,38.74776605516672,
4037,39.692624006420374,0.7411199621856213,38.83210103958845,
4038,39.20879494398832,0.2793541643768549,38.82341296412051,
4039,39.18624599464238,0.27344212867319584,38.808197947219014,
4040,39.22347701154649,0.27509802021086216,38.845038041472435,
4041,39.17807503603399,0.2733271103352308,38.80026889964938,
4042,39.16103998199105,0.27881679125130177,38.77463121898472,
4043,39.149496937170625,0.2704139333218336,38.77417114563286,
4044,39.17387989349663,0.26980089023709297,38.79906004294753,
4045,39.17467198334634,0.26943208649754524,38.80086704157293,
4046,39.17545918375254,0.27087912894785404,38.79898297600448,
4047,39.19857018627226,0.2732460852712393,38.81938103586435,
4048,39.18015584349632,0.2793481107801199,38.79272285848856,
4049,39.168233051896095,0.2704260405153036,38.79014402627945,
4050,39.207943016663194,0.2734619192779064,38.82911708205938,
4051,39.14141398854554,0.2705829683691263,38.765419041737914,
4052,39.15138402953744,0.2710479311645031,38.772546919062734,
4053,39.760562125593424,0.7988889701664448,38.839724846184254,
4054,39.190144976601005,0.2868648152798414,38.7982411775738,
4055,39.183477172628045,0.2828969154506922,38.7949759606272,
4056,39.17589597404003,0.28136814944446087,38.789470912888646,
4057,39.17162213474512,0.27600303292274475,38.79091702401638,
4058,39.190951036289334,0.27516414411365986,38.810769794508815,
4059,39.160051848739386,0.273396959528327,38.78252301365137,
4060,39.196693105623126,0.2761839423328638,38.816073909401894,
4061,39.18761992827058,0.27914484962821007,38.801126182079315,
4062,39.167474023997784,0.2745268866419792,38.7892120052129,
4063,39.163211826235056,0.27226307429373264,38.78746507689357,
4064,39.15484598837793,0.27109915390610695,38.77840889617801,
4065,39.16008397936821,0.27739000506699085,38.77763799391687,
4066,39.208342088386416,0.2819010987877846,38.82172191515565,
4067,39.1944469884038,0.2763269003480673,38.81183103658259,
4068,39.17024889960885,0.2731229178607464,38.79348514601588,
4069,39.71430892124772,0.777269946411252,38.81889907643199,
4070,39.2511619720608,0.2792300656437874,38.8663150370121,
4071,39.209482027217746,0.27567404322326183,38.829728960990906,
4072,39.19648705050349,0.27241604402661324,38.82048698142171,
4073,39.20534090138972,0.28139795176684856,38.81879919208586,
4074,39.245436899363995,0.2768451813608408,38.863105000928044,
4075,39.15518894791603,0.27424702420830727,38.77708408981562,
4076,39.1990439966321,0.2739329356700182,38.82065089419484,
4077,39.21322710812092,0.26894593611359596,38.83947804570198,
4078,39.16518110781908,0.2791809383779764,38.780718110501766,
4079,39.18952099047601,0.2783189993351698,38.80409197881818,
4080,39.13941793143749,0.27573108673095703,38.75833400525153,
4081,39.1581819858402,0.27117691934108734,38.7815369758755,
4082,39.22337503172457,0.27596205472946167,38.841841043904424,
4083,39.21070392243564,0.27706101536750793,38.827670039609075,
4084,39.217257872223854,0.2815320622175932,38.83352200500667,
4085,39.701835019513965,0.7571021560579538,38.82810100913048,
4086,39.263110142201185,0.2826130948960781,38.87430694885552,
4087,39.215840166434646,0.27418299578130245,38.83421793580055,
4088,39.174933917820454,0.2787301782518625,38.78986998461187,
4089,39.25620601512492,0.27401489205658436,38.876979146152735,
4090,39.197233971208334,0.28180889785289764,38.81091414950788,
4091,39.230259135365486,0.27985498309135437,38.8444468844682,
4092,39.21736986376345,0.27326098643243313,38.839465007185936,
4093,39.24444690346718,0.2759271301329136,38.862328976392746,
4094,39.218598045408726,0.2721440978348255,38.839394925162196,
4095,39.15716405026615,0.280480133369565,38.76942303031683,
4096,39.171366952359676,0.2720952033996582,38.79264392890036,
4097,39.17163400910795,0.27492688968777657,38.789845071733,
4098,39.22163392417133,0.27301302179694176,38.84374815970659,
4099,39.202708983793855,0.27289893478155136,38.82490494288504,
4100,39.22930406406522,0.2767120022326708,38.848331896588206,
4101,39.67333910986781,0.7468289695680141,38.810467114672065,
4102,39.259265875443816,0.284409848973155,38.869853131473064,
4103,39.2292661126703,0.2754819579422474,38.849016884341836,
4104,39.17737305164337,0.27539185248315334,38.79738599061966,
4105,39.233593037351966,0.2720458433032036,38.85679901577532,
4106,39.22391915693879,0.28016301803290844,38.83923403918743,
4107,39.20004889369011,0.2802449744194746,38.81560103036463,
4108,39.18435191735625,0.279510160908103,38.80178788676858,
4109,39.21056701801717,0.2746840473264456,38.83091197349131,
4110,39.25116406753659,0.27791899628937244,38.86837395839393,
4111,39.26950483582914,0.2810950390994549,38.87793095782399,
4112,39.24110298976302,0.27421792037785053,38.862254936248064,
4113,39.19528587721288,0.2732919529080391,38.816916989162564,
4114,39.22200109809637,0.2771900035440922,38.83557906374335,
4115,39.2386969178915,0.2877018414437771,38.84049807675183,
4116,39.24011904746294,0.2765629906207323,38.85989519767463,
4117,39.73024617880583,0.7529160939157009,38.86143607087433,
4118,39.23835908062756,0.2787359990179539,38.85260713286698,
4119,39.24288204871118,0.27710897848010063,38.86006306856871,
4120,39.280383149161935,0.2766039688140154,38.899498991668224,
4121,39.242236176505685,0.28272694908082485,38.85228908620775,
4122,39.265850093215704,0.2750230487436056,38.883434142917395,
4123,39.24067295156419,0.27843588031828403,38.822142174467444,
4124,39.2631150316447,0.28337910771369934,38.869918789714575,
4125,39.27250881679356,0.2832249738276005,38.88507396914065,
4126,39.22163089737296,0.2733508590608835,38.842468056827784,
4127,39.262406062334776,0.27444399893283844,38.8847419526428,
4128,39.24314002506435,0.2745410893112421,38.86314993724227,
4129,39.22913409769535,0.27786404825747013,38.845052011311054,
4130,39.227138040587306,0.2737320028245449,38.84770697914064,
4131,39.21961900778115,0.27410779148340225,38.84145407937467,
4132,39.24466599710286,0.27365004643797874,38.86636393144727,
4133,39.78972579352558,0.7802518084645271,38.893165066838264,
4134,39.25304999575019,0.2814219333231449,38.866358110681176,
4135,39.23240699805319,0.285957008600235,38.83574600331485,
4136,39.29770109243691,0.2769390121102333,38.91640598885715,
4137,39.21719593927264,0.2743098884820938,38.838876178488135,
4138,39.22181902453303,0.27131009846925735,38.845775881782174,
4139,39.22268794849515,0.2814528997987509,38.8329119887203,
4140,39.21071602962911,0.2729890402406454,38.83141395635903,
4141,39.24132394604385,0.27241697534918785,38.862804882228374,
4142,39.27989606745541,0.27573807165026665,38.899261970072985,
4143,39.20026891864836,0.2802060917019844,38.81273278966546,
4144,39.23901915550232,0.2744200173765421,38.86047494597733,
4145,39.23834301531315,0.27275201864540577,38.86172408238053,
4146,39.281337056308985,0.27577392756938934,38.9031230006367,
4147,39.22117198817432,0.2796771004796028,38.8348288834095,
4148,39.18128716759384,0.27542002499103546,38.79914106801152,
4149,39.740712847560644,0.7537559140473604,38.87037094682455,
4150,39.26745103672147,0.2832990139722824,38.875113939866424,
4151,39.25039013847709,0.27749408036470413,38.86803798377514,
4152,39.224202977493405,0.2768759150058031,38.842405192554,
4153,39.27565412595868,0.2800179645419121,38.887785049155354,
4154,39.25178688950837,0.2756989561021328,38.87103497982025,
4155,39.24110112711787,0.2741590142250061,38.86231896467507,
4156,39.21203501522541,0.2748919650912285,38.82992290891707,
4157,39.293345995247364,0.28369599021971226,38.899281062185764,
4158,39.3054629676044,0.28143892996013165,38.9188970439136,
4159,39.25185790285468,0.27501583099365234,38.865722017362714,
4160,39.26834394223988,0.2783660311251879,38.88346697203815,
4161,39.1984221059829,0.2819069195538759,38.80999190732837,
4162,39.24671793356538,0.2757858019322157,38.86630618944764,
4163,39.26183399744332,0.2747641410678625,38.8817039784044,
4164,39.20908318832517,0.272250035777688,38.832744816318154,
4165,39.76649302057922,0.7765782065689564,38.872855016961694,
4166,39.26209197379649,0.28282799758017063,38.87100890278816,
4167,39.256892167031765,0.28391811065375805,38.86769898235798,
4168,39.236276876181364,0.2754218876361847,38.85486093349755,
4169,39.25552498549223,0.2743760123848915,38.87432091869414,
4170,39.25888589583337,0.2737648319453001,38.880729116499424,
4171,39.25558598712087,0.27907988987863064,38.87205012142658,
4172,39.25946797244251,0.2755001187324524,38.87897194363177,
4173,39.26675417460501,0.2771459985524416,38.88500505127013,
4174,39.27196795120835,0.2754600718617439,38.89173502102494,
4175,39.23934907652438,0.2761830110102892,38.854856975376606,
4176,39.26154295913875,0.2768828999251127,38.87839801609516,
4177,39.265093160793185,0.27601001784205437,38.88315614312887,
4178,39.29681400768459,0.2807800192385912,38.90804806724191,
4179,39.27211603149772,0.272657023742795,38.89410407282412,
4180,39.2577201128006,0.27488707564771175,38.87925483286381,
4181,39.76474096998572,0.7670759223401546,38.88073214329779,
4182,39.27777684293687,0.2784330863505602,38.89447101391852,
4183,39.24742410890758,0.2777168992906809,38.863623049110174,
4184,39.261491037905216,0.282833818346262,38.87295420281589,
4185,39.20137882232666,0.2775068860501051,38.81964413449168,
4186,39.26805895753205,0.2773620653897524,38.88537781313062,
4187,39.25500903278589,0.2754388842731714,38.874838035553694,
4188,39.287370163947344,0.2803879324346781,38.90296909958124,
4189,39.287298917770386,0.2748358529061079,38.90476911328733,
4190,39.27106107585132,0.2743189688771963,38.89138111844659,
4191,39.3119091168046,0.2824501134455204,38.92355295829475,
4192,39.272790076211095,0.2776710316538811,38.89116598293185,
4193,39.33056490495801,0.27352594770491123,38.951269118115306,
4194,39.29490293376148,0.28386409394443035,38.90098095871508,
4195,39.24178704619408,0.27588382363319397,38.860992062836885,
4196,39.246566127985716,0.2762270160019398,38.86580001562834,
4197,39.78984500281513,0.7566919084638357,38.916561054065824,
4198,39.26980891264975,0.28184917755424976,38.882691878825426,
4199,39.230970200151205,0.27790898457169533,38.84904598817229,
4200,39.286992978304625,0.2811967860907316,38.90116815455258,
4201,39.23838888294995,0.2776109613478184,38.85524487122893,
4202,39.29701307788491,0.28112693689763546,38.91020198352635,
4203,39.26862217485905,0.27711899019777775,38.88717293739319,
4204,39.289833046495914,0.28268899768590927,38.90202706679702,
4205,39.265395142138004,0.27535506524145603,38.88499503955245,
4206,39.3051840364933,0.27635693550109863,38.92403212375939,
4207,39.29830715060234,0.2804298419505358,38.91226020641625,
4208,39.29438698105514,0.27850386686623096,38.91181503422558,
4209,39.273155154660344,0.2725990489125252,38.89498393982649,
4210,39.274966111406684,0.28147315606474876,38.880037842318416,
4211,39.24946486949921,0.2792379818856716,38.864870090037584,
4212,39.25937809981406,0.2808470744639635,38.873225916177034,
4213,39.841941092163324,0.7950740400701761,38.92851900309324,
4214,39.30747089907527,0.2846189308911562,38.91835990361869,
4215,39.28963094949722,0.2797618508338928,38.9038510620594,
4216,39.28561485372484,0.2800810616463423,38.89535297639668,
4217,39.2987048253417,0.27813506312668324,38.91474404372275,
4218,39.31056405417621,0.2753911539912224,38.92973996698856,
4219,39.247239008545876,0.28305500745773315,38.85919996537268,
4220,39.28651288151741,0.2780470531433821,38.903382141143084,
4221,39.227415109053254,0.2769199199974537,38.845152128487825,
4222,39.27757800556719,0.2726151142269373,38.89997489750385,
4223,39.29835115559399,0.27962797321379185,38.911961019039154,
4224,39.252733113244176,0.277484068647027,38.87041285634041,
4225,39.276442024856806,0.27716299518942833,38.89408684335649,
4226,39.29304098710418,0.2826221752911806,38.90564083121717,
4227,39.28419202566147,0.2789099235087633,38.90035813674331,
4228,39.30470393970609,0.27643307112157345,38.923873798921704,
4229,39.78570690378547,0.7698480039834976,38.89945009723306,
4230,39.30030600167811,0.28058490715920925,38.91526395455003,
4231,39.309581043198705,0.2834959886968136,38.92257413826883,
4232,39.304392179474235,0.27541397139430046,38.923508021980524,
4233,39.3261241260916,0.27499301359057426,38.945339154452085,
4234,39.309632033109665,0.2819967921823263,38.9187082182616,
4235,39.27864786237478,0.27556088753044605,38.898098981007934,
4236,39.29340187460184,0.27427682653069496,38.91400503925979,
4237,39.324813056737185,0.2783138770610094,38.937484147027135,
4238,39.3060939386487,0.2781120128929615,38.92367286607623,
4239,39.279022021219134,0.2754128072410822,38.89717301353812,
4240,39.28752220235765,0.27589593082666397,38.90605201013386,
4241,39.28302600979805,0.2802349627017975,38.897821912541986,
4242,39.31104694493115,0.2787141129374504,38.92681188881397,
4243,39.33731000870466,0.27595902793109417,38.9566367957741,
4244,39.25583395175636,0.28277281671762466,38.86610711924732,
4245,39.8306839633733,0.7788268849253654,38.93137304112315,
4246,39.296410977840424,0.286448048427701,38.90428808517754,
4247,39.25216989591718,0.28162705712020397,38.865827955305576,
4248,39.29063188843429,0.2758570481091738,38.90941198915243,
4249,39.28349702619016,0.2863889094442129,38.89141511172056,
4250,39.28563604131341,0.27678790502250195,38.90280914492905,
4251,39.32222491130233,0.2746768295764923,38.943024119362235,
4252,39.305941201746464,0.28423708863556385,38.9149310067296,
4253,39.29754300042987,0.2779040951281786,38.915287936106324,
4254,39.28274801000953,0.2763110678642988,38.90266106463969,
4255,39.294254034757614,0.27555995620787144,38.91114890575409,
4256,39.30987301282585,0.2872140612453222,38.915881887078285,
4257,39.27862201817334,0.27679395861923695,38.89587405137718,
4258,39.34378596022725,0.27907686308026314,38.957162061706185,
4259,39.2867389600724,0.285077141597867,38.89749990776181,
4260,39.30781688541174,0.27893995866179466,38.92198693938553,
4261,39.887219900265336,0.8290789555758238,38.938167970627546,
4262,39.38615811057389,0.28479588218033314,38.995814975351095,
4263,39.31818995624781,0.2853770274668932,38.92679209820926,
4264,39.33497588150203,0.281863147392869,38.94656687043607,
4265,39.304592879489064,0.2807870041579008,38.91892312094569,
4266,39.32609804905951,0.28594606555998325,38.93042681738734,
4267,39.27768301218748,0.2786410041153431,38.89391291886568,
4268,39.29525497369468,0.2773851156234741,38.912454852834344,
4269,39.346273988485336,0.2769778948277235,38.962004939094186,
4270,39.341165916994214,0.276999082416296,38.9569909311831,
4271,39.31660298258066,0.27381209656596184,38.93627296201885,
4272,39.401005022227764,0.27919397689402103,39.01763982139528,
4273,39.32243608869612,0.2771238796412945,38.93921501003206,
4274,39.280791068449616,0.2773560117930174,38.89948804862797,
4275,39.31361297145486,0.284045934677124,38.92521606758237,
4276,39.33545504696667,0.2796018961817026,38.95189706236124,
4277,39.93017808534205,0.8130311034619808,38.99210481904447,
4278,39.32269290089607,0.2832259051501751,38.93442498520017,
4279,39.361744187772274,0.2826869022101164,38.973035058006644,
4280,39.32529897429049,0.2826519776135683,38.938303012400866,
4281,39.34611799195409,0.28064893558621407,38.96088991314173,
4282,39.33631884865463,0.2775960601866245,38.95479813218117,
4283,39.321063086390495,0.2793921157717705,38.93534606322646,
4284,39.35733297839761,0.28077815659344196,38.97129604592919,
4285,39.32274808175862,0.28234696947038174,38.93197700381279,
4286,39.30368786677718,0.2766130492091179,38.9220560900867,
4287,39.33415003120899,0.27524493634700775,38.95370406098664,
4288,39.31909101083875,0.2878420054912567,38.92540093511343,
4289,39.31398899294436,0.27910410426557064,38.9278270304203,
4290,39.328073151409626,0.27681607753038406,38.94648002460599,
4291,39.2816630192101,0.27583190239965916,38.90063799917698,
4292,39.280580123886466,0.2807679120451212,38.893005112186074,
4293,39.90140883252025,0.8192849345505238,38.966533029451966,
4294,39.29674392566085,0.28423499315977097,38.90742314979434,
4295,39.33606203645468,0.27876696549355984,38.951162016019225,
4296,39.35127705335617,0.2836398780345917,38.96012296900153,
4297,39.35311594977975,0.28322101570665836,38.96476607769728,
4298,39.34707399457693,0.2793169114738703,38.962658029049635,
4299,39.344253949820995,0.28197700157761574,38.95665402524173,
4300,39.372029015794396,0.2776950132101774,38.988606072962284,
4301,39.32737000286579,0.2779329661279917,38.94281596876681,
4302,39.34169095009565,0.28089690022170544,38.95591106265783,
4303,39.285212056711316,0.27773110195994377,38.901339983567595,
4304,39.4038010854274,0.27979910373687744,39.0160430688411,
4305,39.363991003483534,0.2801148220896721,38.97880599834025,
4306,39.37970707193017,0.2783860545605421,38.996728137135506,
4307,39.34635897167027,0.2854778431355953,38.95648312754929,
4308,39.34689983725548,0.27746381238102913,38.96345221437514,
4309,39.86417315900326,0.7933941669762135,38.954228861257434,
4310,39.34654104523361,0.2789711579680443,38.963560946285725,
4311,39.36203406192362,0.2770358696579933,38.98461605422199,
4312,39.36378099024296,0.27945381589233875,38.97957410663366,
4313,39.354891050606966,0.2770600840449333,38.97363389842212,
4314,39.35512597672641,0.281705055385828,38.970045978203416,
4315,39.35483796522021,0.2761008217930794,38.97220198996365,
4316,39.35792297124863,0.2818380016833544,38.970774970948696,
4317,39.34551193378866,0.2836850471794605,38.95511105656624,
4318,39.37429981306195,0.2816778142005205,38.98753901012242,
4319,39.38107588328421,0.27669197879731655,38.994495989754796,
4320,39.33325386606157,0.2821770031005144,38.94663508981466,
4321,39.352884981781244,0.276247039437294,38.97186787799001,
4322,39.29842007346451,0.275591854006052,38.91146811656654,
4323,39.38632900826633,0.27899304404854774,39.000875083729625,
4324,39.32989505119622,0.276769045740366,38.9483361504972,
4325,39.871630957350135,0.7806569337844849,38.974405033513904,
4326,39.35239394195378,0.2801020164042711,38.96641405299306,
4327,39.33536494150758,0.28407503850758076,38.94538409076631,
4328,39.37007789500058,0.278764171525836,38.98546099662781,
4329,39.32559606619179,0.2769769635051489,38.939479971304536,
4330,39.31916900910437,0.276356004178524,38.93715003505349,
4331,39.315971080213785,0.27706101536750793,38.93575817346573,
4332,39.39663898199797,0.2757459878921509,39.013049099594355,
4333,39.36078981496394,0.27973903343081474,38.9768669847399,
4334,39.33937312103808,0.2765941899269819,38.957938784733415,
4335,39.36593793332577,0.28485292568802834,38.97656500339508,
4336,39.36179797165096,0.2774200402200222,38.97882788442075,
4337,39.3404308706522,0.2787180710583925,38.95847778767347,
4338,39.34353985823691,0.27744611725211143,38.961997954174876,
4339,39.3610259052366,0.27588894590735435,38.98049588315189,
4340,39.36652094125748,0.2791769802570343,38.983159000054,
4341,39.87230802886188,0.7815610151737928,38.972069043666124,
4342,39.36532884836197,0.28883013874292374,38.96986390464008,
4343,39.35580188408494,0.28289202600717545,38.968940963968635,
4344,39.377680979669094,0.2834051847457886,38.98875485174358,
4345,39.41161301918328,0.28513488359749317,39.02145498432219,
4346,39.36523594893515,0.2813739702105522,38.97845093160868,
4347,39.352238178253174,0.28903898783028126,38.957251934334636,
4348,39.37212284654379,0.27932506054639816,38.988031912595034,
4349,39.40102201886475,0.27672690339386463,39.013042114675045,
4350,39.31286302395165,0.2830750308930874,38.92629197798669,
4351,39.3442518543452,0.2773881424218416,38.96334581077099,
4352,39.297350915148854,0.2787020057439804,38.91378315165639,
4353,39.374789921566844,0.28235302306711674,38.98832085542381,
4354,39.34578294865787,0.27584098279476166,38.965487852692604,
4355,39.388447999954224,0.27501792646944523,39.00673193857074,
4356,39.37523579224944,0.279504107311368,38.99187198840082,
4357,39.90855091251433,0.7895270828157663,39.00108207017183,
4358,39.405988063663244,0.28593488968908787,39.01427402161062,
4359,39.38491316512227,0.28635095804929733,38.993359077721834,
4360,39.39891094341874,0.2783839590847492,39.01518904604018,
4361,39.319478906691074,0.27771294116973877,38.93615095876157,
4362,39.363183081150055,0.28481800109148026,38.97292888723314,
4363,39.37359992414713,0.27557206340134144,38.99280307814479,
4364,39.36856705695391,0.2763238735496998,38.98766217753291,
4365,39.35272409580648,0.28188107535243034,38.965134881436825,
4366,39.35068193823099,0.2769490238279104,38.9694650657475,
4367,39.37992197461426,0.2768619451671839,39.001846918836236,
4368,39.34242087416351,0.279765110462904,38.957734825089574,
4369,39.36545504257083,0.2774689346551895,38.98357413709164,
4370,39.39741896465421,0.28373487293720245,39.00876804254949,
4371,39.36945693567395,0.2779590431600809,38.98705495521426,
4372,39.35741190798581,0.2796170301735401,38.971913047134876,
4373,39.93472410365939,0.7740638684481382,39.0437520109117,
4374,39.365909062325954,0.2889661118388176,38.97166205570102,
4375,39.37214403413236,0.27968408539891243,38.9865858014673,
4376,39.41477695479989,0.2784568350762129,39.029277162626386,
4377,39.431223878636956,0.27846195735037327,39.04831502586603,
4378,39.381014881655574,0.27833692729473114,38.99768996052444,
4379,39.40087207593024,0.28931605629622936,39.005751023069024,
4380,39.369606878608465,0.27673295699059963,38.986583007499576,
4381,39.41068006679416,0.27917814441025257,39.02303078211844,
4382,39.387652883306146,0.27622003108263016,39.00512703694403,
4383,39.39497913233936,0.27531199157238007,39.016189984977245,
4384,39.370974060148,0.28249993920326233,38.98283001035452,
4385,39.36484991572797,0.2781560178846121,38.98315713740885,
4386,39.35386799275875,0.27750106528401375,38.97113585844636,
4387,39.352128049358726,0.2854960039258003,38.96099701523781,
4388,39.42481684498489,0.2762209624052048,39.045257959514856,
4389,39.90879305638373,0.7622209377586842,39.03082315810025,
4390,39.38054898753762,0.28324220329523087,38.98941492661834,
4391,39.36768090352416,0.280965119600296,38.982284953817725,
4392,39.392465027049184,0.2759199123829603,39.01065606623888,
4393,39.4202908501029,0.2854859922081232,39.029721170663834,
4394,39.417507126927376,0.2844911068677902,39.027643855661154,
4395,39.418162079527974,0.2826121635735035,39.030764950439334,
4396,39.38349010422826,0.281832879409194,38.99562801234424,
4397,39.398820139467716,0.2794279716908932,39.01418601162732,
4398,39.409174816682935,0.28178305365145206,39.017410948872566,
4399,39.38608686439693,0.2791320439428091,39.0012979041785,
4400,39.41858001053333,0.2895181532949209,39.025135803967714,
4401,39.35789386741817,0.2801960799843073,38.97319990210235,
4402,39.35571503825486,0.2777501940727234,38.97404484450817,
4403,39.42492697387934,0.28589298017323017,39.03513099066913,
4404,39.381094044074416,0.28027291409671307,38.99673419073224,
4405,39.9091609288007,0.7569910958409309,39.03594193980098,
4406,39.41047820262611,0.2794950269162655,39.022573037073016,
4407,39.39285804517567,0.2804489340633154,39.00780784897506,
4408,39.424102986231446,0.27924496680498123,39.04073406010866,
4409,39.421034045517445,0.2833681646734476,39.03137892484665,
4410,39.404592011123896,0.2784112002700567,39.01940584182739,
4411,39.406692842021585,0.2769611310213804,39.02430599555373,
4412,39.391105994582176,0.2798049245029688,38.98688009940088,
4413,39.522538892924786,0.38556987419724464,39.02316698804498,
4414,39.383501978591084,0.28866506181657314,38.98907289840281,
4415,39.40389212220907,0.281214015558362,39.01827405206859,
4416,39.38512993045151,0.28465199284255505,38.994044065475464,
4417,39.39217794686556,0.27718301862478256,39.0080688521266,
4418,39.394548162817955,0.2768940757960081,39.00648490525782,
4419,39.375026943162084,0.27929688803851604,38.98936021141708,
4420,39.380205096676946,0.2795171458274126,38.99389202706516,
4421,40.029707131907344,0.8549729827791452,39.055763045325875,
4422,39.44067400880158,0.29949308373034,39.03588582761586,
4423,39.40263902768493,0.284810084849596,39.01324700564146,
4424,39.403344970196486,0.28399587608873844,39.01423211209476,
4425,39.42507901228964,0.2786549739539623,39.03600503690541,
4426,39.34213612228632,0.2869199961423874,38.947317050769925,
4427,39.38113898038864,0.28856704011559486,38.98731991648674,
4428,39.424316957592964,0.28095999732613564,39.03804114088416,
4429,39.347874000668526,0.2787879202514887,38.962403079494834,
4430,39.43705395795405,0.27917884290218353,39.052225183695555,
4431,39.412557845935225,0.28164288960397243,39.02563313022256,
4432,39.38698605634272,0.28525805100798607,38.99609902873635,
4433,39.42556586116552,0.27945893816649914,39.03991705738008,
4434,39.37947889789939,0.2833020407706499,38.99024706333876,
4435,39.36827089637518,0.2779960632324219,38.984234910458326,
4436,39.43139314651489,0.27917511761188507,39.04589498415589,
4437,40.01156892627478,0.850781099870801,39.04210892505944,
4438,39.43450818769634,0.2969680353999138,39.03138288296759,
4439,39.41944893449545,0.2831779420375824,39.03054492548108,
4440,39.44437298923731,0.28582895174622536,39.05399702489376,
4441,39.40228000283241,0.27888291515409946,39.018728071823716,
4442,39.42559007555246,0.2775380853563547,39.0447610989213,
4443,39.39899103716016,0.281686894595623,39.01314013637602,
4444,39.42643781192601,0.2788680139929056,39.04139203950763,
4445,39.41260697320104,0.2830249723047018,39.023635908961296,
4446,39.42293394356966,0.283343018963933,39.033640176057816,
4447,39.36442616395652,0.28989207930862904,38.969843881204724,
4448,39.438473992049694,0.28045615181326866,39.04715087264776,
4449,39.40893104299903,0.27973600663244724,39.02201307937503,
4450,39.38225004822016,0.28181495144963264,38.99532393552363,
4451,39.40613497979939,0.27898093685507774,39.02190621010959,
4452,39.39659195020795,0.28511881828308105,39.007151033729315,
4453,40.012007812038064,0.8667039219290018,39.027333026751876,
4454,39.399141911417246,0.28913095593452454,39.00590003468096,
4455,39.44478300400078,0.2878340892493725,39.052085019648075,
4456,39.45107595063746,0.2825239207595587,39.06536498107016,
4457,39.43577711470425,0.2833660691976547,39.04192103073001,
4458,39.42500916309655,0.29560597613453865,39.025112986564636,
4459,39.4273588899523,0.28566806577146053,39.0368509106338,
4460,39.434051839634776,0.290451105684042,39.03923602774739,
4461,39.403385017067194,0.27957605198025703,39.01936602778733,
4462,39.408629992976785,0.28721801936626434,39.012517081573606,
4463,39.44160183891654,0.27966592460870743,39.05698889866471,
4464,39.41742400638759,0.2794701140373945,39.03000196442008,
4465,39.403167087584734,0.282929977402091,39.01547100394964,
4466,39.407517993822694,0.28097815811634064,39.021383970975876,
4467,39.41581700928509,0.28625293634831905,39.025005884468555,
4468,39.45183102041483,0.28069596737623215,39.06644904054701,
4469,40.04771797917783,0.8589539211243391,39.06748513691127,
4470,39.47914903983474,0.3094139974564314,39.063588017597795,
4471,39.399378933012486,0.2948339097201824,38.99492206983268,
4472,39.43384299054742,0.29244995675981045,39.034178014844656,
4473,39.47056597098708,0.28860592283308506,39.07462698407471,
4474,39.46409001946449,0.2828999422490597,39.06804206781089,
4475,39.44024909287691,0.2981051802635193,39.03140197508037,
4476,39.49889517389238,0.29810587875545025,39.08557607792318,
4477,39.45405385456979,0.29704789631068707,39.045368088409305,
4478,39.48973189108074,0.29966095462441444,39.07666588202119,
4479,39.42953492514789,0.30004908330738544,39.02026289142668,
4480,39.455411955714226,0.29726000502705574,39.05244590714574,
4481,39.436405058950186,0.2953549847006798,39.035560097545385,
4482,39.43910216912627,0.2837039064615965,39.04868918471038,
4483,39.4454188644886,0.28872396796941757,39.049244951456785,
4484,39.40271120518446,0.28154789470136166,39.01517693884671,
4485,40.05954205058515,0.8607520721852779,39.07550708390772,
4486,39.46184297092259,0.31418795697391033,39.037985960021615,
4487,39.434306090697646,0.30581397004425526,39.02217699214816,
4488,39.498824160546064,0.2928469330072403,39.09652610309422,
4489,39.42138189449906,0.28577609919011593,39.029926992952824,
4490,39.461849024519324,0.2822421956807375,39.07413897104561,
4491,39.45808904245496,0.2814861945807934,39.06807699240744,
4492,39.4072940107435,0.2811560407280922,39.02084892615676,
4493,39.46507605724037,0.2900548279285431,39.069639053195715,
4494,39.44110288284719,0.2809369470924139,39.052789099514484,
4495,39.43479200825095,0.2906639128923416,39.03994197025895,
4496,39.446473121643066,0.28107292018830776,39.06093304976821,
4497,39.475671015679836,0.28068781830370426,39.090019185096025,
4498,39.42291997373104,0.2778989728540182,39.04062299989164,
4499,39.44191406480968,0.28021191246807575,39.0563381370157,
4500,39.45325897075236,0.2799108624458313,39.06928701326251,
4501,40.058833081275225,0.8546409662812948,39.086745120584965,
4502,39.41326099447906,0.29168114997446537,39.01522187516093,
4503,39.4596760161221,0.2878669183701277,39.06132699921727,
4504,39.4621049053967,0.28053391724824905,39.075484033674,
4505,39.44170009344816,0.285096000880003,39.05200120061636,
4506,39.47129216976464,0.2789280842989683,39.08809996210039,
4507,39.449785836040974,0.2840289380401373,39.06025900505483,
4508,39.46558409370482,0.2820659428834915,39.08014902845025,
4509,39.40946701914072,0.28690602630376816,39.017559960484505,
4510,39.43934291601181,0.28028502129018307,39.054234046489,
4511,39.438528940081596,0.28057186864316463,39.04887102544308,
4512,39.426389150321484,0.2773927990347147,39.04497902840376,
4513,39.45929487235844,0.27903681620955467,39.0694011002779,
4514,39.40356499515474,0.2775629982352257,39.01520208455622,
4515,39.46249280124903,0.2760279458016157,39.08270411193371,
4516,39.432747988030314,0.2808540593832731,39.047946920618415,
4517,40.03564501181245,0.8293371647596359,39.090405916795135,
4518,39.4747331738472,0.28647296130657196,39.082988165318966,
4519,39.47851900011301,0.29324693605303764,39.07877812162042,
4520,39.51029106974602,0.28104311786592007,39.12380593828857,
4521,39.45495490916073,0.28566201217472553,39.0636280644685,
4522,39.495023898780346,0.27787499129772186,39.11227406933904,
4523,39.484649896621704,0.2864908892661333,39.09422107972205,
4524,39.4924720749259,0.2813690807670355,39.103857008740306,
4525,39.4670320674777,0.2891549374908209,39.070758037269115,
4526,39.42266013473272,0.28443988412618637,39.032233180478215,
4527,39.47762795723975,0.2826580312103033,39.08932884223759,
4528,39.49591494165361,0.27739698998630047,39.11496000364423,
4529,39.466862101107836,0.2810510341078043,39.080278016626835,
4530,39.45576190017164,0.2823809627443552,39.06681202352047,
4531,39.477278012782335,0.2761429641395807,39.094345178455114,
4532,39.42085988819599,0.2826540730893612,39.03203387744725,
4533,40.09031387977302,0.8264740463346243,39.14671088568866,
4534,39.485635003075004,0.28625200502574444,39.09373399801552,
4535,39.50425889343023,0.2823220565915108,39.116852916777134,
4536,39.440476102754474,0.28050411492586136,39.05169595964253,
4537,39.440633030608296,0.2811409067362547,39.052278036251664,
4538,39.49641203507781,0.27734902687370777,39.11170596256852,
4539,39.44996604695916,0.2801208756864071,39.0647710300982,
4540,39.47249590419233,0.28114812448620796,39.087078999727964,
4541,39.470076095312834,0.28507900424301624,39.07975507900119,
4542,39.45547295734286,0.28310809284448624,39.06825603917241,
4543,39.52357708476484,0.2848878502845764,39.1330779530108,
4544,39.46159593760967,0.2803339157253504,39.07685191370547,
4545,39.47017388418317,0.28744712471961975,39.077661000192165,
4546,39.47285609319806,0.27787708677351475,39.090147940441966,
4547,39.45871000178158,0.2858079969882965,39.069433929398656,
4548,39.440738037228584,0.28513302095234394,39.051885018125176,
4549,40.03985086455941,0.8204248733818531,39.101151982322335,
4550,39.50254409573972,0.2926879096776247,39.104313123971224,
4551,39.48713396675885,0.2871369943022728,39.0942320227623,
4552,39.49676011689007,0.29182201251387596,39.09965814091265,
4553,39.496962912380695,0.2811760641634464,39.111381862312555,
4554,39.428916992619634,0.2857430372387171,39.038893999531865,
4555,39.497603895142674,0.28209714218974113,39.10853690467775,
4556,39.49071792885661,0.2922120038419962,39.093281142413616,
4557,39.46227999404073,0.2811509184539318,39.07685191370547,
4558,39.50156015343964,0.28928997926414013,39.10687519237399,
4559,39.49366114102304,0.28224801644682884,39.105732925236225,
4560,39.48063985444605,0.28867810033261776,39.08639098517597,
4561,39.49343599379063,0.27996208518743515,39.10936298780143,
4562,39.4683179911226,0.2840899396687746,39.079390931874514,
4563,39.48834794573486,0.2815390471369028,39.101390866562724,
4564,39.43071886897087,0.2776719629764557,39.04253290966153,
4565,40.10209999978542,0.8359851781278849,39.14930997416377,
4566,39.50770990923047,0.29272912070155144,39.10931386053562,
4567,39.50148308649659,0.28872000984847546,39.10684399306774,
4568,39.49433588422835,0.2816899213939905,39.10811408422887,
4569,39.49475404806435,0.2873220946639776,39.1035929787904,
4570,39.47793506085873,0.2824219409376383,39.09166087396443,
4571,39.44607707671821,0.28839800506830215,39.05259701423347,
4572,39.49423204176128,0.28135604225099087,39.107743883505464,
4573,39.52087019570172,0.28114207088947296,39.13513198494911,
4574,39.4275919534266,0.2808449789881706,39.04247609898448,
4575,39.50778814032674,0.2794938627630472,39.12297612987459,
4576,39.46377197280526,0.28139702044427395,39.07812712714076,
4577,39.43803603760898,0.28219097293913364,39.04835996218026,
4578,39.45586993359029,0.2785900142043829,39.072609040886164,
4579,39.48708204552531,0.2831248566508293,39.09513005055487,
4580,39.493426913395524,0.2822380047291517,39.10796390846372,
4581,40.08548194542527,0.8257459849119186,39.143802830949426,
4582,39.51295302249491,0.287685077637434,39.117075968533754,
4583,39.5448780618608,0.28658309020102024,39.15183898061514,
4584,39.518265053629875,0.2883570268750191,39.12579012103379,
4585,39.538034005090594,0.2840310335159302,39.14975514635444,
4586,39.4897919613868,0.28754910454154015,39.09694799222052,
4587,39.47490104474127,0.2842929679900408,39.08628597855568,
4588,39.4727501552552,0.28975983150303364,39.07877905294299,
4589,39.49812613427639,0.2816410269588232,39.11162889562547,
4590,39.51067314483225,0.2920369151979685,39.114580024033785,
4591,39.4963261205703,0.2790740691125393,39.11027987487614,
4592,39.51057093217969,0.2928988542407751,39.11276417784393,
4593,39.52418779954314,0.2831011079251766,39.137180894613266,
4594,39.50746497139335,0.2880878746509552,39.11574697121978,
4595,39.49379199184477,0.282342080026865,39.102443028241396,
4596,39.49554613791406,0.28987484984099865,39.10124208778143,
4597,40.05342908203602,0.8187009952962399,39.115353021770716,
4598,39.48708903044462,0.2872259356081486,39.09500199370086,
4599,39.48850417509675,0.28760102577507496,39.09637709148228,
4600,39.518238976597786,0.2837229985743761,39.12902600131929,
4601,39.51874910853803,0.28737494722008705,39.12611794658005,
4602,39.48328294791281,0.28311414644122124,39.09468883648515,
4603,39.52444391325116,0.28977799229323864,39.12722482345998,
4604,39.51844503171742,0.2801399677991867,39.13334594108164,
4605,39.48069107718766,0.28597889468073845,39.08992721699178,
4606,39.498511934652925,0.2847840078175068,39.1077829990536,
4607,39.49966817162931,0.2840370871126652,39.111674996092916,
4608,39.55652588047087,0.28271088376641273,39.16632500477135,
4609,39.47063907980919,0.2818428911268711,39.08474510535598,
4610,39.50796811841428,0.2800081856548786,39.12061499431729,
4611,39.488364942371845,0.28252601623535156,39.1023859847337,
4612,39.474622113630176,0.2805911935865879,39.09007692709565,
4613,40.04257684573531,0.7945450488477945,39.125852053985,
4614,39.51384895481169,0.28393580578267574,39.12471001967788,
4615,39.519578916952014,0.28235698118805885,39.1289780382067,
4616,39.498985977843404,0.28256489895284176,39.11103308200836,
4617,39.498416939750314,0.2832459285855293,39.106545969843864,
4618,39.52522506006062,0.28539192862808704,39.13383302278817,
4619,39.526234148070216,0.28085988014936447,39.14150409400463,
4620,39.49716500937939,0.2821220550686121,39.11017091013491,
4621,39.45841593667865,0.2828619908541441,39.06931006349623,
4622,39.491814794018865,0.28337095864117146,39.10133894532919,
4623,39.55731610767543,0.28229295276105404,39.16886495426297,
4624,39.510078029707074,0.28293696232140064,39.119986118748784,
4625,39.513896917924285,0.28945901431143284,39.11803802475333,
4626,39.53690081834793,0.2804140094667673,39.150699973106384,
4627,39.5552481058985,0.28674001805484295,39.164144080132246,
4628,39.49533402919769,0.2864818088710308,39.10499718040228,
4629,40.100178914144635,0.822646077722311,39.15904299356043,
4630,39.549869019538164,0.2958450932055712,39.14923290722072,
4631,39.500770857557654,0.28348108753561974,39.10713689401746,
4632,39.51791999861598,0.2840941306203604,39.128327975049615,
4633,39.51432299800217,0.2807790879160166,39.1263070050627,
4634,39.48543197475374,0.2803599927574396,39.09809188917279,
4635,39.5125828217715,0.280188862234354,39.124164963141084,
4636,39.51027593575418,0.28044707141816616,39.124284870922565,
4637,39.54074112698436,0.280517153441906,39.154634810984135,
4638,39.502049097791314,0.2835418563336134,39.11377303302288,
4639,39.505182998254895,0.2784410025924444,39.12334097549319,
4640,39.556139847263694,0.28493907302618027,39.16511102579534,
4641,39.53948989510536,0.28613884933292866,39.14910415187478,
4642,39.51420611701906,0.2812598831951618,39.12886721082032,
4643,39.530177833512425,0.28363405726850033,39.092669961974025,
4644,39.49432005174458,0.2902611158788204,39.097603876143694,
4645,40.11833993718028,0.8218809962272644,39.17846619151533,
4646,39.53925799578428,0.29442599043250084,39.139495929703116,
4647,39.51762500219047,0.285568181425333,39.12212699651718,
4648,39.587337989360094,0.2846790011972189,39.19634595513344,
4649,39.56393199041486,0.2832410391420126,39.169764844700694,
4650,39.50310591608286,0.28497795574367046,39.10849685780704,
4651,39.51006010174751,0.28454302810132504,39.11672905087471,
4652,39.55133492127061,0.28464593924582005,39.16074498556554,
4653,39.54914305359125,0.29138801619410515,39.153201039880514,
4654,39.52034702524543,0.2801711671054363,39.13457598537207,
4655,39.537547854706645,0.28668693266808987,39.145946968346834,
4656,39.52304809354246,0.2835090272128582,39.134682854637504,
4657,39.49099616147578,0.28533698059618473,39.10035407170653,
4658,39.544621016830206,0.28105382807552814,39.156707003712654,
4659,39.48127501644194,0.28646504506468773,39.08881405368447,
4660,39.52400991693139,0.28268899768590927,39.135237922891974,
4661,40.13759782537818,0.8430159650743008,39.172661025077105,
4662,39.51528808102012,0.28954423032701015,39.12080288864672,
4663,39.551244117319584,0.285556074231863,39.16103206574917,
4664,39.51938892714679,0.2823250833898783,39.132250007241964,
4665,39.57603010348976,0.28805085457861423,39.1827339772135,
4666,39.51969696208835,0.2873640041798353,39.12734589539468,
4667,39.53794902190566,0.29058498330414295,39.14396604523063,
4668,39.56003999337554,0.28232391923666,39.171879878267646,
4669,39.478755090385675,0.284828944131732,39.08943198621273,
4670,39.55570701509714,0.28531416319310665,39.160532876849174,
4671,39.53993180766702,0.2925971057265997,39.13700394332409,
4672,39.59650686010718,0.29563717544078827,39.179300889372826,
4673,39.64505414478481,0.3314169589430094,39.20399094931781,
4674,39.59730896167457,0.3360169939696789,39.151899982243776,
4675,39.6196658257395,0.3056831192225218,39.204960921779275,
4676,39.52083201147616,0.28740917332470417,39.12785882130265,
4677,40.15873000025749,0.8857999928295612,39.15500710718334,
4678,39.59292802028358,0.3046570345759392,39.1811600420624,
4679,39.53982191160321,0.2945931628346443,39.14013784378767,
4680,39.55937293358147,0.29545603320002556,39.16024696081877,
4681,39.5400261040777,0.28046988882124424,39.154102094471455,
4682,39.54038489609957,0.28736493550240993,39.140878012403846,
4683,39.5624169614166,0.2854319754987955,39.17127102613449,
4684,39.540502009913325,0.28352602384984493,39.152119774371386,
4685,39.54946016892791,0.2817611675709486,39.16374081745744,
4686,39.513645926490426,0.2814119216054678,39.11895607598126,
4687,39.541568141430616,0.28883805498480797,39.14876305498183,
4688,39.52549886889756,0.2844079863280058,39.13392801769078,
4689,39.54357001930475,0.288807088509202,39.14930997416377,
4690,39.52252003364265,0.28267991729080677,39.135216968134046,
4691,39.518354926258326,0.29288209043443203,39.11981685087085,
4692,39.547852938994765,0.28002308681607246,39.162392960861325,
4693,40.2226741425693,0.862564891576767,39.24386692233384,
4694,39.538808865472674,0.2884890418499708,39.14526803418994,
4695,39.578635012730956,0.2948259934782982,39.17927318252623,
4696,39.53651199117303,0.28449203819036484,39.145432878285646,
4697,39.57073297351599,0.2900687977671623,39.17570016346872,
4698,39.51762104406953,0.2839979715645313,39.12945813499391,
4699,39.53063813969493,0.2882499247789383,39.13805307820439,
4700,39.58173608407378,0.28807087801396847,39.18615309521556,
4701,39.552778005599976,0.2845390699803829,39.164242101833224,
4702,39.50835601426661,0.2823108807206154,39.1217649448663,
4703,39.5614190492779,0.28228992596268654,39.17402704246342,
4704,39.585205959156156,0.28677983209490776,39.19310215860605,
4705,39.580944925546646,0.2823369577527046,39.1933280043304,
4706,39.539535995572805,0.29048812575638294,39.145126938819885,
4707,39.5707821007818,0.2804039977490902,39.183728862553835,
4708,39.56960188224912,0.28470996767282486,39.17646105401218,
4709,40.21236812695861,0.853261910378933,39.23498303629458,
4710,39.61703390814364,0.3197598271071911,39.18734099715948,
4711,39.60329294204712,0.30410592444241047,39.186652982607484,
4712,39.571751141920686,0.30217296443879604,39.1535391099751,
4713,39.61759898811579,0.30970294028520584,39.20012107118964,
4714,39.57247198559344,0.30142604373395443,39.16481789201498,
4715,39.60043308325112,0.30164606869220734,39.19292404316366,
4716,39.57691206596792,0.2887491136789322,39.177995873615146,
4717,39.571772096678615,0.28416397981345654,39.18299893848598,
4718,39.54826295375824,0.28298585675656796,39.15747022256255,
4719,39.55339384265244,0.28282194398343563,39.165015099570155,
4720,39.58944999612868,0.2900850959122181,39.193143835291266,
4721,39.57295906729996,0.2823527902364731,39.18388020247221,
4722,39.55930611118674,0.28743804432451725,39.16681883856654,
4723,39.585480000823736,0.2801420632749796,39.19728402979672,
4724,39.53248611651361,0.2850079908967018,39.142720168456435,
4725,40.19408603198826,0.8786630351096392,39.19739602133632,
4726,39.621518924832344,0.3076640423387289,39.208164904266596,
4727,39.549642940983176,0.2881020773202181,39.15575402788818,
4728,39.562220918014646,0.28791604563593864,39.16636505164206,
4729,39.55605183728039,0.28533395379781723,39.165285881608725,
4730,39.566813968122005,0.2847819123417139,39.176780031993985,
4731,39.61693891324103,0.2859549131244421,39.225507993251085,
4732,39.59252103231847,0.2860620152205229,39.20182306319475,
4733,39.5890730433166,0.28946902602910995,39.19550287537277,
4734,39.544914150610566,0.2833409234881401,39.153373101726174,
4735,39.58104900084436,0.28347899205982685,39.19167909771204,
4736,39.56201579421759,0.2824219409376383,39.173583034425974,
4737,39.555581053718925,0.2824258990585804,39.16563116945326,
4738,39.578738156706095,0.28972490690648556,39.18386111035943,
4739,39.56076200120151,0.28261798433959484,39.17421889491379,
4740,39.583013858646154,0.29235612601041794,39.185595931485295,
4741,40.15680495649576,0.8369910065084696,39.204212138429284,
4742,39.56961282528937,0.28626201674342155,39.17798097245395,
4743,39.572866866365075,0.28348504565656185,39.183581015095115,
4744,39.58411398343742,0.2938059624284506,39.18516403064132,
4745,39.56159413792193,0.285913934931159,39.16962491348386,
4746,39.58934708498418,0.28455303981900215,39.19886099174619,
4747,39.55935989506543,0.2830738667398691,39.16890313848853,
4748,39.548302069306374,0.28628110885620117,39.15668581612408,
4749,39.62347703054547,0.2890331670641899,39.23006099648774,
4750,39.56601396203041,0.2829260192811489,39.17866596020758,
4751,39.57644593901932,0.2938220277428627,39.176857098937035,
4752,39.569834945723414,0.2846729476004839,39.177156053483486,
4753,39.57660496234894,0.28369296342134476,39.18808395974338,
4754,39.57813489250839,0.28678704984486103,39.18636706657708,
4755,39.548894157633185,0.2825087867677212,39.161746157333255,
4756,39.582716999575496,0.29143900610506535,39.18691794387996,
4757,40.12742708437145,0.8187959901988506,39.1921189147979,
4758,39.55243690870702,0.28833281248807907,39.15565414354205,
4759,39.589934051036835,0.2869830932468176,39.19752803631127,
4760,39.569617016240954,0.288564944639802,39.17705710045993,
4761,39.572814013808966,0.28306408785283566,39.184374967589974,
4762,39.577368879690766,0.29378803446888924,39.1785129904747,
4763,39.60745804943144,0.2834140323102474,39.216493954882026,
4764,39.533918956294656,0.28624595142900944,39.14356720633805,
4765,39.64066505432129,0.2856228966265917,39.24939292483032,
4766,39.56555784679949,0.2886869478970766,39.1723511274904,
4767,39.56862608902156,0.2942429855465889,39.17019092477858,
4768,39.594629080966115,0.2881530672311783,39.20249082148075,
4769,39.55280780792236,0.2889379393309355,39.15862902067602,
4770,39.61842693388462,0.28539705090224743,39.228702895343304,
4771,39.60654605180025,0.2856152132153511,39.21687486581504,
4772,39.56907195970416,0.29234797693789005,39.172775112092495,
4773,40.11272406205535,0.8011790923774242,39.19498692266643,
4774,39.598934818059206,0.28838799335062504,39.20240909792483,
4775,39.60400214418769,0.28647202998399734,39.21287111006677,
4776,39.58445321768522,0.2855469938367605,39.19408097863197,
4777,39.578552125021815,0.28838496655225754,39.18526996858418,
4778,39.59844005294144,0.29214308597147465,39.2018249258399,
4779,39.62604491971433,0.2849111333489418,39.23290385864675,
4780,39.59679906256497,0.28829602524638176,39.204194908961654,
4781,39.60182913579047,0.29233493842184544,39.20604917220771,
4782,39.559599943459034,0.2869339659810066,39.16737297549844,
4783,39.62053102441132,0.29138592071831226,39.224300999194384,
4784,39.59533595480025,0.2865530550479889,39.203604916110635,
4785,39.5836029201746,0.2826321870088577,39.19532988220453,
4786,39.5943948533386,0.285326037555933,39.20389083214104,
4787,39.57792487926781,0.28503313660621643,39.189421804621816,
4788,39.53559906221926,0.29159896075725555,39.14059605449438,
4789,40.14108097180724,0.7903128862380981,39.23121211118996,
4790,39.598008152097464,0.28855493292212486,39.205492939800024,
4791,39.58083293400705,0.28697517700493336,39.18961086310446,
4792,39.58665207028389,0.29491609893739223,39.187188958749175,
4793,39.63822196237743,0.28454605489969254,39.24726112745702,
4794,39.563578087836504,0.28364500030875206,39.17362983338535,
4795,39.61415309458971,0.28355210088193417,39.22569891437888,
4796,39.58148183301091,0.286830123513937,39.189588045701385,
4797,39.58761412650347,0.2849171869456768,39.19508587568998,
4798,39.59394316188991,0.2837029751390219,39.20615813694894,
4799,39.62990501895547,0.28871302492916584,39.23666384071112,
4800,39.559220895171165,0.28429203666746616,39.16865517385304,
4801,39.58630794659257,0.2837791107594967,39.197999984025955,
4802,39.61271094158292,0.2894189674407244,39.21840991824865,
4803,39.635015884414315,0.2827751450240612,39.24305806867778,
4804,39.600681979209185,0.28314790688455105,39.21294491738081,
4805,40.117559023201466,0.7960312068462372,39.204628905281425,
4806,39.5938518922776,0.29491400346159935,39.195396937429905,
4807,39.65070401318371,0.28727389872074127,39.25486793741584,
4808,39.58828095346689,0.28924597427248955,39.194044191390276,
4809,39.645187091082335,0.28876797296106815,39.25251914188266,
4810,39.59068516269326,0.2855879720300436,39.200487080961466,
4811,39.600381860509515,0.292391050606966,39.20506592839956,
4812,39.604489924386144,0.288552138954401,39.20893301256001,
4813,39.57215812988579,0.28521218337118626,39.17930694296956,
4814,39.57830904982984,0.2879388630390167,39.18465808965266,
4815,39.62689801119268,0.28280005790293217,39.237444056198,
4816,39.62641302496195,0.2944620791822672,39.22871290706098,
4817,39.62852992117405,0.28382614254951477,39.23897887580097,
4818,39.579802891239524,0.28476398438215256,39.18951493687928,
4819,39.62940699420869,0.29875198379158974,39.22579903155565,
4820,39.58659013733268,0.2888459712266922,39.194014854729176,
4821,40.160752134397626,0.7828180678188801,39.2622291110456,
4822,39.59084814414382,0.2882489934563637,39.195019053295255,
4823,39.5834029186517,0.2919868566095829,39.185780100524426,
4824,39.61907792836428,0.28507993556559086,39.22835807316005,
4825,39.60784408263862,0.29014283791184425,39.21308321878314,
4826,39.60370505228639,0.28814608231186867,39.21054187230766,
4827,39.618383860215545,0.28677796944975853,39.226115914061666,
4828,39.635730907320976,0.29224297031760216,39.23847200348973,
4829,39.59925100207329,0.2826291602104902,39.212126983329654,
4830,39.59248517639935,0.28710998594760895,39.199766935780644,
4831,39.626563899219036,0.28450717218220234,39.23625196330249,
4832,39.6129849832505,0.2834468614310026,39.22562813386321,
4833,39.63422798551619,0.28897402808070183,39.24091788940132,
4834,39.64919107966125,0.2868468873202801,39.25845096819103,
4835,39.58521597087383,0.2842878457158804,39.197655161842704,
4836,39.57363497465849,0.290445052087307,39.17915187776089,
4837,40.17237015068531,0.7872721180319786,39.26864406093955,
4838,39.66592508368194,0.2902308478951454,39.26927107386291,
4839,39.613469038158655,0.2847439609467983,39.22558203339577,
4840,39.61594798602164,0.29063993133604527,39.22106488607824,
4841,39.64244807139039,0.2840731758624315,39.25346303731203,
4842,39.62470986880362,0.2840929664671421,39.23611412756145,
4843,39.649480022490025,0.2899921964854002,39.253558963537216,
4844,39.634388871490955,0.2924480941146612,39.23247195780277,
4845,39.613493951037526,0.2873700577765703,39.22089491970837,
4846,39.60810392163694,0.28731999918818474,39.216673001646996,
4847,39.62266305461526,0.2917279489338398,39.22609705477953,
4848,39.62720115669072,0.29566604644060135,39.22671405598521,
4849,39.641193114221096,0.28544687665998936,39.24942319281399,
4850,39.6246409509331,0.2859700471162796,39.23261701129377,
4851,39.580753073096275,0.29309093952178955,39.182018022984266,
4852,39.65212497860193,0.28594397008419037,39.25956506282091,
4853,40.175216970965266,0.7705159951001406,39.28765910677612,
4854,39.61796895600855,0.2914979122579098,39.22136197797954,
4855,39.59374618716538,0.29380200430750847,39.19350798241794,
4856,39.66831509023905,0.28893398120999336,39.27234117873013,
4857,39.657471934333444,0.2870960161089897,39.26477604545653,
4858,39.63442309759557,0.296273035928607,39.23286707140505,
4859,39.60951999761164,0.28771907091140747,39.216442964971066,
4860,39.61078496649861,0.28771604411303997,39.21766486018896,
4861,39.65846705250442,0.28389296494424343,39.269356057047844,
4862,39.61658081971109,0.2865639980882406,39.22525909729302,
4863,39.647527039051056,0.28982781805098057,39.25249399617314,
4864,39.67475285753608,0.28610206209123135,39.285931969061494,
4865,39.574387948960066,0.28469087556004524,39.18376914225519,
4866,39.635827066376805,0.2960681449621916,39.23501190729439,
4867,39.66989484615624,0.28572697192430496,39.27832515910268,
4868,39.613200118765235,0.28689298778772354,39.22082111239433,
4869,40.17817787826061,0.794069841504097,39.26682216115296,
4870,39.66513299383223,0.28898799791932106,39.270104840397835,
4871,39.625752018764615,0.288776820525527,39.23168103210628,
4872,39.643390104174614,0.2905139699578285,39.24881899729371,
4873,39.68427702784538,0.29142899438738823,39.28587608970702,
4874,39.65933690778911,0.2869260497391224,39.2650009598583,
4875,39.61578803136945,0.29142084531486034,39.21869304031134,
4876,39.64099404402077,0.29998295940458775,39.23659003339708,
4877,39.65597599744797,0.28878403827548027,39.26162188872695,
4878,39.67965906485915,0.2861849498003721,39.2839340493083,
4879,39.626635145395994,0.29192189686000347,39.2296330537647,
4880,39.63939705863595,0.29065809212625027,39.23928993754089,
4881,39.63954700157046,0.2858028747141361,39.248807122930884,
4882,39.650093065574765,0.2932390198111534,39.25186186097562,
4883,39.624088909476995,0.28594210743904114,39.232340874150395,
4884,39.64610397815704,0.28957007452845573,39.25077407620847,
4885,40.21619586274028,0.7937641348689795,39.30199285969138,
4886,39.646076038479805,0.28984597884118557,39.250214817002416,
4887,39.60854117758572,0.28432905673980713,39.21998105943203,
4888,39.59680208936334,0.2866240683943033,39.20504404231906,
4889,39.65759091079235,0.2919621765613556,39.25998695194721,
4890,39.60249200463295,0.2870799507945776,39.211255963891745,
4891,39.62170006707311,0.28368388302624226,39.23320700414479,
4892,39.65627704747021,0.2905190922319889,39.26019906066358,
4893,39.60416209883988,0.28810789808630943,39.205765118822455,
4894,39.62888102978468,0.28690905310213566,39.23525707796216,
4895,39.61635800078511,0.29380107298493385,39.21854100190103,
4896,39.640913950279355,0.2867139410227537,39.24979898147285,
4897,39.643557043746114,0.28963200747966766,39.248245069757104,
4898,39.66475394554436,0.2855279017239809,39.271311135962605,
4899,39.665241027250886,0.29001920484006405,39.268541848286986,
4900,39.650490041822195,0.29170908965170383,39.25467608496547,
4901,40.18251597881317,0.7768128998577595,39.29424798116088,
4902,39.657412096858025,0.30110799707472324,39.251830196008086,
4903,39.65899092145264,0.2874589990824461,39.26521586254239,
4904,39.69142306596041,0.286174938082695,39.30046898312867,
4905,39.635950000956655,0.29352097772061825,39.23860611394048,
4906,39.65467703528702,0.2850538585335016,39.26529409363866,
4907,39.642447140067816,0.2837148495018482,39.25455594435334,
4908,39.67354889027774,0.2930210903286934,39.27432210184634,
4909,39.617577800527215,0.2843211404979229,39.22568098641932,
4910,39.68209493905306,0.2897069789469242,39.28663209080696,
4911,39.65288610197604,0.29203598387539387,39.256706135347486,
4912,39.689308032393456,0.28681615367531776,39.299537893384695,
4913,39.658115012571216,0.2854340709745884,39.268209133297205,
4914,39.68357387930155,0.2941000275313854,39.285347098484635,
4915,39.65779207646847,0.28807297348976135,39.264648919925094,
4916,39.639743976294994,0.2883609849959612,39.24744203686714,
4917,40.20826914347708,0.7666479796171188,39.315214147791266,
4918,39.68445607461035,0.29244599863886833,39.285097969695926,
4919,39.665045915171504,0.2966090105473995,39.265203988179564,
4920,39.69548502936959,0.2901279367506504,39.29799306206405,
4921,39.64000893756747,0.2884659916162491,39.24577799625695,
4922,39.66463101096451,0.2954709343612194,39.26490293815732,
4923,39.67296495102346,0.28753094375133514,39.277989184483886,
4924,39.66797096654773,0.2864040434360504,39.27782806567848,
4925,39.6926139947027,0.29875501058995724,39.28765584714711,
4926,39.68212381005287,0.2877078950405121,39.2906260676682,
4927,39.6808369550854,0.28808205388486385,39.28940184414387,
4928,39.69888109713793,0.29773497954010963,39.29589595645666,
4929,39.643708150833845,0.28812000527977943,39.25060806795955,
4930,39.66342192143202,0.2879749517887831,39.27007410675287,
4931,39.64309091679752,0.29127905145287514,39.24552001990378,
4932,39.665739983320236,0.2846249844878912,39.27257494069636,
4933,40.23619811050594,0.825969036668539,39.29247194901109,
4934,39.649288868531585,0.29356800951063633,39.24633306451142,
4935,39.65561813674867,0.2906220033764839,39.25986192189157,
4936,39.700323017314076,0.2961780410259962,39.29965291172266,
4937,39.63688085786998,0.2873311750590801,39.24097795970738,
4938,39.715363178402185,0.28883409686386585,39.32098392397165,
4939,39.66270596720278,0.2919700928032398,39.26495602354407,
4940,39.71210401505232,0.28691114857792854,39.32051290757954,
4941,39.644893957301974,0.28627016581594944,39.254635805264115,
4942,39.69594184309244,0.29616313986480236,39.295173017308116,
4943,39.701785892248154,0.2906059380620718,39.30685389786959,
4944,39.688688004389405,0.2873989287763834,39.29601493291557,
4945,39.64822296984494,0.2870310563594103,39.255101000890136,
4946,39.65943795628846,0.2817329950630665,39.27295398898423,
4947,39.65029097162187,0.2849479205906391,39.26118416711688,
4948,39.6763039752841,0.28838799335062504,39.282865123823285,
4949,40.232261875644326,0.80289994366467,39.31288910098374,
4950,39.70484109595418,0.29988097958266735,39.29966315627098,
4951,39.706337032839656,0.29128510504961014,39.309215964749455,
4952,39.66695908457041,0.2890140749514103,39.27369392476976,
4953,39.69561401754618,0.29454310424625874,39.29359093308449,
4954,39.668281096965075,0.2895600628107786,39.27423385903239,
4955,39.649070939049125,0.29160105623304844,39.253911934792995,
4956,39.693542988970876,0.2904089633375406,39.29448500275612,
4957,39.6934081800282,0.2884219866245985,39.299326948821545,
4958,39.634204003959894,0.28968509286642075,39.23558094538748,
4959,39.67619501054287,0.2874811179935932,39.28263392299414,
4960,39.714892860502005,0.29784301295876503,39.311666041612625,
4961,39.65332917869091,0.2886278089135885,39.25683302804828,
4962,39.707355899736285,0.28806994669139385,39.31646794080734,
4963,39.71194103360176,0.2904741559177637,39.31752289645374,
4964,39.685118943452835,0.28856005519628525,39.29196111857891,
4965,40.21487012505531,0.7927538827061653,39.30659801699221,
4966,39.72519701346755,0.2934429794549942,39.32494996115565,
4967,39.69232691451907,0.2967268228530884,39.290409069508314,
4968,39.65870011597872,0.296618090942502,39.25502486526966,
4969,39.679246954619884,0.28742197901010513,39.28831499069929,
4970,39.703893940895796,0.2860529348254204,39.311218075454235,
4971,39.68090610578656,0.2958888653665781,39.27971702069044,
4972,39.6772928070277,0.29068393632769585,39.280074182897806,
4973,39.67631887644529,0.2887838054448366,39.28285907022655,
4974,39.718679850921035,0.29357895255088806,39.31861696764827,
4975,39.66182703152299,0.2949440386146307,39.26088591106236,
4976,39.684243965893984,0.2886969596147537,39.294600021094084,
4977,39.672971004620194,0.2849469892680645,39.28347397595644,
4978,39.71578017808497,0.29730191454291344,39.31258409284055,
4979,39.717513136565685,0.2893980126827955,39.32408499531448,
4980,39.659822126850486,0.2904040738940239,39.26415997557342,
4981,40.223370073363185,0.8052499033510685,39.30045408196747,
4982,39.67000707052648,0.2961850259453058,39.26952206529677,
4983,39.67807302251458,0.2975719980895519,39.27599382586777,
4984,39.72237813286483,0.2878380473703146,39.32938305661082,
4985,39.69000419601798,0.28978800401091576,39.29363191127777,
4986,39.71296804957092,0.2925081644207239,39.31484487839043,
4987,39.74657692015171,0.28727389872074127,39.35478604398668,
4988,39.68654898926616,0.28716004453599453,39.292269852012396,
4989,39.69285194762051,0.28935610316693783,39.299052907153964,
4990,39.68650405295193,0.292276032269001,39.28879299201071,
4991,39.73340685479343,0.28809206560254097,39.34101085178554,
4992,39.69017812050879,0.28758891858160496,39.2981399782002,
4993,39.70821015536785,0.29427604749798775,39.30802387185395,
4994,39.7029728628695,0.2883640117943287,39.31073099374771,
4995,39.69635395333171,0.28563709929585457,39.30385201238096,
4996,39.67183199711144,0.2874170895665884,39.276429917663336,
4997,40.25274096056819,0.7947869598865509,39.34267605654895,
4998,39.713550824671984,0.2990050707012415,39.30993098765612,
4999,39.727467112243176,0.29217591509222984,39.32923707179725,
5000,39.73265504464507,0.29097520746290684,39.3368077930063,
5001,39.69735186547041,0.290062977001071,39.302460150793195,
5002,39.727071998640895,0.29500387609004974,39.32798095047474,
5003,39.70623202621937,0.28598587960004807,39.31579599156976,
5004,39.748508017510176,0.29040221124887466,39.35044794343412,
5005,39.70521898008883,0.28957403264939785,39.311141008511186,
5006,39.756288984790444,0.2964558079838753,39.3544000107795,
5007,39.70857313834131,0.2895500510931015,39.31541391648352,
5008,39.7175601683557,0.29101409018039703,39.32168893516064,
5009,39.7122991271317,0.2929209731519222,39.31408608332276,
5010,39.723641937598586,0.2894289791584015,39.3252728972584,
5011,39.714596001431346,0.28845900669693947,39.32299604639411,
5012,39.69058603979647,0.2868340816348791,39.29925989359617,
5013,40.270077995955944,0.7790501695126295,39.37155497260392,
5014,39.696692023426294,0.2970078494399786,39.29471014998853,
5015,39.71227095462382,0.2987910993397236,39.30868790484965,
5016,39.74017011933029,0.2887970767915249,39.346635807305574,
5017,39.715216029435396,0.2873868215829134,39.32274901308119,
5018,39.734823163598776,0.2914518117904663,39.33735913597047,
5019,39.68047397211194,0.29516895301640034,39.27960596047342,
5020,39.73174118436873,0.2879430539906025,39.3395540304482,
5021,39.72258395515382,0.28347503393888474,39.33264594525099,
5022,39.724741131067276,0.29823603108525276,39.321070071309805,
5023,39.73018890246749,0.2869400195777416,39.33781897649169,
5024,39.73404807038605,0.2869688905775547,39.338362170383334,
5025,39.745068876072764,0.29246602207422256,39.348397171124816,
5026,39.7320119664073,0.2923780120909214,39.33461685664952,
5027,39.726458955556154,0.2901430707424879,39.33081915602088,
5028,39.69304007478058,0.28803409077227116,39.297069888561964,
5029,40.253493934869766,0.7772599346935749,39.357213070616126,
5030,39.76269019767642,0.2958469558507204,39.3594850320369,
5031,39.73680594936013,0.2943410072475672,39.337826892733574,
5032,39.7182849701494,0.29668002389371395,39.31486094370484,
5033,39.74312008358538,0.29212795197963715,39.34558806940913,
5034,39.71456200815737,0.2918809186667204,39.31806096807122,
5035,39.72789901308715,0.29874895699322224,39.323386969044805,
5036,39.76499498821795,0.2961549907922745,39.36416003853083,
5037,39.74970895797014,0.29235403053462505,39.35123700648546,
5038,39.75508618168533,0.28475793078541756,39.36493815854192,
5039,39.678100030869246,0.2910769544541836,39.28085905499756,
5040,39.72862707450986,0.293901888653636,39.32872205041349,
5041,39.70900108106434,0.2917950041592121,39.311357075348496,
5042,39.75255391560495,0.2876331564038992,39.35780585743487,
5043,39.70085014589131,0.29346602968871593,39.3023039214313,
5044,39.78465497493744,0.29062596149742603,39.39012810587883,
5045,40.26558389887214,0.7971550803631544,39.35158089734614,
5046,39.72850600257516,0.29730284586548805,39.32702401652932,
5047,39.73454004153609,0.2911309711635113,39.33586087077856,
5048,39.727154187858105,0.29033212922513485,39.33097096160054,
5049,39.777514059096575,0.2968751359730959,39.37664581462741,
5050,39.742555003613234,0.2900899853557348,39.34768890030682,
5051,39.741083048284054,0.289292074739933,39.34631310403347,
5052,39.66991696506739,0.2914629876613617,39.273735135793686,
5053,39.74831779487431,0.29634893871843815,39.3468220718205,
5054,39.717237930744886,0.28956402093172073,39.323170902207494,
5055,39.73350906744599,0.29084994457662106,39.33737310580909,
5056,39.729708805680275,0.2935419324785471,39.33151997625828,
5057,39.737545885145664,0.2969689667224884,39.33567414060235,
5058,39.764591958373785,0.29014889150857925,39.36872608028352,
5059,39.74425210617483,0.28966995887458324,39.350057952106,
5060,39.754657773301005,0.2949479967355728,39.354641921818256,
5061,40.301218163222075,0.8087800815701485,39.37488398514688,
5062,39.79437402449548,0.29476010240614414,39.39395700581372,
5063,39.78996118530631,0.29936106875538826,39.38435507006943,
5064,39.7615828551352,0.29843603260815144,39.35957490466535,
5065,39.73626997321844,0.2894338686019182,39.343031123280525,
5066,39.734370075166225,0.29228790663182735,39.3392329569906,
5067,39.71466491930187,0.2935510128736496,39.31728703901172,
5068,39.688034914433956,0.2968080807477236,39.287023013457656,
5069,39.73134909756482,0.28610904701054096,39.33954588137567,
5070,39.73053093068302,0.29180385172367096,39.333475986495614,
5071,39.72600097768009,0.29307487420737743,39.326608180999756,
5072,39.73652399145067,0.28989301063120365,39.3423589412123,
5073,39.72976910881698,0.2838380169123411,39.337269961833954,
5074,39.81471713632345,0.2871658653020859,39.41627196036279,
5075,39.756116922944784,0.29331305995583534,39.356651017442346,
5076,39.77195615880191,0.29016099870204926,39.37656991183758,
5077,40.30877095647156,0.8185389451682568,39.37415708787739,
5078,39.74132100120187,0.29966002330183983,39.336616871878505,
5079,39.749532006680965,0.29165507294237614,39.34953990392387,
5080,39.688155986368656,0.2895379438996315,39.294860092923045,
5081,39.72522588446736,0.29802112840116024,39.32248707860708,
5082,39.753237972036004,0.2874478232115507,39.36208109371364,
5083,39.73158402368426,0.2875039353966713,39.33773213066161,
5084,39.7515578661114,0.2914499491453171,39.35534902848303,
5085,39.78338907472789,0.2952180802822113,39.383399998769164,
5086,39.72237790003419,0.2981198485940695,39.32084213010967,
5087,39.728224044665694,0.288303941488266,39.335373090580106,
5088,39.753369987010956,0.2892850898206234,39.35954300686717,
5089,39.74002203904092,0.2955798991024494,39.339755196124315,
5090,39.77705701254308,0.2984229940921068,39.37570517882705,
5091,39.79241009801626,0.2875900827348232,39.399642031639814,
5092,39.72637583501637,0.2902490086853504,39.32819701731205,
5093,40.286920964717865,0.7840229663997889,39.38600607216358,
5094,39.73653493449092,0.2930241171270609,39.33763294480741,
5095,39.75986409932375,0.2929049078375101,39.36137608252466,
5096,39.751044008880854,0.2946760505437851,39.35092594474554,
5097,39.78406288661063,0.2888711169362068,39.390665013343096,
5098,39.76296610198915,0.29127392917871475,39.359254064038396,
5099,39.74961210042238,0.29498408548533916,39.34717993251979,
5100,39.762645959854126,0.30335295014083385,39.35366799123585,
5101,39.7280880715698,0.2894031349569559,39.33213301934302,
5102,39.7493380587548,0.2915640361607075,39.35246402397752,
5103,39.74375408142805,0.287303002551198,39.35085120610893,
5104,39.770075120031834,0.2947889734059572,39.368749130517244,
5105,39.785793982446194,0.28894306160509586,39.390659891068935,
5106,39.77473801933229,0.2914341166615486,39.37813104130328,
5107,39.73694588057697,0.28916005976498127,39.3429989926517,
5108,39.72628922201693,0.2965191379189491,39.3216188531369,
5109,40.35291285254061,0.8733561262488365,39.355986984446645,
5110,39.79581897147,0.3016239497810602,39.38950994051993,
5111,39.74734479561448,0.29684905894100666,39.34631892479956,
5112,39.754738099873066,0.2999498974531889,39.349958999082446,
5113,39.78837002068758,0.28880382888019085,39.392667124047875,
5114,39.840994868427515,0.2922320272773504,39.44292897358537,
5115,39.76465715095401,0.28562708757817745,39.37434102408588,
5116,39.74492591805756,0.29678409919142723,39.34283903799951,
5117,39.78411899879575,0.2923891879618168,39.385465905070305,
5118,39.758525090292096,0.2941698767244816,39.35736604034901,
5119,39.79079192504287,0.2874468918889761,39.398222928866744,
5120,39.74993014708161,0.29978295788168907,39.34417990967631,
5121,39.777419064193964,0.2903600689023733,39.38221000134945,
5122,39.76489813067019,0.2910671755671501,39.371508872136474,
5123,39.77759089320898,0.2911509945988655,39.37848284840584,
5124,39.73194886930287,0.29143597930669785,39.3320070579648,
5125,40.414884919300675,0.8701940532773733,39.42660195752978,
5126,39.749677991494536,0.3011550288647413,39.34235102497041,
5127,39.80598691850901,0.296904006972909,39.40561902709305,
5128,39.790232898667455,0.29999599792063236,39.385912008583546,
5129,39.818058954551816,0.2901810221374035,39.42141402512789,
5130,39.77750591002405,0.2900029066950083,39.38379813916981,
5131,39.77438388392329,0.28784899041056633,39.381830021739006,
5132,39.79145479388535,0.2968169283121824,39.390092017129064,
5133,39.78229290805757,0.29396102763712406,39.38332409597933,
5134,39.734385907649994,0.2919030375778675,39.33731489814818,
5135,39.77165697142482,0.29169418849051,39.37018685974181,
5136,39.76772399619222,0.2903060521930456,39.370764046907425,
5137,39.79969792999327,0.29500387609004974,39.39981805160642,
5138,39.74883700720966,0.29032304883003235,39.35421700589359,
5139,39.766497910022736,0.28833094984292984,39.371364982798696,
5140,39.7485529538244,0.28983899392187595,39.352807914838195,
5141,40.36410083062947,0.834842910990119,39.41133408807218,
5142,39.809513138607144,0.29591890051960945,39.403376169502735,
5143,39.755372097715735,0.29203295707702637,39.35751016251743,
5144,39.78923591785133,0.3002032171934843,39.38441490754485,
5145,39.790940936654806,0.2940371632575989,39.391248021274805,
5146,39.770170114934444,0.2893400378525257,39.37617200426757,
5147,39.764303946867585,0.2913398202508688,39.36681803315878,
5148,39.774595061317086,0.29539293609559536,39.36976287513971,
5149,39.77246512658894,0.29528909362852573,39.37278385274112,
5150,39.816228207200766,0.2918108366429806,39.4163120072335,
5151,39.78165704756975,0.29384903609752655,39.38204701989889,
5152,39.74230703897774,0.2929300535470247,39.3428688403219,
5153,39.80239387601614,0.2947710454463959,39.40265090204775,
5154,39.76992005482316,0.2971328794956207,39.3652671482414,
5155,39.78604613803327,0.29247207567095757,39.38742307946086,
5156,39.77250796742737,0.2979300916194916,39.367621997371316,
5157,40.34449020400643,0.8195701520889997,39.40959693863988,
5158,39.802362909540534,0.29409187845885754,39.404758950695395,
5159,39.746084017679095,0.2930830232799053,39.34826795011759,
5160,39.77065603248775,0.29709190130233765,39.36900105327368,
5161,39.76440289989114,0.2975999377667904,39.36267108656466,
5162,39.80741812847555,0.2939158584922552,39.407880045473576,
5163,39.782953914254904,0.29006204567849636,39.38806499354541,
5164,39.78993301279843,0.29446184635162354,39.39239610917866,
5165,39.72171503119171,0.29271282255649567,39.32602517306805,
5166,39.79020705446601,0.29222690500319004,39.39515305683017,
5167,39.781366009265184,0.2932299394160509,39.38237717375159,
5168,39.82526995241642,0.2950599882751703,39.42462312988937,
5169,39.75867200642824,0.29213191010057926,39.36253488063812,
5170,39.83585606329143,0.300099840387702,39.43163109943271,
5171,39.81084213592112,0.2922380808740854,39.414545986801386,
5172,39.757604943588376,0.2927021123468876,39.35929085128009,
5173,40.32729589380324,0.7924861274659634,39.416691986843944,
5174,39.79866299778223,0.2933940850198269,39.39999593421817,
5175,39.802266051992774,0.29426603578031063,39.40318897366524,
5176,39.800422033295035,0.29380712658166885,39.39893678762019,
5177,39.799432968720794,0.29253517277538776,39.40188302658498,
5178,39.78461096994579,0.2966600004583597,39.38332013785839,
5179,39.7886938881129,0.29220106080174446,39.393188897520304,
5180,39.81311293318868,0.2886760048568249,39.420271990820765,
5181,39.7898368537426,0.2900240942835808,39.391567930579185,
5182,39.77816901169717,0.2906972076743841,39.38285890035331,
5183,39.74873316474259,0.29536616057157516,39.34852103702724,
5184,39.80084205977619,0.294144032523036,39.40052492544055,
5185,39.81033409945667,0.29058102518320084,39.414194179698825,
5186,39.76068110205233,0.2892441116273403,39.3654708750546,
5187,39.78700400330126,0.2946068998426199,39.38596206717193,
5188,39.81723380275071,0.29881205409765244,39.41384004428983,
5189,40.34737986512482,0.8181228768080473,39.413246093317866,
5190,39.822321152314544,0.3088188823312521,39.40783720463514,
5191,39.8038059938699,0.2975619863718748,39.400842040777206,
5192,39.80212891474366,0.29132701456546783,39.403625996783376,
5193,39.804503088817,0.29068603180348873,39.40629283897579,
5194,39.79632421396673,0.2970679197460413,39.39472604542971,
5195,39.81236391700804,0.2941419370472431,39.40998809412122,
5196,39.770388044416904,0.2981151919811964,39.36642687767744,
5197,39.8102798499167,0.29166811145842075,39.41501397639513,
5198,39.78600609116256,0.2894939389079809,39.39060098491609,
5199,39.81442307122052,0.2911591436713934,39.4161578733474,
5200,39.773920085281134,0.29058195650577545,39.376904955133796,
5201,39.767632028087974,0.29743905179202557,39.36261194758117,
5202,39.773809956386685,0.2888559829443693,39.37971196137369,
5203,39.81021116487682,0.29105180874466896,39.41442212089896,
5204,39.78734207339585,0.28949487023055553,39.39402406103909,
5205,40.36165401339531,0.796991866081953,39.449269184842706,
5206,39.80870498344302,0.29465812258422375,39.406857918947935,
5207,39.82717799954116,0.29170000925660133,39.43025413900614,
5208,39.78580003604293,0.29487814754247665,39.383733877912164,
5209,39.78109988383949,0.30202697962522507,39.37381994910538,
5210,39.8564210627228,0.29369606636464596,39.458265993744135,
5211,39.795713033527136,0.2968099433928728,39.3952049780637,
5212,39.859846932813525,0.2903738059103489,39.46026205085218,
5213,39.80299294926226,0.2928110770881176,39.406609954312444,
5214,39.813286159187555,0.29293703846633434,39.4153599627316,
5215,39.797408040612936,0.2985668834298849,39.39358098432422,
5216,39.79227505624294,0.2923118881881237,39.395170053467155,
5217,39.80208397842944,0.29000197537243366,39.407472824677825,
5218,39.77992804720998,0.29208604246377945,39.38259510323405,
5219,39.8590920958668,0.2981938887387514,39.456550031900406,
5220,39.841078920289874,0.3023101016879082,39.435029961168766,
5221,40.39236810058355,0.7991648744791746,39.47365703061223,
5222,39.806796004995704,0.29376009479165077,39.40682183019817,
5223,39.81632902286947,0.2959428820759058,39.41446612589061,
5224,39.82143709436059,0.2975058741867542,39.419409120455384,
5225,39.83027418144047,0.29320409521460533,39.43157894536853,
5226,39.81847199611366,0.2915069926530123,39.42094696685672,
5227,39.92029000073671,0.2926480956375599,39.46003597229719,
5228,39.83737691305578,0.3098000306636095,39.40576803870499,
5229,39.83971709385514,0.2998409327119589,39.434524020180106,
5230,39.81750691309571,0.30021509155631065,39.40904210321605,
5231,39.82530999928713,0.2939228434115648,39.425274124369025,
5232,39.8545591160655,0.2932129427790642,39.45710510015488,
5233,39.847314124926925,0.2931698691099882,39.44922401569784,
5234,39.826565887779,0.2928029280155897,39.428311167284846,
5235,39.834002032876015,0.2960711717605591,39.432800840586424,
5236,39.810883812606335,0.299844890832901,39.405866991728544,
5237,40.38398899137974,0.8150399662554264,39.44963193498552,
5238,39.84068310819566,0.29884115792810917,39.43674988113344,
5239,39.83198897913098,0.2999119460582733,39.42674002610147,
5240,39.87915604375303,0.29929494485259056,39.47471803985536,
5241,39.81500607915223,0.29342295601963997,39.41712505184114,
5242,39.84868316911161,0.2914608921855688,39.454159094020724,
5243,39.809833047911525,0.2978008706122637,39.4030031748116,
5244,39.841114077717066,0.29165600426495075,39.44586496800184,
5245,39.803168969228864,0.29849610291421413,39.39902503043413,
5246,39.834360126405954,0.30127493664622307,39.42792513407767,
5247,39.83216290362179,0.29156100936234,39.436436956748366,
5248,39.84674299135804,0.2940939739346504,39.449353935196996,
5249,39.82677310705185,0.2937519457191229,39.42921315319836,
5250,39.80256197974086,0.29127998277544975,39.40532496199012,
5251,39.81700795702636,0.2951731439679861,39.41592085175216,
5252,39.86061690375209,0.3000129945576191,39.4548790063709,
5253,40.43480893597007,0.8684028871357441,39.4490510225296,
5254,39.84778095036745,0.30503212474286556,39.435595041140914,
5255,39.8394800722599,0.3057809080928564,39.42837403155863,
5256,39.84532901085913,0.3032311797142029,39.437212981283665,
5257,39.83760601840913,0.29165297746658325,39.44131708703935,
5258,39.85341195948422,0.29350188560783863,39.455661084502935,
5259,39.860531920567155,0.2930699847638607,39.462093031033874,
5260,39.85555795952678,0.29357196763157845,39.454357931390405,
5261,39.83383998274803,0.2927519381046295,39.43458688445389,
5262,39.81639817357063,0.30094897374510765,39.40470400266349,
5263,39.81984104029834,0.30302489176392555,39.41222210414708,
5264,39.840362034738064,0.29607396572828293,39.440341060981154,
5265,39.87159300595522,0.29281293973326683,39.47374387644231,
5266,39.84380699694157,0.29273401014506817,39.44610501639545,
5267,39.845888037234545,0.2894829958677292,39.452859899029136,
5268,39.86485698260367,0.29868888668715954,39.46164506487548,
5269,40.41139897890389,0.8555022068321705,39.44103396497667,
5270,39.890974992886186,0.3026248887181282,39.48325710371137,
5271,39.877434028312564,0.29635499231517315,39.47087191045284,
5272,39.8292220197618,0.2949540503323078,39.429888129234314,
5273,39.846534142270684,0.3016670234501362,39.44149287417531,
5274,39.81355298310518,0.3028539940714836,39.406262105330825,
5275,39.87113991752267,0.29335287399590015,39.47267704643309,
5276,39.81067193672061,0.29121385887265205,39.413892198354006,
5277,39.826547959819436,0.29251398518681526,39.426784962415695,
5278,39.806935004889965,0.290942145511508,39.40986981615424,
5279,39.89266697317362,0.29697990976274014,39.489035960286856,
5280,39.88607111386955,0.3044768236577511,39.476656122133136,
5281,39.84781098552048,0.2938448451459408,39.448976051062346,
5282,39.83567119576037,0.29155309312045574,39.43911497481167,
5283,39.852235931903124,0.29016006737947464,39.45630602538586,
5284,39.8777611553669,0.29448699206113815,39.478850085288286,
5285,40.39756814017892,0.847887946292758,39.43180316127837,
5286,39.823356084525585,0.29835221357643604,39.41924497485161,
5287,39.814305026084185,0.29789796099066734,39.40818691626191,
5288,39.862605975940824,0.2973920200020075,39.45809812285006,
5289,39.88304594531655,0.2947920002043247,39.483374916017056,
5290,39.86203018575907,0.29751006513834,39.45899195969105,
5291,39.838727097958326,0.29933289624750614,39.42950093187392,
5292,39.86762696877122,0.2978970296680927,39.46304996497929,
5293,39.819377940148115,0.2929961774498224,39.42165779881179,
5294,39.83284602873027,0.29492704197764397,39.431427139788866,
5295,39.86026090569794,0.29239896684885025,39.456788916140795,
5296,39.8227849509567,0.2959549892693758,39.420926943421364,
5297,39.87508616410196,0.3000958822667599,39.46965700015426,
5298,39.8633221630007,0.2998791169375181,39.45854608900845,
5299,39.85088597983122,0.2964718732982874,39.44854415021837,
5300,39.87690480425954,0.29353704303503036,39.47788896039128,
5301,40.48250406049192,0.8891411125659943,39.47408706881106,
5302,39.90914183668792,0.3117749001830816,39.491038070991635,
5303,39.85241986811161,0.30255899764597416,39.443928049877286,
5304,39.93534203618765,0.29544695280492306,39.53436203300953,
5305,39.853801019489765,0.29516685754060745,39.45335606113076,
5306,39.872326888144016,0.2929689362645149,39.47383211925626,
5307,39.849016116932034,0.29397010803222656,39.45045103318989,
5308,39.87730294466019,0.29546208679676056,39.47691596113145,
5309,39.85779406502843,0.29495893977582455,39.45817891508341,
5310,39.864632999524474,0.2997161354869604,39.459674851968884,
5311,39.902752032503486,0.2980970311909914,39.498741971328855,
5312,39.87331595271826,0.30517205595970154,39.46222481317818,
5313,39.87009800039232,0.2925451844930649,39.47385400533676,
5314,39.9129600264132,0.29666698537766933,39.512168150395155,
5315,39.85393396578729,0.29565393924713135,39.454407058656216,
5316,39.84171897172928,0.29283203184604645,39.440921042114496,
5317,40.46162380836904,0.8438739459961653,39.49912101961672,
5318,39.87985895946622,0.3010199870914221,39.47217296808958,
5319,39.89771706983447,0.297880033031106,39.49321713298559,
5320,39.85952120274305,0.292543089017272,39.463164983317256,
5321,39.897233014926314,0.29220711439847946,39.501244900748134,
5322,39.84972299076617,0.29371283017098904,39.45002215914428,
5323,39.86834408715367,0.30045188032090664,39.46162690408528,
5324,39.863498182967305,0.298582948744297,39.46120594628155,
5325,39.87791808322072,0.3030938096344471,39.46861205622554,
5326,39.88238703459501,0.2935950178653002,39.483221946284175,
5327,39.85363198444247,0.29443507082760334,39.453865960240364,
5328,39.91011716425419,0.29566604644060135,39.50779605656862,
5329,39.848018903285265,0.29474985785782337,39.449054980650544,
5330,39.89921906031668,0.2953589428216219,39.492323994636536,
5331,39.87544192932546,0.2976150717586279,39.47190986946225,
5332,39.85342406667769,0.302495202049613,39.445719914510846,
5333,40.466384030878544,0.854545971378684,39.496982004493475,
5334,39.89172098226845,0.29985117726027966,39.48730789124966,
5335,39.883504854515195,0.29624998569488525,39.478163002058864,
5336,39.89348094910383,0.297230901196599,39.492517011240125,
5337,39.87442492507398,0.2985179889947176,39.47086399421096,
5338,39.88255001604557,0.30152592808008194,39.47609197348356,
5339,39.85668905079365,0.29270793311297894,39.46038102731109,
5340,39.8580611217767,0.2974409144371748,39.45674793794751,
5341,39.86213216558099,0.2948800101876259,39.46196683682501,
5342,39.84284610487521,0.294514000415802,39.44347007200122,
5343,39.88246782682836,0.29444717802107334,39.47925101965666,
5344,39.8358809761703,0.2952131908386946,39.434097008779645,
5345,39.89801788702607,0.30034687370061874,39.492337964475155,
5346,39.847686188295484,0.30433014035224915,39.4382958766073,
5347,39.90262979641557,0.2927398309111595,39.50537205673754,
5348,39.88048294559121,0.29587908647954464,39.479464991018176,
5349,40.44423904269934,0.8460120297968388,39.48190505616367,
5350,39.91244290955365,0.30249706469476223,39.50365586206317,
5351,39.923896081745625,0.30535110272467136,39.51252205297351,
5352,39.903234923258424,0.3163251094520092,39.47866382077336,
5353,39.931522915139794,0.3055660054087639,39.51921104453504,
5354,39.89623696543276,0.30408077873289585,39.4857581704855,
5355,39.86581205390394,0.29672402888536453,39.45634700357914,
5356,39.9060258641839,0.29244786128401756,39.50800700113177,
5357,39.86736387014389,0.2965379972010851,39.46665395051241,
5358,39.90810294635594,0.29640598222613335,39.50237692333758,
5359,39.84733880497515,0.2958541736006737,39.44638394750655,
5360,39.886618964374065,0.3084610216319561,39.4748798571527,
5361,39.885680889710784,0.3050421364605427,39.47576298378408,
5362,39.88224593922496,0.296273035928607,39.47992087341845,
5363,39.879830088466406,0.2952560316771269,39.480464067310095,
5364,39.85896892845631,0.2944888547062874,39.46016309782863,
5365,40.54921283386648,0.9034599643200636,39.52877689152956,
5366,39.87871203571558,0.3100978210568428,39.463800145313144,
5367,39.891322143375874,0.30519999563694,39.48251693509519,
5368,39.90469593554735,0.2982460428029299,39.50189100578427,
5369,39.90766196511686,0.29921415261924267,39.50303792953491,
5370,39.903739001601934,0.29265088960528374,39.50564912520349,
5371,39.9159190710634,0.2955889794975519,39.515893906354904,
5372,39.92411796934903,0.2985880710184574,39.52147299423814,
5373,39.88808183930814,0.2949798945337534,39.487303933128715,
5374,39.890574058517814,0.29317010194063187,39.492415031418204,
5375,39.907090133056045,0.29166904278099537,39.50686892494559,
5376,39.8891291115433,0.2974029630422592,39.48693606071174,
5377,39.91688205860555,0.2957370597869158,39.512347895652056,
5378,39.915177039802074,0.30231778509914875,39.507835172116756,
5379,39.90999003872275,0.30170008540153503,39.501830004155636,
5380,39.90263002924621,0.29287789948284626,39.504649117589,
5381,40.50326091237366,0.8835529442876577,39.496167097240686,
5382,39.91366713307798,0.30066119506955147,39.50801189057529,
5383,39.90164096467197,0.3026940394192934,39.49300409294665,
5384,39.95607583783567,0.30078995041549206,39.550404995679855,
5385,39.928802056238055,0.30805892311036587,39.51475699432194,
5386,39.91840803064406,0.30141090974211693,39.51098793186247,
5387,39.89333217032254,0.2977880649268627,39.49022386223078,
5388,39.914906956255436,0.2954320516437292,39.512226823717356,
5389,39.90254597738385,0.29724580235779285,39.49975804425776,
5390,39.92088697850704,0.2953070215880871,39.52179499901831,
5391,39.917984046041965,0.2955819945782423,39.51641218736768,
5392,39.92322483099997,0.29738317243754864,39.52155588194728,
5393,39.901155047118664,0.2937361132353544,39.502943865954876,
5394,39.96798791922629,0.2962390426546335,39.5637599285692,
5395,39.90633902139962,0.2937270328402519,39.50743796303868,
5396,39.90319021977484,0.2956131938844919,39.49838783591986,
5397,40.5233521014452,0.8895271457731724,39.517177967354655,
5398,39.909695042297244,0.3060190938413143,39.499535923823714,
5399,39.90013990551233,0.2945538144558668,39.50138413347304,
5400,39.90327403880656,0.2952059730887413,39.50192383490503,
5401,39.90290383808315,0.29895384795963764,39.49561598710716,
5402,39.90184003487229,0.2946220338344574,39.502880070358515,
5403,39.9497130420059,0.2980390563607216,39.547257823869586,
5404,39.954341016709805,0.2977850381284952,39.552498143166304,
5405,39.93129404261708,0.3023468889296055,39.52151001431048,
5406,39.91373395547271,0.303714070469141,39.505427004769444,
5407,39.883658988401294,0.2983119338750839,39.47992995381355,
5408,39.89048395305872,0.29630307108163834,39.48976588435471,
5409,39.92507793009281,0.29480899684131145,39.52615009620786,
5410,39.9121621157974,0.2968891058117151,39.510608883574605,
5411,39.96021882630885,0.291567062959075,39.5644698292017,
5412,39.91120704449713,0.29390398412942886,39.51085498556495,
5413,40.510390885174274,0.8740478660911322,39.52006506733596,
5414,39.92700600065291,0.308068934828043,39.513194002211094,
5415,39.90340605378151,0.3040821757167578,39.49545696377754,
5416,39.905230049043894,0.3022679593414068,39.49760692194104,
5417,39.95957807637751,0.290414085611701,39.56461907364428,
5418,39.90486194379628,0.29700505547225475,39.50176597572863,
5419,39.908370934426785,0.29309000819921494,39.51050597243011,
5420,39.890699088573456,0.29459805227816105,39.4928848836571,
5421,39.945729076862335,0.29277103021740913,39.5490441005677,
5422,39.92850100621581,0.29436079785227776,39.52592518180609,
5423,39.91740895435214,0.2930790651589632,39.51910207979381,
5424,39.902037009596825,0.29442994855344296,39.503610925748944,
5425,39.955263026058674,0.29888004064559937,39.55238591879606,
5426,39.94231089018285,0.3003289457410574,39.53859908506274,
5427,39.9243941064924,0.3000230062752962,39.52052490785718,
5428,39.91153696551919,0.30221487395465374,39.50473899021745,
5429,40.51226587034762,0.8420618250966072,39.552530040964484,
5430,39.96949503198266,0.29953615739941597,39.56130682490766,
5431,39.90894113667309,0.29667094349861145,39.50721304863691,
5432,39.91929488256574,0.2989890053868294,39.51401310041547,
5433,39.91716494783759,0.29964279383420944,39.514048025012016,
5434,39.916642010211945,0.3032840322703123,39.502082858234644,
5435,39.948346093297005,0.30403281562030315,39.5385951269418,
5436,39.9216169025749,0.30549801886081696,39.50988594442606,
5437,39.94181798771024,0.3050928935408592,39.53294409438968,
5438,39.919315138831735,0.30431104823946953,39.51159701682627,
5439,39.933006977662444,0.29670819640159607,39.53074291348457,
5440,39.904610021039844,0.2963950391858816,39.50280207209289,
5441,39.92575011216104,0.3002320881932974,39.5208781119436,
5442,39.95288908481598,0.29394496232271194,39.554734947159886,
5443,39.91626179777086,0.2940190024673939,39.51823804527521,
5444,39.89531705155969,0.29626302421092987,39.495727978646755,
5445,40.52282590419054,0.8263739291578531,39.58079917356372,
5446,39.93468312546611,0.30507217161357403,39.524939842522144,
5447,39.936352986842394,0.30313804745674133,39.52818107791245,
5448,39.93875696323812,0.29837689362466335,39.53604795970023,
5449,39.920103969052434,0.2973389346152544,39.51740707270801,
5450,39.9736650288105,0.29481505043804646,39.572640089318156,
5451,39.940760005265474,0.2963289152830839,39.54051015898585,
5452,39.938627975061536,0.29399595223367214,39.541383972391486,
5453,39.9046631064266,0.29293703846633434,39.506583008915186,
5454,39.89044693298638,0.2975459210574627,39.487699046730995,
5455,39.90530990995467,0.2925500739365816,39.50714902020991,
5456,39.90710689686239,0.2955440431833267,39.503969019278884,
5457,39.92233797907829,0.2987380139529705,39.51950208283961,
5458,39.942543022334576,0.301087973639369,39.53524888493121,
5459,39.93549500592053,0.30481419526040554,39.52427487820387,
5460,39.90105306729674,0.30481815338134766,39.49244297109544,
5461,40.61402496881783,0.9004720486700535,39.59624096751213,
5462,39.98044808395207,0.3067050129175186,39.57033809274435,
5463,39.95898785069585,0.30226283706724644,39.549913024529815,
5464,39.93219882249832,0.298473984003067,39.528371999040246,
5465,39.96054898016155,0.2936271484941244,39.56240601837635,
5466,39.93631200864911,0.29433914460241795,39.536435855552554,
5467,39.93401094339788,0.2965289168059826,39.53372687101364,
5468,39.927784120664,0.29781716875731945,39.520096965134144,
5469,39.911000058054924,0.2939689438790083,39.51219213195145,
5470,39.94266293011606,0.30046096071600914,39.537475211545825,
5471,39.9134389590472,0.2978658303618431,39.511132054030895,
5472,39.96708896011114,0.30254293233156204,39.56049703992903,
5473,39.9905398953706,0.3010779619216919,39.58634799346328,
5474,39.942001923918724,0.30084094032645226,39.5381769631058,
5475,39.95466511696577,0.3016190603375435,39.54870696179569,
5476,39.94495212100446,0.3023720346391201,39.538827957585454,
5477,40.53175705485046,0.868476927280426,39.54813187010586,
5478,39.93683005683124,0.3016488626599312,39.529928006231785,
5479,39.95913709513843,0.2987480256706476,39.5559670869261,
5480,39.95508095249534,0.29682996682822704,39.55122106708586,
5481,39.96354201808572,0.29816688038408756,39.56157714128494,
5482,39.922315860167146,0.2982050646096468,39.517927914857864,
5483,39.945275988429785,0.29799994081258774,39.542471058666706,
5484,39.948218036442995,0.2988490741699934,39.54469598829746,
5485,39.952105144038796,0.3015038091689348,39.54598098061979,
5486,39.95913686230779,0.3015641123056412,39.55374099314213,
5487,39.96398486196995,0.3009249921888113,39.55911612138152,
5488,39.95576500892639,0.3017820417881012,39.549415931105614,
5489,39.94207410141826,0.3015280235558748,39.53651990741491,
5490,39.91466294974089,0.2960639540106058,39.51399610377848,
5491,39.946349803358316,0.293186167255044,39.54932000488043,
5492,39.95510912500322,0.2948481123894453,39.55667885020375,
5493,40.55789904668927,0.8501480333507061,39.58913288079202,
5494,39.95897900313139,0.30227587558329105,39.552470203489065,
5495,39.97391206212342,0.2973191440105438,39.56344979815185,
5496,39.93374202400446,0.2999629359692335,39.52877293340862,
5497,39.94304593652487,0.3003778401762247,39.53786101192236,
5498,39.93373620323837,0.30214106664061546,39.52737292274833,
5499,39.96934904716909,0.3009128849953413,39.56424118950963,
5500,39.95016706176102,0.3058980219066143,39.53664982691407,
5501,39.94433186016977,0.3069131635129452,39.53296481631696,
5502,39.95271306484938,0.30703190714120865,39.54137698747218,
5503,39.88468996249139,0.3025929909199476,39.477899903431535,
5504,39.98659201897681,0.2929160837084055,39.588565938174725,
5505,39.97384896501899,0.2995340619236231,39.56922888755798,
5506,39.970115991309285,0.2972809597849846,39.56805891357362,
5507,39.96087494306266,0.2936611417680979,39.56154780462384,
5508,39.95829191990197,0.2959382254630327,39.55707186833024,
5509,40.54470104165375,0.8481859695166349,39.57457700744271,
5510,40.03419983200729,0.30294409953057766,39.62204582057893,
5511,39.98082899488509,0.3007878549396992,39.57350202836096,
5512,39.94282986968756,0.2977431286126375,39.540624944493175,
5513,39.95977807790041,0.2966001629829407,39.55749096348882,
5514,40.00872792676091,0.30875601805746555,39.59596902132034,
5515,39.995559956878424,0.29903301037847996,39.588105864822865,
5516,39.96905195526779,0.2975580282509327,39.56365981139243,
5517,39.92968797683716,0.29671797528862953,39.52894196845591,
5518,39.99420301988721,0.3024931065738201,39.58440897986293,
5519,40.001962101086974,0.3030539955943823,39.59323209710419,
5520,39.94581010192633,0.3025250043720007,39.537577889859676,
5521,39.97019794769585,0.29804487712681293,39.56529009155929,
5522,39.98200804926455,0.30673108994960785,39.569783955812454,
5523,40.01525300554931,0.30287704430520535,39.60758284665644,
5524,39.99415202997625,0.3061608877032995,39.583221077919006,
5525,40.57451314292848,0.8761920034885406,39.58138590678573,
5526,40.02303793095052,0.30846381559967995,39.60866201668978,
5527,39.96815602295101,0.2993270754814148,39.56384398043156,
5528,39.999371860176325,0.2969140186905861,39.5969869568944,
5529,39.98116101138294,0.29912381432950497,39.57764897495508,
5530,39.97335582971573,0.2944641746580601,39.57466594874859,
5531,40.04496103152633,0.2990660723298788,39.64013792574406,
5532,39.98712310567498,0.2929209731519222,39.58831517957151,
5533,39.987218799069524,0.2962930593639612,39.58572493866086,
5534,39.93660002015531,0.30078599229454994,39.53004302456975,
5535,39.96072988957167,0.2961140125989914,39.55630888231099,
5536,40.016732178628445,0.3021329175680876,39.60832301527262,
5537,40.01613217405975,0.2984649036079645,39.61447603069246,
5538,39.976072032004595,0.29843300580978394,39.57013809122145,
5539,39.99803401529789,0.2967540640383959,39.59633503109217,
5540,39.9867098312825,0.3007818013429642,39.580707205459476,
5541,40.64764897339046,0.9157168678939342,39.609258994460106,
5542,39.97957403771579,0.3107278607785702,39.56010099500418,
5543,40.010718861594796,0.3036721609532833,39.600539952516556,
5544,39.96637393720448,0.2973289228975773,39.559106109663844,
5545,39.97126896865666,0.30013988725841045,39.568061009049416,
5546,39.99843494966626,0.3028819337487221,39.58662715740502,
5547,39.967990946024656,0.30072499066591263,39.55933707766235,
5548,39.98919413425028,0.30450010672211647,39.58108997903764,
5549,39.99615996144712,0.3032749518752098,39.58822414278984,
5550,39.981120033189654,0.300839077681303,39.572627982124686,
5551,39.97706598602235,0.30606798827648163,39.567203959450126,
5552,40.00559193082154,0.30777393840253353,39.59251404739916,
5553,39.98941113241017,0.30486099421977997,39.58136914297938,
5554,39.96515995822847,0.30335295014083385,39.55472097732127,
5555,39.98127905651927,0.30238297767937183,39.574617985635996,
5556,39.96759606525302,0.3079301677644253,39.55450002104044,
5557,40.61881499364972,0.8882060647010803,39.61163992062211,
5558,39.99401885084808,0.3071618266403675,39.58184318616986,
5559,39.97152019292116,0.2994278911501169,39.565772050991654,
5560,39.959489833563566,0.2980758436024189,39.55620410852134,
5561,39.960193913429976,0.29599410481750965,39.559694938361645,
5562,40.007035015150905,0.29936712235212326,39.6035669837147,
5563,40.00051715411246,0.2982409205287695,39.59887893870473,
5564,40.009893011301756,0.2932879142463207,39.611543994396925,
5565,40.02034408040345,0.2940550912171602,39.62278692051768,
5566,40.02458299510181,0.29632216319441795,39.623623015359044,
5567,40.01900111325085,0.29580085538327694,39.61871797218919,
5568,39.988202042877674,0.29857014305889606,39.58477103151381,
5569,40.020559914410114,0.29710098169744015,39.61979201994836,
5570,40.01593100838363,0.2950390335172415,39.61573797278106,
5571,39.98838807456195,0.29670214280486107,39.58770679309964,
5572,39.946860168129206,0.2948429901152849,39.54792092554271,
5573,40.62579199671745,0.8633299730718136,39.64526602067053,
5574,40.0086441077292,0.3025820478796959,39.60234485566616,
5575,40.00079911202192,0.29827095568180084,39.59594410844147,
5576,40.03961896523833,0.29764603823423386,39.637559093534946,
5577,39.978905813768506,0.2972050569951534,39.57762010395527,
5578,39.99051987193525,0.2982120495289564,39.586992003023624,
5579,39.9712510406971,0.29495893977582455,39.57238397561014,
5580,39.963360177353024,0.29704696498811245,39.56282511353493,
5581,40.0101391132921,0.2953901421278715,39.61116704158485,
5582,39.981938200071454,0.2964071463793516,39.58029882051051,
5583,40.01357592642307,0.29419991187751293,39.614939130842686,
5584,40.02619511447847,0.2995189279317856,39.62085396051407,
5585,39.98053795658052,0.3037969581782818,39.57173996604979,
5586,39.99396413564682,0.2995789982378483,39.58787489682436,
5587,40.012696059420705,0.2981701400130987,39.6085549145937,
5588,39.98950100503862,0.3006358165293932,39.58374401554465,
5589,40.61408084817231,0.8893429767340422,39.60738517343998,
5590,40.00265896320343,0.3134380094707012,39.58401083946228,
5591,40.03076488152146,0.3047790378332138,39.62143207900226,
5592,40.00272415578365,0.30140718445181847,39.59731385111809,
5593,39.99063489027321,0.30254689045250416,39.5814070943743,
5594,40.00666714273393,0.3021238371729851,39.59893109276891,
5595,40.01193610019982,0.3019829746335745,39.60576420649886,
5596,40.005531860515475,0.3027289640158415,39.59797602146864,
5597,40.036076912656426,0.300863990560174,39.63092411868274,
5598,39.99102907255292,0.3006889019161463,39.58573192358017,
5599,39.977338863536716,0.3017259296029806,39.56985101103783,
5600,40.007015923038125,0.30329381115734577,39.597572991624475,
5601,40.039930026978254,0.3040800802409649,39.628906873986125,
5602,40.01021501608193,0.3013322129845619,39.604820776730776,
5603,40.005529997870326,0.29524811543524265,39.60632090456784,
5604,39.98260595835745,0.2979179844260216,39.580147014930844,
5605,40.626581059768796,0.87525206618011,39.63370295241475,
5606,40.00998008996248,0.30430685728788376,39.59967312403023,
5607,40.01197894103825,0.3065981436520815,39.60119700059295,
5608,40.03625106997788,0.3074530977755785,39.62366399355233,
5609,40.02946405671537,0.30529615469276905,39.62056594900787,
5610,40.03190994262695,0.3040300216525793,39.62488495744765,
5611,40.04905489273369,0.3026858903467655,39.63514813221991,
5612,40.00793397426605,0.30417810194194317,39.59976602345705,
5613,40.0034689810127,0.30363001860678196,39.59324304014444,
5614,39.994118036702275,0.30362093821167946,39.58632401190698,
5615,40.03281216137111,0.30432199127972126,39.62280391715467,
5616,39.99817208386958,0.30450080521404743,39.58980110473931,
5617,40.026463801041245,0.3034919500350952,39.61994010023773,
5618,39.96888198889792,0.30037807300686836,39.56403792835772,
5619,39.996743900701404,0.29761879704892635,39.59614201448858,
5620,39.996959967538714,0.29925303533673286,39.592382963746786,
5621,40.640081046149135,0.85994484834373,39.653382962569594,
5622,40.043849032372236,0.30358717776834965,39.634932996705174,
5623,40.03488505259156,0.30069402419030666,39.63036183267832,
5624,40.00663501210511,0.3031250089406967,39.59820093587041,
5625,40.00107804313302,0.3035040572285652,39.591934997588396,
5626,40.07431981153786,0.3080309834331274,39.65858998708427,
5627,40.01161898486316,0.30822702683508396,39.59865705110133,
5628,40.036636870354414,0.3109951503574848,39.620399940758944,
5629,39.99830689281225,0.30389497987926006,39.58988795056939,
5630,40.014833910390735,0.30469195917248726,39.60539004765451,
5631,39.993766928091645,0.3092589322477579,39.57838215865195,
5632,40.03683407790959,0.3031159285455942,39.62809592485428,
5633,40.00259190797806,0.30475202947854996,39.593963883817196,
5634,40.002614026889205,0.302738044410944,39.594745030626655,
5635,40.01835407689214,0.30281092040240765,39.609376108273864,
5636,39.99575809575617,0.30398997478187084,39.58492400124669,
5637,40.622699074447155,0.8678080048412085,39.63275207206607,
5638,40.04801297560334,0.3023759927600622,39.64177006855607,
5639,40.07025412283838,0.3007599152624607,39.66277209110558,
5640,40.012086974456906,0.30553597025573254,39.60124612785876,
5641,40.05413199774921,0.3083620686084032,39.63988390751183,
5642,39.99078692868352,0.3019510768353939,39.58453796803951,
5643,40.04420596174896,0.29932684265077114,39.64032419025898,
5644,40.03629717044532,0.3032009117305279,39.62849103845656,
5645,40.05535994656384,0.3031280357390642,39.64660596102476,
5646,40.05577904172242,0.3055729903280735,39.642442017793655,
5647,40.048354072496295,0.30202814377844334,39.639357943087816,
5648,40.00037279911339,0.30014594085514545,39.59684818983078,
5649,39.98532495461404,0.298104016110301,39.58066203631461,
5650,40.020719869062304,0.29603089205920696,39.62041297927499,
5651,40.02448986284435,0.3011510707437992,39.61906093172729,
5652,40.0047991424799,0.30013895593583584,39.600162068381906,
5653,40.64765106886625,0.8739170152693987,39.657533867284656,
5654,40.04581389017403,0.31319912523031235,39.62689405307174,
5655,40.0681640021503,0.3107050433754921,39.65297783724964,
5656,40.03186500631273,0.304575078189373,39.622650016099215,
5657,40.00842897221446,0.3024099860340357,39.6010500844568,
5658,40.029020980000496,0.30063907615840435,39.61686207912862,
5659,40.01029790379107,0.29898504726588726,39.606715785339475,
5660,40.047958958894014,0.29534194618463516,39.64585601352155,
5661,40.0475540664047,0.2954311203211546,39.64785183779895,
5662,40.02401395700872,0.299639068543911,39.61902903392911,
5663,40.05101998336613,0.29855105094611645,39.647983852773905,
5664,40.03658005967736,0.29825116507709026,39.63418793864548,
5665,40.06378608755767,0.2963889855891466,39.66286685317755,
5666,40.034256875514984,0.2930599730461836,39.636953035369515,
5667,40.051663061603904,0.29576895758509636,39.651175029575825,
5668,40.041744941845536,0.29594008810818195,39.64238986372948,
5669,40.636087069287896,0.8770681452006102,39.64215307496488,
5670,40.10653914883733,0.3034400288015604,39.69723591580987,
5671,40.04880879074335,0.2993801608681679,39.64471095241606,
5672,40.0514779612422,0.2984250895678997,39.64864113368094,
5673,40.06421403028071,0.29678503051400185,39.66214717365801,
5674,40.04419478587806,0.30026002787053585,39.63940986432135,
5675,40.06344312801957,0.29845605604350567,39.66043493710458,
5676,40.045289089903235,0.2974641975015402,39.64203596115112,
5677,40.00947088934481,0.3010139334946871,39.60407106205821,
5678,40.00003496184945,0.2970770001411438,39.59726099856198,
5679,40.04527279175818,0.2983598969876766,39.64074305258691,
5680,40.00661801546812,0.3064218908548355,39.592467015609145,
5681,40.06059793755412,0.30677695758640766,39.649185026064515,
5682,40.077743120491505,0.31254300847649574,39.657099870964885,
5683,40.08498787879944,0.31724502332508564,39.65698997490108,
5684,40.0400091893971,0.3141008783131838,39.61513307876885,
5685,40.71043198928237,0.9443250019103289,39.63452787138522,
5686,40.09798797778785,0.34236093051731586,39.64679408818483,
5687,40.05012009292841,0.3241908270865679,39.62217806838453,
5688,40.03170505166054,0.3108649980276823,39.613233180716634,
5689,40.095855947583914,0.3083478659391403,39.68059201724827,
5690,40.035743964836,0.30565401539206505,39.62363884784281,
5691,40.06185615435243,0.2998358104377985,39.65541417710483,
5692,40.04033608362079,0.30051195062696934,39.63552205823362,
5693,40.055769961327314,0.2966781612485647,39.65461486950517,
5694,40.03978311084211,0.2967680338770151,39.63877307251096,
5695,40.05514387972653,0.29688887298107147,39.653239073231816,
5696,40.05133709870279,0.30148401856422424,39.644188014790416,
5697,40.06016091443598,0.2980460412800312,39.6567159332335,
5698,40.10226088576019,0.2989768981933594,39.69706897623837,
5699,40.07317405194044,0.3008039202541113,39.66757911257446,
5700,40.06007197313011,0.30287797562777996,39.65031704865396,
5701,40.72524793446064,0.9380471892654896,39.66933093033731,
5702,40.09118699468672,0.3113991115242243,39.675793843343854,
5703,40.06284102797508,0.3058090806007385,39.65142904780805,
5704,40.09056417271495,0.30179996974766254,39.68405188061297,
5705,40.10529303923249,0.3109800163656473,39.68931804411113,
5706,40.00723012723029,0.3081329632550478,39.593982975929976,
5707,40.081890067085624,0.31196395866572857,39.664629846811295,
5708,40.081971790641546,0.30491501092910767,39.66594394296408,
5709,40.066939080134034,0.3029538784176111,39.6571340970695,
5710,40.03990301862359,0.29966002330183983,39.63590296916664,
5711,40.060712955892086,0.3007880877703428,39.65492988936603,
5712,40.05808918736875,0.299729872494936,39.652499137446284,
5713,40.053170872852206,0.29801507480442524,39.64777383953333,
5714,40.052666794508696,0.299626961350441,39.64930400252342,
5715,40.03695282153785,0.2994178794324398,39.631780004128814,
5716,40.08291708305478,0.30280393548309803,39.673916064202785,
5717,40.75633711181581,0.9328790474683046,39.7061409894377,
5718,40.069753071293235,0.3067248035222292,39.65940116904676,
5719,40.03811185248196,0.30159996822476387,39.63233809918165,
5720,40.0767179671675,0.3056300338357687,39.66381587088108,
5721,40.09151994250715,0.2989021595567465,39.68679695390165,
5722,40.09565501473844,0.301094027236104,39.688558084890246,
5723,40.062990970909595,0.3088621888309717,39.649966871365905,
5724,40.0676301214844,0.3081329632550478,39.65469100512564,
5725,40.10284994728863,0.3071811515837908,39.69079698435962,
5726,40.07598292082548,0.31007896177470684,39.65761698782444,
5727,40.04023200832307,0.30121486634016037,39.63129804469645,
5728,40.07466905750334,0.29830820858478546,39.670534897595644,
5729,40.08363885805011,0.30133710242807865,39.67805299907923,
5730,40.05166492424905,0.29790611006319523,39.649229031056166,
5731,40.03665805794299,0.29711704701185226,39.633447071537375,
5732,40.08403792977333,0.3018470015376806,39.67639687471092,
5733,40.70413508452475,0.918129226192832,39.66778586618602,
5734,40.07295612245798,0.30693900771439075,39.6614158526063,
5735,40.08169798180461,0.30348310247063637,39.67274399474263,
5736,40.09037395007908,0.2998318523168564,39.68682512640953,
5737,40.12416792102158,0.3029489889740944,39.71595806069672,
5738,40.06288992241025,0.29983604326844215,39.65811594389379,
5739,40.09056417271495,0.3020141739398241,39.682097965851426,
5740,40.05555808544159,0.3045958001166582,39.646241115406156,
5741,40.07779806852341,0.3080780152231455,39.66559702530503,
5742,40.040641790255904,0.3027939237654209,39.632328087463975,
5743,40.08101997897029,0.3089390229433775,39.66778004541993,
5744,40.078151039779186,0.3036980051547289,39.66308990493417,
5745,40.05236295051873,0.30341302044689655,39.64387997984886,
5746,40.113620925694704,0.3024670295417309,39.70739897340536,
5747,40.08145094849169,0.3044069744646549,39.6724499296397,
5748,40.05161905661225,0.3021489828824997,39.64404505677521,
5749,40.73587502352893,0.9071289096027613,39.70776894129813,
5750,40.11629009619355,0.3098768647760153,39.69674417749047,
5751,40.110677015036345,0.3142501227557659,39.689827943220735,
5752,40.08919303305447,0.3176808822900057,39.66322517953813,
5753,40.07920017465949,0.30966498889029026,39.657457964494824,
5754,40.096602868288755,0.32080686651170254,39.66951905749738,
5755,40.09091015905142,0.3074328415095806,39.67916499823332,
5756,40.06013600155711,0.31517306342720985,39.63997098617256,
5757,40.0731461122632,0.3071150276809931,39.661532966420054,
5758,40.10869679041207,0.30614621937274933,39.69277394935489,
5759,40.07412097416818,0.2975449897348881,39.67376914806664,
5760,40.08887684904039,0.29431586153805256,39.69104099087417,
5761,40.084087988361716,0.30090310610830784,39.67860387638211,
5762,40.11076805181801,0.29704906046390533,39.709466975182295,
5763,40.07156798616052,0.29572215862572193,39.67048297636211,
5764,40.08161718957126,0.3002870362251997,39.67518894933164,
5765,40.76763498596847,0.9487189818173647,39.700875990092754,
5766,40.10101896710694,0.314061064273119,39.68204604461789,
5767,40.11018178425729,0.30817720107734203,39.69681798480451,
5768,40.13013793155551,0.30287494882941246,39.72244309261441,
5769,40.08690291084349,0.305084977298975,39.67745811678469,
5770,40.10529117658734,0.3049168735742569,39.69755000434816,
5771,40.12248804792762,0.3067979123443365,39.70426716841757,
5772,40.073879063129425,0.30244095250964165,39.667770033702254,
5773,40.08532781153917,0.29848702251911163,39.68342090956867,
5774,40.07860319688916,0.3011359367519617,39.67233607545495,
5775,40.092060808092356,0.3009720239788294,39.68624793924391,
5776,40.12959892861545,0.3015710972249508,39.72352994605899,
5777,40.09540984407067,0.300226965919137,39.6916710305959,
5778,40.091055911034346,0.29990309849381447,39.68573687598109,
5779,40.092292008921504,0.30463095754384995,39.68235896900296,
5780,40.093749994412065,0.3101138863712549,39.67435797676444,
5781,40.70447105914354,0.8895581122487783,39.69898400828242,
5782,40.115616051480174,0.30561303719878197,39.70571095123887,
5783,40.086915949359536,0.30840514227747917,39.67450279742479,
5784,40.11733317747712,0.3093341365456581,39.70201197080314,
5785,40.10421596467495,0.3061590250581503,39.69202912412584,
5786,40.10744299739599,0.30362093821167946,39.70002708956599,
5787,40.09099886752665,0.2999100834131241,39.68108887784183,
5788,40.12249084189534,0.2992281224578619,39.717986015602946,
5789,40.106130996719,0.30164397321641445,39.70025014132261,
5790,40.073399199172854,0.30186912044882774,39.66794488951564,
5791,40.097133023664355,0.30165002681314945,39.69015693292022,
5792,40.08246585726738,0.3112249542027712,39.666361175477505,
5793,40.10025993920863,0.308942049741745,39.68551382422447,
5794,40.115294978022575,0.30467892065644264,39.705244125798345,
5795,40.09176208637655,0.3018940333276987,39.681178983300924,
5796,40.09521892294288,0.3025149926543236,39.686013013124466,
5797,40.72640207596123,0.8999330457299948,39.71092705614865,
5798,40.095529053360224,0.31020911410450935,39.67992984689772,
5799,40.089603047817945,0.30218297615647316,39.68286490999162,
5800,40.12321890331805,0.3034390974789858,39.71466887742281,
5801,40.12702498584986,0.3003329038619995,39.72188918851316,
5802,40.100429905578494,0.29919599182903767,39.696532068774104,
5803,40.104527957737446,0.3050330560654402,39.695661049336195,
5804,40.08642304688692,0.2999119460582733,39.68170518055558,
5805,40.15728388912976,0.3056027926504612,39.748081006109715,
5806,40.14827194623649,0.30841492116451263,39.732028963044286,
5807,40.11402791365981,0.3018658608198166,39.70779594965279,
5808,40.07313190959394,0.3008930943906307,39.668288081884384,
5809,40.09037697687745,0.2982988953590393,39.686891017481685,
5810,40.09301005862653,0.3012439701706171,39.686046075075865,
5811,40.10537592694163,0.2998129930347204,39.70159683376551,
5812,40.11384793557227,0.3018348943442106,39.70684600062668,
5813,40.682819904759526,0.87326904758811,39.692403050139546,
5814,40.08212103508413,0.3055850975215435,39.672062965109944,
5815,40.11504794470966,0.3015459515154362,39.71010190434754,
5816,40.14413803815842,0.30197808519005775,39.73699198104441,
5817,40.075256023555994,0.31200400553643703,39.657528046518564,
5818,40.12001003138721,0.3084221389144659,39.707618998363614,
5819,40.168175008147955,0.30884891748428345,39.75468105636537,
5820,40.11411406099796,0.3015049733221531,39.70828792080283,
5821,40.10631516575813,0.30174804851412773,39.70046294853091,
5822,40.15009198337793,0.3008549101650715,39.74336199462414,
5823,40.157560957595706,0.3011638764292002,39.749756921082735,
5824,40.09299888275564,0.31144614331424236,39.676432963460684,
5825,40.107310051098466,0.30849804170429707,39.69505592249334,
5826,40.11341603472829,0.3071730025112629,39.69801985658705,
5827,40.099038975313306,0.3021529410034418,39.69151200726628,
5828,40.11163394898176,0.3035229165107012,39.70197099260986,
5829,40.68717802874744,0.8545008022338152,39.71670311875641,
5830,40.14985100366175,0.31300587579607964,39.728389121592045,
5831,40.10894591920078,0.3018421120941639,39.70183106139302,
5832,40.13679618947208,0.30644400976598263,39.72595394589007,
5833,40.14048003591597,0.3017340786755085,39.73388206213713,
5834,40.128696942701936,0.30335504561662674,39.71813200041652,
5835,40.11565214022994,0.30324095860123634,39.7076029330492,
5836,40.147838182747364,0.3111399710178375,39.7307809907943,
5837,40.12240399606526,0.30519813299179077,39.713241858407855,
5838,40.12752790004015,0.30288100242614746,39.720478001981974,
5839,40.105936815962195,0.2990150824189186,39.700856897979975,
5840,40.113433031365275,0.307195819914341,39.701386122033,
5841,40.14345584437251,0.29880693182349205,39.73714099265635,
5842,40.163415018469095,0.30282302759587765,39.75607501342893,
5843,40.11310497298837,0.30837091617286205,39.699014043435454,
5844,40.10001779533923,0.3094309940934181,39.68550800345838,
5845,40.72993714362383,0.8703379426151514,39.74338714033365,
5846,40.18164798617363,0.3140210174024105,39.76443596184254,
5847,40.149539010599256,0.3074600826948881,39.73361197859049,
5848,40.14938301406801,0.30112103559076786,39.742342894896865,
5849,40.13048415072262,0.30084699392318726,39.72496697679162,
5850,40.14355200342834,0.30243280343711376,39.72117998637259,
5851,40.17268191091716,0.3059969749301672,39.76016817614436,
5852,40.14196107164025,0.30454806983470917,39.73285807296634,
5853,40.11756693944335,0.3092989791184664,39.70186784863472,
5854,40.16741178929806,0.3062121104449034,39.75608688779175,
5855,40.16581107862294,0.29902392998337746,39.76234304718673,
5856,40.142221841961145,0.3010011278092861,39.73646298982203,
5857,40.111225098371506,0.29992195777595043,39.70516799017787,
5858,40.14201695099473,0.3007578197866678,39.73528905771673,
5859,40.13768397271633,0.30698394402861595,39.72566802985966,
5860,40.14281090348959,0.3045459743589163,39.73306296393275,
5861,40.765888057649136,0.9019258432090282,39.742980152368546,
5862,40.14987591654062,0.3118719905614853,39.73399684764445,
5863,40.15759890899062,0.3127320669591427,39.73583481274545,
5864,40.15234485268593,0.29959692619740963,39.74820603616536,
5865,40.135805029422045,0.30346401035785675,39.72704103216529,
5866,40.12897494249046,0.2988360356539488,39.7246889770031,
5867,40.13934009708464,0.3005929756909609,39.73382292315364,
5868,40.151894092559814,0.30180392786860466,39.74538715556264,
5869,40.11868080124259,0.31015207059681416,39.703447138890624,
5870,40.14969291165471,0.3056759014725685,39.73996196873486,
5871,40.11891293339431,0.30041998252272606,39.71399110741913,
5872,40.129548870027065,0.2987880725413561,39.72683101892471,
5873,40.14881909824908,0.29914802871644497,39.74489006213844,
5874,40.142400888726115,0.3010109066963196,39.73704110831022,
5875,40.1276561897248,0.30104489997029305,39.720973931252956,
5876,40.15537886880338,0.30916999094188213,39.741582004353404,
5877,40.75108817778528,0.8821608498692513,39.75112806074321,
5878,40.170216001570225,0.31686294823884964,39.74857018329203,
5879,40.134840877726674,0.31154206953942776,39.71610590815544,
5880,40.10975477285683,0.3068980295211077,39.6975630428642,
5881,40.14208307489753,0.3026810009032488,39.73530512303114,
5882,40.13402294367552,0.30330196022987366,39.726644987240434,
5883,40.16062803566456,0.3005831968039274,39.755648002028465,
5884,40.158929070457816,0.30532083474099636,39.75183912552893,
5885,40.16910586506128,0.3055927809327841,39.75844313390553,
5886,40.15046311542392,0.30866917222738266,39.737120969220996,
5887,40.246938820928335,0.29987702146172523,39.775055134668946,
5888,40.189809864386916,0.3147448878735304,39.7599081043154,
5889,40.14076595194638,0.30303187668323517,39.73298310302198,
5890,40.15436605550349,0.3122438210994005,39.7364841774106,
5891,40.138817857950926,0.31122309155762196,39.71858602017164,
5892,40.18082795664668,0.30694203451275826,39.7670310921967,
5893,40.80735286697745,0.8862619288265705,39.800525875762105,
5894,40.17193801701069,0.3112510312348604,39.75338093005121,
5895,40.1478239800781,0.30512898229062557,39.73626717925072,
5896,40.18260119482875,0.302949920296669,39.774161064997315,
5897,40.179010946303606,0.30597089789807796,39.76859012618661,
5898,40.13471398502588,0.30656810849905014,39.72484590485692,
5899,40.13608209788799,0.30544307082891464,39.72020396031439,
5900,40.164196863770485,0.3041790332645178,39.75405590608716,
5901,40.11812503449619,0.3023201134055853,39.71143998205662,
5902,40.152231929823756,0.3054600674659014,39.740998996421695,
5903,40.18032387830317,0.302707077935338,39.77138199843466,
5904,40.1684099342674,0.30272011645138264,39.757274789735675,
5905,40.18546314910054,0.3099020104855299,39.76484201848507,
5906,40.133119095116854,0.30174385756254196,39.72454299218953,
5907,40.18797306343913,0.30370382592082024,39.7798172198236,
5908,40.18607991747558,0.30116294510662556,39.78045703843236,
5909,40.706208208575845,0.845388974994421,39.74465001374483,
5910,40.162447141483426,0.31046709045767784,39.745701011270285,
5911,40.19158100709319,0.30847894959151745,39.77838112041354,
5912,40.140510071069,0.3049718216061592,39.73001497797668,
5913,40.198312141001225,0.3138619940727949,39.78017205372453,
5914,40.1883099693805,0.30831992626190186,39.7748111281544,
5915,40.16030393540859,0.3049189690500498,39.749365067109466,
5916,40.17383302561939,0.30258018523454666,39.76745391264558,
5917,40.1804530993104,0.3024009056389332,39.77043996565044,
5918,40.169941959902644,0.3072728868573904,39.7586019244045,
5919,40.15205800533295,0.3124608192592859,39.73393305204809,
5920,40.14293593354523,0.301889143884182,39.73637195304036,
5921,40.14904983341694,0.30275597237050533,39.741515181958675,
5922,40.19644297659397,0.3017638809978962,39.78943615220487,
5923,40.16559291630983,0.3017280250787735,39.759065955877304,
5924,40.17022508196533,0.30534714460372925,39.76058401167393,
5925,40.76539189554751,0.8795289322733879,39.767911192029715,
5926,40.17357504926622,0.30634389258921146,39.76193512789905,
5927,40.15619005076587,0.3094729036092758,39.73612003028393,
5928,40.16104992479086,0.30710920691490173,39.74908194504678,
5929,40.14059598557651,0.3031049855053425,39.72848202101886,
5930,40.17716203816235,0.30158995650708675,39.76826788857579,
5931,40.15088104642928,0.30526192858815193,39.74038804881275,
5932,40.179755073040724,0.30451081693172455,39.76926999166608,
5933,40.189370047301054,0.3062549512833357,39.776028133928776,
5934,40.20428494550288,0.30384096316993237,39.79511000216007,
5935,40.15599796548486,0.3024640027433634,39.74949289113283,
5936,40.2058030012995,0.30673202127218246,39.7928508464247,
5937,40.1789341121912,0.30026701278984547,39.772046031430364,
5938,40.19038914702833,0.31092087738215923,39.77246396243572,
5939,40.1827038731426,0.3033149987459183,39.77351589128375,
5940,40.16439896076918,0.30314805917441845,39.75581610575318,
5941,40.790229104459286,0.9009239729493856,39.770272094756365,
5942,40.19406088627875,0.31778705306351185,39.768454851582646,
5943,40.20959511399269,0.30914507806301117,39.790199836716056,
5944,40.20179505459964,0.3054589033126831,39.79104314930737,
5945,40.188614977523685,0.3123190253973007,39.77051703259349,
5946,40.21394206210971,0.30662305653095245,39.79923203587532,
5947,40.183458011597395,0.30035595409572124,39.77867402136326,
5948,40.18608806654811,0.3054330591112375,39.77577690966427,
5949,40.20361788570881,0.30448497273027897,39.794845040887594,
5950,40.20147304981947,0.30826497822999954,39.77989708073437,
5951,40.18404590897262,0.3076898865401745,39.76928209885955,
5952,40.19724205136299,0.3022141754627228,39.789050817489624,
5953,40.201894007623196,0.3051990643143654,39.78456184267998,
5954,40.166318882256746,0.30955392867326736,39.752027951180935,
5955,40.183036820963025,0.3149199765175581,39.760574931278825,
5956,40.157850133255124,0.3076898865401745,39.74524303339422,
5957,40.840025059878826,0.9389359038323164,39.78410898707807,
5958,40.1914760004729,0.3119900356978178,39.769889786839485,
5959,40.18238210119307,0.30445889569818974,39.773202035576105,
5960,40.17559695057571,0.30524004250764847,39.7661158349365,
5961,40.20162904635072,0.30262209475040436,39.792932802811265,
5962,40.16031790524721,0.30811200849711895,39.74722698330879,
5963,40.22435913793743,0.30854414217174053,39.80929893441498,
5964,40.166781982406974,0.3064391203224659,39.75439281202853,
5965,40.1864021550864,0.30427309684455395,39.775478886440396,
5966,40.208770893514156,0.30334782786667347,39.80101505294442,
5967,40.18770391121507,0.30863797292113304,39.77504395879805,
5968,40.19273282028735,0.3071068786084652,39.778691018000245,
5969,40.17267283052206,0.30374107882380486,39.76393095217645,
5970,40.19863880239427,0.30271196737885475,39.79185502976179,
5971,40.19024199806154,0.3002551384270191,39.78528594598174,
5972,40.18746688961983,0.3061979077756405,39.77533709257841,
5973,40.838018991053104,0.9185199160128832,39.80061411857605,
5974,40.20611406303942,0.315248966217041,39.785624016076326,
5975,40.214728098362684,0.3089229576289654,39.80085300281644,
5976,40.19678197801113,0.30253990553319454,39.79080310091376,
5977,40.19771097227931,0.3005510661751032,39.792835945263505,
5978,40.19482200965285,0.30387192964553833,39.7819101344794,
5979,40.20845401100814,0.31104194931685925,39.787698071449995,
5980,40.19646602682769,0.30206399969756603,39.788657100871205,
5981,40.13943998143077,0.29997085221111774,39.734818041324615,
5982,40.16183293424547,0.3012539818882942,39.75625988095999,
5983,40.1762870606035,0.30148192308843136,39.76933308877051,
5984,40.21318699233234,0.31277909874916077,39.795258082449436,
5985,40.18565500155091,0.30703796073794365,39.77472917176783,
5986,40.195122826844454,0.30233687721192837,39.787849178537726,
5987,40.19805113784969,0.30179996974766254,39.79132906533778,
5988,40.16623180359602,0.3007818013429642,39.76138401776552,
5989,40.79256299883127,0.8765689563006163,39.79891003109515,
5990,40.228544967249036,0.3087320365011692,39.813851937651634,
5991,40.19117006100714,0.3110698889940977,39.7754181176424,
5992,40.21883918903768,0.3129120450466871,39.800980128347874,
5993,40.2282711584121,0.2993820235133171,39.82416493818164,
5994,40.21861404180527,0.3007010091096163,39.81100511737168,
5995,40.19193607382476,0.3035399131476879,39.78168987669051,
5996,40.203955955803394,0.3124671056866646,39.78300583548844,
5997,40.17640487290919,0.3075660206377506,39.76295702159405,
5998,40.18220189027488,0.3064400516450405,39.77040899917483,
5999,40.223742835223675,0.30532199889421463,39.811349008232355,
6000,40.196942863985896,0.30469312332570553,39.78719888255,
6001,40.202559903264046,0.3118850290775299,39.78491807356477,
6002,40.197327034547925,0.3068349324166775,39.7868980653584,
6003,40.21526803262532,0.3053909167647362,39.80265813879669,
6004,40.274625178426504,0.3072370309382677,39.862039033323526,
6005,40.822664042934775,0.8884100243449211,39.81723403558135,
6006,40.19769397564232,0.31036906875669956,39.78311689570546,
6007,40.232063038274646,0.3167889080941677,39.80807797051966,
6008,40.24238488636911,0.30928896740078926,39.827304892241955,
6009,40.1981589384377,0.3075702115893364,39.786106906831264,
6010,40.190213127061725,0.3073860425502062,39.777598110958934,
6011,40.20605399273336,0.31204894185066223,39.7891690954566,
6012,40.24565406143665,0.31579891219735146,39.82402407564223,
6013,40.21503892727196,0.30350382439792156,39.808379020541906,
6014,40.22879619151354,0.3014740068465471,39.82268087565899,
6015,40.21992301568389,0.3068200312554836,39.80830195359886,
6016,40.20523210056126,0.3122338093817234,39.786442182958126,
6017,40.191748877987266,0.30851783230900764,39.778056088835,
6018,40.17320601269603,0.3067429643124342,39.76272395811975,
6019,40.205443976446986,0.30530011281371117,39.79291394352913,
6020,40.212097112089396,0.3038861323148012,39.80371681973338,
6021,40.81726702861488,0.8728839457035065,39.828142151236534,
6022,40.27140699326992,0.30697998590767384,39.857385912910104,
6023,40.201528929173946,0.30869687907397747,39.788465946912766,
6024,40.18837492913008,0.30302093364298344,39.77858601137996,
6025,40.226971032097936,0.30935206450521946,39.811989990994334,
6026,40.22819199599326,0.30495296232402325,39.816887117922306,
6027,40.21685291081667,0.30924705788493156,39.801266975700855,
6028,40.18356907181442,0.305358087643981,39.77200202643871,
6029,40.238895919173956,0.3006639890372753,39.83220597729087,
6030,40.221692994236946,0.3050980158150196,39.81198207475245,
6031,40.20615108311176,0.30684401281178,39.79470394551754,
6032,40.260296082124114,0.3121970221400261,39.84190686605871,
6033,40.226301876828074,0.30448916368186474,39.81671202927828,
6034,40.198939153924584,0.3046740312129259,39.78868294507265,
6035,40.20197410136461,0.30064815655350685,39.792642928659916,
6036,40.19343783147633,0.3132109995931387,39.77239201776683,
6037,40.807247860357165,0.8811128791421652,39.8079389706254,
6038,40.250814985483885,0.31738518737256527,39.827392902225256,
6039,40.20737903192639,0.3046412020921707,39.79829791933298,
6040,40.23619298823178,0.3079150337725878,39.822295075282454,
6041,40.22392607294023,0.30646705999970436,39.812027011066675,
6042,40.193001041188836,0.3100628964602947,39.778769947588444,
6043,40.2490459382534,0.30717882327735424,39.83039315789938,
6044,40.22814589552581,0.3072370309382677,39.81659607961774,
6045,40.24605895392597,0.3080249298363924,39.83049187809229,
6046,40.24678305722773,0.3139828331768513,39.82825297862291,
6047,40.200744988396764,0.3072330728173256,39.78286893106997,
6048,40.248104836791754,0.3091690596193075,39.83145905658603,
6049,40.21756397560239,0.3025331534445286,39.8088579531759,
6050,40.21705104969442,0.30520185828208923,39.80765515007079,
6051,40.20449402742088,0.31262682750821114,39.78600702248514,
6052,40.2423080522567,0.30372594483196735,39.83286302536726,
6053,40.831093210726976,0.8948319591581821,39.81984290294349,
6054,40.22703994996846,0.3092489205300808,39.81220698915422,
6055,40.2878129389137,0.307723181322217,39.874286856502295,
6056,40.215348126366735,0.312569085508585,39.797153789550066,
6057,40.22031580097973,0.3084831405431032,39.80644582770765,
6058,40.21723289042711,0.3055168781429529,39.80590309947729,
6059,40.242932038381696,0.3018409479409456,39.83576293103397,
6060,40.21588200703263,0.30516483820974827,39.80559320189059,
6061,40.210024919360876,0.30998000875115395,39.7932231426239,
6062,40.23133800365031,0.3038709983229637,39.822146063670516,
6063,40.217874106019735,0.3032819367945194,39.8077059071511,
6064,40.266336873173714,0.307813985273242,39.85354700125754,
6065,40.234673069790006,0.31341402791440487,39.81204982846975,
6066,40.21528409793973,0.30695018358528614,39.80439994484186,
6067,40.25187296792865,0.30123000033199787,39.84535904601216,
6068,40.22513399831951,0.3092549741268158,39.81038206256926,
6069,40.839764988049865,0.876178964972496,39.84671086072922,
6070,40.27444310486317,0.3126270603388548,39.8560999892652,
6071,40.25466809980571,0.3101169131696224,39.839731995016336,
6072,40.21911299787462,0.30375481583178043,39.812276139855385,
6073,40.254608960822225,0.3025950863957405,39.84713391400874,
6074,40.246056858450174,0.30156085267663,39.84040021896362,
6075,40.22588697262108,0.30849804170429707,39.81370199471712,
6076,40.22294492460787,0.3009319771081209,39.81753811240196,
6077,40.21345195360482,0.30282698571681976,39.805515203624964,
6078,40.22611607797444,0.3016260452568531,39.819416822865605,
6079,40.26657994836569,0.31008594669401646,39.84789690002799,
6080,40.221905801445246,0.3026681952178478,39.8149648681283,
6081,40.214587934315205,0.3004239406436682,39.80995016172528,
6082,40.21738888695836,0.3020409494638443,39.81089312583208,
6083,40.282454108819366,0.3090999089181423,39.86920812167227,
6084,40.210339007899165,0.3012418746948242,39.80473103001714,
6085,40.82605498842895,0.8800479117780924,39.82820105738938,
6086,40.30501004308462,0.31039281748235226,39.88977917470038,
6087,40.2793949469924,0.3101890906691551,39.86428980715573,
6088,40.26501206681132,0.3141779452562332,39.84467405825853,
6089,40.28387204743922,0.31339097768068314,39.86399504356086,
6090,40.254133054986596,0.30681188218295574,39.842412108555436,
6091,40.25384900160134,0.3047559875994921,39.84237904660404,
6092,40.28441896662116,0.31426316127181053,39.86089094541967,
6093,40.223254123702645,0.30608708038926125,39.81223702430725,
6094,40.27083492837846,0.30853599309921265,39.85677822493017,
6095,40.275113889947534,0.305454945191741,39.86610914580524,
6096,40.25939805433154,0.3277380019426346,39.82706391252577,
6097,40.2186899445951,0.30767987482249737,39.8056679405272,
6098,40.25326203554869,0.30448101460933685,39.84159603714943,
6099,40.25519802235067,0.30568288639187813,39.84371805563569,
6100,40.234429063275456,0.31201005913317204,39.817837066948414,
6101,40.83359520882368,0.8657961152493954,39.851148845627904,
6102,40.27289687655866,0.31494395807385445,39.850217057392,
6103,40.24572600610554,0.3075050190091133,39.83161388896406,
6104,40.276255924254656,0.30880700796842575,39.861689088866115,
6105,40.278540924191475,0.31643803231418133,39.86050491221249,
6106,40.229870937764645,0.3090051468461752,39.815227035433054,
6107,40.273786056786776,0.3050258383154869,39.864287013188004,
6108,40.28428206220269,0.30440185219049454,39.87471805885434,
6109,40.25053093209863,0.3124009817838669,39.83076591975987,
6110,40.26578110642731,0.3054679837077856,39.85493793152273,
6111,40.21062795072794,0.30587497167289257,39.79883808642626,
6112,40.237918961793184,0.3046200145035982,39.82762503437698,
6113,40.24151898920536,0.3139288164675236,39.822251070290804,
6114,40.251235011965036,0.30484399758279324,39.8416449315846,
6115,40.268210927024484,0.30415994115173817,39.85991212539375,
6116,40.24723614566028,0.3060251474380493,39.8346500005573,
6117,40.915719931945205,0.8924130816012621,39.90492504090071,
6118,40.26845493353903,0.3207288682460785,39.840323152020574,
6119,40.335283149033785,0.30689011327922344,39.92079198360443,
6120,40.25553306564689,0.3064710181206465,39.84318790026009,
6121,40.290265111252666,0.31015300191938877,39.87291897647083,
6122,40.273830993101,0.3061050083488226,39.86044297926128,
6123,40.26589705608785,0.3054270055145025,39.856852032244205,
6124,40.251140017062426,0.30756485648453236,39.839770179241896,
6125,40.254832012578845,0.31425291672348976,39.83554197475314,
6126,40.27121514081955,0.3103609196841717,39.855408016592264,
6127,40.257544023916125,0.3021999727934599,39.8499988950789,
6128,40.287873009219766,0.3082668408751488,39.87473202869296,
6129,40.24837492033839,0.3102370537817478,39.832983864471316,
6130,40.275969076901674,0.30447193421423435,39.8657729383558,
6131,40.26615689508617,0.3008190542459488,39.86173891462386,
6132,40.3149239718914,0.3120899200439453,39.89389003254473,
6133,40.896855061873794,0.8896330837160349,39.88863993436098,
6134,40.292107965797186,0.31688809394836426,39.86900602467358,
6135,40.245953015983105,0.30911294743418694,39.831642992794514,
6136,40.27233785018325,0.3056589048355818,39.861696073785424,
6137,40.29569495469332,0.3139111213386059,39.87541678361595,
6138,40.258095832541585,0.3096919972449541,39.844230050221086,
6139,40.26563512161374,0.30706217512488365,39.85316585749388,
6140,40.28244991786778,0.3077781293541193,39.868702879175544,
6141,40.277387015521526,0.3161970525979996,39.85435701906681,
6142,40.28587299399078,0.30622188933193684,39.87443004734814,
6143,40.294067934155464,0.30457088723778725,39.88339100033045,
6144,40.27269617654383,0.3158249892294407,39.843769976869226,
6145,40.27679283171892,0.3056109417229891,39.863825077190995,
6146,40.251184022054076,0.30614505521953106,39.837374817579985,
6147,40.28800898231566,0.30437298119068146,39.87860190682113,
6148,40.286121889948845,0.31432113610208035,39.865851867944,
6149,40.89815984480083,0.9198321495205164,39.863019017502666,
6150,40.2746619656682,0.3154878504574299,39.85287598334253,
6151,40.308650117367506,0.31281099654734135,39.887809194624424,
6152,40.28250998817384,0.3103839699178934,39.86541391350329,
6153,40.246631018817425,0.31045195646584034,39.82896404340863,
6154,40.28012906201184,0.30413991771638393,39.86866120249033,
6155,40.31200800091028,0.30694599263370037,39.900505216792226,
6156,40.31958011910319,0.3145909868180752,39.89896294660866,
6157,40.2679149992764,0.30704005621373653,39.85584480687976,
6158,40.30008497647941,0.30804798007011414,39.88650697283447,
6159,40.28326296247542,0.3113572020083666,39.8615759331733,
6160,40.24674301035702,0.308037968352437,39.83359900303185,
6161,40.30578280799091,0.3046989440917969,39.896235102787614,
6162,40.32667609862983,0.3050931263715029,39.91454397328198,
6163,40.3132161591202,0.31138909980654716,39.89649494178593,
6164,40.29069095849991,0.30592293478548527,39.87436112947762,
6165,40.939971804618835,0.9173350408673286,39.90512806922197,
6166,40.24644009768963,0.30930410139262676,39.83315988443792,
6167,40.29468889348209,0.31560403294861317,39.86980300396681,
6168,40.278941160067916,0.30683516524732113,39.86624488607049,
6169,40.28189298696816,0.3064770717173815,39.86951685510576,
6170,40.28120497241616,0.3047971986234188,39.86940695904195,
6171,40.28829303570092,0.30922703444957733,39.874044014140964,
6172,40.28860083781183,0.3060358576476574,39.870477048680186,
6173,40.30665312893689,0.3040970768779516,39.89827702753246,
6174,40.299491956830025,0.3124598879367113,39.88129808567464,
6175,40.28657707385719,0.3007999621331692,39.881109027192,
6176,40.251243161037564,0.3005559556186199,39.84722099266946,
6177,40.288596879690886,0.30227983370423317,39.881630102172494,
6178,40.29921302571893,0.30570197850465775,39.8890960495919,
6179,40.293560130521655,0.30385679565370083,39.88426714204252,
6180,40.270743891596794,0.30671083368360996,39.85763504169881,
6181,40.92832701280713,0.8982059080153704,39.912573993206024,
6182,40.331606986001134,0.32023596577346325,39.90330011583865,
6183,40.352990152314305,0.3242830280214548,39.91997987031937,
6184,40.35403020679951,0.32052909955382347,39.9277179967612,
6185,40.30053713358939,0.31758006662130356,39.87773787230253,
6186,40.25204200297594,0.3094689454883337,39.837386924773455,
6187,40.28010298497975,0.3056351561099291,39.86945888027549,
6188,40.33234901726246,0.32372307032346725,39.898697985336185,
6189,40.34060798585415,0.30954694375395775,39.924985030665994,
6190,40.289929835125804,0.30848896130919456,39.876305032521486,
6191,40.30861402861774,0.30607590451836586,39.89578993059695,
6192,40.3019399382174,0.3142759669572115,39.8820610716939,
6193,40.29043484479189,0.30483491718769073,39.88115815445781,
6194,40.26955319568515,0.3093911800533533,39.85132300294936,
6195,40.31425202265382,0.3112340345978737,39.89735199138522,
6196,40.32919998280704,0.3085129428654909,39.91514816880226,
6197,40.97554902546108,0.9635929018259048,39.88869907334447,
6198,40.33747804351151,0.3230490256100893,39.90895301103592,
6199,40.2949710842222,0.3183030057698488,39.869960863143206,
6200,40.31236097216606,0.3090980462729931,39.898281916975975,
6201,40.31464899890125,0.31232787296175957,39.89677014760673,
6202,40.29157408513129,0.31746504828333855,39.86549284309149,
6203,40.32919998280704,0.30763191170990467,39.9171351455152,
6204,40.312732104212046,0.3105809446424246,39.89720204845071,
6205,40.33753089606762,0.3177409525960684,39.913201006129384,
6206,40.31288716942072,0.3101050388067961,39.8964979685843,
6207,40.29352287761867,0.30846986919641495,39.88054906949401,
6208,40.28062918223441,0.31326920725405216,39.86165695823729,
6209,40.2969669084996,0.3064910415560007,39.880908792838454,
6210,40.27089104056358,0.30458508990705013,39.86006788909435,
6211,40.31996591947973,0.30907103791832924,39.906257996335626,
6212,40.30783800408244,0.3114950377494097,39.8923559114337,
6213,40.9679738804698,0.924193998798728,39.92731892503798,
6214,40.349422954022884,0.31131692230701447,39.93411106057465,
6215,40.29477690346539,0.30752294696867466,39.8805090226233,
6216,40.31483503058553,0.31377095729112625,39.89635198377073,
6217,40.29245092533529,0.3089511301368475,39.878245908766985,
6218,40.32977600581944,0.30742515809834003,39.91694003343582,
6219,40.29077594168484,0.3129569813609123,39.869623025879264,
6220,40.32163810916245,0.3058919683098793,39.911397034302354,
6221,40.37434095516801,0.3068821970373392,39.96325680054724,
6222,40.34302290529013,0.3138671163469553,39.92170398123562,
6223,40.32465093769133,0.3061089664697647,39.91271601989865,
6224,40.312814991921186,0.3073178231716156,39.89998809993267,
6225,40.35271308384836,0.3112470731139183,39.935297099873424,
6226,40.27943988330662,0.30762189999222755,39.86560902558267,
6227,40.303930873051286,0.302343862131238,39.897263050079346,
6228,40.3085530269891,0.31489692628383636,39.886689046397805,
6229,40.89870699681342,0.8940750267356634,39.889074862003326,
6230,40.319859981536865,0.3162429202347994,39.89762417040765,
6231,40.335195139050484,0.3091301769018173,39.91928091272712,
6232,40.31177400611341,0.3065881319344044,39.90154294297099,
6233,40.27884593233466,0.3152929712086916,39.85885111615062,
6234,40.266698924824595,0.3094261046499014,39.85176305286586,
6235,40.34509719349444,0.30555110424757004,39.93451897986233,
6236,40.33265192992985,0.3112091217190027,39.91640405729413,
6237,40.32973200082779,0.3064139746129513,39.9161281529814,
6238,40.31304991804063,0.3095699939876795,39.897640934213996,
6239,40.36879609338939,0.31607295386493206,39.94619194418192,
6240,40.32690799795091,0.3076170105487108,39.91237003356218,
6241,40.35066207870841,0.3067520447075367,39.939671056345105,
6242,40.302363922819495,0.3160859923809767,39.88047316670418,
6243,40.30525288544595,0.3068631049245596,39.89275195635855,
6244,40.32116406597197,0.3066989593207836,39.90895301103592,
6245,40.971053997054696,0.9390010964125395,39.91637588478625,
6246,40.329603012651205,0.32290699891746044,39.90084119141102,
6247,40.2898418251425,0.3103760536760092,39.87333714030683,
6248,40.35576293244958,0.3228429704904556,39.92445091716945,
6249,40.376168908551335,0.31227804720401764,39.957998087629676,
6250,40.32550496049225,0.3077699802815914,39.91184802725911,
6251,40.34666297957301,0.3088819794356823,39.93191896006465,
6252,40.360174141824245,0.316268065944314,39.93875905871391,
6253,40.34003708511591,0.30996487475931644,39.92443019524217,
6254,40.32005788758397,0.30887406319379807,39.90645008161664,
6255,40.28257681056857,0.312308082357049,39.8668188136071,
6256,40.29260901734233,0.3091520629823208,39.87779514864087,
6257,40.3442969545722,0.30714296735823154,39.93351012468338,
6258,40.321544045582414,0.3130398690700531,39.90387497469783,
6259,40.29898997396231,0.30559790320694447,39.888422936201096,
6260,40.329754119738936,0.3081460017710924,39.91576982662082,
6261,40.984431048855186,0.9191140998154879,39.94629089720547,
6262,40.36445403471589,0.3136449959129095,39.944861084222794,
6263,40.307200979441404,0.3075948916375637,39.89497711881995,
6264,40.32728518359363,0.30923495069146156,39.91353791207075,
6265,40.35487398505211,0.3169979900121689,39.93379604071379,
6266,40.31372396275401,0.3054991830140352,39.90398603491485,
6267,40.33791716210544,0.30442303977906704,39.92727096192539,
6268,40.34807696007192,0.31373207457363605,39.92976201698184,
6269,40.33523006364703,0.3046519123017788,39.92528608068824,
6270,40.307020070031285,0.30481605790555477,39.89683301188052,
6271,40.32649006694555,0.31243194825947285,39.908037055283785,
6272,40.33877304755151,0.3066789358854294,39.92534498684108,
6273,40.36510712467134,0.3018800634890795,39.9571368470788,
6274,40.32828193157911,0.3095169086009264,39.91423617117107,
6275,40.32500018365681,0.3073520492762327,39.912791922688484,
6276,40.333479875698686,0.3039080183953047,39.92486582137644,
6277,40.9825979731977,0.906442990526557,39.958711015060544,
6278,40.38067697547376,0.3165400121361017,39.959106827154756,
6279,40.34643596969545,0.3063289914280176,39.934701984748244,
6280,40.337798185646534,0.3169081173837185,39.91573886014521,
6281,40.345486951991916,0.30961609445512295,39.931139908730984,
6282,40.38598295301199,0.30671595595777035,39.97253393754363,
6283,40.37093394435942,0.3160890191793442,39.94847694411874,
6284,40.353683987632394,0.3114501014351845,39.93656602688134,
6285,40.37097608670592,0.30768103897571564,39.95706303976476,
6286,40.34508694894612,0.315721845254302,39.91948417387903,
6287,40.3143058065325,0.306334113702178,39.90232991054654,
6288,40.322164073586464,0.31039887107908726,39.90662703290582,
6289,40.34977010451257,0.3134477883577347,39.93300604633987,
6290,40.317069040611386,0.30881096608936787,39.902860997244716,
6291,40.313629200682044,0.3074249252676964,39.90171407349408,
6292,40.3434238396585,0.31673815101385117,39.921357994899154,
6293,40.971816051751375,0.896763987839222,39.958684938028455,
6294,40.36612901836634,0.3117509186267853,39.94960896670818,
6295,40.34300404600799,0.3087290097028017,39.92820484563708,
6296,40.32997181639075,0.31841802410781384,39.90400698967278,
6297,40.317952865734696,0.3100489266216755,39.90071499720216,
6298,40.35386396571994,0.3117129672318697,39.93751900270581,
6299,40.35316896624863,0.31554396264255047,39.931092876940966,
6300,40.3437321074307,0.3104349598288536,39.92713405750692,
6301,40.38434405811131,0.31595095060765743,39.95770402252674,
6302,40.31451721675694,0.3072118852287531,39.90151104517281,
6303,40.34701804630458,0.3067990764975548,39.93378300219774,
6304,40.35333078354597,0.3169639967381954,39.930525003001094,
6305,40.34268879331648,0.3065860364586115,39.930857019498944,
6306,40.361981838941574,0.3072801046073437,39.949714904651046,
6307,40.375028969720006,0.31693605706095695,39.952429942786694,
6308,40.32165091484785,0.3082479815930128,39.90875300951302,
6309,40.95263406634331,0.8737030439078808,39.96373200789094,
6310,40.35365884192288,0.30964799225330353,39.938315050676465,
6311,40.36753298714757,0.314278993755579,39.94762105867267,
6312,40.34245200455189,0.30527892522513866,39.92957202717662,
6313,40.39828781969845,0.3069611266255379,39.98406883329153,
6314,40.35462602041662,0.31068501994013786,39.93497486226261,
6315,40.34721991047263,0.3071241080760956,39.93580094538629,
6316,40.38285696879029,0.3123690839856863,39.961203932762146,
6317,40.378009201958776,0.3089748788625002,39.96202093549073,
6318,40.36296484991908,0.30944193713366985,39.947320939973,
6319,40.335973957553506,0.31237700022757053,39.916524197906256,
6320,40.365601889789104,0.30934601090848446,39.94841477833688,
6321,40.38493102416396,0.30956906266510487,39.970353012904525,
6322,40.376386139541864,0.31173089519143105,39.95758411474526,
6323,40.339920204132795,0.307322945445776,39.925322169438004,
6324,40.36327498033643,0.31869392842054367,39.93804007768631,
6325,40.93749215826392,0.8717079181224108,39.94687716476619,
6326,40.401725796982646,0.31878496520221233,39.975726045668125,
6327,40.35887820646167,0.3110920079052448,39.94210297241807,
6328,40.406638057902455,0.317893922328949,39.9828189983964,
6329,40.34100496210158,0.3111700061708689,39.926021825522184,
6330,40.33526801504195,0.308074988424778,39.921401999890804,
6331,40.345179149881005,0.31232298351824284,39.927473990246654,
6332,40.402289014309645,0.30910084024071693,39.98760017566383,
6333,40.36968806758523,0.3092368133366108,39.95108907110989,
6334,40.34952889196575,0.30859909020364285,39.936440996825695,
6335,40.37208599038422,0.306430971249938,39.96095201000571,
6336,40.411440189927816,0.3137928433716297,39.99254899099469,
6337,40.34706111997366,0.30924007296562195,39.93253782391548,
6338,40.38497107103467,0.30735787004232407,39.97370204888284,
6339,40.33673903904855,0.3160419873893261,39.91614282131195,
6340,40.38520995527506,0.30866311863064766,39.97162985615432,
6341,40.94770085066557,0.8773708250373602,39.95524113997817,
6342,40.406639920547605,0.3127078525722027,39.98629213310778,
6343,40.38298618979752,0.3112000413239002,39.966381853446364,
6344,40.40618590079248,0.31137210316956043,39.988878881558776,
6345,40.37230904214084,0.3157921601086855,39.94974889792502,
6346,40.37959291599691,0.3091210965067148,39.96299812570214,
6347,40.37640802562237,0.31042518094182014,39.95954990386963,
6348,40.35678994841874,0.31415699049830437,39.93457299657166,
6349,40.34402500838041,0.31002587638795376,39.92599807679653,
6350,40.40564387105405,0.31656608916819096,39.97825505211949,
6351,40.371545823290944,0.31021307222545147,39.95734988711774,
6352,40.409832959994674,0.31261309050023556,39.991558995097876,
6353,40.33616418018937,0.31656399369239807,39.9128389544785,
6354,40.37347109988332,0.3084428608417511,39.959826041013,
6355,40.342277847230434,0.30850013718008995,39.925264893099666,
6356,40.42627406306565,0.3186550457030535,40.001993998885155,
6357,41.02120199240744,0.9185310918837786,39.98600388877094,
6358,40.40192486718297,0.3147469833493233,39.98195310123265,
6359,40.38126301020384,0.31260494142770767,39.96269893832505,
6360,40.3897799551487,0.30801910907030106,39.97635189443827,
6361,40.369337890297174,0.31074415892362595,39.951980812475085,
6362,40.34810001030564,0.3053529653698206,39.93047005496919,
6363,40.361711056903005,0.3057830035686493,39.94851605966687,
6364,40.388130117207766,0.31675701029598713,39.966341108083725,
6365,40.38155288435519,0.30772597528994083,39.96661398559809,
6366,40.396115044131875,0.3046549391001463,39.98750215396285,
6367,40.36096599884331,0.313526950776577,39.94216094724834,
6368,40.352076990529895,0.30811806209385395,39.93218392133713,
6369,40.39824800565839,0.30849501490592957,39.97515398077667,
6370,40.3515559155494,0.3111190162599087,39.93444703519344,
6371,40.37545085884631,0.30645797960460186,39.96170195750892,
6372,40.34294397570193,0.3152969293296337,39.92353891953826,
6373,41.08372493647039,0.9614250157028437,40.00503406859934,
6374,40.43355491012335,0.3224771935492754,40.005057817324996,
6375,40.407795924693346,0.3171239513903856,39.98365695588291,
6376,40.35552404820919,0.3137490712106228,39.936595130711794,
6377,40.39730806834996,0.311500858515501,39.978486020118,
6378,40.37114488892257,0.3191591240465641,39.945357013493776,
6379,40.39070010185242,0.31117512844502926,39.975490886718035,
6380,40.36907898262143,0.31317397952079773,39.9497679900378,
6381,40.386392967775464,0.3145979717373848,39.966538082808256,
6382,40.36312783136964,0.30957721173763275,39.94708601385355,
6383,40.376116055995226,0.31798495911061764,39.95357104577124,
6384,40.4091258533299,0.3147730603814125,39.98831287026405,
6385,40.362240048125386,0.3099848981946707,39.94602500461042,
6386,40.4027528129518,0.3173248842358589,39.97821803204715,
6387,40.39874207228422,0.3085751086473465,39.98499899171293,
6388,40.35833617672324,0.31761592254042625,39.93397508747876,
6389,41.05556011199951,0.9445229079574347,39.98203598894179,
6390,40.3833722230047,0.31458097510039806,39.963940158486366,
6391,40.35451100207865,0.31381379812955856,39.93371920660138,
6392,40.42581492103636,0.320573803037405,39.99850805848837,
6393,40.3842399828136,0.311876880005002,39.96714809909463,
6394,40.3781661298126,0.3173749428242445,39.95461412705481,
6395,40.39863194338977,0.315674114972353,39.97516795061529,
6396,40.40042101405561,0.31127408146858215,39.985269075259566,
6397,40.4199818149209,0.3127369564026594,40.00199609436095,
6398,40.42347613722086,0.3114950377494097,40.004801005125046,
6399,40.38499016314745,0.31704315915703773,39.96358090080321,
6400,40.404930943623185,0.3118200693279505,39.985925890505314,
6401,40.40576005354524,0.3111769910901785,39.98914803378284,
6402,40.369790978729725,0.3094098065048456,39.95337407104671,
6403,40.445093996822834,0.3062740433961153,40.03297397866845,
6404,40.42046703398228,0.31825900077819824,39.99606310389936,
6405,41.00832901895046,0.90372608974576,39.98571797274053,
6406,40.38454499095678,0.31222403049468994,39.96726009063423,
6407,40.41119711473584,0.3097329754382372,39.99240696430206,
6408,40.38979089818895,0.31030201353132725,39.975645020604134,
6409,40.40085803717375,0.30839000828564167,39.990070974454284,
6410,40.3498369269073,0.31697400845587254,39.927945006638765,
6411,40.40010902099311,0.3075599670410156,39.98861205764115,
6412,40.41161900386214,0.3077741712331772,40.00075487419963,
6413,40.420565055683255,0.3089930396527052,40.00735096633434,
6414,40.40491604246199,0.3079320304095745,39.99142302200198,
6415,40.41995503939688,0.3202089574187994,39.99463492073119,
6416,40.38156196475029,0.3095038700848818,39.96740002185106,
6417,40.40522896684706,0.31995796598494053,39.98121712356806,
6418,40.42440908960998,0.3100298345088959,40.00804712995887,
6419,40.383775951340795,0.3093851264566183,39.970614947378635,
6420,40.35238898359239,0.31191599555313587,39.93682307191193,
6421,40.98771186545491,0.877835089340806,39.99386494979262,
6422,40.44679016806185,0.3129378892481327,40.027762996032834,
6423,40.42554693296552,0.3176049795001745,40.000817039981484,
6424,40.41297291405499,0.31171110458672047,39.9968889541924,
6425,40.418506134301424,0.31023891642689705,39.995019091293216,
6426,40.3927827719599,0.3097858279943466,39.979655062779784,
6427,40.41216988116503,0.3121970221400261,39.995732018724084,
6428,40.40017700754106,0.3210180439054966,39.97557703405619,
6429,40.40107689797878,0.3115460276603699,39.98326906003058,
6430,40.40623712353408,0.31031318940222263,39.988067001104355,
6431,40.40234815329313,0.3097369335591793,39.98661902733147,
6432,40.406082989647985,0.3112638369202614,39.99009099788964,
6433,40.40788812562823,0.31329900957643986,39.98975898139179,
6434,40.38612497970462,0.3093609120696783,39.97140610590577,
6435,40.40357400663197,0.3161069471389055,39.98250490985811,
6436,40.41048511862755,0.3097939770668745,39.99628103338182,
6437,41.02487792260945,0.87593006901443,40.03366408869624,
6438,40.39855906739831,0.31494605354964733,39.97850208543241,
6439,40.41387909092009,0.3146720118820667,39.99431198462844,
6440,40.397209813818336,0.3124508075416088,39.978540036827326,
6441,40.42428405955434,0.3216909244656563,39.998012129217386,
6442,40.4058110434562,0.3111870028078556,39.98925001360476,
6443,40.435368893668056,0.30755018815398216,40.02013080753386,
6444,40.4119910672307,0.315680168569088,39.990701945498586,
6445,40.38696107454598,0.3094819840043783,39.970519952476025,
6446,40.41969892568886,0.3184687811881304,39.99604214914143,
6447,40.412306087091565,0.31203986145555973,39.99609616585076,
6448,40.41142598725855,0.31958892941474915,39.984629955142736,
6449,40.446000872179866,0.313296914100647,40.01982510089874,
6450,40.41369282640517,0.3205400425940752,39.97883386909962,
6451,40.39539792574942,0.3210559953004122,39.96113105677068,
6452,40.44871800579131,0.32737781293690205,40.00997403636575,
6453,41.177826933562756,1.0049119591712952,40.054311975836754,
6454,40.458061965182424,0.3233740571886301,40.02738697454333,
6455,40.42797698639333,0.3148068208247423,40.00826016999781,
6456,40.417062817141414,0.3143239300698042,39.9982410017401,
6457,40.45044188387692,0.31451391987502575,40.028715040534735,
6458,40.45586194843054,0.3147441893815994,40.037293918430805,
6459,40.41871312074363,0.31021609902381897,40.00187385827303,
6460,40.42990203015506,0.31468295492231846,40.01087602227926,
6461,40.42698396369815,0.31101913191378117,40.00982502475381,
6462,40.44655687175691,0.31025405041873455,40.03035579808056,
6463,40.41874804534018,0.3107509110122919,40.00152018852532,
6464,40.397159988060594,0.30949804931879044,39.983198046684265,
6465,40.399480145424604,0.31724502332508564,39.977921172976494,
6466,40.39302794262767,0.30984985642135143,39.97735818848014,
6467,40.396230993792415,0.31676492653787136,39.972156984731555,
6468,40.39251781068742,0.3169120755046606,39.971339982002974,
6469,41.12243000417948,0.9919749572873116,40.009140968322754,
6470,40.497939102351665,0.3280029632151127,40.064394008368254,
6471,40.46330088749528,0.32061198726296425,40.03780800849199,
6472,40.429405169561505,0.3132321871817112,40.00769788399339,
6473,40.42748408392072,0.31405198387801647,40.00319913029671,
6474,40.45409010723233,0.31397794373333454,40.03355000168085,
6475,40.43015092611313,0.3172759898006916,40.0075470097363,
6476,40.42897396720946,0.3120941109955311,40.00906506553292,
6477,40.43002100661397,0.32057706266641617,40.003258967772126,
6478,40.447298204526305,0.31094206497073174,40.02939397469163,
6479,40.42822984047234,0.3172201104462147,40.00382102094591,
6480,40.415165945887566,0.3149330150336027,39.99378299340606,
6481,40.43175093829632,0.3128370735794306,40.010010125115514,
6482,40.47358990646899,0.3190899733453989,40.04768095910549,
6483,40.4568100348115,0.31526992097496986,40.03687994554639,
6484,40.42004980146885,0.3176429308950901,39.99602794647217,
6485,41.12605005502701,0.9787869639694691,40.02856183797121,
6486,40.457234950736165,0.31686597503721714,40.034409845247865,
6487,40.43203592300415,0.31921197660267353,40.00785714015365,
6488,40.4434590600431,0.3145011141896248,40.02311802469194,
6489,40.44338199310005,0.31794002279639244,40.02045700326562,
6490,40.380990132689476,0.3109679091721773,39.964728988707066,
6491,40.45128799043596,0.3115958534181118,40.03528715111315,
6492,40.43631395325065,0.3123159985989332,40.01904604956508,
6493,40.435156086459756,0.3087511286139488,40.01718806102872,
6494,40.4723568353802,0.3140310291200876,40.051642805337906,
6495,40.4367980081588,0.31832815147936344,40.01261689700186,
6496,40.43894214555621,0.3164159134030342,40.01879203133285,
6497,40.450416039675474,0.3113560378551483,40.03381379880011,
6498,40.41591892018914,0.3191630821675062,39.98965793289244,
6499,40.46559100970626,0.3127648960798979,40.04678502678871,
6500,40.42717698030174,0.3186811227351427,40.00408900901675,
6501,41.09537205658853,0.9701170492917299,40.006567956879735,
6502,40.440154960379004,0.31311321072280407,40.02056596800685,
6503,40.42224190197885,0.3187330439686775,39.99806987121701,
6504,40.39922310039401,0.30874903313815594,39.985375944525,
6505,40.39369989186525,0.30933297239243984,39.97819195501506,
6506,40.43856612406671,0.31215487979352474,40.021178079769015,
6507,40.44016799889505,0.3112941049039364,40.022887056693435,
6508,40.42795090936124,0.320246210321784,40.00154277309775,
6509,40.41380202397704,0.3108619712293148,39.99697999097407,
6510,40.43578705750406,0.3100831527262926,40.02037784084678,
6511,40.43825203552842,0.30964589677751064,40.02313409000635,
6512,40.47358315438032,0.31028897501528263,40.054470067843795,
6513,40.44749308377504,0.3086428623646498,40.03117419779301,
6514,40.460062911733985,0.31748111359775066,40.03580706194043,
6515,40.458061965182424,0.30927197076380253,40.03982897847891,
6516,40.448034880682826,0.3086579963564873,40.03423103131354,
6517,41.14445298910141,0.9601491037756205,40.06681405007839,
6518,40.44898692518473,0.317377969622612,40.0256288703531,
6519,40.46832281164825,0.3124719951301813,40.0517201051116,
6520,40.43206502683461,0.31285989098250866,40.011279983446,
6521,40.43132602237165,0.31217699870467186,40.01531284302473,
6522,40.46508693136275,0.31408481299877167,40.045744040980935,
6523,40.457925060763955,0.31351717188954353,40.03836680203676,
6524,40.48028402030468,0.3154240548610687,40.05787498317659,
6525,40.4792008921504,0.31174602918326855,40.061950916424394,
6526,40.43169505894184,0.31969789415597916,40.00502894632518,
6527,40.43127014301717,0.31217304058372974,40.01311492174864,
6528,40.459217969328165,0.3130040131509304,40.04299407824874,
6529,40.44827213510871,0.3128021489828825,40.02948198467493,
6530,40.42301094159484,0.31264801509678364,40.00546014867723,
6531,40.433699963614345,0.3106349613517523,40.01843393780291,
6532,40.45805591158569,0.31212903559207916,40.040384978055954,
6533,41.126903146505356,0.9482440073043108,40.05706496536732,
6534,40.46265012584627,0.320221995934844,40.037256898358464,
6535,40.4715018812567,0.3158249892294407,40.04969401285052,
6536,40.457898983731866,0.3168110270053148,40.033275028690696,
6537,40.464113000780344,0.31463708728551865,40.04494193941355,
6538,40.40998802520335,0.3172650467604399,39.986961055547,
6539,40.46051297336817,0.3108130767941475,40.04413494840264,
6540,40.43606901541352,0.32125297002494335,40.01011396758258,
6541,40.42114713229239,0.3122969064861536,40.003855945542455,
6542,40.471218060702085,0.31799799762666225,40.04835104569793,
6543,40.472078835591674,0.3120258916169405,40.054765064269304,
6544,40.450965985655785,0.3121939953416586,40.03149690106511,
6545,40.45582888647914,0.3131609410047531,40.037442930042744,
6546,40.46509601175785,0.3131781704723835,40.04243086092174,
6547,40.46586202457547,0.3111900296062231,40.04865908063948,
6548,40.522761875763535,0.3100929316133261,40.102365892380476,
6549,41.10016394406557,0.9342960547655821,40.04906280897558,
6550,40.46144802123308,0.317244092002511,40.0379819329828,
6551,40.48314690589905,0.3140619955956936,40.06048711016774,
6552,40.46183289028704,0.3128219395875931,40.04359198734164,
6553,40.4569860547781,0.3122019115835428,40.035034995526075,
6554,40.46679078601301,0.30809291638433933,40.05380300804973,
6555,40.45461304485798,0.30983402393758297,40.039392886683345,
6556,40.443161968141794,0.31558494083583355,40.02236691303551,
6557,40.47625092789531,0.30789291486144066,40.063214022666216,
6558,40.44582601636648,0.319360988214612,40.02211522310972,
6559,40.45405820943415,0.3107970114797354,40.03657610155642,
6560,40.48272501677275,0.3165248781442642,40.062685031443834,
6561,40.48708383925259,0.31143007799983025,40.06905993446708,
6562,40.474061854183674,0.3193120937794447,40.04946304485202,
6563,40.447806008160114,0.310020986944437,40.03119212575257,
6564,40.47654615715146,0.31772488728165627,40.053560165688396,
6565,41.15006513893604,0.9445380419492722,40.08795111440122,
6566,40.48093990422785,0.3213349264115095,40.055265882983804,
6567,40.48466100357473,0.3249659202992916,40.05462513305247,
6568,40.4989798553288,0.3104591742157936,40.08316597901285,
6569,40.504007833078504,0.3195088356733322,40.07773497141898,
6570,40.47699901275337,0.31339703127741814,40.05822911858559,
6571,40.503802010789514,0.32028486020863056,40.07859295234084,
6572,40.498113026842475,0.31884992495179176,40.07228999398649,
6573,40.48692318610847,0.3187749534845352,40.06344708614051,
6574,40.46619893051684,0.31422311440110207,40.04733986221254,
6575,40.49852699972689,0.32140384428203106,40.072855073958635,
6576,40.47940787859261,0.3144890069961548,40.05914297886193,
6577,40.49130296334624,0.3216150216758251,40.06334696896374,
6578,40.479598101228476,0.31526200473308563,40.057898964732885,
6579,40.47287697903812,0.3204781096428633,40.046049980446696,
6580,40.46629602089524,0.3143830690532923,40.047094924375415,
6581,41.133621940389276,0.9269570000469685,40.08734389208257,
6582,40.4767298605293,0.3239649813622236,40.045853005722165,
6583,40.467252023518085,0.31882990151643753,40.042123990133405,
6584,40.49131809733808,0.3191980067640543,40.066841058433056,
6585,40.50979600287974,0.3161448985338211,40.08826403878629,
6586,40.43894284404814,0.31870207749307156,40.016188053414226,
6587,40.45995883643627,0.3148179966956377,40.0401649530977,
6588,40.49708181992173,0.3235910553485155,40.069054113700986,
6589,40.49310693517327,0.31692092306911945,40.07107811048627,
6590,40.497958194464445,0.3200080245733261,40.07364786230028,
6591,40.47478502616286,0.3142859786748886,40.055044926702976,
6592,40.45245493762195,0.31884992495179176,40.02733388915658,
6593,40.45809805393219,0.31058304011821747,40.041342843323946,
6594,40.50068813376129,0.32284785993397236,40.07033701054752,
6595,40.43171904049814,0.31687598675489426,40.0091998744756,
6596,40.521085960790515,0.31367200426757336,40.101188933476806,
6597,41.160081047564745,0.969521002843976,40.07226577959955,
6598,40.48349312506616,0.32336008735001087,40.054138051345944,
6599,40.4666590038687,0.3230620641261339,40.03840498626232,
6600,40.504504926502705,0.31291600316762924,40.08448706008494,
6601,40.50132003612816,0.3239121288061142,40.07258405908942,
6602,40.50710704177618,0.31278887763619423,40.08812201209366,
6603,40.490165119990706,0.3148498944938183,40.07099219597876,
6604,40.51514598540962,0.3108428791165352,40.09928903542459,
6605,40.48336995765567,0.3189889248460531,40.060407016426325,
6606,40.48556392081082,0.3132331185042858,40.067924885079265,
6607,40.505493991076946,0.32005319371819496,40.079824859276414,
6608,40.46486807055771,0.31323498114943504,40.04800599068403,
6609,40.49526806920767,0.31569693237543106,40.073573123663664,
6610,40.49438005313277,0.3139690961688757,40.0763270445168,
6611,40.508260019123554,0.31548389233648777,40.088688023388386,
6612,40.477564092725515,0.3099050372838974,40.06374697200954,
6613,41.12783586606383,0.9430130012333393,40.06861220113933,
6614,40.490251034498215,0.3239959478378296,40.06179817952216,
6615,40.50055216066539,0.32098800875246525,40.07285484112799,
6616,40.5148770660162,0.3180310595780611,40.09109688922763,
6617,40.51643912680447,0.31176418997347355,40.0972890201956,
6618,40.52238119766116,0.3157940227538347,40.09737796150148,
6619,40.509556885808706,0.3114929422736168,40.089413058012724,
6620,40.48838000744581,0.3135879524052143,40.07003293372691,
6621,40.51556903868914,0.3118137829005718,40.087142027914524,
6622,40.496098110452294,0.31666201539337635,40.071852039545774,
6623,40.51296296529472,0.3167681861668825,40.08731688372791,
6624,40.5058478936553,0.31371298246085644,40.08722398430109,
6625,40.48441303893924,0.31249201856553555,40.06307106465101,
6626,40.46811000443995,0.3130580298602581,40.04968493245542,
6627,40.61599401757121,0.31142495572566986,40.112904040142894,
6628,40.57601001113653,0.335026066750288,40.123407961800694,
6629,41.15557298064232,0.9460370056331158,40.09113414213061,
6630,40.57559906505048,0.33315084874629974,40.13830819167197,
6631,40.50655383616686,0.3151351120322943,40.08309310302138,
6632,40.51783191971481,0.3177030012011528,40.09434301406145,
6633,40.51838396117091,0.31267409212887287,40.098369820043445,
6634,40.48000113107264,0.31571113504469395,40.05981283262372,
6635,40.52643501199782,0.317990081384778,40.10030394420028,
6636,40.50371702760458,0.31552091240882874,40.0822120718658,
6637,40.50861997529864,0.3148987889289856,40.08932504802942,
6638,40.50357500091195,0.31382101587951183,40.085431188344955,
6639,40.498930029571056,0.31382893212139606,40.080148028209805,
6640,40.50968214869499,0.315363984555006,40.08731199428439,
6641,40.492545114830136,0.31735398806631565,40.06209596991539,
6642,40.50777293741703,0.31660590320825577,40.08449008688331,
6643,40.54586193524301,0.31389715149998665,40.125531842932105,
6644,40.5462640337646,0.3175858873873949,40.12330691330135,
6645,41.18737392127514,0.9565500076860189,40.11278902180493,
6646,40.535351959988475,0.32383715733885765,40.10595194995403,
6647,40.499995928257704,0.31515886075794697,40.079431142657995,
6648,40.51336203701794,0.3173588775098324,40.08562094531953,
6649,40.54533806629479,0.3146969247609377,40.1220100466162,
6650,40.53449002094567,0.31130388379096985,40.11720418930054,
6651,40.52121099084616,0.3118920139968395,40.10426998138428,
6652,40.48981796950102,0.3145888913422823,40.06932908669114,
6653,40.51153012551367,0.3103779163211584,40.09688808582723,
6654,40.50525021739304,0.3141739871352911,40.08560115471482,
6655,40.507422061637044,0.3118538297712803,40.08976207114756,
6656,40.48790689557791,0.31270994804799557,40.069465059787035,
6657,40.47698783688247,0.3103099297732115,40.06267595104873,
6658,40.53057706914842,0.31404802575707436,40.112704038619995,
6659,40.52206687629223,0.3178948536515236,40.10006505995989,
6660,40.50662601366639,0.3159050829708576,40.086968103423715,
6661,41.139218024909496,0.9293700568377972,40.090486872941256,
6662,40.528373094275594,0.3244390245527029,40.09757982566953,
6663,40.53190513513982,0.3140070475637913,40.112314047291875,
6664,40.54107703268528,0.31763198785483837,40.118795121088624,
6665,40.493256179615855,0.31190388835966587,40.07707815617323,
6666,40.51275900565088,0.31312392093241215,40.09328014217317,
6667,40.52171017974615,0.31326618045568466,40.10354191996157,
6668,40.52571509964764,0.31532603316009045,40.10525904595852,
6669,40.50177498720586,0.3124948125332594,40.083028143271804,
6670,40.53766489960253,0.31837914139032364,40.11446493677795,
6671,40.52888695150614,0.3124771174043417,40.11292778886855,
6672,40.49084708094597,0.3144021611660719,40.06963083520532,
6673,40.50368303433061,0.3141341730952263,40.085369953885674,
6674,40.51840608008206,0.31675794161856174,40.09699588641524,
6675,40.5547060072422,0.32088300213217735,40.127117186784744,
6676,40.47652496956289,0.3135688602924347,40.057605132460594,
6677,41.15562094375491,0.9196908213198185,40.11841514147818,
6678,40.520176058635116,0.326111214235425,40.09024682454765,
6679,40.53475707769394,0.3149351105093956,40.11417692527175,
6680,40.527235018089414,0.32097380608320236,40.10215704329312,
6681,40.526420110836625,0.3145621158182621,40.1065640617162,
6682,40.54989689029753,0.3140280023217201,40.13022314757109,
6683,40.53807910531759,0.31323707662522793,40.119313867762685,
6684,40.540361078456044,0.31371088698506355,40.12138396501541,
6685,40.515054017305374,0.32050092704594135,40.09039490483701,
6686,40.51224188879132,0.3165719099342823,40.091572096571326,
6687,40.51005211658776,0.32044597901403904,40.0855450425297,
6688,40.5268301256001,0.31414604745805264,40.10820295661688,
6689,40.54896906018257,0.32206112518906593,40.12327897362411,
6690,40.56533402763307,0.3177190665155649,40.14249984174967,
6691,40.5020450707525,0.32232608646154404,40.0715209543705,
6692,40.508765960112214,0.31761289574205875,40.08676507510245,
6693,41.159072890877724,0.9064287878572941,40.13263201341033,
6694,40.55873607285321,0.31397282145917416,40.13953311368823,
6695,40.55436793714762,0.31526898965239525,40.13468394987285,
6696,40.543565060943365,0.3143900539726019,40.12046498246491,
6697,40.538334054872394,0.31983316875994205,40.11059086769819,
6698,40.549470111727715,0.3192049916833639,40.12584500014782,
6699,40.5690420884639,0.32392796128988266,40.14112590812147,
6700,40.5031549744308,0.31737517565488815,40.081006940454245,
6701,40.537009947001934,0.3174259327352047,40.1134411804378,
6702,40.53194192238152,0.31415000557899475,40.11050215922296,
6703,40.53953103721142,0.3162841312587261,40.116081945598125,
6704,40.50910682417452,0.3140559419989586,40.090609109029174,
6705,40.5274850782007,0.3120850306004286,40.1100660674274,
6706,40.55498004890978,0.31434488482773304,40.134533075615764,
6707,40.54948501288891,0.31302194111049175,40.131557965651155,
6708,40.47914990223944,0.318257138133049,40.0560419075191,
6709,41.1375651601702,0.8981800638139248,40.12356698513031,
6710,40.57255503721535,0.3164228983223438,40.14980513602495,
6711,40.54727195762098,0.32334006391465664,40.11784587055445,
6712,40.52855004556477,0.31377188861370087,40.10951821692288,
6713,40.52925412543118,0.3168531693518162,40.10823485441506,
6714,40.56783183477819,0.3159970510751009,40.14739114791155,
6715,40.55676702409983,0.31511299312114716,40.13722180388868,
6716,40.56744696572423,0.3212320152670145,40.14094406738877,
6717,40.52854306064546,0.31248386949300766,40.11074802838266,
6718,40.53616407327354,0.32184203155338764,40.109554072842,
6719,40.55632697418332,0.3179239574819803,40.13308393768966,
6720,40.52412207238376,0.3181649371981621,40.09977797977626,
6721,40.540419053286314,0.3143809735774994,40.11685703881085,
6722,40.5224219430238,0.3140280023217201,40.10455100797117,
6723,40.536412969231606,0.3176277969032526,40.11404816992581,
6724,40.5341200530529,0.31546992249786854,40.11423699557781,
6725,41.14849795587361,0.9018669370561838,40.1289879810065,
6726,40.55493418127298,0.3270378801971674,40.123234037309885,
6727,40.527526987716556,0.3184808883816004,40.104278130456805,
6728,40.55533302016556,0.32537104561924934,40.12253787368536,
6729,40.545888943597674,0.31410902738571167,40.12560681439936,
6730,40.545172058045864,0.3140110056847334,40.12364707887173,
6731,40.55526293814182,0.312211224809289,40.137575939297676,
6732,40.53173307329416,0.3146359231323004,40.111713111400604,
6733,40.533714927732944,0.31577982008457184,40.11230310425162,
6734,40.5386199709028,0.3146061208099127,40.11952597647905,
6735,40.57626682333648,0.3210639115422964,40.15009198337793,
6736,40.544779039919376,0.3165910020470619,40.12162587605417,
6737,40.53329606540501,0.32090209424495697,40.107945911586285,
6738,40.541664930060506,0.31196209602057934,40.124346036463976,
6739,40.54599395021796,0.3181870561093092,40.12361308559775,
6740,40.53448815830052,0.31478400342166424,40.11470312252641,
6741,41.14136612042785,0.9020611178129911,40.12224799953401,
6742,40.517868008464575,0.3149139229208231,40.09897215291858,
6743,40.57821398600936,0.321981031447649,40.150517132133245,
6744,40.56040896102786,0.31247292645275593,40.144299156963825,
6745,40.56375892832875,0.32429397106170654,40.13506113551557,
6746,40.52722081542015,0.3172240685671568,40.1052669622004,
6747,40.533456951379776,0.3156149759888649,40.1121829636395,
6748,40.56675988249481,0.315242912620306,40.144448168575764,
6749,40.546791860833764,0.31302496790885925,40.13053490780294,
6750,40.54784821346402,0.31589181162416935,40.12744105421007,
6751,40.57648312300444,0.31703896820545197,40.154030080884695,
6752,40.57393595576286,0.3218739293515682,40.146092884242535,
6753,40.56993103586137,0.3193591255694628,40.14563304372132,
6754,40.511694038286805,0.3206429537385702,40.08658602833748,
6755,40.570435812696815,0.31537190079689026,40.148457046598196,
6756,40.507429046556354,0.31332578510046005,40.09161307476461,
6757,41.155194863677025,0.9060758166015148,40.133207105100155,
6758,40.60700093396008,0.3262909594923258,40.17682606354356,
6759,40.584074100479484,0.3191691357642412,40.160697884857655,
6760,40.5942068900913,0.32444484531879425,40.164303965866566,
6761,40.56357289664447,0.31570205464959145,40.14048306271434,
6762,40.55338795296848,0.3156019374728203,40.13414098881185,
6763,40.54344794712961,0.31371787190437317,40.12380400672555,
6764,40.52622779272497,0.31628902070224285,40.1052359957248,
6765,40.584359085187316,0.32098800875246525,40.15905992127955,
6766,40.556730004027486,0.31460518948733807,40.13788886368275,
6767,40.57564400136471,0.3239070065319538,40.14713200740516,
6768,40.56177590973675,0.3165430389344692,40.1382960844785,
6769,40.53134098649025,0.3152319695800543,40.11177085340023,
6770,40.588372154161334,0.31725410372018814,40.16387485899031,
6771,40.52449390292168,0.3129180986434221,40.10886698961258,
6772,40.54717603139579,0.3240720834583044,40.118853095918894,
6773,41.17220896296203,0.9058269206434488,40.15056509524584,
6774,40.5540878418833,0.3171139396727085,40.13259895145893,
6775,40.579651948064566,0.31976005993783474,40.15427595004439,
6776,40.54927313700318,0.3178729675710201,40.12630507349968,
6777,40.59249605052173,0.32098894007503986,40.16711702570319,
6778,40.59532890096307,0.3245980478823185,40.16476799733937,
6779,40.539324982091784,0.3174829762428999,40.11403117328882,
6780,40.574803948402405,0.327905872836709,40.1412770152092,
6781,40.57626496069133,0.3192450385540724,40.14970385469496,
6782,40.566910058259964,0.3150748088955879,40.14704818837345,
6783,40.55985203012824,0.31740590929985046,40.138132171705365,
6784,40.571541991084814,0.3169060219079256,40.1499830186367,
6785,40.5675561632961,0.3275310155004263,40.135049959644675,
6786,40.54633202031255,0.3183898515999317,40.12385196983814,
6787,40.54904985241592,0.3240080550312996,40.120146004483104,
6788,40.592727018520236,0.318493926897645,40.167010156437755,
6789,41.22232389636338,0.9308550506830215,40.172313107177615,
6790,40.560497902333736,0.3222499508410692,40.131493005901575,
6791,40.54922005161643,0.3231889568269253,40.120731107890606,
6792,40.585807990282774,0.31545781530439854,40.1641670614481,
6793,40.54083302617073,0.31965598464012146,40.11568403802812,
6794,40.547946002334356,0.3158790059387684,40.12467595748603,
6795,40.581207955256104,0.3136279992759228,40.16242199577391,
6796,40.59578198939562,0.3262409009039402,40.164886973798275,
6797,40.59055796824396,0.3161760978400707,40.16978107392788,
6798,40.58323800563812,0.3235149197280407,40.154140908271074,
6799,40.58358306065202,0.31623197719454765,40.16176890581846,
6800,40.59754381887615,0.31777494587004185,40.17196106724441,
6801,40.556459221988916,0.3218310885131359,40.12796003371477,
6802,40.54550011642277,0.31685689464211464,40.12285708449781,
6803,40.57382000610232,0.3214939497411251,40.14762910082936,
6804,40.582659188658,0.31724199652671814,40.158619871363044,
6805,41.25656001269817,0.9673780295997858,40.172262815758586,
6806,40.60909594409168,0.33124699257314205,40.17250402830541,
6807,40.5988791026175,0.3221309743821621,40.16940714791417,
6808,40.58402217924595,0.3161479253321886,40.16028298065066,
6809,40.55858985520899,0.31648389995098114,40.13727302663028,
6810,40.58563010767102,0.3141548950225115,40.16493516974151,
6811,40.59882811270654,0.31585991382598877,40.17779906280339,
6812,40.59361293911934,0.3222711384296417,40.16675986349583,
6813,40.56256101466715,0.3118088934570551,40.143572026863694,
6814,40.577074978500605,0.3213270101696253,40.143398102372885,
6815,40.59749003499746,0.32279896549880505,40.16564600169659,
6816,40.58534186333418,0.3240590449422598,40.15293484553695,
6817,40.59907398186624,0.3314411733299494,40.156199829652905,
6818,40.63611198216677,0.3569370601326227,40.164639009162784,
6819,40.671381168067455,0.346597982570529,40.21903406828642,
6820,40.586946066468954,0.34341192804276943,40.136915165930986,
6821,41.308924090117216,1.0351680684834719,40.15523800626397,
6822,40.61868088319898,0.32969587482511997,40.1769750751555,
6823,40.57218017987907,0.3234241157770157,40.14294198714197,
6824,40.556341875344515,0.33099809661507607,40.11763003654778,
6825,40.55826715193689,0.3166981041431427,40.13508488424122,
6826,40.60496296733618,0.32083899714052677,40.17916298471391,
6827,40.59625486843288,0.31785713508725166,40.17176991328597,
6828,40.579235879704356,0.31778495758771896,40.15711206011474,
6829,40.60227912850678,0.32402900978922844,40.17149889841676,
6830,40.58695212006569,0.31838100403547287,40.16298707574606,
6831,40.59750703163445,0.32339198514819145,40.16918805427849,
6832,40.58997193351388,0.31947996467351913,40.16355308704078,
6833,40.5895309522748,0.319124897941947,40.16474704258144,
6834,40.64081306569278,0.3243370447307825,40.20846006460488,
6835,40.56589608080685,0.31553185544908047,40.147166000679135,
6836,40.56546906940639,0.32586604356765747,40.135216899216175,
6837,41.27994505688548,0.9854929521679878,40.17502604983747,
6838,40.634270990267396,0.33010286279022694,40.19949515350163,
6839,40.64757493324578,0.31880615279078484,40.22031999193132,
6840,40.60263489373028,0.32216194085776806,40.176286129280925,
6841,40.5997761990875,0.31932699494063854,40.175984147936106,
6842,40.60349683277309,0.3157791215926409,40.18369596451521,
6843,40.61257396824658,0.32223598100245,40.184928104281425,
6844,40.63279717229307,0.31768204644322395,40.20974296145141,
6845,40.575386956334114,0.3193439915776253,40.15091015025973,
6846,40.622259955853224,0.32243411988019943,40.19614099524915,
6847,40.59327393770218,0.31488388776779175,40.17386701889336,
6848,40.59119406156242,0.3182308282703161,40.16718314960599,
6849,40.576664032414556,0.3139739856123924,40.15596001408994,
6850,40.611403062939644,0.3174729645252228,40.18850903958082,
6851,40.561145870015025,0.32069114968180656,40.13589187525213,
6852,40.56584392674267,0.3174098674207926,40.14374618418515,
6853,41.303470032289624,1.0019699111580849,40.184155106544495,
6854,40.66229495219886,0.32697408460080624,40.22856988012791,
6855,40.63474014401436,0.3340479452162981,40.19376006908715,
6856,40.61331716366112,0.3201079089194536,40.188114158809185,
6857,40.58260703459382,0.314285047352314,40.163038996979594,
6858,40.60650896281004,0.32055797055363655,40.180400013923645,
6859,40.577226085588336,0.3162538632750511,40.15665897168219,
6860,40.59313703328371,0.325832050293684,40.1622848585248,
6861,40.631170850247145,0.32313400879502296,40.202963864430785,
6862,40.606014896184206,0.31771999783813953,40.18268105573952,
6863,40.59880902059376,0.32324809581041336,40.17117293551564,
6864,40.62354192137718,0.3141239285469055,40.20063392817974,
6865,40.590008022263646,0.31688017770648,40.16780690290034,
6866,40.60714109800756,0.3137560561299324,40.18260398879647,
6867,40.63142207451165,0.3146519884467125,40.2111429721117,
6868,40.60125513933599,0.3248469438403845,40.1728879660368,
6869,41.27575596794486,0.9675878100097179,40.18904804252088,
6870,40.637328987941146,0.3281149547547102,40.204720105975866,
6871,40.62122502364218,0.31898519955575466,40.19273980520666,
6872,40.599566185846925,0.3214848693460226,40.172894950956106,
6873,40.62822903506458,0.31649298034608364,40.205514058470726,
6874,40.59818107634783,0.3165220841765404,40.1747808791697,
6875,40.58982594870031,0.3275098279118538,40.15795304439962,
6876,40.63209006562829,0.319531187415123,40.204417891800404,
6877,40.611068950966,0.3186720423400402,40.187757927924395,
6878,40.61671602539718,0.3247291315346956,40.186522994190454,
6879,40.64098792150617,0.31657004728913307,40.22066690959036,
6880,40.596541948616505,0.3204960376024246,40.16585694625974,
6881,40.60619091615081,0.3212259616702795,40.17876600846648,
6882,40.623805951327085,0.3196320030838251,40.198421804234385,
6883,40.621759835630655,0.32601202838122845,40.190490894019604,
6884,40.6739569734782,0.31944899819791317,40.24747689254582,
6885,41.290380991995335,0.9665398392826319,40.2063571382314,
6886,40.647328132763505,0.32456801272928715,40.211914805695415,
6887,40.61644710600376,0.317275058478117,40.18932394683361,
6888,40.62615497969091,0.3318418748676777,40.18662194721401,
6889,40.61510902829468,0.3202599473297596,40.18877004273236,
6890,40.63777392730117,0.32100407406687737,40.211684070527554,
6891,40.627192007377744,0.3197209443897009,40.20190914161503,
6892,40.5746849719435,0.3193921875208616,40.15092784538865,
6893,40.93104298226535,0.32189395278692245,40.296236984431744,
6894,40.709502063691616,0.4028140101581812,40.196406887844205,
6895,40.65779992379248,0.32248394563794136,40.22983694449067,
6896,40.61003914102912,0.3199249040335417,40.185989113524556,
6897,40.63447890803218,0.3256110940128565,40.20408494397998,
6898,40.632863994687796,0.319379149004817,40.205779019743204,
6899,40.653503965586424,0.31834281980991364,40.22872797213495,
6900,40.65010906197131,0.32902881503105164,40.21609597839415,
6901,41.344072902575135,0.998358940705657,40.227292105555534,
6902,40.68506509065628,0.3368738107383251,40.24451714940369,
6903,40.66865495406091,0.32002595253288746,40.23845912888646,
6904,40.627710055559874,0.3212038427591324,40.200455114245415,
6905,40.64932698383927,0.3332938067615032,40.21000606007874,
6906,40.652529103681445,0.3218729980289936,40.22221080958843,
6907,40.65101686865091,0.3216818440705538,40.22306017577648,
6908,40.655230171978474,0.3312199842184782,40.218854090198874,
6909,40.61213810928166,0.32050604932010174,40.18570599146187,
6910,40.620953077450395,0.3225009422749281,40.19435402005911,
6911,40.625839959830046,0.31932396814227104,40.20088608376682,
6912,40.5984700191766,0.3207600675523281,40.17307492904365,
6913,40.609993040561676,0.3281261306256056,40.175165981054306,
6914,40.64105520956218,0.32104202546179295,40.212366031482816,
6915,40.64679890871048,0.318658072501421,40.22435192018747,
6916,40.626402013003826,0.32595102675259113,40.19541805610061,
6917,41.292752139270306,0.9548631496727467,40.221081813797355,
6918,40.66726588644087,0.32905698753893375,40.229422971606255,
6919,40.67487292923033,0.32130605541169643,40.245995158329606,
6920,40.61295394785702,0.31936890445649624,40.18837492913008,
6921,40.668024215847254,0.31867693178355694,40.244147181510925,
6922,40.63540487550199,0.3195160534232855,40.211710846051574,
6923,40.65439780242741,0.3205940593034029,40.229855105280876,
6924,40.65838409587741,0.31986902467906475,40.233963867649436,
6925,40.6124631408602,0.315509969368577,40.19209393300116,
6926,40.65843694843352,0.32136100344359875,40.23163206875324,
6927,40.64299399033189,0.31874701380729675,40.220221038907766,
6928,40.64592602662742,0.31867180950939655,40.22332117892802,
6929,40.63121881335974,0.3252429887652397,40.202724980190396,
6930,40.6769250985235,0.31913002021610737,40.25248601101339,
6931,40.66464607603848,0.3185479436069727,40.24209501221776,
6932,40.61402194201946,0.32743997871875763,40.18102586269379,
6933,41.276868898421526,0.9536289144307375,40.20522302016616,
6934,40.64296907745302,0.3265789709985256,40.21284310147166,
6935,40.663201827555895,0.3192529547959566,40.239208145067096,
6936,40.64338211901486,0.31484500505030155,40.22417310625315,
6937,40.6402179505676,0.3268439322710037,40.20970710553229,
6938,40.639851009473205,0.3158608451485634,40.214715991169214,
6939,40.64914397895336,0.3226860426366329,40.21982802078128,
6940,40.675157913938165,0.32282620668411255,40.24951788596809,
6941,40.65504507161677,0.32057706266641617,40.22495192475617,
6942,40.666470071300864,0.31757005490362644,40.24379909969866,
6943,40.61903106048703,0.3208429552614689,40.193060180172324,
6944,40.64891394227743,0.3202119842171669,40.22211208939552,
6945,40.651479037478566,0.31757610850036144,40.22326203994453,
6946,40.652062045410275,0.3166068345308304,40.229746140539646,
6947,40.6307871453464,0.3163190558552742,40.20904889330268,
6948,40.680007077753544,0.3273452166467905,40.24630784988403,
6949,41.43356904387474,1.0068709962069988,40.306456154212356,
6950,40.67685408517718,0.3341150004416704,40.234941989183426,
6951,40.69642093963921,0.33081299625337124,40.26128305122256,
6952,40.65547697246075,0.3207540139555931,40.22931004874408,
6953,40.6255389098078,0.3218988422304392,40.19885719753802,
6954,40.654954966157675,0.32489909790456295,40.22376402281225,
6955,40.64710484817624,0.3186189569532871,40.21892906166613,
6956,40.67731508985162,0.3184978850185871,40.25456006638706,
6957,40.66151496954262,0.3290991298854351,40.22828093729913,
6958,40.630357107147574,0.32056309282779694,40.20226001739502,
6959,40.63965193927288,0.31884992495179176,40.21528409793973,
6960,40.652792900800705,0.32640318386256695,40.22108600474894,
6961,40.64817703329027,0.3196678590029478,40.21918307989836,
6962,40.62769399024546,0.3206969704478979,40.20286910235882,
6963,40.65070208162069,0.31769112683832645,40.227757999673486,
6964,40.63827288337052,0.3195689059793949,40.213901083916426,
6965,41.36480507440865,1.0131029412150383,40.23370612412691,
6966,40.69539695046842,0.3316020593047142,40.2525058016181,
6967,40.69551103748381,0.3300600219517946,40.259312838315964,
6968,40.67352297715843,0.3268041182309389,40.24287383072078,
6969,40.68305785767734,0.3221409860998392,40.252041071653366,
6970,40.64760101027787,0.32153096981346607,40.219441056251526,
6971,40.64429714344442,0.3267358988523483,40.211730170995,
6972,40.67718796432018,0.31874189153313637,40.25026806630194,
6973,40.688320994377136,0.3171181306242943,40.26659787632525,
6974,40.65272700972855,0.3275629132986069,40.217472007498145,
6975,40.69312708452344,0.32809306867420673,40.25655798614025,
6976,40.655307937413454,0.32109301537275314,40.2279410045594,
6977,40.656407130882144,0.3245430998504162,40.22672399878502,
6978,40.628539863973856,0.31935516744852066,40.20453686825931,
6979,40.645914850756526,0.3171039279550314,40.22130090743303,
6980,40.66949803382158,0.32880809158086777,40.234046056866646,
6981,41.3638751488179,1.0302558075636625,40.21318699233234,
6982,40.68528790958226,0.3396710380911827,40.23834504187107,
6983,40.654742857441306,0.3220799844712019,40.22799897938967,
6984,40.64150806516409,0.3197330515831709,40.21810507401824,
6985,40.68562691099942,0.3236879128962755,40.255683939903975,
6986,40.63762491568923,0.3153211437165737,40.21039395593107,
6987,40.715440874919295,0.33628009259700775,40.268997894600034,
6988,40.70430505089462,0.3518410958349705,40.24653509259224,
6989,40.67233600653708,0.32810610719025135,40.238718036562204,
6990,40.64429993741214,0.31868391670286655,40.22172908298671,
6991,40.69511196576059,0.325201079249382,40.262644877657294,
6992,40.740145137533545,0.3477269783616066,40.281136985868216,
6993,40.68955802358687,0.33818301744759083,40.24032293818891,
6994,40.71004502475262,0.3412161022424698,40.259405970573425,
6995,40.71564506739378,0.34576584585011005,40.262286085635424,
6996,40.70110199972987,0.34285616129636765,40.24796886369586,
6997,41.43063095398247,1.0487250983715057,40.26169492863119,
6998,40.69578601047397,0.3487539943307638,40.24120303802192,
6999,40.67149688489735,0.33013615757226944,40.23369285278022,
7000,40.651793126016855,0.32158801332116127,40.224580094218254,
7001,40.67765106447041,0.3314400091767311,40.235851891338825,
7002,40.685967076569796,0.319494865834713,40.25601199828088,
7003,40.714244823902845,0.33285003155469894,40.2727578766644,
7004,40.7012989744544,0.34119095653295517,40.25214188732207,
7005,40.667225839570165,0.3261880483478308,40.232555009424686,
7006,40.63248494639993,0.32430607825517654,40.20034405402839,
7007,40.68181407637894,0.32676802948117256,40.2507099788636,
7008,40.64634698443115,0.3214920870959759,40.219428949058056,
7009,40.66296201199293,0.3218920901417732,40.23439600132406,
7010,40.68703902885318,0.329416012391448,40.25107901543379,
7011,40.7063199672848,0.3184450324624777,40.28201987966895,
7012,40.6833179295063,0.3219139762222767,40.25548882782459,
7013,41.37786501087248,1.0219619143754244,40.23714899085462,
7014,40.69056501612067,0.32830401323735714,40.25595309212804,
7015,40.69505096413195,0.3217898774892092,40.26802396401763,
7016,40.672091068699956,0.32591703347861767,40.234578074887395,
7017,40.686551947146654,0.32003712840378284,40.26001086458564,
7018,40.671678027138114,0.32316497527062893,40.244614938274026,
7019,40.65994988195598,0.3252769820392132,40.229205042123795,
7020,40.675303898751736,0.32103504054248333,40.251919999718666,
7021,40.666020940989256,0.32152794301509857,40.24088103324175,
7022,40.64753698185086,0.32350607216358185,40.22037610411644,
7023,40.63347494229674,0.3189430572092533,40.207876125350595,
7024,40.68556404672563,0.3192541189491749,40.2597039937973,
7025,40.68835196085274,0.33297506161034107,40.249950950965285,
7026,40.66856997087598,0.31599216163158417,40.247240802273154,
7027,40.67011387087405,0.31761289574205875,40.24627013131976,
7028,40.68989004008472,0.32568699680268764,40.25974101386964,
7029,41.34136182256043,0.98386500030756,40.238876128569245,
7030,40.68180499598384,0.3271680325269699,40.24917399510741,
7031,40.72670405730605,0.3191011492162943,40.3013180475682,
7032,40.70300795137882,0.31633186154067516,40.282462956383824,
7033,40.69718299433589,0.32045389525592327,40.27313902042806,
7034,40.70653486996889,0.3196930047124624,40.280946996062994,
7035,40.717212948948145,0.3180599305778742,40.29502812772989,
7036,40.6939119566232,0.31939707696437836,40.26803397573531,
7037,40.66646099090576,0.32595405355095863,40.235045831650496,
7038,40.71149602532387,0.31639798544347286,40.290829027071595,
7039,40.683019906282425,0.3186850808560848,40.25932680815458,
7040,40.67085194401443,0.3246020060032606,40.23990104906261,
7041,40.674049872905016,0.3200569190084934,40.24778609164059,
7042,40.699679870158434,0.3164219669997692,40.27703101746738,
7043,40.687709115445614,0.32456289045512676,40.25806696154177,
7044,40.69030494429171,0.31708297319710255,40.266956901177764,
7045,41.34615999646485,0.9643600787967443,40.26439297012985,
7046,40.69410101510584,0.33343909308314323,40.255362866446376,
7047,40.737728821113706,0.32015005126595497,40.31219589523971,
7048,40.704622864723206,0.3188098780810833,40.281099965795875,
7049,40.646777022629976,0.32980297692120075,40.21361190825701,
7050,40.708683896809816,0.31805294565856457,40.28527392074466,
7051,40.700904093682766,0.32621901482343674,40.27028405107558,
7052,40.704488987103105,0.32900692895054817,40.27043003588915,
7053,40.683546802029014,0.3215610049664974,40.25644110515714,
7054,40.722456062212586,0.3242548555135727,40.29219411313534,
7055,40.68185901269317,0.32020010985434055,40.2573449537158,
7056,40.704225189983845,0.3268991131335497,40.27073294855654,
7057,40.7011138740927,0.3215090837329626,40.27327289804816,
7058,40.697948075830936,0.3201588988304138,40.272628888487816,
7059,40.68717802874744,0.3246751148253679,40.258281864225864,
7060,40.71060405112803,0.3197870682924986,40.28716986067593,
7061,41.31512111052871,0.9340948890894651,40.26362905278802,
7062,40.71246203966439,0.3235710319131613,40.28410813771188,
7063,40.72859021835029,0.32290094532072544,40.29954900033772,
7064,40.7318992074579,0.32297009602189064,40.303763933479786,
7065,40.707726031541824,0.3288658335804939,40.27292015962303,
7066,40.69735901430249,0.32124784775078297,40.27158301323652,
7067,40.70085706189275,0.32104901038110256,40.275452891364694,
7068,40.70513695478439,0.32814894802868366,40.271114092320204,
7069,40.6862220261246,0.3178741317242384,40.26335082016885,
7070,40.68213887512684,0.32019405625760555,40.25624506175518,
7071,40.71596381254494,0.32215192914009094,40.28922109864652,
7072,40.753843961283565,0.3302639815956354,40.318068116903305,
7073,40.72523000650108,0.31991605646908283,40.30004306696355,
7074,40.71028716862202,0.3235831391066313,40.28047691099346,
7075,40.691062808036804,0.32441806979477406,40.26104393415153,
7076,40.68324202671647,0.3184969536960125,40.26031703688204,
7077,41.35308903641999,0.9418870322406292,40.2940281201154,
7078,40.73104402050376,0.32985000871121883,40.29623186215758,
7079,40.720646968111396,0.3243349492549896,40.291981073096395,
7080,40.69485003128648,0.32322597689926624,40.26286909356713,
7081,40.72253196500242,0.32572587952017784,40.290029952302575,
7082,40.71610188111663,0.3191409632563591,40.292358957231045,
7083,40.72076501324773,0.32313400879502296,40.28992494568229,
7084,40.70188291370869,0.3212511073797941,40.27475300244987,
7085,40.73886387050152,0.3277510404586792,40.30425800010562,
7086,40.73202586732805,0.3187099937349558,40.306970942765474,
7087,40.69378203712404,0.3181919455528259,40.271847043186426,
7088,40.68222688511014,0.32178708352148533,40.256195003166795,
7089,40.72397598065436,0.3225200343877077,40.29552103020251,
7090,40.69357900880277,0.3191560972481966,40.27025308459997,
7091,40.68616614677012,0.31921593472361565,40.261234156787395,
7092,40.70437513291836,0.3338309470564127,40.265323128551245,
7093,41.361400159075856,0.9117480367422104,40.335285011678934,
7094,40.72927380912006,0.3293619956821203,40.294522885233164,
7095,40.7510781660676,0.32671098597347736,40.318498853594065,
7096,40.70547595620155,0.3220911603420973,40.27450084686279,
7097,40.67943291738629,0.32178102992475033,40.252713952213526,
7098,40.70781799964607,0.3275319468230009,40.276634972542524,
7099,40.7420180272311,0.320610124617815,40.316547034308314,
7100,40.70255602709949,0.32053980976343155,40.27563612908125,
7101,40.76289292424917,0.3294518683105707,40.3291389811784,
7102,40.71882204152644,0.32575707882642746,40.28722387738526,
7103,40.724280988797545,0.3227361012250185,40.29683000408113,
7104,40.734614012762904,0.31989882700145245,40.30818701721728,
7105,40.717761032283306,0.3250290174037218,40.28677404858172,
7106,40.72835203260183,0.32156985253095627,40.30016204342246,
7107,40.706465020775795,0.31563686206936836,40.28330906294286,
7108,40.72417598217726,0.32488908618688583,40.293491911143064,
7109,41.35797289200127,0.9347698651254177,40.306342067196965,
7110,40.7428489997983,0.3278499934822321,40.30829295516014,
7111,40.72995996102691,0.32708607614040375,40.29720602557063,
7112,40.67954211495817,0.32150791957974434,40.25238798931241,
7113,40.744741912931204,0.3206909168511629,40.31647904776037,
7114,40.691144997254014,0.32268790528178215,40.261826012283564,
7115,40.73533997870982,0.3307401202619076,40.29954504221678,
7116,40.71918106637895,0.3225170075893402,40.29100900515914,
7117,40.72386189363897,0.3218059428036213,40.2972421143204,
7118,40.71876383386552,0.3261168021708727,40.287765208631754,
7119,40.75192008167505,0.31909183599054813,40.328034199774265,
7120,40.68023106083274,0.31788693740963936,40.25318496860564,
7121,40.71457590907812,0.32312795519828796,40.28710909187794,
7122,40.74276704341173,0.32947887666523457,40.30810506083071,
7123,40.73414904996753,0.3191409632563591,40.311116026714444,
7124,40.70704779587686,0.32184808515012264,40.274806786328554,
7125,41.416017105802894,0.9326539002358913,40.36707920022309,
7126,40.740371914580464,0.3245212137699127,40.31013487838209,
7127,40.76299211010337,0.322089996188879,40.33503285609186,
7128,40.73414206504822,0.32516708597540855,40.30407499521971,
7129,40.72993015870452,0.32731005921959877,40.29770405031741,
7130,40.75077408924699,0.3195598255842924,40.32600321806967,
7131,40.74679617770016,0.3181737847626209,40.322763146832585,
7132,40.72393896058202,0.3243861719965935,40.29406700283289,
7133,40.71589699015021,0.3261039964854717,40.28434492647648,
7134,40.71956407278776,0.3202499356120825,40.29387794435024,
7135,40.73954699561,0.3200550563633442,40.31472699716687,
7136,40.74180591851473,0.3293468616902828,40.30841402709484,
7137,40.753080043941736,0.3174410667270422,40.331386029720306,
7138,40.762627962976694,0.32025505788624287,40.33346497453749,
7139,40.79009802080691,0.32409001141786575,40.361920138821006,
7140,40.7494381070137,0.32325019128620625,40.321960812434554,
7141,41.385495103895664,0.924570020288229,40.342339081689715,
7142,40.755410213023424,0.32510492019355297,40.32317316159606,
7143,40.74267600663006,0.3311790060251951,40.3055960778147,
7144,40.74074886739254,0.32380083575844765,40.31216609291732,
7145,40.75384000316262,0.32493285834789276,40.32418713904917,
7146,40.72154103778303,0.3224518150091171,40.294656064361334,
7147,40.724691934883595,0.3290199674665928,40.29050003737211,
7148,40.73749203234911,0.3240550868213177,40.30869295820594,
7149,40.74201104231179,0.3208210691809654,40.31448112800717,
7150,40.739442920312285,0.32722996547818184,40.306138107553124,
7151,40.76827713288367,0.3310651518404484,40.33162700943649,
7152,40.73703195899725,0.32473402097821236,40.30679096467793,
7153,40.75940605252981,0.31959102489054203,40.33145704306662,
7154,40.72654084302485,0.32513379119336605,40.2963540982455,
7155,40.76715395785868,0.3319438546895981,40.329501032829285,
7156,40.74371815659106,0.32332981936633587,40.31342105008662,
7157,41.39739111997187,0.9301630780100822,40.35064787603915,
7158,40.73727480135858,0.331768998876214,40.30115203931928,
7159,40.78163602389395,0.3258578944951296,40.350791066884995,
7160,40.76202190481126,0.325462082400918,40.330815827474,
7161,40.74902296997607,0.32286602072417736,40.32136802561581,
7162,40.736556984484196,0.32750912941992283,40.30446195974946,
7163,40.77652422711253,0.32174610532820225,40.35039688460529,
7164,40.76195787638426,0.32307510264217854,40.33327708020806,
7165,40.74642504565418,0.32387697137892246,40.31589790247381,
7166,40.748440194875,0.3287619911134243,40.3162210714072,
7167,40.81296897493303,0.3238520585000515,40.38326279260218,
7168,40.777327958494425,0.32448279671370983,40.34796613268554,
7169,40.742739802226424,0.32779411412775517,40.30393389984965,
7170,40.78274383209646,0.3256220370531082,40.352300042286515,
7171,40.759932016953826,0.3306169528514147,40.325324051082134,
7172,40.74765392579138,0.32189697958528996,40.32035009004176,
7173,41.40055808238685,0.9299900848418474,40.353917982429266,
7174,40.79168103635311,0.3341080155223608,40.35269096493721,
7175,40.75705399736762,0.3218648489564657,40.328099159523845,
7176,40.76880402863026,0.321331899613142,40.34021496772766,
7177,40.769690880551934,0.3212220035493374,40.34266504459083,
7178,40.74689093977213,0.33068214543163776,40.31148389913142,
7179,40.729457046836615,0.3191980067640543,40.3052840847522,
7180,40.76822893694043,0.31959498301148415,40.34211998805404,
7181,40.72730988264084,0.32006879337131977,40.30038113705814,
7182,40.751195047050714,0.3317298833280802,40.31367297284305,
7183,40.82333901897073,0.31960918568074703,40.397195843979716,
7184,40.79517093487084,0.3222990781068802,40.36424192599952,
7185,40.74143012985587,0.32467907294631004,40.312062948942184,
7186,40.71564902551472,0.3250350710004568,40.28599499724805,
7187,40.75090819969773,0.3213759046047926,40.322886081412435,
7188,40.7537161372602,0.32367208041250706,40.32492288388312,
7189,41.37401515617967,0.911543844267726,40.345390094444156,
7190,40.76858004555106,0.32877596095204353,40.33357300795615,
7191,40.81953293643892,0.3237910568714142,40.38943792693317,
7192,40.744042955338955,0.3247079439461231,40.31407297588885,
7193,40.750209940597415,0.3266280982643366,40.31949397176504,
7194,40.757105918601155,0.3282290417701006,40.32520204782486,
7195,40.79511994495988,0.3238711506128311,40.3639858122915,
7196,40.74847116135061,0.3217579796910286,40.32186092808843,
7197,40.77324294485152,0.32254005782306194,40.34150787629187,
7198,40.765766985714436,0.3322889097034931,40.32698506489396,
7199,40.79035297036171,0.3191600553691387,40.369228925555944,
7200,40.779937990009785,0.32386393286287785,40.3504550922662,
7201,40.754789020866156,0.3210578579455614,40.328675182536244,
7202,40.77474307268858,0.3297880757600069,40.33990600146353,
7203,40.810924023389816,0.3322940319776535,40.37469392642379,
7204,40.72528379037976,0.3230809234082699,40.29641207307577,
7205,41.383869014680386,0.9090369567275047,40.356050012633204,
7206,40.79097788780928,0.3251531161367893,40.35793989896774,
7207,40.828007040545344,0.323357991874218,40.399109944701195,
7208,40.78544001094997,0.32605486921966076,40.349781047552824,
7209,40.75553314760327,0.3219831269234419,40.32838391140103,
7210,40.73966387659311,0.3298961091786623,40.302337845787406,
7211,40.796719025820494,0.3259819932281971,40.36406404338777,
7212,40.800908114761114,0.32172398641705513,40.3715199790895,
7213,40.75811384245753,0.32102689146995544,40.33050197176635,
7214,40.77596194110811,0.32948097214102745,40.33943498507142,
7215,40.771666914224625,0.33085583709180355,40.335678961127996,
7216,40.76709598302841,0.3230930306017399,40.33940006047487,
7217,40.75889103114605,0.32313703559339046,40.32722907140851,
7218,40.79885291866958,0.3231980372220278,40.369731141254306,
7219,40.80951795913279,0.32713613472878933,40.37681082263589,
7220,40.813797153532505,0.32701995223760605,40.3790189884603,
7221,41.520692175254226,1.0140908416360617,40.386224165558815,
7222,40.83363898098469,0.33517484553158283,40.392635157331824,
7223,40.784991113469005,0.33387518487870693,40.345502784475684,
7224,40.78079899773002,0.32668188214302063,40.34806415438652,
7225,40.794439148157835,0.3241361118853092,40.36541981622577,
7226,40.74154095724225,0.32240618020296097,40.314142825081944,
7227,40.807119105011225,0.325558939948678,40.37485201843083,
7228,40.79013108275831,0.3297349903732538,40.353803895413876,
7229,40.75242206454277,0.31928811222314835,40.327407885342836,
7230,40.74772703461349,0.3190678544342518,40.32002808526158,
7231,40.795821929350495,0.3190890420228243,40.36944988183677,
7232,40.75016500428319,0.3285440616309643,40.3145591262728,
7233,40.76897585764527,0.3247139975428581,40.33879400230944,
7234,40.81311798654497,0.32044784165918827,40.38613801822066,
7235,40.77647998929024,0.3237889613956213,40.344815934076905,
7236,40.77894100919366,0.32439385540783405,40.35049513913691,
7237,41.547076078131795,1.0231800843030214,40.40561500005424,
7238,40.82626989111304,0.3362561110407114,40.38359387777746,
7239,40.8199958037585,0.3287119325250387,40.38338619284332,
7240,40.7631469424814,0.3292621113359928,40.32807401381433,
7241,40.840015979483724,0.32980297692120075,40.405947947874665,
7242,40.80165387131274,0.32018707133829594,40.37612280808389,
7243,40.805940981954336,0.324595021083951,40.37613095715642,
7244,40.7890509814024,0.32359594479203224,40.35765607841313,
7245,40.77525297179818,0.32401992939412594,40.34659708850086,
7246,40.78074614517391,0.33134990371763706,40.34417890943587,
7247,40.84846191108227,0.32248091883957386,40.420087054371834,
7248,40.798624977469444,0.32444088719785213,40.36747314967215,
7249,40.77757499180734,0.3229088615626097,40.352836018428206,
7250,40.814263047650456,0.3250089939683676,40.383514016866684,
7251,40.78161111101508,0.33158715814352036,40.346445981413126,
7252,40.76520702801645,0.3296870272606611,40.33196112141013,
7253,41.51995596475899,1.0202040430158377,40.38262693211436,
7254,40.79771297983825,0.33852108754217625,40.35439598374069,
7255,40.80939991399646,0.3341119736433029,40.36895418539643,
7256,40.81646609120071,0.32699713483452797,40.38453381508589,
7257,40.81188002601266,0.321835046634078,40.381483966484666,
7258,40.79382913187146,0.32236380502581596,40.3644482139498,
7259,40.78292683698237,0.3262581303715706,40.35080084577203,
7260,40.789733873680234,0.3296912182122469,40.35581578500569,
7261,40.80145503394306,0.32585090957581997,40.36714415997267,
7262,40.844614151865244,0.3240159712731838,40.41590099222958,
7263,40.7707910053432,0.3209549468010664,40.345160057768226,
7264,40.83773703314364,0.3264998085796833,40.39658512920141,
7265,40.83910793997347,0.3317110240459442,40.39879306219518,
7266,40.82329687662423,0.3307510633021593,40.38731288164854,
7267,40.823201881721616,0.3298581577837467,40.38636991754174,
7268,40.842470014467835,0.32462901435792446,40.413643000647426,
7269,41.44925298169255,0.9695608168840408,40.360954124480486,
7270,40.84485210478306,0.335638877004385,40.40371207520366,
7271,40.836137952283025,0.32498897053301334,40.39781610481441,
7272,40.850902907550335,0.32633915543556213,40.41726002469659,
7273,40.862662019208074,0.32883486710488796,40.42609012685716,
7274,40.799499955028296,0.3254399634897709,40.36848107352853,
7275,40.804381016641855,0.3271058667451143,40.373124182224274,
7276,40.85941496305168,0.3272669855505228,40.425166953355074,
7277,40.812678867951035,0.32493495382368565,40.37624201737344,
7278,40.830584010109305,0.3292900510132313,40.3899101074785,
7279,40.84877320565283,0.33545796759426594,40.39773601107299,
7280,40.87907890789211,0.35769701935350895,40.40973400697112,
7281,40.81650194711983,0.3447330091148615,40.363630047068,
7282,40.817034896463156,0.3351850900799036,40.375469950959086,
7283,40.797681780532,0.32969401217997074,40.36276298575103,
7284,40.85700097493827,0.32325112260878086,40.428567910566926,
7285,41.54142504557967,1.0369408410042524,40.37335002794862,
7286,40.85240792483091,0.3529840614646673,40.393020026385784,
7287,40.83684994839132,0.3375168889760971,40.394202107563615,
7288,40.80499988049269,0.3256588242948055,40.37427203729749,
7289,40.80692585557699,0.32470282167196274,40.377115132287145,
7290,40.821959963068366,0.32305996865034103,40.38997017778456,
7291,40.82134482450783,0.32425299286842346,40.3925150167197,
7292,40.814219042658806,0.3314719069749117,40.37879896350205,
7293,40.80984694883227,0.3290658351033926,40.37513304501772,
7294,40.83096794784069,0.326687004417181,40.39949621073902,
7295,40.776503970846534,0.3241901285946369,40.34821782261133,
7296,40.83693609572947,0.32511097379028797,40.40599404834211,
7297,40.79299094155431,0.32942998223006725,40.3590970672667,
7298,40.80833098851144,0.32959203235805035,40.3733488637954,
7299,40.80399894155562,0.32472796738147736,40.37537216208875,
7300,40.82293016836047,0.3243919927626848,40.39490292780101,
7301,41.50941385887563,0.9998208843171597,40.391887072473764,
7302,40.83384503610432,0.3351829946041107,40.39319488219917,
7303,40.83190090022981,0.3258609212934971,40.39865708909929,
7304,40.81762605346739,0.3246299456804991,40.38831708021462,
7305,40.797959081828594,0.3241701051592827,40.36470293067396,
7306,40.82513996399939,0.3260010853409767,40.39321304298937,
7307,40.838976157829165,0.3360258415341377,40.39756115525961,
7308,40.82584194839001,0.33388612791895866,40.384128922596574,
7309,40.83011485636234,0.32355100847780704,40.40068993344903,
7310,40.78898997977376,0.3218099009245634,40.36063305102289,
7311,40.79766501672566,0.32516010105609894,40.36916187033057,
7312,40.78056989237666,0.3306809812784195,40.34476703964174,
7313,40.807855082675815,0.33449498005211353,40.3675080742687,
7314,40.8035209402442,0.3229582216590643,40.37568881176412,
7315,40.775485103949904,0.3240150399506092,40.34624109044671,
7316,40.790037950500846,0.32516103237867355,40.35733686760068,
7317,41.48916294798255,0.9648469276726246,40.40752607397735,
7318,40.8183669205755,0.3298770170658827,40.382079081609845,
7319,40.834889048710465,0.3247600980103016,40.40524596348405,
7320,40.90858902782202,0.3233901225030422,40.47979391179979,
7321,40.783391101285815,0.3254131879657507,40.35378387197852,
7322,40.82959610968828,0.3293449990451336,40.39578093215823,
7323,40.819971123710275,0.3298460505902767,40.385811822488904,
7324,40.83809396252036,0.3257279749959707,40.407632011920214,
7325,40.827750926837325,0.3212390001863241,40.402166079729795,
7326,40.8476791344583,0.32441411167383194,40.41482298634946,
7327,40.862091816961765,0.32633799128234386,40.43012694455683,
7328,40.81740789115429,0.3275328781455755,40.38251703605056,
7329,40.824908996000886,0.32937293872237206,40.390083100646734,
7330,40.846307994797826,0.3241610247641802,40.41635594330728,
7331,40.81307793967426,0.32519386149942875,40.3832090087235,
7332,40.82893510349095,0.3261158708482981,40.396729949861765,
7333,41.53027990832925,1.0092398151755333,40.40259215980768,
7334,40.82907293923199,0.3352880012243986,40.387032087892294,
7335,40.85596697404981,0.3295398782938719,40.421430952847004,
7336,40.82631389610469,0.3246050328016281,40.39690806530416,
7337,40.84647097624838,0.32670004293322563,40.41511588729918,
7338,40.86214303970337,0.3293529152870178,40.42900702916086,
7339,40.84118013270199,0.3337410744279623,40.4014668893069,
7340,40.826400043442845,0.33080391585826874,40.39174411445856,
7341,40.834536077454686,0.32708002254366875,40.40272510610521,
7342,40.8795359544456,0.3259931690990925,40.44873500242829,
7343,40.84319109097123,0.3249619621783495,40.41433893144131,
7344,40.82093690522015,0.32211095094680786,40.393027011305094,
7345,40.83516588434577,0.3315298818051815,40.39793414995074,
7346,40.87330400943756,0.33328612335026264,40.43569299392402,
7347,40.8620189409703,0.3245880361646414,40.4332741163671,
7348,40.84181715734303,0.3231950104236603,40.41441692970693,
7349,41.50034696795046,0.9687009733170271,40.41538713499904,
7350,40.92202219180763,0.3387529868632555,40.47779901884496,
7351,40.87163507938385,0.33461395651102066,40.43374001048505,
7352,40.83639709278941,0.3368400502949953,40.3955290094018,
7353,40.81973689608276,0.3236390184611082,40.39028286933899,
7354,40.87655199691653,0.3266381099820137,40.4405458830297,
7355,40.8268510363996,0.32631680369377136,40.39291711524129,
7356,40.8921220805496,0.32522506080567837,40.462945122271776,
7357,40.82882707007229,0.32819807529449463,40.39468592964113,
7358,40.861584013327956,0.3307289443910122,40.42488499544561,
7359,40.81673501059413,0.3349669277667999,40.36937095224857,
7360,40.83287389948964,0.32340106554329395,40.40373698808253,
7361,40.81228608265519,0.323581974953413,40.38400202989578,
7362,40.814412059262395,0.32440200448036194,40.384599938988686,
7363,40.87203205563128,0.3265149425715208,40.44125508517027,
7364,40.845015086233616,0.3344831056892872,40.40397680364549,
7365,41.50772700086236,0.933036906644702,40.45659815892577,
7366,40.83323199301958,0.3290940076112747,40.39710108190775,
7367,40.85750691592693,0.3244869876652956,40.42691783979535,
7368,40.886242873966694,0.3341499250382185,40.44564091600478,
7369,40.861635003238916,0.32920599915087223,40.42749502696097,
7370,40.87070398963988,0.32984395511448383,40.43481615372002,
7371,40.88759399019182,0.3238939680159092,40.4581050388515,
7372,40.88007495738566,0.32745511271059513,40.44656199403107,
7373,40.84574989974499,0.32695895060896873,40.4135559219867,
7374,40.80464597791433,0.3271680325269699,40.37021193653345,
7375,40.806544944643974,0.3269959706813097,40.37379287183285,
7376,40.82726896740496,0.33333897590637207,40.38938507437706,
7377,40.80188204534352,0.3271808382123709,40.36898002959788,
7378,40.886593982577324,0.3275689668953419,40.451765060424805,
7379,40.86028295569122,0.32438687048852444,40.42996815405786,
7380,40.859288070350885,0.3239531069993973,40.42770806699991,
7381,41.479719104245305,0.9345139842480421,40.427508065477014,
7382,40.87472218088806,0.3296809736639261,40.438491152599454,
7383,40.87777296081185,0.33071707002818584,40.43714702129364,
7384,40.84630007855594,0.32279291190207005,40.41907889768481,
7385,40.840562200173736,0.32434589229524136,40.40862410329282,
7386,40.84733780473471,0.32627698965370655,40.41572520509362,
7387,40.917683858424425,0.33104000613093376,40.482281940057874,
7388,40.8581851515919,0.3332868218421936,40.42007518000901,
7389,40.837334003299475,0.32781693153083324,40.404245955869555,
7390,40.855555795133114,0.32440200448036194,40.426974184811115,
7391,40.865495102480054,0.32361503690481186,40.43602989986539,
7392,40.87265906855464,0.3262888640165329,40.44021922163665,
7393,40.87479691952467,0.3248408902436495,40.441259974613786,
7394,40.87389702908695,0.32621994614601135,40.44452984817326,
7395,40.83985392935574,0.3307098522782326,40.40501010604203,
7396,40.824499912559986,0.33402396366000175,40.38348305039108,
7397,41.5104110725224,0.9259579237550497,40.46516795642674,
7398,40.90988193638623,0.3297170624136925,40.472090942785144,
7399,40.8861159812659,0.3301580436527729,40.45135690830648,
7400,40.86021496914327,0.3356130328029394,40.419588098302484,
7401,40.87914898991585,0.3340670373290777,40.43936403468251,
7402,40.893526980653405,0.3287519793957472,40.45888804830611,
7403,40.863557951524854,0.328070018440485,40.430678986012936,
7404,40.861283894628286,0.3262090031057596,40.43204407207668,
7405,40.895459009334445,0.3253500908613205,40.46269995160401,
7406,40.874311001971364,0.325341010466218,40.440346114337444,
7407,40.85488012060523,0.3258518408983946,40.42227612808347,
7408,40.87471682578325,0.32887887209653854,40.43948813341558,
7409,40.877484949305654,0.33519999124109745,40.43827508576214,
7410,40.87406094186008,0.32985000871121883,40.43853306211531,
7411,40.882900124415755,0.32761995680630207,40.45009100809693,
7412,40.89019796811044,0.3284779377281666,40.45793111436069,
7413,41.46477300673723,0.9222100488841534,40.427327854558825,
7414,40.92364991083741,0.3339441027492285,40.48483492806554,
7415,40.896528866142035,0.33671618439257145,40.45540187507868,
7416,40.8624061383307,0.33377204090356827,40.42380605824292,
7417,40.883929934352636,0.3272769972681999,40.45197903178632,
7418,40.92550300993025,0.3265850245952606,40.49346107058227,
7419,40.90560181066394,0.3263060934841633,40.47432681545615,
7420,40.878569008782506,0.32322388142347336,40.449647000059485,
7421,40.89937196113169,0.3275300841778517,40.46396492049098,
7422,40.872549870982766,0.324613181874156,40.44320993125439,
7423,40.87595012970269,0.3322581760585308,40.437306044623256,
7424,40.9115778747946,0.3352710045874119,40.47006391920149,
7425,40.9158649854362,0.3374901134520769,40.47346883453429,
7426,40.88657698594034,0.33034407533705235,40.45103397220373,
7427,40.865172166377306,0.33050612546503544,40.426299907267094,
7428,40.86645692586899,0.32658781856298447,40.43279122561216,
7429,41.555886855348945,0.9668930433690548,40.47118197195232,
7430,40.91219208203256,0.351303955540061,40.45517207123339,
7431,40.8931951969862,0.33809314481914043,40.45059299096465,
7432,40.93585908412933,0.3326861187815666,40.49492604099214,
7433,40.95226316712797,0.3288108855485916,40.51631013862789,
7434,40.87409400381148,0.32525905407965183,40.4424499720335,
7435,40.94807407818735,0.3274488262832165,40.51591013558209,
7436,40.897723054513335,0.3285589627921581,40.463976096361876,
7437,40.87933199480176,0.32491888850927353,40.44974804855883,
7438,40.887092938646674,0.3209100104868412,40.45985313132405,
7439,40.905382949858904,0.3292979672551155,40.46711092814803,
7440,40.8882440533489,0.32841693609952927,40.45540699735284,
7441,40.95415701158345,0.3341909032315016,40.515614906325936,
7442,40.89191695675254,0.3316958900541067,40.45409196987748,
7443,40.95662198960781,0.3349918406456709,40.51655204966664,
7444,40.87331285700202,0.33381604589521885,40.43393395841122,
7445,41.5965358261019,0.9579469915479422,40.520044043660164,
7446,40.91724194586277,0.33020717091858387,40.4809289611876,
7447,40.950163966044784,0.3313461784273386,40.51451897248626,
7448,40.88170197792351,0.3290881868451834,40.44848098419607,
7449,40.89441290125251,0.3325359430164099,40.4511799570173,
7450,40.872670942917466,0.33112289384007454,40.43585108593106,
7451,40.88698606938124,0.3328861203044653,40.44908797368407,
7452,40.9208859782666,0.33867498859763145,40.47728213481605,
7453,40.916167898103595,0.3272539470344782,40.482918033376336,
7454,40.90024088509381,0.3283279947936535,40.465000085532665,
7455,40.85709620267153,0.32709212973713875,40.422288002446294,
7456,40.92107410542667,0.3283622208982706,40.48665799200535,
7457,40.901324013248086,0.3290199674665928,40.466272039338946,
7458,40.89834098704159,0.32771704718470573,40.46202008612454,
7459,40.951363975182176,0.3294791094958782,40.46098096296191,
7460,40.93214380554855,0.3481160383671522,40.46735703013837,
7461,41.55110311694443,0.9538549929857254,40.48051196150482,
7462,40.93290586024523,0.3342600539326668,40.49138305708766,
7463,40.928570087999105,0.3316430374979973,40.49292299896479,
7464,40.95012508332729,0.32755895517766476,40.51622003316879,
7465,40.93154799193144,0.3264169208705425,40.49828113056719,
7466,40.9023598767817,0.32803299836814404,40.46771698631346,
7467,40.90971313416958,0.32703601755201817,40.48054083250463,
7468,40.94373690895736,0.32788305543363094,40.50502390600741,
7469,40.902554988861084,0.32772915437817574,40.46957287937403,
7470,40.91146192513406,0.33546797931194305,40.47039709985256,
7471,40.90611916035414,0.333285192027688,40.469106985256076,
7472,40.90477689169347,0.338392099365592,40.460732067003846,
7473,40.88520002551377,0.3343319986015558,40.445368038490415,
7474,40.912285912781954,0.32717292197048664,40.47983908094466,
7475,40.947069181129336,0.3282369580119848,40.513561107218266,
7476,40.94150592572987,0.3296150825917721,40.5048958491534,
7477,41.54899320565164,0.9395189117640257,40.49203312024474,
7478,40.9409289713949,0.339029124006629,40.49651906825602,
7479,40.89507390744984,0.33562909811735153,40.45534203760326,
7480,40.88330897502601,0.338622136041522,40.44008394703269,
7481,40.970574133098125,0.33900095149874687,40.52788414992392,
7482,40.92637007124722,0.33753109164536,40.48298392444849,
7483,40.93597503378987,0.33258204348385334,40.49860592931509,
7484,40.94938305206597,0.3288059961050749,40.516756009310484,
7485,40.92771001160145,0.3294181078672409,40.49319797195494,
7486,40.936665842309594,0.3265689592808485,40.50483903847635,
7487,40.94469896517694,0.32886979170143604,40.5101350042969,
7488,40.91173899360001,0.32804603688418865,40.479055838659406,
7489,40.92304711230099,0.32959505915641785,40.48943682573736,
7490,40.91490316204727,0.3275629132986069,40.479287039488554,
7491,40.92619800940156,0.3316879738122225,40.48488405533135,
7492,40.90660181827843,0.3300681710243225,40.47066788189113,
7493,41.60373192280531,0.9491119999438524,40.53840693086386,
7494,40.91949108988047,0.330945011228323,40.48295598477125,
7495,40.955407777801156,0.3269389271736145,40.52341007627547,
7496,40.92597286216915,0.33006398007273674,40.491742081940174,
7497,40.889200987294316,0.3226220142096281,40.46117700636387,
7498,40.90380505658686,0.3289331216365099,40.46915681101382,
7499,40.925309993326664,0.32938295044004917,40.489092003554106,
7500,40.904951049014926,0.3269489388912916,40.464912075549364,
7501,40.906187146902084,0.3294250927865505,40.47078103758395,
7502,40.95597891137004,0.3393380902707577,40.51242093555629,
7503,40.938123129308224,0.3328830935060978,40.50086298957467,
7504,40.91858887113631,0.3403429873287678,40.47116311267018,
7505,40.931103052571416,0.33590802922844887,40.48923519439995,
7506,40.95513699576259,0.3362370189279318,40.50987400114536,
7507,40.96988285891712,0.3330889157950878,40.529262041673064,
7508,40.950668044388294,0.3310181200504303,40.51382187753916,
7509,41.53834609314799,0.9471988305449486,40.47383298166096,
7510,40.941647021099925,0.33087912015616894,40.49954004585743,
7511,40.92679498717189,0.3281629178673029,40.48851295374334,
7512,40.90149886906147,0.32803602516651154,40.464631048962474,
7513,40.93620181083679,0.33439486287534237,40.4967381618917,
7514,40.96489096991718,0.33270101994276047,40.52603500895202,
7515,40.97861587069929,0.3373438958078623,40.53508606739342,
7516,40.93410121276975,0.33408007584512234,40.49611394293606,
7517,40.93167115934193,0.33510616049170494,40.490923915058374,
7518,40.954128140583634,0.33236900344491005,40.515999076887965,
7519,40.94571899622679,0.3325000870972872,40.50793102942407,
7520,40.91109102591872,0.32520201057195663,40.47987703233957,
7521,40.91643006540835,0.3277610521763563,40.483170887455344,
7522,40.941480081528425,0.32424391247332096,40.512508945539594,
7523,40.93991103582084,0.32707094214856625,40.50987004302442,
7524,40.910044219344854,0.3271601162850857,40.478584822267294,
7525,41.58558393828571,0.9464630857110023,40.521858958527446,
7526,40.962782921269536,0.3432550001889467,40.51496018655598,
7527,40.908885886892676,0.3442731685936451,40.458513889461756,
7528,40.921329986304045,0.33720117062330246,40.478194830939174,
7529,40.93431308865547,0.3368270117789507,40.49066687002778,
7530,40.94945592805743,0.3286129795014858,40.51678697578609,
7531,40.95753817819059,0.33435504883527756,40.51833599805832,
7532,40.94703891314566,0.3313987981528044,40.507478173822165,
7533,40.98753281868994,0.3320230171084404,40.54821911267936,
7534,40.96339689567685,0.32799597829580307,40.529933059588075,
7535,40.95696401782334,0.32938108779489994,40.51701398566365,
7536,40.91728292405605,0.3306041471660137,40.48033896833658,
7537,40.91591597534716,0.3278639633208513,40.48255016095936,
7538,40.94923101365566,0.32830610871315,40.51695903763175,
7539,40.94298696145415,0.329294940456748,40.50874290987849,
7540,40.961811086162925,0.332163879647851,40.52460612729192,
7541,41.56441101804376,0.9585670195519924,40.488122031092644,
7542,40.95465503633022,0.33888197503983974,40.511395083740354,
7543,40.94908991828561,0.33772201277315617,40.508137084543705,
7544,40.950041031464934,0.32953196205198765,40.51464004442096,
7545,40.943846106529236,0.3261459060013294,40.512467036023736,
7546,41.00537300109863,0.32776896841824055,40.57221417315304,
7547,40.98559892736375,0.3286099527031183,40.55368108674884,
7548,40.97501118667424,0.3304239362478256,40.540380170568824,
7549,40.93617992475629,0.32942392863333225,40.501482086256146,
7550,40.93593289144337,0.3246110863983631,40.50528607331216,
7551,40.97679792903364,0.33098715357482433,40.54065095260739,
7552,40.97981983795762,0.3284011036157608,40.54493899457157,
7553,40.93147395178676,0.3320679534226656,40.49520893022418,
7554,40.96910287626088,0.331162940710783,40.53436918184161,
7555,40.9360839985311,0.3304190468043089,40.50088208168745,
7556,40.973223047330976,0.32653193920850754,40.54164420813322,
7557,41.57679690979421,0.9605910163372755,40.49755493178964,
7558,41.006868006661534,0.3352027852088213,40.56566022336483,
7559,40.99305300042033,0.3347620368003845,40.553250815719366,
7560,40.97141698002815,0.33310591243207455,40.53233005106449,
7561,40.89989606291056,0.3328940365463495,40.46274581924081,
7562,40.9724151249975,0.3343981225043535,40.53293284960091,
7563,40.96005787141621,0.3408449701964855,40.513542015105486,
7564,40.96428211778402,0.32951519824564457,40.528594981878996,
7565,40.948800975456834,0.3251149319112301,40.519390953704715,
7566,40.93531402759254,0.32840296626091003,40.502571035176516,
7567,40.98110995255411,0.32740505412220955,40.54623981937766,
7568,40.947218891233206,0.3272609319537878,40.51585588604212,
7569,40.95386900007725,0.32624881714582443,40.52169504575431,
7570,40.986148873344064,0.3282851539552212,40.55192391388118,
7571,40.97952600568533,0.3271389286965132,40.5479590408504,
7572,40.958662051707506,0.3291280008852482,40.524468990042806,
7573,41.60007298924029,0.9624359663575888,40.520617039874196,
7574,40.966399013996124,0.3383699804544449,40.52196512930095,
7575,40.92427296563983,0.335554126650095,40.48391594551504,
7576,40.95247690565884,0.3355408553034067,40.51198298111558,
7577,40.95020703971386,0.3378090914338827,40.50723393447697,
7578,40.97845498472452,0.3380437847226858,40.53526814095676,
7579,40.95631302334368,0.33312803134322166,40.51895486190915,
7580,40.990759851410985,0.33877091482281685,40.54755810648203,
7581,41.01818287745118,0.3337729722261429,40.579497115686536,
7582,40.95221194438636,0.3384051378816366,40.50615802407265,
7583,40.94680608250201,0.3341978881508112,40.50826211459935,
7584,40.93880392611027,0.338647048920393,40.49549694173038,
7585,40.9748200327158,0.33071404322981834,40.539298905059695,
7586,40.952716022729874,0.3307310398668051,40.51661095581949,
7587,41.014116955921054,0.3318721428513527,40.57822097092867,
7588,40.984453866258264,0.3311070613563061,40.548585122451186,
7589,41.63593798875809,0.9698271751403809,40.54915485903621,
7590,40.958306984975934,0.33299694769084454,40.51943589001894,
7591,40.98722501657903,0.33449288457632065,40.547108044847846,
7592,40.99237988702953,0.3292988985776901,40.55821313522756,
7593,40.96955806016922,0.3294111229479313,40.53633497096598,
7594,41.008867090567946,0.33308006823062897,40.56973988190293,
7595,41.008998872712255,0.33296295441687107,40.57098599150777,
7596,40.95985111780465,0.33379509113729,40.52033298648894,
7597,40.96696898341179,0.3329061437398195,40.52951489575207,
7598,40.989306988194585,0.32917200587689877,40.549451019614935,
7599,40.96659692004323,0.33160019665956497,40.52714793942869,
7600,40.98413814790547,0.3255479969084263,40.54931295104325,
7601,40.96186300739646,0.3299219533801079,40.52285011857748,
7602,41.01374000310898,0.3300420939922333,40.57917697355151,
7603,40.96008907072246,0.32574101351201534,40.52707809023559,
7604,40.92686506919563,0.3291561733931303,40.49359285272658,
7605,41.653271997347474,0.9718381334096193,40.56333098560572,
7606,41.01076000370085,0.33172802068293095,40.573727106675506,
7607,40.99577106535435,0.33088703639805317,40.558600099757314,
7608,40.98435794003308,0.3298940137028694,40.54740583524108,
7609,40.97505006939173,0.3281210083514452,40.541352005675435,
7610,41.004377882927656,0.3305659629404545,40.56929307989776,
7611,40.99512309767306,0.32957387156784534,40.5602699611336,
7612,40.99102085456252,0.3244071267545223,40.559420827776194,
7613,40.99361505359411,0.33017597161233425,40.5586410779506,
7614,41.1715239752084,0.3283920232206583,40.586605900898576,
7615,40.994462091475725,0.3496268764138222,40.538320085033774,
7616,40.95621989108622,0.3445739857852459,40.50619201734662,
7617,40.937777841463685,0.34058489836752415,40.49194511026144,
7618,40.99145298823714,0.33413292840123177,40.553150000050664,
7619,40.96682299859822,0.3327499143779278,40.52960895933211,
7620,40.95585201866925,0.335511052981019,40.51638697274029,
7621,41.68680217117071,1.00225699134171,40.56807700544596,
7622,40.990784065797925,0.33375085331499577,40.55102099664509,
7623,41.055314941331744,0.33563002943992615,40.61426199041307,
7624,40.981034049764276,0.3299491945654154,40.54442490451038,
7625,40.989068103954196,0.3313729539513588,40.553199127316475,
7626,41.03779303841293,0.3344789147377014,40.598895167931914,
7627,41.02855804376304,0.3299899399280548,40.58858589269221,
7628,41.03874322026968,0.33204792998731136,40.601107059046626,
7629,41.03050101548433,0.3372929058969021,40.587041061371565,
7630,41.04504804126918,0.32964395359158516,40.608977200463414,
7631,40.99304019473493,0.3316150978207588,40.55704199708998,
7632,41.00305587053299,0.3325610887259245,40.562304900959134,
7633,40.99276405759156,0.3315969370305538,40.554241044446826,
7634,40.998891927301884,0.3295720089226961,40.56145204231143,
7635,40.95730115659535,0.3310129977762699,40.523170959204435,
7636,40.992071852087975,0.3287580329924822,40.5583749525249,
7637,41.747545124962926,1.0231868363916874,40.604660054668784,
7638,41.07162915170193,0.339240999892354,40.626744041219354,
7639,41.02361993864179,0.3338870592415333,40.582824032753706,
7640,41.01510997861624,0.3330591134727001,40.57230311445892,
7641,40.98617588169873,0.3380898851901293,40.54190800525248,
7642,41.068512946367264,0.3307668957859278,40.63207912258804,
7643,41.02037800475955,0.33226190134882927,40.58305500075221,
7644,41.00519302301109,0.3381301648914814,40.562859969213605,
7645,40.99888796918094,0.3311170730739832,40.562474867329,
7646,41.04328295215964,0.3333000931888819,40.60582187958062,
7647,41.042993078008294,0.33375201746821404,40.60233011841774,
7648,40.997251868247986,0.338622136041522,40.55398190394044,
7649,41.00617114454508,0.33775088377296925,40.56234494782984,
7650,40.973596973344684,0.3395630046725273,40.52687785588205,
7651,40.97952018491924,0.3282290417701006,40.54684401489794,
7652,41.02077800780535,0.3316339571028948,40.58406385593116,
7653,41.70909710228443,1.0269919876009226,40.56096402928233,
7654,41.064372984692454,0.3337990492582321,40.62484810128808,
7655,41.04204103350639,0.3340041730552912,40.60213686898351,
7656,41.02573008276522,0.33317203633487225,40.586749790236354,
7657,41.02861322462559,0.3316509537398815,40.59139499440789,
7658,41.02086811326444,0.33002509735524654,40.586831979453564,
7659,41.013000067323446,0.32978691160678864,40.57904612272978,
7660,41.00313107483089,0.32913987524807453,40.56794103235006,
7661,41.02027113549411,0.3300369717180729,40.582869900390506,
7662,41.04833607561886,0.32952497713267803,40.61481403186917,
7663,41.00140300579369,0.3367750905454159,40.5596389900893,
7664,41.0196699667722,0.33718300983309746,40.57629290036857,
7665,41.004326893016696,0.33723912201821804,40.56262690573931,
7666,41.048039915040135,0.33840700052678585,40.603815112262964,
7667,41.04093718342483,0.3411311190575361,40.59611400589347,
7668,40.99374799989164,0.3371720667928457,40.55118793621659,
7669,41.773468954488635,1.0181870311498642,40.63782491721213,
7670,41.04419704526663,0.3347378224134445,40.60264606960118,
7671,41.052486980333924,0.3391860518604517,40.606873109936714,
7672,41.01887298747897,0.33969199284911156,40.57364002801478,
7673,41.0434368532151,0.3377480898052454,40.60194781050086,
7674,41.025022976100445,0.33508194610476494,40.5854859855026,
7675,41.005735052749515,0.33666309900581837,40.56398198008537,
7676,41.041404008865356,0.3384361043572426,40.5974849127233,
7677,41.01206315681338,0.33936090767383575,40.56780389510095,
7678,41.008101077750325,0.3371520433574915,40.56622297503054,
7679,41.00408800877631,0.33381604589521885,40.56102107279003,
7680,40.9829611890018,0.3364980220794678,40.541113121435046,
7681,40.99899483844638,0.33218017779290676,40.56073003448546,
7682,41.075565153732896,0.3309499006718397,40.637388126924634,
7683,41.01886413991451,0.3289750311523676,40.58523289859295,
7684,40.970205096527934,0.3336668014526367,40.526208002120256,
7685,41.66138102300465,0.9655968751758337,40.57980817742646,
7686,41.03485704399645,0.33979397267103195,40.590615943074226,
7687,41.070173028856516,0.33910712227225304,40.62636289745569,
7688,41.026034858077765,0.3415199462324381,40.579465217888355,
7689,41.02770611643791,0.3351189661771059,40.587540017440915,
7690,41.071261977776885,0.33922307193279266,40.62796593643725,
7691,41.047062957659364,0.33681816421449184,40.59801693074405,
7692,41.00586916320026,0.3347930032759905,40.5613761395216,
7693,41.05186811648309,0.3350749611854553,40.609440067783,
7694,41.04125197045505,0.33271312713623047,40.60358880087733,
7695,41.02890891954303,0.33171498216688633,40.593264158815145,
7696,41.02494195103645,0.3305331338196993,40.58873397298157,
7697,41.028277948498726,0.3297380171716213,40.59301083907485,
7698,41.00290406495333,0.3315040376037359,40.56677408516407,
7699,40.993216913193464,0.3317960072308779,40.5557150952518,
7700,40.997943840920925,0.32897014170885086,40.564747992902994,
7701,41.67309496551752,0.9616969618946314,40.594940073788166,
7702,41.04471020400524,0.3339878749102354,40.605542017146945,
7703,41.04874189943075,0.33389986492693424,40.60425912030041,
7704,41.02328000590205,0.3323100972920656,40.58251692913473,
7705,40.994750801473856,0.3261258825659752,40.55945901200175,
7706,41.01642710156739,0.3313850611448288,40.575185092166066,
7707,40.994148002937436,0.3298521041870117,40.556833846494555,
7708,41.01912118494511,0.3284001722931862,40.580004919320345,
7709,41.00225795991719,0.32964698038995266,40.56832497008145,
7710,41.02170979604125,0.3301079850643873,40.58612301014364,
7711,41.03878396563232,0.3282399848103523,40.6064260751009,
7712,40.9965580329299,0.3304821439087391,40.55986599996686,
7713,41.06844402849674,0.329039990901947,40.63302790746093,
7714,41.05756198987365,0.3309610765427351,40.6212208326906,
7715,41.052561020478606,0.3337531816214323,40.614545810967684,
7716,41.042760014534,0.33112289384007454,40.60512199066579,
7717,41.732488898560405,1.021919073536992,40.59422784484923,
7718,41.04055091738701,0.3361550625413656,40.60016688890755,
7719,41.03162814863026,0.3370440099388361,40.5905949883163,
7720,41.02740087546408,0.3339590039104223,40.58632091619074,
7721,41.031687054783106,0.3334321081638336,40.59325880371034,
7722,41.01182101294398,0.33395783975720406,40.57328007183969,
7723,41.020289063453674,0.33477810211479664,40.58145987801254,
7724,41.047059930860996,0.3317499067634344,40.61198397539556,
7725,41.08018986880779,0.3324479330331087,40.64150317572057,
7726,41.07242403551936,0.3343219868838787,40.634444914758205,
7727,41.04903806000948,0.3367259632796049,40.60861095786095,
7728,41.011928115040064,0.3417928237468004,40.56465905159712,
7729,41.04971210472286,0.33783912658691406,40.607928996905684,
7730,41.04103799909353,0.34213089384138584,40.59325810521841,
7731,41.07722197659314,0.34296512603759766,40.62830004841089,
7732,41.05300200171769,0.34338305704295635,40.60506890527904,
7733,41.76048003137112,0.9879551362246275,40.65471491776407,
7734,41.10135417431593,0.3418438136577606,40.65502109006047,
7735,41.01110599003732,0.3403120208531618,40.56600690819323,
7736,41.064418852329254,0.3391189966350794,40.62032303772867,
7737,41.03519208729267,0.3364470321685076,40.59305600821972,
7738,41.05918598361313,0.3385499585419893,40.61532695777714,
7739,41.0643620416522,0.33204001374542713,40.62531189993024,
7740,41.02278989739716,0.3343711141496897,40.584455942735076,
7741,40.990810841321945,0.331053975969553,40.55437911301851,
7742,41.06892901472747,0.33766496926546097,40.6273091211915,
7743,41.02886701002717,0.3350190818309784,40.58988089673221,
7744,41.02539806626737,0.332909869030118,40.58870812878013,
7745,41.04978917166591,0.33244513906538486,40.61270994134247,
7746,41.04083916172385,0.3332600463181734,40.602450957521796,
7747,41.084043215960264,0.33519300632178783,40.64335604198277,
7748,41.03403096087277,0.33097900450229645,40.59917712584138,
7749,41.69066995382309,0.977816991508007,40.59674288146198,
7750,41.065713157877326,0.3333720378577709,40.62741785310209,
7751,41.030704975128174,0.3321990370750427,40.59259803034365,
7752,41.042475029826164,0.3296299837529659,40.60725914314389,
7753,41.039724834263325,0.3297210205346346,40.60561303049326,
7754,41.05572192929685,0.33375993371009827,40.61593301594257,
7755,41.05561296455562,0.33247494138777256,40.61629809439182,
7756,41.10263800248504,0.33234013244509697,40.66366399638355,
7757,41.06546100229025,0.3355930093675852,40.62446905300021,
7758,41.088887955993414,0.3398149274289608,40.64491298049688,
7759,41.06073291040957,0.3406188916414976,40.613807970657945,
7760,41.036505019292235,0.3432431258261204,40.58783082291484,
7761,41.05346696451306,0.3363590221852064,40.60933389700949,
7762,41.06182814575732,0.3416410181671381,40.60433804988861,
7763,41.03265213780105,0.33730617724359035,40.59470281936228,
7764,41.04368505068123,0.33067609183490276,40.608671959489584,
7765,41.80421493947506,1.0169039014726877,40.669942973181605,
7766,41.09134012833238,0.34921313636004925,40.63405189663172,
7767,41.05935711413622,0.3385778982192278,40.61263403855264,
7768,41.07370600104332,0.33676717430353165,40.62999994494021,
7769,41.078530019149184,0.33220392651855946,40.63851898536086,
7770,41.08318197540939,0.3355590160936117,40.64339189790189,
7771,41.11135913990438,0.3331920597702265,40.67272995598614,
7772,41.09237785451114,0.33866195008158684,40.647890185937285,
7773,41.123411851003766,0.329555943608284,40.68766604177654,
7774,41.072955122217536,0.3414079546928406,40.625334018841386,
7775,41.07372090220451,0.3381341230124235,40.63093499280512,
7776,41.075709043070674,0.3425620961934328,40.62728397548199,
7777,41.067379992455244,0.34039816819131374,40.621169842779636,
7778,41.040938114747405,0.3368810284882784,40.5996679328382,
7779,41.08446114696562,0.33336877822875977,40.64486501738429,
7780,41.040574200451374,0.33152615651488304,40.604431880638,
7781,41.77496302872896,1.0194170754402876,40.63707496970892,
7782,41.088585974648595,0.34251390025019646,40.63547099940479,
7783,41.060143848881125,0.33906009048223495,40.61679495498538,
7784,41.10307595692575,0.3331748303025961,40.66511616110802,
7785,41.08202108182013,0.3324211575090885,40.64498678781092,
7786,41.064882883802056,0.33024605363607407,40.62891099601984,
7787,41.09664703719318,0.333195086568594,40.65512400120497,
7788,41.11391492187977,0.3419730346649885,40.66592501476407,
7789,41.05478385463357,0.33594295382499695,40.6131821218878,
7790,41.07688716612756,0.3390598576515913,40.63268704339862,
7791,41.069587925449014,0.34449994564056396,40.61505012214184,
7792,41.09559883363545,0.34370296634733677,40.645672008395195,
7793,41.08596290461719,0.3373578656464815,40.642512030899525,
7794,41.07684502378106,0.3339319955557585,40.63600301742554,
7795,41.07009316794574,0.3330591134727001,40.63187586143613,
7796,41.06098087504506,0.33574202097952366,40.61887599527836,
7797,41.798769030719995,1.0240450501441956,40.65357497893274,
7798,41.11381992697716,0.3368470352143049,40.67103681154549,
7799,41.05997900478542,0.3342900890856981,40.61683686450124,
7800,41.112593840807676,0.3377939574420452,40.66755902022123,
7801,41.109313955530524,0.3410449717193842,40.66435410641134,
7802,41.110682068392634,0.33417902886867523,40.671363938599825,
7803,41.11340921372175,0.3294867929071188,40.67714908160269,
7804,41.1003150511533,0.34330692142248154,40.64589808695018,
7805,41.09111591242254,0.35085808485746384,40.63323186710477,
7806,41.12790012732148,0.34875585697591305,40.66713503561914,
7807,41.08628281392157,0.33568614162504673,40.64370901323855,
7808,41.1319809500128,0.3393229562789202,40.68432212807238,
7809,41.078145150095224,0.3406309988349676,40.63195502385497,
7810,41.146290954202414,0.3364889416843653,40.7036489341408,
7811,41.11028998158872,0.3318050876259804,40.67324195057154,
7812,41.081221075728536,0.34235487692058086,40.63309310004115,
7813,41.8754480779171,1.0747350752353668,40.68258800543845,
7814,41.13204008899629,0.34098420292139053,40.68436799570918,
7815,41.09642398543656,0.3510389942675829,40.63735203817487,
7816,41.11428605392575,0.3583140205591917,40.6490380410105,
7817,41.0594439599663,0.34305197186768055,40.610518073663116,
7818,41.120539885014296,0.3353310748934746,40.67952814511955,
7819,41.103824973106384,0.33622817136347294,40.66054499708116,
7820,41.08139290474355,0.3350069746375084,40.64103285782039,
7821,41.126054944470525,0.3344991710036993,40.68728303536773,
7822,41.11559712328017,0.33481093123555183,40.67391389980912,
7823,41.10510880127549,0.33414107747375965,40.66720884293318,
7824,41.09158203937113,0.34159794449806213,40.64582893624902,
7825,41.1125801037997,0.3391099162399769,40.666227927431464,
7826,41.116968961432576,0.33935997635126114,40.66854901611805,
7827,41.12532106228173,0.3305841237306595,40.68997991271317,
7828,41.1315041128546,0.3324151039123535,40.69371800869703,
7829,41.81122989393771,1.043278956785798,40.65094608813524,
7830,41.09662305563688,0.33690384589135647,40.65396008081734,
7831,41.09847103245556,0.33441209234297276,40.65630701370537,
7832,41.084312135353684,0.3365690354257822,40.64319911412895,
7833,41.10286803916097,0.33426214940845966,40.66296084783971,
7834,41.10663803294301,0.3333780914545059,40.66769685596228,
7835,41.10834188759327,0.33722096122801304,40.66553106531501,
7836,41.1272409837693,0.34017907455563545,40.68116890266538,
7837,41.11778177320957,0.33732387237250805,40.67351692356169,
7838,41.093785082921386,0.3338658716529608,40.65495915710926,
7839,41.10246687196195,0.3365699667483568,40.662253042683005,
7840,41.101610055193305,0.33530802465975285,40.660027880221605,
7841,41.10304592177272,0.3391487989574671,40.65821412950754,
7842,41.12107586115599,0.3372600767761469,40.67583801224828,
7843,41.094977874308825,0.3356619272381067,40.65380897372961,
7844,41.11834987998009,0.3411530051380396,40.67267198115587,
7845,41.827711975201964,1.0334830731153488,40.6787300016731,
7846,41.17442900314927,0.3400980494916439,40.728868916630745,
7847,41.078605921939015,0.34125312231481075,40.633011842146516,
7848,41.13131784833968,0.3382822033017874,40.68616987206042,
7849,41.03813599795103,0.33463211730122566,40.599329862743616,
7850,41.09466797672212,0.33315294422209263,40.65642412751913,
7851,41.1208551377058,0.3320148680359125,40.68389907479286,
7852,41.11233213916421,0.33462001010775566,40.67280190065503,
7853,41.133102029562,0.3336758818477392,40.69473803974688,
7854,41.16202099248767,0.33055897802114487,40.726213017478585,
7855,41.09191196039319,0.34219794906675816,40.64459796063602,
7856,41.1740499548614,0.340077793225646,40.73058208450675,
7857,41.14325297996402,0.33338507637381554,40.70404404774308,
7858,41.13221191801131,0.3325450234115124,40.6955168582499,
7859,41.14751913584769,0.3323070704936981,40.71065993048251,
7860,41.11847002059221,0.33082999289035797,40.682916063815355,
7861,41.843332117423415,1.0200419928878546,40.70691205561161,
7862,41.138418950140476,0.33705984242260456,40.69572710432112,
7863,41.15056898444891,0.3323839046061039,40.71287298575044,
7864,41.15202906541526,0.342861982062459,40.704731130972505,
7865,41.09878093004227,0.3401839639991522,40.653302101418376,
7866,41.139066219329834,0.336760887876153,40.69654899649322,
7867,41.072310879826546,0.33634016290307045,40.63033382408321,
7868,41.132098995149136,0.3383709117770195,40.68856709636748,
7869,41.08983092010021,0.3353939391672611,40.649464121088386,
7870,41.14901088178158,0.3337790258228779,40.7081451267004,
7871,41.132085025310516,0.33896416425704956,40.68751190789044,
7872,41.15267097949982,0.3420810680836439,40.70445988327265,
7873,41.14199592731893,0.3406971227377653,40.69615202024579,
7874,41.10504896380007,0.3357089590281248,40.66313407383859,
7875,41.09830386005342,0.3346279263496399,40.6567039899528,
7876,41.14902880974114,0.3372868523001671,40.70633207447827,
7877,41.807628935202956,0.9967070072889328,40.69294105283916,
7878,41.13727994263172,0.33456203527748585,40.696446085348725,
7879,41.18077992461622,0.33614085987210274,40.738462936133146,
7880,41.14351188763976,0.33452711068093777,40.70447897538543,
7881,41.13591089844704,0.34303683787584305,40.68576218560338,
7882,41.19111900217831,0.34347688779234886,40.74176005087793,
7883,41.1051691044122,0.3327159211039543,40.66747007891536,
7884,41.146974079310894,0.3335820510983467,40.707936976104975,
7885,41.15306003950536,0.3355701919645071,40.712798945605755,
7886,41.10755305737257,0.3318099770694971,40.67146219313145,
7887,41.11695499159396,0.33985497429966927,40.672075003385544,
7888,41.101362090557814,0.3390361089259386,40.65771587193012,
7889,41.1392729729414,0.3400209825485945,40.69218481890857,
7890,41.15144698880613,0.3351219929754734,40.710822911933064,
7891,41.14116495475173,0.33479020930826664,40.700944839045405,
7892,41.139142122119665,0.33560581505298615,40.698634227737784,
7893,41.80653300136328,0.9896098636090755,40.698518976569176,
7894,41.13590298220515,0.33415411598980427,40.69594596512616,
7895,41.125241899862885,0.33728289417922497,40.67979892715812,
7896,41.127744130790234,0.33386005088686943,40.687767788767815,
7897,41.137574007734656,0.3408929333090782,40.69122509099543,
7898,41.145207127556205,0.33899303525686264,40.69732502102852,
7899,41.14930611103773,0.3336770460009575,40.70881498046219,
7900,41.112703969702125,0.3388479817658663,40.66207096911967,
7901,41.129329008981586,0.34495419822633266,40.67707201465964,
7902,41.199807077646255,0.342492014169693,40.748110972344875,
7903,41.14229814149439,0.3420719876885414,40.684049017727375,
7904,41.21574712917209,0.36829104647040367,40.73621705174446,
7905,41.113849030807614,0.35340897738933563,40.65459198318422,
7906,41.14025714807212,0.3390300553292036,40.6952619086951,
7907,41.10214696265757,0.33279205672442913,40.66510102711618,
7908,41.17519804276526,0.3338451497256756,40.736969793215394,
7909,41.89546289853752,1.0651240590959787,40.711499052122235,
7910,41.1934950388968,0.3418580163270235,40.74520315043628,
7911,41.136154904961586,0.34503708593547344,40.685371961444616,
7912,41.139467153698206,0.3460140433162451,40.68723996169865,
7913,41.17245599627495,0.3431809600442648,40.72167514823377,
7914,41.155921993777156,0.33829594030976295,40.710782865062356,
7915,41.132246842607856,0.33707404509186745,40.68931005895138,
7916,41.134672006592155,0.33854879438877106,40.68889515474439,
7917,41.16006591357291,0.3427600022405386,40.71090882644057,
7918,41.13642289303243,0.3453970421105623,40.6836811453104,
7919,41.186047019436955,0.34838891588151455,40.73562705889344,
7920,41.17003013379872,0.3371560014784336,40.726768085733056,
7921,41.174469981342554,0.33461395651102066,40.733939968049526,
7922,41.1620638333261,0.3384500741958618,40.718793869018555,
7923,41.1517359316349,0.33793295733630657,40.708129992708564,
7924,41.15622187964618,0.34252298064529896,40.70790810510516,
7925,41.838459903374314,1.0212210472673178,40.69935786537826,
7926,41.17810493335128,0.34454092383384705,40.72815296240151,
7927,41.13918403163552,0.340630067512393,40.689992951229215,
7928,41.16741009056568,0.335504999384284,40.726968087255955,
7929,41.12933319993317,0.33696810714900494,40.686666034162045,
7930,41.163343004882336,0.33371197059750557,40.722284000366926,
7931,41.169543052092195,0.3349489998072386,40.72929103858769,
7932,41.15280811674893,0.3434580285102129,40.70346197113395,
7933,41.1918880417943,0.3410899080336094,40.744752157479525,
7934,41.14314983598888,0.33514085225760937,40.702641941607,
7935,41.123344795778394,0.3352339845150709,40.683685103431344,
7936,41.16541799157858,0.3357059322297573,40.723109152168036,
7937,41.197312995791435,0.33402605913579464,40.756766917183995,
7938,41.22387687675655,0.3456380218267441,40.77363293617964,
7939,41.12621396780014,0.33845286816358566,40.670429123565555,
7940,41.14280198700726,0.3353278152644634,40.702330181375146,
7941,41.875408962368965,1.0135159827768803,40.74267903342843,
7942,41.1327350884676,0.3358770627528429,40.690894005820155,
7943,41.151060024276376,0.33490988425910473,40.71046714670956,
7944,41.16524709388614,0.3389711491763592,40.719318902119994,
7945,41.19514999911189,0.33686705864965916,40.75312498025596,
7946,41.171340038999915,0.34440821036696434,40.71673285216093,
7947,41.1345090251416,0.33658999018371105,40.69097992032766,
7948,41.185402078554034,0.3350840415805578,40.744757978245616,
7949,41.23905999585986,0.3375450614839792,40.79467011615634,
7950,41.2339239846915,0.33887987956404686,40.78915296122432,
7951,41.10750206746161,0.33809710294008255,40.66210286691785,
7952,41.1812849342823,0.33885007724165916,40.73813487775624,
7953,41.14999785088003,0.3338379319757223,40.70964804850519,
7954,41.13126895390451,0.33588800579309464,40.688893059268594,
7955,41.13164800219238,0.33738696947693825,40.68667395040393,
7956,41.20092396624386,0.3346481826156378,40.76089896261692,
7957,41.89674207009375,1.0462610516697168,40.73190991766751,
7958,41.20995197445154,0.3492820542305708,40.75447306968272,
7959,41.14981601014733,0.3462359309196472,40.69773806259036,
7960,41.22501681558788,0.340375117957592,40.77778593637049,
7961,41.13919800147414,0.33909687772393227,40.69401300512254,
7962,41.17929609492421,0.33819302916526794,40.7358689699322,
7963,41.129279881715775,0.34053088165819645,40.67911603488028,
7964,41.1978499032557,0.3491220995783806,40.74302897788584,
7965,41.20708885602653,0.3418899141252041,40.759152034297585,
7966,41.16112715564668,0.337366946041584,40.716183139011264,
7967,41.1579180508852,0.338864978402853,40.712363086640835,
7968,41.200999869033694,0.33932714723050594,40.75382696464658,
7969,41.17259196937084,0.34750718623399734,40.71912891231477,
7970,41.14280501380563,0.343092018738389,40.688828099519014,
7971,41.17584996856749,0.33705891110002995,40.73308897204697,
7972,41.1757449619472,0.33941189758479595,40.730895940214396,
7973,41.919233975932,1.04413996450603,40.75630195438862,
7974,41.24686401337385,0.3411469515413046,40.79977096989751,
7975,41.19748785160482,0.33892085775732994,40.752005064859986,
7976,41.24734387733042,0.34893699921667576,40.787390200421214,
7977,41.195291792973876,0.337360892444849,40.75168399140239,
7978,41.21084604412317,0.3385969903320074,40.76595092192292,
7979,41.16783384233713,0.3375059459358454,40.7239340711385,
7980,41.185962967574596,0.33467309549450874,40.742335841059685,
7981,41.14535287953913,0.3469749353826046,40.69197899661958,
7982,41.14641109481454,0.3404458984732628,40.70093110203743,
7983,41.1413568072021,0.337634002789855,40.698545053601265,
7984,41.197741869837046,0.3371560014784336,40.7543380279094,
7985,41.20582318864763,0.33799209631979465,40.76096601784229,
7986,41.20057984255254,0.3375629894435406,40.75774899683893,
7987,41.204075096175075,0.33861189149320126,40.76149989850819,
7988,41.20160290040076,0.3372968640178442,40.75916111469269,
7989,41.90499405376613,1.034559216350317,40.7506600022316,
7990,41.21252987533808,0.33974903635680676,40.768275037407875,
7991,41.233208030462265,0.33855391666293144,40.78780603595078,
7992,41.18600417859852,0.34647597931325436,40.73110595345497,
7993,41.16976703517139,0.3407159820199013,40.72362603619695,
7994,41.20990703813732,0.33674505539238453,40.76849017292261,
7995,41.154433973133564,0.3356549423187971,40.717473020777106,
7996,41.167201939970255,0.3350619226694107,40.7272360753268,
7997,41.152679827064276,0.33289892598986626,40.713803144171834,
7998,41.21269402094185,0.34258002415299416,40.76516698114574,
7999,41.19993094354868,0.33867498859763145,40.752178989350796,
8000,41.17317404597998,0.3345748409628868,40.7327760476619,
8001,41.16673790849745,0.3360300324857235,40.725357830524445,
8002,41.19612812064588,0.3344339784234762,40.75576597824693,
8003,41.16189619526267,0.3415460232645273,40.71391304023564,
8004,41.190961143001914,0.3400638233870268,40.74395610950887,
8005,41.9186819344759,1.0090088471770287,40.786802070215344,
8006,41.25040280632675,0.34428806975483894,40.79974791966379,
8007,41.216186014935374,0.3408929333090782,40.77013209462166,
8008,41.197769809514284,0.339508056640625,40.752417873591185,
8009,41.207349859178066,0.34463219344615936,40.75666586868465,
8010,41.25096811912954,0.34600100480020046,40.79918307252228,
8011,41.195036144927144,0.3432398661971092,40.744970086961985,
8012,41.22713883407414,0.3406619653105736,40.78124207444489,
8013,41.21210495941341,0.33874507062137127,40.76781403273344,
8014,41.23326879926026,0.34757284447550774,40.776878129690886,
8015,41.25432507134974,0.3389699850231409,40.809810161590576,
8016,41.218093829229474,0.33781607635319233,40.77203897759318,
8017,41.194800985977054,0.3380998969078064,40.75070400722325,
8018,41.214284021407366,0.3504978958517313,40.75816902332008,
8019,41.20165994390845,0.34024217166006565,40.7528739888221,
8020,41.17699200287461,0.339368125423789,40.732769994065166,
8021,41.88138106837869,1.006847945973277,40.75502511113882,
8022,41.26523504965007,0.3448470961302519,40.812762919813395,
8023,41.23218986205757,0.33941189758479595,40.78558017499745,
8024,41.2327169906348,0.34845713526010513,40.77266086824238,
8025,41.24476597644389,0.3418459091335535,40.797708090394735,
8026,41.24908917583525,0.3372528590261936,40.80720408819616,
8027,41.22941708192229,0.34008314833045006,40.78267700970173,
8028,41.221149964258075,0.34214905463159084,40.77344387769699,
8029,41.231845039874315,0.34163007512688637,40.78385280445218,
8030,41.21086606755853,0.33493712544441223,40.768761886283755,
8031,41.223106905817986,0.33975299447774887,40.77741992659867,
8032,41.25086194835603,0.34260679967701435,40.80385412089527,
8033,41.2124078720808,0.3416319377720356,40.76744616031647,
8034,41.22488503344357,0.3385390155017376,40.780315874144435,
8035,41.22753511182964,0.33644610084593296,40.78526492230594,
8036,41.24561999924481,0.33685704693198204,40.80318193882704,
8037,41.898457100614905,0.9835041128098965,40.79788294620812,
8038,41.22091713361442,0.34224381670355797,40.7705360557884,
8039,41.16570297628641,0.33751013688743114,40.72183580137789,
8040,41.21054196730256,0.3383320290595293,40.7677439507097,
8041,41.22833791188896,0.3385040909051895,40.7852828502655,
8042,41.247993940487504,0.3349028993397951,40.80766509287059,
8043,41.223854990676045,0.3387979231774807,40.77647207304835,
8044,41.235863929614425,0.345706008374691,40.7839841209352,
8045,41.20560409501195,0.3406668547540903,40.75950011610985,
8046,41.242146864533424,0.3371741622686386,40.79884896054864,
8047,41.18214803747833,0.34541310742497444,40.72651197202504,
8048,41.22093413025141,0.33900304697453976,40.775861125439405,
8049,41.14873893558979,0.3345699515193701,40.708018001168966,
8050,41.22694698162377,0.3379811532795429,40.781121933832765,
8051,41.21776414103806,0.3382971044629812,40.77341197989881,
8052,41.24704794958234,0.3489691298455,40.79195484519005,
8053,41.94059898145497,1.0245959274470806,40.79533601179719,
8054,41.21542884968221,0.3427760675549507,40.76404287479818,
8055,41.19917610660195,0.3396908286958933,40.75345420278609,
8056,41.25054203905165,0.33943308517336845,40.800908114761114,
8057,41.27378505654633,0.3471900708973408,40.817705914378166,
8058,41.23722994700074,0.3382840659469366,40.79158487729728,
8059,41.19833209551871,0.34080096520483494,40.751167107373476,
8060,41.21740208938718,0.34156604669988155,40.766567923128605,
8061,41.258919052779675,0.346560962498188,40.80564598552883,
8062,41.27870290540159,0.3417870029807091,40.8314501401037,
8063,41.20150813832879,0.3374719526618719,40.75790708884597,
8064,41.2405370734632,0.3373119980096817,40.797764202579856,
8065,41.176783153787255,0.34489110112190247,40.72699882090092,
8066,41.2635609973222,0.34856819547712803,40.810421807691455,
8067,41.20175004936755,0.3360679838806391,40.760322008281946,
8068,41.231242939829826,0.34126709215343,40.78345303423703,
8069,41.94018500857055,1.0358120780438185,40.78088398091495,
8070,41.27784981392324,0.3533849958330393,40.81390309147537,
8071,41.27020016312599,0.35823811776936054,40.795231936499476,
8072,41.254688054323196,0.37008989602327347,40.771642001345754,
8073,41.290950030088425,0.36415900103747845,40.82132806070149,
8074,41.228857822716236,0.3512150142341852,40.772516978904605,
8075,41.24683397822082,0.3473730757832527,40.79498001374304,
8076,41.28207988105714,0.33642188645899296,40.84038897417486,
8077,41.21838416904211,0.33829594030976295,40.77519103884697,
8078,41.23894893564284,0.3446389455348253,40.78843607567251,
8079,41.24261601828039,0.3414140082895756,40.79283005557954,
8080,41.28118883818388,0.3346910234540701,40.839852998033166,
8081,41.2364318035543,0.3354698419570923,40.79487919807434,
8082,41.226577013731,0.3412519581615925,40.78119993209839,
8083,41.25636490061879,0.34034205600619316,40.808436926454306,
8084,41.245542000979185,0.3329289611428976,40.80693004652858,
8085,42.01715299859643,1.0679960250854492,40.829431964084506,
8086,41.289376094937325,0.34343614242970943,40.83957988768816,
8087,41.25609016045928,0.3425031900405884,40.804268792271614,
8088,41.25237883999944,0.33793295733630657,40.80897103995085,
8089,41.2625300232321,0.3360889386385679,40.81841302104294,
8090,41.282190941274166,0.33664912916719913,40.84138385951519,
8091,41.249420028179884,0.3416878171265125,40.79929296858609,
8092,41.22313694097102,0.33531803637742996,40.78298690728843,
8093,41.26020893454552,0.336390919983387,40.81760998815298,
8094,41.25863406807184,0.33416389487683773,40.81831709481776,
8095,41.272496804594994,0.34631090238690376,40.8218780066818,
8096,41.235212003812194,0.33913785591721535,40.79040512442589,
8097,41.230529081076384,0.3356579691171646,40.7899331767112,
8098,41.254535084590316,0.3361389972269535,40.81286396831274,
8099,41.20090394280851,0.34418003633618355,40.74944998137653,
8100,41.2811110727489,0.336754834279418,40.83928815089166,
8101,41.969351936131716,1.0416149161756039,40.81077501177788,
8102,41.23782506212592,0.33929990604519844,40.79391318373382,
8103,41.26329906284809,0.3421078436076641,40.815485175698996,
8104,41.265656938776374,0.34841406159102917,40.81078409217298,
8105,41.24892200343311,0.34121889621019363,40.80072301439941,
8106,41.31868504919112,0.3367371391505003,40.8760029822588,
8107,41.26960807479918,0.344935804605484,40.81782605499029,
8108,41.264201048761606,0.34026987850666046,40.81614199094474,
8109,41.267362190410495,0.34172297455370426,40.82105914130807,
8110,41.27665515989065,0.3370309714227915,40.83295096643269,
8111,41.23706091195345,0.346209155395627,40.79140187241137,
8112,41.29640618339181,0.3373050130903721,40.85366800427437,
8113,41.22527712024748,0.33622398041188717,40.78293684870005,
8114,41.2847890984267,0.3368381876498461,40.84283602423966,
8115,41.22773418202996,0.340017955750227,40.78203602693975,
8116,41.21631197631359,0.3387338947504759,40.77264294028282,
8117,41.94234102033079,1.0055648162961006,40.81754409708083,
8118,41.334419045597315,0.3409970086067915,40.88742285966873,
8119,41.25865921378136,0.337379053235054,40.815884014591575,
8120,41.2678150460124,0.3411008510738611,40.821833070367575,
8121,41.247449116781354,0.3391311038285494,40.80280498601496,
8122,41.293820133432746,0.33934181556105614,40.850442135706544,
8123,41.2310550455004,0.34439610317349434,40.781236020848155,
8124,41.292113019153476,0.34545804373919964,40.84066185168922,
8125,41.24985192902386,0.33837882801890373,40.806843200698495,
8126,41.31004307419062,0.3423260059207678,40.86288483813405,
8127,41.19104007259011,0.34459796734154224,40.73823499493301,
8128,41.31032107397914,0.3377899993211031,40.86851608008146,
8129,41.28032084554434,0.33827987499535084,40.8336769323796,
8130,41.285499930381775,0.3379939589649439,40.84249190054834,
8131,41.26365203410387,0.3451509401202202,40.813484927639365,
8132,41.258740006014705,0.3379939589649439,40.816932916641235,
8133,41.92733392119408,0.9824060834944248,40.82900704815984,
8134,41.23022500425577,0.33710082061588764,40.78764119185507,
8135,41.2738099694252,0.3378000110387802,40.83049716427922,
8136,41.26408486627042,0.34160492941737175,40.81660113297403,
8137,41.26263502985239,0.3373271320015192,40.81988101825118,
8138,41.249623987823725,0.3395997919142246,40.80686904489994,
8139,41.30615503527224,0.34649414010345936,40.850526886060834,
8140,41.2941959220916,0.3393299411982298,40.85039813071489,
8141,41.24791198410094,0.3382100258022547,40.80293094739318,
8142,41.27182299271226,0.33726287074387074,40.829943027347326,
8143,41.297359159216285,0.3427129704505205,40.84953712299466,
8144,41.257473174482584,0.33857300877571106,40.81344907172024,
8145,41.30809218622744,0.3392989747226238,40.863842936232686,
8146,41.30115988664329,0.34288596361875534,40.85242701694369,
8147,41.278161108493805,0.33988989889621735,40.83339194767177,
8148,41.28036601468921,0.33796578645706177,40.8363260794431,
8149,41.92840005271137,0.966257881373167,40.84491916000843,
8150,41.305808117613196,0.3420831635594368,40.85827781818807,
8151,41.28602100536227,0.35214610397815704,40.82729807123542,
8152,41.27355711534619,0.3437639679759741,40.8235948998481,
8153,41.25252109952271,0.3396968822926283,40.80723412334919,
8154,41.32283409126103,0.34856307320296764,40.86632002145052,
8155,41.31040000356734,0.344251049682498,40.86114908568561,
8156,41.339983930811286,0.3424470778554678,40.89239006862044,
8157,41.31617187522352,0.35178312100470066,40.8550719730556,
8158,41.271483059972525,0.34160609357059,40.82640493288636,
8159,41.280184872448444,0.3431309014558792,40.83336004987359,
8160,41.29499406553805,0.3415399696677923,40.84718995727599,
8161,41.3043110165745,0.34406804479658604,40.85405101068318,
8162,41.24729987233877,0.337155070155859,40.80563993193209,
8163,41.25154879875481,0.3369199112057686,40.80882202833891,
8164,41.28288617357612,0.345432898029685,40.83213000558317,
8165,41.928094113245606,0.9697671048343182,40.837289998307824,
8166,41.3437990937382,0.34543895162642,40.89214210398495,
8167,41.30639787763357,0.3422629088163376,40.85655300877988,
8168,41.31440608762205,0.33908290788531303,40.87056405842304,
8169,41.29401105456054,0.3406261093914509,40.84780579432845,
8170,41.31335811689496,0.3369259648025036,40.870847878977656,
8171,41.30624304525554,0.34017395228147507,40.86134419776499,
8172,41.296010836958885,0.3456438425928354,40.844377130270004,
8173,41.257600067183375,0.3392959479242563,40.81287095323205,
8174,41.332239052280784,0.33609988167881966,40.89090810157359,
8175,41.28395998850465,0.34643406979739666,40.82807502709329,
8176,41.29420989193022,0.33803703263401985,40.84910685196519,
8177,41.26534494571388,0.33784983679652214,40.82240606658161,
8178,41.311389999464154,0.33592083491384983,40.86726205423474,
8179,41.28920892253518,0.3408777993172407,40.84214405156672,
8180,41.3096072152257,0.3432349767535925,40.86229903623462,
8181,42.032271856442094,0.9993498679250479,40.912029100582004,
8182,41.30587191320956,0.3404570743441582,40.8593260217458,
8183,41.29888885654509,0.34165801480412483,40.85137904621661,
8184,41.32594307884574,0.3405800089240074,40.879048174247146,
8185,41.27451102249324,0.33700396306812763,40.832536993548274,
8186,41.309067979454994,0.3463239409029484,40.85324797779322,
8187,41.30871593952179,0.338538084179163,40.86422291584313,
8188,41.310698026791215,0.3392798826098442,40.865892078727484,
8189,41.29986511543393,0.34733908250927925,40.845893090590835,
8190,41.31018999032676,0.3346141893416643,40.869507007300854,
8191,41.305057937279344,0.3420200664550066,40.85735185071826,
8192,41.357015958055854,0.35087205469608307,40.899145882576704,
8193,41.29484808072448,0.3374740481376648,40.8529678825289,
8194,41.32072697393596,0.3380540292710066,40.8765091560781,
8195,41.313641937449574,0.34219794906675816,40.864278096705675,
8196,41.28732718527317,0.336275203153491,40.84572591818869,
8197,41.98335879482329,0.9812400676310062,40.88608385063708,
8198,41.353580076247454,0.3442848101258278,40.90203600935638,
8199,41.32528509944677,0.3430440556257963,40.8765678294003,
8200,41.31900682114065,0.3481649328023195,40.86640500463545,
8201,41.289778193458915,0.339253805577755,40.84571707062423,
8202,41.3086770568043,0.3385511226952076,40.86483386345208,
8203,41.32995894178748,0.3415788523852825,40.88112013414502,
8204,41.333022993057966,0.3372030332684517,40.89193185791373,
8205,41.31459095515311,0.33994694240391254,40.86780012585223,
8206,41.33297689259052,0.3478790167719126,40.88044911623001,
8207,41.32760688662529,0.33912481740117073,40.882644010707736,
8208,41.31083004176617,0.33989897929131985,40.86469090543687,
8209,41.31042095832527,0.34647807478904724,40.85774510167539,
8210,41.30050586536527,0.3375108353793621,40.85775907151401,
8211,41.2583549041301,0.33814809285104275,40.811649058014154,
8212,41.30138014443219,0.3493421245366335,40.8464299980551,
8213,41.954779997467995,0.9854009840637445,40.849411860108376,
8214,41.32887301966548,0.34022494219243526,40.86913401260972,
8215,41.373339015990496,0.3440030850470066,40.92186805792153,
8216,41.353526059538126,0.3532238770276308,40.89497006498277,
8217,41.32135584950447,0.3394610248506069,40.87575408630073,
8218,41.35798406787217,0.34277397207915783,40.91017413884401,
8219,41.30974295549095,0.344953965395689,40.85960704833269,
8220,41.312468936666846,0.3451539669185877,40.862000081688166,
8221,41.344355093315244,0.3381548449397087,40.89974192902446,
8222,41.33626399561763,0.34659309312701225,40.883681969717145,
8223,41.2878030911088,0.3397678956389427,40.84342019632459,
8224,41.36101086623967,0.338488956913352,40.91728711500764,
8225,41.335018118843436,0.34692883491516113,40.88291013613343,
8226,41.3079890422523,0.34216209314763546,40.861065965145826,
8227,41.30283487029374,0.33981911838054657,40.857269894331694,
8228,41.333809960633516,0.34926412627100945,40.87870987132192,
8229,42.023658053949475,0.9916829876601696,40.913678938522935,
8230,41.35631304234266,0.3444941248744726,40.90694594196975,
8231,41.29863693378866,0.3406309988349676,40.84985889494419,
8232,41.34264215826988,0.34514395520091057,40.89190694503486,
8233,41.31897306069732,0.33695390447974205,40.87668005377054,
8234,41.35355795733631,0.3413660451769829,40.90417199768126,
8235,41.28554998897016,0.3446508198976517,40.836047148332,
8236,41.367519181221724,0.35381107591092587,40.907708927989006,
8237,41.329249972477555,0.34182704985141754,40.88283982127905,
8238,41.34623100981116,0.3504201304167509,40.889286901801825,
8239,41.3151818793267,0.3439709544181824,40.86504294537008,
8240,41.35825694538653,0.3408461343497038,40.906224865466356,
8241,41.32097284309566,0.343934865668416,40.87186907418072,
8242,41.3599400781095,0.34798611886799335,40.90659995563328,
8243,41.2943628616631,0.33802189864218235,40.850389981642365,
8244,41.35538311675191,0.34738192334771156,40.90290912427008,
8245,42.024792870506644,1.0262120049446821,40.88168707676232,
8246,41.36361996643245,0.3430577926337719,40.9111431799829,
8247,41.33989196270704,0.34700497053563595,40.88595206849277,
8248,41.33399506099522,0.3397150430828333,40.890278993174434,
8249,41.33845493197441,0.34289387986063957,40.88955791667104,
8250,41.36640299111605,0.3464450128376484,40.91048892587423,
8251,41.344678960740566,0.3388009499758482,40.89939687401056,
8252,41.36378294788301,0.3422440495342016,40.91496695764363,
8253,41.347225895151496,0.3457579296082258,40.89546296745539,
8254,41.32150602526963,0.3378090914338827,40.87847308255732,
8255,41.36542696505785,0.3426328767091036,40.917298989370465,
8256,41.36168793775141,0.34878612495958805,40.909208822995424,
8257,41.3488051854074,0.33875182271003723,40.905214147642255,
8258,41.32095817476511,0.3417900297790766,40.87448795326054,
8259,41.37690691277385,0.35172305069863796,40.91863101348281,
8260,41.35097819380462,0.3372170031070709,40.90798692777753,
8261,42.02312580309808,0.9949840605258942,40.91248498298228,
8262,41.38494119979441,0.3521039616316557,40.92662106268108,
8263,41.34114785119891,0.33782515674829483,40.897981030866504,
8264,41.32592398673296,0.33954414539039135,40.8793690148741,
8265,41.33575898595154,0.3444119356572628,40.88441305793822,
8266,41.37307498604059,0.3404661547392607,40.925304871052504,
8267,41.35537915863097,0.3395630046725273,40.91132991015911,
8268,41.32218402810395,0.3458671271800995,40.87061597965658,
8269,41.333530796691775,0.3403439186513424,40.88914813473821,
8270,41.393812047317624,0.3353769425302744,40.95093393698335,
8271,41.33469797670841,0.34233788028359413,40.88516300544143,
8272,41.36280808597803,0.34069595858454704,40.916647063568234,
8273,41.33352520875633,0.3396891988813877,40.88963591493666,
8274,41.35409090667963,0.33965613692998886,40.90713895857334,
8275,41.31416114978492,0.33732992596924305,40.87314591743052,
8276,41.36632406152785,0.33957092091441154,40.92172300443053,
8277,42.031323071569204,0.9655149187892675,40.94134201295674,
8278,41.37135995551944,0.34127687104046345,40.924769127741456,
8279,41.29708814434707,0.34075486473739147,40.852003963664174,
8280,41.38728114776313,0.3494708798825741,40.93280807137489,
8281,41.33080691099167,0.33859885297715664,40.88751901872456,
8282,41.35343502275646,0.33675809390842915,40.91106099076569,
8283,41.35673004202545,0.34699286334216595,40.90568912215531,
8284,41.34720005095005,0.3397997934371233,40.901387110352516,
8285,41.33632406592369,0.3393329679965973,40.89433513581753,
8286,41.32827604189515,0.3480261657387018,40.877072839066386,
8287,41.33609100244939,0.3398179542273283,40.89198098517954,
8288,41.36401484720409,0.33910293132066727,40.92046618461609,
8289,41.356445057317615,0.3475199919193983,40.904894936829805,
8290,41.3647519890219,0.33657089807093143,40.9247949719429,
8291,41.37007589451969,0.34951604902744293,40.91059882193804,
8292,41.34610295295715,0.34050713293254375,40.901568019762635,
8293,41.99733794666827,0.9807581081986427,40.901982923969626,
8294,41.33790289051831,0.3447621129453182,40.88784987106919,
8295,41.33596993051469,0.3460370935499668,40.88239301927388,
8296,41.357681853696704,0.3388049080967903,40.912410942837596,
8297,41.36491194367409,0.34278398379683495,40.918266866356134,
8298,41.358442045748234,0.3452871460467577,40.9085329156369,
8299,41.3694700691849,0.3410100471228361,40.92478798702359,
8300,41.37609200552106,0.34232507459819317,40.930330054834485,
8301,41.36550100520253,0.3454159013926983,40.916641941294074,
8302,41.37085098773241,0.34160283394157887,40.92180519364774,
8303,41.342620039358735,0.3472201060503721,40.88900098577142,
8304,41.36114101856947,0.34465803764760494,40.91194178909063,
8305,41.353325825184584,0.3439290449023247,40.90556991286576,
8306,41.37696209363639,0.348040834069252,40.923299035057425,
8307,41.34434903971851,0.33862004056572914,40.89939990080893,
8308,41.402127826586366,0.34443801268935204,40.951107162982225,
8309,42.04522608779371,0.9634918533265591,40.959239937365055,
8310,41.36061808094382,0.3476371057331562,40.90737388469279,
8311,41.30391008220613,0.3404149319976568,40.85878003388643,
8312,41.374400025233626,0.33697905018925667,40.93374987132847,
8313,41.36804607696831,0.3412070218473673,40.92198517173529,
8314,41.34089406579733,0.34128292463719845,40.8944149967283,
8315,41.32682690396905,0.3481060266494751,40.879209991544485,
8316,41.375427041202784,0.34416187554597855,40.92637519352138,
8317,41.36025905609131,0.33712596632540226,40.918163023889065,
8318,41.3579901214689,0.34962501376867294,40.902317967265844,
8319,41.37511900626123,0.34200306981801987,40.92746996320784,
8320,41.351933032274246,0.33909804187715054,40.90704093687236,
8321,41.366186924278736,0.3448380157351494,40.91644985601306,
8322,41.353784035891294,0.342115992680192,40.90610984712839,
8323,41.3754191249609,0.3489069640636444,40.9195099491626,
8324,41.34729481302202,0.33781002275645733,40.90524511411786,
8325,41.97524208575487,0.9664760436862707,40.89248203672469,
8326,41.424883995205164,0.33848918974399567,40.98180984146893,
8327,41.41870699822903,0.34800288267433643,40.96497199498117,
8328,41.36071400716901,0.33899187110364437,40.91714997775853,
8329,41.39188304543495,0.3376430831849575,40.94947106204927,
8330,41.36128001846373,0.3429721109569073,40.91125284321606,
8331,41.36915388517082,0.3385287709534168,40.92225222848356,
8332,41.38981597498059,0.35000103525817394,40.934846037998796,
8333,41.39334103092551,0.3442040178924799,40.94275995157659,
8334,41.448072995990515,0.3455439582467079,40.99763697013259,
8335,41.37593391351402,0.3426170442253351,40.927994064986706,
8336,41.429456090554595,0.35079801455140114,40.96996714361012,
8337,41.40029801055789,0.34713209606707096,40.94653902575374,
8338,41.39747703447938,0.33840304240584373,40.95404199324548,
8339,41.37054900638759,0.33648102544248104,40.93037010170519,
8340,41.368847945705056,0.3409499768167734,40.920970030128956,
8341,41.986803989857435,0.988297862932086,40.882215136662126,
8342,41.37068591080606,0.3475381527096033,40.91742681339383,
8343,41.40080418437719,0.34670508466660976,40.94899189658463,
8344,41.39085300266743,0.33846497535705566,40.947243105620146,
8345,41.3283568341285,0.34044799394905567,40.88487499393523,
8346,41.34879494085908,0.34479214809834957,40.900825057178736,
8347,41.33888287469745,0.34122983925044537,40.89108016341925,
8348,41.4149749558419,0.3409960772842169,40.969582041725516,
8349,41.36596596799791,0.3439728170633316,40.916129015386105,
8350,41.434753919020295,0.3381590358912945,40.986491134390235,
8351,41.387511882930994,0.34688785672187805,40.93518014997244,
8352,41.38271603733301,0.34425780177116394,40.93376803211868,
8353,41.41194489784539,0.3412270452827215,40.96150095574558,
8354,41.39837296679616,0.340024009346962,40.95378890633583,
8355,41.382102062925696,0.34454604610800743,40.93259805813432,
8356,41.41130205243826,0.34887902438640594,40.95668392255902,
8357,42.070640018209815,0.9985249489545822,40.955272037535906,
8358,41.435617953538895,0.34329784102737904,40.98621802404523,
8359,41.37688712216914,0.35544391721487045,40.91568011790514,
8360,41.39552102424204,0.3411949146538973,40.9489709418267,
8361,41.47870605811477,0.342989107593894,41.02799482643604,
8362,41.37918306514621,0.33697905018925667,40.93668097630143,
8363,41.366286808624864,0.3396270330995321,40.920255007222295,
8364,41.42383602447808,0.3468119539320469,40.972436079755425,
8365,41.34838888421655,0.3418449778109789,40.90298805385828,
8366,41.40319814905524,0.33871596679091454,40.96005903556943,
8367,41.379929054528475,0.34446408972144127,40.93048395588994,
8368,41.372855892404914,0.3387080505490303,40.93087604269385,
8369,41.40202095732093,0.34924806095659733,40.94638884998858,
8370,41.3895680103451,0.34055905416607857,40.94365797936916,
8371,41.39128187671304,0.3420908469706774,40.943572064861655,
8372,41.40195902436972,0.3463840112090111,40.95032694749534,
8373,42.040709871798754,1.0020008776336908,40.92216398566961,
8374,41.43518302589655,0.34521380439400673,40.98439100198448,
8375,41.405364172533154,0.3441530279815197,40.956406854093075,
8376,41.37865803204477,0.3429669886827469,40.928540052846074,
8377,41.410455014556646,0.34087011590600014,40.96577595919371,
8378,41.38424713164568,0.3395059611648321,40.94086308032274,
8379,41.40170710161328,0.3387660253793001,40.954238967970014,
8380,41.37475183233619,0.3457530401647091,40.92407086864114,
8381,41.37875302694738,0.3389518242329359,40.936158038675785,
8382,41.38349695131183,0.3385040909051895,40.93520692549646,
8383,41.39633593149483,0.3416470717638731,40.94781703315675,
8384,41.38983809389174,0.3430128563195467,40.940224193036556,
8385,41.39284696429968,0.3508238587528467,40.936483070254326,
8386,41.385954013094306,0.34055905416607857,40.93888192437589,
8387,41.3747220300138,0.34036790020763874,40.92980013228953,
8388,41.41599894501269,0.34800288267433643,40.96115403808653,
8389,42.1112859621644,1.0363860055804253,40.9581339918077,
8390,41.42797808162868,0.34834607504308224,40.973997907713056,
8391,41.44304688088596,0.3479279112070799,40.98926414735615,
8392,41.39565699733794,0.34381099976599216,40.94719793647528,
8393,41.403644951060414,0.349059933796525,40.949707152321935,
8394,41.43300210125744,0.34344708546996117,40.985665982589126,
8395,41.45709495060146,0.3464929759502411,40.92482593841851,
8396,41.41565109603107,0.35236612893640995,40.948593989014626,
8397,41.3902448490262,0.3462759777903557,40.938729885965586,
8398,41.424532886594534,0.3520702011883259,40.96619691699743,
8399,41.41387506388128,0.33994694240391254,40.96661484800279,
8400,41.448225965723395,0.35232212394475937,40.99282994866371,
8401,41.42785398289561,0.34419004805386066,40.97573412582278,
8402,41.46993509493768,0.349569134414196,41.015234775841236,
8403,41.419867891818285,0.33737695775926113,40.97636207006872,
8404,41.39601206406951,0.34398981370031834,40.94857512973249,
8405,42.11581707932055,1.0296970140188932,40.9656788688153,
8406,41.43409593962133,0.3463469911366701,40.982845006510615,
8407,41.42351704649627,0.3432889934629202,40.975253097712994,
8408,41.43624706193805,0.35091699101030827,40.98129109479487,
8409,41.440186090767384,0.34244684502482414,40.99226417019963,
8410,41.42868681810796,0.35156402736902237,40.970972971990705,
8411,41.400599060580134,0.34328014589846134,40.95239192247391,
8412,41.41314094886184,0.3508159425109625,40.956673910841346,
8413,41.38532001525164,0.3409269265830517,40.93999299220741,
8414,41.41428880393505,0.3397730179131031,40.970992064103484,
8415,41.436557192355394,0.34631812013685703,40.98614491522312,
8416,41.41474096104503,0.3385471645742655,40.970779955387115,
8417,41.434764163568616,0.3471688833087683,40.983980987221,
8418,41.409567929804325,0.34434814006090164,40.95479799434543,
8419,41.431435849517584,0.34942501224577427,40.9773129504174,
8420,41.38982109725475,0.3392279613763094,40.946502005681396,
8421,42.13907499797642,1.034457003697753,40.98831000737846,
8422,41.464808164164424,0.3422058653086424,41.017326060682535,
8423,41.43684194423258,0.34171203151345253,40.991033893078566,
8424,41.42135987058282,0.34248107112944126,40.97212990745902,
8425,41.43439419567585,0.34460914321243763,40.985521860420704,
8426,41.397606022655964,0.338871031999588,40.951967937871814,
8427,41.46279999986291,0.3482219763100147,41.00872902199626,
8428,41.42070608213544,0.3450571093708277,40.96972802653909,
8429,41.42878809943795,0.3475199919193983,40.9759278409183,
8430,41.3811169564724,0.3425991162657738,40.933407843112946,
8431,41.4309180341661,0.34054298885166645,40.984169114381075,
8432,41.41684714704752,0.3446289338171482,40.9651470836252,
8433,41.44134582020342,0.3406861796975136,40.9965889994055,
8434,41.44116607494652,0.3550979308784008,40.98019516095519,
8435,41.4246239233762,0.3439169377088547,40.97380302846432,
8436,41.43296810798347,0.3509758971631527,40.9768670797348,
8437,42.182138888165355,1.0562450625002384,41.0085110925138,
8438,41.44357517361641,0.34513790160417557,40.99418921396136,
8439,41.46550712175667,0.34803198650479317,41.01324011571705,
8440,41.42212402075529,0.341600039973855,40.97502399235964,
8441,41.44124314188957,0.3486808855086565,40.98861920647323,
8442,41.45419108681381,0.3443639725446701,41.004365077242255,
8443,41.45004297606647,0.34229387529194355,40.99944420158863,
8444,41.424599941819906,0.340891070663929,40.97943194210529,
8445,41.42562695778906,0.3390780184417963,40.9817670006305,
8446,41.45131912082434,0.34498306922614574,41.00077203474939,
8447,41.428657015785575,0.3387019969522953,40.985584957525134,
8448,41.41957499086857,0.34820311702787876,40.96638597548008,
8449,41.42932500690222,0.3386959433555603,40.98501009866595,
8450,41.471281088888645,0.347458990290761,41.016852017492056,
8451,41.43769200891256,0.34092506393790245,40.99101107567549,
8452,41.45539412274957,0.34061912447214127,41.006797924637794,
8453,42.153709102422,1.032751053571701,41.005498031154275,
8454,41.456010891124606,0.34941802732646465,41.00211290642619,
8455,41.4670049212873,0.34862011671066284,41.01316095329821,
8456,41.461545042693615,0.3410589415580034,41.01399495266378,
8457,41.427019983530045,0.3467260394245386,40.97251407802105,
8458,41.45347699522972,0.3398740664124489,41.00934905000031,
8459,41.44223593175411,0.3437441773712635,40.99404904991388,
8460,41.42347606830299,0.34334883093833923,40.97193409688771,
8461,41.44436097703874,0.33756205812096596,41.00147681310773,
8462,41.42318805679679,0.34734210930764675,40.97112989984453,
8463,41.4389839861542,0.34304801374673843,40.990139124915004,
8464,41.43185797147453,0.3515270072966814,40.97448289394379,
8465,41.433302918449044,0.3405159804970026,40.98818311467767,
8466,41.44279798492789,0.3411828074604273,40.99270701408386,
8467,41.4240590762347,0.3413059748709202,40.977050084620714,
8468,41.420851135626435,0.34233881160616875,40.972040966153145,
8469,42.21612005494535,1.0864520445466042,41.012407978996634,
8470,41.46735998801887,0.34765806049108505,41.01370694115758,
8471,41.4635690394789,0.339629827067256,41.0174319986254,
8472,41.449174052104354,0.339725986123085,41.003163903951645,
8473,41.47455212660134,0.3417748957872391,41.0234690643847,
8474,41.469790041446686,0.34376000985503197,41.02021991275251,
8475,41.45228280685842,0.3425499889999628,40.99945514462888,
8476,41.439968859776855,0.3499069716781378,40.984680177643895,
8477,41.46443703211844,0.3417208790779114,41.0183269996196,
8478,41.46626894362271,0.3505528438836336,41.01023520343006,
8479,41.48000804707408,0.34155999310314655,41.03213199414313,
8480,41.44766600802541,0.3472610842436552,40.99570191465318,
8481,41.45384603179991,0.34220400266349316,41.00576997734606,
8482,41.44256003201008,0.34727505408227444,40.99041712470353,
8483,41.45973199047148,0.3401460126042366,41.013706009835005,
8484,41.44961410202086,0.3500089515000582,40.993559872731566,
8485,42.21538198180497,1.0583170223981142,41.04011110030115,
8486,41.475516045466065,0.3431739751249552,41.026341961696744,
8487,41.45641019567847,0.3525880165398121,40.99987214431167,
8488,41.438758140429854,0.3402570728212595,40.993605041876435,
8489,41.436998173594475,0.3489069640636444,40.98113300278783,
8490,41.4898619055748,0.34032505936920643,41.04487504810095,
8491,41.458192048594356,0.3475330304354429,41.0056218970567,
8492,41.45340598188341,0.34511880949139595,41.00414412096143,
8493,41.435854975134134,0.3401041030883789,40.990527952089906,
8494,41.43809387460351,0.3436028491705656,40.98915704526007,
8495,41.47014277987182,0.34187198616564274,41.02369491010904,
8496,41.422419948503375,0.3433879464864731,40.974273113533854,
8497,41.49911995045841,0.34182192757725716,41.05289396829903,
8498,41.47084103897214,0.3458200953900814,41.020954959094524,
8499,41.453805984929204,0.34385407343506813,41.001742938533425,
8500,41.4596910122782,0.35380409099161625,40.999728022143245,
8501,42.27087018080056,1.0664600413292646,41.08654893934727,
8502,41.475586825981736,0.348696019500494,41.01856588385999,
8503,41.45948402583599,0.34375209361314774,41.01321892812848,
8504,41.507150046527386,0.3453218378126621,41.057368041947484,
8505,41.46080696955323,0.34543988294899464,41.00961796939373,
8506,41.47622990421951,0.346190994605422,41.025520069524646,
8507,41.509082075208426,0.34417700953781605,41.05406510643661,
8508,41.44765413366258,0.34567806869745255,40.99706397391856,
8509,41.43666406162083,0.34790695644915104,40.98494001664221,
8510,41.49016784504056,0.34296000376343727,41.04177514091134,
8511,41.47699382156134,0.3463900648057461,41.02467303164303,
8512,41.429992066696286,0.34287991002202034,40.980675956234336,
8513,41.48242808878422,0.34937215968966484,41.028182953596115,
8514,41.46504099480808,0.34149689599871635,41.01903713308275,
8515,41.44863598048687,0.3475649282336235,40.99591914564371,
8516,41.437818901613355,0.34429109655320644,40.98861198872328,
8517,42.203133925795555,1.0124468244612217,41.07524105347693,
8518,41.47196817211807,0.3478310536593199,41.019270895048976,
8519,41.48214100860059,0.34017907455563545,41.036264039576054,
8520,41.50327597744763,0.34805084578692913,41.04960919357836,
8521,41.48789308965206,0.34129200503230095,41.04236396960914,
8522,41.498209815472364,0.3483670298010111,41.043984005227685,
8523,41.42843815498054,0.3411280922591686,40.98292184062302,
8524,41.49879002943635,0.3529039677232504,41.040387004613876,
8525,41.46787291392684,0.34091994166374207,41.02289606817067,
8526,41.43849108368158,0.3492068499326706,40.984814055263996,
8527,41.47028713487089,0.34075998701155186,41.022340999916196,
8528,41.45195288583636,0.35225600004196167,40.995453018695116,
8529,41.475795209407806,0.34386711195111275,41.02675197646022,
8530,41.485536843538284,0.3520711325109005,41.02765000425279,
8531,41.47758008912206,0.34764898009598255,41.02550190873444,
8532,41.49763681925833,0.34119817428290844,41.051934007555246,
8533,42.20476606860757,1.0098109487444162,41.07851209118962,
8534,41.49734601378441,0.3465949557721615,41.047302074730396,
8535,41.458799969404936,0.34973700530827045,41.00342211313546,
8536,41.49692808277905,0.34486199729144573,41.04728787206113,
8537,41.471600998193026,0.3488771617412567,41.01753304712474,
8538,41.47879802621901,0.3433460369706154,41.02887911722064,
8539,41.471902979537845,0.34963712096214294,41.01811698637903,
8540,41.49108100682497,0.340381870046258,41.044609155505896,
8541,41.50980501435697,0.3514790441840887,41.05264996178448,
8542,41.47156700491905,0.3453749231994152,41.022456949576735,
8543,41.46859794855118,0.3509949892759323,41.01050388999283,
8544,41.46944917738438,0.34838798455893993,41.01622896268964,
8545,41.479273000732064,0.3476790152490139,41.0254611633718,
8546,41.497241938486695,0.34364801831543446,41.04737099260092,
8547,41.52329685166478,0.3493218682706356,41.06755298562348,
8548,41.48294893093407,0.34461612813174725,41.03340790607035,
8549,42.20405989326537,1.0336500126868486,41.053066961467266,
8550,41.507255053147674,0.34886784851551056,41.052241111174226,
8551,41.50309902615845,0.34835212863981724,41.049792896956205,
8552,41.47263499908149,0.35518291406333447,41.01267806254327,
8553,41.52291011996567,0.34471391700208187,41.073079919442534,
8554,41.546826949343085,0.35095098428428173,41.08958295546472,
8555,41.49024607613683,0.3442438319325447,41.04073904454708,
8556,41.49287287145853,0.34583592787384987,41.037945076823235,
8557,41.50715097784996,0.3430789802223444,41.05600109323859,
8558,41.45235405303538,0.3467609640210867,41.00075806491077,
8559,41.45671986043453,0.34733302891254425,41.003725957125425,
8560,41.49233317002654,0.34685595892369747,41.03942890651524,
8561,41.51445301249623,0.35196985118091106,41.05573217384517,
8562,41.482066037133336,0.35366485826671124,41.02062410674989,
8563,41.52636486105621,0.3469930961728096,41.071312967687845,
8564,41.51995899155736,0.3465700428932905,41.06882004998624,
8565,42.2976678237319,1.1038701049983501,41.07624385505915,
8566,41.55268496833742,0.3625359386205673,41.08434007503092,
8567,41.53555608354509,0.3465530462563038,41.08421108685434,
8568,41.518879821524024,0.3528210800141096,41.06020391918719,
8569,41.545361978933215,0.34723710268735886,41.092423954978585,
8570,41.507624089717865,0.35733100958168507,41.04428295977414,
8571,41.497598169371486,0.34157000482082367,41.05199803598225,
8572,41.51420504786074,0.3520080354064703,41.054296074435115,
8573,41.5214360691607,0.3459199797362089,41.07048409059644,
8574,41.476392885670066,0.34380308352410793,41.02716199122369,
8575,41.506855050101876,0.34306501038372517,41.0558870062232,
8576,41.51984094642103,0.34653395414352417,41.0689499694854,
8577,41.511430870741606,0.34471601247787476,41.05749796144664,
8578,41.49637301452458,0.34463685005903244,41.04661103338003,
8579,41.514412965625525,0.3453129902482033,41.06494807638228,
8580,41.51543020270765,0.3450119402259588,41.06554412283003,
8581,42.273964965716004,1.0794079862535,41.076468070968986,
8582,41.50388692505658,0.3542269114404917,41.044329991564155,
8583,41.52502305805683,0.34380494616925716,41.07058513909578,
8584,41.52526007965207,0.3538471646606922,41.06485494412482,
8585,41.54489003121853,0.3423162270337343,41.094083804637194,
8586,41.51909495703876,0.3490559756755829,41.06538090854883,
8587,41.53048503212631,0.3447758499532938,41.08011000789702,
8588,41.50692909024656,0.34340890124440193,41.05963394977152,
8589,41.490526869893074,0.3448610659688711,41.0420058760792,
8590,41.49766406044364,0.3437518607825041,41.04792699217796,
8591,41.536438977345824,0.34816889092326164,41.080455062910914,
8592,41.521373903378844,0.35176496021449566,41.06426192447543,
8593,41.540639009326696,0.35159895196557045,41.08372610062361,
8594,41.48179106414318,0.3453639801591635,41.03032499551773,
8595,41.496539022773504,0.35154400393366814,41.037051007151604,
8596,41.50747903622687,0.3476738929748535,41.05486418120563,
8597,42.35614207573235,1.1340058408677578,41.106045013293624,
8598,41.55707499012351,0.35395193845033646,41.095710126683116,
8599,41.509255999699235,0.3543458878993988,41.05015401728451,
8600,41.496007004752755,0.3458179999142885,41.046214988455176,
8601,41.544715175405145,0.3501172177493572,41.08998388983309,
8602,41.504337918013334,0.34855701960623264,41.051417822018266,
8603,41.5257690474391,0.3540951292961836,41.06232291087508,
8604,41.54458804987371,0.36521092988550663,41.07160400599241,
8605,41.52801004238427,0.3636509645730257,41.057963855564594,
8606,41.48761881515384,0.35282690078020096,41.03068192489445,
8607,41.483948938548565,0.3536820877343416,41.02177685126662,
8608,41.494081960991025,0.3516068682074547,41.03140998631716,
8609,41.57440201379359,0.37643988616764545,41.08904302120209,
8610,41.58609500154853,0.3675660118460655,41.100048925727606,
8611,41.549110086634755,0.38513890467584133,41.0558539442718,
8612,41.52761702425778,0.36278623156249523,41.058000875636935,
8613,42.34233102761209,1.1349720880389214,41.08643112704158,
8614,41.5618761908263,0.35779993049800396,41.09566821716726,
8615,41.534341871738434,0.34592789597809315,41.079021990299225,
8616,41.51961300522089,0.34768995828926563,41.06110497377813,
8617,41.52549686841667,0.3435921389609575,41.07686900533736,
8618,41.56131111085415,0.345572829246521,41.10616119578481,
8619,41.51727887801826,0.3527610097080469,41.057846043258905,
8620,41.49375390261412,0.3628379199653864,41.02549911476672,
8621,41.51472309604287,0.34567713737487793,41.06514807790518,
8622,41.55733506195247,0.3549158573150635,41.097542038187385,
8623,41.511425049975514,0.3435190301388502,41.063898941501975,
8624,41.540487902238965,0.3558909520506859,41.08061292208731,
8625,41.50578798726201,0.3428529016673565,41.05727397836745,
8626,41.54586303047836,0.35507697612047195,41.08620504848659,
8627,41.569038992747664,0.3459108993411064,41.1128350533545,
8628,41.49958211928606,0.3449071664363146,41.050226893275976,
8629,42.31249797157943,1.1186511255800724,41.075303917750716,
8630,41.54895315878093,0.35342294722795486,41.0896260291338,
8631,41.541262064129114,0.3445481415838003,41.09130101278424,
8632,41.50982713326812,0.3525370266288519,41.05370701290667,
8633,41.52438184246421,0.3450659569352865,41.07501311227679,
8634,41.537679033353925,0.34925504587590694,41.08037007972598,
8635,41.54224507510662,0.3452522214502096,41.09237785451114,
8636,41.53782408684492,0.3483130130916834,41.08612495474517,
8637,41.53876891359687,0.34727901220321655,41.08774312771857,
8638,41.538128862157464,0.3446720074862242,41.08884814195335,
8639,41.54415102675557,0.35405904054641724,41.084677912294865,
8640,41.50111600756645,0.3481479361653328,41.04809905402362,
8641,41.57315497286618,0.35689189098775387,41.110591031610966,
8642,41.55324096791446,0.34295395016670227,41.10621800646186,
8643,41.521443985402584,0.3507491201162338,41.06613900512457,
8644,41.54961998574436,0.34578004851937294,41.09710990451276,
8645,42.279088869690895,1.049318816512823,41.10797611065209,
8646,41.511725867167115,0.3435630351305008,41.062672855332494,
8647,41.53278609737754,0.34972396679222584,41.07815399765968,
8648,41.55714111402631,0.34695188514888287,41.105014039203525,
8649,41.54913080856204,0.34862710162997246,41.09573503956199,
8650,41.57414217479527,0.34557306207716465,41.12234199419618,
8651,41.52745194733143,0.3430179785937071,41.07998707331717,
8652,41.51512403041124,0.3419958520680666,41.06612899340689,
8653,41.558444034308195,0.343122985213995,41.11028416082263,
8654,41.53835098259151,0.353541923686862,41.08147509396076,
8655,41.50204383768141,0.34622009843587875,41.05214006267488,
8656,41.52703215368092,0.35491911694407463,41.06696997769177,
8657,41.55676206573844,0.3456328995525837,41.105434065684676,
8658,41.54587001539767,0.35084295086562634,41.090388083830476,
8659,41.5127279702574,0.3444310277700424,41.06357484124601,
8660,41.52443096973002,0.3513600677251816,41.068421909585595,
8661,42.27876500226557,1.0323680471628904,41.128397919237614,
8662,41.58707708120346,0.35618385300040245,41.12645913846791,
8663,41.56983504071832,0.348223140463233,41.11767001450062,
8664,41.51057102717459,0.35789189860224724,41.04723711498082,
8665,41.57353797927499,0.3484748303890228,41.11834708601236,
8666,41.54937784187496,0.350582180544734,41.09334386885166,
8667,41.55713808722794,0.3462899476289749,41.10422683879733,
8668,41.56309203244746,0.3475281409919262,41.10927297733724,
8669,41.531550930812955,0.35277591086924076,41.07378609478474,
8670,41.56154301017523,0.3500471357256174,41.106765856966376,
8671,41.55290895141661,0.3536310978233814,41.0955308470875,
8672,41.57240595668554,0.34984503872692585,41.11772193573415,
8673,41.533084120601416,0.35517592914402485,41.071713203564286,
8674,41.56172112561762,0.3471020609140396,41.10677493736148,
8675,41.56480683013797,0.3490638919174671,41.110092075541615,
8676,41.5828051045537,0.3478648141026497,41.129868011921644,
8677,42.22077410668135,1.006169943138957,41.09921189956367,
8678,41.577666997909546,0.34994701854884624,41.12003487534821,
8679,41.5816439781338,0.3500350285321474,41.126935044303536,
8680,41.57247091643512,0.34527480602264404,41.122547117993236,
8681,41.53593606315553,0.34322310239076614,41.08553798869252,
8682,41.56147805042565,0.35359011963009834,41.10196093097329,
8683,41.560890851542354,0.3462920431047678,41.108365869149566,
8684,41.54959204606712,0.35271397791802883,41.09261999838054,
8685,41.58860491588712,0.3426100593060255,41.14154609851539,
8686,41.56089900061488,0.3498049918562174,41.105997981503606,
8687,41.56006989069283,0.3431278746575117,41.11164598725736,
8688,41.532562114298344,0.34945993684232235,41.07901896350086,
8689,41.56742198392749,0.3520641475915909,41.10921104438603,
8690,41.55184491537511,0.34951604902744293,41.09535785391927,
8691,41.55363515019417,0.3517461009323597,41.095870081335306,
8692,41.56209994107485,0.34625292755663395,41.11005715094507,
8693,42.29190992191434,1.0524571407586336,41.12101090140641,
8694,41.55807802453637,0.34908996894955635,41.102959075942636,
8695,41.587838903069496,0.3476249985396862,41.13356419838965,
8696,41.569255059584975,0.3448429051786661,41.11974616535008,
8697,41.59650392830372,0.3506569191813469,41.13705991767347,
8698,41.55883705243468,0.3449639771133661,41.10812395811081,
8699,41.54630587436259,0.34228991717100143,41.09987919218838,
8700,41.56154906377196,0.35383086651563644,41.102999122813344,
8701,41.53510392643511,0.34577189944684505,41.08459991402924,
8702,41.52685892768204,0.3543091006577015,41.06569988653064,
8703,41.5607038885355,0.34485687501728535,41.11150209791958,
8704,41.561481077224016,0.35246508195996284,41.10383498482406,
8705,41.577180149033666,0.3444401081651449,41.124923853203654,
8706,41.56262706965208,0.34705293364822865,41.11128696240485,
8707,41.54334310442209,0.3456540871411562,41.09350289218128,
8708,41.55860701575875,0.3466710913926363,41.10641102306545,
8709,42.31581883504987,1.0497039183974266,41.147643933072686,
8710,41.57947516068816,0.3492329269647598,41.127191158011556,
8711,41.583182057365775,0.34594908356666565,41.13321006298065,
8712,41.5747610386461,0.34522288478910923,41.1270170006901,
8713,41.580988094210625,0.353784067556262,41.12328100018203,
8714,41.59913887269795,0.3483649343252182,41.14565602503717,
8715,41.53063986450434,0.34720893017947674,41.07896098867059,
8716,41.57593892887235,0.3477360587567091,41.121742920950055,
8717,41.56472580507398,0.34743594005703926,41.11333913169801,
8718,41.569615015760064,0.35278499126434326,41.11208789981902,
8719,41.578102856874466,0.3427059855312109,41.13104403950274,
8720,41.56610602512956,0.3523589111864567,41.109407087787986,
8721,41.602183133363724,0.3453649114817381,41.14655707962811,
8722,41.56581312417984,0.3483840264379978,41.111140977591276,
8723,41.55593900941312,0.3467649221420288,41.103950003162026,
8724,41.555176954716444,0.3450408112257719,41.10371205024421,
8725,42.32081398367882,1.041532028466463,41.159698041155934,
8726,41.576739866286516,0.35011512227356434,41.12119693309069,
8727,41.58364702016115,0.3437008708715439,41.133602149784565,
8728,41.535631055012345,0.3460859879851341,41.08396591618657,
8729,41.56515211798251,0.3510138485580683,41.11052001826465,
8730,41.59163194708526,0.3433478996157646,41.14478710107505,
8731,41.6004559956491,0.34711603075265884,41.14913288503885,
8732,41.58253106288612,0.3471369855105877,41.13155812956393,
8733,41.58898699097335,0.3428568597882986,41.14098008722067,
8734,41.587302926927805,0.3550599794834852,41.126976953819394,
8735,41.55125701799989,0.34491298720240593,41.0984440241009,
8736,41.57424601726234,0.35219592973589897,41.1182870157063,
8737,41.61890805698931,0.3465469926595688,41.16488597355783,
8738,41.60834802314639,0.3476229030638933,41.155796963721514,
8739,41.61447915248573,0.3532390110194683,41.152897058054805,
8740,41.6049521882087,0.3486000932753086,41.15267493762076,
8741,42.36412490718067,1.0610450990498066,41.18686402216554,
8742,41.61496786400676,0.34893001429736614,41.15988384000957,
8743,41.626051999628544,0.351533992215991,41.169752134010196,
8744,41.593194007873535,0.3481539897620678,41.139059932902455,
8745,41.59339005127549,0.34728413447737694,41.14203597418964,
8746,41.589744156226516,0.35599805414676666,41.129279881715775,
8747,41.56310600228608,0.34549180418252945,41.11354309134185,
8748,41.631069034338,0.35410886630415916,41.16673697717488,
8749,41.61673807539046,0.3505449276417494,41.16202215664089,
8750,41.63363506086171,0.3499770537018776,41.179214138537645,
8751,41.575388982892036,0.35337707959115505,41.11828003078699,
8752,41.59408691339195,0.34916913136839867,41.141466004773974,
8753,41.57774895429611,0.3487318754196167,41.120707988739014,
8754,41.59489995799959,0.3454179968684912,41.14436497911811,
8755,41.58266796730459,0.34370901994407177,41.13305197097361,
8756,41.60874802619219,0.3583019133657217,41.14579898305237,
8757,42.31729498133063,1.0416090954095125,41.1589709110558,
8758,41.580999037250876,0.3562280908226967,41.118730092421174,
8759,41.60025995224714,0.34913397394120693,41.14630492404103,
8760,41.587169049307704,0.3550758119672537,41.12782911397517,
8761,41.58984893001616,0.34219096414744854,41.13892512395978,
8762,41.59951698966324,0.34781498834490776,41.14641807973385,
8763,41.60296614281833,0.35737501457333565,41.1405919585377,
8764,41.5838910266757,0.3513938281685114,41.126787196844816,
8765,41.58634506165981,0.3563219215720892,41.12726612947881,
8766,41.60374100320041,0.3489488735795021,41.15106305107474,
8767,41.569497901946306,0.34614698961377144,41.11779108643532,
8768,41.63797106593847,0.3497048746794462,41.183087043464184,
8769,41.58094082958996,0.3484068438410759,41.12596996128559,
8770,41.59330204129219,0.3504001069813967,41.13814700394869,
8771,41.551792062819004,0.3482280299067497,41.09636414796114,
8772,41.55089287087321,0.3460478037595749,41.0999502055347,
8773,42.286444921046495,1.0129408910870552,41.15776903927326,
8774,41.62586200982332,0.35272189415991306,41.16794699802995,
8775,41.57428885810077,0.3504632040858269,41.1179109942168,
8776,41.58803587779403,0.3458559513092041,41.137122083455324,
8777,41.62691696546972,0.3557000309228897,41.16659797728062,
8778,41.6492810472846,0.3469041548669338,41.195034980773926,
8779,41.56378307379782,0.34332601353526115,41.115366853773594,
8780,41.60590097308159,0.34668087027966976,41.1552709992975,
8781,41.619359981268644,0.34482916817069054,41.17065784521401,
8782,41.6224158834666,0.35369815304875374,41.16408294066787,
8783,41.583048878237605,0.34809205681085587,41.13079095259309,
8784,41.600008960813284,0.34814304672181606,41.14796407520771,
8785,41.643942007794976,0.3506590146571398,41.188957169651985,
8786,41.65985994040966,0.34763594157993793,41.20812704786658,
8787,41.632480919361115,0.34915516152977943,41.179087944328785,
8788,41.578443022444844,0.3466049674898386,41.12770990468562,
8789,42.34577412717044,1.0614460334181786,41.167700896039605,
8790,41.64504096843302,0.3505181521177292,41.18961305357516,
8791,41.61285702139139,0.3480499144643545,41.160738095641136,
8792,41.638942901045084,0.3508138470351696,41.18221113458276,
8793,41.652019834145904,0.34683593548834324,41.199462953954935,
8794,41.623888071626425,0.34782406874001026,41.1713148932904,
8795,41.601883014664054,0.353504903614521,41.141334222629666,
8796,41.64960002526641,0.34591718576848507,41.195417987182736,
8797,41.59481287933886,0.3448671195656061,41.144835064187646,
8798,41.5950589813292,0.3495470155030489,41.1394271068275,
8799,41.59429110586643,0.3501300234347582,41.14086693152785,
8800,41.62550112232566,0.35759108141064644,41.16312391124666,
8801,41.62812093272805,0.3476270940154791,41.17141687311232,
8802,41.59614909440279,0.3476149868220091,41.14312888123095,
8803,41.65151598863304,0.3532459959387779,41.194160003215075,
8804,41.60843603312969,0.34685106948018074,41.157053085044026,
8805,42.35007194802165,1.078187022358179,41.15515714511275,
8806,41.645947843790054,0.3537321463227272,41.187237948179245,
8807,41.64038598537445,0.355785945430398,41.17893218062818,
8808,41.65443987585604,0.35208696499466896,41.19879100471735,
8809,41.62349901162088,0.3476289566606283,41.170648066326976,
8810,41.6393110062927,0.35106297582387924,41.18354106321931,
8811,41.65566200390458,0.34887902438640594,41.203481145203114,
8812,41.63620504550636,0.3534171264618635,41.17560386657715,
8813,41.67607217095792,0.35641808062791824,41.215789038687944,
8814,41.65740706957877,0.35052699968218803,41.200543055310845,
8815,41.65897495113313,0.3528180532157421,41.20220593176782,
8816,41.632997104898095,0.36202697083353996,41.166262002661824,
8817,41.63660388439894,0.3493800759315491,41.18163790553808,
8818,41.6194680146873,0.3514781128615141,41.16291902028024,
8819,41.63520806469023,0.35431981086730957,41.17492097429931,
8820,41.6486170142889,0.35165995359420776,41.18862608447671,
8821,42.39133605733514,1.0848429519683123,41.18878487497568,
8822,41.6285099927336,0.35335798747837543,41.17085016332567,
8823,41.63272399455309,0.34920102916657925,41.180087020620704,
8824,41.63319687359035,0.3540290053933859,41.17632005363703,
8825,41.635136818513274,0.35037496127188206,41.1766788456589,
8826,41.648196056485176,0.34692208282649517,41.196187026798725,
8827,41.61090706475079,0.3541349433362484,41.15321789868176,
8828,41.61696904338896,0.3496629651635885,41.16232297383249,
8829,41.62001586519182,0.3534909337759018,41.16227198392153,
8830,41.62002820521593,0.3481600433588028,41.168038034811616,
8831,41.66913288645446,0.3485288470983505,41.21505608782172,
8832,41.60050000064075,0.3540490288287401,41.14182712510228,
8833,41.63861880078912,0.3445239271968603,41.18921793997288,
8834,41.590796085074544,0.35100802779197693,41.1359469871968,
8835,41.610043961554766,0.35520107485353947,41.149085853248835,
8836,41.63815197534859,0.34887506626546383,41.18491103872657,
8837,42.41006216034293,1.0561321396380663,41.23928304761648,
8838,41.638032998889685,0.34924899227917194,41.18088819086552,
8839,41.669192956760526,0.3527258522808552,41.21180600486696,
8840,41.64947499521077,0.3549021203070879,41.190597927197814,
8841,41.65866714902222,0.34558004699647427,41.20540991425514,
8842,41.64400277659297,0.3515221178531647,41.18776600807905,
8843,41.699224850162864,0.3538678865879774,41.23934102244675,
8844,41.633529821410775,0.3475090488791466,41.175876976922154,
8845,41.692817118018866,0.3507339861243963,41.23608814552426,
8846,41.63311095908284,0.3573349677026272,41.172330966219306,
8847,41.63556615822017,0.34626899287104607,41.18395200930536,
8848,41.63369303569198,0.3521731123328209,41.1782490555197,
8849,41.64328402839601,0.3557999152690172,41.18350497446954,
8850,41.628729086369276,0.3510289825499058,41.17330815643072,
8851,41.63918597623706,0.3514518029987812,41.18277598172426,
8852,41.63021710701287,0.3497169818729162,41.177438106387854,
8853,42.368060909211636,1.0397389996796846,41.21221788227558,
8854,41.6208291426301,0.34914910793304443,41.16639890708029,
8855,41.68230900540948,0.3499139565974474,41.22895514592528,
8856,41.66098800487816,0.3564050421118736,41.201703948900104,
8857,41.63560317829251,0.3477558493614197,41.18122812360525,
8858,41.67287307791412,0.34871394746005535,41.21972597204149,
8859,41.69068206101656,0.35835104063153267,41.227150009945035,
8860,41.64885310456157,0.3520131576806307,41.19278397411108,
8861,41.6604820638895,0.34747389145195484,41.207364993169904,
8862,41.647934122011065,0.35421992652118206,41.1894281860441,
8863,41.6974239051342,0.34802895970642567,41.24473803676665,
8864,41.66231187991798,0.34852977842092514,41.2092141341418,
8865,41.6536049451679,0.3493200056254864,41.200019884854555,
8866,41.67282488197088,0.3480110317468643,41.219600941985846,
8867,41.69288813136518,0.3522050101310015,41.23555519618094,
8868,41.65742686018348,0.3554518334567547,41.196309961378574,
8869,42.45695983991027,1.0946011170744896,41.23868979513645,
8870,41.662962175905704,0.35689701326191425,41.20111814700067,
8871,41.66525206528604,0.3569058608263731,41.20302898809314,
8872,41.655199136585,0.34881290048360825,41.201319079846144,
8873,41.642908938229084,0.3491099923849106,41.18880000896752,
8874,41.670497972518206,0.35936501808464527,41.20561294257641,
8875,41.66932008229196,0.34706108272075653,41.21742001734674,
8876,41.63710493594408,0.3493370022624731,41.1835559643805,
8877,41.656641056761146,0.35607488825917244,41.19697492569685,
8878,41.68972303159535,0.3501279279589653,41.2357640452683,
8879,41.64565890096128,0.3494778648018837,41.19105194695294,
8880,41.64597415365279,0.3574548754841089,41.184040950611234,
8881,41.6552210226655,0.35113398917019367,41.20409395545721,
8882,41.63190093822777,0.34953001886606216,41.176629019901156,
8883,41.67018714360893,0.35692588426172733,41.20780504308641,
8884,41.64016409777105,0.35012816078960896,41.1828588694334,
8885,42.40982187911868,1.0795448906719685,41.21192102320492,
8886,41.669456055387855,0.35207695327699184,41.21209611184895,
8887,41.63378197699785,0.34616515040397644,41.18293593637645,
8888,41.654339991509914,0.3619929775595665,41.18857183493674,
8889,41.688660858199,0.3539209719747305,41.231245966628194,
8890,41.67169309221208,0.3553400747478008,41.211277013644576,
8891,41.68151505291462,0.35717617720365524,41.21838603168726,
8892,41.656950023025274,0.35305600613355637,41.19829786941409,
8893,41.71134904026985,0.3486359491944313,41.2570561747998,
8894,41.6824019048363,0.3633031155914068,41.21471499092877,
8895,41.66518407873809,0.34909998066723347,41.211670031771064,
8896,41.66513495147228,0.3496180288493633,41.21114802546799,
8897,41.659303940832615,0.3521579783409834,41.20338405482471,
8898,41.67058109305799,0.3492371179163456,41.2176928948611,
8899,41.65562614798546,0.349320936948061,41.20187391526997,
8900,41.67972900904715,0.3528119996190071,41.22228198684752,
8901,42.44625591672957,1.0842790361493826,41.24511987902224,
8902,41.68358212336898,0.3538799937814474,41.22601309791207,
8903,41.70390195213258,0.36235107108950615,41.23504692688584,
8904,41.66366090066731,0.3505691420286894,41.20723903179169,
8905,41.69933218508959,0.3512999974191189,41.24508402310312,
8906,41.66185692884028,0.3612569998949766,41.197602869942784,
8907,41.69528093189001,0.34955795854330063,41.241711005568504,
8908,41.698761051520705,0.3506599459797144,41.24067001976073,
8909,41.679116897284985,0.35545695573091507,41.218181140720844,
8910,41.67658416554332,0.3529330715537071,41.218437952920794,
8911,41.67354991659522,0.3533340059220791,41.21504700742662,
8912,41.66063712909818,0.35490398295223713,41.200960986316204,
8913,41.70219204388559,0.3502860199660063,41.2481059320271,
8914,41.70730407349765,0.3498680889606476,41.24959697946906,
8915,41.67666914872825,0.349970068782568,41.221468010917306,
8916,41.645819088444114,0.3516669385135174,41.18947219103575,
8917,42.40742512047291,1.0555980261415243,41.23432096093893,
8918,41.693221079185605,0.3580329939723015,41.227540001273155,
8919,41.68119793757796,0.3513710107654333,41.22404009103775,
8920,41.67935601435602,0.3474620170891285,41.22574091888964,
8921,41.710065212100744,0.35565695725381374,41.24997020699084,
8922,41.70857020653784,0.35089999437332153,41.25164309516549,
8923,41.69239103794098,0.3483481705188751,41.23900085687637,
8924,41.69605299830437,0.34706294536590576,41.241964092478156,
8925,41.709233075380325,0.35924604162573814,41.24607192352414,
8926,41.63880506530404,0.34705293364822865,41.18608101271093,
8927,41.70550801791251,0.349289970472455,41.250115958973765,
8928,41.66993615217507,0.35455403849482536,41.204382898285985,
8929,41.70948616228998,0.3455239348113537,41.25840310007334,
8930,41.70050914399326,0.351176131516695,41.24524095095694,
8931,41.65533208288252,0.3523970954120159,41.199009865522385,
8932,41.68286407366395,0.34972699359059334,41.22783895581961,
8933,42.43806307204068,1.0677319951355457,41.25466989353299,
8934,41.69949400238693,0.3600709605962038,41.23353189788759,
8935,41.70022998005152,0.35224203020334244,41.23931797221303,
8936,41.69197310693562,0.3529351670295,41.23499197885394,
8937,41.71294905245304,0.35899714566767216,41.24867101199925,
8938,41.64006793871522,0.3529260866343975,41.18301207199693,
8939,41.715226136147976,0.35036285407841206,41.26127017661929,
8940,41.6884480509907,0.36063697189092636,41.2222680170089,
8941,41.71655490063131,0.35021104849874973,41.26010788604617,
8942,41.70708893798292,0.35111699253320694,41.24927404336631,
8943,41.685987962409854,0.352055998519063,41.222200030460954,
8944,41.68883408419788,0.3643650561571121,41.21476202271879,
8945,41.730986908078194,0.365113141015172,41.257068049162626,
8946,41.6998288128525,0.356792937964201,41.23671189881861,
8947,41.70429799705744,0.3597610630095005,41.23215191066265,
8948,41.667056968435645,0.37731509655714035,41.18336597457528,
8949,42.5187258515507,1.153013901785016,41.24578507617116,
8950,41.72292188741267,0.3700770903378725,41.2471410818398,
8951,41.70751618221402,0.3517959266901016,41.25139303505421,
8952,41.69807187281549,0.3523710183799267,41.240249061957,
8953,41.71214695088565,0.35736896097660065,41.24940698966384,
8954,41.70890897512436,0.34824712201952934,41.25535488128662,
8955,41.710729943588376,0.34737493842840195,41.25489015132189,
8956,41.69571283273399,0.35210815258324146,41.23920388519764,
8957,41.72706604003906,0.35871402360498905,41.26424505375326,
8958,41.73491499386728,0.35196589305996895,41.27766820602119,
8959,41.715892031788826,0.3528089728206396,41.25845502130687,
8960,41.6989978402853,0.35309395752847195,41.24180995859206,
8961,41.69187997467816,0.3597978502511978,41.22740216553211,
8962,41.72531119547784,0.35162107087671757,41.26746184192598,
8963,41.68155696243048,0.34792697988450527,41.229951893910766,
8964,41.67917603626847,0.357386888936162,41.21746099554002,
8965,42.47979214414954,1.1089697945863008,41.25448316335678,
8966,41.73617600463331,0.35956897772848606,41.27183719538152,
8967,41.7438130825758,0.35519199445843697,41.28263099119067,
8968,41.70224000699818,0.35370606929063797,41.244430001825094,
8969,41.697340086102486,0.35363994538784027,41.23765416443348,
8970,41.72512097284198,0.35831285640597343,41.26119799911976,
8971,41.728450916707516,0.3543801140040159,41.27020901069045,
8972,41.72136285342276,0.35389908589422703,41.257550939917564,
8973,41.701050009578466,0.3508420195430517,41.24493291601539,
8974,41.733064921572804,0.35929703153669834,41.269225999712944,
8975,41.73790803179145,0.35294191911816597,41.27851314842701,
8976,41.69503296725452,0.3503919579088688,41.24010493978858,
8977,41.71773511916399,0.3659571520984173,41.2446828559041,
8978,41.702107060700655,0.3609259147197008,41.23564809560776,
8979,41.72500199638307,0.3536590375006199,41.26313398592174,
8980,41.7341070715338,0.35294797271490097,41.27678112126887,
8981,42.52655594609678,1.1004339903593063,41.308043990284204,
8982,41.7300621047616,0.35043596290051937,41.27142112702131,
8983,41.70495504513383,0.3539209719747305,41.24740604311228,
8984,41.70601791702211,0.3550969995558262,41.247923858463764,
8985,41.71612788923085,0.3488000947982073,41.26347787678242,
8986,41.67815903201699,0.34872512333095074,41.22380702756345,
8987,41.677016066387296,0.35218894481658936,41.219634003937244,
8988,41.71651299111545,0.35085389390587807,41.26255796290934,
8989,41.71432903967798,0.35117100924253464,41.259092977270484,
8990,41.70579509809613,0.35610306076705456,41.244923835620284,
8991,41.70022206380963,0.35522598773241043,41.23958689160645,
8992,41.71908996067941,0.3499810118228197,41.26423201523721,
8993,41.6860010009259,0.3520858008414507,41.229175170883536,
8994,41.7251861654222,0.3582281060516834,41.26350395381451,
8995,41.711832862347364,0.348963076248765,41.257916018366814,
8996,41.71107499860227,0.34662592224776745,41.2572450004518,
8997,42.44932206347585,1.0481460485607386,41.28414602018893,
8998,41.72932589426637,0.3533449489623308,41.27118596807122,
8999,41.75147390924394,0.35275891423225403,41.29077401012182,
9000,41.73845984041691,0.34897495061159134,41.2863390520215,
9001,41.703654918819666,0.36043510772287846,41.237262077629566,
9002,41.721055982634425,0.35119103267788887,41.265976848080754,
9003,41.74654092639685,0.3492129035294056,41.293507209047675,
9004,41.69417195953429,0.35458803176879883,41.23310395516455,
9005,41.755493031814694,0.3643329255282879,41.28545196726918,
9006,41.750137927010655,0.35538896918296814,41.29008506424725,
9007,41.71856096945703,0.35372795537114143,41.26045107841492,
9008,41.72341083176434,0.35859993658959866,41.25650506466627,
9009,41.75159987062216,0.36057597026228905,41.28257208503783,
9010,41.74553998745978,0.3600809723138809,41.27594013698399,
9011,41.74489504657686,0.36092684604227543,41.26852098852396,
9012,41.801084065809846,0.39339507929980755,41.29970702342689,
9013,42.590691009536386,1.1614980176091194,41.30501905456185,
9014,41.72024596482515,0.3581380005925894,41.253929026424885,
9015,41.72075912356377,0.35586697049438953,41.2579788826406,
9016,41.74585291184485,0.3613329026848078,41.2746740039438,
9017,41.77125100977719,0.3544620703905821,41.31278698332608,
9018,41.76237084902823,0.3535009454935789,41.30077105946839,
9019,41.758825071156025,0.3565389197319746,41.29800503142178,
9020,41.720639914274216,0.3581130877137184,41.25963803380728,
9021,41.75141709856689,0.3524518106132746,41.2948471494019,
9022,41.73151100985706,0.35224901512265205,41.27027187496424,
9023,41.74007591791451,0.35450118593871593,41.27650381997228,
9024,41.73592012375593,0.35825278609991074,41.27233615145087,
9025,41.70244210399687,0.35207788459956646,41.24433919787407,
9026,41.77600098773837,0.35392981953918934,41.31579608656466,
9027,41.76787892356515,0.3528192173689604,41.30801395513117,
9028,41.74365079961717,0.36474200896918774,41.27503093332052,
9029,42.57352277636528,1.1297229211777449,41.32521408610046,
9030,41.71041608788073,0.3598988987505436,41.245375061407685,
9031,41.77007614634931,0.36237994208931923,41.30275291390717,
9032,41.75464599393308,0.3537088632583618,41.29684017971158,
9033,41.749521158635616,0.35404996015131474,41.29051696509123,
9034,41.72824090346694,0.3560620825737715,41.26755311153829,
9035,41.761294938623905,0.3596050664782524,41.29711794666946,
9036,41.735813952982426,0.3521039616316557,41.2792710121721,
9037,41.73138411715627,0.3540688194334507,41.272588074207306,
9038,41.74066102132201,0.34982897341251373,41.28557606600225,
9039,41.758461855351925,0.3597619943320751,41.29458195529878,
9040,41.74771485850215,0.35688397474586964,41.282877093181014,
9041,41.758161038160324,0.35374099388718605,41.30096407607198,
9042,41.68108501471579,0.3534869756549597,41.224288986995816,
9043,41.73183091916144,0.3592779394239187,41.268028086051345,
9044,41.7334761004895,0.35177008248865604,41.27616994082928,
9045,42.5051199272275,1.0668339673429728,41.32274491712451,
9046,41.744936956092715,0.3574918955564499,41.282352060079575,
9047,41.73562582582235,0.35122199915349483,41.27908404916525,
9048,41.74855491146445,0.3496049903333187,41.29850398749113,
9049,41.73773294314742,0.3546739462763071,41.27823514863849,
9050,41.7446328792721,0.3545901272445917,41.28405498340726,
9051,41.77759098820388,0.35135913640260696,41.32013791240752,
9052,41.75097891129553,0.3499158192425966,41.29473096691072,
9053,41.74536094069481,0.35097706131637096,41.290106950327754,
9054,41.751404060050845,0.35757478326559067,41.28832509741187,
9055,41.76549892872572,0.35187904722988605,41.31012503057718,
9056,41.68948880396783,0.35091582685709,41.23309813439846,
9057,41.739851934835315,0.3517349250614643,41.2825511302799,
9058,41.78351815789938,0.3611920401453972,41.31790599785745,
9059,41.74988600425422,0.3483800683170557,41.297763120383024,
9060,41.72588186338544,0.34972280263900757,41.27331101335585,
9061,42.53001511096954,1.0880508925765753,41.32632398977876,
9062,41.75757500343025,0.3633319865912199,41.28936608321965,
9063,41.7777388356626,0.35508396103978157,41.31612600758672,
9064,41.72505880706012,0.3549510147422552,41.2652431987226,
9065,41.73604189418256,0.35426090471446514,41.27608006820083,
9066,41.77482798695564,0.3654558677226305,41.30467097274959,
9067,41.777819860726595,0.3530180547386408,41.320011019706726,
9068,41.74188617616892,0.3511898685246706,41.286917170509696,
9069,41.76525003276765,0.35599805414676666,41.305298916995525,
9070,41.772655909880996,0.3586472012102604,41.30890499800444,
9071,41.7490778490901,0.35203900188207626,41.2911509629339,
9072,41.763483081012964,0.3523710183799267,41.30532406270504,
9073,41.76280717365444,0.35782880149781704,41.2991251796484,
9074,41.731434874236584,0.35865302197635174,41.268354980275035,
9075,41.78813402540982,0.354937044903636,41.328571969643235,
9076,41.73423605971038,0.35345391370356083,41.27175500616431,
9077,42.52595012076199,1.1002521496266127,41.30961000919342,
9078,41.768868919461966,0.3529610112309456,41.311576031148434,
9079,41.783171938732266,0.34985202364623547,41.32791515439749,
9080,41.73153289593756,0.3542480990290642,41.273262817412615,
9081,41.77085403352976,0.35493308678269386,41.31089593283832,
9082,41.737905936315656,0.3633371088653803,41.26958199776709,
9083,41.78914497606456,0.3517959266901016,41.331016924232244,
9084,41.7420610319823,0.3513169940561056,41.28556209616363,
9085,41.76767496392131,0.3510778769850731,41.31073318421841,
9086,41.749326046556234,0.36048307083547115,41.283311089500785,
9087,41.754834819585085,0.3545710351318121,41.29604599438608,
9088,41.76962119527161,0.3517149016261101,41.310383938252926,
9089,41.778835002332926,0.3499719314277172,41.32429207675159,
9090,41.76507797092199,0.36032102070748806,41.298381984233856,
9091,41.770315961912274,0.3525051288306713,41.312125977128744,
9092,41.7448200751096,0.3515728749334812,41.288345120847225,
9093,42.550086975097656,1.1120829731225967,41.32055398076773,
9094,41.77761706523597,0.363124068826437,41.309098014608026,
9095,41.766302892938256,0.3515200223773718,41.30957112647593,
9096,41.77818517200649,0.3526899963617325,41.320132091641426,
9097,41.7916199658066,0.35334588028490543,41.333906119689345,
9098,41.795789962634444,0.3638351336121559,41.32901690900326,
9099,41.76237480714917,0.3594900481402874,41.30019503645599,
9100,41.78181616589427,0.34975004382431507,41.328968945890665,
9101,41.75245901569724,0.3524429630488157,41.29512212239206,
9102,41.77146404981613,0.3561729099601507,41.31131200119853,
9103,41.79917206056416,0.36162789911031723,41.332334047183394,
9104,41.787887923419476,0.35111093893647194,41.331387124955654,
9105,41.80161701515317,0.35544903948903084,41.3409189786762,
9106,41.76697297953069,0.3532459959387779,41.30891710519791,
9107,41.80267988704145,0.35768188536167145,41.336140129715204,
9108,41.7675981298089,0.3584690857678652,41.30339692346752,
9109,42.529925936833024,1.0752337984740734,41.337187169119716,
9110,41.75042803399265,0.3534459974616766,41.29231907427311,
9111,41.7549810372293,0.35736290737986565,41.29244200885296,
9112,41.758219012990594,0.35062595270574093,41.301107965409756,
9113,41.76846705377102,0.35122386179864407,41.3132740650326,
9114,41.80262587033212,0.35187299363315105,41.34349012747407,
9115,41.79852595552802,0.3540320321917534,41.34001792408526,
9116,41.774753015488386,0.3620479255914688,41.30802908912301,
9117,41.77408013492823,0.35287695936858654,41.317112976685166,
9118,41.75362712703645,0.3540411125868559,41.29268694669008,
9119,41.80403985083103,0.3506590146571398,41.344803059473634,
9120,41.75940505228937,0.3573661670088768,41.29800503142178,
9121,41.8160289991647,0.3508301451802254,41.359283961355686,
9122,41.74275416880846,0.3538720775395632,41.28396394662559,
9123,41.77072201855481,0.35411608405411243,41.31167195737362,
9124,41.80764500051737,0.35642320290207863,41.34676395915449,
9125,42.62535902671516,1.1313988361507654,41.37576511129737,
9126,41.80438490584493,0.3604150842875242,41.33869893848896,
9127,41.79200506769121,0.3553861752152443,41.32837685756385,
9128,41.74828506074846,0.3515391144901514,41.29284084774554,
9129,41.81700409390032,0.3612211439758539,41.350577026605606,
9130,41.803268948569894,0.35540712997317314,41.34167800657451,
9131,41.799478931352496,0.3576630260795355,41.336650028824806,
9132,41.778151877224445,0.35513308830559254,41.318675968796015,
9133,41.788066970184445,0.35032909363508224,41.33303486742079,
9134,41.79799393750727,0.36368193104863167,41.330994106829166,
9135,41.81485902518034,0.3567170351743698,41.353957960382104,
9136,41.802851017564535,0.3523551858961582,41.34474787861109,
9137,41.804451029747725,0.3558939788490534,41.3425681181252,
9138,41.77219397388399,0.35656802356243134,41.308728978037834,
9139,41.8151100166142,0.3584588412195444,41.352043161168694,
9140,41.82528983801603,0.36118808202445507,41.36036685667932,
9141,42.563183000311255,1.0838229209184647,41.36244719848037,
9142,41.79105116054416,0.35476800985634327,41.33132612332702,
9143,41.81198589503765,0.36009401082992554,41.3474019151181,
9144,41.77433694712818,0.35761785693466663,41.31088010035455,
9145,41.79552593268454,0.35314285196363926,41.33806214667857,
9146,41.75886302255094,0.3522241022437811,41.29875800572336,
9147,41.77979798987508,0.3596208989620209,41.31639003753662,
9148,41.77916096523404,0.36084791645407677,41.31323704496026,
9149,41.8133269995451,0.3537260927259922,41.35381989181042,
9150,41.788117960095406,0.3536760341376066,41.329161962494254,
9151,41.76895716227591,0.3520569298416376,41.31286800839007,
9152,41.78405203856528,0.36005000583827496,41.319130919873714,
9153,41.786877904087305,0.36347517743706703,41.31864383816719,
9154,41.80862312205136,0.35421596840023994,41.34909901767969,
9155,41.798488004133105,0.347331166267395,41.34562984108925,
9156,41.84601013548672,0.3528071101754904,41.38407087884843,
9157,42.51776309683919,1.0573728941380978,41.34512413293123,
9158,41.77870508283377,0.3534459974616766,41.31957609206438,
9159,41.81593703106046,0.35555404610931873,41.35511093772948,
9160,41.81689606048167,0.35559386014938354,41.35624994523823,
9161,41.8339220341295,0.3574499860405922,41.36807401664555,
9162,41.79299506358802,0.35724788904190063,41.33048909716308,
9163,41.82052402757108,0.35439501516520977,41.3598099257797,
9164,41.78253188729286,0.3555628936737776,41.32263292558491,
9165,41.775137884542346,0.35238894633948803,41.31344915367663,
9166,41.79083905182779,0.35699084401130676,41.32839501835406,
9167,41.80447105318308,0.36037806421518326,41.339333867654204,
9168,41.79577506147325,0.36351801827549934,41.3258180487901,
9169,41.84202803298831,0.35962113179266453,41.37715790420771,
9170,41.810305090621114,0.35524601116776466,41.350296000018716,
9171,41.78630607202649,0.3563689533621073,41.32524388842285,
9172,41.805199114605784,0.3564620856195688,41.343712946400046,
9173,42.62948106043041,1.1387059930711985,41.37085285037756,
9174,41.82705795392394,0.35373889841139317,41.3670539855957,
9175,41.78043617866933,0.35406509414315224,41.321675991639495,
9176,41.810048976913095,0.3612828440964222,41.34306311607361,
9177,41.81215399876237,0.3581519704312086,41.346670128405094,
9178,41.82559996843338,0.35204505547881126,41.369086131453514,
9179,41.801068000495434,0.35470607690513134,41.34120512753725,
9180,41.80091083981097,0.3516068682074547,41.345126926898956,
9181,41.80185100995004,0.35323482006788254,41.343708988279104,
9182,41.83093295432627,0.35848584957420826,41.36845516040921,
9183,41.78262688219547,0.35803718492388725,41.32042499259114,
9184,41.79089795798063,0.3540799953043461,41.33282694965601,
9185,41.77260980941355,0.352323055267334,41.316155809909105,
9186,41.80754907429218,0.35228393971920013,41.35023197159171,
9187,41.84852493926883,0.3607550170272589,41.38031601905823,
9188,41.73020110465586,0.3613568842411041,41.265232022851706,
9189,42.57351811975241,1.1029969900846481,41.34943289682269,
9190,41.785098845139146,0.3562129568308592,41.32327507250011,
9191,41.8516939971596,0.3652649465948343,41.3823330309242,
9192,41.7834019754082,0.3602148499339819,41.31810995750129,
9193,41.80909995920956,0.3553270362317562,41.34890506975353,
9194,41.80334787815809,0.3539288882166147,41.3445511367172,
9195,41.818945901468396,0.35130209289491177,41.36366187594831,
9196,41.82734293863177,0.3576860763132572,41.36528284288943,
9197,41.839016834273934,0.36272499710321426,41.37056693434715,
9198,41.79453011602163,0.35411608405411243,41.335597867146134,
9199,41.83235694654286,0.35610515624284744,41.371262865141034,
9200,41.838170029222965,0.356264878064394,41.373140178620815,
9201,41.82715713977814,0.35514100454747677,41.366182966157794,
9202,41.7951459530741,0.35682786256074905,41.335095185786486,
9203,41.815759148448706,0.36010309122502804,41.35075910016894,
9204,41.82052193209529,0.3522951155900955,41.36461578309536,
9205,42.561512906104326,1.0828960221260786,41.36155592277646,
9206,41.823275154456496,0.35887002013623714,41.35883110575378,
9207,41.864910861477256,0.36352407187223434,41.392985032871366,
9208,41.829220950603485,0.3589540719985962,41.36452893726528,
9209,41.884951991960406,0.3548441454768181,41.42632777802646,
9210,41.81153792887926,0.3556839656084776,41.35068692266941,
9211,41.816324926912785,0.3505588974803686,41.35543294250965,
9212,41.8282060418278,0.35608094185590744,41.36581695638597,
9213,41.835688054561615,0.36058109253644943,41.371057042852044,
9214,41.83370806276798,0.3631149884313345,41.36349190957844,
9215,41.83086915872991,0.35265483893454075,41.373212123289704,
9216,41.8427309487015,0.3524820785969496,41.38752887956798,
9217,41.81489790789783,0.35261292941868305,41.35635797865689,
9218,41.81312303990126,0.35424716770648956,41.35182895697653,
9219,41.84378101490438,0.3599850460886955,41.37949296273291,
9220,41.83934908360243,0.3616239409893751,41.37246496975422,
9221,42.56181395612657,1.0565260890871286,41.38818895444274,
9222,41.79407516494393,0.35608792677521706,41.3329959847033,
9223,41.824626037850976,0.35913800820708275,41.36094800196588,
9224,41.821069084107876,0.36405492573976517,41.352031053975224,
9225,41.82282811962068,0.35324995405972004,41.36485094204545,
9226,41.80016997270286,0.3518939483910799,41.343356017023325,
9227,41.802684077993035,0.35337009467184544,41.34053201414645,
9228,41.809997987002134,0.35407301038503647,41.34978400543332,
9229,41.80247685872018,0.3608390688896179,41.337667033076286,
9230,41.83025495149195,0.3631140571087599,41.3612590637058,
9231,41.85137618333101,0.3564239013940096,41.38999502174556,
9232,41.86279093846679,0.35336893051862717,41.40306310728192,
9233,41.84652911499143,0.35193213261663914,41.38552397489548,
9234,41.83572600595653,0.3561589401215315,41.37442586943507,
9235,41.85375478118658,0.3620111383497715,41.38454399071634,
9236,41.86056484468281,0.3634658642113209,41.390241123735905,
9237,42.567514115944505,1.0461148340255022,41.40433017164469,
9238,41.83391202241182,0.3557188902050257,41.37119906954467,
9239,41.859071934595704,0.3532951232045889,41.39995505101979,
9240,41.830834932625294,0.3586190287023783,41.366738034412265,
9241,41.879176860675216,0.3597831819206476,41.414705803617835,
9242,41.860484052449465,0.364942941814661,41.39163508079946,
9243,41.89667594619095,0.35481411032378674,41.43645684234798,
9244,41.81552003137767,0.3556739538908005,41.355196153745055,
9245,41.84981109574437,0.3534399438649416,41.38825018890202,
9246,41.805434972047806,0.35052397288382053,41.34848900139332,
9247,41.83084983378649,0.36159600131213665,41.364945005625486,
9248,41.82116803713143,0.36217388696968555,41.35101614519954,
9249,41.83113691397011,0.35325996577739716,41.37391108088195,
9250,41.84189299121499,0.35593798384070396,41.38005804270506,
9251,41.86690901406109,0.3547980450093746,41.40684683807194,
9252,41.84165201149881,0.3525509964674711,41.38247296214104,
9253,42.555479099974036,1.0223309509456158,41.41422803513706,
9254,41.866528103128076,0.35806791856884956,41.40193993225694,
9255,41.87305201776326,0.3517798613756895,41.4165030233562,
9256,41.84091999195516,0.35247718915343285,41.3847949821502,
9257,41.87489300966263,0.3544690553098917,41.413252940401435,
9258,41.80891392752528,0.35333004780113697,41.35023197159171,
9259,41.885006008669734,0.36629405803978443,41.414398001506925,
9260,41.84122500009835,0.3630609717220068,41.37439001351595,
9261,41.8391190469265,0.3554311115294695,41.37536394409835,
9262,41.822375962510705,0.35918899811804295,41.35746601969004,
9263,41.86293203383684,0.35501900129020214,41.401581838727,
9264,41.85781115666032,0.3571950364857912,41.39537597075105,
9265,41.869313921779394,0.3560199402272701,41.402766946703196,
9266,41.88278503715992,0.36239600740373135,41.41479800455272,
9267,41.85300786048174,0.364846084266901,41.38294397853315,
9268,41.838094126433134,0.35512587055563927,41.37945198453963,
9269,42.631697840988636,1.1031280737370253,41.40734486281872,
9270,41.880578035488725,0.3584630321711302,41.41723387874663,
9271,41.859511053189635,0.3617480397224426,41.39348701573908,
9272,41.87047900632024,0.3631028812378645,41.40305914916098,
9273,41.852968046441674,0.3671769518405199,41.37842915952206,
9274,41.86611482873559,0.35369303077459335,41.40653996728361,
9275,41.90494818612933,0.3586709499359131,41.44169995561242,
9276,41.88081808388233,0.35597081296145916,41.41984414309263,
9277,41.810379130765796,0.3584800288081169,41.34415392763913,
9278,41.87715100124478,0.36005093716084957,41.41076095402241,
9279,41.868325090035796,0.3573258873075247,41.405656142160296,
9280,41.88210191205144,0.35984907299280167,41.418336099013686,
9281,41.863888036459684,0.36278110928833485,41.391181061044335,
9282,41.881666984409094,0.3513579722493887,41.42590705305338,
9283,41.86263703741133,0.3518161829560995,41.40610480681062,
9284,41.842195903882384,0.35706209018826485,41.38096189126372,
9285,42.69540496170521,1.1054768692702055,41.46943404339254,
9286,41.880341013893485,0.36800792440772057,41.40420211479068,
9287,41.90478194504976,0.3666551783680916,41.43328801728785,
9288,41.87254304997623,0.36356993950903416,41.4033739361912,
9289,41.852167109027505,0.3568059764802456,41.390361031517386,
9290,41.872542817145586,0.354542164131999,41.414002887904644,
9291,41.89012083224952,0.3563128411769867,41.42984515056014,
9292,41.83076415210962,0.3534040879458189,41.37199488468468,
9293,41.868795873597264,0.35416497848927975,41.41042218543589,
9294,41.827889857813716,0.35657803528010845,41.365733137354255,
9295,41.87066596932709,0.36409986205399036,41.402345057576895,
9296,41.84677894227207,0.3652479499578476,41.375668020918965,
9297,41.874725837260485,0.3561568446457386,41.4128799457103,
9298,41.852270951494575,0.3561598714441061,41.39116406440735,
9299,41.86594090424478,0.35479594953358173,41.40315391123295,
9300,41.81691585108638,0.3554238937795162,41.35374422185123,
9301,42.68387798219919,1.1396689806133509,41.427222080528736,
9302,41.87979479320347,0.35647209733724594,41.41752305440605,
9303,41.911477921530604,0.35668606869876385,41.449416894465685,
9304,41.861021192744374,0.3549610264599323,41.40139603987336,
9305,41.91579204052687,0.35603297874331474,41.45384603179991,
9306,41.8304440099746,0.3518278244882822,41.37301701121032,
9307,41.896339040249586,0.3552651032805443,41.43714904785156,
9308,41.892764158546925,0.3620551433414221,41.426519863307476,
9309,41.91448097117245,0.361085869371891,41.44835309125483,
9310,41.898177936673164,0.3646689001470804,41.42873105593026,
9311,41.877910029143095,0.36374805495142937,41.40943591482937,
9312,41.90394398756325,0.3577901516109705,41.4400608278811,
9313,41.86969599686563,0.3555330913513899,41.40850901603699,
9314,41.86062281951308,0.3481798339635134,41.40692297369242,
9315,41.931914864107966,0.3593810833990574,41.466847993433475,
9316,41.88716597855091,0.3564869984984398,41.42281715758145,
9317,42.622187873348594,1.0731040965765715,41.43171105533838,
9318,41.86646197922528,0.36112195812165737,41.401635156944394,
9319,41.86190292239189,0.35483413375914097,41.40123282559216,
9320,41.89008800312877,0.35887910053133965,41.427678894251585,
9321,41.90845601260662,0.3586981911212206,41.44384479150176,
9322,41.836166055873036,0.35592704080045223,41.3740910589695,
9323,41.8988571036607,0.3512848634272814,41.443363996222615,
9324,41.87395004555583,0.35888003185391426,41.409668046981096,
9325,41.88649891875684,0.36282604560256004,41.41959804110229,
9326,41.86578909866512,0.3625561948865652,41.39805887825787,
9327,41.899962816387415,0.3580688498914242,41.43712413497269,
9328,41.88146791420877,0.3564779181033373,41.42102715559304,
9329,41.88857087865472,0.35353400744497776,41.42942791804671,
9330,41.90153698436916,0.3544141072779894,41.44296678714454,
9331,41.90386994741857,0.35581598058342934,41.44436400383711,
9332,41.884902864694595,0.3546799998730421,41.421900037676096,
9333,42.67022106796503,1.0806932114064693,41.47308599203825,
9334,41.904738172888756,0.36544702015817165,41.43307893536985,
9335,41.89524403773248,0.35423203371465206,41.43545194528997,
9336,41.874130023643374,0.35962299443781376,41.41048388555646,
9337,41.910617146641016,0.35838899202644825,41.447632014751434,
9338,41.91031795926392,0.3564080689102411,41.447491850703955,
9339,41.87458683736622,0.36067492328584194,41.407404001802206,
9340,41.86159698292613,0.36195991560816765,41.39564489014447,
9341,41.92868107929826,0.36207307130098343,41.46173992194235,
9342,41.875299997627735,0.361383194103837,41.41111997887492,
9343,41.89391597174108,0.3651359584182501,41.425355011597276,
9344,41.89389804378152,0.3660030197352171,41.423110058531165,
9345,41.91615106537938,0.35823811776936054,41.453665820881724,
9346,41.876361006870866,0.35701016895473003,41.414356790483,
9347,41.93268599919975,0.36131497472524643,41.468058014288545,
9348,41.891861939802766,0.3589740954339504,41.428760858252645,
9349,42.62989992275834,1.0747790802270174,41.439271066337824,
9350,41.90346598625183,0.36361697129905224,41.43524495884776,
9351,41.92839493043721,0.363500090315938,41.46019998006523,
9352,41.87611700035632,0.3650910221040249,41.4055441506207,
9353,41.95851995609701,0.3539209719747305,41.50149296037853,
9354,41.89441888593137,0.35578105598688126,41.4329469203949,
9355,41.880153119564056,0.3568190149962902,41.41763201914728,
9356,41.864840080961585,0.3562099300324917,41.40317998826504,
9357,41.88549215905368,0.3625571262091398,41.41767090186477,
9358,41.907664155587554,0.3566460218280554,41.4387711789459,
9359,41.893150890246034,0.3591999411582947,41.42816108651459,
9360,41.898464085534215,0.36063301376998425,41.43224190920591,
9361,41.932177962735295,0.3579319454729557,41.46753903478384,
9362,41.89759003929794,0.3661180380731821,41.42736294306815,
9363,41.924586053937674,0.3697809297591448,41.44947696477175,
9364,41.92164307460189,0.35966793075203896,41.45694710314274,
9365,42.731515131890774,1.157000893726945,41.45639995113015,
9366,41.91015497781336,0.36666099913418293,41.436109924688935,
9367,41.931721149012446,0.36009796895086765,41.46594204939902,
9368,41.90401500090957,0.3567838575690985,41.44187597557902,
9369,41.92776000127196,0.3603838849812746,41.46359208971262,
9370,41.90036910586059,0.36206701770424843,41.43547802232206,
9371,41.90976498648524,0.36488985642790794,41.439506923779845,
9372,41.90026200376451,0.3661871887743473,41.42892686650157,
9373,41.95527802221477,0.3666449338197708,41.48450796492398,
9374,41.91723116673529,0.36751292645931244,41.44513397477567,
9375,41.91214800812304,0.35438500344753265,41.453031124547124,
9376,41.913806926459074,0.35779899917542934,41.45049606449902,
9377,41.908941930159926,0.3602390643209219,41.44353582523763,
9378,41.922186966985464,0.3565731458365917,41.459305910393596,
9379,41.92275903187692,0.3598690964281559,41.45849007181823,
9380,41.906173806637526,0.35828491672873497,41.44508205354214,
9381,42.74708102457225,1.1350319255143404,41.491115000098944,
9382,41.91910196095705,0.36763004027307034,41.44654795527458,
9383,41.9502689037472,0.3698489163070917,41.47578915581107,
9384,41.91840114071965,0.3601210191845894,41.453100042417645,
9385,41.94274405017495,0.36200997419655323,41.476206155493855,
9386,41.90357401967049,0.35337195731699467,41.44612606614828,
9387,41.961828945204616,0.35641295835375786,41.500499937683344,
9388,41.91299993544817,0.36058505065739155,41.447011986747384,
9389,41.937703965231776,0.3621140494942665,41.46873508580029,
9390,41.91976599395275,0.35958713851869106,41.455738013610244,
9391,41.91146092489362,0.3582518547773361,41.447235038504004,
9392,41.90887603908777,0.35892706364393234,41.44455515779555,
9393,41.953845880925655,0.3576069138944149,41.48809798061848,
9394,41.892497101798654,0.35803113132715225,41.429297998547554,
9395,41.95652296766639,0.3629489801824093,41.48775083012879,
9396,41.953371139243245,0.3615280147641897,41.48772987537086,
9397,42.803335934877396,1.1774650774896145,41.508066933602095,
9398,41.91510588862002,0.36820885725319386,41.441379114985466,
9399,41.95014503784478,0.36531989462673664,41.47861013188958,
9400,41.92296788096428,0.3586411476135254,41.4564108941704,
9401,42.01753810048103,0.36966498009860516,41.53740196488798,
9402,41.98896395973861,0.3741148393601179,41.50948207825422,
9403,41.955292923375964,0.3642209339886904,41.48648586124182,
9404,41.95841192267835,0.3605571109801531,41.49405797943473,
9405,41.96370090357959,0.35829097032546997,41.49102699011564,
9406,41.98635509237647,0.3808171022683382,41.49459395557642,
9407,41.9697139877826,0.37944596260786057,41.4791340008378,
9408,41.94700205698609,0.38562389090657234,41.45183204673231,
9409,42.048097820952535,0.37607387639582157,41.558477096259594,
9410,41.9534279499203,0.3743541892617941,41.469024028629065,
9411,41.94850893691182,0.37377001717686653,41.467912029474974,
9412,41.956200962886214,0.36805798299610615,41.48155800066888,
9413,42.82485204748809,1.179662998765707,41.52531293220818,
9414,41.94775689393282,0.36436994560062885,41.475134901702404,
9415,41.95918585173786,0.36094198003411293,41.48821602575481,
9416,41.89932392910123,0.3587980754673481,41.431555058807135,
9417,41.953947860747576,0.37554907612502575,41.47113603539765,
9418,41.907134000211954,0.3681520465761423,41.43324191682041,
9419,41.953556006774306,0.36806100979447365,41.4811500813812,
9420,41.91612312570214,0.36852387711405754,41.442774003371596,
9421,41.965675074607134,0.36499486304819584,41.495400946587324,
9422,41.960144182667136,0.361007172614336,41.492778807878494,
9423,41.943046962842345,0.3665632102638483,41.471725795418024,
9424,41.939731920138,0.3593668807297945,41.47331998683512,
9425,41.92037018947303,0.3551100380718708,41.460603941231966,
9426,41.9186451472342,0.3549151588231325,41.45995597355068,
9427,41.935446904972196,0.3579668700695038,41.4703160058707,
9428,41.9267239049077,0.3582101780921221,41.46427498199046,
9429,42.83735202625394,1.2206248939037323,41.4984670933336,
9430,41.93396889604628,0.36832713522017,41.458674939349294,
9431,41.95031197741628,0.361473998054862,41.48417501710355,
9432,41.93666880019009,0.3651450388133526,41.465507820248604,
9433,41.94456501863897,0.3615161404013634,41.47934494540095,
9434,41.96743294596672,0.36658509634435177,41.49599582888186,
9435,41.978794848546386,0.36602793261408806,41.50905506685376,
9436,41.918731993064284,0.36592292599380016,41.44846508279443,
9437,41.96150088682771,0.3691029269248247,41.480794083327055,
9438,41.9366080313921,0.3677720669656992,41.46510595455766,
9439,41.969583136960864,0.36897603422403336,41.4949688129127,
9440,41.955118998885155,0.37031713873147964,41.4788918569684,
9441,41.95768688805401,0.37139211781322956,41.48232005536556,
9442,41.93422291427851,0.3584639634937048,41.4706040173769,
9443,41.95278184488416,0.3571980632841587,41.49132501333952,
9444,41.97963303886354,0.35924394614994526,41.51652194559574,
9445,42.80763305723667,1.1554919183254242,41.53522802516818,
9446,41.95087915286422,0.3597231116145849,41.48574196733534,
9447,41.95059300400317,0.3591680433601141,41.48558690212667,
9448,41.95222305133939,0.35967305302619934,41.48826492018998,
9449,41.968635050579906,0.35906583070755005,41.503697168082,
9450,41.93723411299288,0.3545780200511217,41.47760709747672,
9451,42.031430173665285,0.35875802859663963,41.484134970232844,
9452,41.952777886763215,0.3666349221020937,41.465855902060866,
9453,41.938564041629434,0.36369008012115955,41.469312040135264,
9454,41.95711389183998,0.36293710581958294,41.486436035484076,
9455,41.944429045543075,0.36478089168667793,41.47625807672739,
9456,41.90380498766899,0.35924906842410564,41.43977188505232,
9457,41.96584108285606,0.3697329666465521,41.49037506431341,
9458,41.91700811497867,0.36947010084986687,41.442028945311904,
9459,41.93345597013831,0.36239088512957096,41.466879192739725,
9460,41.9392881449312,0.3680719528347254,41.468248004093766,
9461,42.812574887648225,1.1812490411102772,41.50162800215185,
9462,41.95434786379337,0.3638211637735367,41.48563300259411,
9463,41.940096067264676,0.3611070569604635,41.47345898672938,
9464,41.94750194437802,0.36053499206900597,41.48194403387606,
9465,41.94923606701195,0.3606018144637346,41.483773151412606,
9466,41.96495795622468,0.36168587394058704,41.499391198158264,
9467,41.97815409861505,0.36213197745382786,41.51252587325871,
9468,41.96456796489656,0.35620806738734245,41.504584020003676,
9469,41.982640977948904,0.3584402147680521,41.518252808600664,
9470,41.97215009480715,0.36003091372549534,41.50875122286379,
9471,41.96538403630257,0.3625540994107723,41.49816301651299,
9472,41.94674198515713,0.35711703822016716,41.48547491058707,
9473,41.95631295442581,0.3604909870773554,41.487242095172405,
9474,41.94424184970558,0.3656200133264065,41.468825889751315,
9475,41.9427240267396,0.36204815842211246,41.476303013041615,
9476,41.98901308700442,0.36398391239345074,41.51634592562914,
9477,42.774394154548645,1.1272740084677935,41.52687708847225,
9478,41.96081520058215,0.3720358945429325,41.48299712687731,
9479,41.95390501990914,0.3660349175333977,41.48204508237541,
9480,41.94662719964981,0.3685951232910156,41.47031484171748,
9481,41.952772065997124,0.36645098589360714,41.48128582164645,
9482,41.97260085493326,0.3605918027460575,41.506688110530376,
9483,41.94059385918081,0.35791913978755474,41.478150989860296,
9484,41.9404620770365,0.36058505065739155,41.47636401467025,
9485,41.93848208524287,0.36051799543201923,41.47304315119982,
9486,41.97938903234899,0.36050286144018173,41.51415708474815,
9487,41.984694777056575,0.3606660757213831,41.51989798992872,
9488,41.92988807335496,0.35778991878032684,41.46731994114816,
9489,41.97863815352321,0.36464608274400234,41.51050187647343,
9490,41.95440607145429,0.360389007255435,41.4895610883832,
9491,41.97306698188186,0.3636600449681282,41.50569601915777,
9492,41.95266496390104,0.3595249727368355,41.48495011031628,
9493,42.7423648070544,1.132427016273141,41.49410198442638,
9494,41.980361100286245,0.36080507561564445,41.5153419598937,
9495,42.004596907645464,0.36406097933650017,41.53538215905428,
9496,41.99093906208873,0.3629750572144985,41.52070498093963,
9497,41.96520592086017,0.36490801721811295,41.49609594605863,
9498,41.95684380829334,0.3638290800154209,41.486806934699416,
9499,41.98354505933821,0.3658020868897438,41.5127850137651,
9500,41.988223092630506,0.36538997665047646,41.51553800329566,
9501,41.959415189921856,0.36874390207231045,41.48452612571418,
9502,41.9552200473845,0.36931782960891724,41.481031104922295,
9503,41.95472085848451,0.36923098377883434,41.47917008958757,
9504,41.98318487033248,0.3682600799947977,41.50943295098841,
9505,41.95062397047877,0.371298985555768,41.474479949101806,
9506,41.97396896779537,0.368818873539567,41.49883100762963,
9507,41.986426804214716,0.3657250199466944,41.514890966936946,
9508,41.975904954597354,0.3757541999220848,41.49492899887264,
9509,42.90533810853958,1.232663867995143,41.5557911619544,
9510,42.00892010703683,0.3675681073218584,41.53595492243767,
9511,42.00051398947835,0.3607610706239939,41.5333469863981,
9512,42.00472682714462,0.3568669781088829,41.54221690259874,
9513,41.962745832279325,0.3625929821282625,41.49493505246937,
9514,41.971232974901795,0.3567601088434458,41.508795926347375,
9515,41.99980013072491,0.3609738778322935,41.533386101946235,
9516,41.980260983109474,0.3637969493865967,41.51213797740638,
9517,41.98224190622568,0.3586558159440756,41.51774710044265,
9518,41.98436508886516,0.35909609869122505,41.52096691541374,
9519,41.96754703298211,0.3584569785743952,41.50283010676503,
9520,41.986533207818866,0.3605489619076252,41.51875409297645,
9521,41.996880900114775,0.3595480229705572,41.531673865392804,
9522,41.98216018266976,0.361408106982708,41.51572287082672,
9523,41.99248785153031,0.36053708754479885,41.52662004344165,
9524,41.97489214129746,0.35939784720540047,41.51070397347212,
9525,42.74730081669986,1.0796189308166504,41.549654910340905,
9526,41.992017067968845,0.3600390627980232,41.528122033923864,
9527,41.99792514555156,0.36127399653196335,41.5303441695869,
9528,41.96372302249074,0.3650051075965166,41.49395693093538,
9529,42.020350927487016,0.36272406578063965,41.55293991789222,
9530,41.97331494651735,0.36031915806233883,41.507555870339274,
9531,41.98975418694317,0.35970588214695454,41.52425401844084,
9532,41.97574802674353,0.3583109937608242,41.51231795549393,
9533,41.98486707173288,0.358272111043334,41.52219183743,
9534,41.98288801126182,0.3612940199673176,41.51764581911266,
9535,41.98159999214113,0.36348612047731876,41.51417990215123,
9536,41.994911851361394,0.35958108492195606,41.53043287806213,
9537,41.97387304157019,0.3639501519501209,41.505161905661225,
9538,41.96641594171524,0.3590288106352091,41.502467123791575,
9539,41.976314038038254,0.35758991725742817,41.50993819348514,
9540,41.991461999714375,0.36015710793435574,41.523098945617676,
9541,42.713353876024485,1.0730538051575422,41.52119718492031,
9542,41.98711318895221,0.3720410168170929,41.509608970955014,
9543,41.94774106144905,0.36486913450062275,41.47829092107713,
9544,42.019427055493,0.36976695992052555,41.54456593096256,
9545,41.9732581358403,0.3661271184682846,41.50394699536264,
9546,41.9790749438107,0.36723213270306587,41.50753701105714,
9547,41.96359892375767,0.3657459747046232,41.49357182905078,
9548,41.98648012243211,0.3684170078486204,41.514103999361396,
9549,41.99663898907602,0.37008500657975674,41.521303821355104,
9550,41.99313698336482,0.3668928984552622,41.52212501503527,
9551,42.00778203085065,0.36769709549844265,41.53618891723454,
9552,42.0203369576484,0.3708670847117901,41.541940066963434,
9553,42.031157994642854,0.3719320520758629,41.55245190486312,
9554,41.99834703467786,0.36798790097236633,41.52516508474946,
9555,41.984323877841234,0.3706130664795637,41.51071305386722,
9556,41.99556610547006,0.37003587931394577,41.52097017504275,
9557,42.73829888552427,1.1305189691483974,41.4902048651129,
9558,42.01182583346963,0.3590469714254141,41.54710401780903,
9559,41.99003195390105,0.3614570014178753,41.523578809574246,
9560,42.0179411303252,0.36189891397953033,41.551918955519795,
9561,41.9887900352478,0.35898806527256966,41.5257120039314,
9562,42.00803395360708,0.36155013367533684,41.54085088521242,
9563,41.96547204628587,0.36219297908246517,41.49999609217048,
9564,42.02907904982567,0.35843788646161556,41.5628869086504,
9565,42.014515958726406,0.36166002973914146,41.54740506783128,
9566,41.99526784941554,0.36197900772094727,41.528838919475675,
9567,42.00201202183962,0.3583589568734169,41.53848788700998,
9568,42.03540086746216,0.36651710979640484,41.56404291279614,
9569,42.011689860373735,0.3723979461938143,41.53484897688031,
9570,42.005643947049975,0.3745879512280226,41.52788710780442,
9571,42.03518992289901,0.36661187186837196,41.562480153515935,
9572,42.000955902040005,0.368728069588542,41.5288838557899,
9573,42.795523069798946,1.1077281087636948,41.57088394276798,
9574,42.01389802619815,0.3626949619501829,41.54444904997945,
9575,42.01313387602568,0.36299810744822025,41.54555778950453,
9576,42.02928603626788,0.3599179908633232,41.56450089067221,
9577,41.999923065304756,0.35801692865788937,41.537742130458355,
9578,42.01677301898599,0.35820784978568554,41.55130707658827,
9579,42.00054006651044,0.3638570196926594,41.53171880170703,
9580,41.99995379894972,0.3693080507218838,41.5262458845973,
9581,41.996752144768834,0.3682398237287998,41.523290099576116,
9582,41.99729207903147,0.3664018586277962,41.52634413912892,
9583,41.98958305642009,0.37136697210371494,41.51249793358147,
9584,42.019110871478915,0.3624670207500458,41.55224189162254,
9585,42.00123995542526,0.36710500717163086,41.529451962560415,
9586,42.03182179480791,0.36890595220029354,41.557729011401534,
9587,42.05019096843898,0.36881095729768276,41.57599504105747,
9588,42.00854687951505,0.3681001253426075,41.53468296863139,
9589,42.809553910046816,1.1202001478523016,41.57329490408301,
9590,42.070178082212806,0.3744580317288637,41.59046686254442,
9591,42.01345192268491,0.36910991184413433,41.53827601112425,
9592,42.00599598698318,0.3697520587593317,41.53165593743324,
9593,42.00966819189489,0.3688081633299589,41.53568297624588,
9594,42.03119105659425,0.36903005093336105,41.55862703919411,
9595,42.0429480727762,0.37353113293647766,41.56328993849456,
9596,42.05277003347874,0.3681108355522156,41.57998412847519,
9597,41.99662688188255,0.3662109375,41.5261210873723,
9598,42.0366688631475,0.36992691457271576,41.5612100623548,
9599,42.015169048681855,0.36357808858156204,41.54690890572965,
9600,41.98322398588061,0.36543188616633415,41.5138341486454,
9601,41.99532582424581,0.366471940651536,41.52398114092648,
9602,42.019493179395795,0.37011178210377693,41.54410702176392,
9603,42.000615037977695,0.3675918560475111,41.527864057570696,
9604,42.001038091257215,0.3655380569398403,41.53018398210406,
9605,42.81925014220178,1.1057578958570957,41.5924359112978,
9606,42.0493979472667,0.3666121046990156,41.578799951821566,
9607,41.99100309051573,0.3652509767562151,41.52150498703122,
9608,42.03055799007416,0.3679099027067423,41.55934299342334,
9609,42.0355221722275,0.36713993176817894,41.56410903669894,
9610,42.01885312795639,0.36547891795635223,41.547882137820125,
9611,42.030139127746224,0.36378088407218456,41.55937605537474,
9612,41.97738412767649,0.3577698953449726,41.51447303593159,
9613,42.050539050251245,0.3638900816440582,41.57425998710096,
9614,42.02197911217809,0.36275596357882023,41.54984885826707,
9615,42.016441002488136,0.363226979970932,41.54806397855282,
9616,41.98440513573587,0.3614409361034632,41.51671193540096,
9617,42.02826600521803,0.3603310324251652,41.563709964975715,
9618,42.01034200377762,0.36164093762636185,41.5430529974401,
9619,42.00728493742645,0.3640339709818363,41.541849030181766,
9620,41.9984320178628,0.3613990265876055,41.531858034431934,
9621,42.77099599130452,1.057103043422103,41.59718006849289,
9622,42.020960012450814,0.36479299888014793,41.55092197470367,
9623,42.039773892611265,0.3661159425973892,41.567291133105755,
9624,42.02095605432987,0.3621978685259819,41.553146904334426,
9625,42.00820694677532,0.3626809921115637,41.53897101059556,
9626,42.016581166535616,0.36519207060337067,41.5422769729048,
9627,42.021508095785975,0.3651650622487068,41.551618138328195,
9628,41.996975895017385,0.36012311466038227,41.53142892755568,
9629,42.029305128380656,0.3590609412640333,41.56538215465844,
9630,42.03951987437904,0.3575771115720272,41.578834876418114,
9631,41.98779189027846,0.3642358351498842,41.51940904557705,
9632,42.04622493125498,0.36417716182768345,41.57715383917093,
9633,42.019136948511004,0.3623210359364748,41.5511189494282,
9634,42.00572590343654,0.35893102176487446,41.5420129429549,
9635,42.00729797594249,0.36063301376998425,41.54186393134296,
9636,42.071989038959146,0.36134012043476105,41.60517896525562,
9637,42.73925814777613,1.0594530031085014,41.56261798925698,
9638,42.04145586118102,0.36211893893778324,41.573254158720374,
9639,42.02688601799309,0.36160601302981377,41.561641031876206,
9640,42.03194682486355,0.3615559544414282,41.56600497663021,
9641,42.06525790505111,0.3603929653763771,41.6004229336977,
9642,42.01804380863905,0.36000320687890053,41.55411501415074,
9643,42.09190793335438,0.359285157173872,41.626979829743505,
9644,42.047112016007304,0.36333478055894375,41.57904000021517,
9645,42.04787500202656,0.36273105069994926,41.579704033210874,
9646,42.038698913529515,0.3619338385760784,41.5704851038754,
9647,42.042491026222706,0.36101718433201313,41.57609888352454,
9648,42.02757612802088,0.36650896072387695,41.55785194598138,
9649,42.0353829395026,0.37060794420540333,41.55954602174461,
9650,42.06718388013542,0.3672339953482151,41.594402166083455,
9651,42.07840608432889,0.36709895357489586,41.60404996946454,
9652,42.02150600031018,0.36856113001704216,41.54971707612276,
9653,42.803655844181776,1.0589989833533764,41.627580067142844,
9654,42.04158717766404,0.37554604932665825,41.55949107371271,
9655,42.06099291332066,0.3724098205566406,41.58234200440347,
9656,42.04259789548814,0.3662549424916506,41.57062713056803,
9657,42.04088915139437,0.37176511250436306,41.56384081579745,
9658,42.04258299432695,0.3722389228641987,41.566030122339725,
9659,42.04902588389814,0.3649878781288862,41.577687952667475,
9660,42.04672481864691,0.359121011570096,41.58032895065844,
9661,42.026071110740304,0.3593410365283489,41.562417056411505,
9662,42.010325007140636,0.3621659707278013,41.5426199324429,
9663,42.04651387408376,0.36196294240653515,41.576985036954284,
9664,41.986528085544705,0.3663960378617048,41.51462111622095,
9665,42.06382785923779,0.3674121107906103,41.588996071368456,
9666,42.048954870551825,0.36174990236759186,41.5812311694026,
9667,42.073185089975595,0.3630549181252718,41.60675313323736,
9668,42.057141894474626,0.36589382216334343,41.584954131394625,
9669,42.97222709283233,1.2032401282340288,41.651715990155935,
9670,42.07196109928191,0.37350086495280266,41.59386898390949,
9671,42.083202162757516,0.36512897349894047,41.61327215842903,
9672,42.12284181267023,0.36261603236198425,41.65497701615095,
9673,42.08555701188743,0.37164008244872093,41.60767397843301,
9674,42.04631596803665,0.3715150523930788,41.5697128046304,
9675,42.038694024086,0.3693059552460909,41.560624027624726,
9676,42.04719210974872,0.36758300848305225,41.57392610795796,
9677,42.049068957567215,0.36532292142510414,41.57494311220944,
9678,42.03429212793708,0.3635359462350607,41.568454122170806,
9679,42.065393878147006,0.3665520343929529,41.594289941713214,
9680,42.016723891720176,0.3619980998337269,41.54987586662173,
9681,42.0691198669374,0.3614709712564945,41.60294798202813,
9682,42.074472177773714,0.36646309308707714,41.60350700840354,
9683,42.03559807501733,0.3589328844100237,41.57282807864249,
9684,42.037502862513065,0.36019692197442055,41.56987415626645,
9685,42.86598809994757,1.1545259039849043,41.59522312693298,
9686,42.0532061252743,0.36369613371789455,41.58418998122215,
9687,42.064005974680185,0.3613692242652178,41.596817784011364,
9688,42.01740003190935,0.36304001696407795,41.54970799572766,
9689,42.04432596452534,0.36645191721618176,41.572613874450326,
9690,42.05056489445269,0.3628309350460768,41.580092161893845,
9691,42.08454303443432,0.37168501876294613,41.606762912124395,
9692,42.053437093272805,0.3737357910722494,41.57556314021349,
9693,42.117128148674965,0.371395843103528,41.64016293361783,
9694,42.07692504860461,0.3703399561345577,41.59945994615555,
9695,42.09337895736098,0.37386687472462654,41.61443910561502,
9696,42.064824141561985,0.3646418917924166,41.58773901872337,
9697,42.084655025973916,0.3615180030465126,41.618516901507974,
9698,42.00995992869139,0.3638160414993763,41.54071398079395,
9699,42.07869409583509,0.3576609306037426,41.614066110923886,
9700,42.06338711082935,0.36141020245850086,41.59785597585142,
9701,42.8679131437093,1.1427390854805708,41.60761693492532,
9702,42.042972054332495,0.3649038262665272,41.571800131350756,
9703,42.08782012574375,0.36304304376244545,41.62068897858262,
9704,42.03208815306425,0.3634071908891201,41.56393581070006,
9705,42.09647583775222,0.36443304270505905,41.62648506462574,
9706,42.1058579813689,0.36431499756872654,41.63618991151452,
9707,42.06887795589864,0.36077992990612984,41.601867182180285,
9708,42.04842704348266,0.3746252041310072,41.56876588240266,
9709,42.06229583360255,0.3685138653963804,41.589452186599374,
9710,42.08944388665259,0.37076487205922604,41.6122421156615,
9711,42.08144103176892,0.36710803396999836,41.610236978158355,
9712,42.06725396215916,0.36705401726067066,41.59432207234204,
9713,42.080343002453446,0.36133010871708393,41.61362489685416,
9714,42.06343297846615,0.36464096046984196,41.59202007576823,
9715,42.0477360021323,0.3668100107461214,41.57403181307018,
9716,42.081386083737016,0.3643680829554796,41.61174688488245,
9717,42.80222184024751,1.0803029872477055,41.60469793714583,
9718,42.07729990594089,0.3645750693976879,41.60769795998931,
9719,42.05258097499609,0.3640209324657917,41.581346886232495,
9720,42.084357934072614,0.36464701406657696,41.615362046286464,
9721,42.0754652004689,0.3605610691010952,41.60966700874269,
9722,42.112287832424045,0.3645988181233406,41.64120019413531,
9723,42.0901661273092,0.3622709773480892,41.62279283627868,
9724,42.08005405962467,0.3711879253387451,41.60203109495342,
9725,42.095269076526165,0.36973017267882824,41.62155697122216,
9726,42.091257171705365,0.36549498327076435,41.620932053774595,
9727,42.08703292533755,0.3668530844151974,41.61311686038971,
9728,42.0755238737911,0.3636600449681282,41.6083128657192,
9729,42.069147108122706,0.3626279067248106,41.6005349252373,
9730,42.076510144397616,0.36170496605336666,41.61152895539999,
9731,42.096531949937344,0.36425492726266384,41.62806808017194,
9732,42.07857302390039,0.36239391192793846,41.61330312490463,
9733,42.82482713460922,1.0914490558207035,41.61683400161564,
9734,42.0710239559412,0.362372025847435,41.6032699868083,
9735,42.1031538862735,0.3607810940593481,41.637859074398875,
9736,42.08278702571988,0.36085001192986965,41.617823066189885,
9737,42.11386409588158,0.3657350316643715,41.64264793507755,
9738,42.08292788825929,0.3676558844745159,41.61100601777434,
9739,42.07143490202725,0.36785495467484,41.5991460904479,
9740,42.0720879919827,0.370183028280735,41.59794398583472,
9741,42.08946414291859,0.36702491343021393,41.61263699643314,
9742,42.100510094314814,0.36416295915842056,41.6306818369776,
9743,42.06678015179932,0.36138901486992836,41.600147960707545,
9744,42.082568164914846,0.36537391133606434,41.613331995904446,
9745,42.09255310706794,0.3642530646175146,41.622952092438936,
9746,42.11319494061172,0.36080600693821907,41.64731199853122,
9747,42.119931895285845,0.3654179163277149,41.650150902569294,
9748,42.03513101674616,0.3672849852591753,41.55844799242914,
9749,42.94192977249622,1.161219086498022,41.66391282342374,
9750,42.118869023397565,0.3912639804184437,41.62216908298433,
9751,42.13183303363621,0.37665595300495625,41.65007104165852,
9752,42.123256949707866,0.37124217487871647,41.64603096432984,
9753,42.12299804203212,0.36482512950897217,41.652566054835916,
9754,42.091417824849486,0.3601058851927519,41.626679012551904,
9755,42.104915948584676,0.36469404585659504,41.63587582297623,
9756,42.111441027373075,0.36293407902121544,41.644377866759896,
9757,42.101460974663496,0.36481209099292755,41.629856918007135,
9758,42.084241984412074,0.3707041032612324,41.60764394327998,
9759,42.10533993318677,0.372197013348341,41.62806086242199,
9760,42.06024995073676,0.3711390309035778,41.5839240886271,
9761,42.16555808670819,0.3698919899761677,41.6874592192471,
9762,42.1149639878422,0.36372896283864975,41.64598719216883,
9763,42.0841418672353,0.3629308193922043,41.61487799137831,
9764,42.084215907379985,0.3667909186333418,41.6130730882287,
9765,42.91202686727047,1.1473298072814941,41.6470761410892,
9766,42.11533488705754,0.3703639376908541,41.637922869995236,
9767,42.10524493828416,0.36355084739625454,41.63679503835738,
9768,42.151346104219556,0.36197295412421227,41.68441519141197,
9769,42.12600504979491,0.3732719924300909,41.648132959380746,
9770,42.110360926017165,0.36906683817505836,41.637346148490906,
9771,42.10648708976805,0.37017185240983963,41.62873816676438,
9772,42.08608390763402,0.36291987635195255,41.617376962676644,
9773,42.132360860705376,0.36528497003018856,41.66215122677386,
9774,42.08979592658579,0.36091706715524197,41.624970035627484,
9775,42.10816719569266,0.3636120818555355,41.640699841082096,
9776,42.119533056393266,0.3638740163296461,41.651382111012936,
9777,42.11557493545115,0.371771864593029,41.638524970039725,
9778,42.134452145546675,0.3681390080600977,41.65905597619712,
9779,42.15905396267772,0.3739709500223398,41.678788140416145,
9780,42.055818950757384,0.36539603024721146,41.586196050047874,
9781,42.87355695851147,1.0998628567904234,41.657884139567614,
9782,42.116199154406786,0.364597886800766,41.64311592467129,
9783,42.12800692766905,0.3674081526696682,41.65637493133545,
9784,42.07251104526222,0.36308099515736103,41.60445393063128,
9785,42.13698487728834,0.36556506529450417,41.665622033178806,
9786,42.12877084501088,0.3656980115920305,41.65898193605244,
9787,42.138123186305165,0.363226979970932,41.66947212070227,
9788,42.14681894518435,0.3718119114637375,41.67031403630972,
9789,42.10864007472992,0.3716058563441038,41.62437794730067,
9790,42.067018104717135,0.36410102620720863,41.593499947339296,
9791,42.08387108519673,0.3696668427437544,41.60795104689896,
9792,42.0779250562191,0.36379299126565456,41.60853917710483,
9793,42.11306804791093,0.3630120772868395,41.64508497342467,
9794,42.10595600306988,0.3626779653131962,41.6383040137589,
9795,42.1493798494339,0.3639529459178448,41.68234602548182,
9796,42.10665705613792,0.37196697667241096,41.62971908226609,
9797,42.95646515674889,1.15700694732368,41.68095602653921,
9798,42.1299459412694,0.37158397026360035,41.64952808059752,
9799,42.13912598788738,0.37179095670580864,41.65630298666656,
9800,42.098237900063396,0.3636479377746582,41.62974492646754,
9801,42.12518292479217,0.36240904591977596,41.656333953142166,
9802,42.10941609926522,0.3652020823210478,41.63967096246779,
9803,42.13994601741433,0.36319997161626816,41.66948306374252,
9804,42.09826607257128,0.36191497929394245,41.631432017311454,
9805,42.12241806089878,0.371062895283103,41.6455389931798,
9806,42.12928400374949,0.3707520663738251,41.65190597996116,
9807,42.12935990653932,0.36661303602159023,41.65385686792433,
9808,42.122383834794164,0.3635680768638849,41.653194930404425,
9809,42.127561988309026,0.36526587791740894,41.65640100836754,
9810,42.11327410303056,0.36438507959246635,41.642297990620136,
9811,42.13840304873884,0.36764214746654034,41.665484895929694,
9812,42.12087509222329,0.3620660863816738,41.65317700244486,
9813,42.89878183044493,1.1236609425395727,41.65783990174532,
9814,42.136301985010505,0.3693478647619486,41.66146018542349,
9815,42.14227292686701,0.37334696389734745,41.663840878754854,
9816,42.136627016589046,0.37496909499168396,41.654031025245786,
9817,42.16932295821607,0.36426400765776634,41.69896920211613,
9818,42.10612713359296,0.3628069534897804,41.637839982286096,
9819,42.18571516685188,0.3634991589933634,41.71493579633534,
9820,42.14062914252281,0.367939006537199,41.668746154755354,
9821,42.13524702936411,0.3733769990503788,41.65505594573915,
9822,42.12351213209331,0.3708719741553068,41.64761304855347,
9823,42.1262220479548,0.37258490920066833,41.64854506962001,
9824,42.14013391174376,0.3654321189969778,41.66904394514859,
9825,42.116202879697084,0.36748405545949936,41.642856085672975,
9826,42.140167905017734,0.3648879937827587,41.66866815648973,
9827,42.16625401750207,0.3672020975500345,41.69378289952874,
9828,42.167929001152515,0.374391907826066,41.68748203665018,
9829,43.0244158487767,1.2067961506545544,41.69738502241671,
9830,42.165280086919665,0.3913789987564087,41.66418197564781,
9831,42.168222134932876,0.37523405626416206,41.686112992465496,
9832,42.12971101514995,0.3657101187855005,41.65827506221831,
9833,42.16256202198565,0.3665830008685589,41.68983595445752,
9834,42.176022892817855,0.3666651900857687,41.704091941937804,
9835,42.16017294675112,0.3763509448617697,41.6782689280808,
9836,42.14511811733246,0.37172785960137844,41.667896090075374,
9837,42.13012009859085,0.36699394695460796,41.653748136013746,
9838,42.104911990463734,0.36123604513704777,41.637334041297436,
9839,42.14463196694851,0.36599207669496536,41.672738967463374,
9840,42.07980609498918,0.368237029761076,41.605956153944135,
9841,42.12824418209493,0.36394200287759304,41.65852512232959,
9842,42.14355279691517,0.36587798967957497,41.671331971883774,
9843,42.14101401157677,0.37392391823232174,41.661836905404925,
9844,42.10433689877391,0.3705788403749466,41.623555123806,
9845,42.962559033185244,1.1454259511083364,41.69628699310124,
9846,42.18029999174178,0.36986498162150383,41.701364796608686,
9847,42.14112902991474,0.3677781205624342,41.66499595157802,
9848,42.13505401276052,0.36581791937351227,41.66283900849521,
9849,42.19087096862495,0.36840420216321945,41.71709599904716,
9850,42.133064940571785,0.3710759337991476,41.65746900252998,
9851,42.10804682224989,0.37328386679291725,41.62857518531382,
9852,42.12013119831681,0.3688510041683912,41.646618861705065,
9853,42.1274621039629,0.36914809606969357,41.65193997323513,
9854,42.14606899768114,0.3635990433394909,41.67744284495711,
9855,42.177236871793866,0.36454806104302406,41.704403003677726,
9856,42.16145910322666,0.3635610919445753,41.69158497825265,
9857,42.16126399114728,0.3731700126081705,41.68535699136555,
9858,42.136026080697775,0.3672197926789522,41.660301154479384,
9859,42.1629729680717,0.36571803502738476,41.687521850690246,
9860,42.16863005422056,0.36971899680793285,41.69460595585406,
9861,42.98301599919796,1.157267950475216,41.70792200602591,
9862,42.18029207549989,0.3664279356598854,41.708621894940734,
9863,42.200067080557346,0.36822608672082424,41.72645206563175,
9864,42.15599107556045,0.36948989145457745,41.68144008144736,
9865,42.14520798996091,0.3724680282175541,41.665270924568176,
9866,42.17329388484359,0.365318963304162,41.70292988419533,
9867,42.16379392892122,0.36573014222085476,41.691789869219065,
9868,42.1492038294673,0.36259996704757214,41.68057604692876,
9869,42.14798682369292,0.3682889509946108,41.671853978186846,
9870,42.15553589165211,0.3696570638567209,41.68045497499406,
9871,42.14408411644399,0.37346803583204746,41.661777067929506,
9872,42.183352867141366,0.3659848589450121,41.71173111535609,
9873,42.15821693651378,0.365968095138669,41.686241049319506,
9874,42.16375504620373,0.36473292857408524,41.691828053444624,
9875,42.16515994630754,0.36249682307243347,41.697064181789756,
9876,42.130813002586365,0.37012388929724693,41.65761102922261,
9877,43.10926306061447,1.2458551209419966,41.74473788589239,
9878,42.197176022455096,0.37798890843987465,41.71178303658962,
9879,42.175268987193704,0.3678770735859871,41.702709859237075,
9880,42.20221401192248,0.36871014162898064,41.72619991004467,
9881,42.15928609482944,0.370329013094306,41.68246500194073,
9882,42.12801996618509,0.3713970072567463,41.65061307139695,
9883,42.168223997578025,0.37549203261733055,41.67981189675629,
9884,42.152282781898975,0.37154206074774265,41.672480991110206,
9885,42.2044291626662,0.37304405122995377,41.71278793364763,
9886,42.21524600870907,0.4100739024579525,41.6945549659431,
9887,42.19488403759897,0.39286306127905846,41.69558291323483,
9888,42.16167004778981,0.3796331584453583,41.675916872918606,
9889,42.16924589127302,0.3711441531777382,41.686927899718285,
9890,42.16142208315432,0.36831689067184925,41.6879712138325,
9891,42.14268387295306,0.3646900877356529,41.67483211494982,
9892,42.17778681777418,0.3646290861070156,41.70807893387973,
9893,43.05779398418963,1.231153029948473,41.70936392620206,
9894,42.19254502095282,0.3949529491364956,41.6920802090317,
9895,42.169629130512476,0.3696121275424957,41.69229301624,
9896,42.155249044299126,0.3689390141516924,41.682276874780655,
9897,42.1658749692142,0.3700300585478544,41.689804987981915,
9898,42.177833151072264,0.36803213879466057,41.705447947606444,
9899,42.19970596022904,0.37483987398445606,41.720781940966845,
9900,42.171371867880225,0.3757230006158352,41.685455944389105,
9901,42.19590197317302,0.3652889281511307,41.72317101620138,
9902,42.16840793378651,0.36577205173671246,41.696063010022044,
9903,42.1809998806566,0.36688894033432007,41.708365082740784,
9904,42.17382590286434,0.365999061614275,41.70156200416386,
9905,42.181557044386864,0.37105707451701164,41.70453199185431,
9906,42.15798806399107,0.37131505087018013,41.68121097609401,
9907,42.18425997532904,0.3680179361253977,41.71054111793637,
9908,42.193597881123424,0.36673806607723236,41.71771206893027,
9909,43.34704298526049,1.4429409056901932,41.78437008522451,
9910,42.21685905940831,0.38229208439588547,41.7261749971658,
9911,42.209121864289045,0.3703760448843241,41.73207003623247,
9912,42.17166290618479,0.3678521607071161,41.69756197370589,
9913,42.168735060840845,0.3652579616755247,41.69821483083069,
9914,42.18035005033016,0.370444031432271,41.70420113950968,
9915,42.16474201530218,0.37451297976076603,41.68603103607893,
9916,42.172348126769066,0.3667299170047045,41.69677896425128,
9917,42.20698890276253,0.36676391027867794,41.73472407273948,
9918,42.18315496109426,0.36144303157925606,41.713032172992826,
9919,42.19840303994715,0.36404095590114594,41.728628100827336,
9920,42.18268999829888,0.37275394424796104,41.705994168296456,
9921,42.205422883853316,0.37191412411630154,41.72573587857187,
9922,42.18407301232219,0.36935298703610897,41.70857393182814,
9923,42.19648404978216,0.3671359736472368,41.723500937223434,
9924,42.1251708175987,0.3707439173012972,41.65014810860157,
9925,43.062080862000585,1.2136350851505995,41.7317149695009,
9926,42.2010850161314,0.3751520998775959,41.71880194917321,
9927,42.196071008220315,0.3749879542738199,41.7113290168345,
9928,42.16583794914186,0.368479173630476,41.69036797247827,
9929,42.20470413565636,0.3640048671513796,41.73565609380603,
9930,42.20632999204099,0.36276900209486485,41.73865308985114,
9931,42.195740854367614,0.3764110151678324,41.715879924595356,
9932,42.203899938613176,0.3666630946099758,41.725252056494355,
9933,42.17049013823271,0.3663350362330675,41.69875290244818,
9934,42.15950588695705,0.36905892193317413,41.683888994157314,
9935,42.209102073684335,0.3680379595607519,41.73604608513415,
9936,42.171793058514595,0.372069887816906,41.6951640509069,
9937,42.19368100166321,0.3695839550346136,41.718479013070464,
9938,42.177699971944094,0.3637049812823534,41.70775390230119,
9939,42.20484592951834,0.3651541192084551,41.73479788005352,
9940,42.20338189043105,0.37059211172163486,41.72652307897806,
9941,43.07362693361938,1.208071829751134,41.74774116836488,
9942,42.20502986572683,0.3730019088834524,41.72594309784472,
9943,42.231831001117826,0.3653489984571934,41.760270949453115,
9944,42.201631935313344,0.3706319257616997,41.72584507614374,
9945,42.197101982310414,0.3663059324026108,41.72478406690061,
9946,42.2227440867573,0.3781840205192566,41.73992504365742,
9947,42.182683013379574,0.37293718196451664,41.70496785081923,
9948,42.178817791864276,0.36800093948841095,41.70593898743391,
9949,42.20142192207277,0.36730081774294376,41.72938410192728,
9950,42.188402032479644,0.3617189358919859,41.72061197459698,
9951,42.20527596771717,0.37604314275085926,41.7232820764184,
9952,42.204976780340075,0.3762438427656889,41.72045714221895,
9953,42.19586797989905,0.36382698453962803,41.72646696679294,
9954,42.168173007667065,0.3676479682326317,41.69362201355398,
9955,42.18725301325321,0.363966915756464,41.71684291213751,
9956,42.19020181335509,0.3746000584214926,41.7113930452615,
9957,43.038826901465654,1.1774480808526278,41.74360097385943,
9958,42.20901010558009,0.37626689299941063,41.726722149178386,
9959,42.18429303728044,0.3668800927698612,41.71256092377007,
9960,42.20504383556545,0.3645902033895254,41.733858874067664,
9961,42.23306500352919,0.3675741609185934,41.75992403179407,
9962,42.203688994050026,0.3771120682358742,41.72235005535185,
9963,42.173214023932815,0.3650430589914322,41.70151008293033,
9964,42.19748289324343,0.3673178143799305,41.725143091753125,
9965,42.21190721727908,0.36690011620521545,41.739769047126174,
9966,42.21682599745691,0.3643471281975508,41.7455870192498,
9967,42.20258817076683,0.37137302570044994,41.721988935023546,
9968,42.23305219784379,0.3670649603009224,41.755960090085864,
9969,42.1793342102319,0.36667007952928543,41.707674972712994,
9970,42.203883873298764,0.36547891795635223,41.733056074008346,
9971,42.1954900957644,0.3718980588018894,41.71884595416486,
9972,42.20199701376259,0.37295417860150337,41.71997192315757,
9973,43.01295895129442,1.1375830508768559,41.76009795628488,
9974,42.18997713178396,0.3699338994920254,41.713863145560026,
9975,42.22599300555885,0.3709839656949043,41.74821893684566,
9976,42.2062580473721,0.36816904321312904,41.733635822311044,
9977,42.21562994644046,0.37899287417531013,41.73345700837672,
9978,42.23057092167437,0.3751399926841259,41.750274831429124,
9979,42.20164590515196,0.367575092241168,41.728264885023236,
9980,42.256165063008666,0.37262681871652603,41.77975817583501,
9981,42.208591010421515,0.37495512515306473,41.728847892954946,
9982,42.18387487344444,0.3745690919458866,41.70194291509688,
9983,42.19871712848544,0.364513136446476,41.73022694885731,
9984,42.21521900035441,0.36416202783584595,41.744468035176396,
9985,42.235601926222444,0.36512897349894047,41.765933856368065,
9986,42.1893410384655,0.3750179894268513,41.70883307233453,
9987,42.25578089244664,0.3751828335225582,41.77543707191944,
9988,42.1979168895632,0.36697881296277046,41.72492912039161,
9989,42.99875185824931,1.1164951138198376,41.76429403014481,
9990,42.268711840733886,0.36987895146012306,41.79097595624626,
9991,42.23968298174441,0.3795849625021219,41.75333306193352,
9992,42.236327892169356,0.37079094909131527,41.75861785188317,
9993,42.22259484231472,0.3671250306069851,41.75074794329703,
9994,42.21676895394921,0.36934902891516685,41.74087499268353,
9995,42.24123200401664,0.3802799619734287,41.75557708367705,
9996,42.22059505991638,0.3710831515491009,41.741566034033895,
9997,42.20629879273474,0.3670169971883297,41.73352592624724,
9998,42.212198022753,0.36757392808794975,41.74005310051143,
