step,decode_step_ms,plan_ms,forward_ms,strategy
0,6.488770013675094,1.739600906148553,4.636541940271854,shared_2l_dec_tail
1,4.875042010098696,0.27673691511154175,4.488297970965505,shared_2l_dec_tail
2,4.737166920676827,0.26518688537180424,4.364455118775368,shared_2l_dec_tail
3,4.826373886317015,0.2709960099309683,4.447149112820625,shared_2l_dec_tail
4,4.814413841813803,0.27007400058209896,4.436976043507457,shared_2l_dec_tail
5,6.438480922952294,0.7037869654595852,5.604703910648823,shared_2l_dec_tail
6,4.84002404846251,0.26503298431634903,4.4681718572974205,shared_2l_dec_tail
7,4.83504100702703,0.2660320606082678,4.461060976609588,shared_2l_dec_tail
8,4.82372404076159,0.26067113503813744,4.454243928194046,shared_2l_dec_tail
9,4.801057977601886,0.2617649734020233,4.431410925462842,shared_2l_dec_tail
10,4.708805121481419,0.2579039428383112,4.3442819733172655,shared_2l_dec_tail
11,4.818232962861657,0.2569418866187334,4.456427181139588,shared_2l_dec_tail
12,4.7354139387607574,0.2637198194861412,4.3651561718434095,shared_2l_dec_tail
13,4.833740880712867,0.26014214381575584,4.467319929972291,shared_2l_dec_tail
14,4.8120098654180765,0.2647379878908396,4.437132040038705,shared_2l_dec_tail
15,4.725137026980519,0.2590969670563936,4.353247117251158,shared_2l_dec_tail
16,4.8272020649164915,0.2615379635244608,4.457807866856456,shared_2l_dec_tail
17,4.743356956169009,0.2660828176885843,4.3709902092814445,shared_2l_dec_tail
18,4.805666860193014,0.2591630909591913,4.44081099703908,shared_2l_dec_tail
19,4.739242140203714,0.25963992811739445,4.372991155833006,shared_2l_dec_tail
20,4.774806089699268,0.26162806898355484,4.407044034451246,shared_2l_dec_tail
21,5.403019022196531,0.6855220999568701,4.597045015543699,shared_2l_dec_tail
22,4.829285899177194,0.2670539543032646,4.453983157873154,shared_2l_dec_tail
23,4.813174018636346,0.2623440232127905,4.444096004590392,shared_2l_dec_tail
24,4.827731056138873,0.2637759316712618,4.455907037481666,shared_2l_dec_tail
25,4.75679081864655,0.26691495440900326,4.381462931632996,shared_2l_dec_tail
26,4.829686135053635,0.2632429823279381,4.458968061953783,shared_2l_dec_tail
27,4.7709341160953045,0.25952490977942944,4.404240986332297,shared_2l_dec_tail
28,4.816923988983035,0.2615631092339754,4.44612093269825,shared_2l_dec_tail
29,4.713739966973662,0.2619610168039799,4.346838919445872,shared_2l_dec_tail
30,4.779060836881399,0.27175783179700375,4.402492195367813,shared_2l_dec_tail
31,4.732129164040089,0.26062317192554474,4.363904008641839,shared_2l_dec_tail
32,4.748094128444791,0.2611009404063225,4.375593038275838,shared_2l_dec_tail
33,4.72450302913785,0.2624539192765951,4.358683945611119,shared_2l_dec_tail
34,4.776078974828124,0.2694439608603716,4.400074016302824,shared_2l_dec_tail
35,4.79755294509232,0.2608620561659336,4.430277040228248,shared_2l_dec_tail
36,4.736189031973481,0.2630550879985094,4.363389918580651,shared_2l_dec_tail
37,5.3848628886044025,0.6805569864809513,4.5845231506973505,shared_2l_dec_tail
38,4.860272165387869,0.2683571074157953,4.485504003241658,shared_2l_dec_tail
39,4.810024052858353,0.2618487924337387,4.440070129930973,shared_2l_dec_tail
40,4.79175103828311,0.2635209821164608,4.420254146680236,shared_2l_dec_tail
41,4.826971096917987,0.26979390531778336,4.450762178748846,shared_2l_dec_tail
42,4.814103012904525,0.26717688888311386,4.439606098458171,shared_2l_dec_tail
43,4.82694199308753,0.26060198433697224,4.459921037778258,shared_2l_dec_tail
44,4.7591980546712875,0.25880103930830956,4.393802955746651,shared_2l_dec_tail
45,4.810372134670615,0.258343992754817,4.44464897736907,shared_2l_dec_tail
46,4.792392952367663,0.26247394271194935,4.423965932801366,shared_2l_dec_tail
47,4.809967940673232,0.26963395066559315,4.434999078512192,shared_2l_dec_tail
48,4.796084947884083,0.26392797008156776,4.426348954439163,shared_2l_dec_tail
49,4.754530033096671,0.26240013539791107,4.385707899928093,shared_2l_dec_tail
50,4.82287909835577,0.2629249356687069,4.452333087101579,shared_2l_dec_tail
51,4.732457920908928,0.2592247910797596,4.364462103694677,shared_2l_dec_tail
52,4.832370905205607,0.2690339460968971,4.455520072951913,shared_2l_dec_tail
53,5.42166898958385,0.6870799697935581,4.6130879782140255,shared_2l_dec_tail
54,4.827169934287667,0.26678992435336113,4.452103981748223,shared_2l_dec_tail
55,4.734456073492765,0.2693468704819679,4.3572171125561,shared_2l_dec_tail
56,4.8250609543174505,0.26402506045997143,4.453676985576749,shared_2l_dec_tail
57,4.719275049865246,0.2618769649416208,4.351621959358454,shared_2l_dec_tail
58,4.844369133934379,0.26148720644414425,4.468397935852408,shared_2l_dec_tail
59,4.7415748704224825,0.26317196898162365,4.372077994048595,shared_2l_dec_tail
60,4.744826117530465,0.2686888910830021,4.37005702406168,shared_2l_dec_tail
61,4.740537842735648,0.2622469328343868,4.372742027044296,shared_2l_dec_tail
62,4.7859258484095335,0.26451610028743744,4.410559078678489,shared_2l_dec_tail
63,4.703716840595007,0.2622788306325674,4.334995988756418,shared_2l_dec_tail
64,4.798036068677902,0.2684320788830519,4.424345912411809,shared_2l_dec_tail
65,4.724582890048623,0.2613719552755356,4.358152160421014,shared_2l_dec_tail
66,4.833101993426681,0.26353285647928715,4.463191144168377,shared_2l_dec_tail
67,4.765438148751855,0.25976402685046196,4.39844187349081,shared_2l_dec_tail
68,4.763489123433828,0.26794406585395336,4.3879959266632795,shared_2l_dec_tail
69,5.39614399895072,0.6858799606561661,4.5909101609140635,shared_2l_dec_tail
70,4.734746180474758,0.2662499900907278,4.360150080174208,shared_2l_dec_tail
71,4.794191103428602,0.271165044978261,4.414189141243696,shared_2l_dec_tail
72,4.725067876279354,0.2617700956761837,4.354686941951513,shared_2l_dec_tail
73,4.811687162145972,0.2611870877444744,4.445102997124195,shared_2l_dec_tail
74,4.706586012616754,0.26339106261730194,4.334958968684077,shared_2l_dec_tail
75,4.803074058145285,0.2681741025298834,4.425782011821866,shared_2l_dec_tail
76,4.75036702118814,0.271904980763793,4.371672868728638,shared_2l_dec_tail
77,4.758075112476945,0.26289396919310093,4.388625966385007,shared_2l_dec_tail
78,4.812713945284486,0.26146904565393925,4.445112077519298,shared_2l_dec_tail
79,4.732993897050619,0.25953096337616444,4.366833018139005,shared_2l_dec_tail
80,4.836227977648377,0.2698800526559353,4.459815798327327,shared_2l_dec_tail
81,4.81387902982533,0.26600901037454605,4.441912984475493,shared_2l_dec_tail
82,4.752374021336436,0.2624599728733301,4.383346997201443,shared_2l_dec_tail
83,4.83267311938107,0.2617558930069208,4.467897117137909,shared_2l_dec_tail
84,4.820013884454966,0.2651759423315525,4.447046900168061,shared_2l_dec_tail
85,5.394291132688522,0.6909789517521858,4.583102883771062,shared_2l_dec_tail
86,4.86973999068141,0.26984093710780144,4.4937110505998135,shared_2l_dec_tail
87,4.721107194200158,0.26297802105546,4.352513933554292,shared_2l_dec_tail
88,4.807566991075873,0.2704779617488384,4.429277963936329,shared_2l_dec_tail
89,4.774284083396196,0.2595130354166031,4.4078880455344915,shared_2l_dec_tail
90,4.806793062016368,0.2640979364514351,4.435630049556494,shared_2l_dec_tail
91,4.727558000013232,0.25857891887426376,4.35490719974041,shared_2l_dec_tail
92,4.799150861799717,0.2638041041791439,4.42818901501596,shared_2l_dec_tail
93,4.806662909686565,0.2704299986362457,4.431053996086121,shared_2l_dec_tail
94,4.8100389540195465,0.2641079481691122,4.440081072971225,shared_2l_dec_tail
95,4.74465312436223,0.2636890858411789,4.375586053356528,shared_2l_dec_tail
96,4.798145964741707,0.2619179431349039,4.426117055118084,shared_2l_dec_tail
97,4.689423833042383,0.25775888934731483,4.326866008341312,shared_2l_dec_tail
98,4.795996006578207,0.2681140322238207,4.421849036589265,shared_2l_dec_tail
99,4.7785460483282804,0.26440504007041454,4.4092650059610605,shared_2l_dec_tail
100,4.80249198153615,0.26430701836943626,4.43328102119267,shared_2l_dec_tail
101,5.374338943511248,0.686252024024725,4.568129079416394,shared_2l_dec_tail
102,4.79942699894309,0.27088006027042866,4.420744022354484,shared_2l_dec_tail
103,4.729192005470395,0.2634599804878235,4.359253915026784,shared_2l_dec_tail
104,4.813836887478828,0.2654918935149908,4.442863166332245,shared_2l_dec_tail
105,4.7541409730911255,0.2710609696805477,4.377089906483889,shared_2l_dec_tail
106,4.8093178775161505,0.2616110723465681,4.439881071448326,shared_2l_dec_tail
107,4.769412102177739,0.26483694091439247,4.395109135657549,shared_2l_dec_tail
108,4.751279950141907,0.26691704988479614,4.3765949085354805,shared_2l_dec_tail
109,4.810719983652234,0.2712998539209366,4.4318081345409155,shared_2l_dec_tail
110,4.809653852134943,0.26953895576298237,4.431493114680052,shared_2l_dec_tail
111,4.7235258389264345,0.2627309877425432,4.352858057245612,shared_2l_dec_tail
112,4.796659806743264,0.2649619709700346,4.42704907618463,shared_2l_dec_tail
113,4.764823010191321,0.26451493613421917,4.391934024170041,shared_2l_dec_tail
114,4.796514054760337,0.27409312315285206,4.4150277972221375,shared_2l_dec_tail
115,4.790002014487982,0.26174518279731274,4.421193851158023,shared_2l_dec_tail
116,4.821248119696975,0.264858128502965,4.449252970516682,shared_2l_dec_tail
117,5.391446873545647,0.6962809711694717,4.574639955535531,shared_2l_dec_tail
118,4.832640057429671,0.27733598835766315,4.448590101674199,shared_2l_dec_tail
119,4.764565033838153,0.26578502729535103,4.392231814563274,shared_2l_dec_tail
120,4.863057984039187,0.26756408624351025,4.488298902288079,shared_2l_dec_tail
121,4.75114700384438,0.26675290428102016,4.378628917038441,shared_2l_dec_tail
122,4.782127914950252,0.2700511831790209,4.405544837936759,shared_2l_dec_tail
123,4.796711029484868,0.2698369789868593,4.4211759231984615,shared_2l_dec_tail
124,4.7021450009197,0.2641601022332907,4.332693060860038,shared_2l_dec_tail
125,4.808855010196567,0.2658180892467499,4.433027934283018,shared_2l_dec_tail
126,4.711586982011795,0.2600490115582943,4.344976972788572,shared_2l_dec_tail
127,4.799552028998733,0.27027097530663013,4.418323049321771,shared_2l_dec_tail
128,4.724402911961079,0.2636290155351162,4.3530690018087626,shared_2l_dec_tail
129,4.703118000179529,0.26481482200324535,4.329950083047152,shared_2l_dec_tail
130,4.746218910440803,0.2626790665090084,4.377658013254404,shared_2l_dec_tail
131,4.780160030350089,0.27103815227746964,4.4049168936908245,shared_2l_dec_tail
132,4.687231034040451,0.2627819776535034,4.319231025874615,shared_2l_dec_tail
133,5.386909004300833,0.6779439281672239,4.588718991726637,shared_2l_dec_tail
134,4.810140933841467,0.2695589791983366,4.432323155924678,shared_2l_dec_tail
135,4.811506951227784,0.290081137791276,4.4143409468233585,shared_2l_dec_tail
136,4.727811086922884,0.26467815041542053,4.356330959126353,shared_2l_dec_tail
137,4.7957259230315685,0.26319595053792,4.426756175234914,shared_2l_dec_tail
138,4.705887055024505,0.26886281557381153,4.3305091094225645,shared_2l_dec_tail
139,4.8167339991778135,0.26283692568540573,4.447472048923373,shared_2l_dec_tail
140,4.74113691598177,0.2627309877425432,4.372569965198636,shared_2l_dec_tail
141,4.824802046641707,0.2664388157427311,4.451739136129618,shared_2l_dec_tail
142,4.813217092305422,0.2700421027839184,4.437537863850594,shared_2l_dec_tail
143,4.770476138219237,0.2725990489125252,4.389339126646519,shared_2l_dec_tail
144,4.807268967851996,0.26356102898716927,4.4363709166646,shared_2l_dec_tail
145,4.819809924811125,0.26836106553673744,4.442129982635379,shared_2l_dec_tail
146,4.742912016808987,0.2650599926710129,4.36943001113832,shared_2l_dec_tail
147,4.840867128223181,0.27402304112911224,4.451134009286761,shared_2l_dec_tail
148,4.723872989416122,0.27167005464434624,4.34757093898952,shared_2l_dec_tail
149,5.406875163316727,0.691278139129281,4.59520285949111,shared_2l_dec_tail
150,4.853180143982172,0.2767739351838827,4.467278020456433,shared_2l_dec_tail
151,4.7800259198993444,0.27402397245168686,4.397986922413111,shared_2l_dec_tail
152,4.824018804356456,0.266683055087924,4.448876017704606,shared_2l_dec_tail
153,4.728410160169005,0.2640460152179003,4.3583877850323915,shared_2l_dec_tail
154,4.744491772726178,0.2607060596346855,4.376105032861233,shared_2l_dec_tail
155,4.815529799088836,0.2731459680944681,4.436946008354425,shared_2l_dec_tail
156,4.753650864586234,0.2671252004802227,4.37932088971138,shared_2l_dec_tail
157,4.821064881980419,0.2635940909385681,4.45087905973196,shared_2l_dec_tail
158,4.816494882106781,0.2651179675012827,4.444994032382965,shared_2l_dec_tail
159,4.731416003778577,0.26403903029859066,4.36030700802803,shared_2l_dec_tail
160,4.817490931600332,0.2744821831583977,4.436201881617308,shared_2l_dec_tail
161,4.728161031380296,0.26481389068067074,4.358390113338828,shared_2l_dec_tail
162,4.718750016763806,0.2625351771712303,4.348719958215952,shared_2l_dec_tail
163,4.824831150472164,0.26684021577239037,4.450071835890412,shared_2l_dec_tail
164,4.715520888566971,0.2646348439157009,4.3382421135902405,shared_2l_dec_tail
165,5.434039980173111,0.6847709883004427,4.630568204447627,shared_2l_dec_tail
166,4.784245975315571,0.266677001491189,4.41097398288548,shared_2l_dec_tail
167,4.82514500617981,0.2723310608416796,4.446590086445212,shared_2l_dec_tail
168,4.794245818629861,0.2740670461207628,4.414472030475736,shared_2l_dec_tail
169,4.773047985509038,0.26676105335354805,4.402235150337219,shared_2l_dec_tail
170,4.714320879429579,0.2635149285197258,4.341009072959423,shared_2l_dec_tail
171,4.8109230119735,0.2617170102894306,4.438088042661548,shared_2l_dec_tail
172,4.752886947244406,0.2729981206357479,4.371338058263063,shared_2l_dec_tail
173,4.836202831938863,0.2683880738914013,4.461399978026748,shared_2l_dec_tail
174,4.768721992149949,0.266524963080883,4.39547304995358,shared_2l_dec_tail
175,4.815858090296388,0.2665070351213217,4.439500160515308,shared_2l_dec_tail
176,4.7503800597041845,0.2657610457390547,4.378118086606264,shared_2l_dec_tail
177,4.8285010270774364,0.27680001221597195,4.4458049815148115,shared_2l_dec_tail
178,4.743294091895223,0.26423996314406395,4.373417003080249,shared_2l_dec_tail
179,4.863051930442452,0.2656569704413414,4.490191116929054,shared_2l_dec_tail
180,4.734301008284092,0.2641661558300257,4.364110995084047,shared_2l_dec_tail
181,5.366724915802479,0.6835570093244314,4.564217058941722,shared_2l_dec_tail
182,4.84261685051024,0.27101882733404636,4.463786026462913,shared_2l_dec_tail
183,4.722444107756019,0.26429700665175915,4.35080099850893,shared_2l_dec_tail
184,4.824655130505562,0.26543717831373215,4.451278829947114,shared_2l_dec_tail
185,4.766382044181228,0.27473107911646366,4.3850739020854235,shared_2l_dec_tail
186,4.733006004244089,0.2680181059986353,4.358456004410982,shared_2l_dec_tail
187,4.806118085980415,0.26829796843230724,4.433102905750275,shared_2l_dec_tail
188,4.745637997984886,0.2648439258337021,4.37461887486279,shared_2l_dec_tail
189,4.769606981426477,0.2724060323089361,4.391140071675181,shared_2l_dec_tail
190,4.817635053768754,0.26569608598947525,4.445262951776385,shared_2l_dec_tail
191,4.714326933026314,0.26599387638270855,4.340890096500516,shared_2l_dec_tail
192,4.79700998403132,0.2658481243997812,4.425081890076399,shared_2l_dec_tail
193,4.754017107188702,0.2657689619809389,4.381669918075204,shared_2l_dec_tail
194,4.736508009955287,0.272026052698493,4.358584992587566,shared_2l_dec_tail
195,4.754788940772414,0.2658811863511801,4.384235013276339,shared_2l_dec_tail
196,4.798009991645813,0.26322994381189346,4.428836051374674,shared_2l_dec_tail
197,5.406622076407075,0.6891260854899883,4.597045946866274,shared_2l_dec_tail
198,4.754116991534829,0.2692439593374729,4.376248922199011,shared_2l_dec_tail
199,4.843199159950018,0.2713699359446764,4.459716146811843,shared_2l_dec_tail
200,4.746197024360299,0.26749190874397755,4.371830029413104,shared_2l_dec_tail
201,4.857747117057443,0.2747329417616129,4.475714173167944,shared_2l_dec_tail
202,4.725300008431077,0.2738379407674074,4.345329012721777,shared_2l_dec_tail
203,4.819513997063041,0.2662970218807459,4.445462021976709,shared_2l_dec_tail
204,4.843452945351601,0.26709004305303097,4.467000020667911,shared_2l_dec_tail
205,4.7281039878726006,0.2661999315023422,4.356048069894314,shared_2l_dec_tail
206,4.811265971511602,0.27651782147586346,4.429421154782176,shared_2l_dec_tail
207,4.706366918981075,0.26499712839722633,4.334453959017992,shared_2l_dec_tail
208,4.8333159647881985,0.26349094696342945,4.463545046746731,shared_2l_dec_tail
209,4.719852935522795,0.26735407300293446,4.346428904682398,shared_2l_dec_tail
210,4.723160993307829,0.2643209882080555,4.34671388939023,shared_2l_dec_tail
211,4.801332019269466,0.26397593319416046,4.431001842021942,shared_2l_dec_tail
212,4.715814953669906,0.266440911218524,4.343077074736357,shared_2l_dec_tail
213,5.496119847521186,0.6776719819754362,4.699934972450137,shared_2l_dec_tail
214,4.85056103207171,0.2760118804872036,4.468243103474379,shared_2l_dec_tail
215,4.8208029475063086,0.26771798729896545,4.44599287584424,shared_2l_dec_tail
216,4.72435518167913,0.2664250787347555,4.352866904810071,shared_2l_dec_tail
217,4.7989520244300365,0.26318314485251904,4.428846994414926,shared_2l_dec_tail
218,4.777018912136555,0.2733140718191862,4.395507974550128,shared_2l_dec_tail
219,4.80695185251534,0.27294992469251156,4.428246058523655,shared_2l_dec_tail
220,4.773885011672974,0.26703206822276115,4.400797886773944,shared_2l_dec_tail
221,4.814094165340066,0.263832975178957,4.4443688821047544,shared_2l_dec_tail
222,4.757150076329708,0.2660041209310293,4.386777989566326,shared_2l_dec_tail
223,4.824265837669373,0.26951893232762814,4.4493661262094975,shared_2l_dec_tail
224,4.758472088724375,0.27027400210499763,4.381998907774687,shared_2l_dec_tail
225,4.820293979719281,0.2637829165905714,4.4517910573631525,shared_2l_dec_tail
226,4.739557858556509,0.2636329736560583,4.359554033726454,shared_2l_dec_tail
227,4.807419842109084,0.26458711363375187,4.437467083334923,shared_2l_dec_tail
228,4.811072954908013,0.27167098596692085,4.432599991559982,shared_2l_dec_tail
229,5.369182908907533,0.6931058596819639,4.55724005587399,shared_2l_dec_tail
230,4.830951802432537,0.27326191775500774,4.450177075341344,shared_2l_dec_tail
231,4.811990074813366,0.27855602093040943,4.4172960333526134,shared_2l_dec_tail
232,4.744497127830982,0.27962890453636646,4.35532396659255,shared_2l_dec_tail
233,4.807957913726568,0.2700788900256157,4.430531989783049,shared_2l_dec_tail
234,4.81567601673305,0.2670560497790575,4.442517878487706,shared_2l_dec_tail
235,4.8332600854337215,0.26830914430320263,4.458769923076034,shared_2l_dec_tail
236,4.797218134626746,0.26702298782765865,4.41901502199471,shared_2l_dec_tail
237,4.799580899998546,0.2746940590441227,4.418652970343828,shared_2l_dec_tail
238,4.737074952572584,0.26562390848994255,4.364694934338331,shared_2l_dec_tail
239,4.818521905690432,0.26900810189545155,4.4444589875638485,shared_2l_dec_tail
240,4.703951999545097,0.2681219484657049,4.3302790727466345,shared_2l_dec_tail
241,4.725947976112366,0.27503794990479946,4.343715030699968,shared_2l_dec_tail
242,4.796922905370593,0.26535289362072945,4.42487420514226,shared_2l_dec_tail
243,4.738389980047941,0.2657619770616293,4.367359913885593,shared_2l_dec_tail
244,4.777554888278246,0.26948796585202217,4.403494065627456,shared_2l_dec_tail
245,5.3510048892349005,0.6848729681223631,4.5463209971785545,shared_2l_dec_tail
246,4.826088203117251,0.2728709951043129,4.446498118340969,shared_2l_dec_tail
247,4.783828044310212,0.26980089023709297,4.409023094922304,shared_2l_dec_tail
248,4.84201405197382,0.27668802067637444,4.459548043087125,shared_2l_dec_tail
249,4.7656099777668715,0.2786500845104456,4.379127873107791,shared_2l_dec_tail
250,4.830133868381381,0.2707971725612879,4.453779896721244,shared_2l_dec_tail
251,4.828823963180184,0.26750098913908005,4.455382004380226,shared_2l_dec_tail
252,4.748307168483734,0.26617012917995453,4.375922959297895,shared_2l_dec_tail
253,4.738311981782317,0.2759259659796953,4.356637131422758,shared_2l_dec_tail
254,4.8037508968263865,0.2718979958444834,4.424795974045992,shared_2l_dec_tail
255,4.8376149497926235,0.2719159238040447,4.461018135771155,shared_2l_dec_tail
256,4.776635905727744,0.26753381825983524,4.404350183904171,shared_2l_dec_tail
257,4.811808932572603,0.2702868077903986,4.435092210769653,shared_2l_dec_tail
258,4.756267881020904,0.27646194212138653,4.373186035081744,shared_2l_dec_tail
259,4.7746950294822454,0.2751578576862812,4.395217169076204,shared_2l_dec_tail
260,4.741138080134988,0.2698497846722603,4.365197150036693,shared_2l_dec_tail
261,5.418223794549704,0.6847649347037077,4.612983902916312,shared_2l_dec_tail
262,4.863024922087789,0.27170893736183643,4.4851230923086405,shared_2l_dec_tail
263,4.767868900671601,0.26901811361312866,4.3911689426749945,shared_2l_dec_tail
264,4.822479095309973,0.2698209136724472,4.447050159797072,shared_2l_dec_tail
265,4.759870935231447,0.26751402765512466,4.386706976220012,shared_2l_dec_tail
266,4.78483596816659,0.2785918768495321,4.398643039166927,shared_2l_dec_tail
267,4.870376083999872,0.27574109844863415,4.483347060158849,shared_2l_dec_tail
268,4.808407975360751,0.27257204055786133,4.427448846399784,shared_2l_dec_tail
269,4.867661977186799,0.27043791487812996,4.491158062592149,shared_2l_dec_tail
270,4.806319950148463,0.26941695250570774,4.426445113494992,shared_2l_dec_tail
271,4.844062961637974,0.2703201025724411,4.468107828870416,shared_2l_dec_tail
272,4.7464079689234495,0.27796998620033264,4.362592939287424,shared_2l_dec_tail
273,4.851260920986533,0.26938109658658504,4.476297879591584,shared_2l_dec_tail
274,4.729690030217171,0.26682298630476,4.357054829597473,shared_2l_dec_tail
275,4.834226798266172,0.26899902150034904,4.461559001356363,shared_2l_dec_tail
276,4.735342925414443,0.27193292044103146,4.358157981187105,shared_2l_dec_tail
277,5.420360015705228,0.6958479061722755,4.604035057127476,shared_2l_dec_tail
278,4.866815870627761,0.27382909320294857,4.484673961997032,shared_2l_dec_tail
279,4.836302017793059,0.2689738757908344,4.455243004485965,shared_2l_dec_tail
280,4.842343041673303,0.26749190874397755,4.469322971999645,shared_2l_dec_tail
281,4.828979028388858,0.2783488016575575,4.44562011398375,shared_2l_dec_tail
282,4.741388140246272,0.26863906532526016,4.3669098522514105,shared_2l_dec_tail
283,4.839941160753369,0.2711729612201452,4.463586024940014,shared_2l_dec_tail
284,4.826810909435153,0.2695100847631693,4.4514990877360106,shared_2l_dec_tail
285,4.7420780174434185,0.2703731879591942,4.365274915471673,shared_2l_dec_tail
286,4.849499091506004,0.27678092010319233,4.465611884370446,shared_2l_dec_tail
287,4.806031938642263,0.27716695331037045,4.423412028700113,shared_2l_dec_tail
288,4.804898984730244,0.2666900400072336,4.433444002643228,shared_2l_dec_tail
289,4.736406030133367,0.26932405307888985,4.360927036032081,shared_2l_dec_tail
290,4.814231069758534,0.2677070442587137,4.44214791059494,shared_2l_dec_tail
291,4.824004136025906,0.2783869858831167,4.440175136551261,shared_2l_dec_tail
292,4.751569824293256,0.2782128285616636,4.368042107671499,shared_2l_dec_tail
293,5.44096902012825,0.6979890167713165,4.623344866558909,shared_2l_dec_tail
294,4.870102042332292,0.2848070580512285,4.477842012420297,shared_2l_dec_tail
295,4.7670959029346704,0.2763671800494194,4.385540960356593,shared_2l_dec_tail
296,4.821740090847015,0.26765884831547737,4.447573097422719,shared_2l_dec_tail
297,4.834143212065101,0.26989984326064587,4.45864605717361,shared_2l_dec_tail
298,4.815225023776293,0.27125515043735504,4.436821909621358,shared_2l_dec_tail
299,4.815188003703952,0.27211406268179417,4.438048927113414,shared_2l_dec_tail
300,4.849920980632305,0.27761003002524376,4.465447971597314,shared_2l_dec_tail
301,4.847995936870575,0.27896114625036716,4.463142948225141,shared_2l_dec_tail
302,4.805609118193388,0.272874953225255,4.42752311937511,shared_2l_dec_tail
303,4.763890989124775,0.2670111134648323,4.39108582213521,shared_2l_dec_tail
304,4.7943489626049995,0.27190614491701126,4.410075955092907,shared_2l_dec_tail
305,4.854979924857616,0.2698430325835943,4.480300005525351,shared_2l_dec_tail
306,4.844014998525381,0.2764549572020769,4.462230019271374,shared_2l_dec_tail
307,4.752370994538069,0.27385191060602665,4.367830930277705,shared_2l_dec_tail
308,4.785482073202729,0.267264898866415,4.410804016515613,shared_2l_dec_tail
309,5.4511819034814835,0.6978011224418879,4.63148090057075,shared_2l_dec_tail
310,4.836243111640215,0.27999491430819035,4.447543993592262,shared_2l_dec_tail
311,4.76042996160686,0.27108192443847656,4.382672952488065,shared_2l_dec_tail
312,4.8602360766381025,0.2690709661692381,4.483166849240661,shared_2l_dec_tail
313,4.821704933419824,0.27270009741187096,4.44164196960628,shared_2l_dec_tail
314,4.7874148003757,0.272601842880249,4.408420994877815,shared_2l_dec_tail
315,4.753018030896783,0.2776400651782751,4.370098002254963,shared_2l_dec_tail
316,4.79896692559123,0.27125002816319466,4.421771038323641,shared_2l_dec_tail
317,4.817527951672673,0.2704928629100323,4.440081072971225,shared_2l_dec_tail
318,4.816047847270966,0.2697629388421774,4.4392931740731,shared_2l_dec_tail
319,4.83465101569891,0.2696958836168051,4.458571085706353,shared_2l_dec_tail
320,4.890166921541095,0.28086197562515736,4.503174917772412,shared_2l_dec_tail
321,4.77928388863802,0.277114799246192,4.394832998514175,shared_2l_dec_tail
322,4.837032174691558,0.2709389664232731,4.459212068468332,shared_2l_dec_tail
323,4.830715013667941,0.2706300001591444,4.453103058040142,shared_2l_dec_tail
324,4.826465155929327,0.27279602363705635,4.441041965037584,shared_2l_dec_tail
325,5.372073035687208,0.6899209693074226,4.562456160783768,shared_2l_dec_tail
326,4.813456907868385,0.27912785299122334,4.425239050760865,shared_2l_dec_tail
327,4.883335903286934,0.27151405811309814,4.505533026531339,shared_2l_dec_tail
328,4.8395690973848104,0.27354201301932335,4.454405978322029,shared_2l_dec_tail
329,4.823531955480576,0.27041113935410976,4.448440857231617,shared_2l_dec_tail
330,4.793277941644192,0.273415120318532,4.414236871525645,shared_2l_dec_tail
331,4.824282135814428,0.27325982227921486,4.4454161543399096,shared_2l_dec_tail
332,4.8237519804388285,0.26773405261337757,4.450992913916707,shared_2l_dec_tail
333,4.78852610103786,0.27246400713920593,4.411343950778246,shared_2l_dec_tail
334,4.821951035410166,0.27331290766596794,4.440942080691457,shared_2l_dec_tail
335,4.80611901730299,0.27585006318986416,4.425163846462965,shared_2l_dec_tail
336,4.722414072602987,0.27630291879177094,4.340705927461386,shared_2l_dec_tail
337,4.837624961510301,0.26559014804661274,4.466843791306019,shared_2l_dec_tail
338,4.817798966541886,0.27182605117559433,4.440393997356296,shared_2l_dec_tail
339,4.720194032415748,0.26776897720992565,4.3475579004734755,shared_2l_dec_tail
340,4.790530074387789,0.27529592625796795,4.40922100096941,shared_2l_dec_tail
341,5.409574136137962,0.6935959681868553,4.591780947521329,shared_2l_dec_tail
342,4.8789968714118,0.2735150046646595,4.498498048633337,shared_2l_dec_tail
343,4.7396349254995584,0.27684704400599003,4.35732607729733,shared_2l_dec_tail
344,4.847473930567503,0.2810519654303789,4.460644908249378,shared_2l_dec_tail
345,4.805414006114006,0.2690169494599104,4.4315659906715155,shared_2l_dec_tail
346,4.728436935693026,0.27066096663475037,4.349918104708195,shared_2l_dec_tail
347,4.847462987527251,0.2722169738262892,4.470526939257979,shared_2l_dec_tail
348,4.766566911712289,0.2791718579828739,4.379334161058068,shared_2l_dec_tail
349,4.85384208150208,0.2794878091663122,4.468803061172366,shared_2l_dec_tail
350,4.837001906707883,0.27218018658459187,4.457380855455995,shared_2l_dec_tail
351,4.830047953873873,0.2738041803240776,4.4444778468459845,shared_2l_dec_tail
352,4.742063116282225,0.27521513402462006,4.357937024906278,shared_2l_dec_tail
353,4.8129060305655,0.2764069940894842,4.430087981745601,shared_2l_dec_tail
354,4.779625916853547,0.2782139927148819,4.395232070237398,shared_2l_dec_tail
355,4.833920858800411,0.2713561989367008,4.457990871742368,shared_2l_dec_tail
356,4.75284387357533,0.26990193873643875,4.3757709208875895,shared_2l_dec_tail
357,5.412220023572445,0.6801721174269915,4.613236989825964,shared_2l_dec_tail
358,4.856881918385625,0.2739040646702051,4.474095068871975,shared_2l_dec_tail
359,4.843541886657476,0.2716409508138895,4.466121084988117,shared_2l_dec_tail
360,4.774315981194377,0.27286610566079617,4.3949398677796125,shared_2l_dec_tail
361,4.8525650054216385,0.272165983915329,4.4674319215118885,shared_2l_dec_tail
362,4.785242956131697,0.2717359457165003,4.40747500397265,shared_2l_dec_tail
363,4.816030850633979,0.27680094353854656,4.434928996488452,shared_2l_dec_tail
364,4.7723890747874975,0.26821508072316647,4.3980819173157215,shared_2l_dec_tail
365,4.85406699590385,0.2726770471781492,4.4754440896213055,shared_2l_dec_tail
366,4.837363958358765,0.27504400350153446,4.455656977370381,shared_2l_dec_tail
367,4.78409300558269,0.2736039459705353,4.403537139296532,shared_2l_dec_tail
368,4.861267050728202,0.28073391877114773,4.4761900790035725,shared_2l_dec_tail
369,4.773773951455951,0.27862004935741425,4.38912003301084,shared_2l_dec_tail
370,4.8413360491395,0.2666038926690817,4.468537168577313,shared_2l_dec_tail
371,4.772920161485672,0.2737389877438545,4.391958005726337,shared_2l_dec_tail
372,4.845954943448305,0.2696060109883547,4.46705799549818,shared_2l_dec_tail
373,5.402235081419349,0.6917300634086132,4.591200966387987,shared_2l_dec_tail
374,4.874968901276588,0.2769550774246454,4.488765029236674,shared_2l_dec_tail
375,4.837648011744022,0.2730891574174166,4.458023933693767,shared_2l_dec_tail
376,4.760303068906069,0.2732521388679743,4.380331840366125,shared_2l_dec_tail
377,4.855480045080185,0.27667894028127193,4.471539985388517,shared_2l_dec_tail
378,4.848839016631246,0.28030481189489365,4.461624193936586,shared_2l_dec_tail
379,4.788335179910064,0.27375807985663414,4.407438915222883,shared_2l_dec_tail
380,4.814376821741462,0.2733520232141018,4.435346927493811,shared_2l_dec_tail
381,4.794279113411903,0.27269194833934307,4.41058399155736,shared_2l_dec_tail
382,4.843255039304495,0.27131009846925735,4.4661229476332664,shared_2l_dec_tail
383,4.769121063873172,0.28100982308387756,4.381951177492738,shared_2l_dec_tail
384,4.8730820417404175,0.2707699313759804,4.4963720720261335,shared_2l_dec_tail
385,4.823784809559584,0.271426048129797,4.446246894076467,shared_2l_dec_tail
386,4.737249109894037,0.2715778537094593,4.359767073765397,shared_2l_dec_tail
387,4.864831920713186,0.2727578394114971,4.4783600606024265,shared_2l_dec_tail
388,4.845055053010583,0.27283187955617905,4.46610595099628,shared_2l_dec_tail
389,5.4313139989972115,0.7048230618238449,4.606463015079498,shared_2l_dec_tail
390,4.869396099820733,0.2793779131025076,4.4828602112829685,shared_2l_dec_tail
391,4.867488984018564,0.2764130476862192,4.486563848331571,shared_2l_dec_tail
392,4.853291902691126,0.27577695436775684,4.469837993383408,shared_2l_dec_tail
393,4.869665019214153,0.28244219720363617,4.479631781578064,shared_2l_dec_tail
394,4.842440132051706,0.28495118021965027,4.451006883755326,shared_2l_dec_tail
395,4.847236908972263,0.2718709874898195,4.468080122023821,shared_2l_dec_tail
396,4.757875809445977,0.27374597266316414,4.37580794095993,shared_2l_dec_tail
397,4.822283983230591,0.27402210980653763,4.442089004442096,shared_2l_dec_tail
398,4.816087894141674,0.2746810205280781,4.435000009834766,shared_2l_dec_tail
399,4.776213085278869,0.2782209776341915,4.383377963677049,shared_2l_dec_tail
400,4.841426853090525,0.27323001995682716,4.460363881662488,shared_2l_dec_tail
401,4.7694609966129065,0.2722800709307194,4.389494890347123,shared_2l_dec_tail
402,4.812733037397265,0.2746470272541046,4.431164124980569,shared_2l_dec_tail
403,4.775109002366662,0.2731040585786104,4.395856987684965,shared_2l_dec_tail
404,4.840109031647444,0.2792400773614645,4.453177796676755,shared_2l_dec_tail
405,5.435294006019831,0.7032870780676603,4.612132906913757,shared_2l_dec_tail
406,4.84075304120779,0.2784319221973419,4.4574199710041285,shared_2l_dec_tail
407,4.81698801741004,0.27750502340495586,4.433257970958948,shared_2l_dec_tail
408,4.8488720785826445,0.2765120007097721,4.466372076421976,shared_2l_dec_tail
409,4.805282922461629,0.2797439228743315,4.420509096235037,shared_2l_dec_tail
410,4.786092089489102,0.27273595333099365,4.407088039442897,shared_2l_dec_tail
411,4.809023113921285,0.2782968804240227,4.425086081027985,shared_2l_dec_tail
412,4.736972041428089,0.2727340906858444,4.3574178125709295,shared_2l_dec_tail
413,4.834719002246857,0.27915393002331257,4.450863925740123,shared_2l_dec_tail
414,4.794465843588114,0.27797603979706764,4.410407971590757,shared_2l_dec_tail
415,4.7130039893090725,0.2718211617320776,4.332976881414652,shared_2l_dec_tail
416,4.836880136281252,0.2709459513425827,4.458292853087187,shared_2l_dec_tail
417,4.745973972603679,0.27245585806667805,4.3667161371558905,shared_2l_dec_tail
418,4.852154059335589,0.276514096185565,4.469078965485096,shared_2l_dec_tail
419,4.767824895679951,0.2805630210787058,4.379763966426253,shared_2l_dec_tail
420,4.80226194486022,0.27211708948016167,4.424479091539979,shared_2l_dec_tail
421,5.4436789359897375,0.7018349133431911,4.622344160452485,shared_2l_dec_tail
422,4.8595459666103125,0.2834529150277376,4.467908991500735,shared_2l_dec_tail
423,4.78314096108079,0.27339207008481026,4.4020130299031734,shared_2l_dec_tail
424,4.827263066545129,0.27353386394679546,4.445156082510948,shared_2l_dec_tail
425,4.720882978290319,0.27462304569780827,4.33943304233253,shared_2l_dec_tail
426,4.770217230543494,0.27985009364783764,4.383157007396221,shared_2l_dec_tail
427,4.8545850440859795,0.2793499734252691,4.4691909570246935,shared_2l_dec_tail
428,4.762020194903016,0.27275201864540577,4.383770981803536,shared_2l_dec_tail
429,4.735142923891544,0.2737280447036028,4.355338867753744,shared_2l_dec_tail
430,4.753147019073367,0.2721098717302084,4.374836105853319,shared_2l_dec_tail
431,4.823646042495966,0.27739698998630047,4.440031945705414,shared_2l_dec_tail
432,4.769235849380493,0.2760619390755892,4.386371932923794,shared_2l_dec_tail
433,4.826755961403251,0.27335481718182564,4.445675062015653,shared_2l_dec_tail
434,4.751682979986072,0.273894052952528,4.367067012935877,shared_2l_dec_tail
435,4.7463420778512955,0.2751881256699562,4.3646469712257385,shared_2l_dec_tail
436,4.831555997952819,0.2806880511343479,4.442982841283083,shared_2l_dec_tail
437,5.425198934972286,0.7095399778336287,4.595748148858547,shared_2l_dec_tail
438,4.8407819122076035,0.2808950375765562,4.4523440301418304,shared_2l_dec_tail
439,4.796954803168774,0.28395908884704113,4.406386986374855,shared_2l_dec_tail
440,4.859833978116512,0.2844668924808502,4.469075007364154,shared_2l_dec_tail
441,4.841985879465938,0.2779781352728605,4.456704948097467,shared_2l_dec_tail
442,4.750535823404789,0.27617812156677246,4.36715898104012,shared_2l_dec_tail
443,4.855806939303875,0.2725659869611263,4.473451990634203,shared_2l_dec_tail
444,4.757374990731478,0.2733939327299595,4.3773900251835585,shared_2l_dec_tail
445,4.810038022696972,0.28056115843355656,4.423168953508139,shared_2l_dec_tail
446,4.7801469918340445,0.27452409267425537,4.395953845232725,shared_2l_dec_tail
447,4.839694127440453,0.2727650571614504,4.460886120796204,shared_2l_dec_tail
448,4.797701025381684,0.2751951105892658,4.414928844198585,shared_2l_dec_tail
449,4.812235943973064,0.2744200173765421,4.4314069673419,shared_2l_dec_tail
450,4.7822140622884035,0.28192088939249516,4.395993193611503,shared_2l_dec_tail
451,4.809101112186909,0.28471718542277813,4.4183318968862295,shared_2l_dec_tail
452,4.757303977385163,0.2718151081353426,4.377739038318396,shared_2l_dec_tail
453,5.385908996686339,0.6978299934417009,4.569213837385178,shared_2l_dec_tail
454,4.847882082685828,0.2795339096337557,4.460199037566781,shared_2l_dec_tail
455,4.791857907548547,0.27417903766036034,4.40315087325871,shared_2l_dec_tail
456,4.8634440172463655,0.27558603323996067,4.478349117562175,shared_2l_dec_tail
457,4.837218904867768,0.2739399205893278,4.459419986233115,shared_2l_dec_tail
458,4.752586130052805,0.2737340983003378,4.373806994408369,shared_2l_dec_tail
459,4.877603845670819,0.2824850380420685,4.488042090088129,shared_2l_dec_tail
460,4.7888371627777815,0.27321907691657543,4.410044988617301,shared_2l_dec_tail
461,4.841006128117442,0.27589802630245686,4.457917995750904,shared_2l_dec_tail
462,4.7490710858255625,0.2790018916130066,4.363405052572489,shared_2l_dec_tail
463,4.871005890890956,0.26909797452390194,4.496823996305466,shared_2l_dec_tail
464,4.7441350761801,0.2819711808115244,4.3563989456743,shared_2l_dec_tail
465,4.801936913281679,0.2834100741893053,4.411253845319152,shared_2l_dec_tail
466,4.834152990952134,0.2737329341471195,4.455404123291373,shared_2l_dec_tail
467,4.739291034638882,0.2737750764936209,4.360673949122429,shared_2l_dec_tail
468,4.856016952544451,0.2762149088084698,4.4732901733368635,shared_2l_dec_tail
469,5.4558569099754095,0.7019711192697287,4.629199858754873,shared_2l_dec_tail
470,4.780710907652974,0.27873809449374676,4.39585093408823,shared_2l_dec_tail
471,4.852706100791693,0.27899001725018024,4.461835836991668,shared_2l_dec_tail
472,4.7561898827552795,0.2755480818450451,4.374109907075763,shared_2l_dec_tail
473,4.846398951485753,0.2826978452503681,4.459175048395991,shared_2l_dec_tail
474,4.793372005224228,0.28100796043872833,4.404061008244753,shared_2l_dec_tail
475,4.730605985969305,0.2772889565676451,4.347891081124544,shared_2l_dec_tail
476,4.834907129406929,0.27596415020525455,4.448798019438982,shared_2l_dec_tail
477,4.789433209225535,0.27680699713528156,4.406366031616926,shared_2l_dec_tail
478,4.762483993545175,0.2829600125551224,4.373669857159257,shared_2l_dec_tail
479,4.833363927900791,0.2773110754787922,4.449333995580673,shared_2l_dec_tail
480,4.7973208129405975,0.273505924269557,4.417333984747529,shared_2l_dec_tail
481,4.743260098621249,0.27424702420830727,4.36167698353529,shared_2l_dec_tail
482,4.802046809345484,0.27782609686255455,4.418067866936326,shared_2l_dec_tail
483,4.7671489883214235,0.2808270510286093,4.380300873890519,shared_2l_dec_tail
484,4.823958966881037,0.27135806158185005,4.446197068318725,shared_2l_dec_tail
485,5.584546132013202,0.8247850928455591,4.642250016331673,shared_2l_dec_tail
486,4.810495069250464,0.2804382238537073,4.422453930601478,shared_2l_dec_tail
487,4.891158081591129,0.28363289311528206,4.4996601063758135,shared_2l_dec_tail
488,4.808638943359256,0.28390600346028805,4.418321186676621,shared_2l_dec_tail
489,4.762783879414201,0.2769969869405031,4.380505997687578,shared_2l_dec_tail
490,4.844303010031581,0.27269101701676846,4.4627320021390915,shared_2l_dec_tail
491,4.836583975702524,0.2752498257905245,4.4563100673258305,shared_2l_dec_tail
492,4.834091058000922,0.2740120980888605,4.452846944332123,shared_2l_dec_tail
493,4.805644042789936,0.2888450399041176,4.4109809678047895,shared_2l_dec_tail
494,4.866264993324876,0.27449079789221287,4.486008081585169,shared_2l_dec_tail
495,4.770288011059165,0.27470383793115616,4.388755187392235,shared_2l_dec_tail
496,4.8358149360865355,0.2810878213495016,4.448143998160958,shared_2l_dec_tail
497,4.79156500659883,0.2759841736406088,4.409720888361335,shared_2l_dec_tail
498,4.868929041549563,0.2752128057181835,4.481075098738074,shared_2l_dec_tail
499,4.768617916852236,0.28023705817759037,4.38288995064795,shared_2l_dec_tail
500,4.846666008234024,0.2755590248852968,4.463291959837079,shared_2l_dec_tail
501,5.452175857499242,0.7025019731372595,4.627589136362076,shared_2l_dec_tail
502,4.888950847089291,0.2870860043913126,4.495257046073675,shared_2l_dec_tail
503,4.781648982316256,0.2844789996743202,4.390557063743472,shared_2l_dec_tail
504,4.889096133410931,0.27685007080435753,4.506238969042897,shared_2l_dec_tail
505,4.844680894166231,0.27781003154814243,4.4600460678339005,shared_2l_dec_tail
506,4.784333053976297,0.2751029096543789,4.402449121698737,shared_2l_dec_tail
507,4.854959901422262,0.2760901115834713,4.468191880732775,shared_2l_dec_tail
508,4.791324958205223,0.27647591196000576,4.409597953781486,shared_2l_dec_tail
509,4.856272833421826,0.285465968772769,4.464917117729783,shared_2l_dec_tail
510,4.744753940030932,0.2731860149651766,4.364585969597101,shared_2l_dec_tail
511,4.747816827148199,0.2736668102443218,4.367949208244681,shared_2l_dec_tail
512,4.829417914152145,0.27407705783843994,4.449842963367701,shared_2l_dec_tail
513,4.7794978599995375,0.27840794064104557,4.395087948068976,shared_2l_dec_tail
514,4.84772096388042,0.28246594592928886,4.45841602049768,shared_2l_dec_tail
515,4.750560969114304,0.2762500662356615,4.369711969047785,shared_2l_dec_tail
516,4.7943261452019215,0.2731920685619116,4.4157421216368675,shared_2l_dec_tail
517,5.383054027333856,0.686699990183115,4.5793920289725065,shared_2l_dec_tail
518,4.8717421013861895,0.2780009526759386,4.4872339349240065,shared_2l_dec_tail
519,4.751776112243533,0.2745548263192177,4.363049985840917,shared_2l_dec_tail
520,4.838768159970641,0.278357183560729,4.4528169091790915,shared_2l_dec_tail
521,4.817603854462504,0.2750570420175791,4.43751597777009,shared_2l_dec_tail
522,4.777160938829184,0.2821090165525675,4.389264853671193,shared_2l_dec_tail
523,4.863704089075327,0.2807250712066889,4.477184033021331,shared_2l_dec_tail
524,4.762099124491215,0.27476996183395386,4.381522070616484,shared_2l_dec_tail
525,4.863352980464697,0.2766139805316925,4.482103977352381,shared_2l_dec_tail
526,4.766416037455201,0.2743690274655819,4.383819177746773,shared_2l_dec_tail
527,4.831786034628749,0.27791899628937244,4.448758903890848,shared_2l_dec_tail
528,4.770104074850678,0.2809499856084585,4.38203290104866,shared_2l_dec_tail
529,4.852702142670751,0.2757261972874403,4.470871994271874,shared_2l_dec_tail
530,4.74698911421001,0.2742831129580736,4.3647089041769505,shared_2l_dec_tail
531,4.851859994232655,0.2741231583058834,4.466957878321409,shared_2l_dec_tail
532,4.769142018631101,0.2731510903686285,4.391236929222941,shared_2l_dec_tail
533,5.421827081590891,0.7010749541223049,4.599394043907523,shared_2l_dec_tail
534,4.766609985381365,0.2789341378957033,4.37695300206542,shared_2l_dec_tail
535,4.8882479313761,0.2794621977955103,4.50294790789485,shared_2l_dec_tail
536,4.850658122450113,0.2837700303643942,4.460972035303712,shared_2l_dec_tail
537,4.755820846185088,0.27991714887320995,4.369776928797364,shared_2l_dec_tail
538,4.793094005435705,0.2747441176325083,4.410106921568513,shared_2l_dec_tail
539,4.853050922974944,0.27509406208992004,4.471003077924252,shared_2l_dec_tail
540,4.836724838241935,0.27562910690903664,4.451216896995902,shared_2l_dec_tail
541,4.765309859067202,0.27583702467381954,4.383136052638292,shared_2l_dec_tail
542,4.849781049415469,0.28007011860609055,4.462685901671648,shared_2l_dec_tail
543,4.791476996615529,0.28366316109895706,4.399748053401709,shared_2l_dec_tail
544,4.834741121158004,0.2743159420788288,4.453680012375116,shared_2l_dec_tail
545,4.835624946281314,0.28107501566410065,4.448171937838197,shared_2l_dec_tail
546,4.75593819282949,0.275392085313797,4.37328009866178,shared_2l_dec_tail
547,4.752595908939838,0.28182007372379303,4.363582003861666,shared_2l_dec_tail
548,4.857872147113085,0.2809949219226837,4.47103613987565,shared_2l_dec_tail
549,5.426319083198905,0.7033089641481638,4.59668692201376,shared_2l_dec_tail
550,4.857433028519154,0.27503911405801773,4.47597005404532,shared_2l_dec_tail
551,4.792462103068829,0.28193206526339054,4.402911989018321,shared_2l_dec_tail
552,4.877758910879493,0.27419906109571457,4.498733906075358,shared_2l_dec_tail
553,4.82875807210803,0.276878010481596,4.444090882316232,shared_2l_dec_tail
554,4.835039842873812,0.27653295546770096,4.450690001249313,shared_2l_dec_tail
555,4.818429937586188,0.28258608654141426,4.433634923771024,shared_2l_dec_tail
556,4.784348886460066,0.2773129381239414,4.401321988552809,shared_2l_dec_tail
557,4.758826922625303,0.28482801280915737,4.368684953078628,shared_2l_dec_tail
558,4.830848891288042,0.27419300749897957,4.450384993106127,shared_2l_dec_tail
559,4.77175903506577,0.2766260877251625,4.38951700925827,shared_2l_dec_tail
560,4.87382709980011,0.27604494243860245,4.490368068218231,shared_2l_dec_tail
561,4.756508860737085,0.27838884852826595,4.372311057522893,shared_2l_dec_tail
562,4.8332540318369865,0.2842419780790806,4.443129058927298,shared_2l_dec_tail
563,4.790341015905142,0.2840820234268904,4.399136872962117,shared_2l_dec_tail
564,4.83830994926393,0.2741529606282711,4.45869704708457,shared_2l_dec_tail
565,5.413810024037957,0.7122799288481474,4.583178088068962,shared_2l_dec_tail
566,4.873116966336966,0.28781103901565075,4.478064831346273,shared_2l_dec_tail
567,4.822119139134884,0.280207023024559,4.434526897966862,shared_2l_dec_tail
568,4.794249078258872,0.2770530991256237,4.410867812111974,shared_2l_dec_tail
569,4.805290838703513,0.275240046903491,4.424423910677433,shared_2l_dec_tail
570,4.758025053888559,0.2758060581982136,4.3766088783741,shared_2l_dec_tail
571,4.8094268422573805,0.28127594850957394,4.423271166160703,shared_2l_dec_tail
572,4.762635100632906,0.27659907937049866,4.380459897220135,shared_2l_dec_tail
573,4.840663867071271,0.27413899078965187,4.459687974303961,shared_2l_dec_tail
574,4.821899114176631,0.2754779998213053,4.440889926627278,shared_2l_dec_tail
575,4.829257959499955,0.2761238720268011,4.4471509754657745,shared_2l_dec_tail
576,4.776183050125837,0.28297980315983295,4.385915119200945,shared_2l_dec_tail
577,4.840240115299821,0.2839888911694288,4.45015705190599,shared_2l_dec_tail
578,4.745868965983391,0.27352990582585335,4.366489127278328,shared_2l_dec_tail
579,4.813425941392779,0.2753708977252245,4.433619091287255,shared_2l_dec_tail
580,4.759551957249641,0.2754658926278353,4.378541139885783,shared_2l_dec_tail
581,5.383708979934454,0.6966369692236185,4.5705430675297976,shared_2l_dec_tail
582,4.872349789366126,0.2815700136125088,4.483107011765242,shared_2l_dec_tail
583,4.7900688368827105,0.27765100821852684,4.408423090353608,shared_2l_dec_tail
584,4.873984027653933,0.28449692763388157,4.483293043449521,shared_2l_dec_tail
585,4.777251975610852,0.28734002262353897,4.384936997666955,shared_2l_dec_tail
586,4.8505389131605625,0.2754360903054476,4.469363018870354,shared_2l_dec_tail
587,4.8460629768669605,0.2774628810584545,4.463671939447522,shared_2l_dec_tail
588,4.8117139376699924,0.27536298148334026,4.429355962201953,shared_2l_dec_tail
589,4.82345512136817,0.28070807456970215,4.4292539823800325,shared_2l_dec_tail
590,4.8306111712008715,0.27435808442533016,4.4503528624773026,shared_2l_dec_tail
591,4.8920398112386465,0.2896459773182869,4.490284016355872,shared_2l_dec_tail
592,4.781473195180297,0.289425952360034,4.383879015222192,shared_2l_dec_tail
593,4.8271301202476025,0.280443811789155,4.4399150647223,shared_2l_dec_tail
594,4.8430070746690035,0.2732959110289812,4.461083095520735,shared_2l_dec_tail
595,4.784732824191451,0.2776649780571461,4.396578995510936,shared_2l_dec_tail
596,4.891206976026297,0.2760179340839386,4.5088049955666065,shared_2l_dec_tail
597,5.408934084698558,0.7007401436567307,4.588347859680653,shared_2l_dec_tail
598,4.88542509265244,0.2770929131656885,4.501617979258299,shared_2l_dec_tail
599,4.845324903726578,0.27942704036831856,4.455500980839133,shared_2l_dec_tail
600,4.864322021603584,0.2771278377622366,4.480926087126136,shared_2l_dec_tail
601,4.787901183590293,0.2825187984853983,4.398822085931897,shared_2l_dec_tail
602,4.873046884313226,0.2862890250980854,4.481357987970114,shared_2l_dec_tail
603,4.789155907928944,0.27668895199894905,4.406283842399716,shared_2l_dec_tail
604,4.859966924414039,0.27764798142015934,4.4747160281986,shared_2l_dec_tail
605,4.83470200560987,0.2808021381497383,4.446524893864989,shared_2l_dec_tail
606,4.756542854011059,0.27627102099359035,4.374884068965912,shared_2l_dec_tail
607,4.7649170737713575,0.2804179675877094,4.377441946417093,shared_2l_dec_tail
608,4.861963912844658,0.2754158340394497,4.479581955820322,shared_2l_dec_tail
609,4.783090902492404,0.27832016348838806,4.397670971229672,shared_2l_dec_tail
610,4.873387049883604,0.2751259598881006,4.489738028496504,shared_2l_dec_tail
611,4.835875006392598,0.2805250696837902,4.449140978977084,shared_2l_dec_tail
612,4.813577979803085,0.2777839545160532,4.431474022567272,shared_2l_dec_tail
613,5.446013994514942,0.7091551087796688,4.617220954969525,shared_2l_dec_tail
614,4.858506843447685,0.28034113347530365,4.47148596867919,shared_2l_dec_tail
615,4.868041956797242,0.27967593632638454,4.477615002542734,shared_2l_dec_tail
616,4.874923964962363,0.28102914802730083,4.485987825319171,shared_2l_dec_tail
617,4.85072610899806,0.28774398379027843,4.455968039110303,shared_2l_dec_tail
618,4.840129055082798,0.2840070519596338,4.451929125934839,shared_2l_dec_tail
619,4.774164874106646,0.2740561030805111,4.394634859636426,shared_2l_dec_tail
620,4.86457790248096,0.27885986492037773,4.479362163692713,shared_2l_dec_tail
621,4.833661951124668,0.2810519654303789,4.4473169837147,shared_2l_dec_tail
622,4.761371063068509,0.27782213874161243,4.376785829663277,shared_2l_dec_tail
623,4.856684943661094,0.28497795574367046,4.465142032131553,shared_2l_dec_tail
624,4.756829934194684,0.2813548780977726,4.368423949927092,shared_2l_dec_tail
625,4.845794988796115,0.27899909764528275,4.461254924535751,shared_2l_dec_tail
626,4.820866044610739,0.27753901667892933,4.436538089066744,shared_2l_dec_tail
627,4.8036768566817045,0.276890117675066,4.413335816934705,shared_2l_dec_tail
628,4.830715944990516,0.27964916080236435,4.442792851477861,shared_2l_dec_tail
629,5.414453102275729,0.6982870399951935,4.592286888509989,shared_2l_dec_tail
630,4.886212991550565,0.280207023024559,4.4983800034970045,shared_2l_dec_tail
631,4.84358798712492,0.2780070062726736,4.452461143955588,shared_2l_dec_tail
632,4.809794016182423,0.28347084298729897,4.418979166075587,shared_2l_dec_tail
633,4.858540836721659,0.28427294455468655,4.467047052457929,shared_2l_dec_tail
634,4.752232925966382,0.28591789305210114,4.359313985332847,shared_2l_dec_tail
635,4.861921072006226,0.2766200341284275,4.478320945054293,shared_2l_dec_tail
636,4.787113983184099,0.27751107700169086,4.401974845677614,shared_2l_dec_tail
637,4.8748040571808815,0.27754600159823895,4.4857480097562075,shared_2l_dec_tail
638,4.78358892723918,0.2767639234662056,4.399098223075271,shared_2l_dec_tail
639,4.748098086565733,0.2838119398802519,4.357823170721531,shared_2l_dec_tail
640,4.817574052140117,0.2767790574580431,4.431472858414054,shared_2l_dec_tail
641,4.765818826854229,0.2803660463541746,4.379836143925786,shared_2l_dec_tail
642,4.872173070907593,0.27263397350907326,4.486240912228823,shared_2l_dec_tail
643,4.842559807002544,0.27947407215833664,4.457938950508833,shared_2l_dec_tail
644,4.7624059952795506,0.28822501190006733,4.368212074041367,shared_2l_dec_tail
645,5.4427338764071465,0.7054279558360577,4.6111049596220255,shared_2l_dec_tail
646,4.856029059737921,0.2806698903441429,4.468352999538183,shared_2l_dec_tail
647,4.792304011061788,0.2839728258550167,4.3998099863529205,shared_2l_dec_tail
648,4.8550821375101805,0.2854971680790186,4.463364835828543,shared_2l_dec_tail
649,4.823440918698907,0.27882703579962254,4.438722971826792,shared_2l_dec_tail
650,4.756364971399307,0.2767720725387335,4.371626069769263,shared_2l_dec_tail
651,4.860929911956191,0.2775690518319607,4.474511137232184,shared_2l_dec_tail
652,4.772566957399249,0.2764358650892973,4.389115143567324,shared_2l_dec_tail
653,4.854308906942606,0.2850061282515526,4.462200915440917,shared_2l_dec_tail
654,4.74693113937974,0.2817560452967882,4.3590739369392395,shared_2l_dec_tail
655,4.817812005057931,0.27605704963207245,4.43381885997951,shared_2l_dec_tail
656,4.756462061777711,0.2750628627836704,4.3766789603978395,shared_2l_dec_tail
657,4.828538978472352,0.27928384952247143,4.443833138793707,shared_2l_dec_tail
658,4.724441096186638,0.2809329889714718,4.337385995313525,shared_2l_dec_tail
659,4.741197917610407,0.27487613260746,4.361537052318454,shared_2l_dec_tail
660,4.829596029594541,0.27985498309135437,4.443845013156533,shared_2l_dec_tail
661,5.387259181588888,0.7017420139163733,4.5654489658772945,shared_2l_dec_tail
662,4.875113954767585,0.2904040738940239,4.475014982745051,shared_2l_dec_tail
663,4.753930028527975,0.2792289014905691,4.367060959339142,shared_2l_dec_tail
664,4.856820916756988,0.27781608514487743,4.471595864742994,shared_2l_dec_tail
665,4.836904816329479,0.28201285749673843,4.447611980140209,shared_2l_dec_tail
666,4.823376191779971,0.2827639691531658,4.434278002008796,shared_2l_dec_tail
667,4.791480023413897,0.2839239314198494,4.400659119710326,shared_2l_dec_tail
668,4.839334171265364,0.2793949097394943,4.452540073543787,shared_2l_dec_tail
669,4.830993944779038,0.2777709160000086,4.446851089596748,shared_2l_dec_tail
670,4.7280918806791306,0.2763019874691963,4.3477260041981936,shared_2l_dec_tail
671,4.8531529027968645,0.27766614221036434,4.461440956220031,shared_2l_dec_tail
672,4.766510101035237,0.29426999390125275,4.364571999758482,shared_2l_dec_tail
673,4.8213370610028505,0.2828671131283045,4.43015294149518,shared_2l_dec_tail
674,4.767431877553463,0.27761119417846203,4.381616832688451,shared_2l_dec_tail
675,4.826894961297512,0.2812270540744066,4.435051931068301,shared_2l_dec_tail
676,4.725346807390451,0.2789751160889864,4.340610932558775,shared_2l_dec_tail
677,5.385386990383267,0.701588112860918,4.564109956845641,shared_2l_dec_tail
678,4.831948084756732,0.28595607727766037,4.4357748702168465,shared_2l_dec_tail
679,4.800695925951004,0.2832880709320307,4.410496912896633,shared_2l_dec_tail
680,4.810790065675974,0.2864459529519081,4.4176660012453794,shared_2l_dec_tail
681,4.733729874715209,0.27509196661412716,4.353353986516595,shared_2l_dec_tail
682,4.867346957325935,0.2797439228743315,4.482310032472014,shared_2l_dec_tail
683,4.751560045406222,0.2779029309749603,4.3642951641231775,shared_2l_dec_tail
684,4.8334558960050344,0.28141005896031857,4.444852005690336,shared_2l_dec_tail
685,4.770097089931369,0.28399284929037094,4.380098078399897,shared_2l_dec_tail
686,4.860110813751817,0.2754239831119776,4.477864829823375,shared_2l_dec_tail
687,4.819463938474655,0.2797069028019905,4.433065187186003,shared_2l_dec_tail
688,4.767589969560504,0.2792209852486849,4.382497165352106,shared_2l_dec_tail
689,4.781274124979973,0.2807860728353262,4.393192008137703,shared_2l_dec_tail
690,4.832655191421509,0.28223916888237,4.443128826096654,shared_2l_dec_tail
691,4.822446033358574,0.28601009398698807,4.4296300038695335,shared_2l_dec_tail
692,4.834878956899047,0.2760339993983507,4.4541198294609785,shared_2l_dec_tail
693,5.420367931947112,0.7122938986867666,4.589117132127285,shared_2l_dec_tail
694,4.857443971559405,0.2901770640164614,4.458931041881442,shared_2l_dec_tail
695,4.848479991778731,0.2907821908593178,4.450269974768162,shared_2l_dec_tail
696,4.754219902679324,0.2788200508803129,4.370315931737423,shared_2l_dec_tail
697,4.814323037862778,0.28068688698112965,4.428255138918757,shared_2l_dec_tail
698,4.81053302064538,0.2757720649242401,4.429467022418976,shared_2l_dec_tail
699,4.851266974583268,0.2918469253927469,4.452429013326764,shared_2l_dec_tail
700,4.789792932569981,0.2871949691325426,4.397694021463394,shared_2l_dec_tail
701,4.78449696674943,0.2770470455288887,4.401679150760174,shared_2l_dec_tail
702,4.777027992531657,0.2805229742079973,4.38980502076447,shared_2l_dec_tail
703,4.835651023313403,0.2774579916149378,4.445967031642795,shared_2l_dec_tail
704,4.835599102079868,0.2798810601234436,4.449962871149182,shared_2l_dec_tail
705,4.791785962879658,0.28834096156060696,4.396368050947785,shared_2l_dec_tail
706,4.762584110721946,0.28139399364590645,4.37411991879344,shared_2l_dec_tail
707,4.828040022403002,0.2783150412142277,4.443123936653137,shared_2l_dec_tail
708,4.8184150364249945,0.2798931673169136,4.430948989465833,shared_2l_dec_tail
709,5.420637084171176,0.6920609157532454,4.60806000046432,shared_2l_dec_tail
710,4.8685818910598755,0.28090993873775005,4.479185910895467,shared_2l_dec_tail
711,4.788217833265662,0.28424710035324097,4.397097043693066,shared_2l_dec_tail
712,4.851613892242312,0.27966895140707493,4.46678907610476,shared_2l_dec_tail
713,4.76065999828279,0.28199702501296997,4.371674032881856,shared_2l_dec_tail
714,4.823907976970077,0.2886669244617224,4.428242100402713,shared_2l_dec_tail
715,4.826843971386552,0.281117158010602,4.438970936462283,shared_2l_dec_tail
716,4.841968882828951,0.2823970280587673,4.452898865565658,shared_2l_dec_tail
717,4.7574329655617476,0.27890480123460293,4.372699186205864,shared_2l_dec_tail
718,4.819410154595971,0.2804959658533335,4.4327289797365665,shared_2l_dec_tail
719,4.736279835924506,0.2856571227312088,4.34684194624424,shared_2l_dec_tail
720,4.783147946000099,0.27789012528955936,4.399404861032963,shared_2l_dec_tail
721,4.867395153269172,0.27926918119192123,4.484276985749602,shared_2l_dec_tail
722,4.840661073103547,0.28061307966709137,4.454382928088307,shared_2l_dec_tail
723,4.8746278043836355,0.2794519532471895,4.484693985432386,shared_2l_dec_tail
724,4.765802063047886,0.28066406957805157,4.378607962280512,shared_2l_dec_tail
725,5.423274822533131,0.7082261145114899,4.59360983222723,shared_2l_dec_tail
726,4.823604132980108,0.28383685275912285,4.428036045283079,shared_2l_dec_tail
727,4.796257009729743,0.28096791356801987,4.4091620948165655,shared_2l_dec_tail
728,4.833561833947897,0.2850070595741272,4.441770957782865,shared_2l_dec_tail
729,4.757051123306155,0.28578401543200016,4.36331401579082,shared_2l_dec_tail
730,4.837549990043044,0.2770340070128441,4.45574801415205,shared_2l_dec_tail
731,4.738977877423167,0.2811858430504799,4.347612150013447,shared_2l_dec_tail
732,4.826958058401942,0.2827690914273262,4.436215851455927,shared_2l_dec_tail
733,4.787877202033997,0.2894920762628317,4.392031813040376,shared_2l_dec_tail
734,4.8296351451426744,0.2868629526346922,4.434734117239714,shared_2l_dec_tail
735,4.771796055138111,0.28183916583657265,4.382049897685647,shared_2l_dec_tail
736,4.841658985242248,0.27658184990286827,4.458494018763304,shared_2l_dec_tail
737,4.813249222934246,0.28245896100997925,4.424747079610825,shared_2l_dec_tail
738,4.740959033370018,0.2851649187505245,4.350217059254646,shared_2l_dec_tail
739,4.8203240148723125,0.29061688110232353,4.425114952027798,shared_2l_dec_tail
740,4.762690048664808,0.2737250179052353,4.382233833894134,shared_2l_dec_tail
741,5.399933084845543,0.7056479807943106,4.575781058520079,shared_2l_dec_tail
742,4.879402928054333,0.2883640117943287,4.4834420550614595,shared_2l_dec_tail
743,4.757307004183531,0.2798880450427532,4.372423980385065,shared_2l_dec_tail
744,4.790943814441562,0.279103871434927,4.405407002195716,shared_2l_dec_tail
745,4.806038923561573,0.27931714430451393,4.415993811562657,shared_2l_dec_tail
746,4.749418003484607,0.2793390303850174,4.365395987406373,shared_2l_dec_tail
747,4.827897064387798,0.28449599631130695,4.436480114236474,shared_2l_dec_tail
748,4.722942830994725,0.2791290171444416,4.3381028808653355,shared_2l_dec_tail
749,4.823689116165042,0.28406386263668537,4.434166941791773,shared_2l_dec_tail
750,4.715301096439362,0.2793809399008751,4.331117030233145,shared_2l_dec_tail
751,4.794989945366979,0.2831800375133753,4.407386993989348,shared_2l_dec_tail
752,4.8234350979328156,0.28085592202842236,4.435288021340966,shared_2l_dec_tail
753,4.843652946874499,0.28139306232333183,4.45658597163856,shared_2l_dec_tail
754,4.711864981800318,0.27701491490006447,4.3273488990962505,shared_2l_dec_tail
755,4.831901052966714,0.27817790396511555,4.448662046343088,shared_2l_dec_tail
756,4.734026966616511,0.28615701012313366,4.339233972132206,shared_2l_dec_tail
757,5.542153026908636,0.8153319358825684,4.607924027368426,shared_2l_dec_tail
758,4.7881940845400095,0.28571696020662785,4.3876939453184605,shared_2l_dec_tail
759,4.903995897620916,0.28418004512786865,4.505867836996913,shared_2l_dec_tail
760,4.809120902791619,0.2905731089413166,4.4098710641264915,shared_2l_dec_tail
761,4.841848975047469,0.28678192757070065,4.448846913874149,shared_2l_dec_tail
762,4.78689419105649,0.2821220550686121,4.3995080050081015,shared_2l_dec_tail
763,4.716633120551705,0.28358190320432186,4.328217124566436,shared_2l_dec_tail
764,4.838262917473912,0.280844047665596,4.450313048437238,shared_2l_dec_tail
765,4.820819012820721,0.29101106338202953,4.4238639529794455,shared_2l_dec_tail
766,4.75699407979846,0.2887540031224489,4.361328901723027,shared_2l_dec_tail
767,4.794721957296133,0.2825858537107706,4.406401189044118,shared_2l_dec_tail
768,4.850027151405811,0.27985009364783764,4.462347831577063,shared_2l_dec_tail
769,4.808139055967331,0.281341141089797,4.41503687761724,shared_2l_dec_tail
770,4.733867943286896,0.28005288913846016,4.348287126049399,shared_2l_dec_tail
771,4.804805852472782,0.2870778553187847,4.412987036630511,shared_2l_dec_tail
772,4.746377933770418,0.2804240211844444,4.3603540398180485,shared_2l_dec_tail
773,5.416958127170801,0.7044060621410608,4.592302953824401,shared_2l_dec_tail
774,4.87190205603838,0.29562506824731827,4.468941129744053,shared_2l_dec_tail
775,4.7560990788042545,0.2804009709507227,4.3694020714610815,shared_2l_dec_tail
776,4.813838051632047,0.27953111566603184,4.4276718981564045,shared_2l_dec_tail
777,4.7401441261172295,0.2796039916574955,4.353328142315149,shared_2l_dec_tail
778,4.82808006927371,0.28742989525198936,4.435183014720678,shared_2l_dec_tail
779,4.728832980617881,0.28262799605727196,4.3402379378676414,shared_2l_dec_tail
780,4.804358119145036,0.27926196344196796,4.419013159349561,shared_2l_dec_tail
781,4.807684803381562,0.28170295991003513,4.420647863298655,shared_2l_dec_tail
782,4.742157878354192,0.27850898914039135,4.357711877673864,shared_2l_dec_tail
783,4.846425028517842,0.28782500885427,4.452029941603541,shared_2l_dec_tail
784,4.738359013572335,0.2849581651389599,4.348506918177009,shared_2l_dec_tail
785,4.79212892241776,0.28057489544153214,4.406236112117767,shared_2l_dec_tail
786,4.8432438634335995,0.277854036539793,4.4585950672626495,shared_2l_dec_tail
787,4.739366937428713,0.28054392896592617,4.353327210992575,shared_2l_dec_tail
788,4.811521852388978,0.28355210088193417,4.421982914209366,shared_2l_dec_tail
789,5.446378141641617,0.7132859900593758,4.614430014044046,shared_2l_dec_tail
790,4.7684600576758385,0.28412998653948307,4.376404918730259,shared_2l_dec_tail
791,4.85208397731185,0.28977799229323864,4.455901915207505,shared_2l_dec_tail
792,4.806841956451535,0.28979009948670864,4.409223794937134,shared_2l_dec_tail
793,4.806700861081481,0.2851639874279499,4.414682975038886,shared_2l_dec_tail
794,4.762033000588417,0.2812908496707678,4.373789997771382,shared_2l_dec_tail
795,4.817425971850753,0.28746994212269783,4.421187099069357,shared_2l_dec_tail
796,4.729774780571461,0.2843861002475023,4.338579019531608,shared_2l_dec_tail
797,4.873447120189667,0.2864829730242491,4.479092080146074,shared_2l_dec_tail
798,4.826054908335209,0.2820170484483242,4.435807000845671,shared_2l_dec_tail
799,4.7680230345577,0.2811660524457693,4.376282915472984,shared_2l_dec_tail
800,4.832286154851317,0.28185988776385784,4.448370076715946,shared_2l_dec_tail
801,4.731622990220785,0.27925893664360046,4.345151130110025,shared_2l_dec_tail
802,4.798555979505181,0.2888948656618595,4.402733175083995,shared_2l_dec_tail
803,4.785632947459817,0.2809050492942333,4.397574812173843,shared_2l_dec_tail
804,4.740754840895534,0.27887802571058273,4.3562238570302725,shared_2l_dec_tail
805,5.383326206356287,0.6950900424271822,4.569332813844085,shared_2l_dec_tail
806,4.875757964327931,0.2824380062520504,4.485287005081773,shared_2l_dec_tail
807,4.802409093827009,0.28165592812001705,4.4137779623270035,shared_2l_dec_tail
808,4.751803120598197,0.2831309102475643,4.362718900665641,shared_2l_dec_tail
809,4.757540998980403,0.28059305623173714,4.365216940641403,shared_2l_dec_tail
810,4.799822112545371,0.2880329266190529,4.406799096614122,shared_2l_dec_tail
811,4.841054789721966,0.2774649765342474,4.457589937373996,shared_2l_dec_tail
812,4.738511983305216,0.28495793230831623,4.348180955275893,shared_2l_dec_tail
813,4.797311034053564,0.280079897493124,4.410868044942617,shared_2l_dec_tail
814,4.734613001346588,0.28840312734246254,4.340850980952382,shared_2l_dec_tail
815,4.802661947906017,0.2786798868328333,4.418926080688834,shared_2l_dec_tail
816,4.820918897166848,0.28689485043287277,4.427304025739431,shared_2l_dec_tail
817,4.802577896043658,0.2811641898006201,4.416330950334668,shared_2l_dec_tail
818,4.761878168210387,0.2809748984873295,4.376186057925224,shared_2l_dec_tail
819,4.753665067255497,0.28712302446365356,4.358544014394283,shared_2l_dec_tail
820,4.824585048481822,0.27807988226413727,4.440377000719309,shared_2l_dec_tail
821,5.440620938315988,0.7141330279409885,4.60436288267374,shared_2l_dec_tail
822,4.87235514447093,0.29325904324650764,4.471268970519304,shared_2l_dec_tail
823,4.810652928426862,0.2913151402026415,4.41311695612967,shared_2l_dec_tail
824,4.843724891543388,0.28079492039978504,4.457621136680245,shared_2l_dec_tail
825,4.848291864618659,0.2834021579474211,4.45834593847394,shared_2l_dec_tail
826,4.709186963737011,0.28210110031068325,4.324154928326607,shared_2l_dec_tail
827,4.828965058550239,0.28459401801228523,4.438614938408136,shared_2l_dec_tail
828,4.76807588711381,0.28929696418344975,4.372019087895751,shared_2l_dec_tail
829,4.802915966138244,0.28396397829055786,4.412617068737745,shared_2l_dec_tail
830,4.746149992570281,0.2837639767676592,4.355289973318577,shared_2l_dec_tail
831,4.839903907850385,0.2883549313992262,4.440103890374303,shared_2l_dec_tail
832,4.873200785368681,0.2837718930095434,4.480686038732529,shared_2l_dec_tail
833,4.844925133511424,0.2893719356507063,4.447587067261338,shared_2l_dec_tail
834,4.742078948765993,0.28534908778965473,4.350909031927586,shared_2l_dec_tail
835,4.787554033100605,0.2817187923938036,4.400227218866348,shared_2l_dec_tail
836,4.743742058053613,0.28429413214325905,4.3555148877203465,shared_2l_dec_tail
837,5.474806996062398,0.7025660015642643,4.650427028536797,shared_2l_dec_tail
838,4.845106974244118,0.28791604563593864,4.452650900930166,shared_2l_dec_tail
839,4.772949032485485,0.2819190267473459,4.384301137179136,shared_2l_dec_tail
840,4.84773307107389,0.28480496257543564,4.45274100638926,shared_2l_dec_tail
841,4.851524950936437,0.28428900986909866,4.459638148546219,shared_2l_dec_tail
842,4.80277999304235,0.2886219881474972,4.407104104757309,shared_2l_dec_tail
843,4.850268829613924,0.2873488701879978,4.456439986824989,shared_2l_dec_tail
844,4.751868080347776,0.28203497640788555,4.3639978393912315,shared_2l_dec_tail
845,4.850015044212341,0.2830561716109514,4.459859803318977,shared_2l_dec_tail
846,4.779510898515582,0.2825339324772358,4.384104162454605,shared_2l_dec_tail
847,4.840581910684705,0.28532184660434723,4.4497891794890165,shared_2l_dec_tail
848,4.763473989441991,0.2899810206145048,4.368368070572615,shared_2l_dec_tail
849,4.856996005401015,0.2829341683536768,4.46648383513093,shared_2l_dec_tail
850,4.781810101121664,0.28068386018276215,4.394995979964733,shared_2l_dec_tail
851,4.8553061205893755,0.27926405891776085,4.47080796584487,shared_2l_dec_tail
852,4.859276115894318,0.28461404144763947,4.46298299357295,shared_2l_dec_tail
853,5.397201050072908,0.7039739284664392,4.5747580006718636,shared_2l_dec_tail
854,4.8644039779901505,0.28764083981513977,4.46934113278985,shared_2l_dec_tail
855,4.825073992833495,0.2833828330039978,4.4352279510349035,shared_2l_dec_tail
856,4.765151999890804,0.2840121742337942,4.373444942757487,shared_2l_dec_tail
857,4.849606193602085,0.28784689493477345,4.457096103578806,shared_2l_dec_tail
858,4.806773038581014,0.28875889256596565,4.411373054608703,shared_2l_dec_tail
859,4.770906874909997,0.28037000447511673,4.37677395530045,shared_2l_dec_tail
860,4.885697038844228,0.2853281330317259,4.492382053285837,shared_2l_dec_tail
861,5.80435898154974,0.3301999531686306,5.360245006158948,shared_2l_dec_tail
862,4.822225077077746,0.28381403535604477,4.434155998751521,shared_2l_dec_tail
863,4.795953864231706,0.28684805147349834,4.402464022859931,shared_2l_dec_tail
864,4.824366886168718,0.2801788505166769,4.439078038558364,shared_2l_dec_tail
865,4.755301866680384,0.28060399927198887,4.36960905790329,shared_2l_dec_tail
866,4.838752094656229,0.28810789808630943,4.445143975317478,shared_2l_dec_tail
867,4.790632985532284,0.2810349687933922,4.401728976517916,shared_2l_dec_tail
868,4.702928010374308,0.29096496291458607,4.305914044380188,shared_2l_dec_tail
869,5.425766808912158,0.7104419637471437,4.594884114339948,shared_2l_dec_tail
870,4.883917048573494,0.28673000633716583,4.489857936277986,shared_2l_dec_tail
871,4.816761938855052,0.29071210883557796,4.419886972755194,shared_2l_dec_tail
872,4.790384089574218,0.29016309417784214,4.393409937620163,shared_2l_dec_tail
873,4.856635117903352,0.2820598892867565,4.468121100217104,shared_2l_dec_tail
874,4.816802917048335,0.285696005448699,4.424794111400843,shared_2l_dec_tail
875,4.767647013068199,0.2834170591086149,4.372793948277831,shared_2l_dec_tail
876,4.830490797758102,0.28691114857792854,4.437536932528019,shared_2l_dec_tail
877,4.752498818561435,0.2904590219259262,4.35730186291039,shared_2l_dec_tail
878,4.8336179461330175,0.2861951943486929,4.440789809450507,shared_2l_dec_tail
879,4.815415013581514,0.28209295123815536,4.426246974617243,shared_2l_dec_tail
880,4.757810849696398,0.2801490481942892,4.371820949018002,shared_2l_dec_tail
881,4.837658954784274,0.2833900507539511,4.447525134310126,shared_2l_dec_tail
882,4.833712941035628,0.2904480788856745,4.437207942828536,shared_2l_dec_tail
883,4.797603935003281,0.2917239908128977,4.398908000439405,shared_2l_dec_tail
884,4.76117804646492,0.28284406289458275,4.371281946077943,shared_2l_dec_tail
885,5.4230960085988045,0.7176580838859081,4.585386021062732,shared_2l_dec_tail
886,4.874857142567635,0.2959130797535181,4.471878986805677,shared_2l_dec_tail
887,4.779875976964831,0.28628017753362656,4.387447843328118,shared_2l_dec_tail
888,4.871424986049533,0.2876229118555784,4.475389141589403,shared_2l_dec_tail
889,4.826405784115195,0.28703082352876663,4.433958092704415,shared_2l_dec_tail
890,4.798220004886389,0.2867700532078743,4.40735393203795,shared_2l_dec_tail
891,4.802085924893618,0.2892008051276207,4.4083911925554276,shared_2l_dec_tail
892,4.750502994284034,0.28927717357873917,4.35493397526443,shared_2l_dec_tail
893,4.752795910462737,0.283834058791399,4.364406922832131,shared_2l_dec_tail
894,4.723435966297984,0.2815199550241232,4.334998084232211,shared_2l_dec_tail
895,4.8750650603324175,0.29506999999284744,4.471929045394063,shared_2l_dec_tail
896,4.848479991778731,0.2915789373219013,4.450392909348011,shared_2l_dec_tail
897,4.753157962113619,0.29105786234140396,4.356214078143239,shared_2l_dec_tail
898,4.8316780012100935,0.28227013535797596,4.442157922312617,shared_2l_dec_tail
899,4.851371981203556,0.28380495496094227,4.4615259394049644,shared_2l_dec_tail
900,4.819007124751806,0.28615701012313366,4.426773171871901,shared_2l_dec_tail
901,5.426224088296294,0.7045059464871883,4.598001018166542,shared_2l_dec_tail
902,4.851380828768015,0.2903479617089033,4.453188041225076,shared_2l_dec_tail
903,4.873624071478844,0.28517283499240875,4.48185415007174,shared_2l_dec_tail
904,4.78162313811481,0.28234394267201424,4.39075194299221,shared_2l_dec_tail
905,4.839831963181496,0.2909561153501272,4.443189827725291,shared_2l_dec_tail
906,4.852725891396403,0.2901561092585325,4.45391284301877,shared_2l_dec_tail
907,4.792267922312021,0.2832908648997545,4.402993014082313,shared_2l_dec_tail
908,4.79366397485137,0.28375093825161457,4.404471023008227,shared_2l_dec_tail
909,4.745665937662125,0.2830219455063343,4.357747035101056,shared_2l_dec_tail
910,4.857178078964353,0.29037497006356716,4.460038151592016,shared_2l_dec_tail
911,4.782429896295071,0.29250793159008026,4.38385596498847,shared_2l_dec_tail
912,4.816119093447924,0.28499215841293335,4.4256949331611395,shared_2l_dec_tail
913,4.776882007718086,0.2821898087859154,4.388630157336593,shared_2l_dec_tail
914,4.841992864385247,0.28378283604979515,4.452820168808103,shared_2l_dec_tail
915,4.828304052352905,0.28348900377750397,4.438679898157716,shared_2l_dec_tail
916,4.767047008499503,0.2882599364966154,4.373110132291913,shared_2l_dec_tail
917,5.416424944996834,0.7091001607477665,4.587357863783836,shared_2l_dec_tail
918,4.850930999964476,0.28957799077033997,4.453613888472319,shared_2l_dec_tail
919,4.842259921133518,0.2895889338105917,4.445570055395365,shared_2l_dec_tail
920,4.78479010052979,0.2916159573942423,4.3858070857822895,shared_2l_dec_tail
921,4.820514936000109,0.28936308808624744,4.423331934958696,shared_2l_dec_tail
922,4.751285072416067,0.2831430174410343,4.359544953331351,shared_2l_dec_tail
923,4.849757999181747,0.29004993848502636,4.450425039976835,shared_2l_dec_tail
924,4.753008019179106,0.2857579383999109,4.360595950856805,shared_2l_dec_tail
925,4.864194896072149,0.2969629131257534,4.461470991373062,shared_2l_dec_tail
926,4.80124494060874,0.2906958106905222,4.40403213724494,shared_2l_dec_tail
927,4.8232420813292265,0.28738193213939667,4.429549910128117,shared_2l_dec_tail
928,4.737719893455505,0.28748903423547745,4.3395450338721275,shared_2l_dec_tail
929,4.860334098339081,0.28214207850396633,4.46978397667408,shared_2l_dec_tail
930,4.803543910384178,0.2901828847825527,4.406301071867347,shared_2l_dec_tail
931,4.812460159882903,0.2939780242741108,4.413211951032281,shared_2l_dec_tail
932,4.782570991665125,0.28208387084305286,4.394394112750888,shared_2l_dec_tail
933,5.386542994529009,0.7186958100646734,4.548644181340933,shared_2l_dec_tail
934,4.842262016609311,0.2969179768115282,4.439735086634755,shared_2l_dec_tail
935,4.757285118103027,0.283688073977828,4.366046981886029,shared_2l_dec_tail
936,4.808712983503938,0.2850010059773922,4.418292082846165,shared_2l_dec_tail
937,4.74540120922029,0.2844110131263733,4.355550976470113,shared_2l_dec_tail
938,4.837946034967899,0.29138103127479553,4.442473873496056,shared_2l_dec_tail
939,4.759249975904822,0.2939170226454735,4.360486986115575,shared_2l_dec_tail
940,4.834169056266546,0.28466805815696716,4.443594953045249,shared_2l_dec_tail
941,4.785710945725441,0.2841150853782892,4.396842094138265,shared_2l_dec_tail
942,4.846694879233837,0.28732791543006897,4.451925167813897,shared_2l_dec_tail
943,4.785273922607303,0.2862869296222925,4.392459057271481,shared_2l_dec_tail
944,4.841645015403628,0.2944841980934143,4.440238932147622,shared_2l_dec_tail
945,4.744706908240914,0.28689694590866566,4.351424984633923,shared_2l_dec_tail
946,4.793199943378568,0.28779683634638786,4.399352008476853,shared_2l_dec_tail
947,4.738261923193932,0.2864859998226166,4.3449129443615675,shared_2l_dec_tail
948,4.818967776373029,0.2870128955692053,4.420617129653692,shared_2l_dec_tail
949,5.400296067818999,0.7182059343904257,4.563065012916923,shared_2l_dec_tail
950,4.8744650557637215,0.2915309742093086,4.473755834624171,shared_2l_dec_tail
951,4.794605076313019,0.2904469147324562,4.395944997668266,shared_2l_dec_tail
952,4.871855024248362,0.29372796416282654,4.4707730412483215,shared_2l_dec_tail
953,4.883911926299334,0.29303389601409435,4.484967095777392,shared_2l_dec_tail
954,4.78005688637495,0.28476095758378506,4.388181958347559,shared_2l_dec_tail
955,4.875779850408435,0.28608599677681923,4.482760094106197,shared_2l_dec_tail
956,4.797824891284108,0.28268503956496716,4.409385845065117,shared_2l_dec_tail
957,4.81558102183044,0.28406805358827114,4.427416017279029,shared_2l_dec_tail
958,4.786196863278747,0.28827786445617676,4.391229012981057,shared_2l_dec_tail
959,4.906789865344763,0.2940648701041937,4.503667121753097,shared_2l_dec_tail
960,4.7679380513727665,0.2868629526346922,4.374655894935131,shared_2l_dec_tail
961,4.815713968127966,0.2872459590435028,4.422018071636558,shared_2l_dec_tail
962,4.750766791403294,0.2840419765561819,4.352588206529617,shared_2l_dec_tail
963,4.860677989199758,0.2879339735955,4.4646309688687325,shared_2l_dec_tail
964,4.84876986593008,0.28907787054777145,4.452049965038896,shared_2l_dec_tail
965,5.430700024589896,0.7094689644873142,4.6008911449462175,shared_2l_dec_tail
966,4.839105065912008,0.28979103080928326,4.437942989170551,shared_2l_dec_tail
967,4.806591896340251,0.28685107827186584,4.412868991494179,shared_2l_dec_tail
968,4.839396104216576,0.29210583306849003,4.442069213837385,shared_2l_dec_tail
969,4.82655200175941,0.28450204990804195,4.435171838849783,shared_2l_dec_tail
970,4.76807588711381,0.2863567788153887,4.37594810500741,shared_2l_dec_tail
971,4.826588789001107,0.28681312687695026,4.423337057232857,shared_2l_dec_tail
972,4.7521588858217,0.29046391136944294,4.355906043201685,shared_2l_dec_tail
973,4.860152956098318,0.2981920260936022,4.455014131963253,shared_2l_dec_tail
974,4.767958074808121,0.2920650877058506,4.36948798596859,shared_2l_dec_tail
975,4.834185121580958,0.2865060232579708,4.43990295752883,shared_2l_dec_tail
976,4.762616008520126,0.28534187003970146,4.370211157947779,shared_2l_dec_tail
977,4.8426741268485785,0.2851211465895176,4.4516148045659065,shared_2l_dec_tail
978,4.736100090667605,0.2880839165300131,4.336914978921413,shared_2l_dec_tail
979,4.851524019613862,0.2929558977484703,4.451441112905741,shared_2l_dec_tail
980,4.753433866426349,0.2867290750145912,4.360194085165858,shared_2l_dec_tail
981,5.409288918599486,0.7131460588425398,4.576417850330472,shared_2l_dec_tail
982,4.881035070866346,0.3014558460563421,4.470824031159282,shared_2l_dec_tail
983,4.770230036228895,0.2867449074983597,4.377653123810887,shared_2l_dec_tail
984,4.844353999942541,0.29088580049574375,4.446742124855518,shared_2l_dec_tail
985,4.762957105413079,0.2840610686689615,4.376583965495229,shared_2l_dec_tail
986,4.776255926117301,0.28454908169806004,4.385457839816809,shared_2l_dec_tail
987,4.847686970606446,0.29266998171806335,4.448123974725604,shared_2l_dec_tail
988,4.799499874934554,0.28500822372734547,4.408771870657802,shared_2l_dec_tail
989,4.8634810373187065,0.2880650572478771,4.468312952667475,shared_2l_dec_tail
990,4.728941014036536,0.2882909029722214,4.33553010225296,shared_2l_dec_tail
991,4.792694002389908,0.28589717112481594,4.400499863550067,shared_2l_dec_tail
992,4.838529974222183,0.291567062959075,4.440746968612075,shared_2l_dec_tail
993,4.812058061361313,0.29363716021180153,4.412346985191107,shared_2l_dec_tail
994,4.8326540272682905,0.2885849680751562,4.437486175447702,shared_2l_dec_tail
995,4.828748991712928,0.2891139592975378,4.4328810181468725,shared_2l_dec_tail
996,4.845879971981049,0.28779893182218075,4.448062973096967,shared_2l_dec_tail
997,5.380707094445825,0.7063949014991522,4.552952013909817,shared_2l_dec_tail
998,4.857612075284123,0.2922681160271168,4.457816015928984,shared_2l_dec_tail
999,4.861475899815559,0.290784053504467,4.4633138459175825,shared_2l_dec_tail
1000,4.764672135934234,0.28813607059419155,4.3711739126592875,shared_2l_dec_tail
1001,4.86041815020144,0.29008020646870136,4.457751987501979,shared_2l_dec_tail
1002,4.8344789538532495,0.293755903840065,4.433972993865609,shared_2l_dec_tail
1003,4.779341863468289,0.29594404622912407,4.376444965600967,shared_2l_dec_tail
1004,4.827467957511544,0.28573209419846535,4.434513859450817,shared_2l_dec_tail
1005,4.853024147450924,0.28896983712911606,4.456907976418734,shared_2l_dec_tail
1006,4.785184049978852,0.287545844912529,4.391560098156333,shared_2l_dec_tail
1007,4.755666945129633,0.29198313131928444,4.356835037469864,shared_2l_dec_tail
1008,4.852839978411794,0.2922310959547758,4.453036934137344,shared_2l_dec_tail
1009,4.755159141495824,0.2858019433915615,4.3644721154123545,shared_2l_dec_tail
1010,4.770433995872736,0.2840450033545494,4.380833823233843,shared_2l_dec_tail
1011,4.844579845666885,0.2859220840036869,4.452437860891223,shared_2l_dec_tail
1012,4.848349140956998,0.29267999343574047,4.448989871889353,shared_2l_dec_tail
1013,5.435029976069927,0.7136780768632889,4.599021980538964,shared_2l_dec_tail
1014,4.861016059294343,0.2916371449828148,4.461692878976464,shared_2l_dec_tail
1015,4.850753117352724,0.28594699688255787,4.459243966266513,shared_2l_dec_tail
1016,4.849143093451858,0.2906660083681345,4.450360080227256,shared_2l_dec_tail
1017,4.841779824346304,0.2981328871101141,4.435388138517737,shared_2l_dec_tail
1018,4.836030071601272,0.29699201695621014,4.431860987097025,shared_2l_dec_tail
1019,4.7956849448382854,0.284045934677124,4.402986960485578,shared_2l_dec_tail
1020,4.861203022301197,0.28813909739255905,4.466221900656819,shared_2l_dec_tail
1021,4.819805035367608,0.28734118677675724,4.4250458013266325,shared_2l_dec_tail
1022,4.743176978081465,0.28811395168304443,4.347681999206543,shared_2l_dec_tail
1023,4.819680005311966,0.2971880603581667,4.415897885337472,shared_2l_dec_tail
1024,4.736308939754963,0.2877381630241871,4.342313855886459,shared_2l_dec_tail
1025,4.8631541430950165,0.286818016320467,4.470556043088436,shared_2l_dec_tail
1026,4.7495439648628235,0.2867679577320814,4.3585230596363544,shared_2l_dec_tail
1027,4.865912022069097,0.2883700653910637,4.465831909328699,shared_2l_dec_tail
1028,4.814990097656846,0.29883207753300667,4.4094829354435205,shared_2l_dec_tail
1029,5.544611951336265,0.8345169480890036,4.5893872156739235,shared_2l_dec_tail
1030,4.86071384511888,0.29388489201664925,4.460361087694764,shared_2l_dec_tail
1031,4.8542150761932135,0.2903460990637541,4.45750798098743,shared_2l_dec_tail
1032,4.802234936505556,0.2950080670416355,4.400585778057575,shared_2l_dec_tail
1033,4.822377813979983,0.298965023830533,4.41714795306325,shared_2l_dec_tail
1034,4.76852897554636,0.2859130036085844,4.37457300722599,shared_2l_dec_tail
1035,4.858478205278516,0.2833819016814232,4.469139967113733,shared_2l_dec_tail
1036,4.736639093607664,0.2836140338331461,4.345891997218132,shared_2l_dec_tail
1037,4.8207000363618135,0.2881549298763275,4.419903038069606,shared_2l_dec_tail
1038,4.7984200064092875,0.29273517429828644,4.398277960717678,shared_2l_dec_tail
1039,4.872564924880862,0.2833541948348284,4.484177799895406,shared_2l_dec_tail
1040,4.725422943010926,0.28554885648190975,4.334453959017992,shared_2l_dec_tail
1041,4.855114966630936,0.28347200714051723,4.4608330354094505,shared_2l_dec_tail
1042,4.77373693138361,0.2864380367100239,4.380879923701286,shared_2l_dec_tail
1043,4.834152990952134,0.2938250545412302,4.434612113982439,shared_2l_dec_tail
1044,4.799068905413151,0.29376009479165077,4.395168041810393,shared_2l_dec_tail
1045,5.375683074817061,0.7268351037055254,4.529919009655714,shared_2l_dec_tail
1046,4.849232966080308,0.2999810967594385,4.4424510560929775,shared_2l_dec_tail
1047,4.828135948628187,0.2953049261122942,4.426578991115093,shared_2l_dec_tail
1048,4.838707856833935,0.2872450277209282,4.443303914740682,shared_2l_dec_tail
1049,4.799084039404988,0.2869109157472849,4.404860083013773,shared_2l_dec_tail
1050,4.770756000652909,0.2874010242521763,4.372299881651998,shared_2l_dec_tail
1051,4.861647030338645,0.2896510995924473,4.46421280503273,shared_2l_dec_tail
1052,4.746987950056791,0.29124203138053417,4.347610054537654,shared_2l_dec_tail
1053,4.751655971631408,0.28480798937380314,4.361483966931701,shared_2l_dec_tail
1054,4.839800065383315,0.28783013112843037,4.444932797923684,shared_2l_dec_tail
1055,4.77729388512671,0.2854859922081232,4.38147084787488,shared_2l_dec_tail
1056,4.781445953994989,0.28599402867257595,4.388761939480901,shared_2l_dec_tail
1057,4.874336067587137,0.29889214783906937,4.470217972993851,shared_2l_dec_tail
1058,4.767219070345163,0.2872319892048836,4.373385105282068,shared_2l_dec_tail
1059,4.809011006727815,0.28764992021024227,4.415057133883238,shared_2l_dec_tail
1060,4.747425904497504,0.28637517243623734,4.347992828115821,shared_2l_dec_tail
1061,5.425574956461787,0.7013818249106407,4.603432025760412,shared_2l_dec_tail
1062,4.837702959775925,0.28807600028812885,4.442563047632575,shared_2l_dec_tail
1063,4.846402211114764,0.2912040799856186,4.448974970728159,shared_2l_dec_tail
1064,4.810889018699527,0.28763595037162304,4.415180068463087,shared_2l_dec_tail
1065,4.86603588797152,0.28866203501820564,4.465156001970172,shared_2l_dec_tail
1066,4.8037569504231215,0.29486813582479954,4.403850995004177,shared_2l_dec_tail
1067,4.884249996393919,0.28581591323018074,4.489735001698136,shared_2l_dec_tail
1068,4.833230981603265,0.2880389802157879,4.437961848452687,shared_2l_dec_tail
1069,4.874746082350612,0.2854128833860159,4.482742166146636,shared_2l_dec_tail
1070,4.763547098264098,0.2893339842557907,4.369572037830949,shared_2l_dec_tail
1071,4.832735983654857,0.28892187401652336,4.437444033101201,shared_2l_dec_tail
1072,4.7635401133447886,0.2950560301542282,4.36335988342762,shared_2l_dec_tail
1073,4.835240077227354,0.2899628598242998,4.438736010342836,shared_2l_dec_tail
1074,4.798816051334143,0.2863421104848385,4.406498046591878,shared_2l_dec_tail
1075,4.7973820473998785,0.28853281401097775,4.402195103466511,shared_2l_dec_tail
1076,4.847072996199131,0.2912948839366436,4.4484741520136595,shared_2l_dec_tail
1077,5.403624149039388,0.7193798664957285,4.564207978546619,shared_2l_dec_tail
1078,4.886855138465762,0.29201991856098175,4.486877005547285,shared_2l_dec_tail
1079,4.83257882297039,0.2903370186686516,4.4357930310070515,shared_2l_dec_tail
1080,4.837410058826208,0.28844899497926235,4.442575853317976,shared_2l_dec_tail
1081,4.856361076235771,0.2932809293270111,4.457446979358792,shared_2l_dec_tail
1082,4.762306809425354,0.29491796158254147,4.359884886071086,shared_2l_dec_tail
1083,4.869675962254405,0.2850450109690428,4.47776704095304,shared_2l_dec_tail
1084,4.795804852619767,0.2822310198098421,4.408258944749832,shared_2l_dec_tail
1085,4.844251088798046,0.2861160319298506,4.4509610161185265,shared_2l_dec_tail
1086,4.8166438937187195,0.2894371282309294,4.419920966029167,shared_2l_dec_tail
1087,4.8346309922635555,0.29327208176255226,4.4348109513521194,shared_2l_dec_tail
1088,4.822804126888514,0.29508606530725956,4.421008052304387,shared_2l_dec_tail
1089,4.752303007990122,0.2875179052352905,4.359537968412042,shared_2l_dec_tail
1090,4.809300880879164,0.29063900001347065,4.413088783621788,shared_2l_dec_tail
1091,4.855846986174583,0.28454908169806004,4.462849115952849,shared_2l_dec_tail
1092,4.837909014895558,0.28993398882448673,4.44143102504313,shared_2l_dec_tail
1093,5.415924126282334,0.7184110581874847,4.576049046590924,shared_2l_dec_tail
1094,4.858213942497969,0.2896469086408615,4.4603359419852495,shared_2l_dec_tail
1095,4.8574949614703655,0.2890392206609249,4.442413803189993,shared_2l_dec_tail
1096,4.754023160785437,0.29166811145842075,4.356247838586569,shared_2l_dec_tail
1097,4.867930896580219,0.2947470638900995,4.4672328513115644,shared_2l_dec_tail
1098,4.793723113834858,0.2913600765168667,4.3949950486421585,shared_2l_dec_tail
1099,4.889599047601223,0.2873172052204609,4.483198979869485,shared_2l_dec_tail
1100,4.847364965826273,0.291930977255106,4.447027109563351,shared_2l_dec_tail
1101,4.753768909722567,0.2854149788618088,4.362730076536536,shared_2l_dec_tail
1102,4.815916996449232,0.2864499110728502,4.41760802641511,shared_2l_dec_tail
1103,4.820873960852623,0.2932511270046234,4.422128899022937,shared_2l_dec_tail
1104,4.822106100618839,0.28876494616270065,4.427077015861869,shared_2l_dec_tail
1105,4.783110925927758,0.2894739154726267,4.3866620399057865,shared_2l_dec_tail
1106,4.810485988855362,0.28817099519073963,4.417496966198087,shared_2l_dec_tail
1107,4.806044045835733,0.28734607622027397,4.409738816320896,shared_2l_dec_tail
1108,4.836698994040489,0.29711704701185226,4.433371126651764,shared_2l_dec_tail
1109,5.429302109405398,0.7095388136804104,4.599945154041052,shared_2l_dec_tail
1110,4.868007032200694,0.29139802791178226,4.468251019716263,shared_2l_dec_tail
1111,4.802121082320809,0.28841313906013966,4.4083078391849995,shared_2l_dec_tail
1112,4.77557210251689,0.29589817859232426,4.374491982161999,shared_2l_dec_tail
1113,4.853021120652556,0.28683687560260296,4.460625117644668,shared_2l_dec_tail
1114,4.816501867026091,0.28737192042171955,4.422636004164815,shared_2l_dec_tail
1115,4.734543152153492,0.28808414936065674,4.3454228434711695,shared_2l_dec_tail
1116,4.817667882889509,0.28833793476223946,4.42496407777071,shared_2l_dec_tail
1117,4.7976558562368155,0.2975151874125004,4.394507966935635,shared_2l_dec_tail
1118,4.849154036492109,0.28813304379582405,4.454117966815829,shared_2l_dec_tail
1119,4.820245085284114,0.28733699582517147,4.426759900525212,shared_2l_dec_tail
1120,4.845589166507125,0.2915619406849146,4.447872051969171,shared_2l_dec_tail
1121,4.7877568285912275,0.2857050858438015,4.3904639314860106,shared_2l_dec_tail
1122,4.864751826971769,0.290196156129241,4.467619815841317,shared_2l_dec_tail
1123,4.78098401799798,0.2907619345933199,4.384019179269671,shared_2l_dec_tail
1124,4.866964183747768,0.28559891507029533,4.473061999306083,shared_2l_dec_tail
1125,5.425353068858385,0.7169789168983698,4.590210970491171,shared_2l_dec_tail
1126,4.844522103667259,0.302343862131238,4.434928996488452,shared_2l_dec_tail
1127,4.789161030203104,0.2952250652015209,4.388164030387998,shared_2l_dec_tail
1128,4.844028968364,0.29001710936427116,4.446679959073663,shared_2l_dec_tail
1129,4.880060907453299,0.290821073576808,4.483263939619064,shared_2l_dec_tail
1130,4.808598896488547,0.29108114540576935,4.4119879603385925,shared_2l_dec_tail
1131,4.8771819565445185,0.2861549146473408,4.486310062929988,shared_2l_dec_tail
1132,4.802638199180365,0.2880080137401819,4.410744179040194,shared_2l_dec_tail
1133,4.890391835942864,0.2972062211483717,4.485974786803126,shared_2l_dec_tail
1134,4.784718854352832,0.29753800481557846,4.379952093586326,shared_2l_dec_tail
1135,4.885050933808088,0.28657284565269947,4.4922751840204,shared_2l_dec_tail
1136,4.755405010655522,0.2852210309356451,4.362327978014946,shared_2l_dec_tail
1137,4.855253966525197,0.28881989419460297,4.463306162506342,shared_2l_dec_tail
1138,4.790686070919037,0.28865085914731026,4.39659203402698,shared_2l_dec_tail
1139,4.796641180291772,0.2990090288221836,4.392124945297837,shared_2l_dec_tail
1140,4.836414009332657,0.28764898888766766,4.441314144060016,shared_2l_dec_tail
1141,5.454254802316427,0.7292039226740599,4.603831097483635,shared_2l_dec_tail
1142,4.907024092972279,0.2979880664497614,4.502451047301292,shared_2l_dec_tail
1143,4.867690149694681,0.3020470030605793,4.459297982975841,shared_2l_dec_tail
1144,4.839655943214893,0.2959619741886854,4.436221905052662,shared_2l_dec_tail
1145,4.88183693960309,0.2879390958696604,4.487364087253809,shared_2l_dec_tail
1146,4.809770965948701,0.29202504083514214,4.413781920447946,shared_2l_dec_tail
1147,4.859053995460272,0.29066717252135277,4.461963893845677,shared_2l_dec_tail
1148,4.857754101976752,0.29050116427242756,4.460630007088184,shared_2l_dec_tail
1149,4.859384847804904,0.2883421257138252,4.465578822419047,shared_2l_dec_tail
1150,4.872067831456661,0.2976600080728531,4.468327853828669,shared_2l_dec_tail
1151,4.8395011108368635,0.2968949265778065,4.437070107087493,shared_2l_dec_tail
1152,4.7747299540787935,0.2906210720539093,4.3781239073723555,shared_2l_dec_tail
1153,4.842350026592612,0.29027718119323254,4.444731865078211,shared_2l_dec_tail
1154,4.8371609300374985,0.28766412287950516,4.441903904080391,shared_2l_dec_tail
1155,4.844286013394594,0.28829299844801426,4.449782194569707,shared_2l_dec_tail
1156,4.792226012796164,0.29997387900948524,4.385302076116204,shared_2l_dec_tail
1157,5.418610060587525,0.7108510471880436,4.5889809262007475,shared_2l_dec_tail
1158,4.896740894764662,0.29295519925653934,4.490512888878584,shared_2l_dec_tail
1159,4.817835986614227,0.290432944893837,4.422323079779744,shared_2l_dec_tail
1160,4.921765998005867,0.29712915420532227,4.517382942140102,shared_2l_dec_tail
1161,4.816102795302868,0.29607699252665043,4.414865979924798,shared_2l_dec_tail
1162,4.787583136931062,0.28935400769114494,4.3911191169172525,shared_2l_dec_tail
1163,4.839716013520956,0.2924960572272539,4.441415891051292,shared_2l_dec_tail
1164,4.801617003977299,0.29126089066267014,4.403161117807031,shared_2l_dec_tail
1165,4.864859860390425,0.2919100224971771,4.466345999389887,shared_2l_dec_tail
1166,4.779505077749491,0.2914741635322571,4.3772198259830475,shared_2l_dec_tail
1167,4.783490905538201,0.2940138801932335,4.384323954582214,shared_2l_dec_tail
1168,4.81646996922791,0.28599007055163383,4.424982005730271,shared_2l_dec_tail
1169,4.859096137806773,0.28931512497365475,4.461292875930667,shared_2l_dec_tail
1170,4.832657054066658,0.2908669412136078,4.4278239365667105,shared_2l_dec_tail
1171,4.751875996589661,0.2894951030611992,4.358257865533233,shared_2l_dec_tail
1172,4.860549932345748,0.29982486739754677,4.455139162018895,shared_2l_dec_tail
1173,5.416636122390628,0.7156459614634514,4.5803620014339685,shared_2l_dec_tail
1174,4.893092904239893,0.2953170333057642,4.4861468486487865,shared_2l_dec_tail
1175,4.75501106120646,0.29072980396449566,4.358661128208041,shared_2l_dec_tail
1176,4.887487972155213,0.29330700635910034,4.486230202019215,shared_2l_dec_tail
1177,4.834180930629373,0.29981392435729504,4.4257319532334805,shared_2l_dec_tail
1178,4.819686990231276,0.29100198298692703,4.422403872013092,shared_2l_dec_tail
1179,4.854860948398709,0.29488210566341877,4.455195972695947,shared_2l_dec_tail
1180,4.835624014958739,0.2925989683717489,4.440233111381531,shared_2l_dec_tail
1181,4.798245849087834,0.29233493842184544,4.4008539989590645,shared_2l_dec_tail
1182,4.911600844934583,0.2998989075422287,4.504798213019967,shared_2l_dec_tail
1183,4.869411000981927,0.30339183285832405,4.459701012820005,shared_2l_dec_tail
1184,4.863254027441144,0.2918010577559471,4.464601865038276,shared_2l_dec_tail
1185,4.756727954372764,0.29164995066821575,4.358776146546006,shared_2l_dec_tail
1186,4.830238875001669,0.29065809212625027,4.43202187307179,shared_2l_dec_tail
1187,4.750855034217238,0.29277196153998375,4.353787982836366,shared_2l_dec_tail
1188,4.852139158174396,0.3001729492098093,4.445371916517615,shared_2l_dec_tail
1189,5.438830005005002,0.7183311972767115,4.601314896717668,shared_2l_dec_tail
1190,4.896489903330803,0.29631704092025757,4.486353835090995,shared_2l_dec_tail
1191,4.837488057091832,0.2910480834543705,4.439030075445771,shared_2l_dec_tail
1192,4.895917139947414,0.2974569797515869,4.49117086827755,shared_2l_dec_tail
1193,4.836268024519086,0.2965228632092476,4.434145055711269,shared_2l_dec_tail
1194,4.790488164871931,0.29036100022494793,4.392917035147548,shared_2l_dec_tail
1195,4.811348160728812,0.2913800999522209,4.413551883772016,shared_2l_dec_tail
1196,4.790277918800712,0.29083481058478355,4.388234112411737,shared_2l_dec_tail
1197,4.86798700876534,0.29203901067376137,4.469536943361163,shared_2l_dec_tail
1198,4.889918956905603,0.29595382511615753,4.486927064135671,shared_2l_dec_tail
1199,4.768736893311143,0.2938150428235531,4.369592061266303,shared_2l_dec_tail
1200,4.862863104790449,0.28979615308344364,4.466022830456495,shared_2l_dec_tail
1201,4.772247048094869,0.2896590158343315,4.37501585111022,shared_2l_dec_tail
1202,4.877626895904541,0.29217288829386234,4.477388923987746,shared_2l_dec_tail
1203,4.767637932673097,0.2903218846768141,4.370293114334345,shared_2l_dec_tail
1204,4.882733104750514,0.29861112125217915,4.477182868868113,shared_2l_dec_tail
1205,5.443650064989924,0.7182529661804438,4.59989788942039,shared_2l_dec_tail
1206,4.919884027913213,0.2957591786980629,4.517212975770235,shared_2l_dec_tail
1207,4.792714025825262,0.2932881470769644,4.387219902127981,shared_2l_dec_tail
1208,4.853082820773125,0.2974439412355423,4.449371946975589,shared_2l_dec_tail
1209,4.85720788128674,0.2975540701299906,4.453020868822932,shared_2l_dec_tail
1210,4.852224141359329,0.300118001177907,4.444983089342713,shared_2l_dec_tail
1211,4.770462168380618,0.2873828634619713,4.3748910538852215,shared_2l_dec_tail
1212,4.895874997600913,0.28862408362329006,4.500026814639568,shared_2l_dec_tail
1213,4.842489026486874,0.2935479860752821,4.441102035343647,shared_2l_dec_tail
1214,4.80668293312192,0.2890611067414284,4.409298999235034,shared_2l_dec_tail
1215,4.842082969844341,0.2942131832242012,4.439722979441285,shared_2l_dec_tail
1216,4.875756101682782,0.2996530383825302,4.467618884518743,shared_2l_dec_tail
1217,4.794070031493902,0.2883139532059431,4.400779027491808,shared_2l_dec_tail
1218,4.756948910653591,0.28695305809378624,4.363880958408117,shared_2l_dec_tail
1219,4.795306129381061,0.286824069917202,4.397478885948658,shared_2l_dec_tail
1220,4.840444074943662,0.2918529789894819,4.443079000338912,shared_2l_dec_tail
1221,5.43235195800662,0.7196848746389151,4.592076176777482,shared_2l_dec_tail
1222,4.895288031548262,0.29315100982785225,4.49594808742404,shared_2l_dec_tail
1223,4.796461900696158,0.2936560194939375,4.391578026115894,shared_2l_dec_tail
1224,4.854694940149784,0.29150513000786304,4.457253031432629,shared_2l_dec_tail
1225,4.775925073772669,0.2997168339788914,4.370109178125858,shared_2l_dec_tail
1226,4.778288071975112,0.2891330514103174,4.381228005513549,shared_2l_dec_tail
1227,4.846826195716858,0.2876138314604759,4.451691173017025,shared_2l_dec_tail
1228,4.822159186005592,0.2883549313992262,4.429478896781802,shared_2l_dec_tail
1229,4.792678169906139,0.29213912785053253,4.394100978970528,shared_2l_dec_tail
1230,4.871340002864599,0.2987729385495186,4.467207007110119,shared_2l_dec_tail
1231,4.890611162409186,0.2994909882545471,4.48456802405417,shared_2l_dec_tail
1232,4.804379073902965,0.2983419690281153,4.400047939270735,shared_2l_dec_tail
1233,4.846133990213275,0.2922320272773504,4.4476049952209,shared_2l_dec_tail
1234,4.798549925908446,0.28967508114874363,4.401537822559476,shared_2l_dec_tail
1235,4.849999910220504,0.29118009842932224,4.449781030416489,shared_2l_dec_tail
1236,4.77193109691143,0.29308185912668705,4.372791154310107,shared_2l_dec_tail
1237,5.406006937846541,0.7213950157165527,4.564356058835983,shared_2l_dec_tail
1238,4.902546992525458,0.2991650253534317,4.495812812820077,shared_2l_dec_tail
1239,4.761681891977787,0.2976488322019577,4.358178004622459,shared_2l_dec_tail
1240,4.884796915575862,0.3012868110090494,4.478746093809605,shared_2l_dec_tail
1241,4.843347938731313,0.3036339767277241,4.433272872120142,shared_2l_dec_tail
1242,4.8464450519531965,0.2942178398370743,4.446030128747225,shared_2l_dec_tail
1243,4.764813929796219,0.2899779938161373,4.3515239376574755,shared_2l_dec_tail
1244,4.870279924944043,0.3008688800036907,4.4593121856451035,shared_2l_dec_tail
1245,4.825006937608123,0.2946518361568451,4.42506605759263,shared_2l_dec_tail
1246,4.8361788503825665,0.29622483998537064,4.427350126206875,shared_2l_dec_tail
1247,4.853585967794061,0.29854499734938145,4.445992177352309,shared_2l_dec_tail
1248,4.855426028370857,0.2923649735748768,4.455497954040766,shared_2l_dec_tail
1249,4.838917870074511,0.2975810784846544,4.43553295917809,shared_2l_dec_tail
1250,4.7943671233952045,0.29054400511085987,4.3969969265162945,shared_2l_dec_tail
1251,4.816952161490917,0.2920741681009531,4.416653886437416,shared_2l_dec_tail
1252,4.845291841775179,0.28868112713098526,4.45212097838521,shared_2l_dec_tail
1253,5.425553070381284,0.7243820000439882,4.580646986141801,shared_2l_dec_tail
1254,4.918501945212483,0.3005389589816332,4.509879043325782,shared_2l_dec_tail
1255,4.785656929016113,0.2934080548584461,4.38126502558589,shared_2l_dec_tail
1256,4.893031902611256,0.29598711989820004,4.491283092647791,shared_2l_dec_tail
1257,4.767365986481309,0.3001769073307514,4.3611000292003155,shared_2l_dec_tail
1258,4.854335216805339,0.3046388737857342,4.442074103280902,shared_2l_dec_tail
1259,4.823153140023351,0.2942378632724285,4.422769183292985,shared_2l_dec_tail
1260,4.755886038765311,0.29551517218351364,4.353913012892008,shared_2l_dec_tail
1261,4.815321881324053,0.29389187693595886,4.415048053488135,shared_2l_dec_tail
1262,4.814136074855924,0.3041389863938093,4.40334202721715,shared_2l_dec_tail
1263,4.874669946730137,0.2997489646077156,4.46938001550734,shared_2l_dec_tail
1264,4.877606872469187,0.2930548507720232,4.477559123188257,shared_2l_dec_tail
1265,4.762004129588604,0.2922089770436287,4.363684915006161,shared_2l_dec_tail
1266,4.83441399410367,0.2920120023190975,4.437664989382029,shared_2l_dec_tail
1267,4.775376059114933,0.2965489402413368,4.373679170385003,shared_2l_dec_tail
1268,4.80474391952157,0.30516996048390865,4.392090952023864,shared_2l_dec_tail
1269,5.394668085500598,0.7228718604892492,4.551106132566929,shared_2l_dec_tail
1270,4.885168978944421,0.2959989942610264,4.4811859261244535,shared_2l_dec_tail
1271,4.7835721634328365,0.29416196048259735,4.3835630640387535,shared_2l_dec_tail
1272,4.8760289791971445,0.3004500176757574,4.469858016818762,shared_2l_dec_tail
1273,4.7372449189424515,0.3006928600370884,4.3302669655531645,shared_2l_dec_tail
1274,4.86712297424674,0.2956641837954521,4.4635559897869825,shared_2l_dec_tail
1275,4.752300912514329,0.2958399709314108,4.349361173808575,shared_2l_dec_tail
1276,4.8659921158105135,0.2968448679894209,4.462342010810971,shared_2l_dec_tail
1277,4.808170022442937,0.2967170439660549,4.403501050546765,shared_2l_dec_tail
1278,4.822731949388981,0.30017015524208546,4.416548879817128,shared_2l_dec_tail
1279,4.863729001954198,0.2925449516624212,4.464770900085568,shared_2l_dec_tail
1280,4.862718051299453,0.2925440203398466,4.465257981792092,shared_2l_dec_tail
1281,4.874486941844225,0.2955561503767967,4.471815889701247,shared_2l_dec_tail
1282,4.796639084815979,0.2927470486611128,4.399071913212538,shared_2l_dec_tail
1283,4.8391129821538925,0.2941859420388937,4.440031945705414,shared_2l_dec_tail
1284,4.804865922778845,0.3031590022146702,4.395487019792199,shared_2l_dec_tail
1285,5.461343796923757,0.7277179975062609,4.615153884515166,shared_2l_dec_tail
1286,4.8892449121922255,0.29998598620295525,4.483869997784495,shared_2l_dec_tail
1287,4.746218910440803,0.29444298706948757,4.3461190070956945,shared_2l_dec_tail
1288,4.899400984868407,0.30405097641050816,4.489782964810729,shared_2l_dec_tail
1289,4.7741178423166275,0.3007820341736078,4.365996923297644,shared_2l_dec_tail
1290,4.848435986787081,0.29249885119497776,4.449986154213548,shared_2l_dec_tail
1291,4.788486985489726,0.29358407482504845,4.38905693590641,shared_2l_dec_tail
1292,4.841416142880917,0.2919798716902733,4.442652920261025,shared_2l_dec_tail
1293,4.778617061674595,0.2937489189207554,4.3781111016869545,shared_2l_dec_tail
1294,4.879610147327185,0.2994290553033352,4.472200991585851,shared_2l_dec_tail
1295,4.837109940126538,0.29466510750353336,4.434952978044748,shared_2l_dec_tail
1296,4.7797029837965965,0.2936969976872206,4.380314145237207,shared_2l_dec_tail
1297,4.838915076106787,0.29455777257680893,4.436039132997394,shared_2l_dec_tail
1298,4.811999853700399,0.29656291007995605,4.407298052683473,shared_2l_dec_tail
1299,4.851932870224118,0.30282093212008476,4.442993085831404,shared_2l_dec_tail
1300,4.812779137864709,0.30134106054902077,4.404229111969471,shared_2l_dec_tail
1301,5.569719942286611,0.8374659810215235,4.611728945747018,shared_2l_dec_tail
1302,4.903631983324885,0.3020570147782564,4.495743196457624,shared_2l_dec_tail
1303,4.839687142521143,0.2994860988110304,4.433973925188184,shared_2l_dec_tail
1304,4.899307852610946,0.3015620168298483,4.491504048928618,shared_2l_dec_tail
1305,4.8493570648133755,0.2997349947690964,4.44285711273551,shared_2l_dec_tail
1306,4.8499449621886015,0.30364515259861946,4.439342999830842,shared_2l_dec_tail
1307,4.759178962558508,0.29267999343574047,4.362157080322504,shared_2l_dec_tail
1308,4.8661730252206326,0.2974150702357292,4.461613018065691,shared_2l_dec_tail
1309,4.7957568895071745,0.29508606530725956,4.386157030239701,shared_2l_dec_tail
1310,4.893752047792077,0.29278197325766087,4.494689870625734,shared_2l_dec_tail
1311,4.853753140196204,0.29973406344652176,4.44738008081913,shared_2l_dec_tail
1312,4.7998130321502686,0.29764394275844097,4.395972937345505,shared_2l_dec_tail
1313,4.85701416619122,0.2955729141831398,4.457414150238037,shared_2l_dec_tail
1314,4.808660829439759,0.29160897247493267,4.410934168845415,shared_2l_dec_tail
1315,4.833116894587874,0.2935980446636677,4.434121074154973,shared_2l_dec_tail
1316,4.889669828116894,0.29390305280685425,4.484979901462793,shared_2l_dec_tail
1317,5.453720921650529,0.7196860387921333,4.61500883102417,shared_2l_dec_tail
1318,4.917882848531008,0.2971331123262644,4.5128799974918365,shared_2l_dec_tail
1319,4.8005408607423306,0.2949859481304884,4.39833989366889,shared_2l_dec_tail
1320,4.79706097394228,0.2930830232799053,4.390905844047666,shared_2l_dec_tail
1321,4.8557010013610125,0.2998171839863062,4.4499048963189125,shared_2l_dec_tail
1322,4.808911122381687,0.3020369913429022,4.399517085403204,shared_2l_dec_tail
1323,4.887683084234595,0.2997471019625664,4.480837844312191,shared_2l_dec_tail
1324,4.8252788837999105,0.2954441588371992,4.4221049174666405,shared_2l_dec_tail
1325,4.78932517580688,0.293562188744545,4.391017835587263,shared_2l_dec_tail
1326,4.874096950516105,0.2940399572253227,4.4683541636914015,shared_2l_dec_tail
1327,4.830451216548681,0.2985559403896332,4.424770129844546,shared_2l_dec_tail
1328,4.817869048565626,0.30262977816164494,4.407344153150916,shared_2l_dec_tail
1329,4.885862115770578,0.29962603002786636,4.480859963223338,shared_2l_dec_tail
1330,4.871645011007786,0.29690517112612724,4.466557875275612,shared_2l_dec_tail
1331,4.7888311091810465,0.29479293152689934,4.3877470307052135,shared_2l_dec_tail
1332,4.872558172792196,0.29006111435592175,4.477367969229817,shared_2l_dec_tail
1333,5.433718906715512,0.717570073902607,4.5960890129208565,shared_2l_dec_tail
1334,4.908523056656122,0.3002739977091551,4.49995999224484,shared_2l_dec_tail
1335,4.822819959372282,0.2960509154945612,4.419666947796941,shared_2l_dec_tail
1336,4.869640106335282,0.29833405278623104,4.463501973077655,shared_2l_dec_tail
1337,4.828446079045534,0.29500387609004974,4.421597113832831,shared_2l_dec_tail
1338,4.817113978788257,0.29577710665762424,4.414643859490752,shared_2l_dec_tail
1339,4.85296780243516,0.3046710044145584,4.441502038389444,shared_2l_dec_tail
1340,4.787043901160359,0.30069705098867416,4.378146957606077,shared_2l_dec_tail
1341,4.876001970842481,0.2945330925285816,4.475178895518184,shared_2l_dec_tail
1342,4.882710985839367,0.2958090044558048,4.481281153857708,shared_2l_dec_tail
1343,4.769696155562997,0.29334891587495804,4.370450973510742,shared_2l_dec_tail
1344,4.88054403103888,0.2966581378132105,4.4713548850268126,shared_2l_dec_tail
1345,4.769766936078668,0.29669608920812607,4.366439068689942,shared_2l_dec_tail
1346,4.846294177696109,0.30324305407702923,4.437101073563099,shared_2l_dec_tail
1347,4.811424994841218,0.29733614064753056,4.405919928103685,shared_2l_dec_tail
1348,4.788329126313329,0.29718317091464996,4.38385084271431,shared_2l_dec_tail
1349,5.416984902694821,0.7281249854713678,4.5689118560403585,shared_2l_dec_tail
1350,4.892043070867658,0.29864790849387646,4.484776174649596,shared_2l_dec_tail
1351,4.77735185995698,0.29239989817142487,4.378766054287553,shared_2l_dec_tail
1352,4.858406027778983,0.2923430874943733,4.460800904780626,shared_2l_dec_tail
1353,4.874299978837371,0.2959358971565962,4.473415901884437,shared_2l_dec_tail
1354,4.81448182836175,0.2964290324598551,4.412756999954581,shared_2l_dec_tail
1355,4.866731120273471,0.3053629770874977,4.455267917364836,shared_2l_dec_tail
1356,4.8411760944873095,0.30509987846016884,4.429816035553813,shared_2l_dec_tail
1357,4.811763996258378,0.29674405232071877,4.40746289677918,shared_2l_dec_tail
1358,4.799827001988888,0.2967328764498234,4.39693802036345,shared_2l_dec_tail
1359,4.880620865151286,0.2976260147988796,4.476163070648909,shared_2l_dec_tail
1360,4.809533944353461,0.2946089953184128,4.408419132232666,shared_2l_dec_tail
1361,4.881949862465262,0.301986001431942,4.475173074752092,shared_2l_dec_tail
1362,4.811489023268223,0.3008239436894655,4.401782061904669,shared_2l_dec_tail
1363,4.851785022765398,0.29505183920264244,4.450404085218906,shared_2l_dec_tail
1364,4.810568876564503,0.2921200357377529,4.41069295629859,shared_2l_dec_tail
1365,5.458033876493573,0.7297240663319826,4.609289113432169,shared_2l_dec_tail
1366,4.878050880506635,0.310058007016778,4.461209988221526,shared_2l_dec_tail
1367,4.858440021052957,0.30382093973457813,4.447444109246135,shared_2l_dec_tail
1368,4.796742927283049,0.2974399831146002,4.392724018543959,shared_2l_dec_tail
1369,4.855776205658913,0.29834406450390816,4.4507530983537436,shared_2l_dec_tail
1370,4.799533868208528,0.29700901359319687,4.3965119402855635,shared_2l_dec_tail
1371,4.836452892050147,0.29413006268441677,4.434708971530199,shared_2l_dec_tail
1372,4.797625122591853,0.30111614614725113,4.39006183296442,shared_2l_dec_tail
1373,4.860269837081432,0.3043489996343851,4.448126070201397,shared_2l_dec_tail
1374,4.829203011468053,0.29701506718993187,4.4208241160959005,shared_2l_dec_tail
1375,4.8373909667134285,0.2950560301542282,4.436136921867728,shared_2l_dec_tail
1376,4.819620866328478,0.291166128590703,4.417727934196591,shared_2l_dec_tail
1377,4.859335022047162,0.2910611219704151,4.462365061044693,shared_2l_dec_tail
1378,4.8272740095853806,0.30523911118507385,4.416047828271985,shared_2l_dec_tail
1379,4.812569124624133,0.3003829624503851,4.405995132401586,shared_2l_dec_tail
1380,4.793789004907012,0.29293098486959934,4.3923030607402325,shared_2l_dec_tail
1381,5.404711002483964,0.7321960292756557,4.554267041385174,shared_2l_dec_tail
1382,4.924714099615812,0.30747498385608196,4.510884173214436,shared_2l_dec_tail
1383,4.851724952459335,0.30027516186237335,4.447114886716008,shared_2l_dec_tail
1384,4.889186937361956,0.29335985891520977,4.487850004807115,shared_2l_dec_tail
1385,4.880286054685712,0.2987051848322153,4.47695585899055,shared_2l_dec_tail
1386,5.18959597684443,0.2970749046653509,4.775098990648985,shared_2l_dec_tail
1387,4.8703341744840145,0.3031608648598194,4.460236988961697,shared_2l_dec_tail
1388,4.816604079678655,0.2965549938380718,4.412907175719738,shared_2l_dec_tail
1389,4.80585009790957,0.29611983336508274,4.406752996146679,shared_2l_dec_tail
1390,4.8136531841009855,0.29671797528862953,4.40615089610219,shared_2l_dec_tail
1391,4.873728146776557,0.3025250043720007,4.4651220086961985,shared_2l_dec_tail
1392,4.786711884662509,0.30302884988486767,4.377134144306183,shared_2l_dec_tail
1393,4.835695959627628,0.2946860622614622,4.433450056239963,shared_2l_dec_tail
1394,4.844723967835307,0.2932390198111534,4.445622907951474,shared_2l_dec_tail
1395,4.845508839935064,0.29235798865556717,4.445444094017148,shared_2l_dec_tail
1396,4.866026109084487,0.294349854812026,4.466069163754582,shared_2l_dec_tail
1397,5.459447856992483,0.7230020128190517,4.612802993506193,shared_2l_dec_tail
1398,4.867200972512364,0.30254898592829704,4.4557638466358185,shared_2l_dec_tail
1399,4.881659056991339,0.29811193235218525,4.4761348981410265,shared_2l_dec_tail
1400,4.82236105017364,0.300021143630147,4.415413830429316,shared_2l_dec_tail
1401,4.8411928582936525,0.2977820113301277,4.436624003574252,shared_2l_dec_tail
1402,4.859822802245617,0.30100997537374496,4.451140062883496,shared_2l_dec_tail
1403,4.885321017354727,0.2989640925079584,4.457854898646474,shared_2l_dec_tail
1404,4.928813083097339,0.30989712104201317,4.507966805249453,shared_2l_dec_tail
1405,4.870122065767646,0.2965708263218403,4.467464983463287,shared_2l_dec_tail
1406,4.81579196639359,0.2955228555947542,4.413176095113158,shared_2l_dec_tail
1407,4.839536035433412,0.29832683503627777,4.433747148141265,shared_2l_dec_tail
1408,4.807765129953623,0.2972290385514498,4.404013976454735,shared_2l_dec_tail
1409,4.831646103411913,0.3058521542698145,4.420657875016332,shared_2l_dec_tail
1410,4.8599690198898315,0.3033510874956846,4.451043903827667,shared_2l_dec_tail
1411,4.838332068175077,0.2944560255855322,4.438007948920131,shared_2l_dec_tail
1412,4.89372992888093,0.29725488275289536,4.489262122660875,shared_2l_dec_tail
1413,5.477544851601124,0.7423299830406904,4.615214886143804,shared_2l_dec_tail
1414,4.83950600028038,0.31321216374635696,4.4188229367136955,shared_2l_dec_tail
1415,4.885053960606456,0.3043678589165211,4.474919987842441,shared_2l_dec_tail
1416,4.878257866948843,0.3003410529345274,4.470394924283028,shared_2l_dec_tail
1417,4.876794992014766,0.3004400059580803,4.468793980777264,shared_2l_dec_tail
1418,4.865424009039998,0.29443902894854546,4.465981852263212,shared_2l_dec_tail
1419,4.821922862902284,0.3014588728547096,4.410271067172289,shared_2l_dec_tail
1420,4.766596015542746,0.2969088964164257,4.3638721108436584,shared_2l_dec_tail
1421,4.8519461415708065,0.3042309544980526,4.442438017576933,shared_2l_dec_tail
1422,4.840249894186854,0.30448497273027897,4.428314045071602,shared_2l_dec_tail
1423,4.868105985224247,0.29668002389371395,4.465944832190871,shared_2l_dec_tail
1424,4.869637079536915,0.29657711274921894,4.46700700558722,shared_2l_dec_tail
1425,4.833386046811938,0.29983604326844215,4.429053980857134,shared_2l_dec_tail
1426,4.819327965378761,0.2981419675052166,4.413811955600977,shared_2l_dec_tail
1427,4.8188818618655205,0.301979947835207,4.413095070049167,shared_2l_dec_tail
1428,4.786578938364983,0.30287005938589573,4.377557896077633,shared_2l_dec_tail
1429,5.4522359278053045,0.727557810023427,4.607821116223931,shared_2l_dec_tail
1430,4.86906198784709,0.3001079894602299,4.463403951376677,shared_2l_dec_tail
1431,4.818348912522197,0.3036081325262785,4.408963955938816,shared_2l_dec_tail
1432,4.8421400133520365,0.3049869555979967,4.4332940597087145,shared_2l_dec_tail
1433,4.893721081316471,0.29827398248016834,4.49073500931263,shared_2l_dec_tail
1434,4.823443945497274,0.298940809443593,4.4180601835250854,shared_2l_dec_tail
1435,4.870316945016384,0.2955840900540352,4.4684200547635555,shared_2l_dec_tail
1436,4.803737858310342,0.30019180849194527,4.390583140775561,shared_2l_dec_tail
1437,4.873547935858369,0.2978791017085314,4.4690140057355165,shared_2l_dec_tail
1438,4.81341197155416,0.3047250211238861,4.402136895805597,shared_2l_dec_tail
1439,4.8298940528184175,0.30721304938197136,4.415994975715876,shared_2l_dec_tail
1440,4.827931988984346,0.2945170272141695,4.427029052749276,shared_2l_dec_tail
1441,4.755871836096048,0.29576499946415424,4.355897195637226,shared_2l_dec_tail
1442,4.881816217675805,0.30089099891483784,4.474319983273745,shared_2l_dec_tail
1443,4.787963116541505,0.29837992042303085,4.38353605568409,shared_2l_dec_tail
1444,4.842150025069714,0.30601792968809605,4.427894949913025,shared_2l_dec_tail
1445,5.447295028716326,0.7219628896564245,4.606263944879174,shared_2l_dec_tail
1446,4.814308136701584,0.30057993717491627,4.406498046591878,shared_2l_dec_tail
1447,4.876937018707395,0.3019310534000397,4.469482926651835,shared_2l_dec_tail
1448,4.8734459560364485,0.3051268868148327,4.460990196093917,shared_2l_dec_tail
1449,4.798545967787504,0.30510593205690384,4.386452026665211,shared_2l_dec_tail
1450,4.855409963056445,0.2976120449602604,4.450525855645537,shared_2l_dec_tail
1451,4.846794065088034,0.29637711122632027,4.444973077625036,shared_2l_dec_tail
1452,4.887474002316594,0.2966378815472126,4.4846851378679276,shared_2l_dec_tail
1453,4.747014958411455,0.2953039947897196,4.346925066784024,shared_2l_dec_tail
1454,4.908536095172167,0.3034269902855158,4.49868687428534,shared_2l_dec_tail
1455,4.872896010056138,0.30741002410650253,4.460336873307824,shared_2l_dec_tail
1456,4.8099050763994455,0.30363001860678196,4.399663070216775,shared_2l_dec_tail
1457,4.866063129156828,0.2940299455076456,4.462959943339229,shared_2l_dec_tail
1458,4.880743101239204,0.2992730587720871,4.474003100767732,shared_2l_dec_tail
1459,4.767347127199173,0.2931482158601284,4.363851854577661,shared_2l_dec_tail
1460,4.863036097958684,0.297358026728034,4.460005089640617,shared_2l_dec_tail
1461,5.450142081826925,0.7368528749793768,4.586424911394715,shared_2l_dec_tail
1462,4.875154001638293,0.3033089451491833,4.463691031560302,shared_2l_dec_tail
1463,4.844873212277889,0.29769097454845905,4.436659161001444,shared_2l_dec_tail
1464,4.8070980701595545,0.29900320805609226,4.402246791869402,shared_2l_dec_tail
1465,4.8825901467353106,0.3033739048987627,4.472305998206139,shared_2l_dec_tail
1466,4.851626930758357,0.3030130174010992,4.440951161086559,shared_2l_dec_tail
1467,4.867988871410489,0.3010360524058342,4.461588803678751,shared_2l_dec_tail
1468,4.76394803263247,0.2957950346171856,4.361646948382258,shared_2l_dec_tail
1469,4.817888839170337,0.2964930608868599,4.414903931319714,shared_2l_dec_tail
1470,4.8276809975504875,0.2945680171251297,4.4265929609537125,shared_2l_dec_tail
1471,4.786120960488915,0.3071029204875231,4.372826078906655,shared_2l_dec_tail
1472,4.875530954450369,0.3087990917265415,4.4611310586333275,shared_2l_dec_tail
1473,4.795879824087024,0.2996430266648531,4.388895118609071,shared_2l_dec_tail
1474,4.849812015891075,0.2964390441775322,4.445679951459169,shared_2l_dec_tail
1475,4.781726049259305,0.29759504832327366,4.374012816697359,shared_2l_dec_tail
1476,4.839426139369607,0.2968190237879753,4.436843795701861,shared_2l_dec_tail
1477,5.406650016084313,0.7262560538947582,4.560184897854924,shared_2l_dec_tail
1478,4.905476002022624,0.2970099449157715,4.5008419547230005,shared_2l_dec_tail
1479,4.82246489264071,0.3028698265552521,4.406273132190108,shared_2l_dec_tail
1480,4.905814072117209,0.29784999787807465,4.500037990510464,shared_2l_dec_tail
1481,4.818274872377515,0.3006539773195982,4.412156995385885,shared_2l_dec_tail
1482,4.867590963840485,0.30340999364852905,4.457672825083137,shared_2l_dec_tail
1483,4.895438905805349,0.3083499614149332,4.480978008359671,shared_2l_dec_tail
1484,4.807427991181612,0.2956991083920002,4.404756939038634,shared_2l_dec_tail
1485,4.807366989552975,0.2994290553033352,4.400291014462709,shared_2l_dec_tail
1486,4.8701169434934855,0.295259989798069,4.468207946047187,shared_2l_dec_tail
1487,4.77379490621388,0.29491703025996685,4.3726039584726095,shared_2l_dec_tail
1488,4.895837977528572,0.3065040800720453,4.483860917389393,shared_2l_dec_tail
1489,4.827436059713364,0.3037680871784687,4.417967051267624,shared_2l_dec_tail
1490,4.819391993805766,0.29613799415528774,4.415998002514243,shared_2l_dec_tail
1491,4.8532248474657536,0.2957398537546396,4.450588952749968,shared_2l_dec_tail
1492,4.787868121638894,0.29658409766852856,4.3852850794792175,shared_2l_dec_tail
1493,5.439804866909981,0.7326169870793819,4.587777890264988,shared_2l_dec_tail
1494,4.908961011096835,0.302337110042572,4.4991630129516125,shared_2l_dec_tail
1495,4.845900926738977,0.29368395917117596,4.445560975000262,shared_2l_dec_tail
1496,4.824113100767136,0.29918807558715343,4.418571013957262,shared_2l_dec_tail
1497,4.836485022678971,0.2943130675703287,4.4376119039952755,shared_2l_dec_tail
1498,4.771646112203598,0.29640900902450085,4.364184103906155,shared_2l_dec_tail
1499,4.830154124647379,0.30542793683707714,4.419364035129547,shared_2l_dec_tail
1500,4.787519108504057,0.29629282653331757,4.384383093565702,shared_2l_dec_tail
1501,4.847657168284059,0.29850099235773087,4.443346057087183,shared_2l_dec_tail
1502,4.78251907043159,0.3004539757966995,4.374138079583645,shared_2l_dec_tail
1503,4.84074093401432,0.3066388890147209,4.426624160259962,shared_2l_dec_tail
1504,4.784340970218182,0.3053909167647362,4.373022122308612,shared_2l_dec_tail
1505,4.833935061469674,0.2976569812744856,4.430348984897137,shared_2l_dec_tail
1506,4.903052933514118,0.2940930426120758,4.503436153754592,shared_2l_dec_tail
1507,4.785273922607303,0.2992190420627594,4.37843706458807,shared_2l_dec_tail
1508,4.85970382578671,0.29801204800605774,4.45237010717392,shared_2l_dec_tail
1509,5.432185949757695,0.727491918951273,4.58594411611557,shared_2l_dec_tail
1510,4.893193952739239,0.30255899764597416,4.481018055230379,shared_2l_dec_tail
1511,4.783104872331023,0.3016609698534012,4.375863121822476,shared_2l_dec_tail
1512,4.873007070273161,0.29779202304780483,4.46938001550734,shared_2l_dec_tail
1513,4.844220820814371,0.30024698935449123,4.437107825651765,shared_2l_dec_tail
1514,4.794041160494089,0.30335295014083385,4.385215928778052,shared_2l_dec_tail
1515,4.894882906228304,0.3080910537391901,4.478901857510209,shared_2l_dec_tail
1516,4.840546054765582,0.2981000579893589,4.437891999259591,shared_2l_dec_tail
1517,4.801644943654537,0.2999550197273493,4.394853953272104,shared_2l_dec_tail
1518,4.88886097446084,0.3025461919605732,4.479351919144392,shared_2l_dec_tail
1519,4.7980379313230515,0.29590283520519733,4.392483038827777,shared_2l_dec_tail
1520,4.8656759317964315,0.3010961227118969,4.4584558345377445,shared_2l_dec_tail
1521,4.8352559097111225,0.3091141115874052,4.418097902089357,shared_2l_dec_tail
1522,4.86531900241971,0.3098051529377699,4.448915831744671,shared_2l_dec_tail
1523,4.761344054713845,0.29749795794487,4.3584550730884075,shared_2l_dec_tail
1524,4.853521008044481,0.29986794106662273,4.447391955181956,shared_2l_dec_tail
1525,5.339094903320074,0.7250569760799408,4.494215827435255,shared_2l_dec_tail
1526,4.776598885655403,0.29972405172884464,4.369515925645828,shared_2l_dec_tail
1527,4.825185053050518,0.3025440964847803,4.417076939716935,shared_2l_dec_tail
1528,4.899543011561036,0.3003708552569151,4.488219041377306,shared_2l_dec_tail
1529,4.836050095036626,0.3008290659636259,4.430589964613318,shared_2l_dec_tail
1530,4.80647711083293,0.30794390477240086,4.390250891447067,shared_2l_dec_tail
1531,4.844485782086849,0.30799186788499355,4.430290078744292,shared_2l_dec_tail
1532,4.886776907369494,0.3051101230084896,4.47372579947114,shared_2l_dec_tail
1533,4.8701351042836905,0.30027306638658047,4.4615918304771185,shared_2l_dec_tail
1534,4.792283987626433,0.30239205807447433,4.3828419875353575,shared_2l_dec_tail
1535,4.856722895056009,0.3027000930160284,4.442882025614381,shared_2l_dec_tail
1536,4.813020816072822,0.2981459256261587,4.407508065924048,shared_2l_dec_tail
1537,4.835424013435841,0.30901492573320866,4.420008044689894,shared_2l_dec_tail
1538,4.806031938642263,0.30510290525853634,4.394036950543523,shared_2l_dec_tail
1539,4.748005885630846,0.2966797910630703,4.34506218880415,shared_2l_dec_tail
1540,4.827250959351659,0.29933894984424114,4.41821594722569,shared_2l_dec_tail
1541,5.4245200008153915,0.7127129938453436,4.591149976477027,shared_2l_dec_tail
1542,4.8382519744336605,0.30783191323280334,4.424730082973838,shared_2l_dec_tail
1543,4.788373131304979,0.2977910917252302,4.3824538588523865,shared_2l_dec_tail
1544,4.931182833388448,0.3019340801984072,4.516450921073556,shared_2l_dec_tail
1545,4.858389962464571,0.3027999773621559,4.448566120117903,shared_2l_dec_tail
1546,4.791977116838098,0.30605215579271317,4.378827987238765,shared_2l_dec_tail
1547,4.852049984037876,0.3056230489164591,4.441900877282023,shared_2l_dec_tail
1548,4.878354957327247,0.29940088279545307,4.4701541773974895,shared_2l_dec_tail
1549,4.762636963278055,0.299844890832901,4.354078089818358,shared_2l_dec_tail
1550,4.880551947280765,0.2974530216306448,4.476101836189628,shared_2l_dec_tail
1551,4.845715826377273,0.3030938096344471,4.4280230067670345,shared_2l_dec_tail
1552,4.778967006132007,0.30335504561662674,4.370138049125671,shared_2l_dec_tail
1553,4.8169700894504786,0.3053569234907627,4.406190011650324,shared_2l_dec_tail
1554,4.787576152011752,0.3013929817825556,4.379007034003735,shared_2l_dec_tail
1555,4.8371420707553625,0.3001850564032793,4.429681925103068,shared_2l_dec_tail
1556,4.84279403463006,0.3000199794769287,4.43672901019454,shared_2l_dec_tail
1557,5.418800050392747,0.7205868605524302,4.577757092192769,shared_2l_dec_tail
1558,4.891760181635618,0.30158390291035175,4.481955198571086,shared_2l_dec_tail
1559,4.78767417371273,0.2985468599945307,4.3824720196425915,shared_2l_dec_tail
1560,4.854923812672496,0.3034980036318302,4.442222183570266,shared_2l_dec_tail
1561,4.8542320728302,0.297880033031106,4.448373802006245,shared_2l_dec_tail
1562,4.809322068467736,0.3062670584768057,4.396834876388311,shared_2l_dec_tail
1563,4.743139958009124,0.30710804276168346,4.331264179199934,shared_2l_dec_tail
1564,4.842568188905716,0.301482854411006,4.435031209141016,shared_2l_dec_tail
1565,4.775287117809057,0.29865093529224396,4.369318950921297,shared_2l_dec_tail
1566,4.866036120802164,0.30393595807254314,4.448827123269439,shared_2l_dec_tail
1567,4.777719033882022,0.3012379165738821,4.369076108559966,shared_2l_dec_tail
1568,4.862149944528937,0.3047259524464607,4.452353110536933,shared_2l_dec_tail
1569,4.756715847179294,0.29619503766298294,4.3541789054870605,shared_2l_dec_tail
1570,4.840142093598843,0.3012600354850292,4.433295922353864,shared_2l_dec_tail
1571,4.76140808314085,0.2956939861178398,4.360604099929333,shared_2l_dec_tail
1572,4.870798904448748,0.3017501439899206,4.461555043235421,shared_2l_dec_tail
1573,5.576486932113767,0.8524260483682156,4.6029610093683,shared_2l_dec_tail
1574,4.90699615329504,0.30523911118507385,4.493759945034981,shared_2l_dec_tail
1575,4.88824094645679,0.30088983476161957,4.481550073251128,shared_2l_dec_tail
1576,4.88184904679656,0.30238903127610683,4.472109954804182,shared_2l_dec_tail
1577,4.778542090207338,0.2989161293953657,4.372811876237392,shared_2l_dec_tail
1578,4.841272020712495,0.30375109054148197,4.4251729268580675,shared_2l_dec_tail
1579,4.754575900733471,0.3070719540119171,4.342473112046719,shared_2l_dec_tail
1580,4.758354974910617,0.3012539818882942,4.352210089564323,shared_2l_dec_tail
1581,4.8428550362586975,0.30061393044888973,4.435932030901313,shared_2l_dec_tail
1582,4.777712980285287,0.30191498808562756,4.370964132249355,shared_2l_dec_tail
1583,4.883949179202318,0.30271895229816437,4.448981024324894,shared_2l_dec_tail
1584,4.854992032051086,0.3175141755491495,4.426616942510009,shared_2l_dec_tail
1585,4.886077018454671,0.31090807169675827,4.468213068321347,shared_2l_dec_tail
1586,4.832790000364184,0.3011820372194052,4.425144987180829,shared_2l_dec_tail
1587,4.850252997130156,0.29596383683383465,4.448939114809036,shared_2l_dec_tail
1588,4.850449971854687,0.29977387748658657,4.445008002221584,shared_2l_dec_tail
1589,5.393777973949909,0.725816935300827,4.547824151813984,shared_2l_dec_tail
1590,4.8781209625303745,0.30405796132981777,4.467550199478865,shared_2l_dec_tail
1591,4.765219986438751,0.30266097746789455,4.356216173619032,shared_2l_dec_tail
1592,4.848479991778731,0.3022029995918274,4.441424971446395,shared_2l_dec_tail
1593,4.770576022565365,0.30581606552004814,4.360083024948835,shared_2l_dec_tail
1594,4.909771960228682,0.3090989775955677,4.493356915190816,shared_2l_dec_tail
1595,4.847540054470301,0.3110698889940977,4.429863067343831,shared_2l_dec_tail
1596,4.826751071959734,0.3012081142514944,4.418409895151854,shared_2l_dec_tail
1597,4.859927808865905,0.3023401368409395,4.452799912542105,shared_2l_dec_tail
1598,4.801840987056494,0.3000900615006685,4.395226947963238,shared_2l_dec_tail
1599,4.8334801103919744,0.29903301037847996,4.424795042723417,shared_2l_dec_tail
1600,4.816781030967832,0.3020339645445347,4.407254047691822,shared_2l_dec_tail
1601,4.865341121330857,0.3058400470763445,4.45353495888412,shared_2l_dec_tail
1602,4.819874884560704,0.30592898838222027,4.407146945595741,shared_2l_dec_tail
1603,4.84003103338182,0.3039438743144274,4.428966203704476,shared_2l_dec_tail
1604,4.791752900928259,0.2989799249917269,4.386964021250606,shared_2l_dec_tail
1605,5.436599021777511,0.7178368978202343,4.599092993885279,shared_2l_dec_tail
1606,4.901771899312735,0.30561001040041447,4.4872930739074945,shared_2l_dec_tail
1607,4.801143892109394,0.2993301022797823,4.394931951537728,shared_2l_dec_tail
1608,4.864515969529748,0.30513014644384384,4.453170811757445,shared_2l_dec_tail
1609,4.827759927138686,0.3034300170838833,4.417615942656994,shared_2l_dec_tail
1610,4.861410008743405,0.2999939024448395,4.455591086298227,shared_2l_dec_tail
1611,4.806827055290341,0.30758813954889774,4.394521936774254,shared_2l_dec_tail
1612,4.8934470396488905,0.310166971758008,4.477133974432945,shared_2l_dec_tail
1613,4.862276138737798,0.3052540123462677,4.450591979548335,shared_2l_dec_tail
1614,4.801187897101045,0.3016740083694458,4.392792005091906,shared_2l_dec_tail
1615,4.82353288680315,0.29995408840477467,4.417304880917072,shared_2l_dec_tail
1616,4.876123042777181,0.29668002389371395,4.466603044420481,shared_2l_dec_tail
1617,4.801568109542131,0.3020158037543297,4.392276983708143,shared_2l_dec_tail
1618,4.827493103221059,0.3094361163675785,4.412626847624779,shared_2l_dec_tail
1619,4.8389548901468515,0.3009319771081209,4.43211616948247,shared_2l_dec_tail
1620,4.808813100680709,0.3009068313986063,4.399316152557731,shared_2l_dec_tail
1621,5.407924065366387,0.7293999660760164,4.559423075988889,shared_2l_dec_tail
1622,4.931056872010231,0.3156280145049095,4.507296020165086,shared_2l_dec_tail
1623,4.8262139316648245,0.3025149926543236,4.418474854901433,shared_2l_dec_tail
1624,4.84088808298111,0.30228705145418644,4.432066110894084,shared_2l_dec_tail
1625,4.881756147369742,0.30769198201596737,4.4671217910945415,shared_2l_dec_tail
1626,4.868156975135207,0.30096201226115227,4.459327086806297,shared_2l_dec_tail
1627,4.8488590400666,0.30234199948608875,4.438712960109115,shared_2l_dec_tail
1628,4.790198989212513,0.3066258504986763,4.37730411067605,shared_2l_dec_tail
1629,4.765280056744814,0.3092649858444929,4.349921829998493,shared_2l_dec_tail
1630,4.91075892932713,0.3063271287828684,4.496503854170442,shared_2l_dec_tail
1631,4.75138402543962,0.2978879492729902,4.348431946709752,shared_2l_dec_tail
1632,4.815991967916489,0.2985589671880007,4.411942092701793,shared_2l_dec_tail
1633,4.761675139889121,0.30175899155437946,4.3553810101002455,shared_2l_dec_tail
1634,4.8692431300878525,0.3112677950412035,4.451259039342403,shared_2l_dec_tail
1635,4.781974945217371,0.2965971361845732,4.3810768984258175,shared_2l_dec_tail
1636,4.774797009304166,0.29839202761650085,4.370174137875438,shared_2l_dec_tail
1637,5.454450147226453,0.730985077098012,4.604661837220192,shared_2l_dec_tail
1638,4.935361910611391,0.3116049338132143,4.516481887549162,shared_2l_dec_tail
1639,4.8555240500718355,0.2998919226229191,4.446421982720494,shared_2l_dec_tail
1640,4.8027371522039175,0.30649988912045956,4.38975403085351,shared_2l_dec_tail
1641,4.844018956646323,0.3002400044351816,4.43898793309927,shared_2l_dec_tail
1642,4.8068310134112835,0.3014020621776581,4.400155041366816,shared_2l_dec_tail
1643,4.8588349018245935,0.29890192672610283,4.448652965947986,shared_2l_dec_tail
1644,4.814074141904712,0.3050537779927254,4.401613026857376,shared_2l_dec_tail
1645,4.8794979229569435,0.30143908224999905,4.471056861802936,shared_2l_dec_tail
1646,4.844167968258262,0.3039890434592962,4.433071939274669,shared_2l_dec_tail
1647,4.846809897571802,0.3003638703376055,4.440743941813707,shared_2l_dec_tail
1648,4.789517959579825,0.3034970723092556,4.381805891171098,shared_2l_dec_tail
1649,4.873336059972644,0.30303001403808594,4.464928060770035,shared_2l_dec_tail
1650,4.885373869910836,0.3061220049858093,4.471504129469395,shared_2l_dec_tail
1651,4.804291995242238,0.3110810648649931,4.387430846691132,shared_2l_dec_tail
1652,4.891279153525829,0.3011950757354498,4.48165787383914,shared_2l_dec_tail
1653,5.468414863571525,0.7413870189338923,4.599886946380138,shared_2l_dec_tail
1654,4.90749697200954,0.30454504303634167,4.494667984545231,shared_2l_dec_tail
1655,4.80792997404933,0.30854297801852226,4.391703987494111,shared_2l_dec_tail
1656,4.944321932271123,0.3154270816594362,4.52249706722796,shared_2l_dec_tail
1657,4.828418139368296,0.31060492619872093,4.411509959027171,shared_2l_dec_tail
1658,4.921892890706658,0.3031911328434944,4.511555889621377,shared_2l_dec_tail
1659,4.873917903751135,0.300348037853837,4.466522019356489,shared_2l_dec_tail
1660,4.801647970452905,0.30252011492848396,4.393792012706399,shared_2l_dec_tail
1661,4.856600891798735,0.3016761038452387,4.4409348629415035,shared_2l_dec_tail
1662,4.843534901738167,0.30431197956204414,4.432146903127432,shared_2l_dec_tail
1663,4.8855089116841555,0.309517839923501,4.470958141610026,shared_2l_dec_tail
1664,4.831084981560707,0.3096289001405239,4.413713002577424,shared_2l_dec_tail
1665,4.8543589655309916,0.2993280068039894,4.448687890544534,shared_2l_dec_tail
1666,4.809055011719465,0.30171312391757965,4.398732911795378,shared_2l_dec_tail
1667,4.846483003348112,0.3005459439009428,4.438526928424835,shared_2l_dec_tail
1668,4.816640168428421,0.299972016364336,4.408378852531314,shared_2l_dec_tail
1669,5.435925209894776,0.7238569669425488,4.592981887981296,shared_2l_dec_tail
1670,4.928691079840064,0.30627287924289703,4.513122141361237,shared_2l_dec_tail
1671,4.878313047811389,0.3023478202521801,4.4678139965981245,shared_2l_dec_tail
1672,4.837902961298823,0.3015180118381977,4.424035083502531,shared_2l_dec_tail
1673,4.879880929365754,0.30142394825816154,4.471954191103578,shared_2l_dec_tail
1674,4.84813004732132,0.3079678863286972,4.433209076523781,shared_2l_dec_tail
1675,4.885307047516108,0.3123579081147909,4.467130172997713,shared_2l_dec_tail
1676,4.8691690899431705,0.3111900296062231,4.4513780158013105,shared_2l_dec_tail
1677,4.7760221641510725,0.30977302230894566,4.360325867310166,shared_2l_dec_tail
1678,4.89176600240171,0.3041380550712347,4.479015013203025,shared_2l_dec_tail
1679,4.795182030647993,0.3016211558133364,4.387445980682969,shared_2l_dec_tail
1680,4.893193021416664,0.3039098810404539,4.48355614207685,shared_2l_dec_tail
1681,4.838347900658846,0.31015812419354916,4.421727964654565,shared_2l_dec_tail
1682,4.9038350116461515,0.3132671117782593,4.483632976189256,shared_2l_dec_tail
1683,4.792792024090886,0.3097020089626312,4.377834964543581,shared_2l_dec_tail
1684,4.863203968852758,0.3032749518752098,4.450384061783552,shared_2l_dec_tail
1685,5.454471101984382,0.7375080604106188,4.5958159025758505,shared_2l_dec_tail
1686,4.923025146126747,0.31734188087284565,4.496721085160971,shared_2l_dec_tail
1687,4.828658187761903,0.3102421760559082,4.4114969205111265,shared_2l_dec_tail
1688,4.908473929390311,0.3010209184139967,4.493321990594268,shared_2l_dec_tail
1689,4.854844883084297,0.3044549375772476,4.444879014045,shared_2l_dec_tail
1690,4.867324838414788,0.30126399360597134,4.458907060325146,shared_2l_dec_tail
1691,4.794991808012128,0.30209007672965527,4.38870582729578,shared_2l_dec_tail
1692,4.810418002307415,0.3028539940714836,4.402387887239456,shared_2l_dec_tail
1693,4.775625886395574,0.3111420664936304,4.36017382889986,shared_2l_dec_tail
1694,4.885382018983364,0.30355784110724926,4.472848959267139,shared_2l_dec_tail
1695,4.795502172783017,0.30030100606381893,4.38983179628849,shared_2l_dec_tail
1696,4.915168974548578,0.30394410714507103,4.5045900624245405,shared_2l_dec_tail
1697,4.858189960941672,0.3057951107621193,4.446812905371189,shared_2l_dec_tail
1698,4.816449014469981,0.3024840261787176,4.407986998558044,shared_2l_dec_tail
1699,4.87778102979064,0.31021609902381897,4.463033983483911,shared_2l_dec_tail
1700,4.9092748668044806,0.3117769956588745,4.49065794236958,shared_2l_dec_tail
1701,5.4352800361812115,0.7348551880568266,4.580209963023663,shared_2l_dec_tail
1702,4.927169997245073,0.3085068892687559,4.510414088144898,shared_2l_dec_tail
1703,4.840867128223181,0.3047820646315813,4.431310808286071,shared_2l_dec_tail
1704,4.902926040813327,0.30849198810756207,4.486967111006379,shared_2l_dec_tail
1705,4.816634114831686,0.3111870028078556,4.40148008055985,shared_2l_dec_tail
1706,4.911374067887664,0.3112030681222677,4.492721986025572,shared_2l_dec_tail
1707,4.82541392557323,0.30234199948608875,4.4169039465487,shared_2l_dec_tail
1708,4.815335851162672,0.3049068618565798,4.404435167089105,shared_2l_dec_tail
1709,4.861325956881046,0.30746497213840485,4.448879975825548,shared_2l_dec_tail
1710,4.91262786090374,0.30683097429573536,4.503482021391392,shared_2l_dec_tail
1711,4.8846411518752575,0.3042391035705805,4.474618937820196,shared_2l_dec_tail
1712,4.84019098803401,0.314223812893033,4.41998615860939,shared_2l_dec_tail
1713,4.841115092858672,0.31072506681084633,4.425117978826165,shared_2l_dec_tail
1714,4.792085848748684,0.3058789297938347,4.380753031000495,shared_2l_dec_tail
1715,4.819400841370225,0.30125817283988,4.411699948832393,shared_2l_dec_tail
1716,4.826211836189032,0.3025960177183151,4.415377974510193,shared_2l_dec_tail
1717,5.4473120253533125,0.709849176928401,4.612435819581151,shared_2l_dec_tail
1718,4.911264171823859,0.3058630973100662,4.497278016060591,shared_2l_dec_tail
1719,4.883249988779426,0.3062428440898657,4.469217034056783,shared_2l_dec_tail
1720,4.864647053182125,0.30342605896294117,4.455544054508209,shared_2l_dec_tail
1721,4.771322011947632,0.3027829807251692,4.356710938736796,shared_2l_dec_tail
1722,4.853012040257454,0.30452688224613667,4.442004021257162,shared_2l_dec_tail
1723,4.862428875640035,0.31355302780866623,4.442434990778565,shared_2l_dec_tail
1724,4.887064918875694,0.3089490346610546,4.472973058000207,shared_2l_dec_tail
1725,4.814823856577277,0.2988050691783428,4.4081988744437695,shared_2l_dec_tail
1726,4.8895529471337795,0.30324002727866173,4.479028983041644,shared_2l_dec_tail
1727,4.7420288901776075,0.30150217935442924,4.333348013460636,shared_2l_dec_tail
1728,4.803990013897419,0.30628591775894165,4.3890581000596285,shared_2l_dec_tail
1729,4.865467781201005,0.3132079727947712,4.446489969268441,shared_2l_dec_tail
1730,4.816356813535094,0.309918075799942,4.399114986881614,shared_2l_dec_tail
1731,4.829662851989269,0.3035399131476879,4.421920981258154,shared_2l_dec_tail
1732,4.900729050859809,0.302331056445837,4.492338979616761,shared_2l_dec_tail
1733,5.415997002273798,0.7419069297611713,4.553297068923712,shared_2l_dec_tail
1734,4.820466972887516,0.3145120572298765,4.398552933707833,shared_2l_dec_tail
1735,4.869025899097323,0.3079921007156372,4.454655107110739,shared_2l_dec_tail
1736,4.780141869559884,0.3000597935169935,4.37278114259243,shared_2l_dec_tail
1737,4.862470086663961,0.30437903478741646,4.45263902656734,shared_2l_dec_tail
1738,4.796302877366543,0.3071881365031004,4.382974002510309,shared_2l_dec_tail
1739,4.8019420355558395,0.3105949144810438,4.385884152725339,shared_2l_dec_tail
1740,4.843422910198569,0.3143679350614548,4.423049045726657,shared_2l_dec_tail
1741,4.78716311044991,0.3057930152863264,4.373966949060559,shared_2l_dec_tail
1742,4.857876105234027,0.30847499147057533,4.441668977960944,shared_2l_dec_tail
1743,4.874177975580096,0.3036691341549158,4.464039811864495,shared_2l_dec_tail
1744,4.793326137587428,0.3030968364328146,4.383536987006664,shared_2l_dec_tail
1745,4.85258805565536,0.31030410900712013,4.438329022377729,shared_2l_dec_tail
1746,4.771812120452523,0.31167594715952873,4.354999167844653,shared_2l_dec_tail
1747,4.858549917116761,0.3026749473065138,4.450968932360411,shared_2l_dec_tail
1748,4.810717888176441,0.30494295060634613,4.39811497926712,shared_2l_dec_tail
1749,5.447932053357363,0.7341830059885979,4.59593185223639,shared_2l_dec_tail
1750,4.905911162495613,0.3108009696006775,4.485259996727109,shared_2l_dec_tail
1751,4.868293879553676,0.30784495174884796,4.453686065971851,shared_2l_dec_tail
1752,4.793134983628988,0.30516600236296654,4.382099024951458,shared_2l_dec_tail
1753,4.797762958332896,0.3053608816117048,4.386217100545764,shared_2l_dec_tail
1754,4.863379057496786,0.30426797457039356,4.4514150358736515,shared_2l_dec_tail
1755,4.821453941985965,0.3149518743157387,4.3987310491502285,shared_2l_dec_tail
1756,4.782887874171138,0.31063612550497055,4.365901928395033,shared_2l_dec_tail
1757,4.848144017159939,0.3017568960785866,4.440508084371686,shared_2l_dec_tail
1758,4.779251990839839,0.3023790195584297,4.370648181065917,shared_2l_dec_tail
1759,4.84379380941391,0.3022241871803999,4.430545959621668,shared_2l_dec_tail
1760,4.864470800384879,0.30181603506207466,4.455243935808539,shared_2l_dec_tail
1761,4.801331087946892,0.3136640880256891,4.381211940199137,shared_2l_dec_tail
1762,4.878301871940494,0.3093290142714977,4.4635869562625885,shared_2l_dec_tail
1763,4.822124959900975,0.30190893448889256,4.414355149492621,shared_2l_dec_tail
1764,4.787188954651356,0.3092291299253702,4.3711739126592875,shared_2l_dec_tail
1765,5.416208878159523,0.7401101756840944,4.557205829769373,shared_2l_dec_tail
1766,4.83162491582334,0.3144890069961548,4.409013083204627,shared_2l_dec_tail
1767,4.858575062826276,0.31147594563663006,4.4399050530046225,shared_2l_dec_tail
1768,4.7955019399523735,0.30834414064884186,4.380933940410614,shared_2l_dec_tail
1769,4.896164173260331,0.3076510038226843,4.477001028135419,shared_2l_dec_tail
1770,4.810544196516275,0.3069560043513775,4.39477595500648,shared_2l_dec_tail
1771,4.861328052356839,0.3139427863061428,4.441182129085064,shared_2l_dec_tail
1772,4.860748071223497,0.3136671148240566,4.440008895471692,shared_2l_dec_tail
1773,4.757101181894541,0.30609616078436375,4.3463208712637424,shared_2l_dec_tail
1774,4.821670008823276,0.30197412706911564,4.412455018609762,shared_2l_dec_tail
1775,4.869034979492426,0.3036009147763252,4.46130009368062,shared_2l_dec_tail
1776,4.774780012667179,0.30576903373003006,4.362663021311164,shared_2l_dec_tail
1777,4.873486934229732,0.3176052123308182,4.451412940397859,shared_2l_dec_tail
1778,4.8069460317492485,0.31002587638795376,4.391758004203439,shared_2l_dec_tail
1779,4.870524164289236,0.30243280343711376,4.460010211914778,shared_2l_dec_tail
1780,4.8801901284605265,0.3057229332625866,4.467335995286703,shared_2l_dec_tail
1781,5.477291997522116,0.7341790478676558,4.623576998710632,shared_2l_dec_tail
1782,4.80759609490633,0.3174289595335722,4.382538143545389,shared_2l_dec_tail
1783,4.860250977799296,0.30318298377096653,4.449379863217473,shared_2l_dec_tail
1784,4.914359888061881,0.30600186437368393,4.500294104218483,shared_2l_dec_tail
1785,4.892864963039756,0.30650803819298744,4.479510011151433,shared_2l_dec_tail
1786,4.760063951835036,0.30603609047830105,4.346997942775488,shared_2l_dec_tail
1787,4.9217380583286285,0.3049718216061592,4.4785242062062025,shared_2l_dec_tail
1788,4.882358014583588,0.3147081006318331,4.454690031707287,shared_2l_dec_tail
1789,4.873661091551185,0.31060795299708843,4.45721298456192,shared_2l_dec_tail
1790,4.7799670137465,0.3118189051747322,4.362120991572738,shared_2l_dec_tail
1791,4.884019028395414,0.30754716135561466,4.469044040888548,shared_2l_dec_tail
1792,4.771069157868624,0.3056749701499939,4.357228986918926,shared_2l_dec_tail
1793,4.879447864368558,0.3123008646070957,4.459490068256855,shared_2l_dec_tail
1794,4.801238188520074,0.30662817880511284,4.387897904962301,shared_2l_dec_tail
1795,4.919974831864238,0.31446502543985844,4.497983958572149,shared_2l_dec_tail
1796,4.824580857530236,0.3158571198582649,4.400525009259582,shared_2l_dec_tail
1797,5.444952053949237,0.7376980502158403,4.585917806252837,shared_2l_dec_tail
1798,4.864643095061183,0.30916021205484867,4.4490129221230745,shared_2l_dec_tail
1799,4.835821921005845,0.3067511133849621,4.421852994710207,shared_2l_dec_tail
1800,4.832866135984659,0.314770033583045,4.4130131136626005,shared_2l_dec_tail
1801,4.897846141830087,0.314552104100585,4.475747933611274,shared_2l_dec_tail
1802,4.798776935786009,0.3075147978961468,4.383509047329426,shared_2l_dec_tail
1803,4.835307132452726,0.30661304481327534,4.42367815412581,shared_2l_dec_tail
1804,4.755971021950245,0.3100070171058178,4.3344569858163595,shared_2l_dec_tail
1805,4.860735964030027,0.3072319086641073,4.445249913260341,shared_2l_dec_tail
1806,4.798825131729245,0.3173931036144495,4.374693846330047,shared_2l_dec_tail
1807,4.8413758631795645,0.313902972266078,4.421222023665905,shared_2l_dec_tail
1808,4.752937005832791,0.3052221145480871,4.340113839134574,shared_2l_dec_tail
1809,4.816530970856547,0.3062481991946697,4.402949009090662,shared_2l_dec_tail
1810,4.862843081355095,0.30604004859924316,4.445797996595502,shared_2l_dec_tail
1811,4.805056843906641,0.30682398937642574,4.392124013975263,shared_2l_dec_tail
1812,4.827422089874744,0.31554396264255047,4.406095948070288,shared_2l_dec_tail
1813,5.441874032840133,0.7464378140866756,4.57032211124897,shared_2l_dec_tail
1814,4.866020986810327,0.3143248613923788,4.443929065018892,shared_2l_dec_tail
1815,4.81884996406734,0.31340192072093487,4.398497054353356,shared_2l_dec_tail
1816,4.861950874328613,0.3135679289698601,4.440190969035029,shared_2l_dec_tail
1817,4.7874609008431435,0.3016209229826927,4.380569094792008,shared_2l_dec_tail
1818,4.851026926189661,0.3043951001018286,4.439220065250993,shared_2l_dec_tail
1819,4.857244901359081,0.3065480850636959,4.4439679477363825,shared_2l_dec_tail
1820,4.762025084346533,0.30670594424009323,4.348508082330227,shared_2l_dec_tail
1821,4.868092015385628,0.31458702869713306,4.447261802852154,shared_2l_dec_tail
1822,4.770523170009255,0.3108629025518894,4.353045951575041,shared_2l_dec_tail
1823,4.920776933431625,0.3053720574826002,4.508933052420616,shared_2l_dec_tail
1824,4.7383850906044245,0.30446588061749935,4.3272830080240965,shared_2l_dec_tail
1825,4.81085292994976,0.30757300555706024,4.389601992443204,shared_2l_dec_tail
1826,4.83198999427259,0.30688196420669556,4.418033175170422,shared_2l_dec_tail
1827,4.882995970547199,0.31456793658435345,4.460384137928486,shared_2l_dec_tail
1828,4.8298598267138,0.31817308627068996,4.404983017593622,shared_2l_dec_tail
1829,5.445495015010238,0.737055903300643,4.58807498216629,shared_2l_dec_tail
1830,4.8786860425025225,0.3173400182276964,4.454365000128746,shared_2l_dec_tail
1831,4.821109818294644,0.30762399546802044,4.407365806400776,shared_2l_dec_tail
1832,4.855538019910455,0.32125087454915047,4.425962921231985,shared_2l_dec_tail
1833,4.821611102670431,0.31200284138321877,4.403796046972275,shared_2l_dec_tail
1834,4.863874986767769,0.30419486574828625,4.45281807333231,shared_2l_dec_tail
1835,4.852167097851634,0.30859396792948246,4.435275914147496,shared_2l_dec_tail
1836,4.83168987557292,0.31412788666784763,4.408387001603842,shared_2l_dec_tail
1837,4.904320230707526,0.3044428303837776,4.492438165470958,shared_2l_dec_tail
1838,4.769806982949376,0.30569988302886486,4.356458084657788,shared_2l_dec_tail
1839,4.90391394123435,0.31069316901266575,4.4859969057142735,shared_2l_dec_tail
1840,4.771241918206215,0.3150319680571556,4.350624047219753,shared_2l_dec_tail
1841,4.837285960093141,0.3096419386565685,4.4210730120539665,shared_2l_dec_tail
1842,4.841652931645513,0.30527496710419655,4.431084031239152,shared_2l_dec_tail
1843,4.900693893432617,0.30869687907397747,4.481436917558312,shared_2l_dec_tail
1844,4.834766965359449,0.30769105069339275,4.421205027028918,shared_2l_dec_tail
1845,5.614883964881301,0.8671509567648172,4.627224989235401,shared_2l_dec_tail
1846,4.8946901224553585,0.3136319573968649,4.474421963095665,shared_2l_dec_tail
1847,4.829745041206479,0.30646007508039474,4.416159121319652,shared_2l_dec_tail
1848,4.876544000580907,0.31100702472031116,4.457809962332249,shared_2l_dec_tail
1849,4.934244090691209,0.30832388438284397,4.515171051025391,shared_2l_dec_tail
1850,4.852451151236892,0.3093739505857229,4.434984177350998,shared_2l_dec_tail
1851,4.883529152721167,0.313272001221776,4.464393947273493,shared_2l_dec_tail
1852,4.75883879698813,0.3075050190091133,4.345296882092953,shared_2l_dec_tail
1853,4.805766977369785,0.30416809022426605,4.3950979597866535,shared_2l_dec_tail
1854,4.838234046474099,0.30922400765120983,4.422026919201016,shared_2l_dec_tail
1855,4.894253797829151,0.3071029204875231,4.480075091123581,shared_2l_dec_tail
1856,4.797986010089517,0.30645797960460186,4.386527929455042,shared_2l_dec_tail
1857,4.887720104306936,0.3139569889754057,4.468380939215422,shared_2l_dec_tail
1858,4.84335096552968,0.3116270527243614,4.427125910297036,shared_2l_dec_tail
1859,4.777790978550911,0.3149961121380329,4.359711892902851,shared_2l_dec_tail
1860,4.832872888073325,0.30771992169320583,4.419250879436731,shared_2l_dec_tail
1861,5.451122997328639,0.7382289040833712,4.5938079711049795,shared_2l_dec_tail
1862,4.883328918367624,0.31919009052217007,4.456250928342342,shared_2l_dec_tail
1863,4.865462891757488,0.31302706338465214,4.4449251145124435,shared_2l_dec_tail
1864,4.809772130101919,0.311052892357111,4.392098169773817,shared_2l_dec_tail
1865,4.886368056759238,0.3052640240639448,4.475596826523542,shared_2l_dec_tail
1866,4.7727529890835285,0.30688196420669556,4.3600331991910934,shared_2l_dec_tail
1867,4.90413885563612,0.3062230534851551,4.490723833441734,shared_2l_dec_tail
1868,4.872374935075641,0.3234120085835457,4.442599136382341,shared_2l_dec_tail
1869,4.886918934062123,0.3159369807690382,4.464884055778384,shared_2l_dec_tail
1870,4.769638879224658,0.31815399415791035,4.346241941675544,shared_2l_dec_tail
1871,4.895987920463085,0.3058989532291889,4.48277685791254,shared_2l_dec_tail
1872,4.83944802545011,0.3105979412794113,4.422017140313983,shared_2l_dec_tail
1873,4.870872013270855,0.2998190466314554,4.464403027668595,shared_2l_dec_tail
1874,4.8594370018690825,0.3088042140007019,4.443896003067493,shared_2l_dec_tail
1875,4.823599010705948,0.30661490745842457,4.41108806990087,shared_2l_dec_tail
1876,4.854288883507252,0.311441021040082,4.435683833435178,shared_2l_dec_tail
1877,5.497458856552839,0.7388540543615818,4.638297948986292,shared_2l_dec_tail
1878,4.878353094682097,0.3146408125758171,4.451362183317542,shared_2l_dec_tail
1879,4.872127901762724,0.3059031441807747,4.45890286937356,shared_2l_dec_tail
1880,4.83861705288291,0.3144678194075823,4.416782176122069,shared_2l_dec_tail
1881,4.90747787989676,0.3117769956588745,4.490026971325278,shared_2l_dec_tail
1882,4.768243990838528,0.31019700691103935,4.351994022727013,shared_2l_dec_tail
1883,4.862400004640222,0.3054509870707989,4.450788954272866,shared_2l_dec_tail
1884,4.819197813048959,0.3066000062972307,4.40471014007926,shared_2l_dec_tail
1885,4.900711122900248,0.3094070125371218,4.485024139285088,shared_2l_dec_tail
1886,4.8725230153650045,0.3100810572504997,4.455012967810035,shared_2l_dec_tail
1887,4.844599170610309,0.313641969114542,4.4249920174479485,shared_2l_dec_tail
1888,4.851829959079623,0.32012583687901497,4.426096100360155,shared_2l_dec_tail
1889,4.865942057222128,0.31259795650839806,4.4475889299064875,shared_2l_dec_tail
1890,4.869122989475727,0.3106070216745138,4.452587105333805,shared_2l_dec_tail
1891,4.797147121280432,0.30159298330545425,4.389176843687892,shared_2l_dec_tail
1892,4.836176056414843,0.3048910293728113,4.419625038281083,shared_2l_dec_tail
1893,5.42892306111753,0.717424089089036,4.593089921399951,shared_2l_dec_tail
1894,4.895478952676058,0.3066838253289461,4.481388023123145,shared_2l_dec_tail
1895,4.8608072102069855,0.31104800291359425,4.443376092240214,shared_2l_dec_tail
1896,4.7411988489329815,0.3077487926930189,4.32395120151341,shared_2l_dec_tail
1897,4.844388924539089,0.3059869632124901,4.432222107425332,shared_2l_dec_tail
1898,4.858166910707951,0.3150820266455412,4.435892915353179,shared_2l_dec_tail
1899,4.902190994471312,0.3154231235384941,4.478396847844124,shared_2l_dec_tail
1900,4.811795894056559,0.30870805494487286,4.397423937916756,shared_2l_dec_tail
1901,4.826485877856612,0.30793785117566586,4.410612164065242,shared_2l_dec_tail
1902,4.719234770163894,0.3107781521975994,4.303129855543375,shared_2l_dec_tail
1903,4.790449980646372,0.30527892522513866,4.377941135317087,shared_2l_dec_tail
1904,4.842981928959489,0.3131700213998556,4.42309700883925,shared_2l_dec_tail
1905,4.837942076846957,0.3158359322696924,4.415485076606274,shared_2l_dec_tail
1906,4.8487449530512094,0.30526192858815193,4.437135066837072,shared_2l_dec_tail
1907,4.829491022974253,0.3053969703614712,4.41866903565824,shared_2l_dec_tail
1908,4.835556959733367,0.3085648640990257,4.418184980750084,shared_2l_dec_tail
1909,5.436314037069678,0.7340351585298777,4.582467023283243,shared_2l_dec_tail
1910,4.858305910602212,0.31098700128495693,4.439424024894834,shared_2l_dec_tail
1911,4.863893147557974,0.30474201776087284,4.452041815966368,shared_2l_dec_tail
1912,4.73734294064343,0.30607404187321663,4.325377056375146,shared_2l_dec_tail
1913,4.855367122218013,0.3081208560615778,4.431673092767596,shared_2l_dec_tail
1914,4.842835012823343,0.31661917455494404,4.420708864927292,shared_2l_dec_tail
1915,4.855046048760414,0.3152561839669943,4.435175796970725,shared_2l_dec_tail
1916,4.752353066578507,0.31057395972311497,4.336395999416709,shared_2l_dec_tail
1917,4.795385058969259,0.30844402499496937,4.380338825285435,shared_2l_dec_tail
1918,4.835303174331784,0.30890805646777153,4.420862067490816,shared_2l_dec_tail
1919,4.7984200064092875,0.3135169390588999,4.379899008199573,shared_2l_dec_tail
1920,4.8239699099212885,0.3166799433529377,4.402433056384325,shared_2l_dec_tail
1921,4.795657936483622,0.306067056953907,4.382814047858119,shared_2l_dec_tail
1922,4.856265150010586,0.3081010654568672,4.4403651263564825,shared_2l_dec_tail
1923,4.868708085268736,0.3102310001850128,4.451127024367452,shared_2l_dec_tail
1924,4.750734195113182,0.313424039632082,4.332362907007337,shared_2l_dec_tail
1925,5.455683916807175,0.7359709125012159,4.600734915584326,shared_2l_dec_tail
1926,4.871140932664275,0.3118740860372782,4.452538909390569,shared_2l_dec_tail
1927,4.816903965547681,0.304581131786108,4.405006999149919,shared_2l_dec_tail
1928,4.779075039550662,0.31163287349045277,4.360612016171217,shared_2l_dec_tail
1929,4.899755120277405,0.3185661043971777,4.475882044062018,shared_2l_dec_tail
1930,4.830618854612112,0.32026320695877075,4.405157873407006,shared_2l_dec_tail
1931,4.90716309286654,0.30478998087346554,4.495213972404599,shared_2l_dec_tail
1932,4.825804848223925,0.307328999042511,4.413938848301768,shared_2l_dec_tail
1933,4.787335870787501,0.31131389550864697,4.37067705206573,shared_2l_dec_tail
1934,4.859479144215584,0.306564848870039,4.447776125743985,shared_2l_dec_tail
1935,4.916578996926546,0.30887615866959095,4.483827855437994,shared_2l_dec_tail
1936,4.839989822357893,0.31723384745419025,4.415589151903987,shared_2l_dec_tail
1937,4.897734150290489,0.31467899680137634,4.477648995816708,shared_2l_dec_tail
1938,4.781421041116118,0.3082570619881153,4.366962937638164,shared_2l_dec_tail
1939,4.8800199292600155,0.30655600130558014,4.466301063075662,shared_2l_dec_tail
1940,4.8035860527306795,0.3092731349170208,4.388406872749329,shared_2l_dec_tail
1941,5.424526985734701,0.7227100431919098,4.582112887874246,shared_2l_dec_tail
1942,4.8711400013417006,0.3132589627057314,4.450665088370442,shared_2l_dec_tail
1943,4.865804919973016,0.30828011222183704,4.4493540190160275,shared_2l_dec_tail
1944,4.829542012885213,0.30705309472978115,4.4153479393571615,shared_2l_dec_tail
1945,4.821256035938859,0.31025405041873455,4.403991857543588,shared_2l_dec_tail
1946,4.825005074962974,0.31244615092873573,4.401413956657052,shared_2l_dec_tail
1947,4.792858147993684,0.31213508918881416,4.374773940071464,shared_2l_dec_tail
1948,4.863220965489745,0.31090201810002327,4.446231992915273,shared_2l_dec_tail
1949,4.80238301679492,0.3070761449635029,4.387418972328305,shared_2l_dec_tail
1950,4.756014095619321,0.3118971362709999,4.341970896348357,shared_2l_dec_tail
1951,4.882420878857374,0.309427035972476,4.46764612570405,shared_2l_dec_tail
1952,4.793595056980848,0.31577819027006626,4.372411873191595,shared_2l_dec_tail
1953,4.76358481682837,0.31518982723355293,4.341942025348544,shared_2l_dec_tail
1954,4.8517188988626,0.3075809217989445,4.437210038304329,shared_2l_dec_tail
1955,4.799242131412029,0.30694901943206787,4.386019892990589,shared_2l_dec_tail
1956,4.860138986259699,0.31377095729112625,4.440031945705414,shared_2l_dec_tail
1957,5.438792053610086,0.7282299920916557,4.591163014993072,shared_2l_dec_tail
1958,4.868322052061558,0.31330203637480736,4.443316021934152,shared_2l_dec_tail
1959,4.802662879228592,0.30764006078243256,4.387857858091593,shared_2l_dec_tail
1960,4.869328113272786,0.30960608273744583,4.454510984942317,shared_2l_dec_tail
1961,4.818964982405305,0.3087329678237438,4.405423998832703,shared_2l_dec_tail
1962,4.872184945270419,0.3103939816355705,4.455087939277291,shared_2l_dec_tail
1963,4.810335114598274,0.31494093127548695,4.389472072944045,shared_2l_dec_tail
1964,4.848296986892819,0.30827103182673454,4.434837959706783,shared_2l_dec_tail
1965,4.843826172873378,0.30543003231287,4.432426067069173,shared_2l_dec_tail
1966,4.810514859855175,0.3059131558984518,4.399500787258148,shared_2l_dec_tail
1967,4.846140975132585,0.30826893635094166,4.433182999491692,shared_2l_dec_tail
1968,4.795068874955177,0.3146948292851448,4.375589080154896,shared_2l_dec_tail
1969,4.904245026409626,0.31354790553450584,4.484780132770538,shared_2l_dec_tail
1970,4.8478529788553715,0.3087790682911873,4.4326630886644125,shared_2l_dec_tail
1971,4.796890076249838,0.30625401996076107,4.383706022053957,shared_2l_dec_tail
1972,4.7744938638061285,0.3089501988142729,4.360499791800976,shared_2l_dec_tail
1973,5.472294986248016,0.7416449952870607,4.611975979059935,shared_2l_dec_tail
1974,4.88880998454988,0.31144008971750736,4.471685970202088,shared_2l_dec_tail
1975,4.793490981683135,0.3076069988310337,4.37770108692348,shared_2l_dec_tail
1976,4.860676126554608,0.30931783840060234,4.446894163265824,shared_2l_dec_tail
1977,4.813469015061855,0.30900794081389904,4.397921031340957,shared_2l_dec_tail
1978,4.872089019045234,0.3141730558127165,4.450729815289378,shared_2l_dec_tail
1979,4.895359976217151,0.31806202605366707,4.469234962016344,shared_2l_dec_tail
1980,4.8061818815767765,0.31302310526371,4.3835018295794725,shared_2l_dec_tail
1981,4.924511071294546,0.3123949281871319,4.5058708637952805,shared_2l_dec_tail
1982,4.811366088688374,0.30641001649200916,4.397114971652627,shared_2l_dec_tail
1983,4.888511961326003,0.31317095272243023,4.468264989554882,shared_2l_dec_tail
1984,4.7656570095568895,0.3072561230510473,4.352364921942353,shared_2l_dec_tail
1985,4.798959940671921,0.3138140309602022,4.378850804641843,shared_2l_dec_tail
1986,4.861186956986785,0.31606503762304783,4.438868025317788,shared_2l_dec_tail
1987,4.8456869553774595,0.31041097827255726,4.429887048900127,shared_2l_dec_tail
1988,4.868259886279702,0.3106999211013317,4.451168002560735,shared_2l_dec_tail
1989,5.445798859000206,0.7446431554853916,4.5822360552847385,shared_2l_dec_tail
1990,4.899234045296907,0.324613181874156,4.466918995603919,shared_2l_dec_tail
1991,4.832362057641149,0.3139509353786707,4.411532077938318,shared_2l_dec_tail
1992,4.887907998636365,0.31088991090655327,4.469267092645168,shared_2l_dec_tail
1993,4.858796950429678,0.3086200449615717,4.4424869120121,shared_2l_dec_tail
1994,4.884392023086548,0.30640396289527416,4.4708710629493,shared_2l_dec_tail
1995,4.89479792304337,0.3045240882784128,4.483955912292004,shared_2l_dec_tail
1996,4.823284922167659,0.311385840177536,4.40556718967855,shared_2l_dec_tail
1997,4.866792121902108,0.315394951030612,4.44549904204905,shared_2l_dec_tail
1998,4.8051991034299135,0.3174121957272291,4.381917882710695,shared_2l_dec_tail
1999,4.908333066850901,0.30394806526601315,4.497940884903073,shared_2l_dec_tail
2000,4.859304986894131,0.31387689523398876,4.4389329850673676,shared_2l_dec_tail
2001,4.807023098692298,0.3076670691370964,4.393744980916381,shared_2l_dec_tail
2002,4.845339106395841,0.3077220171689987,4.427378065884113,shared_2l_dec_tail
2003,4.8711770214140415,0.3090081736445427,4.456549882888794,shared_2l_dec_tail
2004,4.844102077186108,0.316886929795146,4.422587109729648,shared_2l_dec_tail
2005,5.441359942778945,0.745096942409873,4.575493978336453,shared_2l_dec_tail
2006,4.874940030276775,0.3185090608894825,4.450134001672268,shared_2l_dec_tail
2007,4.883243003860116,0.31738588586449623,4.458317998796701,shared_2l_dec_tail
2008,4.743743920698762,0.31436001881957054,4.323737928643823,shared_2l_dec_tail
2009,4.891442134976387,0.3188240807503462,4.465289879590273,shared_2l_dec_tail
2010,4.7852578572928905,0.31708902679383755,4.362424137070775,shared_2l_dec_tail
2011,4.902068059891462,0.31227897852659225,4.483667202293873,shared_2l_dec_tail
2012,4.770513158291578,0.3075781278312206,4.3574010487645864,shared_2l_dec_tail
2013,4.8112759832292795,0.3061569295823574,4.398823948577046,shared_2l_dec_tail
2014,4.796029068529606,0.30693504959344864,4.376447992399335,shared_2l_dec_tail
2015,4.920234903693199,0.3209488932043314,4.457825096324086,shared_2l_dec_tail
2016,4.81647695414722,0.3290490712970495,4.375227028504014,shared_2l_dec_tail
2017,4.832310834899545,0.3118508029729128,4.413418006151915,shared_2l_dec_tail
2018,4.864362999796867,0.3103441558778286,4.445892991498113,shared_2l_dec_tail
2019,4.833594197407365,0.3071320243179798,4.415452014654875,shared_2l_dec_tail
2020,4.8601890448480844,0.31290692277252674,4.441088996827602,shared_2l_dec_tail
2021,5.451906006783247,0.7427548989653587,4.590406082570553,shared_2l_dec_tail
2022,4.8965520691126585,0.314145116135478,4.474710905924439,shared_2l_dec_tail
2023,4.80193505063653,0.31093182042241096,4.384331172332168,shared_2l_dec_tail
2024,4.861108958721161,0.312622869387269,4.442364210262895,shared_2l_dec_tail
2025,4.796333843842149,0.3103760536760092,4.373155999928713,shared_2l_dec_tail
2026,4.843550967052579,0.3172401338815689,4.4203707948327065,shared_2l_dec_tail
2027,4.852216923609376,0.31061493791639805,4.433800932019949,shared_2l_dec_tail
2028,4.8033068887889385,0.3068519290536642,4.389228066429496,shared_2l_dec_tail
2029,4.812954925000668,0.30523608438670635,4.400306846946478,shared_2l_dec_tail
2030,4.893847042694688,0.3154720179736614,4.464847035706043,shared_2l_dec_tail
2031,4.790226928889751,0.30729291029274464,4.374589072540402,shared_2l_dec_tail
2032,4.810208920389414,0.31645200215280056,4.388733068481088,shared_2l_dec_tail
2033,4.770040977746248,0.31095813028514385,4.3541009072214365,shared_2l_dec_tail
2034,4.85658086836338,0.31019095331430435,4.439702956005931,shared_2l_dec_tail
2035,4.793725907802582,0.31180703081190586,4.372287075966597,shared_2l_dec_tail
2036,4.793519154191017,0.3133669961243868,4.373152973130345,shared_2l_dec_tail
2037,5.48788090236485,0.7459050975739956,4.616191843524575,shared_2l_dec_tail
2038,4.867096897214651,0.31403987668454647,4.44532698020339,shared_2l_dec_tail
2039,4.830408841371536,0.3124368377029896,4.405379993841052,shared_2l_dec_tail
2040,4.811858991160989,0.3121839836239815,4.391157999634743,shared_2l_dec_tail
2041,4.837515065446496,0.3185619134455919,4.410823108628392,shared_2l_dec_tail
2042,4.865552065894008,0.3219381906092167,4.438766976818442,shared_2l_dec_tail
2043,4.789852071553469,0.3092060796916485,4.374932963401079,shared_2l_dec_tail
2044,4.842147929593921,0.3114519640803337,4.4232860673218966,shared_2l_dec_tail
2045,4.800517112016678,0.3114549908787012,4.377737175673246,shared_2l_dec_tail
2046,4.853587131947279,0.3105681389570236,4.436056828126311,shared_2l_dec_tail
2047,4.82802395708859,0.31723687425255775,4.404505016282201,shared_2l_dec_tail
2048,4.78807813487947,0.323951942846179,4.357373109087348,shared_2l_dec_tail
2049,4.757191054522991,0.30804984271526337,4.343074979260564,shared_2l_dec_tail
2050,4.8215019050985575,0.3113050479441881,4.403360886499286,shared_2l_dec_tail
2051,4.773328080773354,0.31385384500026703,4.3539381586015224,shared_2l_dec_tail
2052,4.824289120733738,0.3129120450466871,4.403790924698114,shared_2l_dec_tail
2053,5.4545169696211815,0.7511470466852188,4.582212073728442,shared_2l_dec_tail
2054,4.864474991336465,0.315618934109807,4.44109202362597,shared_2l_dec_tail
2055,4.843540024012327,0.31195394694805145,4.42434917204082,shared_2l_dec_tail
2056,4.8623159527778625,0.3156941384077072,4.439098993316293,shared_2l_dec_tail
2057,4.819077905267477,0.3179179038852453,4.392510978505015,shared_2l_dec_tail
2058,4.853947088122368,0.30831596814095974,4.437452182173729,shared_2l_dec_tail
2059,4.840000998228788,0.30795298516750336,4.424579907208681,shared_2l_dec_tail
2060,4.824597854167223,0.30907499603927135,4.408098058775067,shared_2l_dec_tail
2061,4.9148909747600555,0.30853389762341976,4.499819129705429,shared_2l_dec_tail
2062,4.750553984194994,0.31190691515803337,4.331781063228846,shared_2l_dec_tail
2063,4.84546716324985,0.31735608354210854,4.423651844263077,shared_2l_dec_tail
2064,4.834804218262434,0.31413487158715725,4.41506807692349,shared_2l_dec_tail
2065,4.797487985342741,0.3133160062134266,4.3773408979177475,shared_2l_dec_tail
2066,4.857863066717982,0.31399400904774666,4.437070107087493,shared_2l_dec_tail
2067,4.834812832996249,0.31392904929816723,4.409600980579853,shared_2l_dec_tail
2068,4.845028975978494,0.31062611378729343,4.428918939083815,shared_2l_dec_tail
2069,5.481903906911612,0.7542609237134457,4.606845090165734,shared_2l_dec_tail
2070,4.8876379150897264,0.31841197051107883,4.460359923541546,shared_2l_dec_tail
2071,4.876206861808896,0.3180860076099634,4.450252978131175,shared_2l_dec_tail
2072,4.768462851643562,0.311901094391942,4.349408904090524,shared_2l_dec_tail
2073,4.86361188814044,0.3198671620339155,4.437673836946487,shared_2l_dec_tail
2074,4.850976867601275,0.3200171049684286,4.424690967425704,shared_2l_dec_tail
2075,4.7946099657565355,0.31529786065220833,4.37311502173543,shared_2l_dec_tail
2076,4.860498011112213,0.30908198095858097,4.444593796506524,shared_2l_dec_tail
2077,4.801709903404117,0.30846893787384033,4.386045038700104,shared_2l_dec_tail
2078,4.787654848769307,0.31152181327342987,4.370950162410736,shared_2l_dec_tail
2079,4.874236881732941,0.3201821818947792,4.447128856554627,shared_2l_dec_tail
2080,4.758300026878715,0.31484896317124367,4.335334990173578,shared_2l_dec_tail
2081,4.87681501545012,0.3092428669333458,4.460423020645976,shared_2l_dec_tail
2082,4.790595034137368,0.3100989852100611,4.374123876914382,shared_2l_dec_tail
2083,4.9107789527624846,0.312193064019084,4.492248874157667,shared_2l_dec_tail
2084,4.826001124456525,0.3138130996376276,4.401134792715311,shared_2l_dec_tail
2085,5.36704994738102,0.7408061064779758,4.505626857280731,shared_2l_dec_tail
2086,4.786825040355325,0.3149779513478279,4.364392952993512,shared_2l_dec_tail
2087,4.895644029602408,0.31055696308612823,4.476370057091117,shared_2l_dec_tail
2088,4.812036175280809,0.3106989897787571,4.393580136820674,shared_2l_dec_tail
2089,4.860513145104051,0.32301689498126507,4.431026987731457,shared_2l_dec_tail
2090,4.822632065042853,0.323606189340353,4.39086090773344,shared_2l_dec_tail
2091,4.908586153760552,0.3136449959129095,4.487853962928057,shared_2l_dec_tail
2092,4.881488159298897,0.3147928509861231,4.460904048755765,shared_2l_dec_tail
2093,4.854818806052208,0.31158188357949257,4.437271971255541,shared_2l_dec_tail
2094,4.817600827664137,0.31499192118644714,4.396294942125678,shared_2l_dec_tail
2095,4.904056899249554,0.31221890822052956,4.479043884202838,shared_2l_dec_tail
2096,4.783523036167026,0.31462893821299076,4.361569182947278,shared_2l_dec_tail
2097,4.8643420450389385,0.31899893656373024,4.43995394743979,shared_2l_dec_tail
2098,4.733043955639005,0.32209395430982113,4.306670976802707,shared_2l_dec_tail
2099,4.878961015492678,0.3131050616502762,4.458928946405649,shared_2l_dec_tail
2100,4.8074000515043736,0.31110597774386406,4.389498848468065,shared_2l_dec_tail
2101,5.453008925542235,0.7539158686995506,4.579196218401194,shared_2l_dec_tail
2102,4.883297951892018,0.31752209179103374,4.457271890714765,shared_2l_dec_tail
2103,4.803565097972751,0.31404290348291397,4.381862934678793,shared_2l_dec_tail
2104,4.867051029577851,0.30981702730059624,4.448445979505777,shared_2l_dec_tail
2105,4.791462793946266,0.31168689019978046,4.373996984213591,shared_2l_dec_tail
2106,4.856535000726581,0.31982106156647205,4.428564105182886,shared_2l_dec_tail
2107,4.85077197663486,0.3169768024235964,4.427930107340217,shared_2l_dec_tail
2108,4.792056977748871,0.3208010457456112,4.363178974017501,shared_2l_dec_tail
2109,4.923016997054219,0.3124969080090523,4.504569107666612,shared_2l_dec_tail
2110,4.873869009315968,0.3092510160058737,4.458522889763117,shared_2l_dec_tail
2111,4.817395005375147,0.31200703233480453,4.3967850506305695,shared_2l_dec_tail
2112,4.792483057826757,0.31083496287465096,4.37548290938139,shared_2l_dec_tail
2113,4.8565741162747145,0.32392400316894054,4.42543881945312,shared_2l_dec_tail
2114,4.756961017847061,0.32247998751699924,4.329663002863526,shared_2l_dec_tail
2115,4.822882125154138,0.3156219609081745,4.400947829708457,shared_2l_dec_tail
2116,4.802435869351029,0.31125894747674465,4.385082051157951,shared_2l_dec_tail
2117,5.400977097451687,0.7512739393860102,4.530102945864201,shared_2l_dec_tail
2118,4.850593861192465,0.3185090608894825,4.425416933372617,shared_2l_dec_tail
2119,4.872722085565329,0.3135399892926216,4.452484892681241,shared_2l_dec_tail
2120,4.782770061865449,0.31181005761027336,4.363528918474913,shared_2l_dec_tail
2121,4.874604986980557,0.3179230261594057,4.449157975614071,shared_2l_dec_tail
2122,4.847625037655234,0.31590601429343224,4.4194599613547325,shared_2l_dec_tail
2123,4.791346145793796,0.3197239711880684,4.365375032648444,shared_2l_dec_tail
2124,4.847666947171092,0.3119581378996372,4.429016029462218,shared_2l_dec_tail
2125,4.806362092494965,0.3129909746348858,4.386199172586203,shared_2l_dec_tail
2126,4.814037820324302,0.3132049459964037,4.394819959998131,shared_2l_dec_tail
2127,4.856738960370421,0.31226291321218014,4.437274066731334,shared_2l_dec_tail
2128,4.775091074407101,0.31315116211771965,4.35113999992609,shared_2l_dec_tail
2129,4.911643918603659,0.3220648504793644,4.48401109315455,shared_2l_dec_tail
2130,4.822133807465434,0.32045505940914154,4.396018106490374,shared_2l_dec_tail
2131,4.806518787518144,0.3147509414702654,4.386039916425943,shared_2l_dec_tail
2132,4.747822880744934,0.3094219136983156,4.328292096033692,shared_2l_dec_tail
2133,5.460357991978526,0.7408969104290009,4.600566113367677,shared_2l_dec_tail
2134,4.867237992584705,0.31862081959843636,4.441204015165567,shared_2l_dec_tail
2135,4.8300400376319885,0.31479611061513424,4.408766981214285,shared_2l_dec_tail
2136,4.757298156619072,0.3119250759482384,4.333565942943096,shared_2l_dec_tail
2137,4.890131996944547,0.3157809842377901,4.468400962650776,shared_2l_dec_tail
2138,4.783035023137927,0.31862989999353886,4.3587819673120975,shared_2l_dec_tail
2139,4.903628956526518,0.32067415304481983,4.474123008549213,shared_2l_dec_tail
2140,4.792028106749058,0.31548296101391315,4.369666101410985,shared_2l_dec_tail
2141,4.907367983832955,0.31271600164473057,4.486965015530586,shared_2l_dec_tail
2142,4.808224039152265,0.31322287395596504,4.389212001115084,shared_2l_dec_tail
2143,4.865797935053706,0.3107700031250715,4.44520590826869,shared_2l_dec_tail
2144,4.757026908919215,0.31068315729498863,4.339440958574414,shared_2l_dec_tail
2145,4.854511935263872,0.3218119964003563,4.4270900543779135,shared_2l_dec_tail
2146,4.826067015528679,0.31079212203621864,4.40977793186903,shared_2l_dec_tail
2147,4.8018719535321,0.3140871413052082,4.38097002916038,shared_2l_dec_tail
2148,4.819352878257632,0.3173679579049349,4.396416945382953,shared_2l_dec_tail
2149,5.475427955389023,0.7465349044650793,4.607995040714741,shared_2l_dec_tail
2150,4.83697303570807,0.315631041303277,4.413309041410685,shared_2l_dec_tail
2151,4.8805419355630875,0.31141890212893486,4.463724093511701,shared_2l_dec_tail
2152,4.86062397249043,0.31416513957083225,4.440254997462034,shared_2l_dec_tail
2153,4.803787916898727,0.31354092061519623,4.37961402349174,shared_2l_dec_tail
2154,4.805911099538207,0.3122680354863405,4.3848559726029634,shared_2l_dec_tail
2155,4.912697011604905,0.32297614961862564,4.481659037992358,shared_2l_dec_tail
2156,4.814840853214264,0.32114703208208084,4.384409170597792,shared_2l_dec_tail
2157,4.9149091355502605,0.3112540580332279,4.495681030675769,shared_2l_dec_tail
2158,4.761766875162721,0.31341100111603737,4.342406056821346,shared_2l_dec_tail
2159,4.754755878821015,0.3108598757535219,4.333141027018428,shared_2l_dec_tail
2160,4.852831130847335,0.3125609364360571,4.433025838807225,shared_2l_dec_tail
2161,4.813602194190025,0.3207288682460785,4.387340042740107,shared_2l_dec_tail
2162,4.774119006469846,0.32707094214856625,4.341988125815988,shared_2l_dec_tail
2163,4.898079205304384,0.3146869130432606,4.477397073060274,shared_2l_dec_tail
2164,4.816258093342185,0.32338802702724934,4.38515399582684,shared_2l_dec_tail
2165,5.4606960620731115,0.7418158929795027,4.597980994731188,shared_2l_dec_tail
2166,4.874469013884664,0.32815104350447655,4.438679898157716,shared_2l_dec_tail
2167,4.882394801825285,0.3241361118853092,4.450225038453937,shared_2l_dec_tail
2168,4.917382961139083,0.31768111512064934,4.492088919505477,shared_2l_dec_tail
2169,4.765454912558198,0.314170029014349,4.344145068898797,shared_2l_dec_tail
2170,4.873716970905662,0.3161218483000994,4.445067141205072,shared_2l_dec_tail
2171,4.777560941874981,0.3156180027872324,4.3560650665313005,shared_2l_dec_tail
2172,4.876660881564021,0.32468815334141254,4.445151891559362,shared_2l_dec_tail
2173,4.791807848960161,0.3196659963577986,4.365728935226798,shared_2l_dec_tail
2174,4.869512980803847,0.31846296042203903,4.443536046892405,shared_2l_dec_tail
2175,4.754235036671162,0.3113050479441881,4.337874008342624,shared_2l_dec_tail
2176,4.763962002471089,0.31111203134059906,4.34740399941802,shared_2l_dec_tail
2177,4.823584808036685,0.3222611267119646,4.396687960252166,shared_2l_dec_tail
2178,4.835858009755611,0.31606690026819706,4.414239898324013,shared_2l_dec_tail
2179,4.80159604921937,0.31401682645082474,4.381509032100439,shared_2l_dec_tail
2180,4.8855210188776255,0.3136768937110901,4.463359015062451,shared_2l_dec_tail
2181,5.685891956090927,0.9191231802105904,4.645020002499223,shared_2l_dec_tail
2182,4.8341029323637486,0.32439595088362694,4.401666112244129,shared_2l_dec_tail
2183,4.937086952850223,0.32494915649294853,4.50406689196825,shared_2l_dec_tail
2184,4.849961027503014,0.32330211251974106,4.4186890590935946,shared_2l_dec_tail
2185,4.891067044809461,0.3161130007356405,4.468161147087812,shared_2l_dec_tail
2186,4.826585995033383,0.31638098880648613,4.40448010340333,shared_2l_dec_tail
2187,4.857984837144613,0.3174850717186928,4.432526882737875,shared_2l_dec_tail
2188,4.825890995562077,0.3158310428261757,4.397162003442645,shared_2l_dec_tail
2189,4.793818108737469,0.31516095623373985,4.3718640226870775,shared_2l_dec_tail
2190,4.871330922469497,0.3206839319318533,4.441121127456427,shared_2l_dec_tail
2191,4.818611079826951,0.32210699282586575,4.39087301492691,shared_2l_dec_tail
2192,4.895261954516172,0.3110270481556654,4.478315124288201,shared_2l_dec_tail
2193,4.84353001229465,0.31242193654179573,4.425504943355918,shared_2l_dec_tail
2194,4.805701086297631,0.31083193607628345,4.385138861835003,shared_2l_dec_tail
2195,4.898338112980127,0.32386393286287785,4.467872902750969,shared_2l_dec_tail
2196,4.790586186572909,0.3153660800307989,4.369081929326057,shared_2l_dec_tail
2197,5.506735062226653,0.7507218979299068,4.634183133020997,shared_2l_dec_tail
2198,4.876899998635054,0.32001989893615246,4.448676016181707,shared_2l_dec_tail
2199,4.859090782701969,0.3145940136164427,4.432582063600421,shared_2l_dec_tail
2200,4.857101943343878,0.31264079734683037,4.4381332118064165,shared_2l_dec_tail
2201,4.803040064871311,0.3273210022598505,4.370759008452296,shared_2l_dec_tail
2202,4.878445062786341,0.32099010422825813,4.451165907084942,shared_2l_dec_tail
2203,4.850887227803469,0.3144440706819296,4.4288598001003265,shared_2l_dec_tail
2204,4.9276771023869514,0.31640403904020786,4.504218930378556,shared_2l_dec_tail
2205,4.935558885335922,0.3188890404999256,4.509944934397936,shared_2l_dec_tail
2206,4.767898004502058,0.3120691981166601,4.349723923951387,shared_2l_dec_tail
2207,4.8160788137465715,0.3165821544826031,4.392232978716493,shared_2l_dec_tail
2208,4.893481032922864,0.3210988361388445,4.465555073693395,shared_2l_dec_tail
2209,4.8008449375629425,0.320974038913846,4.373169969767332,shared_2l_dec_tail
2210,4.852585960179567,0.3169251140207052,4.427681909874082,shared_2l_dec_tail
2211,4.8174329567700624,0.3141139168292284,4.396254196763039,shared_2l_dec_tail
2212,4.903715802356601,0.31135790050029755,4.485665122047067,shared_2l_dec_tail
2213,5.468046059831977,0.7475479505956173,4.600401036441326,shared_2l_dec_tail
2214,4.913137061521411,0.323320971801877,4.483301192522049,shared_2l_dec_tail
2215,4.86084702424705,0.3161989152431488,4.438232164829969,shared_2l_dec_tail
2216,4.803690826520324,0.3159330226480961,4.381161881610751,shared_2l_dec_tail
2217,4.867513896897435,0.31617889180779457,4.443231038749218,shared_2l_dec_tail
2218,4.879327025264502,0.31052203848958015,4.457189934328198,shared_2l_dec_tail
2219,4.89335204474628,0.31442195177078247,4.472126951441169,shared_2l_dec_tail
2220,4.765589023008943,0.31287781894207,4.340420011430979,shared_2l_dec_tail
2221,4.888992989435792,0.3239030484110117,4.457772942259908,shared_2l_dec_tail
2222,4.863345995545387,0.3128380049020052,4.44290810264647,shared_2l_dec_tail
2223,4.786249017342925,0.31481613405048847,4.36496501788497,shared_2l_dec_tail
2224,4.786417121067643,0.3149390686303377,4.366507055237889,shared_2l_dec_tail
2225,4.85647190362215,0.3163060173392296,4.4329240918159485,shared_2l_dec_tail
2226,4.862867062911391,0.31942594796419144,4.4371760450303555,shared_2l_dec_tail
2227,4.80465404689312,0.3237838391214609,4.376955097541213,shared_2l_dec_tail
2228,4.867320181801915,0.31217397190630436,4.448987077921629,shared_2l_dec_tail
2229,5.479800049215555,0.7465609814971685,4.607028095051646,shared_2l_dec_tail
2230,4.892623983323574,0.3163539804518223,4.468999104574323,shared_2l_dec_tail
2231,4.7977520152926445,0.326086999848485,4.364202963188291,shared_2l_dec_tail
2232,4.885009024292231,0.3223349340260029,4.455606918781996,shared_2l_dec_tail
2233,4.7951689921319485,0.3165369853377342,4.372637020424008,shared_2l_dec_tail
2234,4.86996304243803,0.31549506820738316,4.44730999879539,shared_2l_dec_tail
2235,4.869478987529874,0.31584687530994415,4.446624079719186,shared_2l_dec_tail
2236,4.793080035597086,0.31596189364790916,4.369742004200816,shared_2l_dec_tail
2237,4.884204128757119,0.3183248918503523,4.459432093426585,shared_2l_dec_tail
2238,4.836062900722027,0.3196320030838251,4.409801913425326,shared_2l_dec_tail
2239,4.863082896918058,0.32265600748360157,4.433454945683479,shared_2l_dec_tail
2240,4.785242956131697,0.3163670189678669,4.361982923001051,shared_2l_dec_tail
2241,4.873129073530436,0.3150270786136389,4.451503045856953,shared_2l_dec_tail
2242,4.805092932656407,0.3190799616277218,4.378217039629817,shared_2l_dec_tail
2243,4.904106026515365,0.31675887294113636,4.4805260840803385,shared_2l_dec_tail
2244,4.877286963164806,0.3222001250833273,4.448937019333243,shared_2l_dec_tail
2245,5.460340064018965,0.7496308535337448,4.591736942529678,shared_2l_dec_tail
2246,4.91134007461369,0.3171649295836687,4.486286081373692,shared_2l_dec_tail
2247,4.842438036575913,0.3140280023217201,4.417547956109047,shared_2l_dec_tail
2248,4.93584992364049,0.3161500208079815,4.507367964833975,shared_2l_dec_tail
2249,4.802810028195381,0.31612394377589226,4.379736026749015,shared_2l_dec_tail
2250,4.9091309774667025,0.32157707028090954,4.478794056922197,shared_2l_dec_tail
2251,4.810896934941411,0.32093795016407967,4.382612882182002,shared_2l_dec_tail
2252,4.873948870226741,0.3140559419989586,4.454032983630896,shared_2l_dec_tail
2253,4.888111958280206,0.3094070125371218,4.470907151699066,shared_2l_dec_tail
2254,4.860318033024669,0.3199949860572815,4.433324094861746,shared_2l_dec_tail
2255,4.842887865379453,0.3166350070387125,4.419196862727404,shared_2l_dec_tail
2256,4.8161030281335115,0.3139760810881853,4.395130788907409,shared_2l_dec_tail
2257,4.922462161630392,0.32855384051799774,4.485685145482421,shared_2l_dec_tail
2258,4.828386008739471,0.3232548478990793,4.39641997218132,shared_2l_dec_tail
2259,4.907126072794199,0.31359889544546604,4.4862451031804085,shared_2l_dec_tail
2260,4.859803011640906,0.31510298140347004,4.438822157680988,shared_2l_dec_tail
2261,5.4824380204081535,0.7545140106230974,4.606889095157385,shared_2l_dec_tail
2262,4.917355952784419,0.3258208744227886,4.482728196308017,shared_2l_dec_tail
2263,4.896395839750767,0.32976502552628517,4.459176911041141,shared_2l_dec_tail
2264,4.839635919779539,0.3192969597876072,4.412258043885231,shared_2l_dec_tail
2265,4.922652849927545,0.31741312704980373,4.498510854318738,shared_2l_dec_tail
2266,4.81436587870121,0.31371088698506355,4.395480966195464,shared_2l_dec_tail
2267,4.8818509094417095,0.31715212389826775,4.458751063793898,shared_2l_dec_tail
2268,4.860049812123179,0.3175991587340832,4.433132940903306,shared_2l_dec_tail
2269,4.907961934804916,0.31661381945014,4.484425997361541,shared_2l_dec_tail
2270,4.7905840910971165,0.3162750508636236,4.366687033325434,shared_2l_dec_tail
2271,4.9326070584356785,0.3267799038439989,4.464199999347329,shared_2l_dec_tail
2272,4.937542835250497,0.33684493973851204,4.484469071030617,shared_2l_dec_tail
2273,4.907597089186311,0.32648397609591484,4.473933018743992,shared_2l_dec_tail
2274,4.889448173344135,0.3119970206171274,4.470166051760316,shared_2l_dec_tail
2275,4.927650094032288,0.32111513428390026,4.5002419501543045,shared_2l_dec_tail
2276,4.840468987822533,0.3159390762448311,4.418211057782173,shared_2l_dec_tail
2277,5.4731599520891905,0.7403951603919268,4.61146398447454,shared_2l_dec_tail
2278,4.923414904624224,0.3282930701971054,4.486534046009183,shared_2l_dec_tail
2279,4.89064515568316,0.32276404090225697,4.463189048692584,shared_2l_dec_tail
2280,4.876439925283194,0.3178850747644901,4.452758934348822,shared_2l_dec_tail
2281,4.822073969990015,0.3194271121174097,4.396427888423204,shared_2l_dec_tail
2282,4.916294012218714,0.3177591133862734,4.4911629520356655,shared_2l_dec_tail
2283,4.861685913056135,0.31442614272236824,4.433974856510758,shared_2l_dec_tail
2284,4.929207963868976,0.317530008032918,4.499845905229449,shared_2l_dec_tail
2285,4.893647972494364,0.3159400075674057,4.471655003726482,shared_2l_dec_tail
2286,4.861603956669569,0.3220250364392996,4.4333899859339,shared_2l_dec_tail
2287,4.792527062818408,0.3207928966730833,4.365900997072458,shared_2l_dec_tail
2288,4.8593077808618546,0.315279932692647,4.440776072442532,shared_2l_dec_tail
2289,4.884134978055954,0.3166289534419775,4.462187876924872,shared_2l_dec_tail
2290,4.927875008434057,0.3128489479422569,4.508408950641751,shared_2l_dec_tail
2291,4.866922972723842,0.31831301748752594,4.4442161452025175,shared_2l_dec_tail
2292,4.851253004744649,0.3165311645716429,4.4235168024897575,shared_2l_dec_tail
2293,5.464588990435004,0.7372940890491009,4.606290953233838,shared_2l_dec_tail
2294,4.9472160171717405,0.3241589292883873,4.51268907636404,shared_2l_dec_tail
2295,4.892462166026235,0.3205339889973402,4.465040052309632,shared_2l_dec_tail
2296,4.799849120900035,0.3176960162818432,4.376149969175458,shared_2l_dec_tail
2297,4.876462975516915,0.32031512819230556,4.44336305372417,shared_2l_dec_tail
2298,4.8764829989522696,0.3175430465489626,4.452039021998644,shared_2l_dec_tail
2299,4.911252064630389,0.3321480471640825,4.472129978239536,shared_2l_dec_tail
2300,4.940123064443469,0.32409606501460075,4.440030083060265,shared_2l_dec_tail
2301,5.798931932076812,0.9807588066905737,4.698900040239096,shared_2l_dec_tail
2302,4.805560922250152,0.31778099946677685,4.379402846097946,shared_2l_dec_tail
2303,4.919984145089984,0.31447201035916805,4.4976461213082075,shared_2l_dec_tail
2304,4.8151311930269,0.3141770139336586,4.394215997308493,shared_2l_dec_tail
2305,4.839539993554354,0.3168319817632437,4.4153970666229725,shared_2l_dec_tail
2306,4.889836069196463,0.32061804085969925,4.454175941646099,shared_2l_dec_tail
2307,4.8424541018903255,0.32628397457301617,4.407897125929594,shared_2l_dec_tail
2308,4.852961050346494,0.3240881487727165,4.42134402692318,shared_2l_dec_tail
2309,5.488484865054488,0.7578509394079447,4.607877926900983,shared_2l_dec_tail
2310,4.891034914180636,0.32350001856684685,4.461124073714018,shared_2l_dec_tail
2311,4.857824184000492,0.3222809173166752,4.423270002007484,shared_2l_dec_tail
2312,4.880764987319708,0.32306485809385777,4.4505291152745485,shared_2l_dec_tail
2313,4.8521829303354025,0.3214830067008734,4.422727040946484,shared_2l_dec_tail
2314,4.849606892094016,0.31436700373888016,4.4292570091784,shared_2l_dec_tail
2315,4.8055958468467,0.3160580527037382,4.383719991892576,shared_2l_dec_tail
2316,4.883476998656988,0.3241300582885742,4.453043919056654,shared_2l_dec_tail
2317,4.818475106731057,0.31965901143848896,4.391141002997756,shared_2l_dec_tail
2318,4.843602888286114,0.31719496473670006,4.411354195326567,shared_2l_dec_tail
2319,4.866163013502955,0.3233070019632578,4.43592993542552,shared_2l_dec_tail
2320,4.7900560311973095,0.3210690338164568,4.36076894402504,shared_2l_dec_tail
2321,4.814439918845892,0.31512114219367504,4.393615992739797,shared_2l_dec_tail
2322,4.815845051780343,0.31587504781782627,4.391969880089164,shared_2l_dec_tail
2323,4.903089953586459,0.31780009157955647,4.480632953345776,shared_2l_dec_tail
2324,4.781082971021533,0.31779101118445396,4.357647150754929,shared_2l_dec_tail
2325,5.467241862788796,0.740953953936696,4.606014117598534,shared_2l_dec_tail
2326,4.8894421197474,0.31860009767115116,4.463180899620056,shared_2l_dec_tail
2327,4.818595014512539,0.31489995308220387,4.389787092804909,shared_2l_dec_tail
2328,4.884236957877874,0.32371398992836475,4.453954054042697,shared_2l_dec_tail
2329,4.82602696865797,0.3267950378358364,4.392447881400585,shared_2l_dec_tail
2330,4.921545973047614,0.32909796573221684,4.484360106289387,shared_2l_dec_tail
2331,4.832353908568621,0.321713974699378,4.401548067107797,shared_2l_dec_tail
2332,4.8927569296211,0.31569390557706356,4.469366976991296,shared_2l_dec_tail
2333,4.886072129011154,0.31732814386487007,4.461244912818074,shared_2l_dec_tail
2334,4.7812750563025475,0.3156689926981926,4.358443897217512,shared_2l_dec_tail
2335,4.89367195405066,0.32285298220813274,4.45812800899148,shared_2l_dec_tail
2336,4.8246250953525305,0.3190131392329931,4.3991669081151485,shared_2l_dec_tail
2337,4.857019986957312,0.3249640576541424,4.424907034263015,shared_2l_dec_tail
2338,4.804855911061168,0.3245738334953785,4.373282194137573,shared_2l_dec_tail
2339,4.879084182903171,0.3217230550944805,4.450379870831966,shared_2l_dec_tail
2340,4.811516962945461,0.31846296042203903,4.386621993035078,shared_2l_dec_tail
2341,5.433777114376426,0.7373089902102947,4.57549886777997,shared_2l_dec_tail
2342,4.8698969185352325,0.3277868963778019,4.4338221196085215,shared_2l_dec_tail
2343,4.819141002371907,0.3190869465470314,4.392425995320082,shared_2l_dec_tail
2344,4.759730072692037,0.31621591188013554,4.3365200981497765,shared_2l_dec_tail
2345,4.852451151236892,0.3174669109284878,4.429355962201953,shared_2l_dec_tail
2346,4.818835062906146,0.3182950895279646,4.3875218834728,shared_2l_dec_tail
2347,4.787866957485676,0.32445392571389675,4.355941200628877,shared_2l_dec_tail
2348,4.838226828724146,0.3186170943081379,4.41289902664721,shared_2l_dec_tail
2349,4.897595150396228,0.3185539972037077,4.471970954909921,shared_2l_dec_tail
2350,4.761755000799894,0.3139250911772251,4.339870996773243,shared_2l_dec_tail
2351,4.845337942242622,0.320744002237916,4.41692303866148,shared_2l_dec_tail
2352,4.779227077960968,0.3244108520448208,4.349326016381383,shared_2l_dec_tail
2353,4.91830799728632,0.32824394293129444,4.4835570733994246,shared_2l_dec_tail
2354,4.87789511680603,0.3233999013900757,4.449198022484779,shared_2l_dec_tail
2355,4.909469047561288,0.3195099998265505,4.482131917029619,shared_2l_dec_tail
2356,4.772331099957228,0.31724292784929276,4.34798514470458,shared_2l_dec_tail
2357,5.464234156534076,0.7476969622075558,4.590827040374279,shared_2l_dec_tail
2358,4.847734933719039,0.3362949937582016,4.401454934850335,shared_2l_dec_tail
2359,4.815882071852684,0.3202049992978573,4.389720968902111,shared_2l_dec_tail
2360,4.84143290668726,0.3179442137479782,4.415775882080197,shared_2l_dec_tail
2361,4.7905780375003815,0.3143779467791319,4.370460053905845,shared_2l_dec_tail
2362,4.876103019341826,0.3175789024680853,4.4508990831673145,shared_2l_dec_tail
2363,4.902672953903675,0.3272590693086386,4.467058926820755,shared_2l_dec_tail
2364,4.762999946251512,0.32482901588082314,4.33160993270576,shared_2l_dec_tail
2365,4.862336907535791,0.3168380353599787,4.4384070206433535,shared_2l_dec_tail
2366,4.748256877064705,0.3156058955937624,4.325424088165164,shared_2l_dec_tail
2367,4.789957078173757,0.32140687108039856,4.359809216111898,shared_2l_dec_tail
2368,4.777174908667803,0.3188028931617737,4.350123926997185,shared_2l_dec_tail
2369,4.865091061219573,0.32359897159039974,4.43564890883863,shared_2l_dec_tail
2370,4.853002959862351,0.3234769683331251,4.422898171469569,shared_2l_dec_tail
2371,4.815000109374523,0.31715002842247486,4.392218077555299,shared_2l_dec_tail
2372,4.860093118622899,0.32375589944422245,4.428834188729525,shared_2l_dec_tail
2373,5.405141972005367,0.754564069211483,4.530781880021095,shared_2l_dec_tail
2374,4.784888122230768,0.3281699027866125,4.350293194875121,shared_2l_dec_tail
2375,4.8817540518939495,0.3206450492143631,4.454350098967552,shared_2l_dec_tail
2376,4.756162874400616,0.3193588927388191,4.331052070483565,shared_2l_dec_tail
2377,4.815716994926333,0.3164340741932392,4.3917379807680845,shared_2l_dec_tail
2378,4.865371156483889,0.3264790866523981,4.433680791407824,shared_2l_dec_tail
2379,4.833725979551673,0.32271211966872215,4.403288010507822,shared_2l_dec_tail
2380,4.836234031245112,0.3217700868844986,4.409037064760923,shared_2l_dec_tail
2381,4.833028884604573,0.31643803231418133,4.40906104631722,shared_2l_dec_tail
2382,4.7434489242732525,0.31955097801983356,4.321644082665443,shared_2l_dec_tail
2383,4.870740929618478,0.3182380460202694,4.446692997589707,shared_2l_dec_tail
2384,4.760162206366658,0.32316893339157104,4.330652067437768,shared_2l_dec_tail
2385,4.840574925765395,0.3314309287816286,4.403315018862486,shared_2l_dec_tail
2386,4.849358927458525,0.3174890298396349,4.426305880770087,shared_2l_dec_tail
2387,4.832676146179438,0.31911395490169525,4.406042164191604,shared_2l_dec_tail
2388,4.853517049923539,0.3170070704072714,4.429282853379846,shared_2l_dec_tail
2389,5.459188017994165,0.7368361111730337,4.601493012160063,shared_2l_dec_tail
2390,4.818291869014502,0.32282713800668716,4.38894284889102,shared_2l_dec_tail
2391,4.797179019078612,0.3213279414921999,4.367713117972016,shared_2l_dec_tail
2392,4.8400419764220715,0.32033189199864864,4.410178167745471,shared_2l_dec_tail
2393,4.809471080079675,0.31896610744297504,4.3846359476447105,shared_2l_dec_tail
2394,4.810871090739965,0.3298909869045019,4.37511783093214,shared_2l_dec_tail
2395,4.8092331271618605,0.3244839608669281,4.378534154966474,shared_2l_dec_tail
2396,4.841827088966966,0.32081594690680504,4.4134510681033134,shared_2l_dec_tail
2397,4.8162678722292185,0.31917798332870007,4.387987079098821,shared_2l_dec_tail
2398,4.8479868564754725,0.3231929149478674,4.414053866639733,shared_2l_dec_tail
2399,4.785249941051006,0.3187891561537981,4.360375925898552,shared_2l_dec_tail
2400,4.853258142247796,0.3241209778934717,4.421707941219211,shared_2l_dec_tail
2401,4.809532081708312,0.32258592545986176,4.379112971946597,shared_2l_dec_tail
2402,4.818618996068835,0.3187719266861677,4.392383154481649,shared_2l_dec_tail
2403,4.866807954385877,0.31628389842808247,4.44391998462379,shared_2l_dec_tail
2404,4.807504825294018,0.32153911888599396,4.374543903395534,shared_2l_dec_tail
2405,5.461793160066009,0.7445549126714468,4.596126964315772,shared_2l_dec_tail
2406,4.880736116319895,0.32847095280885696,4.443683894351125,shared_2l_dec_tail
2407,4.840831970795989,0.32639619894325733,4.406494786962867,shared_2l_dec_tail
2408,4.734708229079843,0.3194750752300024,4.310083109885454,shared_2l_dec_tail
2409,4.900163039565086,0.32723601907491684,4.465705947950482,shared_2l_dec_tail
2410,4.766868893057108,0.3254071343690157,4.33510891161859,shared_2l_dec_tail
2411,4.877934930846095,0.31538098119199276,4.453910980373621,shared_2l_dec_tail
2412,4.770905943587422,0.3167989198118448,4.348938120529056,shared_2l_dec_tail
2413,4.8488599713891745,0.3181900829076767,4.422887926921248,shared_2l_dec_tail
2414,4.760853946208954,0.31755887903273106,4.336531041190028,shared_2l_dec_tail
2415,4.849812015891075,0.32451399601995945,4.419022938236594,shared_2l_dec_tail
2416,4.7586839646101,0.3239929210394621,4.32756613008678,shared_2l_dec_tail
2417,4.844552138820291,0.32099499367177486,4.415249917656183,shared_2l_dec_tail
2418,4.8430380411446095,0.3198930062353611,4.4174580834805965,shared_2l_dec_tail
2419,4.8397190403193235,0.31878193840384483,4.407980013638735,shared_2l_dec_tail
2420,4.865388153120875,0.3196930047124624,4.440998891368508,shared_2l_dec_tail
2421,5.478384904563427,0.7598449010401964,4.597736988216639,shared_2l_dec_tail
2422,4.853882128372788,0.323261134326458,4.421530989930034,shared_2l_dec_tail
2423,4.807261051610112,0.3245880361646414,4.3740039691329,shared_2l_dec_tail
2424,4.85032401047647,0.3188431728631258,4.423150792717934,shared_2l_dec_tail
2425,4.853138001635671,0.3308060113340616,4.415595903992653,shared_2l_dec_tail
2426,4.78408089838922,0.3273249603807926,4.348017042502761,shared_2l_dec_tail
2427,4.90071508102119,0.3240827936679125,4.467643098905683,shared_2l_dec_tail
2428,4.853333113715053,0.3221819642931223,4.42380690947175,shared_2l_dec_tail
2429,4.867492942139506,0.32101990655064583,4.4396319426596165,shared_2l_dec_tail
2430,4.848953103646636,0.32034795731306076,4.4222569558769464,shared_2l_dec_tail
2431,4.759207833558321,0.32274797558784485,4.3310788460075855,shared_2l_dec_tail
2432,4.8794730100780725,0.3275240305811167,4.446832928806543,shared_2l_dec_tail
2433,4.79330588132143,0.3325080033391714,4.355246899649501,shared_2l_dec_tail
2434,4.833509912714362,0.3221880178898573,4.405863117426634,shared_2l_dec_tail
2435,4.8965890891849995,0.3169828560203314,4.471559077501297,shared_2l_dec_tail
2436,4.899404942989349,0.32096286304295063,4.47323708795011,shared_2l_dec_tail
2437,5.456213839352131,0.7564499974250793,4.581372952088714,shared_2l_dec_tail
2438,4.909470910206437,0.3343811258673668,4.467053804546595,shared_2l_dec_tail
2439,4.890643991529942,0.3227910492569208,4.459270043298602,shared_2l_dec_tail
2440,4.867521813139319,0.3208110574632883,4.439126932993531,shared_2l_dec_tail
2441,4.823273979127407,0.31965505331754684,4.397626966238022,shared_2l_dec_tail
2442,4.870629170909524,0.3257910721004009,4.433914087712765,shared_2l_dec_tail
2443,4.774610046297312,0.3239989746361971,4.34509408660233,shared_2l_dec_tail
2444,4.882995039224625,0.32863602973520756,4.4470548164099455,shared_2l_dec_tail
2445,4.810493905097246,0.32829982228577137,4.375755088403821,shared_2l_dec_tail
2446,4.884577821940184,0.31594419851899147,4.462430952116847,shared_2l_dec_tail
2447,4.786825971677899,0.3190480638295412,4.359120968729258,shared_2l_dec_tail
2448,4.810600075870752,0.31713000498712063,4.387939814478159,shared_2l_dec_tail
2449,4.867816111072898,0.32142805866897106,4.440858028829098,shared_2l_dec_tail
2450,4.874200094491243,0.32906816340982914,4.439759999513626,shared_2l_dec_tail
2451,4.80419397354126,0.3252269234508276,4.3737380765378475,shared_2l_dec_tail
2452,4.909899085760117,0.31549716368317604,4.487558966502547,shared_2l_dec_tail
2453,5.4745739325881,0.7581051904708147,4.595648963004351,shared_2l_dec_tail
2454,4.896559985354543,0.32754591666162014,4.460986936464906,shared_2l_dec_tail
2455,4.863447044044733,0.32835896126925945,4.4283210299909115,shared_2l_dec_tail
2456,4.902905086055398,0.3295070491731167,4.466777900233865,shared_2l_dec_tail
2457,4.80810203589499,0.3313759807497263,4.368952009826899,shared_2l_dec_tail
2458,4.891619086265564,0.3255328629165888,4.458822077140212,shared_2l_dec_tail
2459,4.891670076176524,0.32218615524470806,4.461664007976651,shared_2l_dec_tail
2460,4.82128793373704,0.32166996970772743,4.390518879517913,shared_2l_dec_tail
2461,4.863545065745711,0.32212818041443825,4.429160850122571,shared_2l_dec_tail
2462,4.808179102838039,0.3193130251020193,4.382488084957004,shared_2l_dec_tail
2463,4.864467075094581,0.3288958687335253,4.426873056218028,shared_2l_dec_tail
2464,4.8655010759830475,0.3299128729850054,4.427849082276225,shared_2l_dec_tail
2465,4.846794996410608,0.31824386678636074,4.422479076310992,shared_2l_dec_tail
2466,4.784411052241921,0.32126298174262047,4.3571030255407095,shared_2l_dec_tail
2467,4.856690997257829,0.3263368271291256,4.419675096869469,shared_2l_dec_tail
2468,4.789676051586866,0.32409001141786575,4.358816891908646,shared_2l_dec_tail
2469,5.440973909571767,0.7577680516988039,4.5642058830708265,shared_2l_dec_tail
2470,4.885087953880429,0.325602013617754,4.451170098036528,shared_2l_dec_tail
2471,4.795575048774481,0.3275598865002394,4.356773104518652,shared_2l_dec_tail
2472,4.889665869995952,0.3256821073591709,4.458339884877205,shared_2l_dec_tail
2473,4.863001871854067,0.3273140173405409,4.429311957210302,shared_2l_dec_tail
2474,4.785222001373768,0.32857409678399563,4.3501530308276415,shared_2l_dec_tail
2475,4.9212120939046144,0.3257039934396744,4.489063983783126,shared_2l_dec_tail
2476,4.796006949618459,0.32044691033661366,4.367554094642401,shared_2l_dec_tail
2477,4.926121095195413,0.32131001353263855,4.497970920056105,shared_2l_dec_tail
2478,4.8560339491814375,0.31778099946677685,4.431748064234853,shared_2l_dec_tail
2479,4.808710189536214,0.3198289778083563,4.38443198800087,shared_2l_dec_tail
2480,4.843259928748012,0.32516196370124817,4.410041030496359,shared_2l_dec_tail
2481,4.896087804809213,0.3292451146990061,4.45914501324296,shared_2l_dec_tail
2482,4.82615502551198,0.326469074934721,4.392876988276839,shared_2l_dec_tail
2483,4.888060037046671,0.3216180484741926,4.459552001208067,shared_2l_dec_tail
2484,4.782224074006081,0.32040197402238846,4.3562299106270075,shared_2l_dec_tail
2485,5.4412230383604765,0.742180971428752,4.580039996653795,shared_2l_dec_tail
2486,4.881605971604586,0.3247298300266266,4.450564039871097,shared_2l_dec_tail
2487,4.835051018744707,0.32372097484767437,4.404823994264007,shared_2l_dec_tail
2488,4.826570861041546,0.32051093876361847,4.3976029846817255,shared_2l_dec_tail
2489,4.8741239588707685,0.3252581227570772,4.439162090420723,shared_2l_dec_tail
2490,4.829147830605507,0.3208599518984556,4.404272884130478,shared_2l_dec_tail
2491,4.800764145329595,0.3310029860585928,4.363370127975941,shared_2l_dec_tail
2492,4.87773003987968,0.33054593950510025,4.441292956471443,shared_2l_dec_tail
2493,4.852453013882041,0.32233609817922115,4.422911908477545,shared_2l_dec_tail
2494,4.84493188560009,0.31800009310245514,4.422528902068734,shared_2l_dec_tail
2495,4.831679165363312,0.31597306951880455,4.409708082675934,shared_2l_dec_tail
2496,4.777534864842892,0.3182790242135525,4.354686010628939,shared_2l_dec_tail
2497,4.863050999119878,0.32948493026196957,4.429382039234042,shared_2l_dec_tail
2498,4.831083817407489,0.3268108703196049,4.3986530508846045,shared_2l_dec_tail
2499,4.852039972320199,0.3227139823138714,4.421584075316787,shared_2l_dec_tail
2500,4.8125439789146185,0.3260429948568344,4.379711812362075,shared_2l_dec_tail
2501,5.466767121106386,0.7556208875030279,4.591392120346427,shared_2l_dec_tail
2502,4.905579145997763,0.3354668151587248,4.463728982955217,shared_2l_dec_tail
2503,4.7905538231134415,0.3251370508223772,4.3593780137598515,shared_2l_dec_tail
2504,4.774661036208272,0.318518141284585,4.350845003500581,shared_2l_dec_tail
2505,4.776631016284227,0.3221780061721802,4.344673128798604,shared_2l_dec_tail
2506,4.754198947921395,0.3204911481589079,4.328552866354585,shared_2l_dec_tail
2507,4.89918002858758,0.33023208379745483,4.463136894628406,shared_2l_dec_tail
2508,4.805879900231957,0.3293950576335192,4.366400884464383,shared_2l_dec_tail
2509,4.865395138040185,0.3204869572073221,4.4376670848578215,shared_2l_dec_tail
2510,4.806792829185724,0.31656213104724884,4.38250694423914,shared_2l_dec_tail
2511,4.821509122848511,0.3254399634897709,4.385189153254032,shared_2l_dec_tail
2512,4.792617168277502,0.3237021155655384,4.362267907708883,shared_2l_dec_tail
2513,4.871396813541651,0.3285359125584364,4.436403978615999,shared_2l_dec_tail
2514,4.796357126906514,0.33093313686549664,4.358008969575167,shared_2l_dec_tail
2515,4.875248996540904,0.3225449472665787,4.445381928235292,shared_2l_dec_tail
2516,4.820923088118434,0.3176131285727024,4.39728400669992,shared_2l_dec_tail
2517,5.46514499001205,0.7517731282860041,4.594597965478897,shared_2l_dec_tail
2518,4.897614941000938,0.33632502891123295,4.453820176422596,shared_2l_dec_tail
2519,4.909048788249493,0.324703985825181,4.478079034015536,shared_2l_dec_tail
2520,4.793728934600949,0.3234290052205324,4.364123102277517,shared_2l_dec_tail
2521,4.881012020632625,0.3212790470570326,4.452375927940011,shared_2l_dec_tail
2522,4.846446914598346,0.3224520478397608,4.417350981384516,shared_2l_dec_tail
2523,4.863740876317024,0.31805806793272495,4.439420998096466,shared_2l_dec_tail
2524,4.769369028508663,0.3236641641706228,4.3408009223639965,shared_2l_dec_tail
2525,4.80883801355958,0.32281200401484966,4.379918100312352,shared_2l_dec_tail
2526,4.803383024409413,0.3262050449848175,4.371413961052895,shared_2l_dec_tail
2527,4.861998138949275,0.3179730847477913,4.43627592176199,shared_2l_dec_tail
2528,4.893576959148049,0.3219649661332369,4.464729921892285,shared_2l_dec_tail
2529,4.785988014191389,0.3206860274076462,4.358320962637663,shared_2l_dec_tail
2530,4.8522858414798975,0.32910099253058434,4.416548879817128,shared_2l_dec_tail
2531,4.770474974066019,0.32740295864641666,4.336583893746138,shared_2l_dec_tail
2532,4.789564060047269,0.32375496812164783,4.357330035418272,shared_2l_dec_tail
2533,5.457354011014104,0.7524429820477962,4.584674956277013,shared_2l_dec_tail
2534,4.899041960015893,0.3334048669785261,4.458137089386582,shared_2l_dec_tail
2535,4.828040953725576,0.3345601726323366,4.38651186414063,shared_2l_dec_tail
2536,4.895639140158892,0.3243440296500921,4.465291043743491,shared_2l_dec_tail
2537,4.814075073227286,0.3203789237886667,4.38849488273263,shared_2l_dec_tail
2538,4.8875208012759686,0.3230299334973097,4.457704024389386,shared_2l_dec_tail
2539,4.820473026484251,0.3233030438423157,4.385018954053521,shared_2l_dec_tail
2540,4.833935992792249,0.32383413054049015,4.405119922012091,shared_2l_dec_tail
2541,4.8602609895169735,0.33282022923231125,4.42069279961288,shared_2l_dec_tail
2542,4.8980978317558765,0.33233221620321274,4.458534996956587,shared_2l_dec_tail
2543,4.795087967067957,0.32145692966878414,4.366826033219695,shared_2l_dec_tail
2544,4.845367046073079,0.32104412093758583,4.418566823005676,shared_2l_dec_tail
2545,4.8935499507933855,0.32162503339350224,4.465593956410885,shared_2l_dec_tail
2546,4.847288830205798,0.32242806628346443,4.411814035847783,shared_2l_dec_tail
2547,4.82812593691051,0.3213430754840374,4.402426071465015,shared_2l_dec_tail
2548,4.817018052563071,0.33372407779097557,4.377238918095827,shared_2l_dec_tail
2549,5.442289169877768,0.7614989299327135,4.561715060845017,shared_2l_dec_tail
2550,4.832508973777294,0.3258511424064636,4.398474935442209,shared_2l_dec_tail
2551,4.89770295098424,0.3370631020516157,4.453893983736634,shared_2l_dec_tail
2552,4.787110025063157,0.32776896841824055,4.352332092821598,shared_2l_dec_tail
2553,4.8917131498456,0.33292616717517376,4.452308872714639,shared_2l_dec_tail
2554,4.8674470745027065,0.3213111776858568,4.440078977495432,shared_2l_dec_tail
2555,4.817171022295952,0.3180720377713442,4.392806906253099,shared_2l_dec_tail
2556,4.791819956153631,0.3215898759663105,4.366258159279823,shared_2l_dec_tail
2557,4.881354980170727,0.3219801001250744,4.454505862668157,shared_2l_dec_tail
2558,4.804475931450725,0.3281291574239731,4.370501963421702,shared_2l_dec_tail
2559,4.87190717831254,0.33332197926938534,4.3992160353809595,shared_2l_dec_tail
2560,4.807821940630674,0.33201207406818867,4.365634871646762,shared_2l_dec_tail
2561,4.844248993322253,0.32281107269227505,4.415401956066489,shared_2l_dec_tail
2562,4.864061018452048,0.31849509105086327,4.4384789653122425,shared_2l_dec_tail
2563,4.834039835259318,0.3178478218615055,4.401828162372112,shared_2l_dec_tail
2564,4.900763044133782,0.32295589335262775,4.47108200751245,shared_2l_dec_tail
2565,5.5259778164327145,0.7774261757731438,4.6294538769871,shared_2l_dec_tail
2566,4.854361992329359,0.32541900873184204,4.421161022037268,shared_2l_dec_tail
2567,4.83924406580627,0.3224918618798256,4.4119281228631735,shared_2l_dec_tail
2568,4.851650912314653,0.32352213747799397,4.411313915625215,shared_2l_dec_tail
2569,4.908998031169176,0.3219910431653261,4.481432028114796,shared_2l_dec_tail
2570,4.805488977581263,0.3294120542705059,4.368812078610063,shared_2l_dec_tail
2571,4.826902179047465,0.33184001222252846,4.39085578545928,shared_2l_dec_tail
2572,4.907460883259773,0.321381026878953,4.48002084158361,shared_2l_dec_tail
2573,4.802587907761335,0.32532098703086376,4.372037015855312,shared_2l_dec_tail
2574,4.823858849704266,0.3207288682460785,4.395418101921678,shared_2l_dec_tail
2575,4.772198153659701,0.3218890633434057,4.345068009570241,shared_2l_dec_tail
2576,4.855491919443011,0.3325031138956547,4.416672978550196,shared_2l_dec_tail
2577,4.8418918158859015,0.3272590693086386,4.409123910591006,shared_2l_dec_tail
2578,4.837444052100182,0.3225649707019329,4.40941983833909,shared_2l_dec_tail
2579,4.865732043981552,0.32350001856684685,4.435847047716379,shared_2l_dec_tail
2580,4.768179031088948,0.32161991111934185,4.3407881166785955,shared_2l_dec_tail
2581,5.508358823135495,0.7812690455466509,4.607087001204491,shared_2l_dec_tail
2582,4.873484838753939,0.3290369641035795,4.4350100215524435,shared_2l_dec_tail
2583,4.926398163661361,0.3241018857806921,4.495271015912294,shared_2l_dec_tail
2584,4.876113962382078,0.32634311355650425,4.4432340655475855,shared_2l_dec_tail
2585,4.811324877664447,0.3240690566599369,4.380905069410801,shared_2l_dec_tail
2586,4.8185610212385654,0.32177893444895744,4.39117313362658,shared_2l_dec_tail
2587,4.794310079887509,0.32408186234533787,4.359412007033825,shared_2l_dec_tail
2588,4.876024089753628,0.3347110468894243,4.433938069269061,shared_2l_dec_tail
2589,4.794335924088955,0.3355192020535469,4.351556999608874,shared_2l_dec_tail
2590,4.849591990932822,0.32069720327854156,4.4224748853594065,shared_2l_dec_tail
2591,4.77357511408627,0.3217868506908417,4.345995141193271,shared_2l_dec_tail
2592,4.827169934287667,0.3212618175894022,4.399174125865102,shared_2l_dec_tail
2593,4.918111022561789,0.3341659903526306,4.477671813219786,shared_2l_dec_tail
2594,4.900036845356226,0.33517787232995033,4.4594439677894115,shared_2l_dec_tail
2595,4.803291987627745,0.3310081083327532,4.366626963019371,shared_2l_dec_tail
2596,4.887584829702973,0.32412190921604633,4.457106115296483,shared_2l_dec_tail
2597,5.492405965924263,0.7827398367226124,4.588322015479207,shared_2l_dec_tail
2598,4.908613162115216,0.33632200211286545,4.464355064556003,shared_2l_dec_tail
2599,4.826847929507494,0.33574015833437443,4.385604988783598,shared_2l_dec_tail
2600,4.799135960638523,0.32832007855176926,4.364935914054513,shared_2l_dec_tail
2601,4.886536858975887,0.3242820966988802,4.455650923773646,shared_2l_dec_tail
2602,4.89905197173357,0.3224560059607029,4.470981890335679,shared_2l_dec_tail
2603,4.827185999602079,0.3235330805182457,4.3967480305582285,shared_2l_dec_tail
2604,4.882603883743286,0.32478198409080505,4.450164968147874,shared_2l_dec_tail
2605,4.792768973857164,0.32040197402238846,4.366111941635609,shared_2l_dec_tail
2606,4.8586539924144745,0.326845096424222,4.425478866323829,shared_2l_dec_tail
2607,4.821100039407611,0.3273370675742626,4.388979868963361,shared_2l_dec_tail
2608,4.83504612930119,0.3197360783815384,4.410149995237589,shared_2l_dec_tail
2609,4.88474196754396,0.3225000109523535,4.456358030438423,shared_2l_dec_tail
2610,4.819852067157626,0.3204119857400656,4.392209928482771,shared_2l_dec_tail
2611,4.885839996859431,0.3229980356991291,4.456219961866736,shared_2l_dec_tail
2612,4.8021371476352215,0.32124295830726624,4.369714995846152,shared_2l_dec_tail
2613,5.745076108723879,0.9820321574807167,4.644166911020875,shared_2l_dec_tail
2614,4.967231070622802,0.3352139610797167,4.522709874436259,shared_2l_dec_tail
2615,4.934581927955151,0.33118901774287224,4.496825858950615,shared_2l_dec_tail
2616,4.845852963626385,0.32580201514065266,4.412245005369186,shared_2l_dec_tail
2617,4.9199729692190886,0.32327999360859394,4.490663064643741,shared_2l_dec_tail
2618,4.908181028440595,0.32621296122670174,4.47566295042634,shared_2l_dec_tail
2619,4.881363129243255,0.32344693318009377,4.452614113688469,shared_2l_dec_tail
2620,4.909252980723977,0.32158498652279377,4.480366129428148,shared_2l_dec_tail
2621,4.915141966193914,0.3384219016879797,4.4699180871248245,shared_2l_dec_tail
2622,4.826714983209968,0.3271938767284155,4.392535192891955,shared_2l_dec_tail
2623,4.892537835985422,0.33648801036179066,4.4496869668364525,shared_2l_dec_tail
2624,4.904287168756127,0.3273698966950178,4.469403065741062,shared_2l_dec_tail
2625,4.81335399672389,0.32030814327299595,4.388506058603525,shared_2l_dec_tail
2626,4.848703974857926,0.324364984408021,4.418067866936326,shared_2l_dec_tail
2627,4.931576084345579,0.3231898881494999,4.503937205299735,shared_2l_dec_tail
2628,4.835281986743212,0.32519991509616375,4.404610022902489,shared_2l_dec_tail
2629,5.518231075257063,0.7548830471932888,4.635622957721353,shared_2l_dec_tail
2630,4.927956964820623,0.3295361530035734,4.490331979468465,shared_2l_dec_tail
2631,4.848652984946966,0.3277808427810669,4.413977963849902,shared_2l_dec_tail
2632,4.948327085003257,0.32229116186499596,4.518213914707303,shared_2l_dec_tail
2633,4.86219092272222,0.32797991298139095,4.426904954016209,shared_2l_dec_tail
2634,4.7965210396796465,0.32065692357718945,4.370817914605141,shared_2l_dec_tail
2635,4.893017932772636,0.3326958976686001,4.454375011846423,shared_2l_dec_tail
2636,4.870434058830142,0.33222814090549946,4.431962035596371,shared_2l_dec_tail
2637,4.9157580360770226,0.3362030256539583,4.47325105778873,shared_2l_dec_tail
2638,4.827485885471106,0.325832050293684,4.397007869556546,shared_2l_dec_tail
2639,4.811242921277881,0.3208459820598364,4.382110899314284,shared_2l_dec_tail
2640,4.858660977333784,0.325328903272748,4.426387138664722,shared_2l_dec_tail
2641,4.877365892753005,0.3200480714440346,4.442733014002442,shared_2l_dec_tail
2642,4.870490171015263,0.3243379760533571,4.439203999936581,shared_2l_dec_tail
2643,4.864408867433667,0.33456808887422085,4.4250700157135725,shared_2l_dec_tail
2644,4.862672183662653,0.33274106681346893,4.4237240217626095,shared_2l_dec_tail
2645,5.391290178522468,0.7512629963457584,4.520071903243661,shared_2l_dec_tail
2646,4.928034031763673,0.3268949221819639,4.491733154281974,shared_2l_dec_tail
2647,4.831400932744145,0.3318700473755598,4.393168026581407,shared_2l_dec_tail
2648,4.927975824102759,0.3343331627547741,4.487558035179973,shared_2l_dec_tail
2649,4.887003917247057,0.3303301054984331,4.450428998097777,shared_2l_dec_tail
2650,4.841875983402133,0.32938504591584206,4.405739950016141,shared_2l_dec_tail
2651,4.853214835748076,0.32434798777103424,4.422868136316538,shared_2l_dec_tail
2652,4.862742032855749,0.32715615816414356,4.427738953381777,shared_2l_dec_tail
2653,4.909571958705783,0.3230480942875147,4.480729810893536,shared_2l_dec_tail
2654,4.86142816953361,0.3256609197705984,4.423185018822551,shared_2l_dec_tail
2655,4.860443994402885,0.32344995997846127,4.430948989465833,shared_2l_dec_tail
2656,4.820168949663639,0.3338658716529608,4.379800986498594,shared_2l_dec_tail
2657,4.829851910471916,0.3309091553092003,4.391922848299146,shared_2l_dec_tail
2658,4.923518048599362,0.32312399707734585,4.493089159950614,shared_2l_dec_tail
2659,4.855283070355654,0.32955920323729515,4.419083008542657,shared_2l_dec_tail
2660,4.791667917743325,0.3212420269846916,4.362917970865965,shared_2l_dec_tail
2661,5.468610906973481,0.7485400419682264,4.598208935931325,shared_2l_dec_tail
2662,4.893042147159576,0.3284930717200041,4.45812102407217,shared_2l_dec_tail
2663,4.870276898145676,0.3239549696445465,4.441029857844114,shared_2l_dec_tail
2664,4.8050719778984785,0.32585905864834785,4.371559014543891,shared_2l_dec_tail
2665,4.887898918241262,0.3239770885556936,4.449489992111921,shared_2l_dec_tail
2666,4.866734845563769,0.32288418151438236,4.436807939782739,shared_2l_dec_tail
2667,4.83116484247148,0.33108401112258434,4.393006907775998,shared_2l_dec_tail
2668,4.901372129097581,0.33142417669296265,4.463247023522854,shared_2l_dec_tail
2669,4.801425850018859,0.3299647942185402,4.364175023511052,shared_2l_dec_tail
2670,4.89713903516531,0.3249580040574074,4.463991848751903,shared_2l_dec_tail
2671,4.88081481307745,0.32344204373657703,4.4519430957734585,shared_2l_dec_tail
2672,4.798850044608116,0.3247619606554508,4.3676800560206175,shared_2l_dec_tail
2673,4.843381000682712,0.32456498593091965,4.413492977619171,shared_2l_dec_tail
2674,4.890505922958255,0.33197994343936443,4.452629014849663,shared_2l_dec_tail
2675,4.811212886124849,0.3272709436714649,4.378623096272349,shared_2l_dec_tail
2676,4.894012818112969,0.3307010047137737,4.456185037270188,shared_2l_dec_tail
2677,5.464094923809171,0.7563859689980745,4.588740179315209,shared_2l_dec_tail
2678,4.845562158152461,0.32599596306681633,4.411678994074464,shared_2l_dec_tail
2679,4.855230916291475,0.33050100319087505,4.417181946337223,shared_2l_dec_tail
2680,4.858085885643959,0.3281391691416502,4.422064870595932,shared_2l_dec_tail
2681,4.9107440281659365,0.3266967833042145,4.477297188714147,shared_2l_dec_tail
2682,4.8699937760829926,0.32729306258261204,4.43468801677227,shared_2l_dec_tail
2683,4.873578902333975,0.322848791256547,4.444721154868603,shared_2l_dec_tail
2684,4.83379396609962,0.3217281773686409,4.404763923957944,shared_2l_dec_tail
2685,4.929488059133291,0.32847514376044273,4.4963250402361155,shared_2l_dec_tail
2686,4.88745397888124,0.32788608223199844,4.453423898667097,shared_2l_dec_tail
2687,4.878010135143995,0.3238299395889044,4.448315128684044,shared_2l_dec_tail
2688,4.861888010054827,0.32884301617741585,4.425768973305821,shared_2l_dec_tail
2689,4.857005085796118,0.33753691241145134,4.413037095218897,shared_2l_dec_tail
2690,4.867139970883727,0.32468722201883793,4.436225863173604,shared_2l_dec_tail
2691,4.8728929832577705,0.3278038930147886,4.437887109816074,shared_2l_dec_tail
2692,4.862429108470678,0.3236071206629276,4.430823959410191,shared_2l_dec_tail
2693,5.49225602298975,0.7542259991168976,4.619444953277707,shared_2l_dec_tail
2694,4.969080910086632,0.33242814242839813,4.528848920017481,shared_2l_dec_tail
2695,4.955288954079151,0.33491989597678185,4.513310035690665,shared_2l_dec_tail
2696,4.847973119467497,0.3257880453020334,4.414023132994771,shared_2l_dec_tail
2697,4.9239639192819595,0.32098195515573025,4.497389076277614,shared_2l_dec_tail
2698,4.841833142563701,0.3243391402065754,4.410791909322143,shared_2l_dec_tail
2699,4.901182139292359,0.325698871165514,4.46712295524776,shared_2l_dec_tail
2700,4.805838922038674,0.32684789039194584,4.372074035927653,shared_2l_dec_tail
2701,4.891528049483895,0.32649911008775234,4.458192968741059,shared_2l_dec_tail
2702,4.86312503926456,0.33728592097759247,4.419219912961125,shared_2l_dec_tail
2703,4.82039013877511,0.33352896571159363,4.382445942610502,shared_2l_dec_tail
2704,4.785752156749368,0.32581109553575516,4.353144904598594,shared_2l_dec_tail
2705,4.7841190826147795,0.32365391962230206,4.355164943262935,shared_2l_dec_tail
2706,4.866387927904725,0.3221011720597744,4.441027995198965,shared_2l_dec_tail
2707,4.819544963538647,0.3283880650997162,4.3853039387613535,shared_2l_dec_tail
2708,4.872710909694433,0.33436412923038006,4.431036068126559,shared_2l_dec_tail
2709,5.488004069775343,0.7525649853050709,4.617715021595359,shared_2l_dec_tail
2710,4.845429910346866,0.33161998726427555,4.407698987051845,shared_2l_dec_tail
2711,4.848896991461515,0.3265300765633583,4.416586831212044,shared_2l_dec_tail
2712,4.95164399035275,0.33290102146565914,4.511876963078976,shared_2l_dec_tail
2713,4.940737038850784,0.33421791158616543,4.499386064708233,shared_2l_dec_tail
2714,4.898130893707275,0.33551803790032864,4.455693066120148,shared_2l_dec_tail
2715,4.833703860640526,0.33549009822309017,4.390115849673748,shared_2l_dec_tail
2716,4.910577787086368,0.3297128714621067,4.4751400128006935,shared_2l_dec_tail
2717,4.83374809846282,0.3279750235378742,4.399060038849711,shared_2l_dec_tail
2718,4.890969023108482,0.3278478980064392,4.4553810730576515,shared_2l_dec_tail
2719,4.852246958762407,0.3282488323748112,4.418006166815758,shared_2l_dec_tail
2720,4.904840840026736,0.32677408307790756,4.466472892090678,shared_2l_dec_tail
2721,4.874346079304814,0.3254071343690157,4.4434459414333105,shared_2l_dec_tail
2722,4.816178930923343,0.3314339555799961,4.378327168524265,shared_2l_dec_tail
2723,4.822263028472662,0.3340858966112137,4.381985170766711,shared_2l_dec_tail
2724,4.919386003166437,0.3236329648643732,4.4881911017000675,shared_2l_dec_tail
2725,5.51721709780395,0.7654710207134485,4.623971180990338,shared_2l_dec_tail
2726,4.942132858559489,0.3314591012895107,4.5027288142591715,shared_2l_dec_tail
2727,4.879269981756806,0.33788918517529964,4.432608839124441,shared_2l_dec_tail
2728,4.925819113850594,0.33408007584512234,4.4850800186395645,shared_2l_dec_tail
2729,4.840194946154952,0.33247610554099083,4.401204874739051,shared_2l_dec_tail
2730,4.9323029816150665,0.32585696317255497,4.49878117069602,shared_2l_dec_tail
2731,4.8149279318749905,0.32506114803254604,4.382851999253035,shared_2l_dec_tail
2732,4.917145939543843,0.3236839547753334,4.485862096771598,shared_2l_dec_tail
2733,4.824762931093574,0.3268688451498747,4.390418995171785,shared_2l_dec_tail
2734,4.891721997410059,0.3236359916627407,4.461159929633141,shared_2l_dec_tail
2735,4.79977298527956,0.32494007609784603,4.369621863588691,shared_2l_dec_tail
2736,4.865516908466816,0.33061206340789795,4.429599968716502,shared_2l_dec_tail
2737,4.844436189159751,0.32878504134714603,4.410360939800739,shared_2l_dec_tail
2738,4.879076965153217,0.3276797942817211,4.445400089025497,shared_2l_dec_tail
2739,4.817710956558585,0.3271959722042084,4.38358704559505,shared_2l_dec_tail
2740,4.879934946075082,0.3248599823564291,4.447974031791091,shared_2l_dec_tail
2741,5.460487911477685,0.7393769919872284,4.594901110976934,shared_2l_dec_tail
2742,4.9066918436437845,0.32973987981677055,4.469195147976279,shared_2l_dec_tail
2743,4.796982044354081,0.33007189631462097,4.361429018899798,shared_2l_dec_tail
2744,4.904405912384391,0.3269021399319172,4.469765815883875,shared_2l_dec_tail
2745,4.872245946899056,0.3258150536566973,4.440773976966739,shared_2l_dec_tail
2746,4.780957940965891,0.32490002922713757,4.352316027507186,shared_2l_dec_tail
2747,4.853827180340886,0.335122924298048,4.414054099470377,shared_2l_dec_tail
2748,4.929163958877325,0.33452408388257027,4.486927064135671,shared_2l_dec_tail
2749,4.852056968957186,0.3345860168337822,4.410386085510254,shared_2l_dec_tail
2750,4.867442883551121,0.32771495170891285,4.434509901329875,shared_2l_dec_tail
2751,4.807987017557025,0.3293999470770359,4.37299907207489,shared_2l_dec_tail
2752,4.828577861189842,0.32733799889683723,4.394985036924481,shared_2l_dec_tail
2753,4.889971110969782,0.32952893525362015,4.447883926331997,shared_2l_dec_tail
2754,4.786496981978416,0.3271722234785557,4.351399838924408,shared_2l_dec_tail
2755,4.899214021861553,0.3348682075738907,4.456014838069677,shared_2l_dec_tail
2756,4.813403123989701,0.3306430298835039,4.375918069854379,shared_2l_dec_tail
2757,5.446071038022637,0.7663080468773842,4.559993976727128,shared_2l_dec_tail
2758,4.907394060865045,0.33845403231680393,4.462521057575941,shared_2l_dec_tail
2759,4.870688077062368,0.33529591746628284,4.427086096256971,shared_2l_dec_tail
2760,4.915897035971284,0.33460999839007854,4.47424896992743,shared_2l_dec_tail
2761,4.775378154590726,0.33247913233935833,4.337131045758724,shared_2l_dec_tail
2762,4.8366510309278965,0.326086999848485,4.405423998832703,shared_2l_dec_tail
2763,4.8771200235933065,0.3269410226494074,4.4422270730137825,shared_2l_dec_tail
2764,4.775203065946698,0.32158195972442627,4.3469618540257215,shared_2l_dec_tail
2765,4.897281993180513,0.3281740937381983,4.455460933968425,shared_2l_dec_tail
2766,4.8157519195228815,0.33109309151768684,4.3795190285891294,shared_2l_dec_tail
2767,4.849259974434972,0.33482909202575684,4.407554864883423,shared_2l_dec_tail
2768,4.911308875307441,0.32723299227654934,4.47696284390986,shared_2l_dec_tail
2769,4.818787099793553,0.33272895961999893,4.379113903269172,shared_2l_dec_tail
2770,4.90704900585115,0.3247428685426712,4.477227106690407,shared_2l_dec_tail
2771,4.797097994014621,0.3236338961869478,4.350168164819479,shared_2l_dec_tail
2772,4.8607399221509695,0.3279999364167452,4.42625698633492,shared_2l_dec_tail
2773,5.463837878778577,0.7662621792405844,4.5790839940309525,shared_2l_dec_tail
2774,4.896444967016578,0.33199694007635117,4.456722177565098,shared_2l_dec_tail
2775,4.8501440323889256,0.3283380065113306,4.415703006088734,shared_2l_dec_tail
2776,4.912473959848285,0.33692200668156147,4.468811908736825,shared_2l_dec_tail
2777,4.797843983396888,0.33039599657058716,4.360073944553733,shared_2l_dec_tail
2778,4.89358208142221,0.33771712332963943,4.449100000783801,shared_2l_dec_tail
2779,4.7884059604257345,0.33353501930832863,4.347963957116008,shared_2l_dec_tail
2780,4.883186891674995,0.3345420118421316,4.442054079845548,shared_2l_dec_tail
2781,4.7700239811092615,0.3297862131148577,4.333403892815113,shared_2l_dec_tail
2782,4.809790989384055,0.33264304511249065,4.366864915937185,shared_2l_dec_tail
2783,4.7802438493818045,0.3274420741945505,4.346831003203988,shared_2l_dec_tail
2784,4.830030025914311,0.33519300632178783,4.389544017612934,shared_2l_dec_tail
2785,4.873206140473485,0.32773218117654324,4.4380719773471355,shared_2l_dec_tail
2786,4.868599120527506,0.32820412889122963,4.431504989042878,shared_2l_dec_tail
2787,4.85975481569767,0.32441597431898117,4.429633961990476,shared_2l_dec_tail
2788,4.767369944602251,0.32401084899902344,4.3376111425459385,shared_2l_dec_tail
2789,5.4812009911984205,0.7518490310758352,4.608483985066414,shared_2l_dec_tail
2790,4.967551911249757,0.3355930093675852,4.522423027083278,shared_2l_dec_tail
2791,4.903333028778434,0.33026677556335926,4.465014208108187,shared_2l_dec_tail
2792,4.941425984725356,0.3308309242129326,4.503305070102215,shared_2l_dec_tail
2793,4.811618942767382,0.3292390611022711,4.376357886940241,shared_2l_dec_tail
2794,4.9244919791817665,0.3275158815085888,4.490144085139036,shared_2l_dec_tail
2795,4.915792029350996,0.3279619850218296,4.474593093618751,shared_2l_dec_tail
2796,4.916303092613816,0.3322551492601633,4.4770678505301476,shared_2l_dec_tail
2797,4.803533898666501,0.33227703534066677,4.364417865872383,shared_2l_dec_tail
2798,4.911009920760989,0.3380710259079933,4.468244034796953,shared_2l_dec_tail
2799,4.848975921049714,0.33716089092195034,4.4047769624739885,shared_2l_dec_tail
2800,4.902936052531004,0.326220178976655,4.468414932489395,shared_2l_dec_tail
2801,4.830337129533291,0.3282350953668356,4.3946069199591875,shared_2l_dec_tail
2802,4.879060899838805,0.33210404217243195,4.439710872247815,shared_2l_dec_tail
2803,4.845337010920048,0.33018901012837887,4.403203958645463,shared_2l_dec_tail
2804,4.911453928798437,0.32888795249164104,4.476505098864436,shared_2l_dec_tail
2805,5.492159863933921,0.7678631227463484,4.603547044098377,shared_2l_dec_tail
2806,4.88955108448863,0.3335059154778719,4.449181025847793,shared_2l_dec_tail
2807,4.88122901879251,0.32643089070916176,4.447832005098462,shared_2l_dec_tail
2808,4.845463903620839,0.3288479056209326,4.404855193570256,shared_2l_dec_tail
2809,4.911512136459351,0.3289168234914541,4.475592169910669,shared_2l_dec_tail
2810,4.78029390797019,0.326590146869421,4.347614012658596,shared_2l_dec_tail
2811,4.831208847463131,0.3358179237693548,4.388485103845596,shared_2l_dec_tail
2812,4.874123027548194,0.32898690551519394,4.437780007719994,shared_2l_dec_tail
2813,4.829989979043603,0.3235230688005686,4.401176935061812,shared_2l_dec_tail
2814,4.858796019107103,0.3250159788876772,4.425494931638241,shared_2l_dec_tail
2815,4.819602007046342,0.328809954226017,4.383243154734373,shared_2l_dec_tail
2816,4.805394914001226,0.324747059494257,4.3754479847848415,shared_2l_dec_tail
2817,4.915059078484774,0.3376440145075321,4.468377912417054,shared_2l_dec_tail
2818,4.9090629909187555,0.3306209109723568,4.4713320676237345,shared_2l_dec_tail
2819,4.83753508888185,0.33214292488992214,4.39920206554234,shared_2l_dec_tail
2820,4.795809043571353,0.3303720150142908,4.359900020062923,shared_2l_dec_tail
2821,5.481520900502801,0.7603929843753576,4.6002010349184275,shared_2l_dec_tail
2822,4.938876023516059,0.3413599915802479,4.489467944949865,shared_2l_dec_tail
2823,4.869161872193217,0.3388130571693182,4.423286998644471,shared_2l_dec_tail
2824,4.927905974909663,0.33062812872231007,4.488204838708043,shared_2l_dec_tail
2825,4.874740960076451,0.32910890877246857,4.438600968569517,shared_2l_dec_tail
2826,4.8089418560266495,0.3274967893958092,4.375005140900612,shared_2l_dec_tail
2827,4.885077942162752,0.3308188170194626,4.447848070412874,shared_2l_dec_tail
2828,4.84481593593955,0.3267128486186266,4.405263112857938,shared_2l_dec_tail
2829,4.785323981195688,0.32959110103547573,4.35113487765193,shared_2l_dec_tail
2830,4.794558975845575,0.3394470550119877,4.349077120423317,shared_2l_dec_tail
2831,4.864518065005541,0.32736407592892647,4.430430941283703,shared_2l_dec_tail
2832,4.873678088188171,0.3306819126009941,4.436299903318286,shared_2l_dec_tail
2833,4.869994008913636,0.32836105674505234,4.4368349481374025,shared_2l_dec_tail
2834,4.810086917132139,0.32645207829773426,4.376583034172654,shared_2l_dec_tail
2835,4.8522490542382,0.3284551203250885,4.417669959366322,shared_2l_dec_tail
2836,4.914619028568268,0.34528598189353943,4.459965042769909,shared_2l_dec_tail
2837,5.494452081620693,0.7809500675648451,4.593029851093888,shared_2l_dec_tail
2838,4.913268145173788,0.33296900801360607,4.472812172025442,shared_2l_dec_tail
2839,4.936850862577558,0.3322779666632414,4.496189998462796,shared_2l_dec_tail
2840,4.787077894434333,0.32888702116906643,4.351292969658971,shared_2l_dec_tail
2841,4.861102905124426,0.3343350253999233,4.413309041410685,shared_2l_dec_tail
2842,4.877499770373106,0.3407411277294159,4.428409971296787,shared_2l_dec_tail
2843,4.806859884411097,0.3357399255037308,4.36534802429378,shared_2l_dec_tail
2844,4.839225905016065,0.3266730345785618,4.406002117320895,shared_2l_dec_tail
2845,4.803746938705444,0.3308812156319618,4.367264918982983,shared_2l_dec_tail
2846,4.904011031612754,0.3252550959587097,4.471467807888985,shared_2l_dec_tail
2847,4.885392962023616,0.3303820267319679,4.442251054570079,shared_2l_dec_tail
2848,4.848579876124859,0.3326130099594593,4.408451961353421,shared_2l_dec_tail
2849,4.920091945677996,0.3366589080542326,4.47640405036509,shared_2l_dec_tail
2850,4.828660050407052,0.3351448103785515,4.385663196444511,shared_2l_dec_tail
2851,4.907780094072223,0.33038994297385216,4.471016116440296,shared_2l_dec_tail
2852,4.806982818990946,0.3311180043965578,4.370324080809951,shared_2l_dec_tail
2853,5.563718033954501,0.7815319113433361,4.6011460945010185,shared_2l_dec_tail
2854,4.909271141514182,0.34343311563134193,4.45857597514987,shared_2l_dec_tail
2855,4.779992159456015,0.33696810714900494,4.337255842983723,shared_2l_dec_tail
2856,4.918348044157028,0.3330779727548361,4.47843293659389,shared_2l_dec_tail
2857,4.8388398718088865,0.3308819141238928,4.399666097015142,shared_2l_dec_tail
2858,4.920306149870157,0.32790820114314556,4.483591997995973,shared_2l_dec_tail
2859,4.806404933333397,0.33098296262323856,4.368042107671499,shared_2l_dec_tail
2860,4.899488994851708,0.3336940426379442,4.457911942154169,shared_2l_dec_tail
2861,4.822484916076064,0.331380870193243,4.384314175695181,shared_2l_dec_tail
2862,4.8125318717211485,0.3370631020516157,4.369737114757299,shared_2l_dec_tail
2863,4.7770480159670115,0.3414759412407875,4.329917021095753,shared_2l_dec_tail
2864,4.881080938503146,0.32670097425580025,4.448863910511136,shared_2l_dec_tail
2865,4.822096088901162,0.3272790927439928,4.387985914945602,shared_2l_dec_tail
2866,4.867953946813941,0.33636996522545815,4.4262108858674765,shared_2l_dec_tail
2867,4.8084440641105175,0.32771797850728035,4.374664044007659,shared_2l_dec_tail
2868,4.893246106803417,0.3372139763087034,4.449065076187253,shared_2l_dec_tail
2869,5.49644697457552,0.7786019705235958,4.596782848238945,shared_2l_dec_tail
2870,4.914356861263514,0.3378158435225487,4.469271982088685,shared_2l_dec_tail
2871,4.828200908377767,0.3340591210871935,4.386903019621968,shared_2l_dec_tail
2872,4.912438103929162,0.33569103106856346,4.470517160370946,shared_2l_dec_tail
2873,4.864356946200132,0.3372807987034321,4.42179013043642,shared_2l_dec_tail
2874,4.91344602778554,0.33837207593023777,4.467906896024942,shared_2l_dec_tail
2875,4.838465014472604,0.3405059687793255,4.392110044136643,shared_2l_dec_tail
2876,4.898943938314915,0.33295899629592896,4.460328025743365,shared_2l_dec_tail
2877,4.808963974937797,0.3296018112450838,4.372629104182124,shared_2l_dec_tail
2878,4.878192907199264,0.3299419768154621,4.44141193293035,shared_2l_dec_tail
2879,5.013310816138983,0.32531796023249626,4.579994129016995,shared_2l_dec_tail
2880,4.812014056369662,0.33113197423517704,4.373815143480897,shared_2l_dec_tail
2881,4.865508992224932,0.3299980890005827,4.430592060089111,shared_2l_dec_tail
2882,4.833925981074572,0.3378561232239008,4.388217814266682,shared_2l_dec_tail
2883,4.884748952463269,0.33869780600070953,4.414072027429938,shared_2l_dec_tail
2884,4.834352992475033,0.3514860291033983,4.3712579645216465,shared_2l_dec_tail
2885,5.4741299245506525,0.7715229876339436,4.5827270951122046,shared_2l_dec_tail
2886,4.8085839953273535,0.33876998350024223,4.363175015896559,shared_2l_dec_tail
2887,4.800177179276943,0.3382558934390545,4.356614081189036,shared_2l_dec_tail
2888,4.919077968224883,0.3284839913249016,4.484451841562986,shared_2l_dec_tail
2889,4.797830944880843,0.3313068300485611,4.360961029306054,shared_2l_dec_tail
2890,4.91072703152895,0.3280059900134802,4.47548390366137,shared_2l_dec_tail
2891,4.8873641062527895,0.33445190638303757,4.4464231468737125,shared_2l_dec_tail
2892,4.868176998570561,0.33403700217604637,4.420574987307191,shared_2l_dec_tail
2893,4.885680973529816,0.32943813130259514,4.448866005986929,shared_2l_dec_tail
2894,4.853749182075262,0.33528287895023823,4.412078065797687,shared_2l_dec_tail
2895,4.8659988678991795,0.33754995092749596,4.419614095240831,shared_2l_dec_tail
2896,4.908822011202574,0.33168005757033825,4.467759979888797,shared_2l_dec_tail
2897,4.806593060493469,0.3291440661996603,4.370135022327304,shared_2l_dec_tail
2898,4.884042078629136,0.3382049035280943,4.43967105820775,shared_2l_dec_tail
2899,4.902516026049852,0.3299959935247898,4.466101061552763,shared_2l_dec_tail
2900,4.833712009713054,0.3303550183773041,4.390723071992397,shared_2l_dec_tail
2901,5.423980997875333,0.7512569427490234,4.554894054308534,shared_2l_dec_tail
2902,4.914432996883988,0.3390100318938494,4.467085935175419,shared_2l_dec_tail
2903,4.8169291112571955,0.32786186784505844,4.381858045235276,shared_2l_dec_tail
2904,4.897792125120759,0.3275920171290636,4.459153162315488,shared_2l_dec_tail
2905,4.7878960613161325,0.32805115915834904,4.353326978161931,shared_2l_dec_tail
2906,4.918335936963558,0.33636088483035564,4.474654095247388,shared_2l_dec_tail
2907,4.7944760881364346,0.3371478524059057,4.3511011172086,shared_2l_dec_tail
2908,4.8889960162341595,0.3279170487076044,4.452893976122141,shared_2l_dec_tail
2909,4.802119918167591,0.3311070613563061,4.3658060021698475,shared_2l_dec_tail
2910,4.882680019363761,0.33599487505853176,4.440722055733204,shared_2l_dec_tail
2911,4.853782011196017,0.3381629940122366,4.412633134052157,shared_2l_dec_tail
2912,4.837230080738664,0.3306979779154062,4.399273078888655,shared_2l_dec_tail
2913,4.8569978680461645,0.33385702408850193,4.417940974235535,shared_2l_dec_tail
2914,4.793346161022782,0.34028710797429085,4.3462589383125305,shared_2l_dec_tail
2915,4.890915937721729,0.32675708644092083,4.457209026440978,shared_2l_dec_tail
2916,4.869153024628758,0.33019203692674637,4.4321538880467415,shared_2l_dec_tail
2917,5.485157016664743,0.7798729930073023,4.585131071507931,shared_2l_dec_tail
2918,4.877554019913077,0.34386804327368736,4.427623003721237,shared_2l_dec_tail
2919,4.817567998543382,0.33855787478387356,4.3736351653933525,shared_2l_dec_tail
2920,4.910926101729274,0.3350498154759407,4.4701131992042065,shared_2l_dec_tail
2921,4.8189719673246145,0.33143418841063976,4.381029866635799,shared_2l_dec_tail
2922,4.859780892729759,0.33215293660759926,4.42120898514986,shared_2l_dec_tail
2923,4.8295981250703335,0.3367539029568434,4.387180088087916,shared_2l_dec_tail
2924,4.899607039988041,0.3327201120555401,4.4516208581626415,shared_2l_dec_tail
2925,4.812990082427859,0.34177000634372234,4.365070955827832,shared_2l_dec_tail
2926,4.843743052333593,0.3356540109962225,4.401551093906164,shared_2l_dec_tail
2927,4.771060077473521,0.3261549863964319,4.339079838246107,shared_2l_dec_tail
2928,4.862339934334159,0.3328830935060978,4.424073966220021,shared_2l_dec_tail
2929,4.8621229361742735,0.3309489693492651,4.420832032337785,shared_2l_dec_tail
2930,4.86651505343616,0.3287810832262039,4.431294975802302,shared_2l_dec_tail
2931,4.790507024154067,0.33559207804501057,4.347766982391477,shared_2l_dec_tail
2932,4.861437948420644,0.34023704938590527,4.414733964949846,shared_2l_dec_tail
2933,5.457537015900016,0.7625101134181023,4.569754004478455,shared_2l_dec_tail
2934,4.93652792647481,0.3417718689888716,4.48060710914433,shared_2l_dec_tail
2935,4.903864813968539,0.33645378425717354,4.46123699657619,shared_2l_dec_tail
2936,4.870996810495853,0.3356090746819973,4.428901942446828,shared_2l_dec_tail
2937,4.803930874913931,0.3395150415599346,4.359249025583267,shared_2l_dec_tail
2938,4.871258977800608,0.3365499433130026,4.428073996677995,shared_2l_dec_tail
2939,4.774030996486545,0.33016595989465714,4.337788093835115,shared_2l_dec_tail
2940,4.797426983714104,0.33356319181621075,4.35240101069212,shared_2l_dec_tail
2941,4.871709970757365,0.33085490576922894,4.434796050190926,shared_2l_dec_tail
2942,4.785704892128706,0.33555692061781883,4.344718996435404,shared_2l_dec_tail
2943,4.875605925917625,0.3414431121200323,4.427376901730895,shared_2l_dec_tail
2944,4.7968789003789425,0.3305759746581316,4.360962891951203,shared_2l_dec_tail
2945,4.873183090239763,0.3364009317010641,4.430840024724603,shared_2l_dec_tail
2946,4.857480060309172,0.33231801353394985,4.418597090989351,shared_2l_dec_tail
2947,4.866644041612744,0.33518089912831783,4.42099804058671,shared_2l_dec_tail
2948,4.877563798800111,0.33696391619741917,4.434115951880813,shared_2l_dec_tail
2949,5.463078152388334,0.7836059667170048,4.560675006359816,shared_2l_dec_tail
2950,4.841080168262124,0.33956393599510193,4.394147079437971,shared_2l_dec_tail
2951,4.9054131377488375,0.340878963470459,4.45864605717361,shared_2l_dec_tail
2952,4.8886111471802,0.3409208729863167,4.436009097844362,shared_2l_dec_tail
2953,4.804418887943029,0.33552199602127075,4.36264299787581,shared_2l_dec_tail
2954,4.877505823969841,0.33926707692444324,4.431214882060885,shared_2l_dec_tail
2955,4.785911878570914,0.33948500640690327,4.340877989307046,shared_2l_dec_tail
2956,4.895255900919437,0.33377110958099365,4.4551698956638575,shared_2l_dec_tail
2957,4.8149400390684605,0.3267021384090185,4.382607992738485,shared_2l_dec_tail
2958,4.770220955833793,0.33022603020071983,4.331288859248161,shared_2l_dec_tail
2959,4.850921919569373,0.33172103576362133,4.4125590939074755,shared_2l_dec_tail
2960,4.9037630669772625,0.342327868565917,4.4549151789397,shared_2l_dec_tail
2961,4.88159479573369,0.34063984639942646,4.435359034687281,shared_2l_dec_tail
2962,4.868706921115518,0.34348503686487675,4.41907299682498,shared_2l_dec_tail
2963,4.888494033366442,0.3276020288467407,4.4557820074260235,shared_2l_dec_tail
2964,4.784018965438008,0.33050193451344967,4.347674082964659,shared_2l_dec_tail
2965,5.480937892571092,0.7678929250687361,4.594220081344247,shared_2l_dec_tail
2966,4.8904260620474815,0.3421911969780922,4.44102194160223,shared_2l_dec_tail
2967,4.927976988255978,0.33862609416246414,4.48108185082674,shared_2l_dec_tail
2968,4.880917025730014,0.33679790794849396,4.437122959643602,shared_2l_dec_tail
2969,4.8455470241606236,0.33061299473047256,4.408390028402209,shared_2l_dec_tail
2970,4.769985098391771,0.3333180211484432,4.330744966864586,shared_2l_dec_tail
2971,4.7427869867533445,0.3351140767335892,4.30195895023644,shared_2l_dec_tail
2972,4.908333066850901,0.33873296342790127,4.461984150111675,shared_2l_dec_tail
2973,4.790022037923336,0.33989991061389446,4.344246117398143,shared_2l_dec_tail
2974,4.788164980709553,0.33257086761295795,4.3496061116456985,shared_2l_dec_tail
2975,4.80407802388072,0.330162001773715,4.3680439703166485,shared_2l_dec_tail
2976,4.807827062904835,0.3304199781268835,4.372341092675924,shared_2l_dec_tail
2977,4.851701902225614,0.3281149547547102,4.413119051605463,shared_2l_dec_tail
2978,4.815225955098867,0.3370419144630432,4.371320130303502,shared_2l_dec_tail
2979,4.87144198268652,0.3389108460396528,4.426388069987297,shared_2l_dec_tail
2980,4.844851791858673,0.3289810847491026,4.410844994708896,shared_2l_dec_tail
2981,5.494235083460808,0.7779989391565323,4.595431964844465,shared_2l_dec_tail
2982,4.928912036120892,0.34438190050423145,4.476204048842192,shared_2l_dec_tail
2983,4.913643002510071,0.34492998383939266,4.461325937882066,shared_2l_dec_tail
2984,4.877937026321888,0.34171389415860176,4.428729182109237,shared_2l_dec_tail
2985,4.874465987086296,0.3348661120980978,4.433840047568083,shared_2l_dec_tail
2986,4.7965398989617825,0.329046044498682,4.362329840660095,shared_2l_dec_tail
2987,4.893722012639046,0.33174408599734306,4.454273963347077,shared_2l_dec_tail
2988,4.812729079276323,0.3290430177003145,4.375275922939181,shared_2l_dec_tail
2989,4.898515064269304,0.33064791932702065,4.460530122742057,shared_2l_dec_tail
2990,4.862173926085234,0.3389099147170782,4.417735151946545,shared_2l_dec_tail
2991,4.804546013474464,0.3375990781933069,4.36075497418642,shared_2l_dec_tail
2992,4.87839593552053,0.33455505035817623,4.439034033566713,shared_2l_dec_tail
2993,4.826458869501948,0.3343240823596716,4.386777989566326,shared_2l_dec_tail
2994,4.875540966168046,0.33056014217436314,4.438129952177405,shared_2l_dec_tail
2995,4.783670883625746,0.33141602762043476,4.341667052358389,shared_2l_dec_tail
2996,4.90148295648396,0.33376296050846577,4.46161488071084,shared_2l_dec_tail
2997,5.484791938215494,0.780968926846981,4.583830013871193,shared_2l_dec_tail
2998,4.872929072007537,0.33329613506793976,4.433320835232735,shared_2l_dec_tail
2999,4.844727925956249,0.33375807106494904,4.405199084430933,shared_2l_dec_tail
3000,4.8693830613046885,0.33196178264915943,4.428082145750523,shared_2l_dec_tail
3001,4.874307196587324,0.3320330288261175,4.437509924173355,shared_2l_dec_tail
3002,4.8372449818998575,0.34005986526608467,4.389468114823103,shared_2l_dec_tail
3003,4.8179649747908115,0.34451810643076897,4.366524983197451,shared_2l_dec_tail
3004,4.8459661193192005,0.34063891507685184,4.398953868076205,shared_2l_dec_tail
3005,4.911866970360279,0.3340160474181175,4.472461063414812,shared_2l_dec_tail
3006,4.794000880792737,0.3303010016679764,4.356401041150093,shared_2l_dec_tail
3007,4.909526091068983,0.3297689836472273,4.475915106013417,shared_2l_dec_tail
3008,4.841974005103111,0.337379053235054,4.398508928716183,shared_2l_dec_tail
3009,4.808517172932625,0.3394621890038252,4.3651689775288105,shared_2l_dec_tail
3010,4.922954831272364,0.33976114355027676,4.475906956940889,shared_2l_dec_tail
3011,4.860026063397527,0.34268805757164955,4.409007960930467,shared_2l_dec_tail
3012,4.881025059148669,0.3360197879374027,4.437763011083007,shared_2l_dec_tail
3013,5.462299799546599,0.7770908996462822,4.566170042380691,shared_2l_dec_tail
3014,4.950904054567218,0.34393579699099064,4.498698050156236,shared_2l_dec_tail
3015,4.8390591982752085,0.34272088669240475,4.390683025121689,shared_2l_dec_tail
3016,4.90896706469357,0.3477239515632391,4.454700043424964,shared_2l_dec_tail
3017,4.834135062992573,0.33419812098145485,4.393491894006729,shared_2l_dec_tail
3018,4.809926962479949,0.32878504134714603,4.3741578701883554,shared_2l_dec_tail
3019,4.8487980384379625,0.33268099650740623,4.4114720076322556,shared_2l_dec_tail
3020,4.843384958803654,0.3314951900392771,4.406614927574992,shared_2l_dec_tail
3021,4.809046164155006,0.3360139671713114,4.370292881503701,shared_2l_dec_tail
3022,4.8941150307655334,0.3370319027453661,4.44947904907167,shared_2l_dec_tail
3023,4.802795127034187,0.3372679930180311,4.360316088423133,shared_2l_dec_tail
3024,4.91177593357861,0.3346479497849941,4.469872917979956,shared_2l_dec_tail
3025,4.832562059164047,0.33851410262286663,4.386542830616236,shared_2l_dec_tail
3026,4.886683076620102,0.33241603523492813,4.447476007044315,shared_2l_dec_tail
3027,4.8017429653555155,0.3318039234727621,4.362286068499088,shared_2l_dec_tail
3028,4.887568997219205,0.34267804585397243,4.437986994162202,shared_2l_dec_tail
3029,5.458181025460362,0.7814648561179638,4.556936211884022,shared_2l_dec_tail
3030,4.900155123323202,0.33565820194780827,4.458603914827108,shared_2l_dec_tail
3031,4.892326891422272,0.3308928571641445,4.454493056982756,shared_2l_dec_tail
3032,4.843655973672867,0.33254013396799564,4.404684994369745,shared_2l_dec_tail
3033,4.8776238691061735,0.3417620901018381,4.431087989360094,shared_2l_dec_tail
3034,4.909978015348315,0.34063891507685184,4.46345005184412,shared_2l_dec_tail
3035,4.846620140597224,0.3399290144443512,4.400760866701603,shared_2l_dec_tail
3036,4.816459957510233,0.32940180972218513,4.3809860944747925,shared_2l_dec_tail
3037,4.836731124669313,0.32983184792101383,4.400564124807715,shared_2l_dec_tail
3038,4.815046209841967,0.33814599737524986,4.370349925011396,shared_2l_dec_tail
3039,4.880866035819054,0.3346279263496399,4.4397341553121805,shared_2l_dec_tail
3040,4.8282339703291655,0.33295503817498684,4.380196100100875,shared_2l_dec_tail
3041,4.775430075824261,0.3378249239176512,4.331258125603199,shared_2l_dec_tail
3042,4.915638826787472,0.3343189600855112,4.474072018638253,shared_2l_dec_tail
3043,4.796321969479322,0.3306148573756218,4.359634127467871,shared_2l_dec_tail
3044,4.841795889660716,0.3370000049471855,4.398406017571688,shared_2l_dec_tail
3045,5.488217109814286,0.7558770012110472,4.615414189174771,shared_2l_dec_tail
3046,4.865296883508563,0.3432519733905792,4.4142138212919235,shared_2l_dec_tail
3047,4.89271292462945,0.3314970526844263,4.45363693870604,shared_2l_dec_tail
3048,4.915155004709959,0.33968384377658367,4.468696191906929,shared_2l_dec_tail
3049,4.85942792147398,0.33962284214794636,4.412239184603095,shared_2l_dec_tail
3050,4.906438989564776,0.33644004724919796,4.4638291001319885,shared_2l_dec_tail
3051,4.870332079008222,0.3328679595142603,4.421366145834327,shared_2l_dec_tail
3052,4.813764942809939,0.33534690737724304,4.372041206806898,shared_2l_dec_tail
3053,4.905530950054526,0.342333922162652,4.456449067220092,shared_2l_dec_tail
3054,4.849747056141496,0.34261681139469147,4.399717086926103,shared_2l_dec_tail
3055,4.811632912606001,0.3320830874145031,4.3735739309340715,shared_2l_dec_tail
3056,4.898640094324946,0.3346940502524376,4.457533825188875,shared_2l_dec_tail
3057,4.89385100081563,0.33374992199242115,4.454096080735326,shared_2l_dec_tail
3058,4.798296140506864,0.3370060585439205,4.3541849590837955,shared_2l_dec_tail
3059,4.875201033428311,0.3364142030477524,4.43135597743094,shared_2l_dec_tail
3060,4.913049982860684,0.34072017297148705,4.465542966499925,shared_2l_dec_tail
3061,5.684952950105071,0.7803880143910646,4.782252013683319,shared_2l_dec_tail
3062,4.939596867188811,0.34000491723418236,4.491910105571151,shared_2l_dec_tail
3063,4.880242981016636,0.3390668425709009,4.4335110578686,shared_2l_dec_tail
3064,4.90863504819572,0.33695786260068417,4.465220961719751,shared_2l_dec_tail
3065,4.924151115119457,0.3388680052012205,4.479138879105449,shared_2l_dec_tail
3066,4.7888560220599174,0.33417390659451485,4.343222128227353,shared_2l_dec_tail
3067,4.890816053375602,0.33211405389010906,4.452799912542105,shared_2l_dec_tail
3068,4.8044591676443815,0.3409748896956444,4.35813213698566,shared_2l_dec_tail
3069,4.937299992889166,0.34380797296762466,4.4871969148516655,shared_2l_dec_tail
3070,4.858687054365873,0.33915811218321323,4.4135479256510735,shared_2l_dec_tail
3071,4.833761835470796,0.3315000794827938,4.397243028506637,shared_2l_dec_tail
3072,4.79649193584919,0.3368768375366926,4.351819166913629,shared_2l_dec_tail
3073,4.905535839498043,0.33116177655756474,4.464621189981699,shared_2l_dec_tail
3074,4.89195785485208,0.33417390659451485,4.450509091839194,shared_2l_dec_tail
3075,4.857952939346433,0.3363201394677162,4.410778870806098,shared_2l_dec_tail
3076,4.889111965894699,0.3390139900147915,4.443438025191426,shared_2l_dec_tail
3077,5.521887913346291,0.7759321015328169,4.627578891813755,shared_2l_dec_tail
3078,4.968586843460798,0.341012142598629,4.521416034549475,shared_2l_dec_tail
3079,4.93852817453444,0.33491291105747223,4.4971241150051355,shared_2l_dec_tail
3080,4.92333504371345,0.33325888216495514,4.481364972889423,shared_2l_dec_tail
3081,4.886182025074959,0.34122192300856113,4.433762049302459,shared_2l_dec_tail
3082,4.884290974587202,0.3347110468894243,4.44390787743032,shared_2l_dec_tail
3083,4.796897992491722,0.34127989783883095,4.348366986960173,shared_2l_dec_tail
3084,4.884164081886411,0.3378910478204489,4.440387012436986,shared_2l_dec_tail
3085,4.843564936891198,0.33330987207591534,4.402708960697055,shared_2l_dec_tail
3086,4.871451063081622,0.3286129795014858,4.43683797493577,shared_2l_dec_tail
3087,4.918816965073347,0.3331359475851059,4.4790911488235,shared_2l_dec_tail
3088,4.807362100109458,0.3379390109330416,4.36563091352582,shared_2l_dec_tail
3089,4.838337190449238,0.334050040692091,4.3956208974123,shared_2l_dec_tail
3090,4.875346086919308,0.3428221680223942,4.424506798386574,shared_2l_dec_tail
3091,4.860060987994075,0.3445609472692013,4.40803705714643,shared_2l_dec_tail
3092,4.902074113488197,0.34437794238328934,4.450415028259158,shared_2l_dec_tail
3093,5.487318150699139,0.7745360489934683,4.596983082592487,shared_2l_dec_tail
3094,4.906211048364639,0.34299888648092747,4.456257913261652,shared_2l_dec_tail
3095,4.883801797404885,0.3424561582505703,4.433958791196346,shared_2l_dec_tail
3096,4.89316089078784,0.340139027684927,4.445662023499608,shared_2l_dec_tail
3097,4.943118197843432,0.34770299680531025,4.4886108953505754,shared_2l_dec_tail
3098,4.789124941453338,0.3414379898458719,4.3402318842709064,shared_2l_dec_tail
3099,4.838815191760659,0.338603975251317,4.394033923745155,shared_2l_dec_tail
3100,4.855833016335964,0.3397699911147356,4.4086279813200235,shared_2l_dec_tail
3101,4.835902014747262,0.3318770322948694,4.400532925501466,shared_2l_dec_tail
3102,4.793909145519137,0.33461209386587143,4.3520398903638124,shared_2l_dec_tail
3103,4.8500411212444305,0.34139608033001423,4.4021219946444035,shared_2l_dec_tail
3104,4.835593048483133,0.3399359993636608,4.390584072098136,shared_2l_dec_tail
3105,4.927291069179773,0.3313720226287842,4.4886108953505754,shared_2l_dec_tail
3106,4.833536921069026,0.3353229258209467,4.393286071717739,shared_2l_dec_tail
3107,4.93815983645618,0.3317100927233696,4.499054979532957,shared_2l_dec_tail
3108,4.85508912242949,0.3351159393787384,4.414541181176901,shared_2l_dec_tail
3109,5.464311921969056,0.75135612860322,4.5940259005874395,shared_2l_dec_tail
3110,4.912173841148615,0.339356018230319,4.46343282237649,shared_2l_dec_tail
3111,4.860001150518656,0.3326539881527424,4.419494885951281,shared_2l_dec_tail
3112,4.8087830655276775,0.34056813456118107,4.359086975455284,shared_2l_dec_tail
3113,4.883991088718176,0.33701700158417225,4.4406261295080185,shared_2l_dec_tail
3114,4.878862993791699,0.33093104138970375,4.440573044121265,shared_2l_dec_tail
3115,4.891765071079135,0.3398710396140814,4.439829150214791,shared_2l_dec_tail
3116,4.876733990386128,0.3388458862900734,4.43288404494524,shared_2l_dec_tail
3117,4.9187790136784315,0.3408491611480713,4.471728811040521,shared_2l_dec_tail
3118,4.771056119352579,0.3434109967201948,4.322371911257505,shared_2l_dec_tail
3119,4.908091854304075,0.3351068589836359,4.4665171299129725,shared_2l_dec_tail
3120,4.870350938290358,0.33776997588574886,4.427002975717187,shared_2l_dec_tail
3121,4.926525056362152,0.3324318677186966,4.486605059355497,shared_2l_dec_tail
3122,4.757669987156987,0.3322369884699583,4.319872008636594,shared_2l_dec_tail
3123,4.813148872926831,0.3408188931643963,4.3663401156663895,shared_2l_dec_tail
3124,4.861803958192468,0.338585814461112,4.417875083163381,shared_2l_dec_tail
3125,5.511197028681636,0.7669958285987377,4.625661997124553,shared_2l_dec_tail
3126,4.939733073115349,0.33943308517336845,4.492616979405284,shared_2l_dec_tail
3127,4.864492919296026,0.33386005088686943,4.4240751303732395,shared_2l_dec_tail
3128,4.898761166259646,0.3379390109330416,4.448554012924433,shared_2l_dec_tail
3129,4.883693065494299,0.3423390444368124,4.434104077517986,shared_2l_dec_tail
3130,4.793306812644005,0.3459509462118149,4.341418854892254,shared_2l_dec_tail
3131,4.8838520888239145,0.3344300203025341,4.442814039066434,shared_2l_dec_tail
3132,4.9222358502447605,0.336754834279418,4.477501148357987,shared_2l_dec_tail
3133,4.8224839847534895,0.3345960285514593,4.382421029731631,shared_2l_dec_tail
3134,4.8715469893068075,0.33552898094058037,4.427212057635188,shared_2l_dec_tail
3135,4.904953064396977,0.33521512523293495,4.4588809832930565,shared_2l_dec_tail
3136,4.7898730263113976,0.33132010139524937,4.352526972070336,shared_2l_dec_tail
3137,4.891236079856753,0.33974205143749714,4.445336060598493,shared_2l_dec_tail
3138,4.798848880454898,0.34168921411037445,4.350743955001235,shared_2l_dec_tail
3139,4.824654897674918,0.335274962708354,4.38327994197607,shared_2l_dec_tail
3140,4.855151986703277,0.3349140752106905,4.412648035213351,shared_2l_dec_tail
3141,5.468681920319796,0.742992851883173,4.606802016496658,shared_2l_dec_tail
3142,4.906015936285257,0.34744921140372753,4.450623877346516,shared_2l_dec_tail
3143,4.871788900345564,0.3328279126435518,4.4322251342237,shared_2l_dec_tail
3144,4.913165001198649,0.3410228528082371,4.464901052415371,shared_2l_dec_tail
3145,4.933211952447891,0.33582793548703194,4.491331055760384,shared_2l_dec_tail
3146,4.815768217667937,0.338143203407526,4.371324786916375,shared_2l_dec_tail
3147,4.859181120991707,0.3328160382807255,4.412174923345447,shared_2l_dec_tail
3148,4.894984187558293,0.3373110666871071,4.450657870620489,shared_2l_dec_tail
3149,4.868443123996258,0.3430910874158144,4.419584991410375,shared_2l_dec_tail
3150,4.892576020210981,0.34155999310314655,4.444336984306574,shared_2l_dec_tail
3151,4.8507689498364925,0.34759799018502235,4.395783180370927,shared_2l_dec_tail
3152,4.912851843982935,0.33586611971259117,4.469292936846614,shared_2l_dec_tail
3153,4.881227854639292,0.335069140419364,4.439329961314797,shared_2l_dec_tail
3154,4.8200939781963825,0.3390719648450613,4.374939948320389,shared_2l_dec_tail
3155,4.910941002890468,0.3342670388519764,4.470176994800568,shared_2l_dec_tail
3156,4.7648390755057335,0.3339480608701706,4.324914887547493,shared_2l_dec_tail
3157,5.510112969204783,0.772861996665597,4.616647958755493,shared_2l_dec_tail
3158,4.911067197099328,0.3409390337765217,4.464433994144201,shared_2l_dec_tail
3159,4.842533031478524,0.33301603980362415,4.400948993861675,shared_2l_dec_tail
3160,4.931305069476366,0.3440137952566147,4.4797181617468596,shared_2l_dec_tail
3161,4.85022203065455,0.3321301192045212,4.4127278961241245,shared_2l_dec_tail
3162,4.910961026325822,0.34221308305859566,4.46251081302762,shared_2l_dec_tail
3163,4.874855978414416,0.3432678058743477,4.424829035997391,shared_2l_dec_tail
3164,4.932536045089364,0.3508159425109625,4.474620101973414,shared_2l_dec_tail
3165,4.857802065089345,0.3378880210220814,4.412996117025614,shared_2l_dec_tail
3166,4.909537965431809,0.33504911698400974,4.467611899599433,shared_2l_dec_tail
3167,4.822558956220746,0.33546495251357555,4.380180966109037,shared_2l_dec_tail
3168,4.901062930002809,0.3334528300911188,4.460573196411133,shared_2l_dec_tail
3169,4.904825938865542,0.3445891197770834,4.454244859516621,shared_2l_dec_tail
3170,4.839654080569744,0.3358169924467802,4.3983010109514,shared_2l_dec_tail
3171,4.874122096225619,0.3414440434426069,4.42474102601409,shared_2l_dec_tail
3172,4.825367126613855,0.34177303314208984,4.379375139251351,shared_2l_dec_tail
3173,5.507772089913487,0.7631401531398296,4.623382817953825,shared_2l_dec_tail
3174,4.922822117805481,0.33953506499528885,4.475160036236048,shared_2l_dec_tail
3175,4.937910940498114,0.33271685242652893,4.501260118559003,shared_2l_dec_tail
3176,4.90923598408699,0.33585703931748867,4.465595819056034,shared_2l_dec_tail
3177,4.9159040208905935,0.3367690369486809,4.4647990725934505,shared_2l_dec_tail
3178,4.856890998780727,0.3444780595600605,4.4052149169147015,shared_2l_dec_tail
3179,4.960153019055724,0.34287688322365284,4.511783132329583,shared_2l_dec_tail
3180,4.900112980976701,0.3438659477978945,4.447044106200337,shared_2l_dec_tail
3181,4.813778912648559,0.33404119312763214,4.371777875348926,shared_2l_dec_tail
3182,4.859282169491053,0.33306702971458435,4.42027417011559,shared_2l_dec_tail
3183,4.963505081832409,0.33211102709174156,4.523365991190076,shared_2l_dec_tail
3184,4.836590029299259,0.33545983023941517,4.393734037876129,shared_2l_dec_tail
3185,4.883605986833572,0.3353969659656286,4.434654023498297,shared_2l_dec_tail
3186,4.876766121014953,0.3352770581841469,4.433199996128678,shared_2l_dec_tail
3187,4.893010016530752,0.3471788950264454,4.440630087628961,shared_2l_dec_tail
3188,4.801288014277816,0.34411903470754623,4.351925104856491,shared_2l_dec_tail
3189,5.5369280744344,0.7763970643281937,4.6349139884114265,shared_2l_dec_tail
3190,4.953678930178285,0.35001011565327644,4.496708977967501,shared_2l_dec_tail
3191,4.82829799875617,0.3361389972269535,4.385014995932579,shared_2l_dec_tail
3192,4.931675968691707,0.3492420073598623,4.476342117413878,shared_2l_dec_tail
3193,4.802121082320809,0.34335907548666,4.353828961029649,shared_2l_dec_tail
3194,4.873322788625956,0.3439909778535366,4.421807127073407,shared_2l_dec_tail
3195,4.932770971208811,0.3389210905879736,4.487847909331322,shared_2l_dec_tail
3196,4.89610992372036,0.3406309988349676,4.448164952918887,shared_2l_dec_tail
3197,4.885321948677301,0.332163879647851,4.447214072570205,shared_2l_dec_tail
3198,4.826489137485623,0.3378591500222683,4.382578888908029,shared_2l_dec_tail
3199,4.914548015221953,0.3339489921927452,4.471410997211933,shared_2l_dec_tail
3200,4.835525993257761,0.33451803028583527,4.396721953526139,shared_2l_dec_tail
3201,4.916451871395111,0.33911806531250477,4.4715499971061945,shared_2l_dec_tail
3202,4.915932891890407,0.3427949268370867,4.466151120141149,shared_2l_dec_tail
3203,4.794945940375328,0.3462769091129303,4.342022119089961,shared_2l_dec_tail
3204,4.883964080363512,0.33557205460965633,4.442631034180522,shared_2l_dec_tail
3205,5.4873700719326735,0.771787017583847,4.595960956066847,shared_2l_dec_tail
3206,4.955471958965063,0.3510632086545229,4.495695000514388,shared_2l_dec_tail
3207,4.887951072305441,0.3430431243032217,4.437334835529327,shared_2l_dec_tail
3208,4.838257096707821,0.3450221847742796,4.385672975331545,shared_2l_dec_tail
3209,4.93737799115479,0.3431879449635744,4.486738936975598,shared_2l_dec_tail
3210,4.905747016891837,0.3365310840308666,4.461253993213177,shared_2l_dec_tail
3211,4.831626079976559,0.3391189966350794,4.382687853649259,shared_2l_dec_tail
3212,4.918758990243077,0.3361459821462631,4.477655049413443,shared_2l_dec_tail
3213,4.806407960131764,0.3368740435689688,4.358111880719662,shared_2l_dec_tail
3214,4.861396038904786,0.3427059855312109,4.41273907199502,shared_2l_dec_tail
3215,4.895868944004178,0.3375730011612177,4.451686982065439,shared_2l_dec_tail
3216,4.911090014502406,0.3470480442047119,4.457294009625912,shared_2l_dec_tail
3217,4.82511892914772,0.345749082043767,4.371359944343567,shared_2l_dec_tail
3218,4.909320967271924,0.33996906131505966,4.460301017388701,shared_2l_dec_tail
3219,4.8429579474031925,0.3373008221387863,4.398189019411802,shared_2l_dec_tail
3220,4.851677222177386,0.33849594183266163,4.404237028211355,shared_2l_dec_tail
3221,5.442054010927677,0.7660009432584047,4.556633066385984,shared_2l_dec_tail
3222,4.881681874394417,0.354669988155365,4.4195088557899,shared_2l_dec_tail
3223,4.888393916189671,0.34381402656435966,4.437025869265199,shared_2l_dec_tail
3224,4.902797983959317,0.3374421503394842,4.459734074771404,shared_2l_dec_tail
3225,4.858412081375718,0.3399879205971956,4.410851048305631,shared_2l_dec_tail
3226,4.901234991848469,0.3450089134275913,4.449065076187253,shared_2l_dec_tail
3227,4.807037068530917,0.3395369276404381,4.362578969448805,shared_2l_dec_tail
3228,4.906332120299339,0.3382719587534666,4.463339922949672,shared_2l_dec_tail
3229,4.817248089239001,0.34374999813735485,4.367810906842351,shared_2l_dec_tail
3230,4.902750952169299,0.3471500240266323,4.448144929483533,shared_2l_dec_tail
3231,4.898023093119264,0.3361350391060114,4.454320063814521,shared_2l_dec_tail
3232,4.806953947991133,0.34192786552011967,4.358642967417836,shared_2l_dec_tail
3233,4.8765200190246105,0.3330330364406109,4.438061034306884,shared_2l_dec_tail
3234,4.797125002369285,0.33379788510501385,4.351345123723149,shared_2l_dec_tail
3235,4.902898101136088,0.3439309075474739,4.451952874660492,shared_2l_dec_tail
3236,4.836073145270348,0.3416449762880802,4.387673921883106,shared_2l_dec_tail
3237,5.480016116052866,0.7675960659980774,4.593136953189969,shared_2l_dec_tail
3238,4.83588594943285,0.3423010930418968,4.38155303709209,shared_2l_dec_tail
3239,4.817406879737973,0.33621094189584255,4.374862881377339,shared_2l_dec_tail
3240,4.924169043079019,0.34747784957289696,4.470248939469457,shared_2l_dec_tail
3241,4.836315987631679,0.345214968547225,4.384241066873074,shared_2l_dec_tail
3242,4.885401111096144,0.3495621494948864,4.429299850016832,shared_2l_dec_tail
3243,4.789563827216625,0.33467612229287624,4.348825896158814,shared_2l_dec_tail
3244,4.8748108092695475,0.33916113898158073,4.4303699396550655,shared_2l_dec_tail
3245,4.817449022084475,0.3373150248080492,4.369375994428992,shared_2l_dec_tail
3246,4.904781002551317,0.3403888549655676,4.457835108041763,shared_2l_dec_tail
3247,4.860359011217952,0.34469086676836014,4.366267006844282,shared_2l_dec_tail
3248,4.948270041495562,0.3581920173019171,4.475331865251064,shared_2l_dec_tail
3249,4.8140238504856825,0.3480939194560051,4.359730985015631,shared_2l_dec_tail
3250,4.848060198128223,0.338379992172122,4.40165912732482,shared_2l_dec_tail
3251,4.827240947633982,0.33737090416252613,4.3833700474351645,shared_2l_dec_tail
3252,4.910747054964304,0.33835298381745815,4.465437959879637,shared_2l_dec_tail
3253,5.4505139123648405,0.7866579107940197,4.544070223346353,shared_2l_dec_tail
3254,4.9460220616310835,0.3520580939948559,4.487247904762626,shared_2l_dec_tail
3255,4.827338038012385,0.3436461556702852,4.377597942948341,shared_2l_dec_tail
3256,4.859079839661717,0.3374139778316021,4.416812909767032,shared_2l_dec_tail
3257,4.893224919214845,0.335529213771224,4.451459972187877,shared_2l_dec_tail
3258,4.890605807304382,0.34268503077328205,4.439207958057523,shared_2l_dec_tail
3259,4.8977080732584,0.3407399635761976,4.451924003660679,shared_2l_dec_tail
3260,4.926471970975399,0.34560798667371273,4.473779816180468,shared_2l_dec_tail
3261,4.80957911349833,0.3385748714208603,4.359007114544511,shared_2l_dec_tail
3262,4.8826029524207115,0.3477940335869789,4.429131979122758,shared_2l_dec_tail
3263,4.892128985375166,0.33812690526247025,4.4475269969552755,shared_2l_dec_tail
3264,4.844665061682463,0.3365310840308666,4.401711979880929,shared_2l_dec_tail
3265,4.906791029497981,0.337634002789855,4.46343794465065,shared_2l_dec_tail
3266,4.801057046279311,0.34041120670735836,4.353427793830633,shared_2l_dec_tail
3267,4.868356045335531,0.3396659158170223,4.422065103426576,shared_2l_dec_tail
3268,4.851949866861105,0.3359271213412285,4.410217050462961,shared_2l_dec_tail
3269,5.482388893142343,0.7721150759607553,4.589658929035068,shared_2l_dec_tail
3270,4.858067026361823,0.34294906072318554,4.408064065501094,shared_2l_dec_tail
3271,4.939876031130552,0.3373681101948023,4.494783002883196,shared_2l_dec_tail
3272,4.824796924367547,0.334693118929863,4.376875935122371,shared_2l_dec_tail
3273,4.800327122211456,0.3377092070877552,4.355927929282188,shared_2l_dec_tail
3274,4.8689269460737705,0.34747691825032234,4.416163079440594,shared_2l_dec_tail
3275,4.860752960667014,0.3474969416856766,4.40695695579052,shared_2l_dec_tail
3276,4.919074941426516,0.34037185832858086,4.47124894708395,shared_2l_dec_tail
3277,4.908741917461157,0.3398749977350235,4.462389042600989,shared_2l_dec_tail
3278,4.812265047803521,0.34028501249849796,4.364860011264682,shared_2l_dec_tail
3279,4.8833980690687895,0.338858924806118,4.435942973941565,shared_2l_dec_tail
3280,4.79027209803462,0.34374697133898735,4.340541083365679,shared_2l_dec_tail
3281,4.855061881244183,0.3463418688625097,4.403172060847282,shared_2l_dec_tail
3282,4.852842073887587,0.3493849653750658,4.396184114739299,shared_2l_dec_tail
3283,4.898210987448692,0.34675910137593746,4.446070874109864,shared_2l_dec_tail
3284,4.801016999408603,0.33621303737163544,4.356801975518465,shared_2l_dec_tail
3285,5.482637090608478,0.7852059789001942,4.578249994665384,shared_2l_dec_tail
3286,4.934455035254359,0.3553200513124466,4.4723208993673325,shared_2l_dec_tail
3287,4.835485015064478,0.34540495835244656,4.381658975034952,shared_2l_dec_tail
3288,4.910129122436047,0.3419090062379837,4.461494041606784,shared_2l_dec_tail
3289,4.811166087165475,0.3386938478797674,4.366823006421328,shared_2l_dec_tail
3290,4.898261046037078,0.34621194936335087,4.445875994861126,shared_2l_dec_tail
3291,4.810899030417204,0.3389229532331228,4.358418984338641,shared_2l_dec_tail
3292,4.921668907627463,0.34423009492456913,4.467448918148875,shared_2l_dec_tail
3293,4.871679935604334,0.3466398920863867,4.418585915118456,shared_2l_dec_tail
3294,4.920894978567958,0.3477309364825487,4.467535065487027,shared_2l_dec_tail
3295,4.796879133209586,0.34518702886998653,4.3465320486575365,shared_2l_dec_tail
3296,4.8214141279459,0.33647497184574604,4.380264086648822,shared_2l_dec_tail
3297,4.869403084740043,0.3382009454071522,4.425090039148927,shared_2l_dec_tail
3298,4.841919988393784,0.33991318196058273,4.398650955408812,shared_2l_dec_tail
3299,4.886610200628638,0.33626705408096313,4.442585865035653,shared_2l_dec_tail
3300,4.808817058801651,0.3345787990838289,4.369425121694803,shared_2l_dec_tail
3301,5.4807900451123714,0.7824220228940248,4.580046981573105,shared_2l_dec_tail
3302,4.8382149543613195,0.3439888823777437,4.385262029245496,shared_2l_dec_tail
3303,4.911593860015273,0.3404750023037195,4.464560886844993,shared_2l_dec_tail
3304,4.843405913561583,0.340885017067194,4.397715907543898,shared_2l_dec_tail
3305,4.923474043607712,0.3416899126023054,4.469302017241716,shared_2l_dec_tail
3306,4.837177926674485,0.3437330015003681,4.384824074804783,shared_2l_dec_tail
3307,4.938967991620302,0.34789019264280796,4.4848809484392405,shared_2l_dec_tail
3308,4.873571917414665,0.34952512942254543,4.415377043187618,shared_2l_dec_tail
3309,4.83891018666327,0.3419469576328993,4.390145884826779,shared_2l_dec_tail
3310,4.911989904940128,0.3428871277719736,4.462721990421414,shared_2l_dec_tail
3311,4.792298888787627,0.3407199401408434,4.3452049139887094,shared_2l_dec_tail
3312,4.892448196187615,0.3379520494490862,4.4517130590975285,shared_2l_dec_tail
3313,4.824667004868388,0.3391208592802286,4.379377933219075,shared_2l_dec_tail
3314,4.926028195768595,0.34715887159109116,4.47369203902781,shared_2l_dec_tail
3315,4.7971210442483425,0.3489670343697071,4.3430570513010025,shared_2l_dec_tail
3316,4.8790788277983665,0.3400810528546572,4.4342949986457825,shared_2l_dec_tail
3317,5.4952281061559916,0.7841119077056646,4.583806032314897,shared_2l_dec_tail
3318,4.941130988299847,0.34454092383384705,4.488842096179724,shared_2l_dec_tail
3319,4.959281999617815,0.34899404272437096,4.502539988607168,shared_2l_dec_tail
3320,4.908755887299776,0.34876586869359016,4.454718204215169,shared_2l_dec_tail
3321,4.830640973523259,0.3460680600255728,4.374390002340078,shared_2l_dec_tail
3322,4.871199140325189,0.3476568963378668,4.4174701906740665,shared_2l_dec_tail
3323,4.847883014008403,0.338768120855093,4.40298393368721,shared_2l_dec_tail
3324,4.807293880730867,0.3449011128395796,4.355398006737232,shared_2l_dec_tail
3325,4.925440065562725,0.33918418921530247,4.479240858927369,shared_2l_dec_tail
3326,4.868443123996258,0.339986989274621,4.414658062160015,shared_2l_dec_tail
3327,4.912559874355793,0.34237210638821125,4.462725017219782,shared_2l_dec_tail
3328,4.917301004752517,0.34702103585004807,4.464827943593264,shared_2l_dec_tail
3329,4.843404050916433,0.3462000750005245,4.390641115605831,shared_2l_dec_tail
3330,4.8933750949800014,0.35071210004389286,4.435687093064189,shared_2l_dec_tail
3331,4.788075806573033,0.3390079364180565,4.342613043263555,shared_2l_dec_tail
3332,4.904457833617926,0.3421420697122812,4.456341033801436,shared_2l_dec_tail
3333,5.488004069775343,0.7839661557227373,4.584580892696977,shared_2l_dec_tail
3334,4.894014215096831,0.3534641582518816,4.433125955983996,shared_2l_dec_tail
3335,4.915701923891902,0.34775491803884506,4.461915930733085,shared_2l_dec_tail
3336,4.8391500022262335,0.34832279197871685,4.384078085422516,shared_2l_dec_tail
3337,4.917165031656623,0.34077512100338936,4.469230072572827,shared_2l_dec_tail
3338,4.8374689649790525,0.34201587550342083,4.387920955196023,shared_2l_dec_tail
3339,4.939830861985683,0.34184311516582966,4.490987863391638,shared_2l_dec_tail
3340,4.831305937841535,0.3421900328248739,4.382262006402016,shared_2l_dec_tail
3341,4.835048923268914,0.33675506711006165,4.392371047288179,shared_2l_dec_tail
3342,4.942914005368948,0.349302077665925,4.486254882067442,shared_2l_dec_tail
3343,4.894254030659795,0.34566293470561504,4.441007971763611,shared_2l_dec_tail
3344,4.926040070131421,0.34740520641207695,4.472140921279788,shared_2l_dec_tail
3345,4.9238489009439945,0.34722196869552135,4.468895029276609,shared_2l_dec_tail
3346,4.869603086262941,0.33851410262286663,4.424265818670392,shared_2l_dec_tail
3347,4.803630989044905,0.3395599778741598,4.357564030215144,shared_2l_dec_tail
3348,4.936472978442907,0.3405502066016197,4.488667938858271,shared_2l_dec_tail
3349,5.503766005858779,0.7719669956713915,4.613080061972141,shared_2l_dec_tail
3350,4.9778190441429615,0.3576448652893305,4.5135789550840855,shared_2l_dec_tail
3351,4.895046120509505,0.34993700683116913,4.437520168721676,shared_2l_dec_tail
3352,4.843077156692743,0.34348294138908386,4.393708193674684,shared_2l_dec_tail
3353,4.951000912114978,0.34112483263015747,4.503095988184214,shared_2l_dec_tail
3354,4.868877120316029,0.34343195147812366,4.418511874973774,shared_2l_dec_tail
3355,4.906544927507639,0.34052389673888683,4.46169706992805,shared_2l_dec_tail
3356,4.873927915468812,0.3392689395695925,4.428892163559794,shared_2l_dec_tail
3357,4.832562059164047,0.34086592495441437,4.385138861835003,shared_2l_dec_tail
3358,4.881618078798056,0.3437579143792391,4.431898007169366,shared_2l_dec_tail
3359,4.908682079985738,0.3456389531493187,4.457585047930479,shared_2l_dec_tail
3360,4.820812959223986,0.34958403557538986,4.365856992080808,shared_2l_dec_tail
3361,4.871651995927095,0.3439041320234537,4.422349855303764,shared_2l_dec_tail
3362,4.8844830598682165,0.3356130328029394,4.441062919795513,shared_2l_dec_tail
3363,4.855056060478091,0.34310482442379,4.406079184263945,shared_2l_dec_tail
3364,4.805759992450476,0.34321402199566364,4.352752817794681,shared_2l_dec_tail
3365,5.497118923813105,0.7791300304234028,4.600072046741843,shared_2l_dec_tail
3366,4.945007851347327,0.3462289460003376,4.490860039368272,shared_2l_dec_tail
3367,4.906452028080821,0.34515000879764557,4.453268134966493,shared_2l_dec_tail
3368,4.833809100091457,0.34022307954728603,4.386011976748705,shared_2l_dec_tail
3369,4.942560102790594,0.34186593256890774,4.493031185120344,shared_2l_dec_tail
3370,4.8553538508713245,0.3436219412833452,4.398726159706712,shared_2l_dec_tail
3371,4.937049001455307,0.3406491596251726,4.489190876483917,shared_2l_dec_tail
3372,4.929111106321216,0.35476102493703365,4.469153005629778,shared_2l_dec_tail
3373,4.926369991153479,0.35237311385571957,4.4660409912467,shared_2l_dec_tail
3374,4.810946062207222,0.34758890978991985,4.357618046924472,shared_2l_dec_tail
3375,4.9152199644595385,0.3489030059427023,4.45907493121922,shared_2l_dec_tail
3376,4.819666035473347,0.3398261032998562,4.373954841867089,shared_2l_dec_tail
3377,4.94225206784904,0.33632200211286545,4.497589077800512,shared_2l_dec_tail
3378,4.912132862955332,0.34318515099585056,4.462096840143204,shared_2l_dec_tail
3379,4.8994580283761024,0.34666690044105053,4.4464790262281895,shared_2l_dec_tail
3380,4.9207068514078856,0.34443382173776627,4.4688021298497915,shared_2l_dec_tail
3381,5.493748001754284,0.7667450699955225,4.60729212500155,shared_2l_dec_tail
3382,4.865878028795123,0.34611206501722336,4.412635928019881,shared_2l_dec_tail
3383,4.937960999086499,0.34539797343313694,4.486700985580683,shared_2l_dec_tail
3384,4.868682008236647,0.3411660436540842,4.420021083205938,shared_2l_dec_tail
3385,4.939042031764984,0.33904588781297207,4.494047025218606,shared_2l_dec_tail
3386,4.856994841247797,0.3403499722480774,4.408572101965547,shared_2l_dec_tail
3387,4.930551163852215,0.35095284692943096,4.473010078072548,shared_2l_dec_tail
3388,4.911330062896013,0.3436370752751827,4.461535951122642,shared_2l_dec_tail
3389,4.847959848120809,0.34949416294693947,4.392498871311545,shared_2l_dec_tail
3390,4.928509006276727,0.3498948644846678,4.469407023862004,shared_2l_dec_tail
3391,4.940970102325082,0.35304808989167213,4.4833640567958355,shared_2l_dec_tail
3392,4.855928011238575,0.3467579372227192,4.402338061481714,shared_2l_dec_tail
3393,4.91893314756453,0.34258910454809666,4.470201907679439,shared_2l_dec_tail
3394,4.939287900924683,0.34721498377621174,4.48659504763782,shared_2l_dec_tail
3395,4.848906071856618,0.3439390566200018,4.398494027554989,shared_2l_dec_tail
3396,4.91930590942502,0.33903587609529495,4.475383087992668,shared_2l_dec_tail
3397,5.511489929631352,0.7767870556563139,4.613493103533983,shared_2l_dec_tail
3398,4.94542601518333,0.3518161829560995,4.486027872189879,shared_2l_dec_tail
3399,4.97843511402607,0.35229302011430264,4.518371075391769,shared_2l_dec_tail
3400,4.91828890517354,0.3470219671726227,4.464087076485157,shared_2l_dec_tail
3401,4.846493946388364,0.33988989889621735,4.401623038575053,shared_2l_dec_tail
3402,4.947077948600054,0.33793202601373196,4.503847099840641,shared_2l_dec_tail
3403,4.855992970988154,0.34023099578917027,4.409098997712135,shared_2l_dec_tail
3404,4.950145026668906,0.3439339343458414,4.500705981627107,shared_2l_dec_tail
3405,4.922854946926236,0.3381590358912945,4.477011039853096,shared_2l_dec_tail
3406,4.837833112105727,0.33956393599510193,4.390639951452613,shared_2l_dec_tail
3407,4.9129941035062075,0.343741150572896,4.462165990844369,shared_2l_dec_tail
3408,4.888900090008974,0.34921010956168175,4.433783935382962,shared_2l_dec_tail
3409,4.906413145363331,0.35196496173739433,4.446276929229498,shared_2l_dec_tail
3410,4.941032966598868,0.3498049918562174,4.483696073293686,shared_2l_dec_tail
3411,4.856185056269169,0.34433696419000626,4.406036110594869,shared_2l_dec_tail
3412,4.923139000311494,0.3417409025132656,4.475651076063514,shared_2l_dec_tail
3413,5.551991052925587,0.7772077806293964,4.649280104786158,shared_2l_dec_tail
3414,4.898570012301207,0.3542650956660509,4.4364919885993,shared_2l_dec_tail
3415,4.956827033311129,0.3568669781088829,4.493189975619316,shared_2l_dec_tail
3416,4.876141902059317,0.3499900922179222,4.418487893417478,shared_2l_dec_tail
3417,4.928568843752146,0.35129301249980927,4.472782136872411,shared_2l_dec_tail
3418,4.820460919290781,0.34936913289129734,4.363317042589188,shared_2l_dec_tail
3419,4.9154809676110744,0.34337188117206097,4.466877086088061,shared_2l_dec_tail
3420,4.806141136214137,0.3415748942643404,4.358885111287236,shared_2l_dec_tail
3421,4.924095934256911,0.338908052071929,4.47893887758255,shared_2l_dec_tail
3422,4.838586784899235,0.34214300103485584,4.393798066303134,shared_2l_dec_tail
3423,4.934943979606032,0.34353812225162983,4.484414821490645,shared_2l_dec_tail
3424,4.8874299973249435,0.3444019239395857,4.436429124325514,shared_2l_dec_tail
3425,4.84244991093874,0.35722297616302967,4.379339050501585,shared_2l_dec_tail
3426,4.908922128379345,0.3521221224218607,4.449772881343961,shared_2l_dec_tail
3427,4.852333106100559,0.3480031155049801,4.396072821691632,shared_2l_dec_tail
3428,4.940754966810346,0.34118397161364555,4.492817912250757,shared_2l_dec_tail
3429,5.501006031408906,0.7847549859434366,4.595881095156074,shared_2l_dec_tail
3430,4.93812607601285,0.35702879540622234,4.4720901641994715,shared_2l_dec_tail
3431,4.887490067631006,0.3479889128357172,4.4312800746411085,shared_2l_dec_tail
3432,4.876570077612996,0.35304692573845387,4.416092997416854,shared_2l_dec_tail
3433,4.8480581026524305,0.3507179208099842,4.390812013298273,shared_2l_dec_tail
3434,4.917055135592818,0.34511205740273,4.465858917683363,shared_2l_dec_tail
3435,4.927649861201644,0.34173205494880676,4.4790711253881454,shared_2l_dec_tail
3436,4.921130137518048,0.34452183172106743,4.469724139198661,shared_2l_dec_tail
3437,4.8291191924363375,0.3407420590519905,4.382017999887466,shared_2l_dec_tail
3438,4.884304944425821,0.34097698517143726,4.438938107341528,shared_2l_dec_tail
3439,4.921693122014403,0.3419669810682535,4.471804015338421,shared_2l_dec_tail
3440,4.891326883807778,0.34588691778481007,4.432393936440349,shared_2l_dec_tail
3441,4.9282710533589125,0.3510839305818081,4.470737185329199,shared_2l_dec_tail
3442,4.9223569221794605,0.35379407927393913,4.4625080190598965,shared_2l_dec_tail
3443,4.831266822293401,0.35271095111966133,4.371606046333909,shared_2l_dec_tail
3444,4.892441909760237,0.34240097738802433,4.444686928763986,shared_2l_dec_tail
3445,5.528059089556336,0.7894120644778013,4.61379112675786,shared_2l_dec_tail
3446,4.882358945906162,0.34797494299709797,4.4257070403546095,shared_2l_dec_tail
3447,4.9693400505930185,0.35358103923499584,4.507970996201038,shared_2l_dec_tail
3448,4.87318797968328,0.3560311160981655,4.410923924297094,shared_2l_dec_tail
3449,4.983583930879831,0.357768964022398,4.519403912127018,shared_2l_dec_tail
3450,4.885957110673189,0.3504031337797642,4.427396925166249,shared_2l_dec_tail
3451,4.896445898339152,0.350788002833724,4.438897129148245,shared_2l_dec_tail
3452,4.803660092875361,0.341848935931921,4.355679033324122,shared_2l_dec_tail
3453,4.956469871103764,0.34708110615611076,4.502213094383478,shared_2l_dec_tail
3454,4.820201080292463,0.341478968039155,4.372311988845468,shared_2l_dec_tail
3455,4.881289089098573,0.3446699120104313,4.429518012329936,shared_2l_dec_tail
3456,4.944113083183765,0.3451649099588394,4.491819068789482,shared_2l_dec_tail
3457,4.927580943331122,0.3431010991334915,4.473167937248945,shared_2l_dec_tail
3458,4.8335210885852575,0.3510410897433758,4.375749966129661,shared_2l_dec_tail
3459,4.951412091031671,0.3554180730134249,4.489775979891419,shared_2l_dec_tail
3460,4.870708100497723,0.35348604433238506,4.412082955241203,shared_2l_dec_tail
3461,5.50818582996726,0.7792131509631872,4.6107720118016005,shared_2l_dec_tail
3462,4.939055070281029,0.3482280299067497,4.486121004447341,shared_2l_dec_tail
3463,4.863729001954198,0.3466079942882061,4.409660119563341,shared_2l_dec_tail
3464,4.933757008984685,0.35297591239213943,4.474696004763246,shared_2l_dec_tail
3465,4.867603071033955,0.3526778891682625,4.407600034028292,shared_2l_dec_tail
3466,4.931943956762552,0.35604205913841724,4.470749059692025,shared_2l_dec_tail
3467,4.949518013745546,0.3466489724814892,4.497706890106201,shared_2l_dec_tail
3468,4.919865867123008,0.355039956048131,4.45807003416121,shared_2l_dec_tail
3469,4.874696023762226,0.3474790137261152,4.4204299338161945,shared_2l_dec_tail
3470,4.926545079797506,0.34245988354086876,4.476031055673957,shared_2l_dec_tail
3471,4.8546940088272095,0.34358096309006214,4.404067061841488,shared_2l_dec_tail
3472,4.936028970405459,0.3488960210233927,4.479506053030491,shared_2l_dec_tail
3473,4.9282091204077005,0.3404391463845968,4.482218995690346,shared_2l_dec_tail
3474,4.813453182578087,0.3427190240472555,4.3627130798995495,shared_2l_dec_tail
3475,4.896829137578607,0.34411693923175335,4.44498797878623,shared_2l_dec_tail
3476,4.842856898903847,0.3493779804557562,4.387237131595612,shared_2l_dec_tail
3477,5.508603062480688,0.7715958636254072,4.616536200046539,shared_2l_dec_tail
3478,4.923288943246007,0.34353299997746944,4.473516019061208,shared_2l_dec_tail
3479,4.847135860472918,0.34022494219243526,4.39988006837666,shared_2l_dec_tail
3480,4.8922880087047815,0.34230295568704605,4.445193102583289,shared_2l_dec_tail
3481,4.957674071192741,0.35096006467938423,4.499685950577259,shared_2l_dec_tail
3482,4.871092038229108,0.35004480741918087,4.413569113239646,shared_2l_dec_tail
3483,4.864639136940241,0.35508093424141407,4.402776015922427,shared_2l_dec_tail
3484,4.88603301346302,0.3432850353419781,4.435173934325576,shared_2l_dec_tail
3485,4.889687057584524,0.34508784301579,4.437966970726848,shared_2l_dec_tail
3486,4.9208831042051315,0.345578882843256,4.467527149245143,shared_2l_dec_tail
3487,4.868929041549563,0.3427090123295784,4.417782882228494,shared_2l_dec_tail
3488,4.928871989250183,0.3448091447353363,4.47764596901834,shared_2l_dec_tail
3489,4.890173906460404,0.3470340743660927,4.431830951943994,shared_2l_dec_tail
3490,4.9189620185643435,0.3423818852752447,4.470788175240159,shared_2l_dec_tail
3491,4.929243121296167,0.3471469972282648,4.47600893676281,shared_2l_dec_tail
3492,4.843286005780101,0.34882593899965286,4.3878150172531605,shared_2l_dec_tail
3493,5.519113037735224,0.779320951551199,4.620303167030215,shared_2l_dec_tail
3494,4.931797971948981,0.34983200021088123,4.474874818697572,shared_2l_dec_tail
3495,4.888016963377595,0.3449020441621542,4.434878937900066,shared_2l_dec_tail
3496,4.923369036987424,0.34805084578692913,4.461865173652768,shared_2l_dec_tail
3497,4.866315051913261,0.3440040163695812,4.416668089106679,shared_2l_dec_tail
3498,4.867310170084238,0.35449909046292305,4.4054880272597075,shared_2l_dec_tail
3499,4.935583099722862,0.3551831468939781,4.474606830626726,shared_2l_dec_tail
3500,4.941467894241214,0.35459897480905056,4.481196869164705,shared_2l_dec_tail
3501,4.922777879983187,0.35102502442896366,4.465373000130057,shared_2l_dec_tail
3502,4.862610017880797,0.3444280009716749,4.411431960761547,shared_2l_dec_tail
3503,4.959688987582922,0.34122192300856113,4.5118071138858795,shared_2l_dec_tail
3504,4.912967095151544,0.34203287214040756,4.4657031539827585,shared_2l_dec_tail
3505,4.858807194977999,0.3418419510126114,4.409658024087548,shared_2l_dec_tail
3506,4.92117996327579,0.3380959387868643,4.477988928556442,shared_2l_dec_tail
3507,4.866112023591995,0.34055509604513645,4.412909038364887,shared_2l_dec_tail
3508,4.792419960722327,0.34482497721910477,4.342038184404373,shared_2l_dec_tail
3509,5.542998900637031,0.77816192060709,4.64381487108767,shared_2l_dec_tail
3510,4.845103016123176,0.34985714592039585,4.387232940644026,shared_2l_dec_tail
3511,4.87704505212605,0.3434589598327875,4.426958039402962,shared_2l_dec_tail
3512,4.887833958491683,0.350679038092494,4.431052831932902,shared_2l_dec_tail
3513,4.869996104389429,0.34887203946709633,4.416511859744787,shared_2l_dec_tail
3514,4.818888148292899,0.35775802098214626,4.356015007942915,shared_2l_dec_tail
3515,4.91989403963089,0.35391608253121376,4.459312884137034,shared_2l_dec_tail
3516,4.8231929540634155,0.34638005308806896,4.370887065306306,shared_2l_dec_tail
3517,4.928065929561853,0.3426049370318651,4.478903021663427,shared_2l_dec_tail
3518,4.8467309679836035,0.3480110317468643,4.390650894492865,shared_2l_dec_tail
3519,4.947072127833962,0.34205708652734756,4.49841795489192,shared_2l_dec_tail
3520,4.853909136727452,0.3489530645310879,4.401060985401273,shared_2l_dec_tail
3521,4.952140152454376,0.3451609518378973,4.494557157158852,shared_2l_dec_tail
3522,4.85802604816854,0.3460319712758064,4.405458923429251,shared_2l_dec_tail
3523,4.944537067785859,0.35202503204345703,4.486168967559934,shared_2l_dec_tail
3524,4.8970568459481,0.3539980389177799,4.436291055753827,shared_2l_dec_tail
3525,7.808109978213906,3.0279678758233786,4.659414058551192,shared_2l_dec_tail
3526,4.9149279948323965,0.3546189982444048,4.452266031876206,shared_2l_dec_tail
3527,4.890779964625835,0.34615304321050644,4.436126910150051,shared_2l_dec_tail
3528,4.91614593192935,0.34641288220882416,4.462151089683175,shared_2l_dec_tail
3529,4.952496150508523,0.3472620155662298,4.499193979427218,shared_2l_dec_tail
3530,4.886130103841424,0.34669414162635803,4.432331072166562,shared_2l_dec_tail
3531,4.903184017166495,0.34386804327368736,4.454338923096657,shared_2l_dec_tail
3532,4.895153921097517,0.34379493445158005,4.444682039320469,shared_2l_dec_tail
3533,4.950885195285082,0.34940498881042004,4.495403962209821,shared_2l_dec_tail
3534,4.835573956370354,0.34955888986587524,4.378231009468436,shared_2l_dec_tail
3535,4.951514070853591,0.3531707916408777,4.492245148867369,shared_2l_dec_tail
3536,4.87827998585999,0.3494410775601864,4.422487923875451,shared_2l_dec_tail
3537,4.867776995524764,0.3445330075919628,4.416886949911714,shared_2l_dec_tail
3538,4.8956600949168205,0.34229387529194355,4.446878097951412,shared_2l_dec_tail
3539,4.843142116442323,0.340108061209321,4.398315912112594,shared_2l_dec_tail
3540,4.875682992860675,0.34823501482605934,4.419486038386822,shared_2l_dec_tail
3541,5.425081122666597,0.7704431191086769,4.533602856099606,shared_2l_dec_tail
3542,4.929237999022007,0.3451230004429817,4.476298112422228,shared_2l_dec_tail
3543,4.872277844697237,0.3444058820605278,4.4201340060681105,shared_2l_dec_tail
3544,4.9133270513266325,0.342970946803689,4.464401165023446,shared_2l_dec_tail
3545,4.855673993006349,0.3428149502724409,4.40418696962297,shared_2l_dec_tail
3546,4.920089850202203,0.35345088690519333,4.463103134185076,shared_2l_dec_tail
3547,4.902412882074714,0.3427509218454361,4.452955909073353,shared_2l_dec_tail
3548,4.930051974952221,0.35031605511903763,4.472302971407771,shared_2l_dec_tail
3549,4.916748963296413,0.3513782285153866,4.4594439677894115,shared_2l_dec_tail
3550,4.813425010070205,0.3542988561093807,4.352976102381945,shared_2l_dec_tail
3551,4.9224658869206905,0.35486393608152866,4.46153711527586,shared_2l_dec_tail
3552,4.910560790449381,0.34739403054118156,4.45594685152173,shared_2l_dec_tail
3553,4.85337502323091,0.34887390211224556,4.398892167955637,shared_2l_dec_tail
3554,4.882612032815814,0.34702406264841557,4.4299650471657515,shared_2l_dec_tail
3555,4.841533023864031,0.34715281799435616,4.388279980048537,shared_2l_dec_tail
3556,4.7489129938185215,0.34108711406588554,4.30218200199306,shared_2l_dec_tail
3557,5.524331005290151,0.7792219985276461,4.623318091034889,shared_2l_dec_tail
3558,4.9328620079904795,0.35333912819623947,4.472522996366024,shared_2l_dec_tail
3559,4.8750529531389475,0.3488061483949423,4.414796829223633,shared_2l_dec_tail
3560,4.88611008040607,0.34314580261707306,4.434398142620921,shared_2l_dec_tail
3561,4.899116000160575,0.3483169712126255,4.439173964783549,shared_2l_dec_tail
3562,4.793629981577396,0.34385803155601025,4.345532041043043,shared_2l_dec_tail
3563,4.899953026324511,0.3538851160556078,4.441018914803863,shared_2l_dec_tail
3564,4.829190904274583,0.35352003760635853,4.368204157799482,shared_2l_dec_tail
3565,4.8838460352271795,0.3461800515651703,4.432068904861808,shared_2l_dec_tail
3566,4.854940809309483,0.34535303711891174,4.404708975926042,shared_2l_dec_tail
3567,4.931841976940632,0.34055206924676895,4.485125886276364,shared_2l_dec_tail
3568,4.863385111093521,0.3432671073824167,4.413836868479848,shared_2l_dec_tail
3569,4.846501164138317,0.3524420317262411,4.387401044368744,shared_2l_dec_tail
3570,4.845821997150779,0.35610306076705456,4.383422899991274,shared_2l_dec_tail
3571,4.931134870275855,0.35104900598526,4.473928827792406,shared_2l_dec_tail
3572,4.821306094527245,0.35153189674019814,4.362449049949646,shared_2l_dec_tail
3573,5.485080881044269,0.7758168503642082,4.591971170157194,shared_2l_dec_tail
3574,4.944301908835769,0.34737098030745983,4.485305165871978,shared_2l_dec_tail
3575,4.88280295394361,0.34607015550136566,4.427966894581914,shared_2l_dec_tail
3576,4.933682968840003,0.35484484396874905,4.474111134186387,shared_2l_dec_tail
3577,4.851561971008778,0.34888205118477345,4.395067924633622,shared_2l_dec_tail
3578,4.956468008458614,0.3560199402272701,4.492876119911671,shared_2l_dec_tail
3579,4.894527141004801,0.3481220919638872,4.439639858901501,shared_2l_dec_tail
3580,4.81966813094914,0.35267905332148075,4.361207829788327,shared_2l_dec_tail
3581,4.826275864616036,0.3439758438616991,4.37701609916985,shared_2l_dec_tail
3582,4.882198059931397,0.3422950394451618,4.433230962604284,shared_2l_dec_tail
3583,4.843647126108408,0.34557702019810677,4.393073031678796,shared_2l_dec_tail
3584,4.872368881478906,0.3491130191832781,4.415544914081693,shared_2l_dec_tail
3585,4.8990941140800714,0.34958100877702236,4.442918812856078,shared_2l_dec_tail
3586,4.820212023332715,0.3585468512028456,4.355271114036441,shared_2l_dec_tail
3587,4.907544003799558,0.34605199471116066,4.4543149415403605,shared_2l_dec_tail
3588,4.811858991160989,0.3451190423220396,4.360225051641464,shared_2l_dec_tail
3589,5.514231976121664,0.7793758995831013,4.613647935912013,shared_2l_dec_tail
3590,4.958458011969924,0.35492214374244213,4.4961608946323395,shared_2l_dec_tail
3591,4.9556170124560595,0.3578930627554655,4.489819053560495,shared_2l_dec_tail
3592,4.882029024884105,0.3532220143824816,4.421866964548826,shared_2l_dec_tail
3593,4.853551974520087,0.35329489037394524,4.393870942294598,shared_2l_dec_tail
3594,4.908292088657618,0.35133701749145985,4.449089057743549,shared_2l_dec_tail
3595,4.848461132496595,0.34419307485222816,4.398890072479844,shared_2l_dec_tail
3596,4.90359403192997,0.34889811649918556,4.4487169943749905,shared_2l_dec_tail
3597,4.839954897761345,0.34619588404893875,4.386588931083679,shared_2l_dec_tail
3598,4.844263894483447,0.3425478935241699,4.396069096401334,shared_2l_dec_tail
3599,4.851575940847397,0.3476501442492008,4.397979937493801,shared_2l_dec_tail
3600,4.946607863530517,0.3614348825067282,4.4789130333811045,shared_2l_dec_tail
3601,4.94576315395534,0.3496529534459114,4.488172009587288,shared_2l_dec_tail
3602,4.829457961022854,0.3488599322736263,4.37386310659349,shared_2l_dec_tail
3603,4.9005430191755295,0.3481160383671522,4.44650580175221,shared_2l_dec_tail
3604,4.822552902624011,0.34877192229032516,4.366751993075013,shared_2l_dec_tail
3605,5.498920101672411,0.7837021257728338,4.593796096742153,shared_2l_dec_tail
3606,4.947094013914466,0.35710097290575504,4.483282100409269,shared_2l_dec_tail
3607,4.8324051313102245,0.3529069945216179,4.374732030555606,shared_2l_dec_tail
3608,4.808042896911502,0.34352601505815983,4.357262048870325,shared_2l_dec_tail
3609,4.902791930362582,0.3434570971876383,4.451527958735824,shared_2l_dec_tail
3610,4.899471066892147,0.34832884557545185,4.442874109372497,shared_2l_dec_tail
3611,4.9304598942399025,0.3447001799941063,4.47554187849164,shared_2l_dec_tail
3612,4.873897880315781,0.34519005566835403,4.423110047355294,shared_2l_dec_tail
3613,4.838580964133143,0.35694707185029984,4.377424018457532,shared_2l_dec_tail
3614,4.9208360724151134,0.3579738549888134,4.4560430105775595,shared_2l_dec_tail
3615,4.884126130491495,0.35586394369602203,4.422197118401527,shared_2l_dec_tail
3616,4.897895036265254,0.3587738610804081,4.43289102986455,shared_2l_dec_tail
3617,4.823463968932629,0.3426959738135338,4.374529933556914,shared_2l_dec_tail
3618,4.80997608974576,0.3449339419603348,4.360442981123924,shared_2l_dec_tail
3619,4.881658125668764,0.34604105167090893,4.424524027854204,shared_2l_dec_tail
3620,4.81813307851553,0.34119095653295517,4.369606031104922,shared_2l_dec_tail
3621,5.494271172210574,0.7778180297464132,4.597614984959364,shared_2l_dec_tail
3622,4.939505131915212,0.35232584923505783,4.48117614723742,shared_2l_dec_tail
3623,4.856097977608442,0.343499006703496,4.406074993312359,shared_2l_dec_tail
3624,4.934462020173669,0.34576887264847755,4.481955198571086,shared_2l_dec_tail
3625,4.93927882052958,0.3478298895061016,4.485600162297487,shared_2l_dec_tail
3626,4.8585019540041685,0.35001314245164394,4.401393001899123,shared_2l_dec_tail
3627,4.931298084557056,0.36121485754847527,4.463079152628779,shared_2l_dec_tail
3628,4.857200896367431,0.35384204238653183,4.3949768878519535,shared_2l_dec_tail
3629,4.938693949952722,0.3577768802642822,4.474587040022016,shared_2l_dec_tail
3630,4.887141054496169,0.3548541571944952,4.42755501717329,shared_2l_dec_tail
3631,4.867240088060498,0.3450110089033842,4.41513885743916,shared_2l_dec_tail
3632,4.795657005161047,0.3459060098975897,4.344911081716418,shared_2l_dec_tail
3633,4.891094984486699,0.34875795245170593,4.4364361092448235,shared_2l_dec_tail
3634,4.903403809294105,0.3472079988569021,4.444836871698499,shared_2l_dec_tail
3635,4.847300937399268,0.3441029693931341,4.396104020997882,shared_2l_dec_tail
3636,4.922282882034779,0.3521211910992861,4.4629189651459455,shared_2l_dec_tail
3637,5.500610917806625,0.7844800129532814,4.597892053425312,shared_2l_dec_tail
3638,4.961206112056971,0.3537009470164776,4.4993211049586535,shared_2l_dec_tail
3639,4.872007062658668,0.3448768984526396,4.421233898028731,shared_2l_dec_tail
3640,4.927211906760931,0.3477169666439295,4.475028021261096,shared_2l_dec_tail
3641,4.929972114041448,0.3451639786362648,4.4790219981223345,shared_2l_dec_tail
3642,4.865369061008096,0.3496180288493633,4.410024965181947,shared_2l_dec_tail
3643,4.892459139227867,0.3497709985822439,4.436838906258345,shared_2l_dec_tail
3644,4.823959898203611,0.3495370037853718,4.3676982168108225,shared_2l_dec_tail
3645,4.944909131154418,0.35754195414483547,4.479635041207075,shared_2l_dec_tail
3646,4.843277856707573,0.3529528621584177,4.38216095790267,shared_2l_dec_tail
3647,4.950234899297357,0.34529902040958405,4.497006069868803,shared_2l_dec_tail
3648,4.935218021273613,0.34321495331823826,4.485178040340543,shared_2l_dec_tail
3649,4.810920916497707,0.35178917460143566,4.351798910647631,shared_2l_dec_tail
3650,4.907120950520039,0.34462008625268936,4.4554159976542,shared_2l_dec_tail
3651,4.93737799115479,0.35316008143126965,4.472492961212993,shared_2l_dec_tail
3652,4.890267970040441,0.3524229396134615,4.429847002029419,shared_2l_dec_tail
3653,5.543068051338196,0.7703748997300863,4.647385096177459,shared_2l_dec_tail
3654,4.890155978500843,0.3496338613331318,4.43106098100543,shared_2l_dec_tail
3655,4.930491093546152,0.34486292861402035,4.479006165638566,shared_2l_dec_tail
3656,4.956413060426712,0.34621497616171837,4.500773968175054,shared_2l_dec_tail
3657,4.921481013298035,0.3445998299866915,4.4709250796586275,shared_2l_dec_tail
3658,4.839258035644889,0.343595864251256,4.386003129184246,shared_2l_dec_tail
3659,4.876754945144057,0.3499188460409641,4.391757072880864,shared_2l_dec_tail
3660,4.992013098672032,0.3647098783403635,4.512237152084708,shared_2l_dec_tail
3661,4.939923994243145,0.3532199189066887,4.480224102735519,shared_2l_dec_tail
3662,4.866395145654678,0.3506159409880638,4.4095320627093315,shared_2l_dec_tail
3663,4.966237116605043,0.35434914752840996,4.50441800057888,shared_2l_dec_tail
3664,4.956180928274989,0.35945302806794643,4.489380167797208,shared_2l_dec_tail
3665,4.858617903664708,0.353815034031868,4.398104036226869,shared_2l_dec_tail
3666,4.94144600816071,0.34668296575546265,4.487641155719757,shared_2l_dec_tail
3667,4.938763100653887,0.34977798350155354,4.483766155317426,shared_2l_dec_tail
3668,4.855603910982609,0.34588295966386795,4.403044003993273,shared_2l_dec_tail
3669,5.506845889613032,0.7793200202286243,4.60836011916399,shared_2l_dec_tail
3670,4.963946994394064,0.3622090443968773,4.492694977670908,shared_2l_dec_tail
3671,4.979236982762814,0.35739713348448277,4.515314009040594,shared_2l_dec_tail
3672,4.909917013719678,0.3554548602551222,4.446998005732894,shared_2l_dec_tail
3673,4.842260153964162,0.35730493254959583,4.378899931907654,shared_2l_dec_tail
3674,4.905030131340027,0.3528220113366842,4.444490885362029,shared_2l_dec_tail
3675,4.827111028134823,0.3458529245108366,4.374416079372168,shared_2l_dec_tail
3676,4.923228872939944,0.34731696359813213,4.469642881304026,shared_2l_dec_tail
3677,4.834570921957493,0.3438179846853018,4.384631989523768,shared_2l_dec_tail
3678,4.910903982818127,0.34798216074705124,4.451966844499111,shared_2l_dec_tail
3679,4.916283069178462,0.3462310414761305,4.463521996513009,shared_2l_dec_tail
3680,4.831216996535659,0.35530002787709236,4.370920127257705,shared_2l_dec_tail
3681,4.919098922982812,0.35145413130521774,4.461209988221526,shared_2l_dec_tail
3682,4.809051053598523,0.35330490209162235,4.349632188677788,shared_2l_dec_tail
3683,4.9118720926344395,0.344571890309453,4.4623741414397955,shared_2l_dec_tail
3684,4.855654900893569,0.3470189403742552,4.403645172715187,shared_2l_dec_tail
3685,5.471811164170504,0.7795710116624832,4.571286030113697,shared_2l_dec_tail
3686,5.010310094803572,0.36433013156056404,4.537301836535335,shared_2l_dec_tail
3687,4.876348888501525,0.35406602546572685,4.41402499563992,shared_2l_dec_tail
3688,4.933937918394804,0.353936105966568,4.47277701459825,shared_2l_dec_tail
3689,4.878288833424449,0.34343311563134193,4.426880041137338,shared_2l_dec_tail
3690,4.968527937307954,0.3536050207912922,4.506976110860705,shared_2l_dec_tail
3691,4.935662029311061,0.3479879815131426,4.480527015402913,shared_2l_dec_tail
3692,4.83861705288291,0.3494350239634514,4.382571903988719,shared_2l_dec_tail
3693,4.9677640199661255,0.346980057656765,4.51488490216434,shared_2l_dec_tail
3694,4.918982041999698,0.35038404166698456,4.461860982701182,shared_2l_dec_tail
3695,4.861875204369426,0.3428589552640915,4.410248016938567,shared_2l_dec_tail
3696,4.972154973074794,0.34642498940229416,4.513332853093743,shared_2l_dec_tail
3697,4.929834045469761,0.35051791928708553,4.473305074498057,shared_2l_dec_tail
3698,4.903796827420592,0.355052063241601,4.441205877810717,shared_2l_dec_tail
3699,4.843126051127911,0.35768095403909683,4.38024802133441,shared_2l_dec_tail
3700,4.859699169173837,0.35163690336048603,4.401887999847531,shared_2l_dec_tail
3701,5.527784815058112,0.7823670748621225,4.620756022632122,shared_2l_dec_tail
3702,4.952099872753024,0.35474495962262154,4.492445150390267,shared_2l_dec_tail
3703,4.896547179669142,0.3447551280260086,4.444235935807228,shared_2l_dec_tail
3704,4.857007879763842,0.3523239865899086,4.397013923153281,shared_2l_dec_tail
3705,4.932434996590018,0.35903695970773697,4.466337151825428,shared_2l_dec_tail
3706,4.833047976717353,0.3573349677026272,4.369982052594423,shared_2l_dec_tail
3707,4.963157000020146,0.347732100635767,4.5098180416971445,shared_2l_dec_tail
3708,4.904945846647024,0.34845503978431225,4.451649030670524,shared_2l_dec_tail
3709,4.832406993955374,0.35561504773795605,4.371542949229479,shared_2l_dec_tail
3710,4.90759196691215,0.3522108308970928,4.449550993740559,shared_2l_dec_tail
3711,4.825017182156444,0.34593697637319565,4.369230009615421,shared_2l_dec_tail
3712,4.879297921434045,0.3470098599791527,4.4278500135988,shared_2l_dec_tail
3713,4.832376027479768,0.3540350589901209,4.371999995782971,shared_2l_dec_tail
3714,4.8268388491123915,0.3548671957105398,4.364856984466314,shared_2l_dec_tail
3715,4.871478071436286,0.3564420621842146,4.40666894428432,shared_2l_dec_tail
3716,4.834430990740657,0.35081105306744576,4.377338103950024,shared_2l_dec_tail
3717,5.5356561206281185,0.7868080865591764,4.628012888133526,shared_2l_dec_tail
3718,4.960933001711965,0.3556299488991499,4.498421913012862,shared_2l_dec_tail
3719,4.873665049672127,0.3572360146790743,4.409851040691137,shared_2l_dec_tail
3720,4.860395798459649,0.3611920401453972,4.391852067783475,shared_2l_dec_tail
3721,4.942775005474687,0.34753489308059216,4.485761979594827,shared_2l_dec_tail
3722,4.903391003608704,0.34882104955613613,4.447149112820625,shared_2l_dec_tail
3723,4.8267890233546495,0.3483118489384651,4.372243070974946,shared_2l_dec_tail
3724,4.927283152937889,0.3544159699231386,4.4658188708126545,shared_2l_dec_tail
3725,4.918721038848162,0.35205110907554626,4.458618815988302,shared_2l_dec_tail
3726,4.920349922031164,0.3477649297565222,4.463779041543603,shared_2l_dec_tail
3727,4.896144848316908,0.35143294371664524,4.4380121398717165,shared_2l_dec_tail
3728,4.807158140465617,0.3522648476064205,4.348925082013011,shared_2l_dec_tail
3729,4.933102987706661,0.35775406286120415,4.468452883884311,shared_2l_dec_tail
3730,4.9203080125153065,0.3626591060310602,4.450890002772212,shared_2l_dec_tail
3731,4.854953847825527,0.34994306042790413,4.399180877953768,shared_2l_dec_tail
3732,4.911127034574747,0.3495339769870043,4.455195041373372,shared_2l_dec_tail
3733,5.4443879052996635,0.7816201541572809,4.542467882856727,shared_2l_dec_tail
3734,4.901407053694129,0.3617249894887209,4.431959008798003,shared_2l_dec_tail
3735,4.844493931159377,0.36213500425219536,4.375331103801727,shared_2l_dec_tail
3736,4.920290084555745,0.3641410730779171,4.449310014024377,shared_2l_dec_tail
3737,4.858238156884909,0.3484881017357111,4.402579041197896,shared_2l_dec_tail
3738,4.951630020514131,0.3517591394484043,4.491655854508281,shared_2l_dec_tail
3739,4.832263104617596,0.35054516047239304,4.37475903891027,shared_2l_dec_tail
3740,4.920771112665534,0.3499679733067751,4.464447032660246,shared_2l_dec_tail
3741,4.895583959296346,0.3490559756755829,4.436129005625844,shared_2l_dec_tail
3742,4.821076989173889,0.3498038277029991,4.3647990096360445,shared_2l_dec_tail
3743,4.884589929133654,0.3599780611693859,4.4185391161590815,shared_2l_dec_tail
3744,4.925615852698684,0.3581680357456207,4.461172968149185,shared_2l_dec_tail
3745,4.851991077885032,0.36143907345831394,4.38312697224319,shared_2l_dec_tail
3746,4.909086041152477,0.3522159531712532,4.4490869622677565,shared_2l_dec_tail
3747,4.861454013735056,0.34776306711137295,4.407753003761172,shared_2l_dec_tail
3748,4.932485055178404,0.35132584162056446,4.475756082683802,shared_2l_dec_tail
3749,5.475784884765744,0.7934418972581625,4.562939051538706,shared_2l_dec_tail
3750,4.959461046382785,0.36448915489017963,4.4888758566230536,shared_2l_dec_tail
3751,4.890803014859557,0.36427611485123634,4.4210730120539665,shared_2l_dec_tail
3752,4.965138155966997,0.36217994056642056,4.495826084166765,shared_2l_dec_tail
3753,4.9137871246784925,0.3596360329538584,4.447998944669962,shared_2l_dec_tail
3754,4.894952988252044,0.3592479042708874,4.4268721248954535,shared_2l_dec_tail
3755,4.840675042942166,0.35031302832067013,4.384153056889772,shared_2l_dec_tail
3756,4.8710310366004705,0.3482589963823557,4.416874144226313,shared_2l_dec_tail
3757,4.922223975881934,0.34619495272636414,4.470834042876959,shared_2l_dec_tail
3758,4.856230923905969,0.35068090073764324,4.398915218189359,shared_2l_dec_tail
3759,4.876783117651939,0.3545130603015423,4.4154510833323,shared_2l_dec_tail
3760,4.910050891339779,0.35740784369409084,4.446539096534252,shared_2l_dec_tail
3761,4.884851863607764,0.3624139353632927,4.415092058479786,shared_2l_dec_tail
3762,4.9475079867988825,0.35845604725182056,4.480632022023201,shared_2l_dec_tail
3763,4.896586062386632,0.34979707561433315,4.440427059307694,shared_2l_dec_tail
3764,4.951494047418237,0.3523880150169134,4.49157296679914,shared_2l_dec_tail
3765,5.5303259287029505,0.7939350325614214,4.612132906913757,shared_2l_dec_tail
3766,4.927037050947547,0.36058807745575905,4.46004094555974,shared_2l_dec_tail
3767,4.9008450005203485,0.3546178340911865,4.440059186890721,shared_2l_dec_tail
3768,4.868782125413418,0.36080903373658657,4.401745041832328,shared_2l_dec_tail
3769,4.926358116790652,0.3609380219131708,4.457009956240654,shared_2l_dec_tail
3770,4.824956879019737,0.35728211514651775,4.361344967037439,shared_2l_dec_tail
3771,4.9106578808277845,0.346439890563488,4.45775012485683,shared_2l_dec_tail
3772,4.909420153126121,0.34959614276885986,4.454734036698937,shared_2l_dec_tail
3773,4.874452017247677,0.351151917129755,4.4161940459162,shared_2l_dec_tail
3774,4.915771074593067,0.3544781357049942,4.45560785010457,shared_2l_dec_tail
3775,4.849124001339078,0.3538208547979593,4.389521200209856,shared_2l_dec_tail
3776,4.940566839650273,0.3508799709379673,4.481683019548655,shared_2l_dec_tail
3777,4.829307086765766,0.35518291406333447,4.3699920643121,shared_2l_dec_tail
3778,4.901268053799868,0.3618940245360136,4.432718968018889,shared_2l_dec_tail
3779,4.884255118668079,0.35749305970966816,4.419240867719054,shared_2l_dec_tail
3780,4.9394851084798574,0.3514159470796585,4.480703035369515,shared_2l_dec_tail
3781,5.49486605450511,0.7992167957127094,4.570093005895615,shared_2l_dec_tail
3782,4.949420923367143,0.3563491627573967,4.485212964937091,shared_2l_dec_tail
3783,4.872157936915755,0.35329884849488735,4.407386062666774,shared_2l_dec_tail
3784,4.933106014505029,0.3620111383497715,4.463995806872845,shared_2l_dec_tail
3785,4.892389988526702,0.3615492023527622,4.424382001161575,shared_2l_dec_tail
3786,4.911808995530009,0.35690702497959137,4.447452956810594,shared_2l_dec_tail
3787,4.9068049993366,0.35386206582188606,4.444896942004561,shared_2l_dec_tail
3788,4.916985984891653,0.3471630625426769,4.464274970814586,shared_2l_dec_tail
3789,4.8394950572401285,0.35212794318795204,4.383363062515855,shared_2l_dec_tail
3790,4.936764016747475,0.3571067936718464,4.473363049328327,shared_2l_dec_tail
3791,4.834513878449798,0.34988904371857643,4.372996045276523,shared_2l_dec_tail
3792,4.901765845716,0.351406866684556,4.443326964974403,shared_2l_dec_tail
3793,4.856477957218885,0.3578108735382557,4.390788031741977,shared_2l_dec_tail
3794,4.946152912452817,0.36373408511281013,4.47242590598762,shared_2l_dec_tail
3795,4.828863078728318,0.35870098508894444,4.364321939647198,shared_2l_dec_tail
3796,4.858365980908275,0.35993405617773533,4.392449976876378,shared_2l_dec_tail
3797,5.405962001532316,0.7928810082376003,4.495060071349144,shared_2l_dec_tail
3798,4.929939983412623,0.3664940595626831,4.455526126548648,shared_2l_dec_tail
3799,4.84269205480814,0.3570718690752983,4.378634039312601,shared_2l_dec_tail
3800,4.904985893517733,0.36037084646523,4.436987219378352,shared_2l_dec_tail
3801,4.8390100710093975,0.35973917692899704,4.374110838398337,shared_2l_dec_tail
3802,4.93918196298182,0.34952210262417793,4.484433913603425,shared_2l_dec_tail
3803,4.878015955910087,0.3519791644066572,4.419408971443772,shared_2l_dec_tail
3804,4.937762161716819,0.35117194056510925,4.4797249138355255,shared_2l_dec_tail
3805,4.90251206792891,0.35539385862648487,4.4403159990906715,shared_2l_dec_tail
3806,4.916756879538298,0.3513139672577381,4.455620888620615,shared_2l_dec_tail
3807,4.847940057516098,0.3435679245740175,4.39700810238719,shared_2l_dec_tail
3808,4.926532041281462,0.357927056029439,4.461763892322779,shared_2l_dec_tail
3809,4.886229056864977,0.361097976565361,4.419616889208555,shared_2l_dec_tail
3810,4.930286901071668,0.36488892510533333,4.458387149497867,shared_2l_dec_tail
3811,4.914107033982873,0.359982019290328,4.446455975994468,shared_2l_dec_tail
3812,4.866142990067601,0.35879993811249733,4.4004288502037525,shared_2l_dec_tail
3813,5.49411098472774,0.7868108805269003,4.586376016959548,shared_2l_dec_tail
3814,4.907235968858004,0.35422202199697495,4.444417078047991,shared_2l_dec_tail
3815,4.876708844676614,0.35885185934603214,4.410305060446262,shared_2l_dec_tail
3816,4.9573080614209175,0.3634989261627197,4.485601093620062,shared_2l_dec_tail
3817,4.906680900603533,0.3593380097299814,4.442040808498859,shared_2l_dec_tail
3818,4.848286043852568,0.35914499312639236,4.384071798995137,shared_2l_dec_tail
3819,4.844241077080369,0.3482010215520859,4.390057874843478,shared_2l_dec_tail
3820,4.896970000118017,0.35138404928147793,4.439892014488578,shared_2l_dec_tail
3821,4.896729020401835,0.3539598546922207,4.437388153746724,shared_2l_dec_tail
3822,4.852222045883536,0.3518429584801197,4.39418014138937,shared_2l_dec_tail
3823,4.895608173683286,0.3500501625239849,4.439137876033783,shared_2l_dec_tail
3824,4.874267149716616,0.3606090322136879,4.40820911899209,shared_2l_dec_tail
3825,4.919224884361029,0.3584860824048519,4.454351030290127,shared_2l_dec_tail
3826,4.821833921596408,0.3563568461686373,4.359952174127102,shared_2l_dec_tail
3827,4.942119121551514,0.348581001162529,4.487748956307769,shared_2l_dec_tail
3828,4.9329830799251795,0.3510601818561554,4.475909983739257,shared_2l_dec_tail
3829,5.537149030715227,0.7930370047688484,4.617548082023859,shared_2l_dec_tail
3830,4.9568950198590755,0.35637407563626766,4.4923878740519285,shared_2l_dec_tail
3831,4.833822138607502,0.35544787533581257,4.372089169919491,shared_2l_dec_tail
3832,4.899473860859871,0.35977200604975224,4.434115951880813,shared_2l_dec_tail
3833,4.852411104366183,0.3597899340093136,4.386601969599724,shared_2l_dec_tail
3834,4.832479869946837,0.3506168723106384,4.37452900223434,shared_2l_dec_tail
3835,4.834864987060428,0.34918892197310925,4.381129052489996,shared_2l_dec_tail
3836,4.895822843536735,0.35759503953158855,4.4319420121610165,shared_2l_dec_tail
3837,4.844885086640716,0.3526278305798769,4.381416132673621,shared_2l_dec_tail
3838,4.86685405485332,0.3572339192032814,4.403596976771951,shared_2l_dec_tail
3839,4.8662039916962385,0.3579698968678713,4.401980899274349,shared_2l_dec_tail
3840,4.9200039356946945,0.3578909672796726,4.455830901861191,shared_2l_dec_tail
3841,4.870806122198701,0.36223698407411575,4.402777878567576,shared_2l_dec_tail
3842,4.896920872852206,0.35012420266866684,4.4393769931048155,shared_2l_dec_tail
3843,4.880052991211414,0.3540809266269207,4.418937023729086,shared_2l_dec_tail
3844,4.898427985608578,0.35156705416738987,4.440681077539921,shared_2l_dec_tail
3845,5.513224983587861,0.7940148934721947,4.597746999934316,shared_2l_dec_tail
3846,4.9387929029762745,0.3661378286778927,4.46296320296824,shared_2l_dec_tail
3847,4.912493051961064,0.3592739813029766,4.44629299454391,shared_2l_dec_tail
3848,4.896498052403331,0.3558001480996609,4.433732945472002,shared_2l_dec_tail
3849,4.847225965932012,0.3493360709398985,4.390079993754625,shared_2l_dec_tail
3850,4.902035929262638,0.35227322950959206,4.441289929673076,shared_2l_dec_tail
3851,4.86826291307807,0.35018008202314377,4.411485977470875,shared_2l_dec_tail
3852,4.798379028216004,0.3535151481628418,4.3384728487581015,shared_2l_dec_tail
3853,4.90358704701066,0.35443203523755074,4.441722063347697,shared_2l_dec_tail
3854,4.852402023971081,0.36378903314471245,4.379956051707268,shared_2l_dec_tail
3855,4.944447195157409,0.3638549242168665,4.474259214475751,shared_2l_dec_tail
3856,4.815045045688748,0.35946699790656567,4.350563045591116,shared_2l_dec_tail
3857,4.8758890479803085,0.35076006315648556,4.419191973283887,shared_2l_dec_tail
3858,4.920086124911904,0.35418709740042686,4.459027899429202,shared_2l_dec_tail
3859,4.832154838368297,0.35043898969888687,4.373617935925722,shared_2l_dec_tail
3860,4.898079903796315,0.36283605732023716,4.4229780323803425,shared_2l_dec_tail
3861,5.504022818058729,0.7879219483584166,4.595034988597035,shared_2l_dec_tail
3862,4.927551141008735,0.36206399090588093,4.457956878468394,shared_2l_dec_tail
3863,4.88331401720643,0.3506219945847988,4.425534047186375,shared_2l_dec_tail
3864,4.93160099722445,0.3524909261614084,4.472702043130994,shared_2l_dec_tail
3865,4.885051166638732,0.3527100197970867,4.424832062795758,shared_2l_dec_tail
3866,4.904717905446887,0.3573440480977297,4.439517855644226,shared_2l_dec_tail
3867,4.914921009913087,0.35271700471639633,4.44974098354578,shared_2l_dec_tail
3868,4.829342011362314,0.3527181688696146,4.370700800791383,shared_2l_dec_tail
3869,4.92814788594842,0.3640321083366871,4.457908915355802,shared_2l_dec_tail
3870,4.831108963117003,0.36104884929955006,4.364892141893506,shared_2l_dec_tail
3871,4.956208867952228,0.35660690627992153,4.4918961357325315,shared_2l_dec_tail
3872,4.875818034633994,0.36202510818839073,4.407819826155901,shared_2l_dec_tail
3873,4.863139940425754,0.3506920766085386,4.407586995512247,shared_2l_dec_tail
3874,4.870344884693623,0.3513169940561056,4.4136501383036375,shared_2l_dec_tail
3875,4.832000005990267,0.35472516901791096,4.370868904516101,shared_2l_dec_tail
3876,4.886817187070847,0.3577771130949259,4.418626893311739,shared_2l_dec_tail
3877,5.505976965650916,0.7885429076850414,4.597563063725829,shared_2l_dec_tail
3878,4.923513857647777,0.3611370921134949,4.45493683218956,shared_2l_dec_tail
3879,4.927559057250619,0.35385903902351856,4.46759513579309,shared_2l_dec_tail
3880,4.898384911939502,0.3567291423678398,4.435485927388072,shared_2l_dec_tail
3881,4.945124965161085,0.35324390046298504,4.485567100346088,shared_2l_dec_tail
3882,4.839522996917367,0.35640690475702286,4.37686312943697,shared_2l_dec_tail
3883,4.934408934786916,0.3525319043546915,4.4751588720828295,shared_2l_dec_tail
3884,4.814454121515155,0.35315402783453465,4.3531490955501795,shared_2l_dec_tail
3885,4.918521968647838,0.35836081951856613,4.452116088941693,shared_2l_dec_tail
3886,4.833186976611614,0.3582339268177748,4.365528002381325,shared_2l_dec_tail
3887,4.920658189803362,0.3584099467843771,4.454934969544411,shared_2l_dec_tail
3888,4.861338995397091,0.35431189462542534,4.401378100737929,shared_2l_dec_tail
3889,4.95287892408669,0.35454309545457363,4.492607899010181,shared_2l_dec_tail
3890,4.822497023269534,0.35454495809972286,4.360730992630124,shared_2l_dec_tail
3891,4.960021935403347,0.35170093178749084,4.500433104112744,shared_2l_dec_tail
3892,4.896578146144748,0.3513351548463106,4.431646782904863,shared_2l_dec_tail
3893,5.513516021892428,0.7771158125251532,4.617178114131093,shared_2l_dec_tail
3894,4.896522033959627,0.35203597508370876,4.437079187482595,shared_2l_dec_tail
3895,4.850732861086726,0.35122595727443695,4.393175011500716,shared_2l_dec_tail
3896,4.928402835503221,0.34915097057819366,4.475391004234552,shared_2l_dec_tail
3897,4.868648946285248,0.353395938873291,4.408597946166992,shared_2l_dec_tail
3898,4.893556935712695,0.3553421702235937,4.428104963153601,shared_2l_dec_tail
3899,4.896404920145869,0.35848794505000114,4.4319359585642815,shared_2l_dec_tail
3900,4.887501941993833,0.3625340759754181,4.418468801304698,shared_2l_dec_tail
3901,4.884213907644153,0.35694194957613945,4.42095915786922,shared_2l_dec_tail
3902,4.853821126744151,0.355773838236928,4.391829017549753,shared_2l_dec_tail
3903,4.960547899827361,0.34964317455887794,4.504503915086389,shared_2l_dec_tail
3904,4.865457769483328,0.35058893263339996,4.410678055137396,shared_2l_dec_tail
3905,4.85008698888123,0.34790695644915104,4.395343130454421,shared_2l_dec_tail
3906,4.863791866227984,0.3507970832288265,4.406326916068792,shared_2l_dec_tail
3907,4.795277025550604,0.34797703847289085,4.341625841334462,shared_2l_dec_tail
3908,4.879059037193656,0.3514341078698635,4.415859002619982,shared_2l_dec_tail
3909,5.547422915697098,0.7946500554680824,4.631920950487256,shared_2l_dec_tail
3910,4.937632009387016,0.3556429874151945,4.475414985790849,shared_2l_dec_tail
3911,4.939836915582418,0.35176496021449566,4.480104893445969,shared_2l_dec_tail
3912,4.926761845126748,0.35411398857831955,4.466471960768104,shared_2l_dec_tail
3913,4.878566134721041,0.35587092861533165,4.416201962158084,shared_2l_dec_tail
3914,4.889877047389746,0.3559328615665436,4.424203187227249,shared_2l_dec_tail
3915,4.955578129738569,0.35037402994930744,4.499133909121156,shared_2l_dec_tail
3916,4.8789349384605885,0.357557088136673,4.41423081792891,shared_2l_dec_tail
3917,4.948009038344026,0.3617138136178255,4.48027509264648,shared_2l_dec_tail
3918,4.893217934295535,0.3605580423027277,4.428055137395859,shared_2l_dec_tail
3919,4.900358850136399,0.36478089168667793,4.42999810911715,shared_2l_dec_tail
3920,4.927170928567648,0.3617608454078436,4.460033029317856,shared_2l_dec_tail
3921,4.940092796459794,0.3584749065339565,4.474428948014975,shared_2l_dec_tail
3922,4.831125028431416,0.35313679836690426,4.371300106868148,shared_2l_dec_tail
3923,4.950653994455934,0.35017100162804127,4.493644926697016,shared_2l_dec_tail
3924,4.84070903621614,0.3516639117151499,4.381807055324316,shared_2l_dec_tail
3925,5.540054989978671,0.7809330709278584,4.637919832020998,shared_2l_dec_tail
3926,4.938313039019704,0.3657490015029907,4.464650060981512,shared_2l_dec_tail
3927,4.8879140522331,0.3623741213232279,4.4181980192661285,shared_2l_dec_tail
3928,4.892202094197273,0.3518909215927124,4.434793023392558,shared_2l_dec_tail
3929,4.92688687518239,0.3554571885615587,4.463622812181711,shared_2l_dec_tail
3930,4.820762202143669,0.3586269449442625,4.354897188022733,shared_2l_dec_tail
3931,4.895477090030909,0.3540371544659138,4.433372989296913,shared_2l_dec_tail
3932,4.909564973786473,0.3552020061761141,4.440529039129615,shared_2l_dec_tail
3933,4.923039115965366,0.3530220128595829,4.464274039492011,shared_2l_dec_tail
3934,4.825386917218566,0.3617899492383003,4.357120022177696,shared_2l_dec_tail
3935,4.938470898196101,0.36268681287765503,4.470075014978647,shared_2l_dec_tail
3936,4.902093904092908,0.3608360420912504,4.434946924448013,shared_2l_dec_tail
3937,4.886867944151163,0.3610369749367237,4.4193260837346315,shared_2l_dec_tail
3938,4.808502970263362,0.3529498353600502,4.34967502951622,shared_2l_dec_tail
3939,4.830598831176758,0.35198917612433434,4.3721438851207495,shared_2l_dec_tail
3940,4.904096946120262,0.3543540369719267,4.442161880433559,shared_2l_dec_tail
3941,5.546501139178872,0.7848839741200209,4.641615087166429,shared_2l_dec_tail
3942,4.968149121850729,0.37112110294401646,4.487361991778016,shared_2l_dec_tail
3943,4.9291190225631,0.3702649846673012,4.451810149475932,shared_2l_dec_tail
3944,4.950345028191805,0.3635259345173836,4.478936083614826,shared_2l_dec_tail
3945,4.8996510449796915,0.35952404141426086,4.4326139613986015,shared_2l_dec_tail
3946,4.844360053539276,0.3582171630114317,4.379824036732316,shared_2l_dec_tail
3947,4.9321039114147425,0.3572360146790743,4.4677178375422955,shared_2l_dec_tail
3948,4.829269135370851,0.35342201590538025,4.365622065961361,shared_2l_dec_tail
3949,4.9544209614396095,0.3558818716555834,4.4846010860055685,shared_2l_dec_tail
3950,4.924348089843988,0.3550511319190264,4.463030956685543,shared_2l_dec_tail
3951,4.955568118020892,0.36116293631494045,4.485358949750662,shared_2l_dec_tail
3952,4.843193106353283,0.3599917981773615,4.376559052616358,shared_2l_dec_tail
3953,4.945371067151427,0.36104186438024044,4.479306982830167,shared_2l_dec_tail
3954,4.85854409635067,0.35940995439887047,4.394437186419964,shared_2l_dec_tail
3955,4.914544988423586,0.3576769959181547,4.450430162250996,shared_2l_dec_tail
3956,4.821025999262929,0.36027422174811363,4.3540517799556255,shared_2l_dec_tail
3957,5.533598829060793,0.7964090909808874,4.617718979716301,shared_2l_dec_tail
3958,4.961573984473944,0.37026708014309406,4.484010860323906,shared_2l_dec_tail
3959,4.886438138782978,0.3635289613157511,4.415374947711825,shared_2l_dec_tail
3960,4.939727019518614,0.35983696579933167,4.47125593200326,shared_2l_dec_tail
3961,4.860887071117759,0.36371219903230667,4.3925519566982985,shared_2l_dec_tail
3962,4.90979989990592,0.35236403346061707,4.450395004823804,shared_2l_dec_tail
3963,4.894162993878126,0.3510378301143646,4.438307136297226,shared_2l_dec_tail
3964,4.887355957180262,0.35287789069116116,4.427537089213729,shared_2l_dec_tail
3965,4.821724956855178,0.3546630032360554,4.3571810238063335,shared_2l_dec_tail
3966,4.917709156870842,0.35614706575870514,4.450082080438733,shared_2l_dec_tail
3967,4.888819996267557,0.35268301144242287,4.429931053891778,shared_2l_dec_tail
3968,4.870445001870394,0.3590600099414587,4.405295941978693,shared_2l_dec_tail
3969,4.874700913205743,0.3627731930464506,4.406926920637488,shared_2l_dec_tail
3970,4.9057400319725275,0.3571270499378443,4.440942779183388,shared_2l_dec_tail
3971,4.870063858106732,0.3501451574265957,4.415876930579543,shared_2l_dec_tail
3972,4.963825922459364,0.3509318921715021,4.5075740199536085,shared_2l_dec_tail
3973,5.5072910618036985,0.7958260830491781,4.590195836499333,shared_2l_dec_tail
3974,5.002243909984827,0.3677760250866413,4.524701973423362,shared_2l_dec_tail
3975,4.890970885753632,0.35838782787323,4.426890984177589,shared_2l_dec_tail
3976,4.935550969094038,0.3618511836975813,4.468418890610337,shared_2l_dec_tail
3977,4.863731097429991,0.36445795558393,4.387370077893138,shared_2l_dec_tail
3978,4.958844045177102,0.3633941523730755,4.488077014684677,shared_2l_dec_tail
3979,4.837794927880168,0.3541999030858278,4.37827012501657,shared_2l_dec_tail
3980,4.9853241071105,0.35203201696276665,4.52567613683641,shared_2l_dec_tail
3981,4.851390141993761,0.3518809098750353,4.394022049382329,shared_2l_dec_tail
3982,4.952765069901943,0.35337801091372967,4.49159718118608,shared_2l_dec_tail
3983,4.8491021152585745,0.35640690475702286,4.385648062452674,shared_2l_dec_tail
3984,4.94795199483633,0.35615800879895687,4.479885101318359,shared_2l_dec_tail
3985,4.847449017688632,0.3564080689102411,4.385713022202253,shared_2l_dec_tail
3986,4.946138011291623,0.3636989276856184,4.4765418861061335,shared_2l_dec_tail
3987,4.84953704290092,0.36554899998009205,4.377127857878804,shared_2l_dec_tail
3988,4.889196949079633,0.3623391967266798,4.418066004291177,shared_2l_dec_tail
3989,5.720764864236116,0.9799099061638117,4.6203110832720995,shared_2l_dec_tail
3990,4.964417079463601,0.36016409285366535,4.494719905778766,shared_2l_dec_tail
3991,4.930064082145691,0.3531170077621937,4.469702951610088,shared_2l_dec_tail
3992,4.896489903330803,0.36283000372350216,4.425053019076586,shared_2l_dec_tail
3993,4.9020592123270035,0.3573440480977297,4.433816997334361,shared_2l_dec_tail
3994,4.891716875135899,0.358126824721694,4.426100058481097,shared_2l_dec_tail
3995,4.886635113507509,0.3502389881759882,4.423921927809715,shared_2l_dec_tail
3996,4.859813954681158,0.3635410685092211,4.389298846945167,shared_2l_dec_tail
3997,4.892425844445825,0.3618909977376461,4.423959879204631,shared_2l_dec_tail
3998,4.858498927205801,0.3540611360222101,4.398209974169731,shared_2l_dec_tail
3999,4.9083109479397535,0.3501470200717449,4.451575921848416,shared_2l_dec_tail
4000,4.9061940517276525,0.3533288836479187,4.448093939572573,shared_2l_dec_tail
4001,4.8820860683918,0.3537300508469343,4.423405043780804,shared_2l_dec_tail
4002,4.830548074096441,0.348478090018034,4.369576927274466,shared_2l_dec_tail
4003,4.863096866756678,0.352668110281229,4.403805825859308,shared_2l_dec_tail
4004,4.883170127868652,0.3612660802900791,4.415473900735378,shared_2l_dec_tail
4005,5.486117908731103,0.7877510506659746,4.57873591221869,shared_2l_dec_tail
4006,4.892758093774319,0.3549570683389902,4.430508939549327,shared_2l_dec_tail
4007,4.899391904473305,0.3567179664969444,4.435401875525713,shared_2l_dec_tail
4008,4.833032144233584,0.3510268870741129,4.3766382150352,shared_2l_dec_tail
4009,4.8681332264095545,0.36382093094289303,4.397697048261762,shared_2l_dec_tail
4010,4.854449070990086,0.3592900466173887,4.387329798191786,shared_2l_dec_tail
4011,4.917379934340715,0.36142487078905106,4.449499072507024,shared_2l_dec_tail
4012,4.887192975729704,0.35394192673265934,4.4256411492824554,shared_2l_dec_tail
4013,4.851161036640406,0.35721599124372005,4.3888750951737165,shared_2l_dec_tail
4014,4.9384580925107,0.35592704080045223,4.476048983633518,shared_2l_dec_tail
4015,4.8789100255817175,0.3558439202606678,4.414618015289307,shared_2l_dec_tail
4016,4.922121996060014,0.3500571474432945,4.463784862309694,shared_2l_dec_tail
4017,4.897702019661665,0.355385011062026,4.433258902281523,shared_2l_dec_tail
4018,4.890212090685964,0.3534178249537945,4.42834896966815,shared_2l_dec_tail
4019,4.957826109603047,0.3787740133702755,4.471958847716451,shared_2l_dec_tail
4020,4.856525920331478,0.3589580301195383,4.390951944515109,shared_2l_dec_tail
4021,5.466620204970241,0.7772298995405436,4.5685130171477795,shared_2l_dec_tail
4022,4.936218028888106,0.35942113026976585,4.46956604719162,shared_2l_dec_tail
4023,4.8378510400652885,0.354250892996788,4.371148068457842,shared_2l_dec_tail
4024,4.864772083237767,0.35998295061290264,4.397907992824912,shared_2l_dec_tail
4025,4.919406026601791,0.3600181080400944,4.452239954844117,shared_2l_dec_tail
4026,4.888239083811641,0.36425795406103134,4.415421048179269,shared_2l_dec_tail
4027,4.896851954981685,0.361747108399868,4.428890999406576,shared_2l_dec_tail
4028,4.927329020574689,0.3547919914126396,4.466274986043572,shared_2l_dec_tail
4029,4.9243520479649305,0.35407207906246185,4.464020021259785,shared_2l_dec_tail
4030,4.859632812440395,0.3515779972076416,4.40094294026494,shared_2l_dec_tail
4031,4.858910106122494,0.3532799892127514,4.400106146931648,shared_2l_dec_tail
4032,4.952428862452507,0.35411003045737743,4.492222098633647,shared_2l_dec_tail
4033,4.917185986414552,0.35843299701809883,4.446981940418482,shared_2l_dec_tail
4034,4.870611941441894,0.35447999835014343,4.4083259999752045,shared_2l_dec_tail
4035,4.852107027545571,0.36491500213742256,4.383095074445009,shared_2l_dec_tail
4036,4.942646948620677,0.3645620308816433,4.471850115805864,shared_2l_dec_tail
4037,5.473605124279857,0.7927250117063522,4.5620440505445,shared_2l_dec_tail
4038,4.940092097967863,0.36030192859470844,4.471431020647287,shared_2l_dec_tail
4039,4.824616014957428,0.35540503449738026,4.362936830148101,shared_2l_dec_tail
4040,4.837458953261375,0.3555167932063341,4.376464057713747,shared_2l_dec_tail
4041,4.913212964311242,0.3625531680881977,4.443021956831217,shared_2l_dec_tail
4042,4.878706997260451,0.36626309156417847,4.403847036883235,shared_2l_dec_tail
4043,4.8111360520124435,0.36666588857769966,4.338586935773492,shared_2l_dec_tail
4044,4.897966980934143,0.361262122169137,4.4296549167484045,shared_2l_dec_tail
4045,4.883991787210107,0.35446789115667343,4.423246020451188,shared_2l_dec_tail
4046,4.94458107277751,0.3581889905035496,4.47920011356473,shared_2l_dec_tail
4047,4.792658844962716,0.3622730728238821,4.327349131926894,shared_2l_dec_tail
4048,4.8994338139891624,0.3546669613569975,4.439241951331496,shared_2l_dec_tail
4049,4.861522000283003,0.36370311863720417,4.392173839733005,shared_2l_dec_tail
4050,4.9127028323709965,0.3672651946544647,4.439094802364707,shared_2l_dec_tail
4051,4.837669897824526,0.3628020640462637,4.368281923234463,shared_2l_dec_tail
4052,4.879876971244812,0.35892706364393234,4.41364012658596,shared_2l_dec_tail
4053,5.39240799844265,0.7935701869428158,4.478472983464599,shared_2l_dec_tail
4054,4.937794059514999,0.3734370693564415,4.45658597163856,shared_2l_dec_tail
4055,4.914785036817193,0.3673501778393984,4.440393997356296,shared_2l_dec_tail
4056,4.861433990299702,0.36415900103747845,4.389874171465635,shared_2l_dec_tail
4057,4.914976889267564,0.3632178995758295,4.445245023816824,shared_2l_dec_tail
4058,4.846508149057627,0.35294308327138424,4.387224093079567,shared_2l_dec_tail
4059,4.924108972772956,0.3544408828020096,4.463949939236045,shared_2l_dec_tail
4060,4.87391697242856,0.3521998878568411,4.416013136506081,shared_2l_dec_tail
4061,4.879058105871081,0.35866303369402885,4.408644046634436,shared_2l_dec_tail
4062,4.935205914080143,0.35716197453439236,4.467144142836332,shared_2l_dec_tail
4063,4.830733872950077,0.35194307565689087,4.374821903184056,shared_2l_dec_tail
4064,4.932773066684604,0.3626369871199131,4.463397897779942,shared_2l_dec_tail
4065,4.824146861210465,0.3632649313658476,4.355862038210034,shared_2l_dec_tail
4066,4.906906047835946,0.3639690112322569,4.435596987605095,shared_2l_dec_tail
4067,4.833530867472291,0.3559989854693413,4.370528971776366,shared_2l_dec_tail
4068,4.8599219880998135,0.3567480016499758,4.395555006340146,shared_2l_dec_tail
4069,5.4633719846606255,0.7780380547046661,4.564446164295077,shared_2l_dec_tail
4070,4.961256170645356,0.35987491719424725,4.49283909983933,shared_2l_dec_tail
4071,4.8761190846562386,0.36622793413698673,4.403044935315847,shared_2l_dec_tail
4072,4.9313209019601345,0.3562038764357567,4.4680379796773195,shared_2l_dec_tail
4073,4.826241172850132,0.3558939788490534,4.363600164651871,shared_2l_dec_tail
4074,4.927358124405146,0.35669305361807346,4.463914083316922,shared_2l_dec_tail
4075,4.836521111428738,0.35636802203953266,4.373657982796431,shared_2l_dec_tail
4076,4.946670960634947,0.3584448713809252,4.4841591734439135,shared_2l_dec_tail
4077,4.901041043922305,0.3616518806666136,4.433945054188371,shared_2l_dec_tail
4078,4.884808091446757,0.35401596687734127,4.415223840624094,shared_2l_dec_tail
4079,4.9360948614776134,0.3693259786814451,4.460368072614074,shared_2l_dec_tail
4080,4.914980847388506,0.3629559651017189,4.444761900231242,shared_2l_dec_tail
4081,4.921759013086557,0.3709618467837572,4.4433739967644215,shared_2l_dec_tail
4082,4.899370949715376,0.35844999365508556,4.434187198057771,shared_2l_dec_tail
4083,4.8504911828786135,0.35683903843164444,4.386473912745714,shared_2l_dec_tail
4084,4.951730137690902,0.35674707032740116,4.48740110732615,shared_2l_dec_tail
4085,5.510352086275816,0.7962682284414768,4.59459493868053,shared_2l_dec_tail
4086,4.964285995811224,0.3724039997905493,4.483589204028249,shared_2l_dec_tail
4087,4.893105011433363,0.36714598536491394,4.420808982104063,shared_2l_dec_tail
4088,4.898310173302889,0.3662069793790579,4.425097955390811,shared_2l_dec_tail
4089,4.879658110439777,0.36051194183528423,4.41346294246614,shared_2l_dec_tail
4090,4.906403133645654,0.3570320550352335,4.442477831616998,shared_2l_dec_tail
4091,4.844408947974443,0.3540490288287401,4.383048042654991,shared_2l_dec_tail
4092,4.90053603425622,0.3590700216591358,4.434507107362151,shared_2l_dec_tail
4093,4.973410861566663,0.35230210050940514,4.515138920396566,shared_2l_dec_tail
4094,4.906089976429939,0.3554760478436947,4.445273894816637,shared_2l_dec_tail
4095,4.820981062948704,0.3530008252710104,4.360598046332598,shared_2l_dec_tail
4096,4.908346105366945,0.361001119017601,4.440739983692765,shared_2l_dec_tail
4097,4.842692986130714,0.3650661092251539,4.373250994831324,shared_2l_dec_tail
4098,4.832632141187787,0.36185397766530514,4.365020198747516,shared_2l_dec_tail
4099,4.8637790605425835,0.3580870106816292,4.401315003633499,shared_2l_dec_tail
4100,4.9260861705988646,0.3598190378397703,4.460843978449702,shared_2l_dec_tail
4101,5.5464820470660925,0.8003448601812124,4.625208210200071,shared_2l_dec_tail
4102,4.959932994097471,0.36737811751663685,4.484801087528467,shared_2l_dec_tail
4103,4.941865103319287,0.36725495010614395,4.468350205570459,shared_2l_dec_tail
4104,4.91508306004107,0.36834506317973137,4.442262928932905,shared_2l_dec_tail
4105,4.905229201540351,0.36272313445806503,4.436013987287879,shared_2l_dec_tail
4106,4.954366013407707,0.3658379428088665,4.481218056753278,shared_2l_dec_tail
4107,4.886351991444826,0.3560618497431278,4.422360099852085,shared_2l_dec_tail
4108,4.871085984632373,0.3539470490068197,4.410760011523962,shared_2l_dec_tail
4109,4.912611097097397,0.3539219032973051,4.451820161193609,shared_2l_dec_tail
4110,4.810880171135068,0.35547814331948757,4.348044982179999,shared_2l_dec_tail
4111,4.939011996611953,0.35504414699971676,4.477609880268574,shared_2l_dec_tail
4112,4.853167105466127,0.3533919807523489,4.395341034978628,shared_2l_dec_tail
4113,4.956737160682678,0.36444514989852905,4.485511919483542,shared_2l_dec_tail
4114,4.900721134617925,0.3633168525993824,4.430403001606464,shared_2l_dec_tail
4115,4.9681589007377625,0.36980793811380863,4.492092877626419,shared_2l_dec_tail
4116,4.835825180634856,0.3645699471235275,4.365639993920922,shared_2l_dec_tail
4117,5.541990045458078,0.7948239799588919,4.625681089237332,shared_2l_dec_tail
4118,4.932324169203639,0.360497971996665,4.464629804715514,shared_2l_dec_tail
4119,4.935132805258036,0.35933288745582104,4.472359083592892,shared_2l_dec_tail
4120,4.84211603179574,0.35624392330646515,4.379686200991273,shared_2l_dec_tail
4121,4.913873039186001,0.36572315730154514,4.442104836925864,shared_2l_dec_tail
4122,4.92007308639586,0.3657899796962738,4.448602208867669,shared_2l_dec_tail
4123,4.988624015823007,0.364246079698205,4.478104878216982,shared_2l_dec_tail
4124,4.987156018614769,0.3763830754905939,4.493023036047816,shared_2l_dec_tail
4125,4.8930831253528595,0.3677629865705967,4.418967058882117,shared_2l_dec_tail
4126,4.926517140120268,0.3659771755337715,4.455009009689093,shared_2l_dec_tail
4127,4.87434514798224,0.36073802039027214,4.404753912240267,shared_2l_dec_tail
4128,4.916482837870717,0.3574909642338753,4.451616900041699,shared_2l_dec_tail
4129,4.872753052040935,0.35687885247170925,4.409282933920622,shared_2l_dec_tail
4130,4.937581019476056,0.3601678181439638,4.471288062632084,shared_2l_dec_tail
4131,4.8816020134836435,0.36407308652997017,4.406455904245377,shared_2l_dec_tail
4132,4.816974978893995,0.3576911985874176,4.352012882009149,shared_2l_dec_tail
4133,5.539610981941223,0.7946889381855726,4.624954191967845,shared_2l_dec_tail
4134,4.962940933182836,0.3585228696465492,4.497164161875844,shared_2l_dec_tail
4135,4.87205502577126,0.3573950380086899,4.405466141179204,shared_2l_dec_tail
4136,4.927086876705289,0.3560769837349653,4.465039819478989,shared_2l_dec_tail
4137,4.966479958966374,0.36040996201336384,4.498813999816775,shared_2l_dec_tail
4138,4.888952011242509,0.359266996383667,4.422473022714257,shared_2l_dec_tail
4139,4.934035008773208,0.35413610748946667,4.474535817280412,shared_2l_dec_tail
4140,4.912548931315541,0.3606120590120554,4.445371916517615,shared_2l_dec_tail
4141,4.864552989602089,0.364196952432394,4.395579220727086,shared_2l_dec_tail
4142,4.935763077810407,0.3645489923655987,4.462905926629901,shared_2l_dec_tail
4143,4.861611174419522,0.3676998894661665,4.387455061078072,shared_2l_dec_tail
4144,4.931113915517926,0.36314595490694046,4.461754113435745,shared_2l_dec_tail
4145,4.854103084653616,0.35440316423773766,4.39324788749218,shared_2l_dec_tail
4146,4.912781063467264,0.35800598561763763,4.448656924068928,shared_2l_dec_tail
4147,4.90409997291863,0.358157092705369,4.438443807885051,shared_2l_dec_tail
4148,4.926797933876514,0.3541510086506605,4.466074053198099,shared_2l_dec_tail
4149,5.514297867193818,0.7944460958242416,4.600594053044915,shared_2l_dec_tail
4150,4.8873270861804485,0.3684060648083687,4.41142707131803,shared_2l_dec_tail
4151,4.944796906784177,0.368078937754035,4.469253122806549,shared_2l_dec_tail
4152,4.89582703448832,0.3573701251298189,4.432189045473933,shared_2l_dec_tail
4153,4.891187185421586,0.35710702650249004,4.425812978297472,shared_2l_dec_tail
4154,4.971093963831663,0.3574430011212826,4.505692049860954,shared_2l_dec_tail
4155,4.892229102551937,0.35652401857078075,4.428455838933587,shared_2l_dec_tail
4156,4.935248987749219,0.3536378499120474,4.474451066926122,shared_2l_dec_tail
4157,4.91235894151032,0.36100298166275024,4.444473888725042,shared_2l_dec_tail
4158,4.825243027880788,0.3597130998969078,4.35820990242064,shared_2l_dec_tail
4159,4.96400217525661,0.36370311863720417,4.493871936574578,shared_2l_dec_tail
4160,4.910407122224569,0.3692558966577053,4.433728056028485,shared_2l_dec_tail
4161,4.943210165947676,0.3712910693138838,4.464651923626661,shared_2l_dec_tail
4162,4.937333054840565,0.3731378819793463,4.4590081088244915,shared_2l_dec_tail
4163,4.938116995617747,0.3706468269228935,4.4597170781344175,shared_2l_dec_tail
4164,4.8194159753620625,0.36546215415000916,4.34633600525558,shared_2l_dec_tail
4165,5.519754020497203,0.7960170041769743,4.597272956743836,shared_2l_dec_tail
4166,4.942110972478986,0.3619228955358267,4.471733001992106,shared_2l_dec_tail
4167,4.848223878070712,0.361019978299737,4.380285041406751,shared_2l_dec_tail
4168,4.903718130663037,0.36436389200389385,4.4337131548672915,shared_2l_dec_tail
4169,4.960931139066815,0.3737909719347954,4.479450872167945,shared_2l_dec_tail
4170,4.906294168904424,0.367721077054739,4.430643981322646,shared_2l_dec_tail
4171,4.924381850287318,0.35484391264617443,4.4616281520575285,shared_2l_dec_tail
4172,4.936255980283022,0.3616961184889078,4.465363919734955,shared_2l_dec_tail
4173,4.9685819540172815,0.36465306766331196,4.496837966144085,shared_2l_dec_tail
4174,4.873818950727582,0.3593841101974249,4.408195847645402,shared_2l_dec_tail
4175,4.878950072452426,0.35470095463097095,4.416217096149921,shared_2l_dec_tail
4176,4.8915669322013855,0.3530331887304783,4.432635847479105,shared_2l_dec_tail
4177,4.880016902461648,0.3588958643376827,4.4091991148889065,shared_2l_dec_tail
4178,4.875788930803537,0.3623492084443569,4.4055848848074675,shared_2l_dec_tail
4179,4.973402945324779,0.364355044439435,4.502627067267895,shared_2l_dec_tail
4180,4.925413988530636,0.3684049006551504,4.449340980499983,shared_2l_dec_tail
4181,5.513128824532032,0.8053889032453299,4.588392097502947,shared_2l_dec_tail
4182,4.914619959890842,0.36223698407411575,4.445584956556559,shared_2l_dec_tail
4183,4.889670992270112,0.35706302151083946,4.425206920132041,shared_2l_dec_tail
4184,4.897411912679672,0.35641808062791824,4.434846807271242,shared_2l_dec_tail
4185,4.956376971676946,0.3595789894461632,4.482162185013294,shared_2l_dec_tail
4186,4.903571913018823,0.3650430589914322,4.432681016623974,shared_2l_dec_tail
4187,4.928870126605034,0.3692670725286007,4.453637870028615,shared_2l_dec_tail
4188,4.827911965548992,0.368728069588542,4.35452489182353,shared_2l_dec_tail
4189,4.873621976003051,0.3707928117364645,4.397189011797309,shared_2l_dec_tail
4190,4.910452989861369,0.35673915408551693,4.4459199998527765,shared_2l_dec_tail
4191,4.878159146755934,0.36062090657651424,4.410339053720236,shared_2l_dec_tail
4192,4.94716688990593,0.3597589675337076,4.481066018342972,shared_2l_dec_tail
4193,4.93275816552341,0.3599361516535282,4.4653459917753935,shared_2l_dec_tail
4194,4.897051025182009,0.3616360481828451,4.428097978234291,shared_2l_dec_tail
4195,4.859172040596604,0.35875104367733,4.393446026369929,shared_2l_dec_tail
4196,4.785653902217746,0.35464693792164326,4.325956106185913,shared_2l_dec_tail
4197,5.476029124110937,0.7913450244814157,4.564367001876235,shared_2l_dec_tail
4198,4.910496063530445,0.36828801967203617,4.436007933691144,shared_2l_dec_tail
4199,4.868995863944292,0.36117294803261757,4.401093116030097,shared_2l_dec_tail
4200,4.878957057371736,0.36012008786201477,4.412650829181075,shared_2l_dec_tail
4201,4.830196034163237,0.35862997174263,4.360340069979429,shared_2l_dec_tail
4202,4.870267817750573,0.3663799725472927,4.396291915327311,shared_2l_dec_tail
4203,4.945145919919014,0.3685529809445143,4.469061037525535,shared_2l_dec_tail
4204,4.841584013774991,0.36669615656137466,4.368077963590622,shared_2l_dec_tail
4205,4.887208109721541,0.3635229077190161,4.416974959895015,shared_2l_dec_tail
4206,4.810556070879102,0.3606488462537527,4.343964159488678,shared_2l_dec_tail
4207,4.9331109039485455,0.360280042514205,4.466144135221839,shared_2l_dec_tail
4208,4.823684925213456,0.3646169789135456,4.3513658456504345,shared_2l_dec_tail
4209,4.917962942272425,0.3628470003604889,4.443187965080142,shared_2l_dec_tail
4210,4.8270749393850565,0.3677341155707836,4.35217609629035,shared_2l_dec_tail
4211,4.940885119140148,0.36164605990052223,4.47312998585403,shared_2l_dec_tail
4212,4.976697964593768,0.36476412788033485,4.499373957514763,shared_2l_dec_tail
4213,5.4995708633214235,0.799468019977212,4.577907035127282,shared_2l_dec_tail
4214,4.945723107084632,0.3631790168583393,4.473621025681496,shared_2l_dec_tail
4215,4.9189249984920025,0.36486308090388775,4.446442937478423,shared_2l_dec_tail
4216,4.967923043295741,0.36501605063676834,4.490694031119347,shared_2l_dec_tail
4217,4.926340887323022,0.35973615013062954,4.461091011762619,shared_2l_dec_tail
4218,4.8677760642021894,0.3698458895087242,4.391697933897376,shared_2l_dec_tail
4219,4.914170131087303,0.3730009775608778,4.434791160747409,shared_2l_dec_tail
4220,4.948385059833527,0.36807404831051826,4.472431959584355,shared_2l_dec_tail
4221,4.889648873358965,0.36808499135077,4.412857815623283,shared_2l_dec_tail
4222,4.952599061653018,0.35800389014184475,4.487127065658569,shared_2l_dec_tail
4223,4.912184085696936,0.36016199737787247,4.445187048986554,shared_2l_dec_tail
4224,4.8527640756219625,0.3644700627774,4.380994010716677,shared_2l_dec_tail
4225,4.886300070211291,0.3623559605330229,4.4166999869048595,shared_2l_dec_tail
4226,4.926078952848911,0.36276993341743946,4.456019029021263,shared_2l_dec_tail
4227,4.943760111927986,0.3611370921134949,4.474908113479614,shared_2l_dec_tail
4228,4.8943019937723875,0.3634309396147728,4.418982891365886,shared_2l_dec_tail
4229,5.474335048347712,0.7889179978519678,4.566419869661331,shared_2l_dec_tail
4230,4.963253159075975,0.3635920584201813,4.493063082918525,shared_2l_dec_tail
4231,4.863172071054578,0.36015105433762074,4.396199947223067,shared_2l_dec_tail
4232,4.94432495906949,0.3675429616123438,4.466981161385775,shared_2l_dec_tail
4233,4.847255069762468,0.3625389654189348,4.377622855827212,shared_2l_dec_tail
4234,4.879147978499532,0.3624900709837675,4.406556021422148,shared_2l_dec_tail
4235,4.92402003146708,0.3639371134340763,4.452957073226571,shared_2l_dec_tail
4236,4.875950049608946,0.3662330564111471,4.404432838782668,shared_2l_dec_tail
4237,4.921789979562163,0.3699550870805979,4.444320918992162,shared_2l_dec_tail
4238,4.851755918934941,0.3654239699244499,4.37922403216362,shared_2l_dec_tail
4239,4.875346086919308,0.36897393874824047,4.401602083817124,shared_2l_dec_tail
4240,4.9347898457199335,0.35822903737425804,4.470035899430513,shared_2l_dec_tail
4241,4.892122000455856,0.35828305408358574,4.429779015481472,shared_2l_dec_tail
4242,4.840924870222807,0.36074104718863964,4.3741269037127495,shared_2l_dec_tail
4243,4.887772025540471,0.36038015969097614,4.423748003318906,shared_2l_dec_tail
4244,4.92146797478199,0.3626658581197262,4.449222004041076,shared_2l_dec_tail
4245,5.478734150528908,0.7988959550857544,4.560661967843771,shared_2l_dec_tail
4246,4.979975055903196,0.3669599536806345,4.5046990271657705,shared_2l_dec_tail
4247,4.872367950156331,0.36458694376051426,4.402396967634559,shared_2l_dec_tail
4248,4.955603973940015,0.36375410854816437,4.486427875235677,shared_2l_dec_tail
4249,4.921613959595561,0.3625107929110527,4.452540073543787,shared_2l_dec_tail
4250,4.855590173974633,0.3603370860219002,4.388625035062432,shared_2l_dec_tail
4251,4.928098991513252,0.36485912278294563,4.453870002180338,shared_2l_dec_tail
4252,4.900007043033838,0.36584283225238323,4.426595056429505,shared_2l_dec_tail
4253,4.9495031125843525,0.3716528881341219,4.471311112865806,shared_2l_dec_tail
4254,4.926936933770776,0.36901584826409817,4.4515980407595634,shared_2l_dec_tail
4255,4.841187968850136,0.366362975910306,4.3679699301719666,shared_2l_dec_tail
4256,4.918783903121948,0.3664889372885227,4.446200095117092,shared_2l_dec_tail
4257,4.847269039601088,0.37352112121880054,4.3672299943864346,shared_2l_dec_tail
4258,4.823785042390227,0.3665899857878685,4.35108901001513,shared_2l_dec_tail
4259,4.880992928519845,0.3590569831430912,4.416025942191482,shared_2l_dec_tail
4260,4.83850110322237,0.36389799788594246,4.3678919319063425,shared_2l_dec_tail
4261,5.51835517399013,0.7988319266587496,4.599584965035319,shared_2l_dec_tail
4262,4.984734114259481,0.3647271078079939,4.513682797551155,shared_2l_dec_tail
4263,4.891763906925917,0.3634919412434101,4.422112135216594,shared_2l_dec_tail
4264,4.9830281641334295,0.3629331476986408,4.513819003477693,shared_2l_dec_tail
4265,4.857941996306181,0.3642910160124302,4.388306988403201,shared_2l_dec_tail
4266,4.941419931128621,0.3646190743893385,4.467694088816643,shared_2l_dec_tail
4267,4.914327058941126,0.3667119890451431,4.439676878973842,shared_2l_dec_tail
4268,4.9146979581564665,0.3616800531744957,4.44656889885664,shared_2l_dec_tail
4269,4.875668091699481,0.3628768026828766,4.4062992092221975,shared_2l_dec_tail
4270,4.977787844836712,0.36117201671004295,4.504726966843009,shared_2l_dec_tail
4271,4.880102118477225,0.36618788726627827,4.408102948218584,shared_2l_dec_tail
4272,4.858769942075014,0.36695203743875027,4.385557025671005,shared_2l_dec_tail
4273,4.9272149335592985,0.3643350210040808,4.45705302990973,shared_2l_dec_tail
4274,4.906737012788653,0.3668959252536297,4.431942943483591,shared_2l_dec_tail
4275,4.825475858524442,0.36287098191678524,4.355773096904159,shared_2l_dec_tail
4276,4.912978038191795,0.3635389730334282,4.441741853952408,shared_2l_dec_tail
4277,5.487374030053616,0.8011360187083483,4.55741211771965,shared_2l_dec_tail
4278,4.980043973773718,0.3796000964939594,4.492957843467593,shared_2l_dec_tail
4279,4.905486013740301,0.3693229518830776,4.427480977028608,shared_2l_dec_tail
4280,4.865089897066355,0.36863679997622967,4.389295121654868,shared_2l_dec_tail
4281,4.935508128255606,0.36672200076282024,4.462315933778882,shared_2l_dec_tail
4282,4.86986106261611,0.36353012546896935,4.399395082145929,shared_2l_dec_tail
4283,4.932160954922438,0.35941414535045624,4.4658060651272535,shared_2l_dec_tail
4284,4.854436963796616,0.36326306872069836,4.3840419966727495,shared_2l_dec_tail
4285,4.892007913440466,0.35924301482737064,4.427538951858878,shared_2l_dec_tail
4286,4.869309952482581,0.3635799512267113,4.398469114676118,shared_2l_dec_tail
4287,4.864793037995696,0.36516599357128143,4.3950260151177645,shared_2l_dec_tail
4288,4.975548014044762,0.3719320520758629,4.498121095821261,shared_2l_dec_tail
4289,4.95577696710825,0.371578149497509,4.4768869411200285,shared_2l_dec_tail
4290,4.9368878826498985,0.37138001061975956,4.4591049663722515,shared_2l_dec_tail
4291,4.9359609838575125,0.37056300789117813,4.45974082686007,shared_2l_dec_tail
4292,4.933862015604973,0.36859605461359024,4.461366916075349,shared_2l_dec_tail
4293,5.446318071335554,0.7904439698904753,4.535731161013246,shared_2l_dec_tail
4294,4.9540631007403135,0.3664849791675806,4.474634071812034,shared_2l_dec_tail
4295,4.912578035145998,0.3659520298242569,4.436922026798129,shared_2l_dec_tail
4296,4.931855946779251,0.3714649938046932,4.452160093933344,shared_2l_dec_tail
4297,4.85988287255168,0.37163589149713516,4.381518112495542,shared_2l_dec_tail
4298,4.941954975947738,0.36747497506439686,4.467856138944626,shared_2l_dec_tail
4299,4.860159009695053,0.3687480930238962,4.384334897622466,shared_2l_dec_tail
4300,4.952779971063137,0.3599307965487242,4.4845889788120985,shared_2l_dec_tail
4301,4.8280260525643826,0.3570851404219866,4.365026019513607,shared_2l_dec_tail
4302,4.934987984597683,0.36333990283310413,4.465847974643111,shared_2l_dec_tail
4303,4.840265028178692,0.36634691059589386,4.367306130006909,shared_2l_dec_tail
4304,4.898061975836754,0.36358414217829704,4.4261678121984005,shared_2l_dec_tail
4305,4.85858996398747,0.36669918335974216,4.384443862363696,shared_2l_dec_tail
4306,4.964561900123954,0.37597608752548695,4.482317948713899,shared_2l_dec_tail
4307,4.932471085339785,0.3714591730386019,4.454504000023007,shared_2l_dec_tail
4308,4.876381019130349,0.3724880516529083,4.395826021209359,shared_2l_dec_tail
4309,5.532146897166967,0.8052410557866096,4.604090936481953,shared_2l_dec_tail
4310,4.9614207819104195,0.36591594107449055,4.486829042434692,shared_2l_dec_tail
4311,4.910162882879376,0.36662397906184196,4.43666591309011,shared_2l_dec_tail
4312,4.87641803920269,0.3605580423027277,4.402489867061377,shared_2l_dec_tail
4313,4.911664174869657,0.3633440937846899,4.44022798910737,shared_2l_dec_tail
4314,4.89026983268559,0.3670018631964922,4.416956100612879,shared_2l_dec_tail
4315,4.944209009408951,0.36991690285503864,4.4675159733742476,shared_2l_dec_tail
4316,4.87076910212636,0.3703008405864239,4.394819959998131,shared_2l_dec_tail
4317,4.956471035256982,0.36633387207984924,4.481773125007749,shared_2l_dec_tail
4318,4.864349961280823,0.3703259862959385,4.386604996398091,shared_2l_dec_tail
4319,4.916418110951781,0.3582551144063473,4.452084889635444,shared_2l_dec_tail
4320,4.918101942166686,0.3680950030684471,4.44445013999939,shared_2l_dec_tail
4321,4.854494938626885,0.36014802753925323,4.386931890621781,shared_2l_dec_tail
4322,4.938323050737381,0.36041601561009884,4.471289925277233,shared_2l_dec_tail
4323,4.90478309802711,0.3638810012489557,4.43797092884779,shared_2l_dec_tail
4324,4.867919022217393,0.36013289354741573,4.40073711797595,shared_2l_dec_tail
4325,5.5163949728012085,0.7973180618137121,4.600679036229849,shared_2l_dec_tail
4326,4.970357054844499,0.3712011966854334,4.490365972742438,shared_2l_dec_tail
4327,4.894694080576301,0.36222697235643864,4.426978994160891,shared_2l_dec_tail
4328,4.874964011833072,0.3637659829109907,4.403464030474424,shared_2l_dec_tail
4329,4.9539729952812195,0.3642688971012831,4.48307697661221,shared_2l_dec_tail
4330,4.8656289000064135,0.36299903877079487,4.3983981013298035,shared_2l_dec_tail
4331,4.963598912581801,0.3653629682958126,4.485876066610217,shared_2l_dec_tail
4332,4.942478146404028,0.366689870133996,4.470237996429205,shared_2l_dec_tail
4333,4.953989991918206,0.37544802762567997,4.4720780570060015,shared_2l_dec_tail
4334,4.890560870990157,0.3720668610185385,4.411908099427819,shared_2l_dec_tail
4335,4.911458119750023,0.3722510300576687,4.433552036061883,shared_2l_dec_tail
4336,4.878988955169916,0.3745020367205143,4.397484939545393,shared_2l_dec_tail
4337,4.915812984108925,0.37226383574306965,4.436118062585592,shared_2l_dec_tail
4338,4.922953899949789,0.3683872055262327,4.446630831807852,shared_2l_dec_tail
4339,4.926780005916953,0.36283908411860466,4.456785973161459,shared_2l_dec_tail
4340,4.88025788217783,0.36235502921044827,4.409729037433863,shared_2l_dec_tail
4341,5.504606990143657,0.8145330939441919,4.572750069200993,shared_2l_dec_tail
4342,4.962589126080275,0.3770322073251009,4.476920003071427,shared_2l_dec_tail
4343,4.992275964468718,0.3768277820199728,4.5084471348673105,shared_2l_dec_tail
4344,4.9522640183568,0.3756270743906498,4.470274085178971,shared_2l_dec_tail
4345,4.899702966213226,0.37801708094775677,4.4153300113976,shared_2l_dec_tail
4346,4.957590019330382,0.37736096419394016,4.473585169762373,shared_2l_dec_tail
4347,4.9547969829291105,0.3709548618644476,4.4766990467906,shared_2l_dec_tail
4348,4.848659969866276,0.3618248738348484,4.379583988338709,shared_2l_dec_tail
4349,4.994123941287398,0.36863889545202255,4.51839598827064,shared_2l_dec_tail
4350,4.883476998656988,0.36678207106888294,4.4112130999565125,shared_2l_dec_tail
4351,4.96704108081758,0.3652479499578476,4.493759013712406,shared_2l_dec_tail
4352,4.887311020866036,0.3644358366727829,4.417316056787968,shared_2l_dec_tail
4353,4.949592985212803,0.3664891701191664,4.477362846955657,shared_2l_dec_tail
4354,4.87249088473618,0.3625859972089529,4.400062840431929,shared_2l_dec_tail
4355,4.979470977559686,0.3670088481158018,4.501324146986008,shared_2l_dec_tail
4356,4.834346007555723,0.37095602601766586,4.357520956546068,shared_2l_dec_tail
4357,5.620961077511311,0.8533031214028597,4.647260066121817,shared_2l_dec_tail
4358,4.971593851223588,0.3679718356579542,4.495185101404786,shared_2l_dec_tail
4359,4.931634990498424,0.36426098085939884,4.4598449021577835,shared_2l_dec_tail
4360,4.960777936503291,0.3596651367843151,4.494838882237673,shared_2l_dec_tail
4361,4.981297999620438,0.3649359568953514,4.508950049057603,shared_2l_dec_tail
4362,4.902899963781238,0.3682400565594435,4.42646280862391,shared_2l_dec_tail
4363,4.865297116339207,0.3696258645504713,4.3898760341107845,shared_2l_dec_tail
4364,4.923305939882994,0.36501605063676834,4.4539798982441425,shared_2l_dec_tail
4365,4.90199401974678,0.36981189623475075,4.425079096108675,shared_2l_dec_tail
4366,4.953704075887799,0.3746969159692526,4.4726720079779625,shared_2l_dec_tail
4367,4.972219001501799,0.37234905175864697,4.4919149950146675,shared_2l_dec_tail
4368,4.957637982442975,0.3796729724854231,4.4689730275422335,shared_2l_dec_tail
4369,4.9067651852965355,0.3745879512280226,4.423418082296848,shared_2l_dec_tail
4370,4.929574904963374,0.3750128671526909,4.447219194844365,shared_2l_dec_tail
4371,4.859856097027659,0.3727828152477741,4.380294121801853,shared_2l_dec_tail
4372,4.943812033161521,0.3636928740888834,4.4721069280058146,shared_2l_dec_tail
4373,5.591142224147916,0.8751330897212029,4.594053840264678,shared_2l_dec_tail
4374,4.954625852406025,0.36946614272892475,4.477944923564792,shared_2l_dec_tail
4375,4.849179880693555,0.3662831149995327,4.376362077891827,shared_2l_dec_tail
4376,4.947077017277479,0.37245918065309525,4.466302925720811,shared_2l_dec_tail
4377,4.906421061605215,0.3733870107680559,4.4262041337788105,shared_2l_dec_tail
4378,4.914388991892338,0.3740598913282156,4.433962050825357,shared_2l_dec_tail
4379,4.971605027094483,0.36934297531843185,4.494958091527224,shared_2l_dec_tail
4380,4.901485051959753,0.37451391108334064,4.4227601028978825,shared_2l_dec_tail
4381,4.877574043348432,0.36997790448367596,4.400803940370679,shared_2l_dec_tail
4382,4.91288909688592,0.3596239257603884,4.446126986294985,shared_2l_dec_tail
4383,4.875014070421457,0.364609993994236,4.4040558859705925,shared_2l_dec_tail
4384,4.870908800512552,0.36569591611623764,4.399531986564398,shared_2l_dec_tail
4385,4.8511638306081295,0.3584648948162794,4.389999900013208,shared_2l_dec_tail
4386,4.920446779578924,0.3664318937808275,4.446981009095907,shared_2l_dec_tail
4387,4.910543095320463,0.37078908644616604,4.432563902810216,shared_2l_dec_tail
4388,4.869075026363134,0.36770314909517765,4.394328920170665,shared_2l_dec_tail
4389,5.603594938293099,0.8491140324622393,4.6343139838427305,shared_2l_dec_tail
4390,4.9177780747413635,0.36906497552990913,4.440058022737503,shared_2l_dec_tail
4391,4.999218042939901,0.3698591608554125,4.519802052527666,shared_2l_dec_tail
4392,4.893283825367689,0.3652030136436224,4.421741934493184,shared_2l_dec_tail
4393,4.885882139205933,0.3635389730334282,4.414716036990285,shared_2l_dec_tail
4394,4.926449852064252,0.3657999914139509,4.447330022230744,shared_2l_dec_tail
4395,4.890054930001497,0.36474806256592274,4.418507916852832,shared_2l_dec_tail
4396,4.974601790308952,0.3710729070007801,4.495114088058472,shared_2l_dec_tail
4397,4.933933028951287,0.3745050635188818,4.452168010175228,shared_2l_dec_tail
4398,4.938074853271246,0.37026708014309406,4.460567841306329,shared_2l_dec_tail
4399,4.946957109495997,0.3738990053534508,4.46430710144341,shared_2l_dec_tail
4400,4.915492841973901,0.3679138608276844,4.441312048584223,shared_2l_dec_tail
4401,4.976558033376932,0.3713970072567463,4.498724127188325,shared_2l_dec_tail
4402,4.860064014792442,0.37452997639775276,4.3784750159829855,shared_2l_dec_tail
4403,4.8963092267513275,0.36309100687503815,4.423134960234165,shared_2l_dec_tail
4404,4.9300959799438715,0.36070006899535656,4.462233046069741,shared_2l_dec_tail
4405,5.584791069850326,0.8570260833948851,4.606344038620591,shared_2l_dec_tail
4406,4.957774188369513,0.3810159396380186,4.469420062378049,shared_2l_dec_tail
4407,4.900051048025489,0.3722589462995529,4.418955184519291,shared_2l_dec_tail
4408,4.9393619410693645,0.37990580312907696,4.452303051948547,shared_2l_dec_tail
4409,4.972133785486221,0.371317146345973,4.493125015869737,shared_2l_dec_tail
4410,4.873150959610939,0.37436094135046005,4.390809219330549,shared_2l_dec_tail
4411,4.870484117418528,0.37040701135993004,4.3953838758170605,shared_2l_dec_tail
4412,4.952718038111925,0.3657490015029907,4.481622017920017,shared_2l_dec_tail
4413,4.862667061388493,0.3707942087203264,4.385009873658419,shared_2l_dec_tail
4414,4.933691816404462,0.3642621450126171,4.462940851226449,shared_2l_dec_tail
4415,4.923333181068301,0.365604879334569,4.450398031622171,shared_2l_dec_tail
4416,4.887372022494674,0.3626919351518154,4.419420147314668,shared_2l_dec_tail
4417,4.863729001954198,0.36137900315225124,4.394796909764409,shared_2l_dec_tail
4418,4.915995988994837,0.3724789712578058,4.438342060893774,shared_2l_dec_tail
4419,4.852695856243372,0.3655548207461834,4.380417056381702,shared_2l_dec_tail
4420,4.897607024759054,0.37282705307006836,4.417201969772577,shared_2l_dec_tail
4421,5.525329848751426,0.8327839896082878,4.572896054014564,shared_2l_dec_tail
4422,4.931834060698748,0.3710309974849224,4.45408490486443,shared_2l_dec_tail
4423,4.883154993876815,0.3658959176391363,4.404576029628515,shared_2l_dec_tail
4424,4.917511949315667,0.3657930064946413,4.4467400293797255,shared_2l_dec_tail
4425,4.937170073390007,0.37301587872207165,4.45718108676374,shared_2l_dec_tail
4426,4.926529014483094,0.37457095459103584,4.445651080459356,shared_2l_dec_tail
4427,4.880381049588323,0.3734300844371319,4.401312908157706,shared_2l_dec_tail
4428,4.891019081696868,0.3736380022019148,4.410116001963615,shared_2l_dec_tail
4429,4.883331945165992,0.3628500271588564,4.413977963849902,shared_2l_dec_tail
4430,4.9059740267694,0.36466983146965504,4.4345431961119175,shared_2l_dec_tail
4431,4.922137130051851,0.3632679581642151,4.451550077646971,shared_2l_dec_tail
4432,4.8536749090999365,0.3618381451815367,4.384917905554175,shared_2l_dec_tail
4433,4.95391502045095,0.3636020701378584,4.4839829206466675,shared_2l_dec_tail
4434,4.84998500905931,0.3686749842017889,4.368263995274901,shared_2l_dec_tail
4435,4.952387884259224,0.36741700023412704,4.476689966395497,shared_2l_dec_tail
4436,4.899764200672507,0.37164101377129555,4.423059988766909,shared_2l_dec_tail
4437,5.550347967073321,0.8130050264298916,4.616077058017254,shared_2l_dec_tail
4438,4.93671209551394,0.367805827409029,4.461887991055846,shared_2l_dec_tail
4439,4.941740073263645,0.3667161799967289,4.466199781745672,shared_2l_dec_tail
4440,4.950362956151366,0.36335294134914875,4.479698138311505,shared_2l_dec_tail
4441,4.879926098510623,0.36720396019518375,4.40441002137959,shared_2l_dec_tail
4442,4.921980202198029,0.36218599416315556,4.446465987712145,shared_2l_dec_tail
4443,4.922807915136218,0.36726100370287895,4.444742109626532,shared_2l_dec_tail
4444,4.8865401186048985,0.36814878694713116,4.413014044985175,shared_2l_dec_tail
4445,4.865555791184306,0.37549505941569805,4.385309061035514,shared_2l_dec_tail
4446,4.919212078675628,0.3736319486051798,4.438337171450257,shared_2l_dec_tail
4447,4.892919911071658,0.37430995143949986,4.411717876791954,shared_2l_dec_tail
4448,4.911650903522968,0.37261401303112507,4.432824905961752,shared_2l_dec_tail
4449,4.846785916015506,0.36335387267172337,4.379017977043986,shared_2l_dec_tail
4450,4.90335701033473,0.36766589619219303,4.428551997989416,shared_2l_dec_tail
4451,4.920746898278594,0.3674570471048355,4.444509977474809,shared_2l_dec_tail
4452,4.909276030957699,0.3681648522615433,4.434877075254917,shared_2l_dec_tail
4453,5.795433884486556,1.0496198665350676,4.6251751482486725,shared_2l_dec_tail
4454,4.903363063931465,0.3807060420513153,4.415063885971904,shared_2l_dec_tail
4455,4.950404865667224,0.38149580359458923,4.460541065782309,shared_2l_dec_tail
4456,4.895474994555116,0.3821798600256443,4.405704094097018,shared_2l_dec_tail
4457,4.936971003189683,0.3713939804583788,4.4590861070901155,shared_2l_dec_tail
4458,4.9390040803700686,0.3753851633518934,4.4572369661182165,shared_2l_dec_tail
4459,4.8984019085764885,0.3690042067319155,4.420953802764416,shared_2l_dec_tail
4460,4.973798058927059,0.3711429890245199,4.495701054111123,shared_2l_dec_tail
4461,4.860378103330731,0.3626728430390358,4.390347050502896,shared_2l_dec_tail
4462,4.9163170624524355,0.366325955837965,4.442222183570266,shared_2l_dec_tail
4463,4.853812046349049,0.36694901064038277,4.3808650225400925,shared_2l_dec_tail
4464,4.932767944410443,0.367447966709733,4.45517199113965,shared_2l_dec_tail
4465,4.912662087008357,0.36800303496420383,4.437651019543409,shared_2l_dec_tail
4466,4.959383048117161,0.36506191827356815,4.487783880904317,shared_2l_dec_tail
4467,4.9245289992541075,0.3695411141961813,4.449241096153855,shared_2l_dec_tail
4468,4.919224185869098,0.37308200262486935,4.43973601795733,shared_2l_dec_tail
4469,5.522045074030757,0.8104450535029173,4.5895930379629135,shared_2l_dec_tail
4470,4.995786119252443,0.3733229823410511,4.514497006312013,shared_2l_dec_tail
4471,4.891855176538229,0.37061702460050583,4.414571914821863,shared_2l_dec_tail
4472,4.926331108435988,0.36977208219468594,4.45013795979321,shared_2l_dec_tail
4473,4.888677038252354,0.3666728734970093,4.41093510016799,shared_2l_dec_tail
4474,4.93075605481863,0.3663890529423952,4.451810149475932,shared_2l_dec_tail
4475,4.853188060224056,0.3648088313639164,4.380665021017194,shared_2l_dec_tail
4476,4.9633358139544725,0.3755679354071617,4.480778938159347,shared_2l_dec_tail
4477,4.8609410878270864,0.3748547751456499,4.379073157906532,shared_2l_dec_tail
4478,4.9594370648264885,0.37400913424789906,4.478718852624297,shared_2l_dec_tail
4479,4.844374023377895,0.3706039860844612,4.367463057860732,shared_2l_dec_tail
4480,4.940162878483534,0.36600884050130844,4.469083156436682,shared_2l_dec_tail
4481,4.8642701003700495,0.3671569284051657,4.391451133415103,shared_2l_dec_tail
4482,4.949492169544101,0.36763097159564495,4.4746429193764925,shared_2l_dec_tail
4483,4.81704599224031,0.3657122142612934,4.345963941887021,shared_2l_dec_tail
4484,4.923542961478233,0.3654069732874632,4.455604124814272,shared_2l_dec_tail
4485,5.452034994959831,0.8030259050428867,4.529958125203848,shared_2l_dec_tail
4486,4.944041138514876,0.3689869772642851,4.467011895030737,shared_2l_dec_tail
4487,4.821056965738535,0.3732170443981886,4.340575076639652,shared_2l_dec_tail
4488,4.941296996548772,0.36602700129151344,4.469153005629778,shared_2l_dec_tail
4489,4.878408042714,0.37009501829743385,4.400818841531873,shared_2l_dec_tail
4490,4.963133949786425,0.3642071969807148,4.493123851716518,shared_2l_dec_tail
4491,4.84867999330163,0.3650879953056574,4.376138094812632,shared_2l_dec_tail
4492,4.922338062897325,0.3750941250473261,4.439802840352058,shared_2l_dec_tail
4493,4.873881116509438,0.37085404619574547,4.395277006551623,shared_2l_dec_tail
4494,4.957312950864434,0.37828204222023487,4.4721318408846855,shared_2l_dec_tail
4495,4.94719110429287,0.377030111849308,4.462725017219782,shared_2l_dec_tail
4496,4.855826031416655,0.3785069566220045,4.369701026007533,shared_2l_dec_tail
4497,4.922519903630018,0.3660079091787338,4.44877496920526,shared_2l_dec_tail
4498,4.874202888458967,0.36988197825849056,4.39483392983675,shared_2l_dec_tail
4499,4.8931739293038845,0.3663129173219204,4.419347969815135,shared_2l_dec_tail
4500,4.834315041080117,0.36383396945893764,4.359937040135264,shared_2l_dec_tail
4501,5.477030063048005,0.7986109703779221,4.559161840006709,shared_2l_dec_tail
4502,4.963310901075602,0.3720459062606096,4.4833640567958355,shared_2l_dec_tail
4503,4.865098046138883,0.3617790061980486,4.396903095766902,shared_2l_dec_tail
4504,4.949905909597874,0.3677979111671448,4.4750431552529335,shared_2l_dec_tail
4505,4.855821840465069,0.3672561142593622,4.383525811135769,shared_2l_dec_tail
4506,4.926545079797506,0.3666449338197708,4.4535750057548285,shared_2l_dec_tail
4507,4.954521078616381,0.3617098554968834,4.486766178160906,shared_2l_dec_tail
4508,4.9406609032303095,0.3663951065391302,4.461801843717694,shared_2l_dec_tail
4509,4.8240358009934425,0.369844026863575,4.348902963101864,shared_2l_dec_tail
4510,4.922949010506272,0.37361797876656055,4.443475045263767,shared_2l_dec_tail
4511,4.899648949503899,0.369673827663064,4.424717044457793,shared_2l_dec_tail
4512,4.9468958750367165,0.37697097286581993,4.46385913528502,shared_2l_dec_tail
4513,4.835132975131273,0.37158187478780746,4.358808975666761,shared_2l_dec_tail
4514,4.889087984338403,0.36627217195928097,4.414349794387817,shared_2l_dec_tail
4515,4.907910944893956,0.3713900223374367,4.429634194821119,shared_2l_dec_tail
4516,4.865949973464012,0.3681459929794073,4.390424117445946,shared_2l_dec_tail
4517,5.517135839909315,0.8043439593166113,4.594695987179875,shared_2l_dec_tail
4518,4.996335133910179,0.37678913213312626,4.513633903115988,shared_2l_dec_tail
4519,4.965479020029306,0.3762010019272566,4.482445074245334,shared_2l_dec_tail
4520,4.951935959979892,0.375308096408844,4.468284081667662,shared_2l_dec_tail
4521,4.881418077275157,0.37058512680232525,4.404119914397597,shared_2l_dec_tail
4522,4.976565018296242,0.3660130314528942,4.505168879404664,shared_2l_dec_tail
4523,4.959750920534134,0.370170921087265,4.485388053581119,shared_2l_dec_tail
4524,4.88557294011116,0.36191893741488457,4.416828043758869,shared_2l_dec_tail
4525,4.832323873415589,0.36308402195572853,4.36460692435503,shared_2l_dec_tail
4526,4.922408843412995,0.36640302278101444,4.450117936357856,shared_2l_dec_tail
4527,4.921982064843178,0.3632670268416405,4.4514338951557875,shared_2l_dec_tail
4528,4.951379960402846,0.3621070645749569,4.481935873627663,shared_2l_dec_tail
4529,4.873634083196521,0.3648810088634491,4.40276600420475,shared_2l_dec_tail
4530,4.95165609754622,0.3745569847524166,4.4701360166072845,shared_2l_dec_tail
4531,4.911991069093347,0.3726410213857889,4.432373913004994,shared_2l_dec_tail
4532,4.8762469086796045,0.37113786675035954,4.398955963551998,shared_2l_dec_tail
4533,5.500837927684188,0.8007900323718786,4.579972941428423,shared_2l_dec_tail
4534,4.9577809404581785,0.36875694058835506,4.481310024857521,shared_2l_dec_tail
4535,4.911758936941624,0.3679608926177025,4.432189976796508,shared_2l_dec_tail
4536,4.947291919961572,0.36881910637021065,4.47027781046927,shared_2l_dec_tail
4537,4.870685050264001,0.3705909475684166,4.393183160573244,shared_2l_dec_tail
4538,4.849438089877367,0.3738468512892723,4.368418129161,shared_2l_dec_tail
4539,4.910205025225878,0.37862383760511875,4.425801103934646,shared_2l_dec_tail
4540,4.866302944719791,0.3780578263103962,4.382658051326871,shared_2l_dec_tail
4541,4.8202150501310825,0.3666880074888468,4.350055940449238,shared_2l_dec_tail
4542,4.898932995274663,0.3651389852166176,4.429360153153539,shared_2l_dec_tail
4543,4.933952121064067,0.37025799974799156,4.457013914361596,shared_2l_dec_tail
4544,4.94053796865046,0.3703969996422529,4.46330988779664,shared_2l_dec_tail
4545,4.8716559540480375,0.3669979050755501,4.394137999042869,shared_2l_dec_tail
4546,4.954837961122394,0.3695108462125063,4.474282031878829,shared_2l_dec_tail
4547,4.938469966873527,0.36628497764468193,4.464917117729783,shared_2l_dec_tail
4548,4.884965950623155,0.37154415622353554,4.406217020004988,shared_2l_dec_tail
4549,5.5218280758708715,0.8113689254969358,4.591822857037187,shared_2l_dec_tail
4550,4.95754205621779,0.37208222784101963,4.477562848478556,shared_2l_dec_tail
4551,4.971332848072052,0.37034088745713234,4.492620006203651,shared_2l_dec_tail
4552,4.89293085411191,0.3680950030684471,4.418220836669207,shared_2l_dec_tail
4553,4.939811071380973,0.3642239607870579,4.469261039048433,shared_2l_dec_tail
4554,4.9267299473285675,0.36553689278662205,4.454880021512508,shared_2l_dec_tail
4555,4.863283131271601,0.3691089805215597,4.389526089653373,shared_2l_dec_tail
4556,4.966500913724303,0.36993902176618576,4.484477918595076,shared_2l_dec_tail
4557,4.888318944722414,0.37677097134292126,4.405803978443146,shared_2l_dec_tail
4558,4.986117826774716,0.37201191298663616,4.505321150645614,shared_2l_dec_tail
4559,4.872300196439028,0.37917704321444035,4.387083929032087,shared_2l_dec_tail
4560,4.955348093062639,0.37318281829357147,4.476545145735145,shared_2l_dec_tail
4561,4.917285172268748,0.3754710778594017,4.437431925907731,shared_2l_dec_tail
4562,4.965703934431076,0.363130122423172,4.494709894061089,shared_2l_dec_tail
4563,4.8502429854124784,0.37115183658897877,4.373603034764528,shared_2l_dec_tail
4564,4.906747955828905,0.3668398130685091,4.432708024978638,shared_2l_dec_tail
4565,5.465622991323471,0.8166278712451458,4.527317127212882,shared_2l_dec_tail
4566,4.992549074813724,0.3812708891928196,4.504471085965633,shared_2l_dec_tail
4567,4.920824896544218,0.378388911485672,4.436389077454805,shared_2l_dec_tail
4568,5.004788050428033,0.3770040348172188,4.518802976235747,shared_2l_dec_tail
4569,4.860564833506942,0.3756461665034294,4.378985846415162,shared_2l_dec_tail
4570,4.945990163832903,0.37344498559832573,4.465778125450015,shared_2l_dec_tail
4571,4.85459784977138,0.36775204353034496,4.380009835585952,shared_2l_dec_tail
4572,4.959939979016781,0.36753597669303417,4.485101904720068,shared_2l_dec_tail
4573,4.905636189505458,0.3657129127532244,4.432713147252798,shared_2l_dec_tail
4574,4.875182872638106,0.3663960378617048,4.400693811476231,shared_2l_dec_tail
4575,4.921943880617619,0.3686340060085058,4.4466198887676,shared_2l_dec_tail
4576,4.911436000838876,0.3696850035339594,4.434203030541539,shared_2l_dec_tail
4577,4.924100823700428,0.36481511779129505,4.453799920156598,shared_2l_dec_tail
4578,4.848900018259883,0.364718958735466,4.374078940600157,shared_2l_dec_tail
4579,4.899594932794571,0.37553394213318825,4.4180541299283504,shared_2l_dec_tail
4580,4.931535804644227,0.3765400033444166,4.448014078661799,shared_2l_dec_tail
4581,5.527379922568798,0.8073390927165747,4.599863896146417,shared_2l_dec_tail
4582,4.976531025022268,0.37692394107580185,4.48937714099884,shared_2l_dec_tail
4583,4.945838125422597,0.3663289826363325,4.473784938454628,shared_2l_dec_tail
4584,4.898807033896446,0.368364155292511,4.426184808835387,shared_2l_dec_tail
4585,4.867050796747208,0.36948686465620995,4.390851128846407,shared_2l_dec_tail
4586,4.918559221550822,0.3734349738806486,4.436692921444774,shared_2l_dec_tail
4587,4.930601920932531,0.37641613744199276,4.445475991815329,shared_2l_dec_tail
4588,4.864128073677421,0.3806469030678272,4.376536002382636,shared_2l_dec_tail
4589,4.949070047587156,0.3758359234780073,4.468698054552078,shared_2l_dec_tail
4590,4.843235947191715,0.3738477826118469,4.363706102594733,shared_2l_dec_tail
4591,4.913599928840995,0.37009897641837597,4.436880815774202,shared_2l_dec_tail
4592,4.880209919065237,0.36528799682855606,4.408302018418908,shared_2l_dec_tail
4593,4.910279996693134,0.36427006125450134,4.438066855072975,shared_2l_dec_tail
4594,4.854660946875811,0.36447704769670963,4.385686945170164,shared_2l_dec_tail
4595,4.912734031677246,0.36646402440965176,4.438385833054781,shared_2l_dec_tail
4596,4.901117878034711,0.37097721360623837,4.421855788677931,shared_2l_dec_tail
4597,5.567706888541579,0.8099558763206005,4.63625299744308,shared_2l_dec_tail
4598,4.953586962074041,0.3741451073437929,4.472051979973912,shared_2l_dec_tail
4599,4.970957990735769,0.37371995858848095,4.491064930334687,shared_2l_dec_tail
4600,4.853365942835808,0.37420401349663734,4.374992102384567,shared_2l_dec_tail
4601,4.999280907213688,0.3661029040813446,4.524425137788057,shared_2l_dec_tail
4602,4.879188956692815,0.3668649587780237,4.40620887093246,shared_2l_dec_tail
4603,4.969367990270257,0.36646798253059387,4.49662609025836,shared_2l_dec_tail
4604,4.890399985015392,0.3736908547580242,4.4027031399309635,shared_2l_dec_tail
4605,4.911928903311491,0.3648269921541214,4.441364901140332,shared_2l_dec_tail
4606,4.885825095698237,0.3715250641107559,4.40909992903471,shared_2l_dec_tail
4607,4.938606172800064,0.3789530601352453,4.453229950740933,shared_2l_dec_tail
4608,4.850944969803095,0.3761458210647106,4.368405090644956,shared_2l_dec_tail
4609,4.9574540462344885,0.37448806688189507,4.478237824514508,shared_2l_dec_tail
4610,4.954073112457991,0.36596390418708324,4.481813870370388,shared_2l_dec_tail
4611,4.8625830095261335,0.3643848467618227,4.391984082758427,shared_2l_dec_tail
4612,4.956739954650402,0.36843493580818176,4.482883028686047,shared_2l_dec_tail
4613,5.564616061747074,0.8132478687912226,4.630520008504391,shared_2l_dec_tail
4614,4.936485085636377,0.3774820361286402,4.4526588171720505,shared_2l_dec_tail
4615,4.971556831151247,0.37649599835276604,4.488883074373007,shared_2l_dec_tail
4616,4.881599918007851,0.37838099524378777,4.396262113004923,shared_2l_dec_tail
4617,4.9849399365484715,0.3780648112297058,4.500018199905753,shared_2l_dec_tail
4618,4.965356085449457,0.3794569056481123,4.478922113776207,shared_2l_dec_tail
4619,4.9256631173193455,0.3757399972528219,4.442889941856265,shared_2l_dec_tail
4620,4.993207985535264,0.3745700232684612,4.512500017881393,shared_2l_dec_tail
4621,4.914913093671203,0.37730904296040535,4.432493122294545,shared_2l_dec_tail
4622,4.855543840676546,0.3664491232484579,4.38342709094286,shared_2l_dec_tail
4623,4.879839019849896,0.3694870974868536,4.404017003253102,shared_2l_dec_tail
4624,4.967693006619811,0.3678458742797375,4.4939350336790085,shared_2l_dec_tail
4625,4.85376687720418,0.3699508961290121,4.378884099423885,shared_2l_dec_tail
4626,4.945060005411506,0.3683010581880808,4.469264997169375,shared_2l_dec_tail
4627,4.905740963295102,0.3678780049085617,4.4268169440329075,shared_2l_dec_tail
4628,4.919638857245445,0.3714989870786667,4.440103890374303,shared_2l_dec_tail
4629,5.448667099699378,0.8097509853541851,4.516894929111004,shared_2l_dec_tail
4630,4.9606249667704105,0.372809125110507,4.4779391027987,shared_2l_dec_tail
4631,4.944710060954094,0.3735108766704798,4.465286154299974,shared_2l_dec_tail
4632,4.928041948005557,0.36908499896526337,4.451907007023692,shared_2l_dec_tail
4633,4.86945896409452,0.36982586607337,4.392032045871019,shared_2l_dec_tail
4634,4.977453965693712,0.3679688088595867,4.50280006043613,shared_2l_dec_tail
4635,4.908032016828656,0.3680919762700796,4.42778505384922,shared_2l_dec_tail
4636,4.9920161254704,0.37200702354311943,4.508705111220479,shared_2l_dec_tail
4637,4.849628079682589,0.3712349571287632,4.3723140843212605,shared_2l_dec_tail
4638,4.954200005158782,0.37621892988681793,4.470721120014787,shared_2l_dec_tail
4639,4.931632895022631,0.37730601616203785,4.448016174137592,shared_2l_dec_tail
4640,4.941392922773957,0.3786010202020407,4.455785034224391,shared_2l_dec_tail
4641,4.959804005920887,0.3789078909903765,4.473116947337985,shared_2l_dec_tail
4642,4.877448081970215,0.3735460340976715,4.394772928208113,shared_2l_dec_tail
4643,4.975664196535945,0.36828499287366867,4.453412955626845,shared_2l_dec_tail
4644,4.933913936838508,0.3886690828949213,4.4246879406273365,shared_2l_dec_tail
4645,5.5471898522228,0.8151850197464228,4.614075180143118,shared_2l_dec_tail
4646,4.979033023118973,0.3750859759747982,4.496362060308456,shared_2l_dec_tail
4647,4.980990197509527,0.3709769807755947,4.501657094806433,shared_2l_dec_tail
4648,4.895088961347938,0.37328386679291725,4.4148031156510115,shared_2l_dec_tail
4649,4.922111053019762,0.37877680733799934,4.436533199623227,shared_2l_dec_tail
4650,4.852508893236518,0.37223706021904945,4.373074974864721,shared_2l_dec_tail
4651,4.941127961501479,0.37388713099062443,4.460945958271623,shared_2l_dec_tail
4652,4.862954840064049,0.37664594128727913,4.379908088594675,shared_2l_dec_tail
4653,4.872640129178762,0.36578718572854996,4.400039790198207,shared_2l_dec_tail
4654,4.965935833752155,0.36948896013200283,4.48973011225462,shared_2l_dec_tail
4655,4.931925097480416,0.36753201857209206,4.45755198597908,shared_2l_dec_tail
4656,4.860098008066416,0.36714691668748856,4.386667162179947,shared_2l_dec_tail
4657,4.936367971822619,0.36896602250635624,4.4622349087148905,shared_2l_dec_tail
4658,4.9086930230259895,0.3719411324709654,4.42540692165494,shared_2l_dec_tail
4659,4.968187073245645,0.3710598684847355,4.487833008170128,shared_2l_dec_tail
4660,4.9256570637226105,0.37062005139887333,4.447493003681302,shared_2l_dec_tail
4661,5.542598897591233,0.806660857051611,4.6093580313026905,shared_2l_dec_tail
4662,4.990522051230073,0.3744990099221468,4.50737401843071,shared_2l_dec_tail
4663,4.888705210760236,0.3681520465761423,4.411918809637427,shared_2l_dec_tail
4664,4.9253199249506,0.3722039982676506,4.44697099737823,shared_2l_dec_tail
4665,4.89814905449748,0.3675948828458786,4.422185011208057,shared_2l_dec_tail
4666,4.967818967998028,0.370916910469532,4.490134073421359,shared_2l_dec_tail
4667,4.906296031549573,0.37080910988152027,4.42726188339293,shared_2l_dec_tail
4668,4.897671984508634,0.3685029223561287,4.421323072165251,shared_2l_dec_tail
4669,4.927339963614941,0.36792480386793613,4.4536401983350515,shared_2l_dec_tail
4670,4.907370079308748,0.37479493767023087,4.426667932420969,shared_2l_dec_tail
4671,4.940591985359788,0.3747448790818453,4.459528950974345,shared_2l_dec_tail
4672,4.880888853222132,0.3816010430455208,4.390907008200884,shared_2l_dec_tail
4673,4.964274819940329,0.37805410102009773,4.480042960494757,shared_2l_dec_tail
4674,4.920128034427762,0.37822104059159756,4.433288937434554,shared_2l_dec_tail
4675,4.859945038333535,0.37729786708950996,4.376311087980866,shared_2l_dec_tail
4676,4.861483117565513,0.36628800444304943,4.388637142255902,shared_2l_dec_tail
4677,5.537955090403557,0.8121831342577934,4.605782916769385,shared_2l_dec_tail
4678,4.988264990970492,0.3787719178944826,4.50210296548903,shared_2l_dec_tail
4679,4.9596671015024185,0.37659890949726105,4.475030116736889,shared_2l_dec_tail
4680,4.931485978886485,0.3800650592893362,4.442980978637934,shared_2l_dec_tail
4681,4.888636060059071,0.38060196675360203,4.400525009259582,shared_2l_dec_tail
4682,4.914287012070417,0.37826201878488064,4.4296178966760635,shared_2l_dec_tail
4683,4.882829030975699,0.3733099438250065,4.403171129524708,shared_2l_dec_tail
4684,4.931641975417733,0.36826287396252155,4.455696092918515,shared_2l_dec_tail
4685,4.912346135824919,0.3708710428327322,4.432925023138523,shared_2l_dec_tail
4686,4.8399080988019705,0.37110806442797184,4.363707033917308,shared_2l_dec_tail
4687,4.843482980504632,0.3702179528772831,4.371165996417403,shared_2l_dec_tail
4688,4.909947980195284,0.37181517109274864,4.4315350241959095,shared_2l_dec_tail
4689,4.865378141403198,0.3796608652919531,4.377690143883228,shared_2l_dec_tail
4690,4.947685869410634,0.381705816835165,4.457797156646848,shared_2l_dec_tail
4691,4.962194012477994,0.38317800499498844,4.473211942240596,shared_2l_dec_tail
4692,4.952818853780627,0.38339500315487385,4.4630111660808325,shared_2l_dec_tail
4693,5.528897047042847,0.8137549739331007,4.594825208187103,shared_2l_dec_tail
4694,4.9877779092639685,0.37566595710814,4.501736024394631,shared_2l_dec_tail
4695,4.946460947394371,0.37628808058798313,4.463115939870477,shared_2l_dec_tail
4696,4.941614810377359,0.37222402170300484,4.4630360789597034,shared_2l_dec_tail
4697,4.883612040430307,0.3737439401447773,4.403420956805348,shared_2l_dec_tail
4698,4.963686922565103,0.36982703022658825,4.480705829337239,shared_2l_dec_tail
4699,4.895400023087859,0.3738990053534508,4.4138210359960794,shared_2l_dec_tail
4700,4.942133091390133,0.3791218623518944,4.457795061171055,shared_2l_dec_tail
4701,4.930310882627964,0.3794468939304352,4.44292020983994,shared_2l_dec_tail
4702,4.88378806039691,0.38162292912602425,4.39411704428494,shared_2l_dec_tail
4703,4.941698862239718,0.37590903230011463,4.459555028006434,shared_2l_dec_tail
4704,4.932634066790342,0.37879706360399723,4.449715837836266,shared_2l_dec_tail
4705,4.868570948019624,0.3745590802282095,4.388184053823352,shared_2l_dec_tail
4706,4.9716520588845015,0.37268991582095623,4.491693107411265,shared_2l_dec_tail
4707,4.950563190504909,0.3701609093695879,4.474177025258541,shared_2l_dec_tail
4708,4.936497891321778,0.37681986577808857,4.452828085049987,shared_2l_dec_tail
4709,5.5448629427701235,0.8141170255839825,4.611369920894504,shared_2l_dec_tail
4710,4.9823380541056395,0.3831549547612667,4.491679137572646,shared_2l_dec_tail
4711,4.886294947937131,0.3803451545536518,4.398474935442209,shared_2l_dec_tail
4712,4.975498886778951,0.38434285670518875,4.483269993215799,shared_2l_dec_tail
4713,4.940265789628029,0.3812380600720644,4.451612941920757,shared_2l_dec_tail
4714,4.977358039468527,0.3809568006545305,4.488250007852912,shared_2l_dec_tail
4715,4.896902944892645,0.38484297692775726,4.405115963891149,shared_2l_dec_tail
4716,4.93517704308033,0.3697909414768219,4.461164120584726,shared_2l_dec_tail
4717,4.879518877714872,0.3735169302672148,4.400093108415604,shared_2l_dec_tail
4718,4.929219838231802,0.3739830572158098,4.446387989446521,shared_2l_dec_tail
4719,4.954705014824867,0.3716018982231617,4.476264119148254,shared_2l_dec_tail
4720,4.932058975100517,0.3742279950529337,4.451259970664978,shared_2l_dec_tail
4721,4.982482874765992,0.3755069337785244,4.499912029132247,shared_2l_dec_tail
4722,4.9401449505239725,0.3768519964069128,4.45502414368093,shared_2l_dec_tail
4723,4.996466217562556,0.3735148347914219,4.516709130257368,shared_2l_dec_tail
4724,4.904645960777998,0.3739381209015846,4.413969814777374,shared_2l_dec_tail
4725,5.553686060011387,0.8074510842561722,4.627381917089224,shared_2l_dec_tail
4726,5.002385005354881,0.38419407792389393,4.506617086008191,shared_2l_dec_tail
4727,4.960872931405902,0.3846508916467428,4.468843108043075,shared_2l_dec_tail
4728,5.015557864680886,0.3813889343291521,4.5270181726664305,shared_2l_dec_tail
4729,4.909268114715815,0.3779588732868433,4.423017147928476,shared_2l_dec_tail
4730,4.989324836060405,0.3697590436786413,4.511388950049877,shared_2l_dec_tail
4731,4.893308971077204,0.3738009836524725,4.411282949149609,shared_2l_dec_tail
4732,4.973071161657572,0.3717411309480667,4.493498941883445,shared_2l_dec_tail
4733,4.890162032097578,0.365949934348464,4.419063916429877,shared_2l_dec_tail
4734,4.96968999505043,0.37435395643115044,4.489113111048937,shared_2l_dec_tail
4735,4.874869016930461,0.3675459884107113,4.402064951136708,shared_2l_dec_tail
4736,4.934696946293116,0.3717259969562292,4.456156864762306,shared_2l_dec_tail
4737,4.8193607944995165,0.37179188802838326,4.341901047155261,shared_2l_dec_tail
4738,4.926129011437297,0.3771660849452019,4.442409845069051,shared_2l_dec_tail
4739,4.857782041653991,0.3801928833127022,4.369976930320263,shared_2l_dec_tail
4740,4.9640219658613205,0.38139708340168,4.475563997402787,shared_2l_dec_tail
4741,5.536510143429041,0.8251280523836613,4.590305034071207,shared_2l_dec_tail
4742,4.973993171006441,0.372159993276,4.492743872106075,shared_2l_dec_tail
4743,4.864837042987347,0.37231482565402985,4.386228043586016,shared_2l_dec_tail
4744,4.870855947956443,0.3718629013746977,4.385141190141439,shared_2l_dec_tail
4745,4.919718950986862,0.37249084562063217,4.441277123987675,shared_2l_dec_tail
4746,4.891121992841363,0.3807980101555586,4.402332007884979,shared_2l_dec_tail
4747,4.946205066516995,0.3857158590108156,4.454592941328883,shared_2l_dec_tail
4748,4.916999954730272,0.3818750847131014,4.427240928635001,shared_2l_dec_tail
4749,4.940914921462536,0.37805503234267235,4.454263020306826,shared_2l_dec_tail
4750,4.923272877931595,0.37474092096090317,4.441133001819253,shared_2l_dec_tail
4751,4.9365980084985495,0.37345895543694496,4.455518908798695,shared_2l_dec_tail
4752,4.895384190604091,0.36851316690444946,4.4201938435435295,shared_2l_dec_tail
4753,4.8884921707212925,0.36692689172923565,4.415370058268309,shared_2l_dec_tail
4754,4.952756920829415,0.3680698573589325,4.477796144783497,shared_2l_dec_tail
4755,4.850727040320635,0.37480005994439125,4.370282869786024,shared_2l_dec_tail
4756,4.910422023385763,0.3731020260602236,4.4352340046316385,shared_2l_dec_tail
4757,5.4770829156041145,0.8006100542843342,4.55688196234405,shared_2l_dec_tail
4758,4.982342012226582,0.374549999833107,4.4980100356042385,shared_2l_dec_tail
4759,4.904297878965735,0.3757800441235304,4.420788958668709,shared_2l_dec_tail
4760,5.006156163290143,0.3738088998943567,4.5255739241838455,shared_2l_dec_tail
4761,4.9135510344058275,0.3777428064495325,4.429462132975459,shared_2l_dec_tail
4762,4.932217067107558,0.3688810393214226,4.45620808750391,shared_2l_dec_tail
4763,4.879471845924854,0.3699599765241146,4.403717117384076,shared_2l_dec_tail
4764,4.956766963005066,0.3734198398888111,4.477450158447027,shared_2l_dec_tail
4765,4.840286914259195,0.37249899469316006,4.359057173132896,shared_2l_dec_tail
4766,4.972825990989804,0.37533813156187534,4.490636987611651,shared_2l_dec_tail
4767,4.877361934632063,0.37569086998701096,4.393710056319833,shared_2l_dec_tail
4768,4.995674826204777,0.3797810059040785,4.508010111749172,shared_2l_dec_tail
4769,4.875877173617482,0.3836799878627062,4.386430140584707,shared_2l_dec_tail
4770,4.981050034984946,0.3819270059466362,4.493426997214556,shared_2l_dec_tail
4771,4.945969907566905,0.38448814302682877,4.453836008906364,shared_2l_dec_tail
4772,4.895427031442523,0.37886505015194416,4.4081860687583685,shared_2l_dec_tail
4773,5.505987908691168,0.8173370733857155,4.567733965814114,shared_2l_dec_tail
4774,4.971492104232311,0.37820800207555294,4.486332880333066,shared_2l_dec_tail
4775,4.904454108327627,0.3795190714299679,4.413076909258962,shared_2l_dec_tail
4776,4.947912180796266,0.3725290298461914,4.467551130801439,shared_2l_dec_tail
4777,4.889410920441151,0.38046413101255894,4.40277298912406,shared_2l_dec_tail
4778,4.872268997132778,0.3806739114224911,4.387024091556668,shared_2l_dec_tail
4779,4.910783842206001,0.383010134100914,4.420565906912088,shared_2l_dec_tail
4780,4.9935090355575085,0.382833881303668,4.504956072196364,shared_2l_dec_tail
4781,4.864524817094207,0.3759581595659256,4.381293896585703,shared_2l_dec_tail
4782,4.9933260306715965,0.3707429859787226,4.516853950917721,shared_2l_dec_tail
4783,4.875458078458905,0.36976789124310017,4.399754106998444,shared_2l_dec_tail
4784,4.86034294590354,0.37154508754611015,4.382740939036012,shared_2l_dec_tail
4785,4.841411951929331,0.3741709515452385,4.361592000350356,shared_2l_dec_tail
4786,4.965145140886307,0.3749248571693897,4.484338918700814,shared_2l_dec_tail
4787,4.862167872488499,0.37318095564842224,4.3836780823767185,shared_2l_dec_tail
4788,4.9244100227952,0.3786340821534395,4.441380966454744,shared_2l_dec_tail
4789,5.480827065184712,0.8096299134194851,4.552727099508047,shared_2l_dec_tail
4790,4.932902054861188,0.37648691795766354,4.449193133041263,shared_2l_dec_tail
4791,4.945863038301468,0.37318491376936436,4.4657590333372355,shared_2l_dec_tail
4792,4.904064815491438,0.37336908280849457,4.4217880349606276,shared_2l_dec_tail
4793,4.974366165697575,0.37004402838647366,4.497592803090811,shared_2l_dec_tail
4794,4.938903963193297,0.3806289751082659,4.451053915545344,shared_2l_dec_tail
4795,4.846835043281317,0.37307292222976685,4.367659101262689,shared_2l_dec_tail
4796,4.988964181393385,0.378631055355072,4.501490853726864,shared_2l_dec_tail
4797,4.930390976369381,0.3764508292078972,4.448184045031667,shared_2l_dec_tail
4798,4.949741996824741,0.38506602868437767,4.459659801796079,shared_2l_dec_tail
4799,4.894271958619356,0.3773649223148823,4.408753011375666,shared_2l_dec_tail
4800,4.936231067404151,0.38165412843227386,4.448457853868604,shared_2l_dec_tail
4801,4.942863015457988,0.3791369963437319,4.458406008780003,shared_2l_dec_tail
4802,4.912758944556117,0.3834280651062727,4.422585945576429,shared_2l_dec_tail
4803,4.956285003572702,0.37131994031369686,4.476785892620683,shared_2l_dec_tail
4804,4.910205025225878,0.37350901402533054,4.429863998666406,shared_2l_dec_tail
4805,5.477291997522116,0.8131039794534445,4.5436350628733635,shared_2l_dec_tail
4806,5.187334958463907,0.38586510345339775,4.694449016824365,shared_2l_dec_tail
4807,4.9128110986202955,0.37951418198645115,4.426309838891029,shared_2l_dec_tail
4808,4.981786943972111,0.37126895040273666,4.5005271676927805,shared_2l_dec_tail
4809,4.929390037432313,0.3757739905267954,4.447357030585408,shared_2l_dec_tail
4810,4.914389923214912,0.38290279917418957,4.424478160217404,shared_2l_dec_tail
4811,4.957790020853281,0.3828729968518019,4.4669839553534985,shared_2l_dec_tail
4812,4.939808044582605,0.3864029422402382,4.445983096957207,shared_2l_dec_tail
4813,4.883542889729142,0.38702599704265594,4.389957059174776,shared_2l_dec_tail
4814,4.981884034350514,0.3792089410126209,4.496375098824501,shared_2l_dec_tail
4815,4.871449898928404,0.3825281746685505,4.381977953016758,shared_2l_dec_tail
4816,4.976120078936219,0.373197952285409,4.494497086852789,shared_2l_dec_tail
4817,4.869772121310234,0.3723560366779566,4.388985922560096,shared_2l_dec_tail
4818,4.9644471146166325,0.37511601112782955,4.48144506663084,shared_2l_dec_tail
4819,4.882334964349866,0.3752131015062332,4.401197889819741,shared_2l_dec_tail
4820,4.962083883583546,0.3718410152941942,4.483158001676202,shared_2l_dec_tail
4821,5.5134829599410295,0.8146630134433508,4.5778879430145025,shared_2l_dec_tail
4822,4.990181885659695,0.3846399486064911,4.497969057410955,shared_2l_dec_tail
4823,4.933045944198966,0.38665509782731533,4.439308773726225,shared_2l_dec_tail
4824,4.909649025648832,0.3841589204967022,4.416872980073094,shared_2l_dec_tail
4825,4.935653880238533,0.38167601451277733,4.4444159138947725,shared_2l_dec_tail
4826,4.927461966872215,0.37304009310901165,4.449001047760248,shared_2l_dec_tail
4827,4.8750899732112885,0.37590996362268925,4.393609007820487,shared_2l_dec_tail
4828,4.986453801393509,0.3768960013985634,4.502974916249514,shared_2l_dec_tail
4829,4.836247069761157,0.3722631372511387,4.357967991381884,shared_2l_dec_tail
4830,4.905269015580416,0.3738568630069494,4.4243112206459045,shared_2l_dec_tail
4831,4.845810122787952,0.3766950685530901,4.362279083579779,shared_2l_dec_tail
4832,4.893171833828092,0.3837880212813616,4.401189973577857,shared_2l_dec_tail
4833,4.966041073203087,0.38025015965104103,4.479613853618503,shared_2l_dec_tail
4834,4.955788142979145,0.3834539093077183,4.466000944375992,shared_2l_dec_tail
4835,4.890978103503585,0.3892180975526571,4.3957659509032965,shared_2l_dec_tail
4836,5.00139407813549,0.38100103847682476,4.513975000008941,shared_2l_dec_tail
4837,5.55438594892621,0.8220470044761896,4.612358985468745,shared_2l_dec_tail
4838,5.007897038012743,0.3799519035965204,4.518751986324787,shared_2l_dec_tail
4839,4.9336981028318405,0.3769479226320982,4.449151922017336,shared_2l_dec_tail
4840,4.8677499871701,0.3760010004043579,4.384368192404509,shared_2l_dec_tail
4841,4.928302951157093,0.3814070951193571,4.43791993893683,shared_2l_dec_tail
4842,4.902184009552002,0.3795190714299679,4.41559893079102,shared_2l_dec_tail
4843,4.949507070705295,0.38238801062107086,4.460347816348076,shared_2l_dec_tail
4844,4.928726935759187,0.38505508564412594,4.436814924702048,shared_2l_dec_tail
4845,4.987422144040465,0.3819491248577833,4.497668938711286,shared_2l_dec_tail
4846,4.935698118060827,0.3832918591797352,4.444946069270372,shared_2l_dec_tail
4847,4.957756958901882,0.38658990524709225,4.463295917958021,shared_2l_dec_tail
4848,4.877472994849086,0.381645979359746,4.390589892864227,shared_2l_dec_tail
4849,4.935153992846608,0.3930628299713135,4.433542024344206,shared_2l_dec_tail
4850,4.9329460598528385,0.37447200156748295,4.4521118979901075,shared_2l_dec_tail
4851,4.905574955046177,0.3765108995139599,4.422342171892524,shared_2l_dec_tail
4852,4.925472196191549,0.37336605601012707,4.446048056706786,shared_2l_dec_tail
4853,5.553562194108963,0.8274458814412355,4.607552196830511,shared_2l_dec_tail
4854,4.93201706558466,0.392695888876915,4.432275192812085,shared_2l_dec_tail
4855,4.891533870249987,0.38498896174132824,4.399615107104182,shared_2l_dec_tail
4856,4.977917997166514,0.38792798295617104,4.484103061258793,shared_2l_dec_tail
4857,4.937778925523162,0.3869989886879921,4.444313934072852,shared_2l_dec_tail
4858,4.927580943331122,0.3877498675137758,4.431546200066805,shared_2l_dec_tail
4859,4.8670240212231874,0.38362410850822926,4.3775897938758135,shared_2l_dec_tail
4860,4.96816891245544,0.37399702705442905,4.486090037971735,shared_2l_dec_tail
4861,4.950851900503039,0.3736980725079775,4.46978397667408,shared_2l_dec_tail
4862,4.873882979154587,0.3725090064108372,4.395477008074522,shared_2l_dec_tail
4863,4.903960041701794,0.3725718706846237,4.4235349632799625,shared_2l_dec_tail
4864,4.956630989909172,0.37724687717854977,4.472120199352503,shared_2l_dec_tail
4865,4.886233014985919,0.3788410685956478,4.39754594117403,shared_2l_dec_tail
4866,4.966974025592208,0.3770580515265465,4.477638052776456,shared_2l_dec_tail
4867,4.8786739353090525,0.37436001002788544,4.398880060762167,shared_2l_dec_tail
4868,4.974482813850045,0.3808119799941778,4.487792961299419,shared_2l_dec_tail
4869,5.572922993451357,0.8228020742535591,4.629598930478096,shared_2l_dec_tail
4870,4.9672171007841825,0.3791837953031063,4.482600139454007,shared_2l_dec_tail
4871,4.890200914815068,0.3743511624634266,4.40949690528214,shared_2l_dec_tail
4872,4.991557914763689,0.3768131136894226,4.5068219769746065,shared_2l_dec_tail
4873,4.950002999976277,0.37600588984787464,4.466461017727852,shared_2l_dec_tail
4874,4.874160047620535,0.3752410411834717,4.393199924379587,shared_2l_dec_tail
4875,4.957389086484909,0.3788669127970934,4.472284112125635,shared_2l_dec_tail
4876,4.991643130779266,0.37448504008352757,4.510005004703999,shared_2l_dec_tail
4877,4.906016867607832,0.3782410640269518,4.424727987498045,shared_2l_dec_tail
4878,4.972977098077536,0.3767358139157295,4.488760139793158,shared_2l_dec_tail
4879,4.989937879145145,0.3793619107455015,4.49680513702333,shared_2l_dec_tail
4880,4.977369215339422,0.3778690006583929,4.486327990889549,shared_2l_dec_tail
4881,4.877037135884166,0.3773511853069067,4.392529837787151,shared_2l_dec_tail
4882,4.968699067831039,0.385720981284976,4.476968897506595,shared_2l_dec_tail
4883,4.890973912551999,0.3821849822998047,4.403886152431369,shared_2l_dec_tail
4884,4.945195047184825,0.38233911618590355,4.457468865439296,shared_2l_dec_tail
4885,5.545460153371096,0.8270861580967903,4.597947001457214,shared_2l_dec_tail
4886,4.982992075383663,0.381021061912179,4.493465879932046,shared_2l_dec_tail
4887,4.905119072645903,0.37541892379522324,4.421588033437729,shared_2l_dec_tail
4888,4.8792141024023294,0.376641983166337,4.398363875225186,shared_2l_dec_tail
4889,4.944066051393747,0.3719329833984375,4.462258890271187,shared_2l_dec_tail
4890,4.862944129854441,0.37646410055458546,4.379123914986849,shared_2l_dec_tail
4891,4.980086116120219,0.37975306622684,4.494198132306337,shared_2l_dec_tail
4892,4.957725061103702,0.38479617796838284,4.464869853109121,shared_2l_dec_tail
4893,4.913317039608955,0.3841088619083166,4.422059049829841,shared_2l_dec_tail
4894,4.877759842202067,0.3862581215798855,4.383788909763098,shared_2l_dec_tail
4895,4.926674999296665,0.37917005829513073,4.440566059201956,shared_2l_dec_tail
4896,4.872302990406752,0.3788219764828682,4.385943058878183,shared_2l_dec_tail
4897,4.921582993119955,0.37207012064754963,4.443446872755885,shared_2l_dec_tail
4898,4.93897614069283,0.37539913319051266,4.455932881683111,shared_2l_dec_tail
4899,4.92091802880168,0.3727409057319164,4.440258955582976,shared_2l_dec_tail
4900,4.9151580315083265,0.38023386150598526,4.427585052326322,shared_2l_dec_tail
4901,5.558402044698596,0.8159829303622246,4.622183041647077,shared_2l_dec_tail
4902,5.107800010591745,0.3913950640708208,4.607554990798235,shared_2l_dec_tail
4903,4.935628967359662,0.38263900205492973,4.444519989192486,shared_2l_dec_tail
4904,4.965542117133737,0.38290093652904034,4.4751891400665045,shared_2l_dec_tail
4905,4.951246082782745,0.38846395909786224,4.456867929548025,shared_2l_dec_tail
4906,4.902907880023122,0.38083712570369244,4.414375871419907,shared_2l_dec_tail
4907,4.979166900739074,0.38168602623045444,4.489365965127945,shared_2l_dec_tail
4908,4.863090114668012,0.3807968460023403,4.374208161607385,shared_2l_dec_tail
4909,4.950104979798198,0.37580193020403385,4.467558115720749,shared_2l_dec_tail
4910,4.854563856497407,0.37550204433500767,4.373620031401515,shared_2l_dec_tail
4911,4.878757055848837,0.3736549988389015,4.39810985699296,shared_2l_dec_tail
4912,4.846806172281504,0.3724049311131239,4.369042115285993,shared_2l_dec_tail
4913,4.974374081939459,0.37837098352611065,4.483717028051615,shared_2l_dec_tail
4914,4.957040073350072,0.3759758546948433,4.474906949326396,shared_2l_dec_tail
4915,4.941718885675073,0.3782389685511589,4.457673989236355,shared_2l_dec_tail
4916,4.863186972215772,0.38406788371503353,4.374080104753375,shared_2l_dec_tail
4917,5.792494164779782,1.0278380941599607,4.636717028915882,shared_2l_dec_tail
4918,4.995864117518067,0.38945418782532215,4.498255904763937,shared_2l_dec_tail
4919,4.9266149289906025,0.3819179255515337,4.437644965946674,shared_2l_dec_tail
4920,4.960949998348951,0.3718319348990917,4.481117008253932,shared_2l_dec_tail
4921,4.955678945407271,0.3755760844796896,4.474482033401728,shared_2l_dec_tail
4922,4.879964981228113,0.3761579282581806,4.396387143060565,shared_2l_dec_tail
4923,4.950241185724735,0.372536014765501,4.471339983865619,shared_2l_dec_tail
4924,4.931874107569456,0.37762895226478577,4.4475330505520105,shared_2l_dec_tail
4925,4.9123510252684355,0.3780699335038662,4.427597159519792,shared_2l_dec_tail
4926,4.964479012414813,0.37837005220353603,4.478069953620434,shared_2l_dec_tail
4927,4.955740878358483,0.37980196066200733,4.469575127586722,shared_2l_dec_tail
4928,4.872708115726709,0.3754580393433571,4.3901249300688505,shared_2l_dec_tail
4929,4.963716957718134,0.37778099067509174,4.478943068534136,shared_2l_dec_tail
4930,4.950922913849354,0.38039498031139374,4.464452853426337,shared_2l_dec_tail
4931,4.966004053130746,0.38516498170793056,4.472478060051799,shared_2l_dec_tail
4932,4.927502013742924,0.3822839353233576,4.437397001311183,shared_2l_dec_tail
4933,5.556941032409668,0.819177133962512,4.616678925231099,shared_2l_dec_tail
4934,5.017975112423301,0.37695281207561493,4.5329800341278315,shared_2l_dec_tail
4935,5.012026056647301,0.37830998189747334,4.525918047875166,shared_2l_dec_tail
4936,4.915537079796195,0.37468201480805874,4.431548994034529,shared_2l_dec_tail
4937,4.991149064153433,0.37697702646255493,4.507472971454263,shared_2l_dec_tail
4938,4.906567046418786,0.3746300935745239,4.423611098900437,shared_2l_dec_tail
4939,4.970513051375747,0.37437211722135544,4.489320795983076,shared_2l_dec_tail
4940,4.966344218701124,0.37458306178450584,4.4842970091849566,shared_2l_dec_tail
4941,4.960124148055911,0.37811906076967716,4.476158879697323,shared_2l_dec_tail
4942,4.892059834674001,0.37814793176949024,4.405115963891149,shared_2l_dec_tail
4943,4.922847030684352,0.3711769822984934,4.441725090146065,shared_2l_dec_tail
4944,4.853461869060993,0.37372694350779057,4.373678006231785,shared_2l_dec_tail
4945,4.953308030962944,0.3836879041045904,4.46402607485652,shared_2l_dec_tail
4946,4.957380006089807,0.37940614856779575,4.470778862014413,shared_2l_dec_tail
4947,4.941236926242709,0.3798480611294508,4.453907022252679,shared_2l_dec_tail
4948,4.88059688359499,0.38540991954505444,4.387291148304939,shared_2l_dec_tail
4949,5.565368104726076,0.8240770548582077,4.620251944288611,shared_2l_dec_tail
4950,5.01514389179647,0.37730997428297997,4.529458004981279,shared_2l_dec_tail
4951,4.891441902145743,0.37478888407349586,4.410044988617301,shared_2l_dec_tail
4952,4.962553037330508,0.37982710637152195,4.475726978853345,shared_2l_dec_tail
4953,4.888259805738926,0.3752319607883692,4.408425185829401,shared_2l_dec_tail
4954,4.917222075164318,0.37668412551283836,4.432216985151172,shared_2l_dec_tail
4955,4.965625004842877,0.38482085801661015,4.474060144275427,shared_2l_dec_tail
4956,4.885702859610319,0.3815281670540571,4.396051866933703,shared_2l_dec_tail
4957,5.022214958444238,0.386842992156744,4.5276968739926815,shared_2l_dec_tail
4958,4.980053985491395,0.39055407978594303,4.48092189617455,shared_2l_dec_tail
4959,4.897272912785411,0.38966303691267967,4.39977296628058,shared_2l_dec_tail
4960,4.975941032171249,0.3840180579572916,4.484300035983324,shared_2l_dec_tail
4961,4.862535046413541,0.38251117803156376,4.374678013846278,shared_2l_dec_tail
4962,4.938988015055656,0.3722510300576687,4.459309857338667,shared_2l_dec_tail
4963,4.943981999531388,0.3779679536819458,4.458251874893904,shared_2l_dec_tail
4964,4.878175212070346,0.3754009958356619,4.395481199026108,shared_2l_dec_tail
4965,5.584568018093705,0.8172800298780203,4.647369962185621,shared_2l_dec_tail
4966,5.014928989112377,0.38947397843003273,4.516125191003084,shared_2l_dec_tail
4967,4.975522169843316,0.3811558708548546,4.484928911551833,shared_2l_dec_tail
4968,4.996376112103462,0.38436194881796837,4.504746990278363,shared_2l_dec_tail
4969,4.989467095583677,0.38557802326977253,4.496868001297116,shared_2l_dec_tail
4970,4.964007064700127,0.38140290416777134,4.473384935408831,shared_2l_dec_tail
4971,4.9170819111168385,0.38245413452386856,4.427985055372119,shared_2l_dec_tail
4972,4.99897706322372,0.38247695192694664,4.509574035182595,shared_2l_dec_tail
4973,4.95798303745687,0.3849910572171211,4.4676270335912704,shared_2l_dec_tail
4974,4.894834011793137,0.38644694723188877,4.40165912732482,shared_2l_dec_tail
4975,4.914171062409878,0.381863908842206,4.425618099048734,shared_2l_dec_tail
4976,4.883415065705776,0.3847929183393717,4.392683040350676,shared_2l_dec_tail
4977,4.902752814814448,0.3788331523537636,4.4170760083943605,shared_2l_dec_tail
4978,4.869363969191909,0.3734729252755642,4.389801062643528,shared_2l_dec_tail
4979,4.939850186929107,0.3735949285328388,4.461337113752961,shared_2l_dec_tail
4980,4.905450157821178,0.37650996819138527,4.421464167535305,shared_2l_dec_tail
4981,5.560728022828698,0.8062790147960186,4.63217799551785,shared_2l_dec_tail
4982,4.961475962772965,0.3876530099660158,4.466146929189563,shared_2l_dec_tail
4983,4.944481886923313,0.38260011933743954,4.453151952475309,shared_2l_dec_tail
4984,5.011843051761389,0.3859749995172024,4.518907982856035,shared_2l_dec_tail
4985,4.97039407491684,0.39061601273715496,4.472383065149188,shared_2l_dec_tail
4986,4.898460116237402,0.38451305590569973,4.406030988320708,shared_2l_dec_tail
4987,4.974287003278732,0.3764079883694649,4.4902951922267675,shared_2l_dec_tail
4988,4.906981019303203,0.3783127758651972,4.4214001391083,shared_2l_dec_tail
4989,4.959085024893284,0.38260617293417454,4.470478976145387,shared_2l_dec_tail
4990,4.930355120450258,0.37649599835276604,4.44645993411541,shared_2l_dec_tail
4991,4.934071097522974,0.37672300823032856,4.450313979759812,shared_2l_dec_tail
4992,4.9170509446412325,0.3753039054572582,4.433911060914397,shared_2l_dec_tail
4993,4.949395079165697,0.3757970407605171,4.466774873435497,shared_2l_dec_tail
4994,4.8949329648166895,0.3772759810090065,4.405875923112035,shared_2l_dec_tail
4995,4.945357097312808,0.37865201011300087,4.454923095181584,shared_2l_dec_tail
4996,4.917697049677372,0.3756708465516567,4.435515962541103,shared_2l_dec_tail
4997,5.569360917434096,0.8226819336414337,4.62443009018898,shared_2l_dec_tail
4998,4.9683088436722755,0.3828208427876234,4.477383103221655,shared_2l_dec_tail
4999,4.909408977255225,0.38212304934859276,4.4199947733432055,shared_2l_dec_tail
5000,4.9406238831579685,0.3777791280299425,4.455751972272992,shared_2l_dec_tail
5001,4.961055004969239,0.37788995541632175,4.47580311447382,shared_2l_dec_tail
5002,5.000576842576265,0.3799560945481062,4.5101880095899105,shared_2l_dec_tail
5003,4.938401049003005,0.37682801485061646,4.455620888620615,shared_2l_dec_tail
5004,4.901583073660731,0.3786119632422924,4.415459930896759,shared_2l_dec_tail
5005,4.975546151399612,0.3748668823391199,4.492432111874223,shared_2l_dec_tail
5006,4.926390014588833,0.37469901144504547,4.444122081622481,shared_2l_dec_tail
5007,4.999958211556077,0.38239010609686375,4.509051097556949,shared_2l_dec_tail
5008,4.886259092018008,0.3734349738806486,4.405539948493242,shared_2l_dec_tail
5009,4.896442871540785,0.3753430210053921,4.41456213593483,shared_2l_dec_tail
5010,5.007655825465918,0.3813318908214569,4.518080037087202,shared_2l_dec_tail
5011,4.9757398664951324,0.3850699868053198,4.482997115701437,shared_2l_dec_tail
5012,4.9591700080782175,0.38120406679809093,4.4699739664793015,shared_2l_dec_tail
5013,5.56419906206429,0.817237189039588,4.6280918177217245,shared_2l_dec_tail
5014,5.006592022255063,0.37828017957508564,4.51883184723556,shared_2l_dec_tail
5015,4.915955010801554,0.3817039541900158,4.427060950547457,shared_2l_dec_tail
5016,5.002154968678951,0.3806480672210455,4.514883970841765,shared_2l_dec_tail
5017,4.932967945933342,0.3785509616136551,4.446940030902624,shared_2l_dec_tail
5018,4.995938157662749,0.3752349875867367,4.511891165748239,shared_2l_dec_tail
5019,4.9664778634905815,0.378509983420372,4.480007104575634,shared_2l_dec_tail
5020,4.977183183655143,0.3738030791282654,4.495730856433511,shared_2l_dec_tail
5021,4.894467070698738,0.38045994006097317,4.407299915328622,shared_2l_dec_tail
5022,4.955807002261281,0.37633394822478294,4.472121130675077,shared_2l_dec_tail
5023,4.962884122505784,0.37577981129288673,4.48073516599834,shared_2l_dec_tail
5024,4.8861519899219275,0.37233904004096985,4.402135964483023,shared_2l_dec_tail
5025,4.965147934854031,0.37882011383771896,4.479341907426715,shared_2l_dec_tail
5026,4.9982808995991945,0.37545710802078247,4.5100930146873,shared_2l_dec_tail
5027,4.976917989552021,0.37918402813374996,4.485022975131869,shared_2l_dec_tail
5028,4.944522865116596,0.3785640001296997,4.459561081603169,shared_2l_dec_tail
5029,5.545237101614475,0.8189829532057047,4.606976173818111,shared_2l_dec_tail
5030,5.000625969842076,0.3771570045500994,4.515653010457754,shared_2l_dec_tail
5031,4.97422507032752,0.3800650592893362,4.487561993300915,shared_2l_dec_tail
5032,4.908137023448944,0.3744550049304962,4.4269259087741375,shared_2l_dec_tail
5033,4.975063027814031,0.37972605787217617,4.4890958815813065,shared_2l_dec_tail
5034,4.998655058443546,0.3756559453904629,4.513901891186833,shared_2l_dec_tail
5035,4.8688058741390705,0.3770580515265465,4.386623157188296,shared_2l_dec_tail
5036,4.999488824978471,0.3741330001503229,4.519697977229953,shared_2l_dec_tail
5037,4.880005028098822,0.37911394611001015,4.394612042233348,shared_2l_dec_tail
5038,4.9658589996397495,0.37450785748660564,4.484046017751098,shared_2l_dec_tail
5039,4.993007052689791,0.37183286622166634,4.515090957283974,shared_2l_dec_tail
5040,4.9109801184386015,0.37690578028559685,4.4234290253371,shared_2l_dec_tail
5041,4.988580942153931,0.378133961930871,4.49806684628129,shared_2l_dec_tail
5042,4.913338925689459,0.37936214357614517,4.425749881193042,shared_2l_dec_tail
5043,4.973169881850481,0.3866851329803467,4.47843293659389,shared_2l_dec_tail
5044,4.999162862077355,0.3880099393427372,4.503712989389896,shared_2l_dec_tail
5045,5.5365669541060925,0.821275869384408,4.594288999214768,shared_2l_dec_tail
5046,4.960599122568965,0.3853959497064352,4.466542042791843,shared_2l_dec_tail
5047,4.969881847500801,0.3801120910793543,4.482937976717949,shared_2l_dec_tail
5048,4.957542987540364,0.3807181492447853,4.469974897801876,shared_2l_dec_tail
5049,4.897083854302764,0.37984387017786503,4.409383051097393,shared_2l_dec_tail
5050,4.968591034412384,0.38164015859365463,4.479966824874282,shared_2l_dec_tail
5051,4.907852970063686,0.3784489817917347,4.422932164743543,shared_2l_dec_tail
5052,5.043359939008951,0.38040499202907085,4.555493127554655,shared_2l_dec_tail
5053,4.890884039923549,0.3758759703487158,4.408479202538729,shared_2l_dec_tail
5054,5.000502103939652,0.3718880470842123,4.520480986684561,shared_2l_dec_tail
5055,4.8905410803854465,0.3774850629270077,4.394699120894074,shared_2l_dec_tail
5056,4.883419023826718,0.37988205440342426,4.396457923576236,shared_2l_dec_tail
5057,4.94653289206326,0.3791369963437319,4.460862837731838,shared_2l_dec_tail
5058,5.016061011701822,0.3896229900419712,4.518697038292885,shared_2l_dec_tail
5059,4.94744093157351,0.3913990221917629,4.448035964742303,shared_2l_dec_tail
5060,4.968701163306832,0.3832131624221802,4.478652961552143,shared_2l_dec_tail
5061,5.5569850374013186,0.8327469695359468,4.6013230457901955,shared_2l_dec_tail
5062,5.017752991989255,0.3812219947576523,4.526808857917786,shared_2l_dec_tail
5063,4.929303890094161,0.37897215224802494,4.438288975507021,shared_2l_dec_tail
5064,4.989125998690724,0.37774606607854366,4.50554583221674,shared_2l_dec_tail
5065,4.950403003022075,0.3812829963862896,4.462122917175293,shared_2l_dec_tail
5066,5.0238859839737415,0.3810401540249586,4.535533953458071,shared_2l_dec_tail
5067,4.902869928628206,0.3787667956203222,4.416523035615683,shared_2l_dec_tail
5068,5.024940939620137,0.3802098799496889,4.538801033049822,shared_2l_dec_tail
5069,4.94944304227829,0.3801211714744568,4.4610328041017056,shared_2l_dec_tail
5070,4.9970680847764015,0.3740978427231312,4.514392931014299,shared_2l_dec_tail
5071,4.937229910865426,0.37827715277671814,4.4546229764819145,shared_2l_dec_tail
5072,4.911500960588455,0.376302981749177,4.423091886565089,shared_2l_dec_tail
5073,4.9773589707911015,0.3827170003205538,4.490114049986005,shared_2l_dec_tail
5074,4.954263800755143,0.3809600602835417,4.4622530695050955,shared_2l_dec_tail
5075,4.938867874443531,0.38575311191380024,4.445579834282398,shared_2l_dec_tail
5076,5.004741018638015,0.38482388481497765,4.511966137215495,shared_2l_dec_tail
5077,5.542716011404991,0.8142080623656511,4.602774977684021,shared_2l_dec_tail
5078,5.034055095165968,0.3830601926892996,4.5453018974512815,shared_2l_dec_tail
5079,5.014008143916726,0.3842238802462816,4.5226390939205885,shared_2l_dec_tail
5080,4.934009164571762,0.37750089541077614,4.4486261904239655,shared_2l_dec_tail
5081,4.974242066964507,0.37751300260424614,4.488654900342226,shared_2l_dec_tail
5082,4.929710878059268,0.37977006286382675,4.442489007487893,shared_2l_dec_tail
5083,4.940856015309691,0.380632933229208,4.452230175957084,shared_2l_dec_tail
5084,4.979803925380111,0.37825899198651314,4.492338979616761,shared_2l_dec_tail
5085,4.901683889329433,0.37592812441289425,4.418574972078204,shared_2l_dec_tail
5086,4.936568904668093,0.3721511457115412,4.457566887140274,shared_2l_dec_tail
5087,4.984272178262472,0.3789879847317934,4.497885005548596,shared_2l_dec_tail
5088,4.922049818560481,0.3823600709438324,4.433061927556992,shared_2l_dec_tail
5089,4.873004043474793,0.38220384158194065,4.381826147437096,shared_2l_dec_tail
5090,4.975027870386839,0.38138311356306076,4.479411989450455,shared_2l_dec_tail
5091,4.944237880408764,0.3821020945906639,4.455710994079709,shared_2l_dec_tail
5092,4.96967020444572,0.389954075217247,4.472699947655201,shared_2l_dec_tail
5093,5.563642829656601,0.8143680170178413,4.6290920581668615,shared_2l_dec_tail
5094,4.99698705971241,0.3850669600069523,4.502756986767054,shared_2l_dec_tail
5095,4.885778995230794,0.3784771542996168,4.400031873956323,shared_2l_dec_tail
5096,4.990607034415007,0.38132607005536556,4.5017770025879145,shared_2l_dec_tail
5097,4.969059024006128,0.381130026653409,4.480333067476749,shared_2l_dec_tail
5098,4.972290014848113,0.38462202064692974,4.479984054341912,shared_2l_dec_tail
5099,4.874187987297773,0.3768899478018284,4.3903610203415155,shared_2l_dec_tail
5100,5.009669112041593,0.37827109917998314,4.524619085714221,shared_2l_dec_tail
5101,4.933137912303209,0.38215494714677334,4.444022197276354,shared_2l_dec_tail
5102,4.998596850782633,0.37905992940068245,4.512252984568477,shared_2l_dec_tail
5103,4.957955097779632,0.3775369841605425,4.47369902394712,shared_2l_dec_tail
5104,4.971822956576943,0.3835679963231087,4.481582902371883,shared_2l_dec_tail
5105,4.954613046720624,0.3763441927731037,4.471592837944627,shared_2l_dec_tail
5106,4.97536500915885,0.38221385329961777,4.481621086597443,shared_2l_dec_tail
5107,4.881737986579537,0.3853959497064352,4.390052054077387,shared_2l_dec_tail
5108,4.958573961630464,0.3854248207062483,4.464784171432257,shared_2l_dec_tail
5109,5.578896030783653,0.8186439517885447,4.640225088223815,shared_2l_dec_tail
5110,4.93398611433804,0.38354983553290367,4.443237092345953,shared_2l_dec_tail
5111,4.964922089129686,0.3816180396825075,4.474899033084512,shared_2l_dec_tail
5112,4.89635206758976,0.37683802656829357,4.413623828440905,shared_2l_dec_tail
5113,5.006271880120039,0.38049393333494663,4.520214861258864,shared_2l_dec_tail
5114,4.891972988843918,0.37293811328709126,4.413499031215906,shared_2l_dec_tail
5115,4.9455370754003525,0.37526292726397514,4.463606979697943,shared_2l_dec_tail
5116,4.9355970695614815,0.37538609467446804,4.453286994248629,shared_2l_dec_tail
5117,4.88139595836401,0.38249208591878414,4.392446950078011,shared_2l_dec_tail
5118,4.926787922158837,0.37611788138747215,4.444410093128681,shared_2l_dec_tail
5119,4.913402022793889,0.38403389044106007,4.423295147716999,shared_2l_dec_tail
5120,4.86045191064477,0.3826180472970009,4.373008152469993,shared_2l_dec_tail
5121,4.850757075473666,0.38763205520808697,4.357001045718789,shared_2l_dec_tail
5122,4.955830983817577,0.3917771391570568,4.457226954400539,shared_2l_dec_tail
5123,4.865685943514109,0.37417211569845676,4.386343993246555,shared_2l_dec_tail
5124,4.93105105124414,0.38204691372811794,4.443736048415303,shared_2l_dec_tail
5125,5.572507856413722,0.8178229909390211,4.635221092030406,shared_2l_dec_tail
5126,5.020129960030317,0.38951518945395947,4.52536391094327,shared_2l_dec_tail
5127,4.9361069686710835,0.3764859866350889,4.453491885215044,shared_2l_dec_tail
5128,4.985110135748982,0.38685998879373074,4.4894409365952015,shared_2l_dec_tail
5129,4.935454111546278,0.38323481567204,4.445468075573444,shared_2l_dec_tail
5130,4.97994595207274,0.3870599903166294,4.485197830945253,shared_2l_dec_tail
5131,4.892509896308184,0.38942904211580753,4.397148033604026,shared_2l_dec_tail
5132,4.981618840247393,0.38670096546411514,4.488963168114424,shared_2l_dec_tail
5133,4.89267404191196,0.38361898623406887,4.402478924021125,shared_2l_dec_tail
5134,4.982183920219541,0.3849400673061609,4.490130813792348,shared_2l_dec_tail
5135,4.986058222129941,0.39264908991754055,4.486811114475131,shared_2l_dec_tail
5136,4.897240083664656,0.38842810317873955,4.4021038338541985,shared_2l_dec_tail
5137,4.9160069320350885,0.3786669112741947,4.4302730821073055,shared_2l_dec_tail
5138,4.996383097022772,0.3795130178332329,4.509914200752974,shared_2l_dec_tail
5139,4.883473971858621,0.38120499812066555,4.396362928673625,shared_2l_dec_tail
5140,4.897597013041377,0.3759420942515135,4.41443407908082,shared_2l_dec_tail
5141,5.576333962380886,0.8273660205304623,4.626807989552617,shared_2l_dec_tail
5142,4.984278930351138,0.3947718068957329,4.482147051021457,shared_2l_dec_tail
5143,4.976776894181967,0.39246492087841034,4.477732116356492,shared_2l_dec_tail
5144,4.9339618999511,0.3918570000678301,4.435515031218529,shared_2l_dec_tail
5145,4.991055000573397,0.38826698437333107,4.496477078646421,shared_2l_dec_tail
5146,4.9763519782572985,0.3931359387934208,4.475925117731094,shared_2l_dec_tail
5147,4.987708060070872,0.38548908196389675,4.496840061619878,shared_2l_dec_tail
5148,4.960126942023635,0.3877459093928337,4.46611107327044,shared_2l_dec_tail
5149,5.001978017389774,0.3848650958389044,4.51040780171752,shared_2l_dec_tail
5150,4.969879984855652,0.3886090125888586,4.474601941183209,shared_2l_dec_tail
5151,4.904604982584715,0.38424599915742874,4.413341172039509,shared_2l_dec_tail
5152,4.96629485860467,0.3856690600514412,4.47510089725256,shared_2l_dec_tail
5153,4.910473013296723,0.3778550308197737,4.426850005984306,shared_2l_dec_tail
5154,4.970192909240723,0.3794271033257246,4.484110977500677,shared_2l_dec_tail
5155,4.944973858073354,0.37942896597087383,4.459075862541795,shared_2l_dec_tail
5156,4.920348059386015,0.3785721492022276,4.435881972312927,shared_2l_dec_tail
5157,5.562651203945279,0.8232870604842901,4.619730869308114,shared_2l_dec_tail
5158,4.967767046764493,0.39483304135501385,4.465146921575069,shared_2l_dec_tail
5159,4.996288102120161,0.3878988791257143,4.502934170886874,shared_2l_dec_tail
5160,4.979009972885251,0.3890618681907654,4.4818229507654905,shared_2l_dec_tail
5161,4.976642783731222,0.3877519629895687,4.481184994801879,shared_2l_dec_tail
5162,4.960226826369762,0.3909131046384573,4.462759010493755,shared_2l_dec_tail
5163,4.96539194136858,0.3856709226965904,4.4724601320922375,shared_2l_dec_tail
5164,4.921681946143508,0.39098202250897884,4.4234690722078085,shared_2l_dec_tail
5165,4.999870201572776,0.38788397796452045,4.505698103457689,shared_2l_dec_tail
5166,4.875318845734,0.3855528775602579,4.383408930152655,shared_2l_dec_tail
5167,4.937750054523349,0.3765991423279047,4.454434849321842,shared_2l_dec_tail
5168,5.000061821192503,0.3790878690779209,4.513804102316499,shared_2l_dec_tail
5169,4.956783028319478,0.38020312786102295,4.470571875572205,shared_2l_dec_tail
5170,4.946928936988115,0.3760191611945629,4.465836798772216,shared_2l_dec_tail
5171,4.8757921904325485,0.3741381224244833,4.396073054522276,shared_2l_dec_tail
5172,4.956668009981513,0.37689204327762127,4.473414039239287,shared_2l_dec_tail
5173,5.5784680880606174,0.8320428896695375,4.623939981684089,shared_2l_dec_tail
5174,5.009334068745375,0.38935081101953983,4.512991057708859,shared_2l_dec_tail
5175,4.982426995411515,0.3904099576175213,4.4840979389846325,shared_2l_dec_tail
5176,5.003469064831734,0.3892660606652498,4.505843855440617,shared_2l_dec_tail
5177,4.966618958860636,0.38237404078245163,4.477806854993105,shared_2l_dec_tail
5178,4.985345061868429,0.38576312363147736,4.491028841584921,shared_2l_dec_tail
5179,4.952366929501295,0.3871200606226921,4.457122879102826,shared_2l_dec_tail
5180,5.002576857805252,0.386842992156744,4.508876940235496,shared_2l_dec_tail
5181,4.952145973220468,0.38826698437333107,4.460121039301157,shared_2l_dec_tail
5182,4.979649093002081,0.3899459261447191,4.482662072405219,shared_2l_dec_tail
5183,4.919482162222266,0.3884278703480959,4.424800164997578,shared_2l_dec_tail
5184,4.965648055076599,0.39018504321575165,4.468836123123765,shared_2l_dec_tail
5185,4.8851678147912025,0.3881971351802349,4.390747984871268,shared_2l_dec_tail
5186,4.9960799515247345,0.38101617246866226,4.508772864937782,shared_2l_dec_tail
5187,4.875063896179199,0.378770986571908,4.38850000500679,shared_2l_dec_tail
5188,5.01627498306334,0.38190395571291447,4.528156016021967,shared_2l_dec_tail
5189,5.5951690301299095,0.8283208590000868,4.640174098312855,shared_2l_dec_tail
5190,5.026758881285787,0.38887583650648594,4.524971125647426,shared_2l_dec_tail
5191,4.9129449762403965,0.3803761210292578,4.42404393106699,shared_2l_dec_tail
5192,4.986794898286462,0.3806198947131634,4.499675938859582,shared_2l_dec_tail
5193,4.890927113592625,0.38383412174880505,4.4000339694321156,shared_2l_dec_tail
5194,4.978136159479618,0.392077025026083,4.479720955714583,shared_2l_dec_tail
5195,4.893632838502526,0.3910709638148546,4.396819043904543,shared_2l_dec_tail
5196,5.007391097024083,0.39011193439364433,4.509665071964264,shared_2l_dec_tail
5197,4.902068059891462,0.3863151650875807,4.409539978951216,shared_2l_dec_tail
5198,4.999087192118168,0.3938318695873022,4.498363006860018,shared_2l_dec_tail
5199,4.9476351123303175,0.39136316627264023,4.448111867532134,shared_2l_dec_tail
5200,4.900777945294976,0.3877889830619097,4.406308988109231,shared_2l_dec_tail
5201,4.878656007349491,0.3864620812237263,4.384871106594801,shared_2l_dec_tail
5202,4.925331100821495,0.38319104351103306,4.434413043782115,shared_2l_dec_tail
5203,4.994215909391642,0.38050604052841663,4.505503922700882,shared_2l_dec_tail
5204,4.986619111150503,0.3801891580224037,4.498573020100594,shared_2l_dec_tail
5205,5.579364951699972,0.8345041424036026,4.621667787432671,shared_2l_dec_tail
5206,5.018536001443863,0.3848029300570488,4.518677014857531,shared_2l_dec_tail
5207,4.998425021767616,0.3811109345406294,4.507728153839707,shared_2l_dec_tail
5208,4.994969116523862,0.3783248830586672,4.508865065872669,shared_2l_dec_tail
5209,4.9882130697369576,0.3820739220827818,4.494480090215802,shared_2l_dec_tail
5210,4.9959400203078985,0.38483296521008015,4.499983042478561,shared_2l_dec_tail
5211,4.904324887320399,0.38172793574631214,4.416254116222262,shared_2l_dec_tail
5212,4.977848846465349,0.38645509630441666,4.485513083636761,shared_2l_dec_tail
5213,4.960603080689907,0.3909589722752571,4.462867043912411,shared_2l_dec_tail
5214,4.89278114400804,0.3906770143657923,4.396314965561032,shared_2l_dec_tail
5215,4.9629658460617065,0.39402791298925877,4.4617371167987585,shared_2l_dec_tail
5216,5.012816982343793,0.39302906952798367,4.512195009738207,shared_2l_dec_tail
5217,4.986661020666361,0.3920558374375105,4.487279104068875,shared_2l_dec_tail
5218,4.9074930138885975,0.388546846807003,4.412651062011719,shared_2l_dec_tail
5219,4.97324182651937,0.3921480383723974,4.4744908809661865,shared_2l_dec_tail
5220,4.930582130327821,0.39115198887884617,4.431084962561727,shared_2l_dec_tail
5221,5.567442858591676,0.827905023470521,4.618040984496474,shared_2l_dec_tail
5222,4.910849034786224,0.388334970921278,4.4138499069958925,shared_2l_dec_tail
5223,5.013789981603622,0.38575008511543274,4.520677961409092,shared_2l_dec_tail
5224,4.92105889134109,0.38515101186931133,4.4318498112261295,shared_2l_dec_tail
5225,5.010447930544615,0.38286810740828514,4.521545954048634,shared_2l_dec_tail
5226,4.977568984031677,0.38591003976762295,4.4831810519099236,shared_2l_dec_tail
5227,4.983958788216114,0.37881708703935146,4.439016804099083,shared_2l_dec_tail
5228,5.052391905337572,0.40229596197605133,4.5285290107131,shared_2l_dec_tail
5229,4.933156073093414,0.3887240309268236,4.436777904629707,shared_2l_dec_tail
5230,4.991224035620689,0.38262992165982723,4.500957205891609,shared_2l_dec_tail
5231,4.917782032862306,0.38478500209748745,4.426729865372181,shared_2l_dec_tail
5232,4.975908901542425,0.38752402178943157,4.481625976040959,shared_2l_dec_tail
5233,4.969530971720815,0.38632890209555626,4.477019188925624,shared_2l_dec_tail
5234,4.927701083943248,0.38792192935943604,4.432491958141327,shared_2l_dec_tail
5235,4.997746087610722,0.389621127396822,4.502366995438933,shared_2l_dec_tail
5236,4.906661808490753,0.39029004983603954,4.409176995977759,shared_2l_dec_tail
5237,5.571570014581084,0.8302279748022556,4.621878964826465,shared_2l_dec_tail
5238,5.027645034715533,0.3884918987751007,4.530929960310459,shared_2l_dec_tail
5239,4.9360080156475306,0.38440292701125145,4.444037098437548,shared_2l_dec_tail
5240,5.044437013566494,0.3818240948021412,4.557203035801649,shared_2l_dec_tail
5241,4.969575209543109,0.3909948281943798,4.472369095310569,shared_2l_dec_tail
5242,4.929432179778814,0.3836890682578087,4.438403062522411,shared_2l_dec_tail
5243,4.94666607119143,0.3861070144921541,4.450700944289565,shared_2l_dec_tail
5244,4.909263923764229,0.3812739159911871,4.420530050992966,shared_2l_dec_tail
5245,4.964762134477496,0.3831039648503065,4.475840134546161,shared_2l_dec_tail
5246,4.895894089713693,0.38655800744891167,4.401878919452429,shared_2l_dec_tail
5247,4.981743870303035,0.385618070140481,4.481856944039464,shared_2l_dec_tail
5248,4.955400014296174,0.384216895326972,4.463871009647846,shared_2l_dec_tail
5249,4.982710117474198,0.3858371637761593,4.484185017645359,shared_2l_dec_tail
5250,4.941045073792338,0.3918199799954891,4.442644072696567,shared_2l_dec_tail
5251,4.9766539596021175,0.3890502266585827,4.481958923861384,shared_2l_dec_tail
5252,4.961549071595073,0.3892101813107729,4.465125966817141,shared_2l_dec_tail
5253,5.568576045334339,0.8277378510683775,4.62658517062664,shared_2l_dec_tail
5254,5.005645100027323,0.3858250565826893,4.512307932600379,shared_2l_dec_tail
5255,4.958010045811534,0.39284187369048595,4.456042079254985,shared_2l_dec_tail
5256,4.995615920051932,0.38537196815013885,4.50267898850143,shared_2l_dec_tail
5257,4.889568081125617,0.38195401430130005,4.400839097797871,shared_2l_dec_tail
5258,4.973901901394129,0.38464111275970936,4.4829638209193945,shared_2l_dec_tail
5259,4.899826133623719,0.3882190212607384,4.404254024848342,shared_2l_dec_tail
5260,5.016906885430217,0.3887240309268236,4.520494025200605,shared_2l_dec_tail
5261,4.987263819202781,0.3841638099402189,4.49583912268281,shared_2l_dec_tail
5262,5.032026907429099,0.3834310919046402,4.540643887594342,shared_2l_dec_tail
5263,4.951275885105133,0.38410909473896027,4.460688913241029,shared_2l_dec_tail
5264,4.999991971999407,0.3820848651230335,4.511864157393575,shared_2l_dec_tail
5265,4.879001993685961,0.3842089790850878,4.388600122183561,shared_2l_dec_tail
5266,4.983135033398867,0.38537196815013885,4.49237902648747,shared_2l_dec_tail
5267,4.958183970302343,0.37821498699486256,4.47429995983839,shared_2l_dec_tail
5268,5.029768915846944,0.3864089958369732,4.535206826403737,shared_2l_dec_tail
5269,5.552460206672549,0.8247848600149155,4.606230184435844,shared_2l_dec_tail
5270,5.039494950324297,0.3972018603235483,4.532136023044586,shared_2l_dec_tail
5271,4.915033001452684,0.3882308956235647,4.420384997501969,shared_2l_dec_tail
5272,4.9933879636228085,0.3902388270944357,4.496887093409896,shared_2l_dec_tail
5273,4.879835993051529,0.38662320002913475,4.38539101742208,shared_2l_dec_tail
5274,4.998335149139166,0.3834599629044533,4.506900906562805,shared_2l_dec_tail
5275,4.960928810760379,0.3803870640695095,4.473006119951606,shared_2l_dec_tail
5276,4.911088151857257,0.38380082696676254,4.419282078742981,shared_2l_dec_tail
5277,4.966804990544915,0.3812259528785944,4.479414084926248,shared_2l_dec_tail
5278,5.012741079553962,0.3842769656330347,4.5210570096969604,shared_2l_dec_tail
5279,4.901062930002809,0.389080960303545,4.407213069498539,shared_2l_dec_tail
5280,4.913850920274854,0.3862939774990082,4.419640172272921,shared_2l_dec_tail
5281,4.8907489981502295,0.38297194987535477,4.401599057018757,shared_2l_dec_tail
5282,4.98900399543345,0.3849589265882969,4.496969049796462,shared_2l_dec_tail
5283,4.9621229991316795,0.3886499907821417,4.462515003979206,shared_2l_dec_tail
5284,4.913253942504525,0.384344020858407,4.416805924847722,shared_2l_dec_tail
5285,5.569345084950328,0.8244488853961229,4.624726017937064,shared_2l_dec_tail
5286,5.020698998123407,0.38441107608377934,4.52846079133451,shared_2l_dec_tail
5287,4.950673785060644,0.39153103716671467,4.451723070815206,shared_2l_dec_tail
5288,4.966374021023512,0.38624205626547337,4.474080866202712,shared_2l_dec_tail
5289,4.929376998916268,0.38147694431245327,4.439431941136718,shared_2l_dec_tail
5290,5.017464980483055,0.3825179301202297,4.5277210883796215,shared_2l_dec_tail
5291,4.897995851933956,0.3793099895119667,4.410015884786844,shared_2l_dec_tail
5292,4.985346924513578,0.3799460828304291,4.496871959418058,shared_2l_dec_tail
5293,4.895735997706652,0.3825558815151453,4.40774392336607,shared_2l_dec_tail
5294,4.9799790140241385,0.3848150372505188,4.487049067392945,shared_2l_dec_tail
5295,4.864687100052834,0.3814748488366604,4.377524135634303,shared_2l_dec_tail
5296,4.967001033946872,0.38547301664948463,4.473714856430888,shared_2l_dec_tail
5297,4.904669942334294,0.38534216582775116,4.4136350043118,shared_2l_dec_tail
5298,5.008528009057045,0.38419500924646854,4.521898925304413,shared_2l_dec_tail
5299,4.903295077383518,0.37947483360767365,4.417478106915951,shared_2l_dec_tail
5300,4.998811054974794,0.39332685992121696,4.497660091146827,shared_2l_dec_tail
5301,5.564134102314711,0.8208879735320807,4.616275895386934,shared_2l_dec_tail
5302,5.024655954912305,0.3872211091220379,4.529083846136928,shared_2l_dec_tail
5303,4.924043780192733,0.38660503923892975,4.427934996783733,shared_2l_dec_tail
5304,4.994934890419245,0.38141990080475807,4.505366086959839,shared_2l_dec_tail
5305,4.944726824760437,0.38728793151676655,4.448089981451631,shared_2l_dec_tail
5306,4.911941941827536,0.38270815275609493,4.422432044520974,shared_2l_dec_tail
5307,4.963065963238478,0.3867531195282936,4.470290848985314,shared_2l_dec_tail
5308,4.9078359734267,0.3849770873785019,4.415983101353049,shared_2l_dec_tail
5309,4.932387033477426,0.38330210372805595,4.4434089213609695,shared_2l_dec_tail
5310,4.908427130430937,0.382227823138237,4.418135154992342,shared_2l_dec_tail
5311,4.97224903665483,0.3856669645756483,4.474887158721685,shared_2l_dec_tail
5312,4.911812953650951,0.3814259544014931,4.417979158461094,shared_2l_dec_tail
5313,4.918326158076525,0.3812310751527548,4.431883106008172,shared_2l_dec_tail
5314,4.903885070234537,0.3879300784319639,4.409434041008353,shared_2l_dec_tail
5315,4.99126804061234,0.39147003553807735,4.493063082918525,shared_2l_dec_tail
5316,4.943080944940448,0.3907349891960621,4.443942103534937,shared_2l_dec_tail
5317,5.539940902963281,0.8340401109308004,4.585379967465997,shared_2l_dec_tail
5318,5.013014888390899,0.39324606768786907,4.513097926974297,shared_2l_dec_tail
5319,4.890272160992026,0.3832101356238127,4.399570869281888,shared_2l_dec_tail
5320,4.968652967363596,0.38718199357390404,4.474180052056909,shared_2l_dec_tail
5321,4.94604604318738,0.3863549791276455,4.453339846804738,shared_2l_dec_tail
5322,4.990217974409461,0.3849149215966463,4.496586043387651,shared_2l_dec_tail
5323,4.860715940594673,0.3836671821773052,4.372529918327928,shared_2l_dec_tail
5324,4.981009988114238,0.38087996654212475,4.486829973757267,shared_2l_dec_tail
5325,4.913432989269495,0.38739899173378944,4.4196362141519785,shared_2l_dec_tail
5326,5.024460842832923,0.39412593469023705,4.522242117673159,shared_2l_dec_tail
5327,4.883280023932457,0.3846539184451103,4.387117922306061,shared_2l_dec_tail
5328,4.927712958306074,0.3864599857479334,4.435430048033595,shared_2l_dec_tail
5329,4.989455919712782,0.39660511538386345,4.486446036025882,shared_2l_dec_tail
5330,4.894711077213287,0.39728498086333275,4.3913929257541895,shared_2l_dec_tail
5331,4.963344894349575,0.3900029696524143,4.465816076844931,shared_2l_dec_tail
5332,4.991111112758517,0.3868329804390669,4.498607013374567,shared_2l_dec_tail
5333,5.54414396174252,0.8215319830924273,4.603558918461204,shared_2l_dec_tail
5334,4.998620133846998,0.39113895036280155,4.499957896769047,shared_2l_dec_tail
5335,4.993292037397623,0.38378708995878696,4.50311484746635,shared_2l_dec_tail
5336,4.968908848240972,0.3845519386231899,4.475331166759133,shared_2l_dec_tail
5337,4.992964910343289,0.38817012682557106,4.498420050367713,shared_2l_dec_tail
5338,4.9658571369946,0.3830990754067898,4.475378897041082,shared_2l_dec_tail
5339,4.925775108858943,0.38579595275223255,4.433684982359409,shared_2l_dec_tail
5340,4.998513963073492,0.38441503420472145,4.506175871938467,shared_2l_dec_tail
5341,4.98820305801928,0.3813218791037798,4.500142065808177,shared_2l_dec_tail
5342,4.9958680756390095,0.38592005148530006,4.500787006691098,shared_2l_dec_tail
5343,4.961336962878704,0.38687093183398247,4.460947122424841,shared_2l_dec_tail
5344,4.9279360100626945,0.3900430165231228,4.423110978677869,shared_2l_dec_tail
5345,4.980938974767923,0.38698292337358,4.479486960917711,shared_2l_dec_tail
5346,4.90772514604032,0.3828310873359442,4.419068805873394,shared_2l_dec_tail
5347,4.970806883648038,0.3947671502828598,4.470496904104948,shared_2l_dec_tail
5348,4.9640710931271315,0.39411289617419243,4.464033991098404,shared_2l_dec_tail
5349,5.587993888184428,0.8418820798397064,4.624227061867714,shared_2l_dec_tail
5350,5.030307918787003,0.3898679278790951,4.532695049419999,shared_2l_dec_tail
5351,4.981776932254434,0.3878609277307987,4.487097030505538,shared_2l_dec_tail
5352,4.916392033919692,0.3868530038744211,4.42083808593452,shared_2l_dec_tail
5353,4.9578498583287,0.3834241069853306,4.468132043257356,shared_2l_dec_tail
5354,4.974032985046506,0.3859188873320818,4.480868112295866,shared_2l_dec_tail
5355,4.955524113029242,0.3803351428359747,4.469564883038402,shared_2l_dec_tail
5356,4.939747974276543,0.3836848773062229,4.451059969142079,shared_2l_dec_tail
5357,4.984564147889614,0.39082206785678864,4.487304016947746,shared_2l_dec_tail
5358,4.954869160428643,0.3890618681907654,4.458415089175105,shared_2l_dec_tail
5359,4.944684915244579,0.3830909263342619,4.455905873328447,shared_2l_dec_tail
5360,4.985932959243655,0.387219013646245,4.4894281309098005,shared_2l_dec_tail
5361,4.93675097823143,0.38434797897934914,4.444746067747474,shared_2l_dec_tail
5362,4.938558908179402,0.38844882510602474,4.443173063918948,shared_2l_dec_tail
5363,4.901940003037453,0.38799713365733624,4.406881984323263,shared_2l_dec_tail
5364,4.893254023045301,0.38870680145919323,4.39938111230731,shared_2l_dec_tail
5365,5.571427987888455,0.825443072244525,4.626018926501274,shared_2l_dec_tail
5366,5.02598681487143,0.3962120972573757,4.52122394926846,shared_2l_dec_tail
5367,4.959945101290941,0.3920618910342455,4.462050972506404,shared_2l_dec_tail
5368,5.004902137443423,0.38739084266126156,4.511757055297494,shared_2l_dec_tail
5369,4.929264076054096,0.38989586755633354,4.431972978636622,shared_2l_dec_tail
5370,4.992152797058225,0.39022997952997684,4.494436085224152,shared_2l_dec_tail
5371,4.897483857348561,0.38722506724298,4.4040498323738575,shared_2l_dec_tail
5372,4.986551124602556,0.3869258798658848,4.492525011301041,shared_2l_dec_tail
5373,4.924345063045621,0.3872169181704521,4.429908003658056,shared_2l_dec_tail
5374,4.960490157827735,0.38715614937245846,4.4654670637100935,shared_2l_dec_tail
5375,4.892204888164997,0.38382201455533504,4.397829994559288,shared_2l_dec_tail
5376,5.0083540845662355,0.3864129539579153,4.511696053668857,shared_2l_dec_tail
5377,4.8851389437913895,0.3861458972096443,4.393605049699545,shared_2l_dec_tail
5378,4.987580003216863,0.38959900848567486,4.486588994041085,shared_2l_dec_tail
5379,4.919885890558362,0.39071589708328247,4.421792924404144,shared_2l_dec_tail
5380,4.9114469438791275,0.3951890394091606,4.410221008583903,shared_2l_dec_tail
5381,5.8192480355501175,1.0250848717987537,4.674518946558237,shared_2l_dec_tail
5382,5.015758099034429,0.3979539033025503,4.510496975854039,shared_2l_dec_tail
5383,5.0051959697157145,0.3905470948666334,4.505950026214123,shared_2l_dec_tail
5384,4.981221863999963,0.3918760921806097,4.482533084228635,shared_2l_dec_tail
5385,4.934010095894337,0.3982831258326769,4.428504034876823,shared_2l_dec_tail
5386,4.958258010447025,0.3889941144734621,4.464220954105258,shared_2l_dec_tail
5387,4.909745883196592,0.3871391527354717,4.416250856593251,shared_2l_dec_tail
5388,4.9818221013993025,0.3822499420493841,4.493114072829485,shared_2l_dec_tail
5389,4.96642803773284,0.3832089714705944,4.476123955100775,shared_2l_dec_tail
5390,4.987193970009685,0.3835330717265606,4.4979078229516745,shared_2l_dec_tail
5391,4.910493036732078,0.3826941829174757,4.420444834977388,shared_2l_dec_tail
5392,4.982431884855032,0.3782401327043772,4.498123889788985,shared_2l_dec_tail
5393,4.887507064267993,0.38371607661247253,4.397274926304817,shared_2l_dec_tail
5394,4.9489440862089396,0.38168299943208694,4.461126867681742,shared_2l_dec_tail
5395,4.965264117345214,0.38875406607985497,4.468704108148813,shared_2l_dec_tail
5396,4.928834969177842,0.3863039892166853,4.435668000951409,shared_2l_dec_tail
5397,5.57240704074502,0.8141850121319294,4.637083038687706,shared_2l_dec_tail
5398,4.996057134121656,0.40033902041614056,4.487287951633334,shared_2l_dec_tail
5399,4.908601054921746,0.398486852645874,4.402459133416414,shared_2l_dec_tail
5400,4.961004946380854,0.3938460722565651,4.461172036826611,shared_2l_dec_tail
5401,4.902816144749522,0.38821203634142876,4.407899919897318,shared_2l_dec_tail
5402,4.9452711828053,0.3869009669870138,4.451523069292307,shared_2l_dec_tail
5403,4.996576812118292,0.3877640701830387,4.5013579074293375,shared_2l_dec_tail
5404,4.873646888881922,0.38775382563471794,4.379082005470991,shared_2l_dec_tail
5405,4.9986811354756355,0.38815801963210106,4.503773059695959,shared_2l_dec_tail
5406,4.884217865765095,0.382991973310709,4.394066985696554,shared_2l_dec_tail
5407,4.963594023138285,0.3816180396825075,4.474950954318047,shared_2l_dec_tail
5408,4.886266076937318,0.3820930141955614,4.399347817525268,shared_2l_dec_tail
5409,4.950141999870539,0.387825071811676,4.4533368200063705,shared_2l_dec_tail
5410,4.959162091836333,0.38290093652904034,4.469335079193115,shared_2l_dec_tail
5411,4.8677390441298485,0.38221199065446854,4.380581900477409,shared_2l_dec_tail
5412,4.9528758972883224,0.3869670908898115,4.459121031686664,shared_2l_dec_tail
5413,5.53674902766943,0.8293390274047852,4.586803959682584,shared_2l_dec_tail
5414,4.947080044075847,0.38767908699810505,4.452048102393746,shared_2l_dec_tail
5415,4.967174958437681,0.3842390142381191,4.474563058465719,shared_2l_dec_tail
5416,4.9166211392730474,0.38438313640654087,4.425244871526957,shared_2l_dec_tail
5417,4.9782670103013515,0.38050999864935875,4.491019994020462,shared_2l_dec_tail
5418,4.905185895040631,0.38046296685934067,4.416791023686528,shared_2l_dec_tail
5419,4.980541067197919,0.38344995118677616,4.488948965445161,shared_2l_dec_tail
5420,4.921431886032224,0.3825901076197624,4.431795794516802,shared_2l_dec_tail
5421,4.979647928848863,0.38656103424727917,4.4819749891757965,shared_2l_dec_tail
5422,4.941908875480294,0.3840499557554722,4.451233893632889,shared_2l_dec_tail
5423,4.985656123608351,0.39794505573809147,4.480503033846617,shared_2l_dec_tail
5424,4.895081045106053,0.3889431245625019,4.398999037221074,shared_2l_dec_tail
5425,4.976718919351697,0.3958761226385832,4.4752610847353935,shared_2l_dec_tail
5426,4.8985229805111885,0.3892909735441208,4.401677055284381,shared_2l_dec_tail
5427,4.981302190572023,0.39774784818291664,4.477165173739195,shared_2l_dec_tail
5428,4.897619131952524,0.39820908568799496,4.392860922962427,shared_2l_dec_tail
5429,5.564333871006966,0.8311441633850336,4.614491015672684,shared_2l_dec_tail
5430,5.025081103667617,0.3903019241988659,4.527361132204533,shared_2l_dec_tail
5431,4.940246930345893,0.38543296977877617,4.447323037311435,shared_2l_dec_tail
5432,5.012176930904388,0.38351211696863174,4.521463997662067,shared_2l_dec_tail
5433,4.9523841589689255,0.39022183045744896,4.455855116248131,shared_2l_dec_tail
5434,4.950654925778508,0.38804602809250355,4.4537801295518875,shared_2l_dec_tail
5435,4.981572041288018,0.3846390172839165,4.49047889560461,shared_2l_dec_tail
5436,4.93160798214376,0.38361409679055214,4.439357900992036,shared_2l_dec_tail
5437,4.984669154509902,0.38370699621737003,4.494065884500742,shared_2l_dec_tail
5438,4.879812942817807,0.38286601193249226,4.390001995489001,shared_2l_dec_tail
5439,4.978335928171873,0.39360206574201584,4.477184033021331,shared_2l_dec_tail
5440,5.022996105253696,0.39044604636728764,4.523378098383546,shared_2l_dec_tail
5441,4.9195559695363045,0.39785890839993954,4.4155369978398085,shared_2l_dec_tail
5442,4.93611884303391,0.39135804399847984,4.439359996467829,shared_2l_dec_tail
5443,4.921316169202328,0.39144279435276985,4.424484213814139,shared_2l_dec_tail
5444,4.998192889615893,0.39226701483130455,4.497674060985446,shared_2l_dec_tail
5445,5.585715174674988,0.8316950406879187,4.633964039385319,shared_2l_dec_tail
5446,5.010036984458566,0.395176000893116,4.507631994783878,shared_2l_dec_tail
5447,4.981812788173556,0.389736145734787,4.484986886382103,shared_2l_dec_tail
5448,4.98905498534441,0.3810080233961344,4.5014601200819016,shared_2l_dec_tail
5449,4.983413033187389,0.3819058183580637,4.497549030929804,shared_2l_dec_tail
5450,4.914470948278904,0.38444995880126953,4.423877922818065,shared_2l_dec_tail
5451,4.96589788235724,0.38813590072095394,4.4696880504488945,shared_2l_dec_tail
5452,4.982168786227703,0.3815488889813423,4.493769025430083,shared_2l_dec_tail
5453,4.929541144520044,0.3858471754938364,4.436118993908167,shared_2l_dec_tail
5454,5.005448823794723,0.38468209095299244,4.514259984716773,shared_2l_dec_tail
5455,4.9366510938853025,0.38649607449769974,4.443445010110736,shared_2l_dec_tail
5456,4.907126072794199,0.3881820011883974,4.407166037708521,shared_2l_dec_tail
5457,4.967678105458617,0.3909480292350054,4.47258516214788,shared_2l_dec_tail
5458,5.015766015276313,0.38608210161328316,4.514345899224281,shared_2l_dec_tail
5459,4.948824876919389,0.3867819905281067,4.456907045096159,shared_2l_dec_tail
5460,4.913790849968791,0.3851309884339571,4.416200099512935,shared_2l_dec_tail
5461,5.554428091272712,0.8265709038823843,4.608768038451672,shared_2l_dec_tail
5462,4.968808963894844,0.3923799376934767,4.4675651006400585,shared_2l_dec_tail
5463,5.021276185289025,0.3892870154231787,4.5256048906594515,shared_2l_dec_tail
5464,4.984393948689103,0.38238498382270336,4.4948989525437355,shared_2l_dec_tail
5465,4.928940208628774,0.3876450937241316,4.43395902402699,shared_2l_dec_tail
5466,4.993916023522615,0.38926792331039906,4.497169982641935,shared_2l_dec_tail
5467,4.904295084998012,0.3864008467644453,4.410899011418223,shared_2l_dec_tail
5468,4.976828815415502,0.383106991648674,4.488575970754027,shared_2l_dec_tail
5469,4.897461039945483,0.3834029193967581,4.409963032230735,shared_2l_dec_tail
5470,4.943847889080644,0.3833710215985775,4.45436779409647,shared_2l_dec_tail
5471,4.9115808214992285,0.38425601087510586,4.415611969307065,shared_2l_dec_tail
5472,4.982915939763188,0.3847358748316765,4.491847939789295,shared_2l_dec_tail
5473,4.935121862217784,0.3881349693983793,4.4418200850486755,shared_2l_dec_tail
5474,4.981782054528594,0.3877379931509495,4.479876020923257,shared_2l_dec_tail
5475,4.983821883797646,0.38215890526771545,4.48987097479403,shared_2l_dec_tail
5476,4.888269118964672,0.39081391878426075,4.390666959807277,shared_2l_dec_tail
5477,5.606844089925289,0.8378741331398487,4.649576032534242,shared_2l_dec_tail
5478,5.040061194449663,0.3877650015056133,4.542663926258683,shared_2l_dec_tail
5479,5.021337186917663,0.3991678822785616,4.51330398209393,shared_2l_dec_tail
5480,4.939583130180836,0.3875410184264183,4.445336991921067,shared_2l_dec_tail
5481,5.020268959924579,0.38375495932996273,4.527322947978973,shared_2l_dec_tail
5482,4.9707049038261175,0.38818386383354664,4.476207075640559,shared_2l_dec_tail
5483,4.893227014690638,0.3864527679979801,4.401680082082748,shared_2l_dec_tail
5484,4.985027015209198,0.3832599613815546,4.495107103139162,shared_2l_dec_tail
5485,4.911650903522968,0.3915380220860243,4.413453163579106,shared_2l_dec_tail
5486,5.021651973947883,0.38568791933357716,4.5296549797058105,shared_2l_dec_tail
5487,4.9610380083322525,0.38538710214197636,4.4677709229290485,shared_2l_dec_tail
5488,5.018258932977915,0.3837491385638714,4.529001889750361,shared_2l_dec_tail
5489,4.964262014254928,0.3827628679573536,4.4745090417563915,shared_2l_dec_tail
5490,4.978188080713153,0.3891601227223873,4.4816050212830305,shared_2l_dec_tail
5491,5.009168991819024,0.3839640412479639,4.51830099336803,shared_2l_dec_tail
5492,4.93875308893621,0.38526696152985096,4.4446829706430435,shared_2l_dec_tail
5493,5.565277999266982,0.8295990992337465,4.615647019818425,shared_2l_dec_tail
5494,5.050741136074066,0.4004680085927248,4.539616173133254,shared_2l_dec_tail
5495,4.994279006496072,0.402380945160985,4.484361968934536,shared_2l_dec_tail
5496,4.942063009366393,0.3992319107055664,4.434931091964245,shared_2l_dec_tail
5497,4.952506860718131,0.3946758806705475,4.450914217159152,shared_2l_dec_tail
5498,5.005788989365101,0.4002428613603115,4.500109003856778,shared_2l_dec_tail
5499,4.891160177066922,0.39358483627438545,4.390971967950463,shared_2l_dec_tail
5500,4.952279152348638,0.3908909857273102,4.451854154467583,shared_2l_dec_tail
5501,4.908855073153973,0.4045830573886633,4.396921955049038,shared_2l_dec_tail
5502,4.9598070327192545,0.3932020626962185,4.458301002159715,shared_2l_dec_tail
5503,4.952267045155168,0.38943509571254253,4.45590284653008,shared_2l_dec_tail
5504,4.933226155117154,0.3848730120807886,4.441537894308567,shared_2l_dec_tail
5505,4.923850996419787,0.3908011130988598,4.426816012710333,shared_2l_dec_tail
5506,5.015586037188768,0.3901161253452301,4.519741982221603,shared_2l_dec_tail
5507,4.8594088293612,0.38665998727083206,4.3660851661115885,shared_2l_dec_tail
5508,4.993729991838336,0.38872589357197285,4.496314097195864,shared_2l_dec_tail
5509,5.56204398162663,0.837904866784811,4.6031291130930185,shared_2l_dec_tail
5510,5.060350988060236,0.3969848621636629,4.553092177957296,shared_2l_dec_tail
5511,4.900607978925109,0.40270411409437656,4.39093797467649,shared_2l_dec_tail
5512,5.053689004853368,0.4035260062664747,4.543481860309839,shared_2l_dec_tail
5513,4.998157033696771,0.40328805334866047,4.486599937081337,shared_2l_dec_tail
5514,4.954119212925434,0.39655319415032864,4.448605934157968,shared_2l_dec_tail
5515,4.962725099176168,0.3994379658252001,4.456080961972475,shared_2l_dec_tail
5516,5.011877045035362,0.39933319203555584,4.504382843151689,shared_2l_dec_tail
5517,4.950323142111301,0.3975760191679001,4.44675306789577,shared_2l_dec_tail
5518,5.037802970036864,0.39868406020104885,4.533507861196995,shared_2l_dec_tail
5519,4.921698942780495,0.39721978828310966,4.415937000885606,shared_2l_dec_tail
5520,5.050488049164414,0.40065706707537174,4.543540999293327,shared_2l_dec_tail
5521,4.9255050253123045,0.3966009244322777,4.422778962180018,shared_2l_dec_tail
5522,5.034211091697216,0.3987429663538933,4.528469871729612,shared_2l_dec_tail
5523,4.956163931638002,0.3994409926235676,4.449938889592886,shared_2l_dec_tail
5524,5.00870612449944,0.3935841377824545,4.506842931732535,shared_2l_dec_tail
5525,5.5654949974268675,0.8373497985303402,4.607135197147727,shared_2l_dec_tail
5526,5.0307707861065865,0.399275915697217,4.5227110385894775,shared_2l_dec_tail
5527,4.907059948891401,0.3949780948460102,4.4035459868609905,shared_2l_dec_tail
5528,5.013437010347843,0.3901571035385132,4.515392007306218,shared_2l_dec_tail
5529,4.941032035276294,0.38932892493903637,4.443341167643666,shared_2l_dec_tail
5530,5.037188064306974,0.3870849031955004,4.541815025731921,shared_2l_dec_tail
5531,4.979050951078534,0.3863570746034384,4.486389923840761,shared_2l_dec_tail
5532,4.9054911360144615,0.38761296309530735,4.4115029741078615,shared_2l_dec_tail
5533,4.952033050358295,0.38755987770855427,4.456771072000265,shared_2l_dec_tail
5534,5.030007101595402,0.3909480292350054,4.5302631333470345,shared_2l_dec_tail
5535,4.89554088562727,0.3855701070278883,4.399114986881614,shared_2l_dec_tail
5536,5.003917962312698,0.3857309930026531,4.50569111853838,shared_2l_dec_tail
5537,4.907927941530943,0.38826907984912395,4.409352783113718,shared_2l_dec_tail
5538,4.949399968609214,0.386370113119483,4.4540229719132185,shared_2l_dec_tail
5539,4.979646066203713,0.3907051868736744,4.483442986384034,shared_2l_dec_tail
5540,4.953355994075537,0.39643608033657074,4.448869032785296,shared_2l_dec_tail
5541,5.5019911378622055,0.8283818606287241,4.552323138341308,shared_2l_dec_tail
5542,5.0419659819453955,0.3888129722326994,4.5463519636541605,shared_2l_dec_tail
5543,4.903614986687899,0.38955104537308216,4.407271044328809,shared_2l_dec_tail
5544,5.000680917873979,0.3850930370390415,4.508801037445664,shared_2l_dec_tail
5545,4.967681132256985,0.39035407826304436,4.471794934943318,shared_2l_dec_tail
5546,4.980742931365967,0.3884460311383009,4.487126134335995,shared_2l_dec_tail
5547,4.954321077093482,0.38806512020528316,4.458929877728224,shared_2l_dec_tail
5548,4.9731130711734295,0.387486070394516,4.478011978790164,shared_2l_dec_tail
5549,4.904543980956078,0.38943905383348465,4.408790962770581,shared_2l_dec_tail
5550,4.9227948766201735,0.38522714748978615,4.4315659906715155,shared_2l_dec_tail
5551,4.976833006367087,0.3877449780702591,4.4830008409917355,shared_2l_dec_tail
5552,4.924414912238717,0.3866951446980238,4.4299468863755465,shared_2l_dec_tail
5553,4.9811669159680605,0.39334199391305447,4.477886948734522,shared_2l_dec_tail
5554,5.010540131479502,0.3859358839690685,4.5195280108600855,shared_2l_dec_tail
5555,4.88588004373014,0.3881710581481457,4.391415044665337,shared_2l_dec_tail
5556,4.9598328769207,0.39343396201729774,4.460318945348263,shared_2l_dec_tail
5557,5.526352906599641,0.8291651029139757,4.57603600807488,shared_2l_dec_tail
5558,5.0214671064168215,0.3914849366992712,4.52191405929625,shared_2l_dec_tail
5559,4.988085012882948,0.39162905886769295,4.490207880735397,shared_2l_dec_tail
5560,4.980150843039155,0.3877379931509495,4.4843279756605625,shared_2l_dec_tail
5561,4.910475108772516,0.39402605034410954,4.409465007483959,shared_2l_dec_tail
5562,4.934296943247318,0.3875112161040306,4.440077813342214,shared_2l_dec_tail
5563,4.9807720351964235,0.39580813609063625,4.47815889492631,shared_2l_dec_tail
5564,4.980419063940644,0.3921540919691324,4.482276039198041,shared_2l_dec_tail
5565,4.900638945400715,0.3893009852617979,4.4044689275324345,shared_2l_dec_tail
5566,4.985417937859893,0.38623600266873837,4.4921450316905975,shared_2l_dec_tail
5567,4.937103018164635,0.3920248709619045,4.437657073140144,shared_2l_dec_tail
5568,4.993750946596265,0.3893680404871702,4.497082903981209,shared_2l_dec_tail
5569,4.904444795101881,0.3908071666955948,4.402021877467632,shared_2l_dec_tail
5570,4.999474855139852,0.3906360361725092,4.501568851992488,shared_2l_dec_tail
5571,4.950918955728412,0.3934791311621666,4.451927030459046,shared_2l_dec_tail
5572,4.9357370007783175,0.3980251494795084,4.430272849276662,shared_2l_dec_tail
5573,5.542244063690305,0.827946001663804,4.593021003529429,shared_2l_dec_tail
5574,5.00282202847302,0.3926069475710392,4.502382129430771,shared_2l_dec_tail
5575,4.874059930443764,0.38707489147782326,4.380823113024235,shared_2l_dec_tail
5576,4.991838941350579,0.3863179590553045,4.499627975746989,shared_2l_dec_tail
5577,4.864535992965102,0.38749189116060734,4.36930893920362,shared_2l_dec_tail
5578,4.896841011941433,0.3894050605595112,4.401311045512557,shared_2l_dec_tail
5579,5.000017816200852,0.3909161314368248,4.502879921346903,shared_2l_dec_tail
5580,4.976212978363037,0.3910528030246496,4.47931420058012,shared_2l_dec_tail
5581,4.954527830705047,0.39312499575316906,4.454378969967365,shared_2l_dec_tail
5582,4.939167993143201,0.3862529993057251,4.445566795766354,shared_2l_dec_tail
5583,4.9880389124155045,0.3880569711327553,4.4931890442967415,shared_2l_dec_tail
5584,4.9744900315999985,0.38717687129974365,4.474911140277982,shared_2l_dec_tail
5585,4.989876179024577,0.38903718814253807,4.488708917051554,shared_2l_dec_tail
5586,4.955299897119403,0.39194803684949875,4.457458853721619,shared_2l_dec_tail
5587,4.901701118797064,0.38504088297486305,4.404376028105617,shared_2l_dec_tail
5588,4.875990096479654,0.39041810669004917,4.378993064165115,shared_2l_dec_tail
5589,5.571853136643767,0.829639844596386,4.620068008080125,shared_2l_dec_tail
5590,5.00507396645844,0.3913349937647581,4.505464108660817,shared_2l_dec_tail
5591,4.989856155589223,0.3877959679812193,4.493253072723746,shared_2l_dec_tail
5592,4.93328389711678,0.38852496072649956,4.438087111338973,shared_2l_dec_tail
5593,4.974563838914037,0.3925939090549946,4.474455025047064,shared_2l_dec_tail
5594,4.989529959857464,0.39401394315063953,4.488941049203277,shared_2l_dec_tail
5595,4.895261023193598,0.3895049449056387,4.3985890224576,shared_2l_dec_tail
5596,4.955545999109745,0.390802975744009,4.459985997527838,shared_2l_dec_tail
5597,4.955545999109745,0.38517010398209095,4.463888006284833,shared_2l_dec_tail
5598,4.982261918485165,0.38795103318989277,4.481832031160593,shared_2l_dec_tail
5599,4.903557011857629,0.39468309842050076,4.39748982898891,shared_2l_dec_tail
5600,4.95945499278605,0.3905750345438719,4.461569944396615,shared_2l_dec_tail
5601,4.9166439566761255,0.3927508369088173,4.4167921878397465,shared_2l_dec_tail
5602,4.994052927941084,0.395673094317317,4.4921948574483395,shared_2l_dec_tail
5603,4.889358067885041,0.3947680816054344,4.388985922560096,shared_2l_dec_tail
5604,4.939106060191989,0.3999390173703432,4.432059824466705,shared_2l_dec_tail
5605,5.544703919440508,0.8291350677609444,4.595722071826458,shared_2l_dec_tail
5606,5.0078050699085,0.39712805300951004,4.503808915615082,shared_2l_dec_tail
5607,4.883669083938003,0.39627100341022015,4.3805481400340796,shared_2l_dec_tail
5608,4.965073894709349,0.39102183654904366,4.46611805818975,shared_2l_dec_tail
5609,4.930412862449884,0.39168098010122776,4.4311468955129385,shared_2l_dec_tail
5610,4.998655058443546,0.3959059249609709,4.496481968089938,shared_2l_dec_tail
5611,4.925495013594627,0.38862787187099457,4.42960299551487,shared_2l_dec_tail
5612,5.010255146771669,0.38617895916104317,4.518765024840832,shared_2l_dec_tail
5613,4.960654070600867,0.3969869576394558,4.4535070192068815,shared_2l_dec_tail
5614,4.921298008412123,0.38910401053726673,4.424975952133536,shared_2l_dec_tail
5615,4.926648922264576,0.39786286652088165,4.422640195116401,shared_2l_dec_tail
5616,5.008544074371457,0.39701699279248714,4.504108102992177,shared_2l_dec_tail
5617,4.899885039776564,0.39568799547851086,4.3987128883600235,shared_2l_dec_tail
5618,5.055771907791495,0.39337901398539543,4.55600512214005,shared_2l_dec_tail
5619,4.957748809829354,0.39681699126958847,4.453910980373621,shared_2l_dec_tail
5620,4.990367917343974,0.39530382491648197,4.489127080887556,shared_2l_dec_tail
5621,5.59174595400691,0.8356298785656691,4.628711147233844,shared_2l_dec_tail
5622,5.009229993447661,0.39891782216727734,4.503745120018721,shared_2l_dec_tail
5623,4.929711809381843,0.3917519934475422,4.430731059983373,shared_2l_dec_tail
5624,4.904014058411121,0.3880599979311228,4.409430082887411,shared_2l_dec_tail
5625,4.971605958417058,0.39182999171316624,4.472651053220034,shared_2l_dec_tail
5626,5.013529909774661,0.38885721005499363,4.516831832006574,shared_2l_dec_tail
5627,4.975734045729041,0.38777710869908333,4.480944946408272,shared_2l_dec_tail
5628,5.0112539902329445,0.39640115574002266,4.506967030465603,shared_2l_dec_tail
5629,4.976126831024885,0.39290497079491615,4.477145150303841,shared_2l_dec_tail
5630,4.982298007234931,0.3871368244290352,4.487453028559685,shared_2l_dec_tail
5631,4.910708870738745,0.39243209175765514,4.41163987852633,shared_2l_dec_tail
5632,5.016035865992308,0.3897068090736866,4.5200190506875515,shared_2l_dec_tail
5633,4.977822070941329,0.394532922655344,4.477847134694457,shared_2l_dec_tail
5634,4.9837499391287565,0.39460696280002594,4.481392912566662,shared_2l_dec_tail
5635,4.942083032801747,0.3974400460720062,4.438862903043628,shared_2l_dec_tail
5636,4.982559010386467,0.39825798012316227,4.477320006117225,shared_2l_dec_tail
5637,5.589903797954321,0.8299341425299644,4.639359889551997,shared_2l_dec_tail
5638,4.9469799268990755,0.4012489225715399,4.437939962372184,shared_2l_dec_tail
5639,4.991690861061215,0.40011806413531303,4.483831115067005,shared_2l_dec_tail
5640,5.016767885535955,0.39991503581404686,4.510191036388278,shared_2l_dec_tail
5641,4.945108899846673,0.401895958930254,4.434415139257908,shared_2l_dec_tail
5642,5.012335954234004,0.3988519310951233,4.504764918237925,shared_2l_dec_tail
5643,4.940751940011978,0.39902213029563427,4.435701994225383,shared_2l_dec_tail
5644,4.894826095551252,0.3944248892366886,4.39501809887588,shared_2l_dec_tail
5645,4.989186068996787,0.38825394585728645,4.494391148909926,shared_2l_dec_tail
5646,4.986884072422981,0.388608081266284,4.4926858972758055,shared_2l_dec_tail
5647,4.947159206494689,0.38343691267073154,4.457568051293492,shared_2l_dec_tail
5648,5.004607141017914,0.386084895581007,4.512108163908124,shared_2l_dec_tail
5649,4.972194088622928,0.39160018786787987,4.474710905924439,shared_2l_dec_tail
5650,4.903042921796441,0.3945399075746536,4.403101978823543,shared_2l_dec_tail
5651,4.965163068845868,0.3898169379681349,4.469471983611584,shared_2l_dec_tail
5652,4.962872946634889,0.3917529247701168,4.464364144951105,shared_2l_dec_tail
5653,5.488550988957286,0.8373649325221777,4.531527869403362,shared_2l_dec_tail
5654,4.956309916451573,0.4089600406587124,4.441084107384086,shared_2l_dec_tail
5655,4.9953279085457325,0.4042901564389467,4.485135897994041,shared_2l_dec_tail
5656,4.932720912620425,0.39314990863204,4.432938992977142,shared_2l_dec_tail
5657,4.99998708255589,0.4031590651720762,4.4896649196743965,shared_2l_dec_tail
5658,4.968188935890794,0.39654807187616825,4.464610014110804,shared_2l_dec_tail
5659,5.001726094633341,0.39545586332678795,4.499595146626234,shared_2l_dec_tail
5660,4.893110133707523,0.39849686436355114,4.388879984617233,shared_2l_dec_tail
5661,4.987580934539437,0.39457506500184536,4.486162913963199,shared_2l_dec_tail
5662,4.974381998181343,0.39300997741520405,4.475750960409641,shared_2l_dec_tail
5663,4.954479867592454,0.39375596679747105,4.454310983419418,shared_2l_dec_tail
5664,5.016766022890806,0.39072916842997074,4.517288878560066,shared_2l_dec_tail
5665,4.91271005012095,0.3902050666511059,4.416617099195719,shared_2l_dec_tail
5666,4.991259891539812,0.3865158651024103,4.498424008488655,shared_2l_dec_tail
5667,4.980881931260228,0.39256084710359573,4.481693031266332,shared_2l_dec_tail
5668,4.921772982925177,0.391579931601882,4.423324018716812,shared_2l_dec_tail
5669,5.589627893641591,0.8398580830544233,4.628797993063927,shared_2l_dec_tail
5670,5.051414016634226,0.39761303924024105,4.537730012089014,shared_2l_dec_tail
5671,4.96612791903317,0.396534102037549,4.460702883079648,shared_2l_dec_tail
5672,5.030728876590729,0.39021787233650684,4.521818133071065,shared_2l_dec_tail
5673,4.943238105624914,0.3962849732488394,4.4388179667294025,shared_2l_dec_tail
5674,5.003995029255748,0.394532922655344,4.502096911892295,shared_2l_dec_tail
5675,5.019757896661758,0.3938779700547457,4.507996141910553,shared_2l_dec_tail
5676,4.9304289277642965,0.3935310523957014,4.430417902767658,shared_2l_dec_tail
5677,5.017290823161602,0.395340146496892,4.5147729106247425,shared_2l_dec_tail
5678,4.922868916764855,0.39328914135694504,4.424137994647026,shared_2l_dec_tail
5679,4.964857827872038,0.393059803172946,4.462952027097344,shared_2l_dec_tail
5680,4.9064429476857185,0.4001602064818144,4.399889847263694,shared_2l_dec_tail
5681,5.001455079764128,0.40112994611263275,4.4944630935788155,shared_2l_dec_tail
5682,4.980813944712281,0.39914180524647236,4.47460007853806,shared_2l_dec_tail
5683,4.925242159515619,0.3989331889897585,4.42076288163662,shared_2l_dec_tail
5684,4.972524009644985,0.39701396599411964,4.469096893444657,shared_2l_dec_tail
5685,5.583381047472358,0.8332161232829094,4.631829913705587,shared_2l_dec_tail
5686,5.032426910474896,0.3956388682126999,4.529044963419437,shared_2l_dec_tail
5687,4.994776099920273,0.391324982047081,4.496814217418432,shared_2l_dec_tail
5688,4.903489025309682,0.3909061197191477,4.406695021316409,shared_2l_dec_tail
5689,5.030384054407477,0.3881349693983793,4.534561885520816,shared_2l_dec_tail
5690,4.992397036403418,0.3930218517780304,4.491087980568409,shared_2l_dec_tail
5691,4.952932940796018,0.39504794403910637,4.450242966413498,shared_2l_dec_tail
5692,5.021063843742013,0.39260112680494785,4.521586000919342,shared_2l_dec_tail
5693,4.888063995167613,0.38890307769179344,4.3935098219662905,shared_2l_dec_tail
5694,4.935337929055095,0.3919659648090601,4.4334339909255505,shared_2l_dec_tail
5695,4.979429999366403,0.3907328937202692,4.478730959817767,shared_2l_dec_tail
5696,5.005714949220419,0.39072101935744286,4.503755131736398,shared_2l_dec_tail
5697,4.993631038814783,0.3889440558850765,4.493349930271506,shared_2l_dec_tail
5698,4.911812953650951,0.3877468407154083,4.412172129377723,shared_2l_dec_tail
5699,4.955554846674204,0.395455164834857,4.453777801245451,shared_2l_dec_tail
5700,4.894226090982556,0.39840792305767536,4.3892760295420885,shared_2l_dec_tail
5701,5.585411097854376,0.8337728213518858,4.632584983482957,shared_2l_dec_tail
5702,5.044247023761272,0.38979691453278065,4.547453019768,shared_2l_dec_tail
5703,4.951538983732462,0.39486796595156193,4.44984994828701,shared_2l_dec_tail
5704,4.921223968267441,0.393575057387352,4.420426907017827,shared_2l_dec_tail
5705,4.939268808811903,0.3890339285135269,4.442955134436488,shared_2l_dec_tail
5706,5.007066996768117,0.39220298640429974,4.506348865106702,shared_2l_dec_tail
5707,5.00847096554935,0.3982291091233492,4.501072922721505,shared_2l_dec_tail
5708,4.929787945002317,0.3950130194425583,4.4292660895735025,shared_2l_dec_tail
5709,4.977860022336245,0.3889291547238827,4.48224600404501,shared_2l_dec_tail
5710,4.97304112650454,0.3913920372724533,4.472407046705484,shared_2l_dec_tail
5711,4.987900145351887,0.3911340609192848,4.489062121137977,shared_2l_dec_tail
5712,4.924173932522535,0.38961414247751236,4.426650004461408,shared_2l_dec_tail
5713,4.99161914922297,0.38888584822416306,4.4949830044060946,shared_2l_dec_tail
5714,4.901430103927851,0.3933110274374485,4.401726881042123,shared_2l_dec_tail
5715,4.919722909107804,0.3909328952431679,4.4152820482850075,shared_2l_dec_tail
5716,4.9969800747931,0.38808700628578663,4.504045005887747,shared_2l_dec_tail
5717,5.562622100114822,0.8273511193692684,4.615501035004854,shared_2l_dec_tail
5718,5.053444067016244,0.40151108987629414,4.54522087238729,shared_2l_dec_tail
5719,4.957207012921572,0.3998971078544855,4.4493000023067,shared_2l_dec_tail
5720,5.044443998485804,0.4040570929646492,4.534033825621009,shared_2l_dec_tail
5721,4.991266177967191,0.40244986303150654,4.48211096227169,shared_2l_dec_tail
5722,4.924204898998141,0.4028270486742258,4.414292983710766,shared_2l_dec_tail
5723,5.008375039324164,0.4025301896035671,4.500022856518626,shared_2l_dec_tail
5724,4.926988855004311,0.3991618286818266,4.422439960762858,shared_2l_dec_tail
5725,5.004819016903639,0.3927049692720175,4.5062468852847815,shared_2l_dec_tail
5726,4.927416797727346,0.39054383523762226,4.429126158356667,shared_2l_dec_tail
5727,5.010897060856223,0.39539788849651814,4.5083011500537395,shared_2l_dec_tail
5728,4.996409872546792,0.3956740256398916,4.494084976613522,shared_2l_dec_tail
5729,4.979067947715521,0.389444874599576,4.483561031520367,shared_2l_dec_tail
5730,4.99575980938971,0.39556086994707584,4.493013955652714,shared_2l_dec_tail
5731,4.9675689078867435,0.39899698458611965,4.462321987375617,shared_2l_dec_tail
5732,5.005070008337498,0.3860560245811939,4.512368934229016,shared_2l_dec_tail
5733,5.6132900062948465,0.8379679638892412,4.6559409238398075,shared_2l_dec_tail
5734,5.056783091276884,0.4008249379694462,4.5487359166145325,shared_2l_dec_tail
5735,4.941398045048118,0.3988270182162523,4.434563918039203,shared_2l_dec_tail
5736,4.991072928532958,0.39423094131052494,4.489667946472764,shared_2l_dec_tail
5737,4.948405083268881,0.39387005381286144,4.445272032171488,shared_2l_dec_tail
5738,4.9334370996803045,0.3946940414607525,4.426989005878568,shared_2l_dec_tail
5739,5.031039007008076,0.3927198704332113,4.532322054728866,shared_2l_dec_tail
5740,4.921328043565154,0.39589894004166126,4.418449942022562,shared_2l_dec_tail
5741,5.028996849432588,0.3962880000472069,4.510323982685804,shared_2l_dec_tail
5742,4.93839499540627,0.39184908382594585,4.44011390209198,shared_2l_dec_tail
5743,4.991406109184027,0.4061879590153694,4.47963597252965,shared_2l_dec_tail
5744,4.955973010510206,0.401749974116683,4.449679050594568,shared_2l_dec_tail
5745,4.963068990036845,0.40051713585853577,4.4561829417943954,shared_2l_dec_tail
5746,5.046323174610734,0.400531105697155,4.5366978738456964,shared_2l_dec_tail
5747,4.962717881426215,0.3954460844397545,4.462569952011108,shared_2l_dec_tail
5748,5.024548154324293,0.40081702172756195,4.516384098678827,shared_2l_dec_tail
5749,5.6034959852695465,0.8564270101487637,4.625668050721288,shared_2l_dec_tail
5750,5.005484214052558,0.398026080802083,4.498888971284032,shared_2l_dec_tail
5751,5.040907999500632,0.39257598109543324,4.539197077974677,shared_2l_dec_tail
5752,5.005173152312636,0.4003040958195925,4.495902918279171,shared_2l_dec_tail
5753,4.9709128215909,0.4064110107719898,4.4573519844561815,shared_2l_dec_tail
5754,4.925437038764358,0.40081795305013657,4.416811047121882,shared_2l_dec_tail
5755,4.995721857994795,0.39229588583111763,4.4948391150683165,shared_2l_dec_tail
5756,4.9635181203484535,0.39643701165914536,4.459175979718566,shared_2l_dec_tail
5757,4.984291037544608,0.40016788989305496,4.475989146158099,shared_2l_dec_tail
5758,5.007473984733224,0.39255782030522823,4.507353994995356,shared_2l_dec_tail
5759,4.964181920513511,0.39298017509281635,4.464771831408143,shared_2l_dec_tail
5760,5.03840297460556,0.39333710446953773,4.537533037364483,shared_2l_dec_tail
5761,4.992358153685927,0.3899219445884228,4.49549313634634,shared_2l_dec_tail
5762,5.021512042731047,0.39235898293554783,4.52316296286881,shared_2l_dec_tail
5763,4.925606772303581,0.3935538697987795,4.42644115537405,shared_2l_dec_tail
5764,5.013523856177926,0.3871510270982981,4.5202961191535,shared_2l_dec_tail
5765,5.584330065175891,0.8404459804296494,4.626476904377341,shared_2l_dec_tail
5766,5.047251936048269,0.39367005228996277,4.547027871012688,shared_2l_dec_tail
5767,4.919756203889847,0.4001581110060215,4.408644046634436,shared_2l_dec_tail
5768,4.977847915142775,0.39089610800147057,4.48246393352747,shared_2l_dec_tail
5769,4.957274999469519,0.39473315700888634,4.450893960893154,shared_2l_dec_tail
5770,4.912486998364329,0.39621000178158283,4.409220069646835,shared_2l_dec_tail
5771,4.975339164957404,0.4021839704364538,4.466790007427335,shared_2l_dec_tail
5772,4.912640200927854,0.4010570701211691,4.4055539183318615,shared_2l_dec_tail
5773,4.986090119928122,0.40173507295548916,4.477313021197915,shared_2l_dec_tail
5774,4.925816087052226,0.397674972191453,4.421476041898131,shared_2l_dec_tail
5775,4.9972510896623135,0.4081851802766323,4.48312284424901,shared_2l_dec_tail
5776,4.931712057441473,0.4036759492009878,4.4219528790563345,shared_2l_dec_tail
5777,4.95770713314414,0.40157511830329895,4.448916995897889,shared_2l_dec_tail
5778,4.925439832732081,0.39959815330803394,4.418504890054464,shared_2l_dec_tail
5779,4.985634004697204,0.4018868785351515,4.476869013160467,shared_2l_dec_tail
5780,4.945465829223394,0.40385802276432514,4.433400928974152,shared_2l_dec_tail
5781,5.570029141381383,0.8379851933568716,4.6119538601487875,shared_2l_dec_tail
5782,5.052325082942843,0.40145288221538067,4.543116083368659,shared_2l_dec_tail
5783,5.017757182940841,0.39231404662132263,4.519226029515266,shared_2l_dec_tail
5784,4.949897062033415,0.3927780780941248,4.448795923963189,shared_2l_dec_tail
5785,4.99196513555944,0.3913859836757183,4.492865176871419,shared_2l_dec_tail
5786,4.944845102727413,0.39312406443059444,4.444202873855829,shared_2l_dec_tail
5787,4.916427889838815,0.3943240735679865,4.415109986439347,shared_2l_dec_tail
5788,4.936185898259282,0.3917089197784662,4.439756041392684,shared_2l_dec_tail
5789,5.017366958782077,0.3930218517780304,4.509771009907126,shared_2l_dec_tail
5790,4.96154697611928,0.4003520589321852,4.4547938741743565,shared_2l_dec_tail
5791,4.977269098162651,0.39402698166668415,4.476170986890793,shared_2l_dec_tail
5792,4.996255971491337,0.394666101783514,4.490493796765804,shared_2l_dec_tail
5793,4.998169839382172,0.39745611138641834,4.487127996981144,shared_2l_dec_tail
5794,4.969771020114422,0.39288890548050404,4.464619094505906,shared_2l_dec_tail
5795,5.021335789933801,0.40174112655222416,4.512813873589039,shared_2l_dec_tail
5796,4.946660017594695,0.3920739982277155,4.447359126061201,shared_2l_dec_tail
5797,5.581673933193088,0.8367549162358046,4.626840120181441,shared_2l_dec_tail
5798,5.044488003477454,0.3951198887079954,4.541151225566864,shared_2l_dec_tail
5799,4.994194023311138,0.4044680390506983,4.481982905417681,shared_2l_dec_tail
5800,4.941299092024565,0.40247500874102116,4.430874949321151,shared_2l_dec_tail
5801,4.991224035620689,0.4021241329610348,4.483564989641309,shared_2l_dec_tail
5802,4.901309031993151,0.39283791556954384,4.401549929752946,shared_2l_dec_tail
5803,4.984003957360983,0.39125606417655945,4.486507037654519,shared_2l_dec_tail
5804,4.881666973233223,0.3915601409971714,4.384974017739296,shared_2l_dec_tail
5805,4.933777032420039,0.3939049784094095,4.432991845533252,shared_2l_dec_tail
5806,5.016918061301112,0.39691105484962463,4.51253610663116,shared_2l_dec_tail
5807,4.899817984551191,0.3957690205425024,4.398518009111285,shared_2l_dec_tail
5808,4.97352285310626,0.3927391953766346,4.474184941500425,shared_2l_dec_tail
5809,4.9996101297438145,0.3946188371628523,4.498637979850173,shared_2l_dec_tail
5810,4.940146813169122,0.39649195969104767,4.435885930433869,shared_2l_dec_tail
5811,4.922405118122697,0.3975450526922941,4.421235993504524,shared_2l_dec_tail
5812,4.9587509129196405,0.3988770768046379,4.446884850040078,shared_2l_dec_tail
5813,5.601685959845781,0.8288950193673372,4.653265001252294,shared_2l_dec_tail
5814,5.058223148807883,0.40652998723089695,4.543284885585308,shared_2l_dec_tail
5815,4.941598046571016,0.4092119634151459,4.424232058227062,shared_2l_dec_tail
5816,4.961703903973103,0.40696095675230026,4.447510000318289,shared_2l_dec_tail
5817,4.989812150597572,0.4032389260828495,4.480523057281971,shared_2l_dec_tail
5818,4.940199898555875,0.4032489378005266,4.4287568889558315,shared_2l_dec_tail
5819,4.910405026748776,0.3962439950555563,4.4082889799028635,shared_2l_dec_tail
5820,5.017074989154935,0.3956630825996399,4.513927036896348,shared_2l_dec_tail
5821,4.985175793990493,0.4024398513138294,4.473744193091989,shared_2l_dec_tail
5822,4.94965398684144,0.38862903602421284,4.4543868862092495,shared_2l_dec_tail
5823,4.948871908709407,0.39088912308216095,4.4509959407150745,shared_2l_dec_tail
5824,5.029740976169705,0.3919790033251047,4.530124133452773,shared_2l_dec_tail
5825,4.948299145326018,0.3963559865951538,4.443795885890722,shared_2l_dec_tail
5826,5.037183174863458,0.39504398591816425,4.534097155556083,shared_2l_dec_tail
5827,4.905946087092161,0.39237504824995995,4.405095940455794,shared_2l_dec_tail
5828,5.004923092201352,0.39060087874531746,4.5071670319885015,shared_2l_dec_tail
5829,5.598105024546385,0.858027022331953,4.618886159732938,shared_2l_dec_tail
5830,5.038144066929817,0.4018680192530155,4.523186944425106,shared_2l_dec_tail
5831,4.947397159412503,0.397305004298687,4.442459903657436,shared_2l_dec_tail
5832,5.004690028727055,0.4006440285593271,4.498420050367713,shared_2l_dec_tail
5833,4.997981013730168,0.3982400521636009,4.492799984291196,shared_2l_dec_tail
5834,4.932172130793333,0.3901459276676178,4.429487977176905,shared_2l_dec_tail
5835,5.014500115066767,0.4042151849716902,4.503033822402358,shared_2l_dec_tail
5836,5.012569949030876,0.40253298357129097,4.501718794927001,shared_2l_dec_tail
5837,4.996292060241103,0.4027110990136862,4.487678874284029,shared_2l_dec_tail
5838,4.948110086843371,0.4040580242872238,4.437013994902372,shared_2l_dec_tail
5839,5.000984063372016,0.407608924433589,4.484005039557815,shared_2l_dec_tail
5840,4.9986219964921474,0.40693487972021103,4.484526114538312,shared_2l_dec_tail
5841,4.967008950188756,0.3998188767582178,4.459077026695013,shared_2l_dec_tail
5842,4.939813865348697,0.40540401823818684,4.426999948918819,shared_2l_dec_tail
5843,4.981999984011054,0.39904192090034485,4.475587978959084,shared_2l_dec_tail
5844,4.943970125168562,0.4077870398759842,4.428615095093846,shared_2l_dec_tail
5845,5.900554824620485,1.1287229135632515,4.649734124541283,shared_2l_dec_tail
5846,5.01640303991735,0.4100790247321129,4.497043089941144,shared_2l_dec_tail
5847,4.923527128994465,0.40427898056805134,4.4122179970145226,shared_2l_dec_tail
5848,5.049652187153697,0.40716398507356644,4.53342217952013,shared_2l_dec_tail
5849,4.975131945684552,0.41088415309786797,4.456743830814958,shared_2l_dec_tail
5850,5.018244963139296,0.40133786387741566,4.5078350231051445,shared_2l_dec_tail
5851,4.977233009412885,0.4049520939588547,4.465025849640369,shared_2l_dec_tail
5852,5.017291055992246,0.4063621163368225,4.502157913520932,shared_2l_dec_tail
5853,4.902561893686652,0.4010230768471956,4.394810879603028,shared_2l_dec_tail
5854,4.992186091840267,0.40250387974083424,4.4828730169683695,shared_2l_dec_tail
5855,4.909273004159331,0.3952719271183014,4.406047984957695,shared_2l_dec_tail
5856,5.000164965167642,0.3886509221047163,4.503133939579129,shared_2l_dec_tail
5857,4.938045982271433,0.39397692307829857,4.437536001205444,shared_2l_dec_tail
5858,5.013179965317249,0.3913729451596737,4.513046937063336,shared_2l_dec_tail
5859,4.998929100111127,0.3961138427257538,4.495742032304406,shared_2l_dec_tail
5860,4.95317904278636,0.3933780826628208,4.452138906344771,shared_2l_dec_tail
5861,5.653070984408259,0.8988110348582268,4.633496981114149,shared_2l_dec_tail
5862,5.037412047386169,0.40582194924354553,4.524589981883764,shared_2l_dec_tail
5863,4.922720137983561,0.4001511260867119,4.416663898155093,shared_2l_dec_tail
5864,4.992014029994607,0.4059700295329094,4.478412913158536,shared_2l_dec_tail
5865,4.889649106189609,0.39722491055727005,4.381139064207673,shared_2l_dec_tail
5866,5.000398959964514,0.3923950716853142,4.492812091484666,shared_2l_dec_tail
5867,4.882215056568384,0.3923061303794384,4.382630810141563,shared_2l_dec_tail
5868,4.949823021888733,0.40466105565428734,4.436525981873274,shared_2l_dec_tail
5869,4.939073929563165,0.399505952373147,4.434020956978202,shared_2l_dec_tail
5870,4.947365028783679,0.40273298509418964,4.436404909938574,shared_2l_dec_tail
5871,4.999104887247086,0.41093514300882816,4.4814059510827065,shared_2l_dec_tail
5872,4.930166993290186,0.41015702299773693,4.414711846038699,shared_2l_dec_tail
5873,4.966270877048373,0.3993979189544916,4.460485186427832,shared_2l_dec_tail
5874,4.918597871437669,0.4050119314342737,4.406018881127238,shared_2l_dec_tail
5875,4.982982994988561,0.39989594370126724,4.476360976696014,shared_2l_dec_tail
5876,4.956830060109496,0.40659820660948753,4.442536970600486,shared_2l_dec_tail
5877,5.64073002897203,0.8897529914975166,4.6307791490107775,shared_2l_dec_tail
5878,5.038705887272954,0.3986549563705921,4.531627055257559,shared_2l_dec_tail
5879,4.945622058585286,0.39311591535806656,4.445321159437299,shared_2l_dec_tail
5880,4.925174172967672,0.392058864235878,4.426763160154223,shared_2l_dec_tail
5881,4.905545152723789,0.3905869089066982,4.40771016292274,shared_2l_dec_tail
5882,4.924800945445895,0.3911049570888281,4.425195977091789,shared_2l_dec_tail
5883,5.001188023015857,0.4040389321744442,4.490442108362913,shared_2l_dec_tail
5884,4.965827101841569,0.38868910633027554,4.465407924726605,shared_2l_dec_tail
5885,4.981287056580186,0.3934691194444895,4.481416894122958,shared_2l_dec_tail
5886,4.923274042084813,0.39905006997287273,4.416720941662788,shared_2l_dec_tail
5887,5.028888117522001,0.4092669114470482,4.460141994059086,shared_2l_dec_tail
5888,5.03535894677043,0.42512407526373863,4.486175952479243,shared_2l_dec_tail
5889,4.935318138450384,0.40040304884314537,4.4287159107625484,shared_2l_dec_tail
5890,4.900840111076832,0.3961138427257538,4.398561082780361,shared_2l_dec_tail
5891,4.959840094670653,0.4024531226605177,4.451483953744173,shared_2l_dec_tail
5892,5.016947165131569,0.40078978054225445,4.509933991357684,shared_2l_dec_tail
5893,5.606489023193717,0.8672359399497509,4.619495011866093,shared_2l_dec_tail
5894,5.020326003432274,0.3988260868936777,4.513215972110629,shared_2l_dec_tail
5895,4.913955926895142,0.392307061702013,4.414446884766221,shared_2l_dec_tail
5896,4.907947964966297,0.39924285374581814,4.398931050673127,shared_2l_dec_tail
5897,5.00374217517674,0.3963089548051357,4.500112030655146,shared_2l_dec_tail
5898,5.028310930356383,0.4016668535768986,4.518368048593402,shared_2l_dec_tail
5899,4.896712023764849,0.3920779563486576,4.398219054564834,shared_2l_dec_tail
5900,4.941659979522228,0.3938970621675253,4.4393029529601336,shared_2l_dec_tail
5901,4.985858919098973,0.39594806730747223,4.482368938624859,shared_2l_dec_tail
5902,4.97657316736877,0.3957301378250122,4.473323002457619,shared_2l_dec_tail
5903,4.956278018653393,0.402648001909256,4.447432933375239,shared_2l_dec_tail
5904,5.038773873820901,0.39679696783423424,4.5338221825659275,shared_2l_dec_tail
5905,4.977745935320854,0.39458880200982094,4.4761961326003075,shared_2l_dec_tail
5906,4.992112051695585,0.3942090552300215,4.490528022870421,shared_2l_dec_tail
5907,4.973585018888116,0.39331591688096523,4.473282024264336,shared_2l_dec_tail
5908,4.877089057117701,0.3914409317076206,4.377690143883228,shared_2l_dec_tail
5909,5.60088106431067,0.8436329662799835,4.630126990377903,shared_2l_dec_tail
5910,5.030559143051505,0.41991821490228176,4.5033469796180725,shared_2l_dec_tail
5911,4.921159008517861,0.4064121749252081,4.40920889377594,shared_2l_dec_tail
5912,5.017183953896165,0.3960770554840565,4.514761967584491,shared_2l_dec_tail
5913,5.029153078794479,0.4054249729961157,4.516883986070752,shared_2l_dec_tail
5914,4.944144049659371,0.4056438338011503,4.432113142684102,shared_2l_dec_tail
5915,4.984118975698948,0.3936169669032097,4.48370398953557,shared_2l_dec_tail
5916,4.964469000697136,0.3932539839297533,4.463184159249067,shared_2l_dec_tail
5917,4.981252830475569,0.39285304956138134,4.480697913095355,shared_2l_dec_tail
5918,4.930100869387388,0.39769592694938183,4.425288178026676,shared_2l_dec_tail
5919,4.986428190022707,0.3967059310525656,4.481995012611151,shared_2l_dec_tail
5920,4.95091499760747,0.39845588617026806,4.445976112037897,shared_2l_dec_tail
5921,5.016522947698832,0.39465585723519325,4.51376405544579,shared_2l_dec_tail
5922,4.909304901957512,0.4012780264019966,4.402573918923736,shared_2l_dec_tail
5923,4.933319985866547,0.3909459337592125,4.4347511138767,shared_2l_dec_tail
5924,4.999787081032991,0.3892870154231787,4.5031660702079535,shared_2l_dec_tail
5925,5.582005018368363,0.8400790393352509,4.620780935510993,shared_2l_dec_tail
5926,5.062046926468611,0.4015869926661253,4.5518288388848305,shared_2l_dec_tail
5927,5.0178091041743755,0.4058550111949444,4.503808915615082,shared_2l_dec_tail
5928,4.929814022034407,0.4002079367637634,4.421372199431062,shared_2l_dec_tail
5929,5.009763175621629,0.4046638496220112,4.497993038967252,shared_2l_dec_tail
5930,5.021499935537577,0.4019730258733034,4.513903986662626,shared_2l_dec_tail
5931,4.927324829623103,0.40595908649265766,4.414354916661978,shared_2l_dec_tail
5932,5.026822909712791,0.4036370664834976,4.516684915870428,shared_2l_dec_tail
5933,5.007322179153562,0.40619494393467903,4.494654946029186,shared_2l_dec_tail
5934,4.915890051051974,0.40503707714378834,4.40259906463325,shared_2l_dec_tail
5935,4.981806967407465,0.4066671244800091,4.467542050406337,shared_2l_dec_tail
5936,4.922799067571759,0.3995979204773903,4.416785901412368,shared_2l_dec_tail
5937,4.90477797575295,0.40809507481753826,4.391457885503769,shared_2l_dec_tail
5938,4.992105066776276,0.40359492413699627,4.483344033360481,shared_2l_dec_tail
5939,4.989563021808863,0.4037048202008009,4.478089045733213,shared_2l_dec_tail
5940,4.915336146950722,0.400410033762455,4.407973028719425,shared_2l_dec_tail
5941,5.600648000836372,0.8420220110565424,4.637867910787463,shared_2l_dec_tail
5942,5.064981058239937,0.4024691879749298,4.55490592867136,shared_2l_dec_tail
5943,4.97952988371253,0.3951508551836014,4.479540977627039,shared_2l_dec_tail
5944,4.918833030387759,0.3986409865319729,4.412406124174595,shared_2l_dec_tail
5945,4.994366085156798,0.3926029894500971,4.49486100114882,shared_2l_dec_tail
5946,5.021456861868501,0.3952628467231989,4.521530121564865,shared_2l_dec_tail
5947,4.929818911477923,0.39408192969858646,4.428687039762735,shared_2l_dec_tail
5948,4.985870094969869,0.3912108950316906,4.488157108426094,shared_2l_dec_tail
5949,5.022951168939471,0.39261183701455593,4.5237361919134855,shared_2l_dec_tail
5950,4.911644151434302,0.4013730213046074,4.40151896327734,shared_2l_dec_tail
5951,5.018590949475765,0.39424095302820206,4.516163142398,shared_2l_dec_tail
5952,4.963402869179845,0.40157302282750607,4.450284875929356,shared_2l_dec_tail
5953,4.986571846529841,0.39607100188732147,4.474269924685359,shared_2l_dec_tail
5954,4.919006954878569,0.39400486275553703,4.414494149386883,shared_2l_dec_tail
5955,5.008155945688486,0.39243209175765514,4.503933014348149,shared_2l_dec_tail
5956,4.889799980446696,0.39548706263303757,4.3888629879802465,shared_2l_dec_tail
5957,5.5988868698477745,0.8405807893723249,4.638571059331298,shared_2l_dec_tail
5958,5.0426560919731855,0.40091807022690773,4.533628933131695,shared_2l_dec_tail
5959,4.997385898604989,0.3938369918614626,4.495959961786866,shared_2l_dec_tail
5960,4.935238976031542,0.39573688991367817,4.4329119846224785,shared_2l_dec_tail
5961,5.018515046685934,0.39702700451016426,4.5131719671189785,shared_2l_dec_tail
5962,4.939975216984749,0.39761001244187355,4.435426089912653,shared_2l_dec_tail
5963,4.993848968297243,0.3991839475929737,4.486453020945191,shared_2l_dec_tail
5964,4.899208899587393,0.3963338676840067,4.396584117785096,shared_2l_dec_tail
5965,4.979707067832351,0.39642490446567535,4.475500900298357,shared_2l_dec_tail
5966,4.932137904688716,0.39806682616472244,4.427181091159582,shared_2l_dec_tail
5967,5.029038060456514,0.3969368990510702,4.524068906903267,shared_2l_dec_tail
5968,4.951972980052233,0.39663491770625114,4.447025014087558,shared_2l_dec_tail
5969,5.019732052460313,0.39959000423550606,4.5119840651750565,shared_2l_dec_tail
5970,5.010158056393266,0.40120305493474007,4.502626834437251,shared_2l_dec_tail
5971,4.922986961901188,0.40149595588445663,4.413114162161946,shared_2l_dec_tail
5972,5.017392802983522,0.398809090256691,4.510741913691163,shared_2l_dec_tail
5973,5.625904072076082,0.8402359671890736,4.660230129957199,shared_2l_dec_tail
5974,4.998557036742568,0.40899799205362797,4.482269054278731,shared_2l_dec_tail
5975,5.005887011066079,0.40749600157141685,4.490545019507408,shared_2l_dec_tail
5976,5.002035992220044,0.40411995723843575,4.490339895710349,shared_2l_dec_tail
5977,4.9350259359925985,0.41218497790396214,4.418251104652882,shared_2l_dec_tail
5978,5.022772122174501,0.40487106889486313,4.510866943746805,shared_2l_dec_tail
5979,4.961772821843624,0.4040161147713661,4.4503239914774895,shared_2l_dec_tail
5980,4.981227917596698,0.4013059660792351,4.472217056900263,shared_2l_dec_tail
5981,4.91842208430171,0.4077819176018238,4.403528058901429,shared_2l_dec_tail
5982,5.004225065931678,0.4035790916532278,4.495925968512893,shared_2l_dec_tail
5983,4.904340021312237,0.4074180033057928,4.389195935800672,shared_2l_dec_tail
5984,4.992063855752349,0.40003610774874687,4.485037876293063,shared_2l_dec_tail
5985,4.95733879506588,0.4067730624228716,4.442791920155287,shared_2l_dec_tail
5986,5.0201991107314825,0.4053411539644003,4.508905811235309,shared_2l_dec_tail
5987,4.963367944583297,0.4014139994978905,4.454219015315175,shared_2l_dec_tail
5988,4.923756932839751,0.4047309048473835,4.411777015775442,shared_2l_dec_tail
5989,5.5877468548715115,0.8398089557886124,4.626278067007661,shared_2l_dec_tail
5990,5.059138173237443,0.40371809154748917,4.54777991399169,shared_2l_dec_tail
5991,5.0337789580225945,0.4003881476819515,4.526401869952679,shared_2l_dec_tail
5992,5.015064030885696,0.40081399492919445,4.509094869717956,shared_2l_dec_tail
5993,4.990677814930677,0.4000940825790167,4.4823570642620325,shared_2l_dec_tail
5994,5.00648794695735,0.3961429465562105,4.504845943301916,shared_2l_dec_tail
5995,4.985654028132558,0.4028831608593464,4.475085996091366,shared_2l_dec_tail
5996,4.931088071316481,0.39809802547097206,4.426618106663227,shared_2l_dec_tail
5997,4.978470969945192,0.3984461072832346,4.473056877031922,shared_2l_dec_tail
5998,5.031993146985769,0.39477599784731865,4.529582103714347,shared_2l_dec_tail
5999,4.9613420851528645,0.3956090658903122,4.459050949662924,shared_2l_dec_tail
6000,5.044548073783517,0.3977981396019459,4.539216868579388,shared_2l_dec_tail
6001,4.98108402825892,0.4052980802953243,4.470381885766983,shared_2l_dec_tail
6002,4.935870878398418,0.3951331600546837,4.432810936123133,shared_2l_dec_tail
6003,4.929160000756383,0.394538976252079,4.427884938195348,shared_2l_dec_tail
6004,4.99456818215549,0.4007071256637573,4.486215999349952,shared_2l_dec_tail
6005,5.612249951809645,0.8504940196871758,4.640159895643592,shared_2l_dec_tail
6006,5.052787018939853,0.4177871160209179,4.527882905676961,shared_2l_dec_tail
6007,5.017306888476014,0.40546501986682415,4.504036856815219,shared_2l_dec_tail
6008,4.955553915351629,0.40889717638492584,4.438736010342836,shared_2l_dec_tail
6009,5.032760091125965,0.4065220709890127,4.517984110862017,shared_2l_dec_tail
6010,5.02821896225214,0.40949019603431225,4.512423882260919,shared_2l_dec_tail
6011,5.03370794467628,0.4049011040478945,4.5205638743937016,shared_2l_dec_tail
6012,4.95536788366735,0.3986009396612644,4.446733044460416,shared_2l_dec_tail
6013,5.034828092902899,0.40205009281635284,4.524064948782325,shared_2l_dec_tail
6014,4.925291985273361,0.39682607166469097,4.42055007442832,shared_2l_dec_tail
6015,5.016240058466792,0.4119470249861479,4.496193956583738,shared_2l_dec_tail
6016,4.955573007464409,0.40857400745153427,4.4387399684637785,shared_2l_dec_tail
6017,5.016201175749302,0.4057888872921467,4.5064331497997046,shared_2l_dec_tail
6018,4.929898073896766,0.4086808767169714,4.41307108849287,shared_2l_dec_tail
6019,4.9914950504899025,0.40503498166799545,4.479945171624422,shared_2l_dec_tail
6020,4.931797040626407,0.39853109046816826,4.42567584104836,shared_2l_dec_tail
6021,5.581336095929146,0.8399030193686485,4.619135987013578,shared_2l_dec_tail
6022,5.028816871345043,0.3992849960923195,4.519974114373326,shared_2l_dec_tail
6023,4.9976210575550795,0.4062491934746504,4.485004814341664,shared_2l_dec_tail
6024,4.972341004759073,0.39868615567684174,4.4671338982880116,shared_2l_dec_tail
6025,4.917117999866605,0.39978791028261185,4.4106910936534405,shared_2l_dec_tail
6026,4.983026999980211,0.4013599827885628,4.4749220833182335,shared_2l_dec_tail
6027,4.93455701507628,0.3984328359365463,4.428888205438852,shared_2l_dec_tail
6028,4.963932791724801,0.39621908217668533,4.460326861590147,shared_2l_dec_tail
6029,5.029171938076615,0.4032328724861145,4.517209017649293,shared_2l_dec_tail
6030,4.972454160451889,0.3996489103883505,4.465732024982572,shared_2l_dec_tail
6031,4.9388050101697445,0.39868801832199097,4.430986940860748,shared_2l_dec_tail
6032,5.009219981729984,0.3974598366767168,4.504739074036479,shared_2l_dec_tail
6033,4.952928051352501,0.3988260868936777,4.445380996912718,shared_2l_dec_tail
6034,4.918147111311555,0.39776600897312164,4.412682959809899,shared_2l_dec_tail
6035,4.922852152958512,0.3925599157810211,4.417046206071973,shared_2l_dec_tail
6036,5.005314014852047,0.39720209315419197,4.499627044424415,shared_2l_dec_tail
6037,5.560037912800908,0.8393528405576944,4.599606152623892,shared_2l_dec_tail
6038,4.998930962756276,0.4139768425375223,4.47594397701323,shared_2l_dec_tail
6039,4.923231899738312,0.40514091961085796,4.410566063597798,shared_2l_dec_tail
6040,4.9018049612641335,0.3988540265709162,4.3953899294137955,shared_2l_dec_tail
6041,4.964170977473259,0.40408200584352016,4.454651148989797,shared_2l_dec_tail
6042,4.895627032965422,0.39609288796782494,4.392224131152034,shared_2l_dec_tail
6043,4.962230799719691,0.3981560003012419,4.4582190457731485,shared_2l_dec_tail
6044,4.945225780829787,0.39113895036280155,4.4471630826592445,shared_2l_dec_tail
6045,4.962572827935219,0.3986288793385029,4.45818598382175,shared_2l_dec_tail
6046,4.910405958071351,0.39797485806047916,4.406046122312546,shared_2l_dec_tail
6047,4.976599011570215,0.40079792961478233,4.468006081879139,shared_2l_dec_tail
6048,4.970642039552331,0.39617600850760937,4.464567871764302,shared_2l_dec_tail
6049,4.9845571629703045,0.39908895269036293,4.4737099669873714,shared_2l_dec_tail
6050,4.939025966450572,0.39997207932174206,4.4277559500187635,shared_2l_dec_tail
6051,5.013683810830116,0.39831711910665035,4.507640842348337,shared_2l_dec_tail
6052,4.891509190201759,0.3961450420320034,4.38754097558558,shared_2l_dec_tail
6053,5.591884953901172,0.8397030178457499,4.631219897419214,shared_2l_dec_tail
6054,5.0300860311836,0.4009369295090437,4.519523121416569,shared_2l_dec_tail
6055,4.934493917971849,0.40797004476189613,4.419473931193352,shared_2l_dec_tail
6056,5.005721002817154,0.39382814429700375,4.505204036831856,shared_2l_dec_tail
6057,4.925278946757317,0.3972351551055908,4.421968013048172,shared_2l_dec_tail
6058,4.969744943082333,0.39410311728715897,4.468363942578435,shared_2l_dec_tail
6059,4.980244906619191,0.39481488056480885,4.479480907320976,shared_2l_dec_tail
6060,4.942048108205199,0.3960139583796263,4.439271986484528,shared_2l_dec_tail
6061,4.9096520524472,0.40089990943670273,4.402936203405261,shared_2l_dec_tail
6062,4.983730847015977,0.3948600497096777,4.479275085031986,shared_2l_dec_tail
6063,5.014619091525674,0.3939459566026926,4.513400141149759,shared_2l_dec_tail
6064,4.997431067749858,0.4007758107036352,4.490259103477001,shared_2l_dec_tail
6065,4.8954791855067015,0.3994470462203026,4.389393143355846,shared_2l_dec_tail
6066,4.929553018882871,0.39327796548604965,4.428852116689086,shared_2l_dec_tail
6067,5.012674024328589,0.39578089490532875,4.510228987783194,shared_2l_dec_tail
6068,4.95142606087029,0.401519937440753,4.442489938810468,shared_2l_dec_tail
6069,5.569902015849948,0.8529250044375658,4.595788894221187,shared_2l_dec_tail
6070,5.045493133366108,0.4058710765093565,4.531692946329713,shared_2l_dec_tail
6071,5.026244092732668,0.410981010645628,4.507582867518067,shared_2l_dec_tail
6072,5.013629794120789,0.41385297663509846,4.4900591019541025,shared_2l_dec_tail
6073,5.0221269484609365,0.41228998452425003,4.502816125750542,shared_2l_dec_tail
6074,4.929855931550264,0.40709786117076874,4.414998926222324,shared_2l_dec_tail
6075,5.034796893596649,0.40788808837532997,4.5200539752841,shared_2l_dec_tail
6076,4.9574109725654125,0.4130250308662653,4.437993047758937,shared_2l_dec_tail
6077,4.99467016197741,0.41362596675753593,4.474099958315492,shared_2l_dec_tail
6078,4.929607966914773,0.4139621742069721,4.409564891830087,shared_2l_dec_tail
6079,4.998599877581,0.40544988587498665,4.486846039071679,shared_2l_dec_tail
6080,4.998390795662999,0.40435907430946827,4.485761048272252,shared_2l_dec_tail
6081,4.987298045307398,0.40235999040305614,4.478398011997342,shared_2l_dec_tail
6082,4.971273010596633,0.40541496127843857,4.4600211549550295,shared_2l_dec_tail
6083,4.999058088287711,0.409949105232954,4.484338918700814,shared_2l_dec_tail
6084,4.998645046725869,0.41108415462076664,4.482713993638754,shared_2l_dec_tail
6085,5.50363608635962,0.8425822015851736,4.542028997093439,shared_2l_dec_tail
6086,5.0713978707790375,0.4007071256637573,4.563335794955492,shared_2l_dec_tail
6087,5.020675016567111,0.4089251160621643,4.505592864006758,shared_2l_dec_tail
6088,4.946884931996465,0.39791595190763474,4.440366989001632,shared_2l_dec_tail
6089,5.0095608457922935,0.3982598427683115,4.503911128267646,shared_2l_dec_tail
6090,5.009847925975919,0.40849484503269196,4.4933471363037825,shared_2l_dec_tail
6091,5.029019899666309,0.39837206713855267,4.523441893979907,shared_2l_dec_tail
6092,4.918193910270929,0.3957590088248253,4.415777046233416,shared_2l_dec_tail
6093,4.999562166631222,0.4005120135843754,4.491609986871481,shared_2l_dec_tail
6094,4.940296057611704,0.3970989491790533,4.43639699369669,shared_2l_dec_tail
6095,4.951159004122019,0.4024489317089319,4.441646859049797,shared_2l_dec_tail
6096,5.008704029023647,0.40087499655783176,4.5007760636508465,shared_2l_dec_tail
6097,4.933088086545467,0.3998170141130686,4.425504943355918,shared_2l_dec_tail
6098,5.021350923925638,0.3967320080846548,4.517474910244346,shared_2l_dec_tail
6099,4.925490822643042,0.4006819799542427,4.414562834426761,shared_2l_dec_tail
6100,5.024192156270146,0.3988579846918583,4.5188788790255785,shared_2l_dec_tail
6101,5.593240028247237,0.8358191698789597,4.637008998543024,shared_2l_dec_tail
6102,5.011620000004768,0.40685106068849564,4.496328998357058,shared_2l_dec_tail
6103,4.957924131304026,0.4117961507290602,4.439773969352245,shared_2l_dec_tail
6104,4.948426969349384,0.4077339544892311,4.431881941854954,shared_2l_dec_tail
6105,5.023827077820897,0.40878308936953545,4.507120931521058,shared_2l_dec_tail
6106,4.975419025868177,0.40396186523139477,4.46495390497148,shared_2l_dec_tail
6107,4.931980045512319,0.40878099389374256,4.415280185639858,shared_2l_dec_tail
6108,4.98400698415935,0.40368083864450455,4.472091095522046,shared_2l_dec_tail
6109,4.941601073369384,0.4047530237585306,4.428687039762735,shared_2l_dec_tail
6110,5.028525833040476,0.3992840647697449,4.52231103554368,shared_2l_dec_tail
6111,5.020668962970376,0.40778680704534054,4.504749085754156,shared_2l_dec_tail
6112,4.955613054335117,0.40647294372320175,4.442336969077587,shared_2l_dec_tail
6113,4.996585892513394,0.39865588769316673,4.4920670334249735,shared_2l_dec_tail
6114,4.98339906334877,0.40706293657422066,4.467884078621864,shared_2l_dec_tail
6115,4.922009073197842,0.39856904186308384,4.415558185428381,shared_2l_dec_tail
6116,5.004152888432145,0.40246895514428616,4.49338392354548,shared_2l_dec_tail
6117,5.582249024882913,0.8413910400122404,4.615588113665581,shared_2l_dec_tail
6118,5.020190961658955,0.40433998219668865,4.5068219769746065,shared_2l_dec_tail
6119,4.9634629394859076,0.4063949454575777,4.443818936124444,shared_2l_dec_tail
6120,5.016143899410963,0.4027220420539379,4.504774929955602,shared_2l_dec_tail
6121,5.011848174035549,0.40139188058674335,4.505180986598134,shared_2l_dec_tail
6122,4.996376112103462,0.3986349329352379,4.4893440790474415,shared_2l_dec_tail
6123,4.908187780529261,0.39805308915674686,4.4043229427188635,shared_2l_dec_tail
6124,4.985969979315996,0.3980160690844059,4.4778448063880205,shared_2l_dec_tail
6125,4.993177950382233,0.3967420198023319,4.488081904128194,shared_2l_dec_tail
6126,4.940303973853588,0.39974809624254704,4.4333068653941154,shared_2l_dec_tail
6127,4.983096849173307,0.4005332011729479,4.475974012166262,shared_2l_dec_tail
6128,4.9988331738859415,0.40117092430591583,4.4846790842711926,shared_2l_dec_tail
6129,4.977633012458682,0.3957019653171301,4.473747918382287,shared_2l_dec_tail
6130,4.9375928938388824,0.4021311178803444,4.422432975843549,shared_2l_dec_tail
6131,4.976934986189008,0.4117859061807394,4.456965019926429,shared_2l_dec_tail
6132,4.9200900830328465,0.4042510408908129,4.408546956256032,shared_2l_dec_tail
6133,5.584361031651497,0.8474660571664572,4.616013960912824,shared_2l_dec_tail
6134,5.039601819589734,0.4030920099467039,4.527746932581067,shared_2l_dec_tail
6135,4.902997985482216,0.39979000575840473,4.395203897729516,shared_2l_dec_tail
6136,5.037333117797971,0.40668295696377754,4.522878909483552,shared_2l_dec_tail
6137,4.977900069206953,0.4048999398946762,4.4667948968708515,shared_2l_dec_tail
6138,4.988537169992924,0.39609894156455994,4.485780140385032,shared_2l_dec_tail
6139,4.990448942407966,0.4017797764390707,4.4811752159148455,shared_2l_dec_tail
6140,4.957531811669469,0.4024480003863573,4.447634099051356,shared_2l_dec_tail
6141,4.995899042114615,0.4044089000672102,4.484591074287891,shared_2l_dec_tail
6142,4.972897935658693,0.3978691529482603,4.468981875106692,shared_2l_dec_tail
6143,4.89843706600368,0.39728102274239063,4.394585965201259,shared_2l_dec_tail
6144,4.975414136424661,0.3976339939981699,4.47112089022994,shared_2l_dec_tail
6145,4.871017066761851,0.39897486567497253,4.3655261397361755,shared_2l_dec_tail
6146,5.018186988309026,0.40288292802870274,4.5059670228511095,shared_2l_dec_tail
6147,4.954874981194735,0.4066508263349533,4.4426831882447,shared_2l_dec_tail
6148,5.008774111047387,0.4037669859826565,4.49779792688787,shared_2l_dec_tail
6149,5.5172559805214405,0.8356641046702862,4.56091295927763,shared_2l_dec_tail
6150,5.0203329883515835,0.41507394053041935,4.498352995142341,shared_2l_dec_tail
6151,4.907424794510007,0.4083779640495777,4.391606897115707,shared_2l_dec_tail
6152,4.950285889208317,0.41012605652213097,4.434023983776569,shared_2l_dec_tail
6153,5.007351981475949,0.4020240157842636,4.498117137700319,shared_2l_dec_tail
6154,4.901487147435546,0.4041879437863827,4.390248097479343,shared_2l_dec_tail
6155,4.9654110334813595,0.403745099902153,4.455630900338292,shared_2l_dec_tail
6156,4.938430851325393,0.3988191019743681,4.431051900610328,shared_2l_dec_tail
6157,4.9299560487270355,0.40038907900452614,4.423069069162011,shared_2l_dec_tail
6158,4.908984061330557,0.39901002310216427,4.402881022542715,shared_2l_dec_tail
6159,4.990922985598445,0.40384684689342976,4.4806040823459625,shared_2l_dec_tail
6160,4.924016073346138,0.39776996709406376,4.420202923938632,shared_2l_dec_tail
6161,4.985017003491521,0.40254113264381886,4.474448971450329,shared_2l_dec_tail
6162,4.931104835122824,0.39982888847589493,4.420667188242078,shared_2l_dec_tail
6163,4.956337157636881,0.40113390423357487,4.448645049706101,shared_2l_dec_tail
6164,4.997382173314691,0.4012559074908495,4.4892230071127415,shared_2l_dec_tail
6165,5.585102131590247,0.8522961288690567,4.61184186860919,shared_2l_dec_tail
6166,5.078788846731186,0.41225110180675983,4.5579648576676846,shared_2l_dec_tail
6167,4.989302949979901,0.4171051550656557,4.464773926883936,shared_2l_dec_tail
6168,4.9300771206617355,0.4083951935172081,4.41629602573812,shared_2l_dec_tail
6169,4.999480908736587,0.41316309943795204,4.480693954974413,shared_2l_dec_tail
6170,5.036054877564311,0.4111968446522951,4.516347078606486,shared_2l_dec_tail
6171,4.927188158035278,0.40873815305531025,4.410655936226249,shared_2l_dec_tail
6172,5.050793988630176,0.4131780005991459,4.5302261132746935,shared_2l_dec_tail
6173,5.013580899685621,0.4095998592674732,4.49679302982986,shared_2l_dec_tail
6174,4.961173981428146,0.4078131169080734,4.444601945579052,shared_2l_dec_tail
6175,4.9659619107842445,0.40963408537209034,4.449598956853151,shared_2l_dec_tail
6176,5.008904961869121,0.40770997293293476,4.4945471454411745,shared_2l_dec_tail
6177,4.970208974555135,0.40412996895611286,4.458731040358543,shared_2l_dec_tail
6178,4.980016965419054,0.4071621224284172,4.464562050998211,shared_2l_dec_tail
6179,4.942639963701367,0.4094601608812809,4.426399013027549,shared_2l_dec_tail
6180,4.910808987915516,0.40571694262325764,4.397555952891707,shared_2l_dec_tail
6181,5.580496974289417,0.8478150703012943,4.608479794114828,shared_2l_dec_tail
6182,5.021625896915793,0.41044410318136215,4.503661999478936,shared_2l_dec_tail
6183,4.970152163878083,0.4039360210299492,4.459031159058213,shared_2l_dec_tail
6184,4.935747943818569,0.4012070130556822,4.4272050727158785,shared_2l_dec_tail
6185,4.977294011041522,0.4012070130556822,4.465117119252682,shared_2l_dec_tail
6186,4.998344229534268,0.4037790931761265,4.481436917558312,shared_2l_dec_tail
6187,4.975290037691593,0.4051690921187401,4.458195064216852,shared_2l_dec_tail
6188,4.941834835335612,0.40503893978893757,4.429657012224197,shared_2l_dec_tail
6189,5.007502855733037,0.4120939411222935,4.489253973588347,shared_2l_dec_tail
6190,4.972983151674271,0.41267392225563526,4.45429515093565,shared_2l_dec_tail
6191,4.990851040929556,0.40434813126921654,4.4790280517190695,shared_2l_dec_tail
6192,4.9293129704892635,0.41126180440187454,4.411293193697929,shared_2l_dec_tail
6193,4.94833686389029,0.40786201134324074,4.434162983670831,shared_2l_dec_tail
6194,4.943961044773459,0.4120119847357273,4.426369909197092,shared_2l_dec_tail
6195,5.005231127142906,0.4104180261492729,4.485949873924255,shared_2l_dec_tail
6196,4.955895943567157,0.4116329364478588,4.434934118762612,shared_2l_dec_tail
6197,5.594281945377588,0.8573648519814014,4.615703132003546,shared_2l_dec_tail
6198,5.070358980447054,0.40396093390882015,4.5579171273857355,shared_2l_dec_tail
6199,4.924536915495992,0.40801800787448883,4.408832872286439,shared_2l_dec_tail
6200,4.994630115106702,0.4059260245412588,4.483002005144954,shared_2l_dec_tail
6201,4.992770031094551,0.40375092066824436,4.481458105146885,shared_2l_dec_tail
6202,4.978063981980085,0.40262402035295963,4.467511083930731,shared_2l_dec_tail
6203,4.980041179805994,0.40002097375690937,4.472560016438365,shared_2l_dec_tail
6204,4.9928470980376005,0.40556001476943493,4.48126788251102,shared_2l_dec_tail
6205,4.931155825033784,0.4044740926474333,4.419437842443585,shared_2l_dec_tail
6206,4.950790898874402,0.39875414222478867,4.443465964868665,shared_2l_dec_tail
6207,4.9765510484576225,0.40175789035856724,4.46720514446497,shared_2l_dec_tail
6208,4.9386960454285145,0.4000838380306959,4.429964115843177,shared_2l_dec_tail
6209,4.958305042237043,0.4052659496665001,4.447148879989982,shared_2l_dec_tail
6210,4.948469111695886,0.40184007957577705,4.437038907781243,shared_2l_dec_tail
6211,4.919076105579734,0.403763959184289,4.4039220083504915,shared_2l_dec_tail
6212,5.061011994257569,0.403095968067646,4.545580130070448,shared_2l_dec_tail
6213,5.574402865022421,0.8573408704251051,4.5978541020303965,shared_2l_dec_tail
6214,5.093523999676108,0.4159498494118452,4.569013137370348,shared_2l_dec_tail
6215,4.909791983664036,0.41497102938592434,4.387350985780358,shared_2l_dec_tail
6216,5.004269070923328,0.4061849322170019,4.4924679677933455,shared_2l_dec_tail
6217,4.9244919791817665,0.41593797504901886,4.401757149025798,shared_2l_dec_tail
6218,4.927442176267505,0.40919799357652664,4.410594934597611,shared_2l_dec_tail
6219,5.002666963264346,0.40450808592140675,4.491008818149567,shared_2l_dec_tail
6220,5.0226920284330845,0.4078440833836794,4.507481819018722,shared_2l_dec_tail
6221,4.909522831439972,0.41266600601375103,4.389849025756121,shared_2l_dec_tail
6222,5.023386096581817,0.40910416282713413,4.506420809775591,shared_2l_dec_tail
6223,4.992795176804066,0.404376070946455,4.481184063479304,shared_2l_dec_tail
6224,4.939332837238908,0.40415721014142036,4.426239989697933,shared_2l_dec_tail
6225,4.99979592859745,0.4001711495220661,4.493289859965444,shared_2l_dec_tail
6226,4.9164260271936655,0.40021096356213093,4.410621011629701,shared_2l_dec_tail
6227,4.9681740347296,0.40089688263833523,4.461642121896148,shared_2l_dec_tail
6228,4.987291060388088,0.4006980452686548,4.479910945519805,shared_2l_dec_tail
6229,5.585642997175455,0.8559657726436853,4.611216019839048,shared_2l_dec_tail
6230,4.995949799194932,0.4141721874475479,4.473324865102768,shared_2l_dec_tail
6231,4.951597191393375,0.41396101005375385,4.429083783179522,shared_2l_dec_tail
6232,5.018965806812048,0.4086799453943968,4.502988886088133,shared_2l_dec_tail
6233,4.897406091913581,0.41416892781853676,4.377174889668822,shared_2l_dec_tail
6234,4.951344104483724,0.4113030154258013,4.432386020198464,shared_2l_dec_tail
6235,4.931331845000386,0.41289697401225567,4.411682952195406,shared_2l_dec_tail
6236,4.997154930606484,0.4152171313762665,4.475462948903441,shared_2l_dec_tail
6237,4.908914910629392,0.4101269878447056,4.391832044348121,shared_2l_dec_tail
6238,5.008122185245156,0.40797283872962,4.492666106671095,shared_2l_dec_tail
6239,4.991810070350766,0.4072641022503376,4.476951900869608,shared_2l_dec_tail
6240,4.943464882671833,0.4113749600946903,4.424893064424396,shared_2l_dec_tail
6241,4.937753779813647,0.40824711322784424,4.424819024279714,shared_2l_dec_tail
6242,4.996616858989,0.4081651568412781,4.481754964217544,shared_2l_dec_tail
6243,4.900028929114342,0.4095518961548805,4.383126040920615,shared_2l_dec_tail
6244,4.974378971382976,0.39907312020659447,4.467276856303215,shared_2l_dec_tail
6245,5.566752981394529,0.8421940729022026,4.60460502654314,shared_2l_dec_tail
6246,4.996195901185274,0.4065798129886389,4.47907904163003,shared_2l_dec_tail
6247,4.979398101568222,0.4059749189764261,4.4627070892602205,shared_2l_dec_tail
6248,4.963443148881197,0.39787101559340954,4.450659034773707,shared_2l_dec_tail
6249,4.968625959008932,0.40579610504209995,4.455080954357982,shared_2l_dec_tail
6250,5.00745396129787,0.4002600908279419,4.4960868544876575,shared_2l_dec_tail
6251,4.897827981039882,0.40226592682302,4.388922126963735,shared_2l_dec_tail
6252,5.022839177399874,0.40753791108727455,4.508987069129944,shared_2l_dec_tail
6253,4.942670930176973,0.41381292976439,4.423581995069981,shared_2l_dec_tail
6254,5.018664989620447,0.4137749783694744,4.498830065131187,shared_2l_dec_tail
6255,4.913209937512875,0.41241501457989216,4.395470023155212,shared_2l_dec_tail
6256,5.000827834010124,0.4122829996049404,4.481315147131681,shared_2l_dec_tail
6257,4.993275972083211,0.4172809422016144,4.468234954401851,shared_2l_dec_tail
6258,4.973254166543484,0.40881894528865814,4.45715500973165,shared_2l_dec_tail
6259,4.991448950022459,0.42003090493381023,4.463958088308573,shared_2l_dec_tail
6260,4.957549972459674,0.40733092464506626,4.444183083251119,shared_2l_dec_tail
6261,5.581187084317207,0.8437740616500378,4.616393940523267,shared_2l_dec_tail
6262,5.0659929402172565,0.41203899309039116,4.546419950202107,shared_2l_dec_tail
6263,4.9585329834371805,0.4053011070936918,4.445967962965369,shared_2l_dec_tail
6264,5.011394852772355,0.4001231864094734,4.503998905420303,shared_2l_dec_tail
6265,4.9175729509443045,0.4025429952889681,4.409673856571317,shared_2l_dec_tail
6266,5.040370859205723,0.4020729102194309,4.530264995992184,shared_2l_dec_tail
6267,4.926767898723483,0.4027800168842077,4.418086959049106,shared_2l_dec_tail
6268,4.960994003340602,0.4018449690192938,4.453337052837014,shared_2l_dec_tail
6269,4.917290061712265,0.4042701330035925,4.404725041240454,shared_2l_dec_tail
6270,5.047142039984465,0.4041988868266344,4.5352180022746325,shared_2l_dec_tail
6271,4.944562911987305,0.4000482149422169,4.4390258844941854,shared_2l_dec_tail
6272,4.964697873219848,0.39861188270151615,4.459143150597811,shared_2l_dec_tail
6273,5.01238601282239,0.40027499198913574,4.504811950027943,shared_2l_dec_tail
6274,4.9637919291853905,0.3998558968305588,4.452974069863558,shared_2l_dec_tail
6275,5.0112600438296795,0.4044941160827875,4.499322967603803,shared_2l_dec_tail
6276,4.965770989656448,0.4005199298262596,4.457360133528709,shared_2l_dec_tail
6277,5.598247982561588,0.8453370537608862,4.634049022570252,shared_2l_dec_tail
6278,4.97229490429163,0.4208330065011978,4.4437728356570005,shared_2l_dec_tail
6279,5.033955909311771,0.41108601726591587,4.515296081081033,shared_2l_dec_tail
6280,4.9890929367393255,0.4127388820052147,4.470298066735268,shared_2l_dec_tail
6281,4.945887019857764,0.4208558239042759,4.417475080117583,shared_2l_dec_tail
6282,4.995718831196427,0.411089975386858,4.476153990253806,shared_2l_dec_tail
6283,4.958054982125759,0.41375705040991306,4.437131807208061,shared_2l_dec_tail
6284,5.019618896767497,0.4066100809723139,4.503936041146517,shared_2l_dec_tail
6285,5.025143967941403,0.4127079155296087,4.504169104620814,shared_2l_dec_tail
6286,4.963476909324527,0.411223154515028,4.4442040380090475,shared_2l_dec_tail
6287,5.008043954148889,0.4152730107307434,4.484411096200347,shared_2l_dec_tail
6288,4.922469845041633,0.411344924941659,4.404324106872082,shared_2l_dec_tail
6289,5.022750003263354,0.41466602124273777,4.500775830820203,shared_2l_dec_tail
6290,5.011105909943581,0.41720690205693245,4.4861179776489735,shared_2l_dec_tail
6291,5.033367080613971,0.41613588109612465,4.509689984843135,shared_2l_dec_tail
6292,4.9779280088841915,0.4170911852270365,4.453728906810284,shared_2l_dec_tail
6293,5.575370043516159,0.8443358819931746,4.61162906140089,shared_2l_dec_tail
6294,5.055502988398075,0.4064510576426983,4.542487906292081,shared_2l_dec_tail
6295,4.9392119981348515,0.40615396574139595,4.425861872732639,shared_2l_dec_tail
6296,5.0324429757893085,0.4000288899987936,4.524572053924203,shared_2l_dec_tail
6297,4.980103112757206,0.40429714135825634,4.469370935112238,shared_2l_dec_tail
6298,5.0152260810136795,0.4003220237791538,4.507242003455758,shared_2l_dec_tail
6299,5.007706116884947,0.40366617031395435,4.49647381901741,shared_2l_dec_tail
6300,5.021746037527919,0.4054708406329155,4.511145176365972,shared_2l_dec_tail
6301,4.945273045450449,0.39971014484763145,4.439191892743111,shared_2l_dec_tail
6302,4.933945834636688,0.40937308222055435,4.419236909598112,shared_2l_dec_tail
6303,5.005190847441554,0.4062850493937731,4.491101950407028,shared_2l_dec_tail
6304,4.918352933600545,0.40900008752942085,4.401203012093902,shared_2l_dec_tail
6305,4.969483939930797,0.3995888400822878,4.463028162717819,shared_2l_dec_tail
6306,4.98808198608458,0.4060349892824888,4.476323025301099,shared_2l_dec_tail
6307,5.001572892069817,0.39995694532990456,4.4946749694645405,shared_2l_dec_tail
6308,5.01340813934803,0.40150294080376625,4.50573512353003,shared_2l_dec_tail
6309,5.840283818542957,1.0560320224612951,4.664086038246751,shared_2l_dec_tail
6310,5.067485151812434,0.4127959255129099,4.546202952042222,shared_2l_dec_tail
6311,4.958325996994972,0.4083649255335331,4.442530917003751,shared_2l_dec_tail
6312,4.97327302582562,0.4050650168210268,4.460914991796017,shared_2l_dec_tail
6313,5.05527388304472,0.40698982775211334,4.542010137811303,shared_2l_dec_tail
6314,4.980101017281413,0.40636700578033924,4.466419806703925,shared_2l_dec_tail
6315,5.03184087574482,0.4051988944411278,4.5194320846349,shared_2l_dec_tail
6316,4.97745000757277,0.40477816946804523,4.463423974812031,shared_2l_dec_tail
6317,5.009988090023398,0.41055516339838505,4.4919089414179325,shared_2l_dec_tail
6318,4.94415289722383,0.4004209768027067,4.438505973666906,shared_2l_dec_tail
6319,4.988400964066386,0.4096818156540394,4.4716401025652885,shared_2l_dec_tail
6320,4.930075956508517,0.40926598012447357,4.412499023601413,shared_2l_dec_tail
6321,5.001482088118792,0.40214695036411285,4.491415107622743,shared_2l_dec_tail
6322,4.98119299300015,0.4055330064147711,4.470826825127006,shared_2l_dec_tail
6323,5.005120066925883,0.4092329181730747,4.488714970648289,shared_2l_dec_tail
6324,4.929809831082821,0.401482917368412,4.420757060870528,shared_2l_dec_tail
6325,5.613386165350676,0.8559881243854761,4.637541947886348,shared_2l_dec_tail
6326,5.053838947787881,0.41079800575971603,4.535418003797531,shared_2l_dec_tail
6327,4.964303923770785,0.4096978809684515,4.447276936843991,shared_2l_dec_tail
6328,5.025053163990378,0.4106340929865837,4.507272969931364,shared_2l_dec_tail
6329,4.950206959620118,0.40703313425183296,4.433021880686283,shared_2l_dec_tail
6330,5.048568127676845,0.409439904615283,4.532440099865198,shared_2l_dec_tail
6331,5.002409219741821,0.41268300265073776,4.483111901208758,shared_2l_dec_tail
6332,5.028711864724755,0.41074794717133045,4.5103649608790874,shared_2l_dec_tail
6333,4.917902871966362,0.4086950793862343,4.401741083711386,shared_2l_dec_tail
6334,5.020329961553216,0.41544088162481785,4.498982103541493,shared_2l_dec_tail
6335,5.027299979701638,0.4119100049138069,4.509803140535951,shared_2l_dec_tail
6336,4.988308995962143,0.4134338814765215,4.467334132641554,shared_2l_dec_tail
6337,5.020531127229333,0.41450001299381256,4.500300157815218,shared_2l_dec_tail
6338,4.974788054823875,0.414838083088398,4.453537054359913,shared_2l_dec_tail
6339,4.913550103083253,0.41465694084763527,4.392263013869524,shared_2l_dec_tail
6340,4.957450088113546,0.4108098801225424,4.440251039341092,shared_2l_dec_tail
6341,5.591496825218201,0.8621299639344215,4.609699128195643,shared_2l_dec_tail
6342,4.961325088515878,0.4073681775480509,4.446564009413123,shared_2l_dec_tail
6343,5.0192291382700205,0.4038689658045769,4.508023150265217,shared_2l_dec_tail
6344,4.973229952156544,0.4038759507238865,4.461847012862563,shared_2l_dec_tail
6345,5.000868113711476,0.40829693898558617,4.48586605489254,shared_2l_dec_tail
6346,5.018390016630292,0.40624989196658134,4.505128134042025,shared_2l_dec_tail
6347,4.918529884889722,0.40119094774127007,4.409760003909469,shared_2l_dec_tail
6348,4.971061134710908,0.39799511432647705,4.467305028811097,shared_2l_dec_tail
6349,5.0198170356452465,0.4072191659361124,4.505963996052742,shared_2l_dec_tail
6350,4.924570908769965,0.4074180033057928,4.409122047945857,shared_2l_dec_tail
6351,4.965347005054355,0.4085279069840908,4.445892991498113,shared_2l_dec_tail
6352,4.944775020703673,0.4032610449939966,4.433020018041134,shared_2l_dec_tail
6353,4.982721991837025,0.40178000926971436,4.471867810934782,shared_2l_dec_tail
6354,4.931573057547212,0.40621403604745865,4.419025965034962,shared_2l_dec_tail
6355,5.007854895666242,0.41619502007961273,4.485621815547347,shared_2l_dec_tail
6356,4.937201039865613,0.40021794848144054,4.42513101734221,shared_2l_dec_tail
6357,5.619684001430869,0.844969879835844,4.654288990423083,shared_2l_dec_tail
6358,5.040304968133569,0.4061490762978792,4.527259850874543,shared_2l_dec_tail
6359,5.036127055063844,0.41091209277510643,4.517734982073307,shared_2l_dec_tail
6360,5.001635057851672,0.41441619396209717,4.48109395802021,shared_2l_dec_tail
6361,4.931551171466708,0.4140480887144804,4.411051981151104,shared_2l_dec_tail
6362,4.994574002921581,0.41024014353752136,4.476503003388643,shared_2l_dec_tail
6363,4.9436939880251884,0.4136159550398588,4.422290017828345,shared_2l_dec_tail
6364,5.030516069382429,0.4032908473163843,4.51965699903667,shared_2l_dec_tail
6365,4.974246025085449,0.4106669221073389,4.456426948308945,shared_2l_dec_tail
6366,5.0332690589129925,0.4018398467451334,4.523114999756217,shared_2l_dec_tail
6367,4.9612398725003,0.4128599539399147,4.4413781724870205,shared_2l_dec_tail
6368,4.922355990856886,0.40580984205007553,4.410492023453116,shared_2l_dec_tail
6369,4.974252777174115,0.40512392297387123,4.462067037820816,shared_2l_dec_tail
6370,5.0015319138765335,0.4058580379933119,4.491700092330575,shared_2l_dec_tail
6371,4.956617020070553,0.40668295696377754,4.441252909600735,shared_2l_dec_tail
6372,5.053110187873244,0.4061451181769371,4.5401358511298895,shared_2l_dec_tail
6373,5.6222728453576565,0.849556177854538,4.652920877560973,shared_2l_dec_tail
6374,5.051060114055872,0.4088389687240124,4.532628925517201,shared_2l_dec_tail
6375,5.004368955269456,0.40514813736081123,4.4923818204551935,shared_2l_dec_tail
6376,5.0000271294265985,0.4070068243891001,4.486419027671218,shared_2l_dec_tail
6377,4.9419698771089315,0.40969508700072765,4.426087019965053,shared_2l_dec_tail
6378,5.016617942601442,0.410611042752862,4.496702924370766,shared_2l_dec_tail
6379,4.926739959046245,0.40722195990383625,4.413857124745846,shared_2l_dec_tail
6380,5.00971800647676,0.40333904325962067,4.499595146626234,shared_2l_dec_tail
6381,4.978850018233061,0.40706503205001354,4.4651401694864035,shared_2l_dec_tail
6382,5.0123450346291065,0.4007199313491583,4.505820106714964,shared_2l_dec_tail
6383,5.000886041671038,0.4081928636878729,4.4845170341432095,shared_2l_dec_tail
6384,4.937110003083944,0.40450412780046463,4.422246012836695,shared_2l_dec_tail
6385,4.984637023881078,0.40296907536685467,4.4717739801853895,shared_2l_dec_tail
6386,4.937156103551388,0.4070370923727751,4.420262994244695,shared_2l_dec_tail
6387,4.990325076505542,0.4034761805087328,4.475406836718321,shared_2l_dec_tail
6388,5.000327015295625,0.4005751106888056,4.489100072532892,shared_2l_dec_tail
6389,5.634234985336661,0.8355418685823679,4.674996016547084,shared_2l_dec_tail
6390,5.049051018431783,0.41872006841003895,4.524124087765813,shared_2l_dec_tail
6391,4.979155957698822,0.41432189755141735,4.458388080820441,shared_2l_dec_tail
6392,5.044046090915799,0.4196949303150177,4.519335925579071,shared_2l_dec_tail
6393,5.03139104694128,0.4161109682172537,4.5100541319698095,shared_2l_dec_tail
6394,4.9864440225064754,0.42191194370388985,4.459100076928735,shared_2l_dec_tail
6395,5.053281085565686,0.41907397098839283,4.527369048446417,shared_2l_dec_tail
6396,4.947963869199157,0.41625299490988255,4.42505395039916,shared_2l_dec_tail
6397,4.992912989109755,0.4106559790670872,4.475736059248447,shared_2l_dec_tail
6398,5.009880987927318,0.42085000313818455,4.484021104872227,shared_2l_dec_tail
6399,4.912849981337786,0.4154860507696867,4.393105860799551,shared_2l_dec_tail
6400,5.042359000071883,0.4228099714964628,4.510995000600815,shared_2l_dec_tail
6401,5.006272112950683,0.42185699567198753,4.478601971641183,shared_2l_dec_tail
6402,4.96236514300108,0.4207321908324957,4.434050992131233,shared_2l_dec_tail
6403,5.041545024141669,0.41909306310117245,4.513226915150881,shared_2l_dec_tail
6404,4.968731896951795,0.4107770510017872,4.449201049283147,shared_2l_dec_tail
6405,5.617639981210232,0.8483650162816048,4.646999062970281,shared_2l_dec_tail
6406,5.068009020760655,0.4093879833817482,4.550521029159427,shared_2l_dec_tail
6407,4.949711030349135,0.4069209098815918,4.435944138094783,shared_2l_dec_tail
6408,5.055994028225541,0.40433602407574654,4.544801078736782,shared_2l_dec_tail
6409,4.958310863003135,0.40684896521270275,4.443729063495994,shared_2l_dec_tail
6410,4.983623046427965,0.40317303501069546,4.473439883440733,shared_2l_dec_tail
6411,4.970052978023887,0.4021129570901394,4.460931988433003,shared_2l_dec_tail
6412,5.057379137724638,0.40198699571192265,4.548682132735848,shared_2l_dec_tail
6413,4.947499837726355,0.40998682379722595,4.432970192283392,shared_2l_dec_tail
6414,4.962458973750472,0.4017539322376251,4.453473957255483,shared_2l_dec_tail
6415,5.036759888753295,0.40926411747932434,4.52157505787909,shared_2l_dec_tail
6416,4.985213978216052,0.40662800893187523,4.471116932108998,shared_2l_dec_tail
6417,5.016951821744442,0.4049651324748993,4.505841992795467,shared_2l_dec_tail
6418,5.030741915106773,0.4055439494550228,4.516158020123839,shared_2l_dec_tail
6419,4.984330153092742,0.4059178754687309,4.471622174605727,shared_2l_dec_tail
6420,4.943476989865303,0.4053229931741953,4.4311960227787495,shared_2l_dec_tail
6421,5.630176048725843,0.8549119811505079,4.655010066926479,shared_2l_dec_tail
6422,5.056643858551979,0.4105018451809883,4.536194959655404,shared_2l_dec_tail
6423,4.998780088499188,0.40794117376208305,4.482434829697013,shared_2l_dec_tail
6424,5.040753865614533,0.41054701432585716,4.522870993241668,shared_2l_dec_tail
6425,4.949749913066626,0.40357280522584915,4.439371172338724,shared_2l_dec_tail
6426,5.035540089011192,0.4026251845061779,4.5253008138388395,shared_2l_dec_tail
6427,4.9908519722521305,0.40129595436155796,4.4796799775213,shared_2l_dec_tail
6428,5.023162811994553,0.40092901326715946,4.516122164204717,shared_2l_dec_tail
6429,5.0101380329579115,0.4102450329810381,4.49275691062212,shared_2l_dec_tail
6430,4.950948990881443,0.40469015948474407,4.440773976966739,shared_2l_dec_tail
6431,5.013043060898781,0.41097309440374374,4.495844943448901,shared_2l_dec_tail
6432,4.955354146659374,0.406377948820591,4.4422089122235775,shared_2l_dec_tail
6433,5.052710184827447,0.40946085937321186,4.537494154646993,shared_2l_dec_tail
6434,4.935228964313865,0.40149292908608913,4.4271619990468025,shared_2l_dec_tail
6435,5.039774114266038,0.405880156904459,4.527308978140354,shared_2l_dec_tail
6436,4.9642701633274555,0.40380796417593956,4.452852066606283,shared_2l_dec_tail
6437,5.602949066087604,0.848142895847559,4.6347081661224365,shared_2l_dec_tail
6438,5.047992104664445,0.4202688578516245,4.518601112067699,shared_2l_dec_tail
6439,4.947656998410821,0.4101430531591177,4.429319873452187,shared_2l_dec_tail
6440,5.069011822342873,0.4149938467890024,4.545232048258185,shared_2l_dec_tail
6441,4.991657100617886,0.4135561175644398,4.4701669830828905,shared_2l_dec_tail
6442,5.048335995525122,0.41181989945471287,4.529864992946386,shared_2l_dec_tail
6443,5.032684886828065,0.40987110696733,4.512429935857654,shared_2l_dec_tail
6444,5.037344992160797,0.41108299046754837,4.519507987424731,shared_2l_dec_tail
6445,4.964156076312065,0.4092180170118809,4.4425479136407375,shared_2l_dec_tail
6446,5.018182098865509,0.40507782250642776,4.5071791391819715,shared_2l_dec_tail
6447,4.967451794072986,0.40781195275485516,4.448428051546216,shared_2l_dec_tail
6448,5.00688492320478,0.40391995571553707,4.4942020904272795,shared_2l_dec_tail
6449,5.027056904509664,0.40758191607892513,4.510018043220043,shared_2l_dec_tail
6450,5.024550016969442,0.40877307765185833,4.502936033532023,shared_2l_dec_tail
6451,4.932282958179712,0.40654814802110195,4.418958909809589,shared_2l_dec_tail
6452,5.0450440030545,0.41287695057690144,4.520592978224158,shared_2l_dec_tail
6453,5.631573963910341,0.8435649797320366,4.667910048738122,shared_2l_dec_tail
6454,5.037609022110701,0.4213610664010048,4.504777025431395,shared_2l_dec_tail
6455,5.035116104409099,0.4108098801225424,4.518177127465606,shared_2l_dec_tail
6456,5.022296216338873,0.41786814108490944,4.497659858316183,shared_2l_dec_tail
6457,4.949417198076844,0.42331311851739883,4.418856929987669,shared_2l_dec_tail
6458,5.007702158764005,0.420277938246727,4.481688141822815,shared_2l_dec_tail
6459,4.913947079330683,0.42311009019613266,4.3870380613952875,shared_2l_dec_tail
6460,4.948772955685854,0.4141738172620535,4.428051179274917,shared_2l_dec_tail
6461,5.054692970588803,0.4153558984398842,4.532807040959597,shared_2l_dec_tail
6462,4.993489012122154,0.41431188583374023,4.473370034247637,shared_2l_dec_tail
6463,4.967441083863378,0.4156290087848902,4.444852937012911,shared_2l_dec_tail
6464,5.029221996665001,0.4149388987571001,4.506068071350455,shared_2l_dec_tail
6465,5.052305990830064,0.4229270853102207,4.523244919255376,shared_2l_dec_tail
6466,5.036083981394768,0.41769910603761673,4.5127589255571365,shared_2l_dec_tail
6467,4.937354009598494,0.4209738690406084,4.411013098433614,shared_2l_dec_tail
6468,5.012481939047575,0.41898200288414955,4.485150100663304,shared_2l_dec_tail
6469,5.59816905297339,0.8662000764161348,4.61065792478621,shared_2l_dec_tail
6470,5.063622025772929,0.41525205597281456,4.539350979030132,shared_2l_dec_tail
6471,4.944053012877703,0.41059497743844986,4.427694948390126,shared_2l_dec_tail
6472,4.966367036104202,0.40748901665210724,4.450568929314613,shared_2l_dec_tail
6473,5.013107089325786,0.4142750985920429,4.49224398471415,shared_2l_dec_tail
6474,5.005530081689358,0.40758494287729263,4.4910351280122995,shared_2l_dec_tail
6475,4.965546075254679,0.4158490337431431,4.444051068276167,shared_2l_dec_tail
6476,5.018390016630292,0.40888809598982334,4.5023527927696705,shared_2l_dec_tail
6477,4.940885119140148,0.41276891715824604,4.42122807726264,shared_2l_dec_tail
6478,5.036032060161233,0.41016703471541405,4.519820911809802,shared_2l_dec_tail
6479,5.0006890669465065,0.41326601058244705,4.479403141885996,shared_2l_dec_tail
6480,4.969998961314559,0.40888600051403046,4.452618071809411,shared_2l_dec_tail
6481,5.05030807107687,0.4104720428586006,4.532504826784134,shared_2l_dec_tail
6482,4.935979843139648,0.4020680207759142,4.42585488781333,shared_2l_dec_tail
6483,5.011845147237182,0.410222914069891,4.494829103350639,shared_2l_dec_tail
6484,5.037850933149457,0.40748901665210724,4.523058887571096,shared_2l_dec_tail
6485,5.613924935460091,0.8551750797778368,4.6385780442506075,shared_2l_dec_tail
6486,5.01882703974843,0.40907389484345913,4.500746028497815,shared_2l_dec_tail
6487,5.045745987445116,0.4156879149377346,4.523448180407286,shared_2l_dec_tail
6488,4.954562988132238,0.41205110028386116,4.433712922036648,shared_2l_dec_tail
6489,5.049064988270402,0.4081579390913248,4.534054081887007,shared_2l_dec_tail
6490,4.979901015758514,0.40982291102409363,4.462453071027994,shared_2l_dec_tail
6491,5.020037991926074,0.4036400932818651,4.508002893999219,shared_2l_dec_tail
6492,5.01922401599586,0.40606711991131306,4.505496006458998,shared_2l_dec_tail
6493,4.981355043128133,0.40468620136380196,4.4694580137729645,shared_2l_dec_tail
6494,4.924934124574065,0.40753185749053955,4.410034045577049,shared_2l_dec_tail
6495,5.020041950047016,0.41908794082701206,4.493487067520618,shared_2l_dec_tail
6496,4.961780970916152,0.4085330292582512,4.446319071575999,shared_2l_dec_tail
6497,5.055257119238377,0.4128781147301197,4.534736974164844,shared_2l_dec_tail
6498,4.951071925461292,0.4064070526510477,4.439539974555373,shared_2l_dec_tail
6499,4.996709991246462,0.40725688450038433,4.483406897634268,shared_2l_dec_tail
6500,5.019119940698147,0.4076350014656782,4.503095988184214,shared_2l_dec_tail
6501,5.631519947201014,0.8530500344932079,4.657820099964738,shared_2l_dec_tail
6502,5.0638162065297365,0.4246740136295557,4.53143403865397,shared_2l_dec_tail
6503,4.986389074474573,0.42112101800739765,4.45842114277184,shared_2l_dec_tail
6504,4.991166992112994,0.4167130682617426,4.467393970116973,shared_2l_dec_tail
6505,5.053103202953935,0.4124450497329235,4.532506922259927,shared_2l_dec_tail
6506,5.051343003287911,0.4111099988222122,4.527170909568667,shared_2l_dec_tail
6507,4.98604797758162,0.40818494744598866,4.466381156817079,shared_2l_dec_tail
6508,5.017915973439813,0.4034119192510843,4.503875970840454,shared_2l_dec_tail
6509,4.9830719362944365,0.4077779594808817,4.465020960196853,shared_2l_dec_tail
6510,5.025891121476889,0.40461705066263676,4.51468606479466,shared_2l_dec_tail
6511,4.964406136423349,0.4113330505788326,4.440980963408947,shared_2l_dec_tail
6512,5.043697077780962,0.4098750650882721,4.520650953054428,shared_2l_dec_tail
6513,4.944938933476806,0.4063751548528671,4.427026025950909,shared_2l_dec_tail
6514,5.024828016757965,0.403885031118989,4.517907975241542,shared_2l_dec_tail
6515,4.9418259877711535,0.4082401283085346,4.42273193039,shared_2l_dec_tail
6516,5.021183984354138,0.40925596840679646,4.503878066316247,shared_2l_dec_tail
6517,5.608021980151534,0.8573990780860186,4.629473900422454,shared_2l_dec_tail
6518,5.074179964140058,0.4201950505375862,4.545476054772735,shared_2l_dec_tail
6519,5.049953004345298,0.42156409472227097,4.519481910392642,shared_2l_dec_tail
6520,4.95918607339263,0.4201119299978018,4.432796034961939,shared_2l_dec_tail
6521,5.014945054426789,0.41839410550892353,4.489511018618941,shared_2l_dec_tail
6522,4.959536949172616,0.41615613736212254,4.4376549776643515,shared_2l_dec_tail
6523,4.95016691274941,0.41951099410653114,4.423331934958696,shared_2l_dec_tail
6524,4.995647119358182,0.42042392306029797,4.470069194212556,shared_2l_dec_tail
6525,5.042664939537644,0.4159328527748585,4.521087044849992,shared_2l_dec_tail
6526,5.044503137469292,0.4231699276715517,4.514081869274378,shared_2l_dec_tail
6527,5.045715952292085,0.4235939122736454,4.515577107667923,shared_2l_dec_tail
6528,5.014315014705062,0.4198211245238781,4.487600876018405,shared_2l_dec_tail
6529,5.018570926040411,0.41417498141527176,4.497714107856154,shared_2l_dec_tail
6530,4.949594149366021,0.42410101741552353,4.417565884068608,shared_2l_dec_tail
6531,4.999621072784066,0.41442178189754486,4.47896821424365,shared_2l_dec_tail
6532,4.927810048684478,0.4112909082323313,4.410747904330492,shared_2l_dec_tail
6533,5.595281952992082,0.853084959089756,4.620244959369302,shared_2l_dec_tail
6534,5.0355540588498116,0.41160103864967823,4.513699095696211,shared_2l_dec_tail
6535,4.997069947421551,0.4105661064386368,4.478048998862505,shared_2l_dec_tail
6536,4.9936838913708925,0.4090741276741028,4.475632915273309,shared_2l_dec_tail
6537,4.967869026586413,0.4142681136727333,4.446469014510512,shared_2l_dec_tail
6538,4.986312007531524,0.4158408846706152,4.462824203073978,shared_2l_dec_tail
6539,5.013702902942896,0.4084538668394089,4.4978109654039145,shared_2l_dec_tail
6540,4.97815478593111,0.40448689833283424,4.465555073693395,shared_2l_dec_tail
6541,5.046760896220803,0.4168259911239147,4.5232390984892845,shared_2l_dec_tail
6542,5.000146105885506,0.4057760816067457,4.487819969654083,shared_2l_dec_tail
6543,4.994922084733844,0.4138709045946598,4.47597005404532,shared_2l_dec_tail
6544,4.935952136293054,0.4035201855003834,4.423122853040695,shared_2l_dec_tail
6545,4.961241967976093,0.4074671305716038,4.449128871783614,shared_2l_dec_tail
6546,5.018485011532903,0.41082012467086315,4.499854985624552,shared_2l_dec_tail
6547,4.934421041980386,0.4078519996255636,4.420303972437978,shared_2l_dec_tail
6548,5.021240096539259,0.41185389272868633,4.5036200899630785,shared_2l_dec_tail
6549,5.601834040135145,0.8620510343462229,4.6188789419829845,shared_2l_dec_tail
6550,5.047993967309594,0.41407509706914425,4.521906841546297,shared_2l_dec_tail
6551,4.919833969324827,0.4092510789632797,4.4037199113518,shared_2l_dec_tail
6552,4.991621943190694,0.4250279162079096,4.459644202142954,shared_2l_dec_tail
6553,4.92775090970099,0.4199009854346514,4.401043988764286,shared_2l_dec_tail
6554,5.063399905338883,0.4192099440842867,4.539102083072066,shared_2l_dec_tail
6555,5.023448960855603,0.4188751336187124,4.4904539827257395,shared_2l_dec_tail
6556,5.007296102121472,0.41135912761092186,4.481422016397119,shared_2l_dec_tail
6557,4.953203024342656,0.4119500517845154,4.436260787770152,shared_2l_dec_tail
6558,5.04530081525445,0.4192329943180084,4.514178028330207,shared_2l_dec_tail
6559,5.006890976801515,0.4087681882083416,4.491608822718263,shared_2l_dec_tail
6560,5.031357053667307,0.4117698408663273,4.508535144850612,shared_2l_dec_tail
6561,5.012622103095055,0.4176781512796879,4.4883438386023045,shared_2l_dec_tail
6562,4.9427899066358805,0.4119661170989275,4.423701902851462,shared_2l_dec_tail
6563,4.904919071123004,0.4131789319217205,4.385526990517974,shared_2l_dec_tail
6564,5.019494099542499,0.41543319821357727,4.4975129421800375,shared_2l_dec_tail
6565,5.611103028059006,0.8525450248271227,4.633622942492366,shared_2l_dec_tail
6566,5.027859006077051,0.421297037974,4.499149043112993,shared_2l_dec_tail
6567,4.931851057335734,0.4126948770135641,4.411857109516859,shared_2l_dec_tail
6568,4.964835941791534,0.41930796578526497,4.436695948243141,shared_2l_dec_tail
6569,5.0481820944696665,0.40579703636467457,4.5354480389505625,shared_2l_dec_tail
6570,4.9379190895706415,0.41554798372089863,4.414267838001251,shared_2l_dec_tail
6571,5.003285128623247,0.411357032135129,4.48422715999186,shared_2l_dec_tail
6572,5.023531848564744,0.40972186252474785,4.50793094933033,shared_2l_dec_tail
6573,4.99440380372107,0.4148869775235653,4.471631953492761,shared_2l_dec_tail
6574,4.976070951670408,0.4165731370449066,4.4512879103422165,shared_2l_dec_tail
6575,4.98435995541513,0.4174469504505396,4.458188079297543,shared_2l_dec_tail
6576,4.948065150529146,0.4055500030517578,4.435130162164569,shared_2l_dec_tail
6577,5.0442449282854795,0.4164909478276968,4.520901013165712,shared_2l_dec_tail
6578,4.933672957122326,0.4074468743056059,4.420290933921933,shared_2l_dec_tail
6579,5.0275318790227175,0.4159770905971527,4.503265023231506,shared_2l_dec_tail
6580,4.998021991923451,0.4132869653403759,4.476923029869795,shared_2l_dec_tail
6581,5.568765103816986,0.8645278867334127,4.582841182127595,shared_2l_dec_tail
6582,4.978104028850794,0.4113488830626011,4.459252115339041,shared_2l_dec_tail
6583,5.057517904788256,0.41154888458549976,4.538495093584061,shared_2l_dec_tail
6584,5.049142986536026,0.4107451532036066,4.531848011538386,shared_2l_dec_tail
6585,4.94475313462317,0.4077970515936613,4.429476801306009,shared_2l_dec_tail
6586,5.039369920268655,0.410070875659585,4.521559923887253,shared_2l_dec_tail
6587,4.945083986967802,0.4079469945281744,4.429450025781989,shared_2l_dec_tail
6588,5.0271051004529,0.4082261584699154,4.5114748645573854,shared_2l_dec_tail
6589,4.930278984829783,0.40800985880196095,4.416357958689332,shared_2l_dec_tail
6590,5.035794107243419,0.4086010158061981,4.521396942436695,shared_2l_dec_tail
6591,4.924918990582228,0.4069260321557522,4.411426139995456,shared_2l_dec_tail
6592,5.0145520363003016,0.4094389732927084,4.498120164498687,shared_2l_dec_tail
6593,4.923699889332056,0.4078259225934744,4.4115830678492785,shared_2l_dec_tail
6594,5.044437013566494,0.405377009883523,4.53284801915288,shared_2l_dec_tail
6595,4.947250941768289,0.41183503344655037,4.425702849403024,shared_2l_dec_tail
6596,5.02369087189436,0.40700891986489296,4.512440878897905,shared_2l_dec_tail
6597,5.5721651297062635,0.8582430891692638,4.59324405528605,shared_2l_dec_tail
6598,5.062982207164168,0.4200579132884741,4.535136045888066,shared_2l_dec_tail
6599,4.970412002876401,0.41852518916130066,4.445147002115846,shared_2l_dec_tail
6600,5.040889838710427,0.41734217666089535,4.516504006460309,shared_2l_dec_tail
6601,5.029900930821896,0.41941087692976,4.5053609646856785,shared_2l_dec_tail
6602,4.9460530281066895,0.42111403308808804,4.417796852067113,shared_2l_dec_tail
6603,5.034671165049076,0.417881878092885,4.512163111940026,shared_2l_dec_tail
6604,4.966503940522671,0.4216069355607033,4.439246142283082,shared_2l_dec_tail
6605,5.011152010411024,0.4219969268888235,4.483388038352132,shared_2l_dec_tail
6606,4.950918024405837,0.41440920904278755,4.431657958775759,shared_2l_dec_tail
6607,4.949677037075162,0.41596684604883194,4.426880041137338,shared_2l_dec_tail
6608,5.00908400863409,0.41877804324030876,4.484524950385094,shared_2l_dec_tail
6609,5.0246319733560085,0.4165570717304945,4.501600982621312,shared_2l_dec_tail
6610,5.0105019472539425,0.41825883090496063,4.485624143853784,shared_2l_dec_tail
6611,4.938825964927673,0.42694597505033016,4.405111074447632,shared_2l_dec_tail
6612,4.999991040676832,0.42457785457372665,4.469985142350197,shared_2l_dec_tail
6613,5.608554929494858,0.8580170106142759,4.628841998055577,shared_2l_dec_tail
6614,5.084117176011205,0.41773985140025616,4.558630986139178,shared_2l_dec_tail
6615,4.9418918788433075,0.4106089472770691,4.425009014084935,shared_2l_dec_tail
6616,5.0434020813554525,0.41085388511419296,4.527399083599448,shared_2l_dec_tail
6617,5.036229966208339,0.4131339956074953,4.517709836363792,shared_2l_dec_tail
6618,4.989715991541743,0.41444413363933563,4.468723898753524,shared_2l_dec_tail
6619,5.041886819526553,0.414788955822587,4.520809045061469,shared_2l_dec_tail
6620,4.9519839230924845,0.4098729696124792,4.43287892267108,shared_2l_dec_tail
6621,5.011414876207709,0.4090750589966774,4.494644934311509,shared_2l_dec_tail
6622,5.0139701925218105,0.40680705569684505,4.499765811488032,shared_2l_dec_tail
6623,5.01108099706471,0.41295704431831837,4.492121981456876,shared_2l_dec_tail
6624,4.997543059289455,0.40805316530168056,4.485065815970302,shared_2l_dec_tail
6625,4.936049925163388,0.40299585089087486,4.426450002938509,shared_2l_dec_tail
6626,5.059718852862716,0.4057050682604313,4.546228097751737,shared_2l_dec_tail
6627,4.973821109160781,0.4090340808033943,4.4285759795457125,shared_2l_dec_tail
6628,5.072599044069648,0.4274530801922083,4.518822068348527,shared_2l_dec_tail
6629,5.594251910224557,0.8699060417711735,4.60294890217483,shared_2l_dec_tail
6630,5.07790595293045,0.4151479806751013,4.554996034130454,shared_2l_dec_tail
6631,5.003298865631223,0.41114608757197857,4.484978038817644,shared_2l_dec_tail
6632,4.95573878288269,0.41079288348555565,4.438318079337478,shared_2l_dec_tail
6633,5.00022410415113,0.4095700569450855,4.484416916966438,shared_2l_dec_tail
6634,4.964883904904127,0.4128650762140751,4.446082981303334,shared_2l_dec_tail
6635,4.954357864335179,0.4106019623577595,4.438042873516679,shared_2l_dec_tail
6636,5.0573640037328005,0.41433307342231274,4.536855034530163,shared_2l_dec_tail
6637,4.9484590999782085,0.41537312790751457,4.4267738703638315,shared_2l_dec_tail
6638,5.046195816248655,0.41315797716379166,4.524376010522246,shared_2l_dec_tail
6639,4.999242955818772,0.41005201637744904,4.484374076128006,shared_2l_dec_tail
6640,5.044161807745695,0.41600316762924194,4.519992042332888,shared_2l_dec_tail
6641,5.035775946453214,0.4121079109609127,4.518566187471151,shared_2l_dec_tail
6642,4.958671052008867,0.4126469139009714,4.438490141183138,shared_2l_dec_tail
6643,4.989223089069128,0.41147414594888687,4.470031009986997,shared_2l_dec_tail
6644,5.038980860263109,0.4158029332756996,4.516988061368465,shared_2l_dec_tail
6645,5.643037147819996,0.8608659263700247,4.655536031350493,shared_2l_dec_tail
6646,5.063688848167658,0.41473982855677605,4.541476024314761,shared_2l_dec_tail
6647,5.000425036996603,0.4125591367483139,4.479872062802315,shared_2l_dec_tail
6648,5.047839833423495,0.4113451577723026,4.529666854068637,shared_2l_dec_tail
6649,4.954043077304959,0.4084899555891752,4.438525997102261,shared_2l_dec_tail
6650,4.971581045538187,0.4103549290448427,4.453563131392002,shared_2l_dec_tail
6651,4.992856876924634,0.4121458623558283,4.473746987059712,shared_2l_dec_tail
6652,5.016718991100788,0.41204504668712616,4.497687099501491,shared_2l_dec_tail
6653,5.002541001886129,0.4096240736544132,4.48600179515779,shared_2l_dec_tail
6654,4.999919096007943,0.4104550462216139,4.483133088797331,shared_2l_dec_tail
6655,4.939008038491011,0.41303900070488453,4.416648996993899,shared_2l_dec_tail
6656,5.02996682189405,0.4208229947835207,4.501173039898276,shared_2l_dec_tail
6657,4.933994961902499,0.41189510375261307,4.411407979205251,shared_2l_dec_tail
6658,5.032117944210768,0.4096478223800659,4.517284221947193,shared_2l_dec_tail
6659,4.953555064275861,0.40974910371005535,4.439866868779063,shared_2l_dec_tail
6660,5.05123077891767,0.4069551359862089,4.539015935733914,shared_2l_dec_tail
6661,5.630218889564276,0.8630850352346897,4.649111069738865,shared_2l_dec_tail
6662,5.059318849816918,0.43180701322853565,4.519050940871239,shared_2l_dec_tail
6663,4.979937104508281,0.42430683970451355,4.447526065632701,shared_2l_dec_tail
6664,5.044481949880719,0.42245397344231606,4.5148939825594425,shared_2l_dec_tail
6665,5.041504977270961,0.4257208202034235,4.506968194618821,shared_2l_dec_tail
6666,5.030811997130513,0.4216281231492758,4.50215395539999,shared_2l_dec_tail
6667,4.983093123883009,0.41214609518647194,4.463650053367019,shared_2l_dec_tail
6668,5.0257190596312284,0.4200269468128681,4.499091068282723,shared_2l_dec_tail
6669,4.963423125445843,0.42046490125358105,4.4372358825057745,shared_2l_dec_tail
6670,5.065497010946274,0.4189359024167061,4.534697160124779,shared_2l_dec_tail
6671,4.932536045089364,0.4094410687685013,4.417471820488572,shared_2l_dec_tail
6672,4.956424003466964,0.41535496711730957,4.4338630978018045,shared_2l_dec_tail
6673,5.019730888307095,0.4163479898124933,4.498307825997472,shared_2l_dec_tail
6674,4.966395907104015,0.4151018802076578,4.445291124284267,shared_2l_dec_tail
6675,5.0401450134813786,0.42033917270600796,4.512351006269455,shared_2l_dec_tail
6676,4.949447000399232,0.41133794002234936,4.432023037225008,shared_2l_dec_tail
6677,5.603090859949589,0.8556079119443893,4.625309957191348,shared_2l_dec_tail
6678,5.063690012320876,0.4192779306322336,4.5362000819295645,shared_2l_dec_tail
6679,4.989993991330266,0.42021600529551506,4.460375057533383,shared_2l_dec_tail
6680,5.083950934931636,0.4200639668852091,4.556035855785012,shared_2l_dec_tail
6681,5.022407975047827,0.42216992005705833,4.493026062846184,shared_2l_dec_tail
6682,4.942981991916895,0.4160129465162754,4.420104203745723,shared_2l_dec_tail
6683,5.003609927371144,0.41762087494134903,4.478271119296551,shared_2l_dec_tail
6684,5.03043201752007,0.4168709274381399,4.505848046392202,shared_2l_dec_tail
6685,5.022477125748992,0.42021204717457294,4.49541094712913,shared_2l_dec_tail
6686,4.930258030071855,0.4181680269539356,4.405579995363951,shared_2l_dec_tail
6687,4.965344909578562,0.42075198143720627,4.437786061316729,shared_2l_dec_tail
6688,5.0702630542218685,0.42361998930573463,4.5390978921204805,shared_2l_dec_tail
6689,5.009035812690854,0.42122602462768555,4.481530981138349,shared_2l_dec_tail
6690,5.037333816289902,0.4202278796583414,4.510777071118355,shared_2l_dec_tail
6691,5.0245600286871195,0.4226390738040209,4.493827000260353,shared_2l_dec_tail
6692,5.004081875085831,0.42003393173217773,4.476339090615511,shared_2l_dec_tail
6693,5.615585949271917,0.851788092404604,4.642504034563899,shared_2l_dec_tail
6694,5.053560947999358,0.41803717613220215,4.527840996161103,shared_2l_dec_tail
6695,4.949434893205762,0.41481200605630875,4.4271189253777266,shared_2l_dec_tail
6696,5.043776007369161,0.4152699839323759,4.522053990513086,shared_2l_dec_tail
6697,5.04346308298409,0.41611609049141407,4.519641865044832,shared_2l_dec_tail
6698,4.991733003407717,0.4156390205025673,4.46768500842154,shared_2l_dec_tail
6699,5.018990952521563,0.40961382910609245,4.502322059124708,shared_2l_dec_tail
6700,4.95695392601192,0.4158939700573683,4.434105008840561,shared_2l_dec_tail
6701,5.006222985684872,0.4144820850342512,4.485450917854905,shared_2l_dec_tail
6702,4.943381994962692,0.40895608253777027,4.427680978551507,shared_2l_dec_tail
6703,5.013935966417193,0.41182409040629864,4.495302913710475,shared_2l_dec_tail
6704,5.064507946372032,0.4121200181543827,4.546681186184287,shared_2l_dec_tail
6705,4.958850098773837,0.4229149781167507,4.429779946804047,shared_2l_dec_tail
6706,5.023611010983586,0.4118839278817177,4.504211945459247,shared_2l_dec_tail
6707,4.991024034097791,0.42733619920909405,4.455991787835956,shared_2l_dec_tail
6708,5.060445051640272,0.4209910985082388,4.5328529085963964,shared_2l_dec_tail
6709,5.65713900141418,0.8680729661136866,4.667934961616993,shared_2l_dec_tail
6710,5.031453911215067,0.41865999810397625,4.504762124270201,shared_2l_dec_tail
6711,5.0049591809511185,0.4125020932406187,4.4867119286209345,shared_2l_dec_tail
6712,5.069345002993941,0.41353004053235054,4.548694938421249,shared_2l_dec_tail
6713,5.0385999493300915,0.4156050272285938,4.516331013292074,shared_2l_dec_tail
6714,4.956783959642053,0.4128790460526943,4.436712944880128,shared_2l_dec_tail
6715,4.923125961795449,0.4086450207978487,4.408517153933644,shared_2l_dec_tail
6716,5.040176911279559,0.4218711983412504,4.512161016464233,shared_2l_dec_tail
6717,5.013110116124153,0.4172970075160265,4.48930892162025,shared_2l_dec_tail
6718,5.026692990213633,0.4135449416935444,4.50644688680768,shared_2l_dec_tail
6719,4.9908708315342665,0.411332119256258,4.472686909139156,shared_2l_dec_tail
6720,5.061133066192269,0.40951790288090706,4.5446911826729774,shared_2l_dec_tail
6721,4.9903918989002705,0.4161139950156212,4.468409111723304,shared_2l_dec_tail
6722,5.036201095208526,0.41423505172133446,4.515301901847124,shared_2l_dec_tail
6723,4.950641887262464,0.4185780417174101,4.42586001008749,shared_2l_dec_tail
6724,5.048161139711738,0.411198940128088,4.528512014076114,shared_2l_dec_tail
6725,5.621005082502961,0.861878041177988,4.638188984245062,shared_2l_dec_tail
6726,5.063018063083291,0.4117880016565323,4.544148920103908,shared_2l_dec_tail
6727,5.023604957386851,0.41789677925407887,4.5003320556133986,shared_2l_dec_tail
6728,4.9578549806028605,0.41370606049895287,4.438768839463592,shared_2l_dec_tail
6729,5.02878800034523,0.4169309977442026,4.506638972088695,shared_2l_dec_tail
6730,4.959349054843187,0.4176129586994648,4.436330171301961,shared_2l_dec_tail
6731,5.021713208407164,0.4152830224484205,4.500124836340547,shared_2l_dec_tail
6732,4.98401396907866,0.4139880184084177,4.464253783226013,shared_2l_dec_tail
6733,5.046803969889879,0.4217829555273056,4.5178900472819805,shared_2l_dec_tail
6734,4.95241885073483,0.41085993871092796,4.435210023075342,shared_2l_dec_tail
6735,5.022186087444425,0.40904199704527855,4.506447119638324,shared_2l_dec_tail
6736,5.003816913813353,0.4097649361938238,4.486648133024573,shared_2l_dec_tail
6737,5.0590799655765295,0.41060615330934525,4.542747046798468,shared_2l_dec_tail
6738,4.984627012163401,0.41223596781492233,4.4658430851995945,shared_2l_dec_tail
6739,4.929880145937204,0.4182721022516489,4.404363920912147,shared_2l_dec_tail
6740,5.03853615373373,0.4150751046836376,4.516977816820145,shared_2l_dec_tail
6741,5.630752071738243,0.86635397747159,4.641904961317778,shared_2l_dec_tail
6742,5.046556005254388,0.4172930493950844,4.517230903729796,shared_2l_dec_tail
6743,5.021360004320741,0.4173619672656059,4.497057991102338,shared_2l_dec_tail
6744,5.003280937671661,0.41218684054911137,4.484477220103145,shared_2l_dec_tail
6745,4.940751940011978,0.42555294930934906,4.404240055009723,shared_2l_dec_tail
6746,5.059292772784829,0.4136469215154648,4.53792093321681,shared_2l_dec_tail
6747,5.048040067777038,0.4140459932386875,4.526304081082344,shared_2l_dec_tail
6748,4.96331206522882,0.4120201338082552,4.44457889534533,shared_2l_dec_tail
6749,5.060713039711118,0.4136699717491865,4.540905123576522,shared_2l_dec_tail
6750,4.991024965420365,0.4143181722611189,4.469721810892224,shared_2l_dec_tail
6751,5.0009130500257015,0.4154129419475794,4.477635957300663,shared_2l_dec_tail
6752,5.033801076933742,0.41387113742530346,4.510934930294752,shared_2l_dec_tail
6753,4.93873399682343,0.41439314372837543,4.418123979121447,shared_2l_dec_tail
6754,4.985714098438621,0.41134399361908436,4.467732040211558,shared_2l_dec_tail
6755,5.047932034358382,0.41586393490433693,4.524348070845008,shared_2l_dec_tail
6756,4.978433949872851,0.4194490611553192,4.452474880963564,shared_2l_dec_tail
6757,5.611081840470433,0.8581900037825108,4.633731208741665,shared_2l_dec_tail
6758,5.069131962954998,0.42554899118840694,4.531080834567547,shared_2l_dec_tail
6759,4.988771164789796,0.4193279892206192,4.462019074708223,shared_2l_dec_tail
6760,4.978700075298548,0.4174499772489071,4.454333800822496,shared_2l_dec_tail
6761,5.047361133620143,0.4188390448689461,4.522355971857905,shared_2l_dec_tail
6762,5.040882155299187,0.41480385698378086,4.509142134338617,shared_2l_dec_tail
6763,4.973392933607101,0.4121751990169287,4.448470892384648,shared_2l_dec_tail
6764,5.0223220605403185,0.4194520879536867,4.495223052799702,shared_2l_dec_tail
6765,4.985790001228452,0.4179638344794512,4.456241149455309,shared_2l_dec_tail
6766,5.0115289632231,0.42009493336081505,4.4839398469775915,shared_2l_dec_tail
6767,4.996384959667921,0.4191240295767784,4.4734489638358355,shared_2l_dec_tail
6768,4.971770104020834,0.4114198964089155,4.446574952453375,shared_2l_dec_tail
6769,5.017505027353764,0.41803508065640926,4.4958998914808035,shared_2l_dec_tail
6770,4.950922913849354,0.42000296525657177,4.419976146891713,shared_2l_dec_tail
6771,5.022285971790552,0.4207699093967676,4.494333174079657,shared_2l_dec_tail
6772,5.062764976173639,0.4125370178371668,4.543036920949817,shared_2l_dec_tail
6773,5.851733963936567,1.061731018126011,4.6686530113220215,shared_2l_dec_tail
6774,5.052230088040233,0.42964587919414043,4.507370060309768,shared_2l_dec_tail
6775,5.029940977692604,0.4205540753901005,4.505705088376999,shared_2l_dec_tail
6776,4.961105994880199,0.41412399150431156,4.433464026078582,shared_2l_dec_tail
6777,5.009032087400556,0.41328114457428455,4.489551996812224,shared_2l_dec_tail
6778,4.919508937746286,0.4131728783249855,4.399758065119386,shared_2l_dec_tail
6779,4.985462874174118,0.4173419438302517,4.461253993213177,shared_2l_dec_tail
6780,5.039043026044965,0.41942112147808075,4.5094050001353025,shared_2l_dec_tail
6781,4.941722145304084,0.40785386227071285,4.4269191566854715,shared_2l_dec_tail
6782,5.018967902287841,0.41898293420672417,4.493558080866933,shared_2l_dec_tail
6783,5.0323649775236845,0.41784485802054405,4.4972850009799,shared_2l_dec_tail
6784,4.993215203285217,0.41223899461328983,4.467868013307452,shared_2l_dec_tail
6785,5.018936935812235,0.4093081224709749,4.504126030951738,shared_2l_dec_tail
6786,4.974365932866931,0.41335495188832283,4.451268119737506,shared_2l_dec_tail
6787,5.005455808714032,0.41010905988514423,4.4875910971313715,shared_2l_dec_tail
6788,5.015691043809056,0.42057689279317856,4.4907331466674805,shared_2l_dec_tail
6789,5.620402051135898,0.8573778904974461,4.6442910097539425,shared_2l_dec_tail
6790,5.059493938460946,0.4262968432158232,4.52549709007144,shared_2l_dec_tail
6791,4.991502966731787,0.42617786675691605,4.458131967112422,shared_2l_dec_tail
6792,5.020404001697898,0.42711198329925537,4.4888530392199755,shared_2l_dec_tail
6793,4.937603138387203,0.42472779750823975,4.406828200444579,shared_2l_dec_tail
6794,5.027384031563997,0.42321113869547844,4.498401889577508,shared_2l_dec_tail
6795,4.930442897602916,0.42169285006821156,4.401699174195528,shared_2l_dec_tail
6796,4.924993962049484,0.4144699778407812,4.402254009619355,shared_2l_dec_tail
6797,5.001435987651348,0.4195640794932842,4.475104855373502,shared_2l_dec_tail
6798,5.050222156569362,0.42405189014971256,4.519324982538819,shared_2l_dec_tail
6799,4.959677811712027,0.42508216574788094,4.426739877089858,shared_2l_dec_tail
6800,5.0162929110229015,0.4206958692520857,4.486890975385904,shared_2l_dec_tail
6801,4.9594189040362835,0.42248587124049664,4.430726170539856,shared_2l_dec_tail
6802,5.040222080424428,0.4193820059299469,4.514043917879462,shared_2l_dec_tail
6803,5.045640980824828,0.42780302464962006,4.511723993346095,shared_2l_dec_tail
6804,4.964262014254928,0.4230570048093796,4.434201866388321,shared_2l_dec_tail
6805,5.626474041491747,0.8556351531296968,4.651085939258337,shared_2l_dec_tail
6806,5.077071953564882,0.41455309838056564,4.553846083581448,shared_2l_dec_tail
6807,4.956563003361225,0.413321889936924,4.437220981344581,shared_2l_dec_tail
6808,5.02583384513855,0.41662203148007393,4.502785857766867,shared_2l_dec_tail
6809,4.990366054698825,0.41752890683710575,4.467810038477182,shared_2l_dec_tail
6810,5.028733052313328,0.41906489059329033,4.50443709269166,shared_2l_dec_tail
6811,4.92776301689446,0.4102399107068777,4.412827081978321,shared_2l_dec_tail
6812,5.036440910771489,0.4091819282621145,4.521711030974984,shared_2l_dec_tail
6813,4.987310850992799,0.4128019791096449,4.464458208531141,shared_2l_dec_tail
6814,4.986257059499621,0.417822040617466,4.461950855329633,shared_2l_dec_tail
6815,4.91158408112824,0.4134878981858492,4.392595961689949,shared_2l_dec_tail
6816,4.909378942102194,0.41489885188639164,4.388223169371486,shared_2l_dec_tail
6817,4.985118051990867,0.412690918892622,4.46616904810071,shared_2l_dec_tail
6818,5.004042061045766,0.41620805859565735,4.4800639152526855,shared_2l_dec_tail
6819,4.927377915009856,0.411102082580328,4.410360939800739,shared_2l_dec_tail
6820,4.945007152855396,0.41598593816161156,4.423473030328751,shared_2l_dec_tail
6821,5.619828123599291,0.8495100773870945,4.650047980248928,shared_2l_dec_tail
6822,5.063757998868823,0.4256118554621935,4.52945614233613,shared_2l_dec_tail
6823,5.069175967946649,0.424346886575222,4.5380680821835995,shared_2l_dec_tail
6824,4.961980972439051,0.41967397555708885,4.435358103364706,shared_2l_dec_tail
6825,5.081885028630495,0.4276691470295191,4.549800883978605,shared_2l_dec_tail
6826,4.992115776985884,0.4164339043200016,4.463595105335116,shared_2l_dec_tail
6827,5.045281955972314,0.4130189772695303,4.513442050665617,shared_2l_dec_tail
6828,4.944887012243271,0.4127570427954197,4.425921011716127,shared_2l_dec_tail
6829,4.985488951206207,0.4173282068222761,4.4567889999598265,shared_2l_dec_tail
6830,5.032031098380685,0.41856314055621624,4.503215895965695,shared_2l_dec_tail
6831,5.040859105065465,0.4159000236541033,4.520589951425791,shared_2l_dec_tail
6832,5.048200022429228,0.4207377787679434,4.520431160926819,shared_2l_dec_tail
6833,5.047885933890939,0.41735684499144554,4.5233790297061205,shared_2l_dec_tail
6834,5.047335987910628,0.4178399685770273,4.522156901657581,shared_2l_dec_tail
6835,4.963246872648597,0.41893194429576397,4.436630057170987,shared_2l_dec_tail
6836,5.043385084718466,0.4134508781135082,4.523118957877159,shared_2l_dec_tail
6837,5.638682981953025,0.8662829641252756,4.65392810292542,shared_2l_dec_tail
6838,4.964408930391073,0.42194011621177197,4.435928072780371,shared_2l_dec_tail
6839,5.05388411693275,0.4235291853547096,4.524023970589042,shared_2l_dec_tail
6840,4.948799964040518,0.4180390387773514,4.425016930326819,shared_2l_dec_tail
6841,5.031831096857786,0.4185829311609268,4.506449215114117,shared_2l_dec_tail
6842,4.971751011908054,0.4187249578535557,4.445591941475868,shared_2l_dec_tail
6843,5.032767076045275,0.4211540799587965,4.506764933466911,shared_2l_dec_tail
6844,4.9453480169177055,0.4173561464995146,4.4225710444152355,shared_2l_dec_tail
6845,5.019566044211388,0.4243378061801195,4.490000195801258,shared_2l_dec_tail
6846,5.0316969864070415,0.4181959666311741,4.507243167608976,shared_2l_dec_tail
6847,4.941109102219343,0.4122781101614237,4.423235775902867,shared_2l_dec_tail
6848,4.995883209630847,0.41454494930803776,4.475953988730907,shared_2l_dec_tail
6849,4.978836048394442,0.41774497367441654,4.455431830137968,shared_2l_dec_tail
6850,5.021488992497325,0.42457086965441704,4.490743158385158,shared_2l_dec_tail
6851,4.952247953042388,0.41727209463715553,4.428888903930783,shared_2l_dec_tail
6852,4.977805074304342,0.4200830589979887,4.452843917533755,shared_2l_dec_tail
6853,5.6547680869698524,0.8604240138083696,4.674521973356605,shared_2l_dec_tail
6854,5.044841906055808,0.4128378350287676,4.525667987763882,shared_2l_dec_tail
6855,5.007009021937847,0.4211990162730217,4.4787609949707985,shared_2l_dec_tail
6856,5.034758010879159,0.4184599965810776,4.510431084781885,shared_2l_dec_tail
6857,4.959218902513385,0.41662808507680893,4.436290822923183,shared_2l_dec_tail
6858,5.037463968619704,0.416644848883152,4.515337059274316,shared_2l_dec_tail
6859,4.943680018186569,0.4140199162065983,4.422452999278903,shared_2l_dec_tail
6860,5.012281937524676,0.42303698137402534,4.482859978452325,shared_2l_dec_tail
6861,4.957499913871288,0.4210409242659807,4.429555032402277,shared_2l_dec_tail
6862,5.047197919338942,0.40867202915251255,4.532475024461746,shared_2l_dec_tail
6863,4.951265174895525,0.4240290727466345,4.420751938596368,shared_2l_dec_tail
6864,5.029246909543872,0.4224809817969799,4.500517854467034,shared_2l_dec_tail
6865,4.942300962284207,0.41791098192334175,4.4190899934619665,shared_2l_dec_tail
6866,4.952660063281655,0.41246390901505947,4.434822127223015,shared_2l_dec_tail
6867,5.030441097915173,0.41846209205687046,4.505360033363104,shared_2l_dec_tail
6868,5.055407993495464,0.41926302947103977,4.527790937572718,shared_2l_dec_tail
6869,5.552921909838915,0.8669900707900524,4.565919982269406,shared_2l_dec_tail
6870,4.942619940266013,0.414564972743392,4.422487923875451,shared_2l_dec_tail
6871,4.965864820405841,0.4162380937486887,4.442679928615689,shared_2l_dec_tail
6872,5.0405270885676146,0.41090394370257854,4.522489150986075,shared_2l_dec_tail
6873,5.00242505222559,0.4149889573454857,4.480767995119095,shared_2l_dec_tail
6874,4.9353488720953465,0.4097830969840288,4.414367955178022,shared_2l_dec_tail
6875,4.954822128638625,0.4200390540063381,4.430705914273858,shared_2l_dec_tail
6876,5.041777156293392,0.41112909093499184,4.522815812379122,shared_2l_dec_tail
6877,4.948429064825177,0.41331001557409763,4.425534047186375,shared_2l_dec_tail
6878,5.0062621012330055,0.41122594848275185,4.4851230923086405,shared_2l_dec_tail
6879,5.0311030354350805,0.4205761943012476,4.5025828294456005,shared_2l_dec_tail
6880,4.917940124869347,0.413831090554595,4.392385017126799,shared_2l_dec_tail
6881,4.94813802652061,0.40984200313687325,4.432827001437545,shared_2l_dec_tail
6882,5.045642144978046,0.4126948770135641,4.5200970489531755,shared_2l_dec_tail
6883,5.0160561222583055,0.41641388088464737,4.495057975873351,shared_2l_dec_tail
6884,5.032636225223541,0.4079551436007023,4.5184839982539415,shared_2l_dec_tail
6885,5.652747815474868,0.8489149622619152,4.68233204446733,shared_2l_dec_tail
6886,5.063910968601704,0.4246002063155174,4.531221929937601,shared_2l_dec_tail
6887,5.02615817822516,0.4250570200383663,4.494174150750041,shared_2l_dec_tail
6888,5.043071927502751,0.42026094160974026,4.517619032412767,shared_2l_dec_tail
6889,4.994001938030124,0.422472832724452,4.464277997612953,shared_2l_dec_tail
6890,5.037633934989572,0.42107608169317245,4.509046906605363,shared_2l_dec_tail
6891,4.951594863086939,0.42356597259640694,4.422973142936826,shared_2l_dec_tail
6892,5.02496212720871,0.4233638755977154,4.4962160754948854,shared_2l_dec_tail
6893,4.953597905114293,0.4229308106005192,4.4257971458137035,shared_2l_dec_tail
6894,5.117455963045359,0.42037805542349815,4.585386952385306,shared_2l_dec_tail
6895,4.969756118953228,0.41780294850468636,4.442541161552072,shared_2l_dec_tail
6896,5.031431093811989,0.41654985398054123,4.511283943429589,shared_2l_dec_tail
6897,4.950873088091612,0.4149971064180136,4.425966879352927,shared_2l_dec_tail
6898,5.02102286554873,0.41476311162114143,4.500628914684057,shared_2l_dec_tail
6899,4.930774914100766,0.4228241741657257,4.401545971632004,shared_2l_dec_tail
6900,4.930912051349878,0.419901916757226,4.405265906825662,shared_2l_dec_tail
6901,5.642147967591882,0.8691891562193632,4.6551229897886515,shared_2l_dec_tail
6902,5.067283986136317,0.4316710401326418,4.526805132627487,shared_2l_dec_tail
6903,5.0067410338670015,0.42596482671797276,4.473366076126695,shared_2l_dec_tail
6904,5.061250180006027,0.42137689888477325,4.533176077529788,shared_2l_dec_tail
6905,4.981603939086199,0.4290670622140169,4.446421982720494,shared_2l_dec_tail
6906,5.014846799895167,0.42250799015164375,4.486182006075978,shared_2l_dec_tail
6907,5.057994043454528,0.4321050364524126,4.519596928730607,shared_2l_dec_tail
6908,5.00857993029058,0.43259491212666035,4.469229141250253,shared_2l_dec_tail
6909,5.038004834204912,0.4228521138429642,4.508748883381486,shared_2l_dec_tail
6910,4.937834106385708,0.41989912278950214,4.412519978359342,shared_2l_dec_tail
6911,5.040860967710614,0.41891587898135185,4.514386178925633,shared_2l_dec_tail
6912,4.970636917278171,0.42337505146861076,4.440465942025185,shared_2l_dec_tail
6913,5.059511866420507,0.42966706678271294,4.523576004430652,shared_2l_dec_tail
6914,5.020163021981716,0.42206887155771255,4.492432111874223,shared_2l_dec_tail
6915,4.962303908541799,0.4189680330455303,4.434848902747035,shared_2l_dec_tail
6916,5.04911202006042,0.42305001989006996,4.518205067142844,shared_2l_dec_tail
6917,5.661887116730213,0.8618850260972977,4.679757868871093,shared_2l_dec_tail
6918,5.06156706251204,0.4270109347999096,4.527002107352018,shared_2l_dec_tail
6919,4.944333806633949,0.42231008410453796,4.415521863847971,shared_2l_dec_tail
6920,4.984415136277676,0.4256831016391516,4.452541936188936,shared_2l_dec_tail
6921,4.974904004484415,0.41763391345739365,4.450369160622358,shared_2l_dec_tail
6922,4.939863923937082,0.42661302722990513,4.406251944601536,shared_2l_dec_tail
6923,5.007772007957101,0.4142050165683031,4.485961049795151,shared_2l_dec_tail
6924,5.060190102085471,0.4164308775216341,4.536034073680639,shared_2l_dec_tail
6925,4.997047828510404,0.4224339500069618,4.468413069844246,shared_2l_dec_tail
6926,4.963133949786425,0.42430288158357143,4.432533169165254,shared_2l_dec_tail
6927,4.963609157130122,0.422758050262928,4.434325033798814,shared_2l_dec_tail
6928,5.049373954534531,0.43174903839826584,4.5117880217731,shared_2l_dec_tail
6929,4.966056905686855,0.42682886123657227,4.431253066286445,shared_2l_dec_tail
6930,5.033063003793359,0.4207598976790905,4.504644079133868,shared_2l_dec_tail
6931,4.956980003044009,0.4249929916113615,4.42598108202219,shared_2l_dec_tail
6932,5.058787064626813,0.4253080114722252,4.527367884293199,shared_2l_dec_tail
6933,5.623459117487073,0.865984009578824,4.636811092495918,shared_2l_dec_tail
6934,5.093307001516223,0.4216248635202646,4.564550006762147,shared_2l_dec_tail
6935,5.023090867325664,0.4207391757518053,4.4961238745599985,shared_2l_dec_tail
6936,4.924745997413993,0.4128590226173401,4.40576602704823,shared_2l_dec_tail
6937,5.041559925302863,0.41829096153378487,4.517057910561562,shared_2l_dec_tail
6938,4.956620978191495,0.41293189860880375,4.437264986336231,shared_2l_dec_tail
6939,5.016638897359371,0.41683786548674107,4.493673099204898,shared_2l_dec_tail
6940,5.022212862968445,0.4135619383305311,4.502669908106327,shared_2l_dec_tail
6941,4.945619963109493,0.4164620768278837,4.423383856192231,shared_2l_dec_tail
6942,5.034664878621697,0.4128080327063799,4.515315871685743,shared_2l_dec_tail
6943,4.967482062056661,0.4141610115766525,4.446726990863681,shared_2l_dec_tail
6944,4.9225869588553905,0.41373400017619133,4.40190895460546,shared_2l_dec_tail
6945,5.0324981566518545,0.41388790123164654,4.512280924245715,shared_2l_dec_tail
6946,5.020367912948132,0.41802902705967426,4.494369961321354,shared_2l_dec_tail
6947,4.942427854984999,0.4174348432570696,4.418824100866914,shared_2l_dec_tail
6948,5.015233997255564,0.4166529979556799,4.492216976359487,shared_2l_dec_tail
6949,5.675864173099399,0.8790688589215279,4.670985974371433,shared_2l_dec_tail
6950,5.057169124484062,0.4179449751973152,4.525085911154747,shared_2l_dec_tail
6951,4.942440893501043,0.41186693124473095,4.422714933753014,shared_2l_dec_tail
6952,5.008966196328402,0.4148299340158701,4.488922888413072,shared_2l_dec_tail
6953,4.968300927430391,0.42436900548636913,4.435822134837508,shared_2l_dec_tail
6954,4.996016854420304,0.41638920083642006,4.466854967176914,shared_2l_dec_tail
6955,5.016136914491653,0.42358296923339367,4.486044170334935,shared_2l_dec_tail
6956,4.967538174241781,0.4193820059299469,4.431389970704913,shared_2l_dec_tail
6957,4.951958078891039,0.42110891081392765,4.42276312969625,shared_2l_dec_tail
6958,5.034867906942964,0.4147370345890522,4.508607089519501,shared_2l_dec_tail
6959,5.000988021492958,0.4188211169093847,4.474523011595011,shared_2l_dec_tail
6960,5.016213981434703,0.414425041526556,4.497470101341605,shared_2l_dec_tail
6961,4.958624020218849,0.41801505722105503,4.43338300101459,shared_2l_dec_tail
6962,5.013743881136179,0.4203731659799814,4.487484926357865,shared_2l_dec_tail
6963,4.907696042209864,0.4159749951213598,4.386182175949216,shared_2l_dec_tail
6964,4.9522139597684145,0.422254903241992,4.421963123604655,shared_2l_dec_tail
6965,5.624392069876194,0.8592819795012474,4.645726876333356,shared_2l_dec_tail
6966,5.061496049165726,0.41730492375791073,4.5370119623839855,shared_2l_dec_tail
6967,4.948439076542854,0.4232230130583048,4.4199940748512745,shared_2l_dec_tail
6968,5.047485930845141,0.42101088911294937,4.51970798894763,shared_2l_dec_tail
6969,5.046050995588303,0.4238609690219164,4.5142099261283875,shared_2l_dec_tail
6970,4.9469738733023405,0.4266479518264532,4.414525115862489,shared_2l_dec_tail
6971,5.034564062952995,0.42698089964687824,4.50063799507916,shared_2l_dec_tail
6972,4.956768127158284,0.4257929977029562,4.424925893545151,shared_2l_dec_tail
6973,5.022761877626181,0.425881939008832,4.489480052143335,shared_2l_dec_tail
6974,5.004640202969313,0.4263471346348524,4.4710529036819935,shared_2l_dec_tail
6975,4.994085989892483,0.42869197204709053,4.457368049770594,shared_2l_dec_tail
6976,4.934157943353057,0.42399391531944275,4.402349935844541,shared_2l_dec_tail
6977,4.932192154228687,0.41801994666457176,4.405318992212415,shared_2l_dec_tail
6978,5.030178930610418,0.4211540799587965,4.500559065490961,shared_2l_dec_tail
6979,5.024636862799525,0.42465399019420147,4.492504987865686,shared_2l_dec_tail
6980,5.019621923565865,0.431703869253397,4.480898147448897,shared_2l_dec_tail
6981,5.613488145172596,0.8762839715927839,4.616992082446814,shared_2l_dec_tail
6982,5.023239180445671,0.41977199725806713,4.495999077335,shared_2l_dec_tail
6983,5.004635080695152,0.4234879743307829,4.473729059100151,shared_2l_dec_tail
6984,4.949558060616255,0.41471002623438835,4.428589018061757,shared_2l_dec_tail
6985,4.975553834810853,0.4196029622107744,4.449049010872841,shared_2l_dec_tail
6986,4.976003197953105,0.42225606739521027,4.446997074410319,shared_2l_dec_tail
6987,5.0140139646828175,0.41732494719326496,4.490623949095607,shared_2l_dec_tail
6988,4.972158931195736,0.417160103097558,4.4484438840299845,shared_2l_dec_tail
6989,5.0544769037514925,0.4207058809697628,4.527084995061159,shared_2l_dec_tail
6990,4.970633191987872,0.4215759690850973,4.4423050712794065,shared_2l_dec_tail
6991,5.020229145884514,0.4234600346535444,4.48925606906414,shared_2l_dec_tail
6992,4.977784818038344,0.4246830940246582,4.445876926183701,shared_2l_dec_tail
6993,5.063673015683889,0.41795498691499233,4.539344925433397,shared_2l_dec_tail
6994,4.954993026331067,0.4194930661469698,4.427833016961813,shared_2l_dec_tail
6995,5.018417024984956,0.4165070131421089,4.494158085435629,shared_2l_dec_tail
6996,5.019949981942773,0.4134979099035263,4.500904120504856,shared_2l_dec_tail
6997,5.659445887431502,0.8838351350277662,4.653661046177149,shared_2l_dec_tail
6998,5.054177017882466,0.4262127913534641,4.5202490873634815,shared_2l_dec_tail
6999,4.959761165082455,0.4174741916358471,4.43706288933754,shared_2l_dec_tail
7000,5.022770958021283,0.42140414007008076,4.493256798014045,shared_2l_dec_tail
7001,4.947711015120149,0.4190579056739807,4.423976177349687,shared_2l_dec_tail
7002,5.0394670106470585,0.41481596417725086,4.51811496168375,shared_2l_dec_tail
7003,4.9969470128417015,0.4232260398566723,4.466203972697258,shared_2l_dec_tail
7004,5.031225038692355,0.4181079566478729,4.504841053858399,shared_2l_dec_tail
7005,4.954047966748476,0.4176718648523092,4.429060034453869,shared_2l_dec_tail
7006,5.036230199038982,0.4171167965978384,4.512694198638201,shared_2l_dec_tail
7007,4.950999980792403,0.41534285992383957,4.4306141790002584,shared_2l_dec_tail
7008,5.034890957176685,0.4251589998602867,4.502540221437812,shared_2l_dec_tail
7009,5.021151155233383,0.418639974668622,4.4940130319446325,shared_2l_dec_tail
7010,4.9473929684609175,0.41586998850107193,4.424066049978137,shared_2l_dec_tail
7011,5.013330839574337,0.4252500366419554,4.480910021811724,shared_2l_dec_tail
7012,4.917792044579983,0.41379407048225403,4.394593881443143,shared_2l_dec_tail
7013,5.62290521338582,0.8613569661974907,4.639757098630071,shared_2l_dec_tail
7014,5.049473140388727,0.432188855484128,4.509007092565298,shared_2l_dec_tail
7015,5.0319170113652945,0.43013389222323895,4.494715016335249,shared_2l_dec_tail
7016,4.981616977602243,0.4342359025031328,4.440451972186565,shared_2l_dec_tail
7017,5.053666885942221,0.43840985745191574,4.50873002409935,shared_2l_dec_tail
7018,4.973905859515071,0.42926520109176636,4.43797092884779,shared_2l_dec_tail
7019,5.067529855296016,0.43233204632997513,4.52751200646162,shared_2l_dec_tail
7020,4.938116995617747,0.42239087633788586,4.409403074532747,shared_2l_dec_tail
7021,5.03015099093318,0.4269829951226711,4.496056120842695,shared_2l_dec_tail
7022,4.978741984814405,0.4268540069460869,4.443430108949542,shared_2l_dec_tail
7023,5.022044060751796,0.43047196231782436,4.483868135139346,shared_2l_dec_tail
7024,4.970242967829108,0.4278249107301235,4.435450071468949,shared_2l_dec_tail
7025,5.038500996306539,0.42881700210273266,4.504376091063023,shared_2l_dec_tail
7026,4.972598981112242,0.42612385004758835,4.441200057044625,shared_2l_dec_tail
7027,5.0413948483765125,0.422369921579957,4.511012928560376,shared_2l_dec_tail
7028,4.967248998582363,0.4238479305058718,4.436307121068239,shared_2l_dec_tail
7029,5.623730132356286,0.8618149440735579,4.6423859894275665,shared_2l_dec_tail
7030,5.066633922979236,0.42647705413401127,4.533136961981654,shared_2l_dec_tail
7031,5.055505083873868,0.42656902223825455,4.5224379282444715,shared_2l_dec_tail
7032,4.947652108967304,0.42687193490564823,4.4145542196929455,shared_2l_dec_tail
7033,5.00122201628983,0.42573106475174427,4.470309941098094,shared_2l_dec_tail
7034,4.969388013705611,0.426972983404994,4.4371760450303555,shared_2l_dec_tail
7035,4.990100162103772,0.42661302722990513,4.458350827917457,shared_2l_dec_tail
7036,4.965194966644049,0.432340893894434,4.424909129738808,shared_2l_dec_tail
7037,4.987685941159725,0.42553688399493694,4.454829031601548,shared_2l_dec_tail
7038,4.970542853698134,0.43209618888795376,4.432384856045246,shared_2l_dec_tail
7039,5.00484392978251,0.4168769810348749,4.4807109516114,shared_2l_dec_tail
7040,5.047044949606061,0.4232411738485098,4.517159890383482,shared_2l_dec_tail
7041,5.038631847128272,0.432353001087904,4.498990019783378,shared_2l_dec_tail
7042,4.975843941792846,0.42425584979355335,4.444384016096592,shared_2l_dec_tail
7043,5.018790950998664,0.42840209789574146,4.48590493761003,shared_2l_dec_tail
7044,4.966435022652149,0.42372383177280426,4.435825161635876,shared_2l_dec_tail
7045,5.654672160744667,0.8720108307898045,4.659899044781923,shared_2l_dec_tail
7046,5.054495995864272,0.4231189377605915,4.523654002696276,shared_2l_dec_tail
7047,5.002893973141909,0.4274630919098854,4.465495934709907,shared_2l_dec_tail
7048,4.9979721661657095,0.4176751244813204,4.471862921491265,shared_2l_dec_tail
7049,5.0599288661032915,0.4231291823089123,4.52643889002502,shared_2l_dec_tail
7050,5.021026125177741,0.419276999309659,4.496342968195677,shared_2l_dec_tail
7051,4.955047043040395,0.4195021465420723,4.429292865097523,shared_2l_dec_tail
7052,4.956051940098405,0.42203208431601524,4.42744605243206,shared_2l_dec_tail
7053,5.062404088675976,0.4224118310958147,4.532295046374202,shared_2l_dec_tail
7054,5.037510069087148,0.4210970364511013,4.508391954004765,shared_2l_dec_tail
7055,5.032266024500132,0.4246679600328207,4.499369068071246,shared_2l_dec_tail
7056,5.022026831284165,0.4243040457367897,4.489945014938712,shared_2l_dec_tail
7057,4.989958833903074,0.42810896411538124,4.456531023606658,shared_2l_dec_tail
7058,5.04397414624691,0.4204409196972847,4.516744986176491,shared_2l_dec_tail
7059,5.0311831291764975,0.427215825766325,4.498108988627791,shared_2l_dec_tail
7060,4.969246219843626,0.42185699567198753,4.441306926310062,shared_2l_dec_tail
7061,5.642081843689084,0.8675309363752604,4.653561161831021,shared_2l_dec_tail
7062,5.041023949161172,0.42538996785879135,4.5088480692356825,shared_2l_dec_tail
7063,4.979680059477687,0.41862716898322105,4.453216912224889,shared_2l_dec_tail
7064,5.079974886029959,0.4174611531198025,4.554889863356948,shared_2l_dec_tail
7065,5.061672069132328,0.42314385063946247,4.53099817968905,shared_2l_dec_tail
7066,5.063949851319194,0.4163060802966356,4.539988934993744,shared_2l_dec_tail
7067,5.022508092224598,0.4191780462861061,4.497219109907746,shared_2l_dec_tail
7068,4.9796090461313725,0.4214129876345396,4.451686050742865,shared_2l_dec_tail
7069,5.045834928750992,0.431206077337265,4.50777099467814,shared_2l_dec_tail
7070,5.049036117270589,0.4223659634590149,4.520911956205964,shared_2l_dec_tail
7071,4.9828949850052595,0.424728961661458,4.450279055163264,shared_2l_dec_tail
7072,5.0836061127483845,0.43521891348063946,4.541692091152072,shared_2l_dec_tail
7073,5.058872047811747,0.42968103662133217,4.524157149717212,shared_2l_dec_tail
7074,5.012990906834602,0.430721091106534,4.474997986108065,shared_2l_dec_tail
7075,5.07077993825078,0.4322079475969076,4.531485959887505,shared_2l_dec_tail
7076,5.0381869077682495,0.42625516653060913,4.505413817241788,shared_2l_dec_tail
7077,5.643297918140888,0.890255905687809,4.632473923265934,shared_2l_dec_tail
7078,5.061829928308725,0.43245800770819187,4.522414179518819,shared_2l_dec_tail
7079,4.998203134164214,0.42672501876950264,4.4631019700318575,shared_2l_dec_tail
7080,5.07356901653111,0.43224007822573185,4.532934864982963,shared_2l_dec_tail
7081,4.984904080629349,0.42860815301537514,4.448818974196911,shared_2l_dec_tail
7082,5.04208286292851,0.43384404852986336,4.501877818256617,shared_2l_dec_tail
7083,5.002283025532961,0.4316219128668308,4.462640034034848,shared_2l_dec_tail
7084,5.056606838479638,0.4305720794945955,4.519501002505422,shared_2l_dec_tail
7085,4.9693339969962835,0.42810896411538124,4.435382084921002,shared_2l_dec_tail
7086,5.027678096666932,0.43260306119918823,4.486426943913102,shared_2l_dec_tail
7087,4.95884008705616,0.43245195411145687,4.419575212523341,shared_2l_dec_tail
7088,5.087532103061676,0.4257138352841139,4.553891019895673,shared_2l_dec_tail
7089,5.037792958319187,0.42921700514853,4.500109003856778,shared_2l_dec_tail
7090,5.020573036745191,0.4293059464544058,4.473069217056036,shared_2l_dec_tail
7091,4.963177023455501,0.42122090235352516,4.437026102095842,shared_2l_dec_tail
7092,5.030117928981781,0.4187708254903555,4.493730142712593,shared_2l_dec_tail
7093,5.654345033690333,0.8549571502953768,4.6776058152318,shared_2l_dec_tail
7094,5.048494087532163,0.43870299123227596,4.50386805459857,shared_2l_dec_tail
7095,4.990232875570655,0.43650809675455093,4.446020815521479,shared_2l_dec_tail
7096,5.053576081991196,0.4305888433009386,4.515174077823758,shared_2l_dec_tail
7097,5.012314999476075,0.43298210948705673,4.47033392265439,shared_2l_dec_tail
7098,5.056610098108649,0.43356092646718025,4.51582414098084,shared_2l_dec_tail
7099,4.9880449660122395,0.4357199650257826,4.444024991244078,shared_2l_dec_tail
7100,5.028853891417384,0.4263881128281355,4.495804896578193,shared_2l_dec_tail
7101,4.967920016497374,0.42958580888807774,4.432304995134473,shared_2l_dec_tail
7102,5.039796931669116,0.42651896364986897,4.507449921220541,shared_2l_dec_tail
7103,4.9489568918943405,0.42924121953547,4.414457827806473,shared_2l_dec_tail
7104,4.953745054081082,0.4278190899640322,4.419193835929036,shared_2l_dec_tail
7105,5.053536035120487,0.4312561359256506,4.515225999057293,shared_2l_dec_tail
7106,4.963334882631898,0.4305511247366667,4.42472193390131,shared_2l_dec_tail
7107,5.062110954895616,0.4279350396245718,4.5264968648552895,shared_2l_dec_tail
7108,4.978004144504666,0.42438600212335587,4.448141902685165,shared_2l_dec_tail
7109,5.630028899759054,0.8634780533611774,4.645693814381957,shared_2l_dec_tail
7110,5.0844980869442225,0.4341250751167536,4.542746115475893,shared_2l_dec_tail
7111,4.96539706364274,0.42962911538779736,4.429267020896077,shared_2l_dec_tail
7112,4.946684930473566,0.4284610040485859,4.4124790001660585,shared_2l_dec_tail
7113,4.988622153177857,0.43579796329140663,4.446004051715136,shared_2l_dec_tail
7114,5.044672871008515,0.4293241072446108,4.510208964347839,shared_2l_dec_tail
7115,5.003541009500623,0.4292260855436325,4.466964863240719,shared_2l_dec_tail
7116,5.0265309400856495,0.4322498571127653,4.4857291504740715,shared_2l_dec_tail
7117,5.102122901007533,0.4295669496059418,4.564224975183606,shared_2l_dec_tail
7118,5.02946088090539,0.43463706970214844,4.4889370910823345,shared_2l_dec_tail
7119,4.9056741409003735,0.4303161986172199,4.371243994683027,shared_2l_dec_tail
7120,5.018586991354823,0.43179700151085854,4.480418050661683,shared_2l_dec_tail
7121,4.950394853949547,0.42748404666781425,4.417766816914082,shared_2l_dec_tail
7122,5.060589872300625,0.4294679965823889,4.524140851572156,shared_2l_dec_tail
7123,4.9485741183161736,0.4317059647291899,4.410678055137396,shared_2l_dec_tail
7124,5.050089908763766,0.4286300390958786,4.515199922025204,shared_2l_dec_tail
7125,5.634709028527141,0.8830409497022629,4.630613140761852,shared_2l_dec_tail
7126,5.060777999460697,0.4250409547239542,4.527893150225282,shared_2l_dec_tail
7127,5.05659100599587,0.42865797877311707,4.520614165812731,shared_2l_dec_tail
7128,5.067538935691118,0.4344000481069088,4.526550881564617,shared_2l_dec_tail
7129,5.064310971647501,0.4243450239300728,4.532885039225221,shared_2l_dec_tail
7130,4.988272907212377,0.42524305172264576,4.454941023141146,shared_2l_dec_tail
7131,5.0331889651715755,0.4309241194278002,4.4962819665670395,shared_2l_dec_tail
7132,4.941482096910477,0.4349779337644577,4.399515222758055,shared_2l_dec_tail
7133,4.97558806091547,0.43013901449739933,4.439658019691706,shared_2l_dec_tail
7134,5.050200037658215,0.42903306894004345,4.513966850936413,shared_2l_dec_tail
7135,4.956049146130681,0.43065985664725304,4.417742136865854,shared_2l_dec_tail
7136,5.035561043769121,0.43156417086720467,4.497351823374629,shared_2l_dec_tail
7137,4.953188821673393,0.43147290125489235,4.415371920913458,shared_2l_dec_tail
7138,5.045140162110329,0.43099699541926384,4.508022917434573,shared_2l_dec_tail
7139,4.98272106051445,0.4258989356458187,4.449790110811591,shared_2l_dec_tail
7140,5.0074339378625154,0.4278961569070816,4.474245943129063,shared_2l_dec_tail
7141,5.642704898491502,0.868914881721139,4.654681077226996,shared_2l_dec_tail
7142,5.019661970436573,0.4304950125515461,4.481337033212185,shared_2l_dec_tail
7143,4.999578930437565,0.4269448108971119,4.467243095859885,shared_2l_dec_tail
7144,4.957479890435934,0.4234050866216421,4.4293159153312445,shared_2l_dec_tail
7145,5.02744410187006,0.4223769064992666,4.49786800891161,shared_2l_dec_tail
7146,4.935940960422158,0.4190509207546711,4.413230111822486,shared_2l_dec_tail
7147,4.9870319198817015,0.4266828764230013,4.452262073755264,shared_2l_dec_tail
7148,5.083999829366803,0.41718618012964725,4.559983965009451,shared_2l_dec_tail
7149,5.0314790569245815,0.4243419971317053,4.499571863561869,shared_2l_dec_tail
7150,4.9821611028164625,0.4213389474898577,4.454422974959016,shared_2l_dec_tail
7151,5.050946027040482,0.42492710053920746,4.519551992416382,shared_2l_dec_tail
7152,4.9968380481004715,0.4251010250300169,4.4632419012486935,shared_2l_dec_tail
7153,5.034423898905516,0.42527192272245884,4.502838011831045,shared_2l_dec_tail
7154,4.958355100825429,0.42471103370189667,4.4275999534875154,shared_2l_dec_tail
7155,5.037273978814483,0.42504514567553997,4.505988908931613,shared_2l_dec_tail
7156,4.9743379931896925,0.43856282718479633,4.423010163009167,shared_2l_dec_tail
7157,5.600121105089784,0.8728820830583572,4.607775015756488,shared_2l_dec_tail
7158,5.03507605753839,0.4277219995856285,4.498105030506849,shared_2l_dec_tail
7159,5.047164158895612,0.4317730199545622,4.501549061387777,shared_2l_dec_tail
7160,4.984484054148197,0.4285410977900028,4.4500879012048244,shared_2l_dec_tail
7161,5.046238889917731,0.42129610665142536,4.518130095675588,shared_2l_dec_tail
7162,5.013243993744254,0.4270568024367094,4.478564020246267,shared_2l_dec_tail
7163,5.024451995268464,0.4216628149151802,4.49515413492918,shared_2l_dec_tail
7164,4.9599281046539545,0.4259888082742691,4.426757106557488,shared_2l_dec_tail
7165,4.956868942826986,0.41715195402503014,4.433566005900502,shared_2l_dec_tail
7166,5.029523046687245,0.4233168438076973,4.498182097449899,shared_2l_dec_tail
7167,4.983845865353942,0.42077014222741127,4.456856055185199,shared_2l_dec_tail
7168,5.062956130132079,0.4197449889034033,4.536195890977979,shared_2l_dec_tail
7169,5.021370016038418,0.41966396383941174,4.4940009247511625,shared_2l_dec_tail
7170,4.9771880730986595,0.41718408465385437,4.452601773664355,shared_2l_dec_tail
7171,5.0605470314621925,0.42366492561995983,4.528906894847751,shared_2l_dec_tail
7172,5.004610167816281,0.4261250142008066,4.472331842407584,shared_2l_dec_tail
7173,5.621776916086674,0.8699609898030758,4.63275914080441,shared_2l_dec_tail
7174,5.002001998946071,0.43260492384433746,4.460406024008989,shared_2l_dec_tail
7175,5.022261058911681,0.42496505193412304,4.489132901653647,shared_2l_dec_tail
7176,5.049601895734668,0.42638019658625126,4.516459768638015,shared_2l_dec_tail
7177,4.976185970008373,0.42826798744499683,4.439830081537366,shared_2l_dec_tail
7178,5.056855967268348,0.4238139372318983,4.523830022662878,shared_2l_dec_tail
7179,4.929587012156844,0.43111108243465424,4.39082202501595,shared_2l_dec_tail
7180,4.976011114194989,0.42544491589069366,4.443050129339099,shared_2l_dec_tail
7181,5.0300671719014645,0.4207559395581484,4.501973045989871,shared_2l_dec_tail
7182,4.951514070853591,0.4219671245664358,4.422876052558422,shared_2l_dec_tail
7183,4.978582030162215,0.424728961661458,4.444786114618182,shared_2l_dec_tail
7184,5.021227989345789,0.4234248772263527,4.489823943004012,shared_2l_dec_tail
7185,5.001163808628917,0.4192320629954338,4.474465968087316,shared_2l_dec_tail
7186,5.034680012613535,0.41651795618236065,4.512307001277804,shared_2l_dec_tail
7187,4.992567002773285,0.41663600131869316,4.469156032428145,shared_2l_dec_tail
7188,5.02556492574513,0.41818409226834774,4.502125084400177,shared_2l_dec_tail
7189,5.623555043712258,0.8769880514591932,4.62692603468895,shared_2l_dec_tail
7190,5.0535649061203,0.43282099068164825,4.512247862294316,shared_2l_dec_tail
7191,4.97212796472013,0.42727706022560596,4.437237046658993,shared_2l_dec_tail
7192,4.983511986210942,0.43367804028093815,4.442936973646283,shared_2l_dec_tail
7193,5.0453972071409225,0.43291901238262653,4.504767945036292,shared_2l_dec_tail
7194,4.98226098716259,0.4298081621527672,4.445722792297602,shared_2l_dec_tail
7195,4.960690857842565,0.4285811446607113,4.427226958796382,shared_2l_dec_tail
7196,5.051880842074752,0.42757997289299965,4.517987137660384,shared_2l_dec_tail
7197,5.0361251924186945,0.42612082324922085,4.491914063692093,shared_2l_dec_tail
7198,4.988061031326652,0.42320298962295055,4.450347041711211,shared_2l_dec_tail
7199,4.9573080614209175,0.42292894795536995,4.428586922585964,shared_2l_dec_tail
7200,5.03812893293798,0.4219647962599993,4.4993741903454065,shared_2l_dec_tail
7201,4.973325878381729,0.418633921071887,4.44442592561245,shared_2l_dec_tail
7202,5.023880861699581,0.42235804721713066,4.495825851336122,shared_2l_dec_tail
7203,5.05114090628922,0.4187379963696003,4.518896108493209,shared_2l_dec_tail
7204,4.952243994921446,0.4240430425852537,4.4204669538885355,shared_2l_dec_tail
7205,5.613356828689575,0.873297918587923,4.621257074177265,shared_2l_dec_tail
7206,5.073270061984658,0.43574697338044643,4.529729951173067,shared_2l_dec_tail
7207,5.071747116744518,0.43762708082795143,4.5250291004776955,shared_2l_dec_tail
7208,4.981227917596698,0.43857889249920845,4.43582609295845,shared_2l_dec_tail
7209,5.099385976791382,0.43779308907687664,4.551893100142479,shared_2l_dec_tail
7210,4.974815063178539,0.42677484452724457,4.441261989995837,shared_2l_dec_tail
7211,5.079034017398953,0.44061988592147827,4.530852194875479,shared_2l_dec_tail
7212,5.015017930418253,0.4197899252176285,4.484418081119657,shared_2l_dec_tail
7213,5.041537107899785,0.4197419621050358,4.518768051639199,shared_2l_dec_tail
7214,5.021132063120604,0.4177361261099577,4.493181826546788,shared_2l_dec_tail
7215,5.002348916605115,0.4194278735667467,4.474987043067813,shared_2l_dec_tail
7216,5.0431599374860525,0.4191100597381592,4.5165198389440775,shared_2l_dec_tail
7217,5.05907298065722,0.4214090295135975,4.531765123829246,shared_2l_dec_tail
7218,5.04056503996253,0.4218749236315489,4.511535167694092,shared_2l_dec_tail
7219,5.016630049794912,0.4167640581727028,4.493989981710911,shared_2l_dec_tail
7220,4.9439710564911366,0.42576598934829235,4.4130811002105474,shared_2l_dec_tail
7221,5.6517410557717085,0.8714739233255386,4.6610350254923105,shared_2l_dec_tail
7222,5.040061892941594,0.42856507934629917,4.504297859966755,shared_2l_dec_tail
7223,4.980000900104642,0.43271807953715324,4.440065938979387,shared_2l_dec_tail
7224,5.090747028589249,0.4337979480624199,4.545453004539013,shared_2l_dec_tail
7225,5.055970046669245,0.4205489531159401,4.524280084297061,shared_2l_dec_tail
7226,4.988165106624365,0.42219599708914757,4.453846951946616,shared_2l_dec_tail
7227,5.039168056100607,0.4240169655531645,4.507134901359677,shared_2l_dec_tail
7228,5.024994956329465,0.4231568891555071,4.493358079344034,shared_2l_dec_tail
7229,4.987502004951239,0.4248758777976036,4.456354072317481,shared_2l_dec_tail
7230,5.031397799029946,0.4188590683043003,4.505309974774718,shared_2l_dec_tail
7231,5.02466200850904,0.42421091347932816,4.493846092373133,shared_2l_dec_tail
7232,4.956624936312437,0.4250612109899521,4.427699837833643,shared_2l_dec_tail
7233,5.051268031820655,0.4223890136927366,4.522383911535144,shared_2l_dec_tail
7234,4.9633358139544725,0.42159599252045155,4.435548093169928,shared_2l_dec_tail
7235,4.973662085831165,0.42272708378732204,4.4446769170463085,shared_2l_dec_tail
7236,5.048781167715788,0.4192851483821869,4.522288916632533,shared_2l_dec_tail
7237,5.8667699340730906,1.0841870680451393,4.661116050556302,shared_2l_dec_tail
7238,5.11318095959723,0.43206289410591125,4.573459038510919,shared_2l_dec_tail
7239,4.997303010895848,0.432377215474844,4.458006005734205,shared_2l_dec_tail
7240,5.066012963652611,0.4284239839762449,4.530886188149452,shared_2l_dec_tail
7241,5.048144841566682,0.4235641099512577,4.518166882917285,shared_2l_dec_tail
7242,5.067561054602265,0.4217270761728287,4.538872977718711,shared_2l_dec_tail
7243,5.001031095162034,0.42286282405257225,4.469982115551829,shared_2l_dec_tail
7244,5.0636171363294125,0.42252102866768837,4.535236861556768,shared_2l_dec_tail
7245,4.972949856892228,0.4235899541527033,4.441872937604785,shared_2l_dec_tail
7246,5.03615103662014,0.42222090996801853,4.507228033617139,shared_2l_dec_tail
7247,5.036047892645001,0.4288072232156992,4.499732982367277,shared_2l_dec_tail
7248,5.0391219556331635,0.43668411672115326,4.495792789384723,shared_2l_dec_tail
7249,5.017832154408097,0.4400629550218582,4.469922976568341,shared_2l_dec_tail
7250,5.044981138780713,0.42901397682726383,4.508583107963204,shared_2l_dec_tail
7251,4.979363875463605,0.43678306974470615,4.4369560200721025,shared_2l_dec_tail
7252,5.052943015471101,0.43430086225271225,4.511705134063959,shared_2l_dec_tail
7253,5.659068934619427,0.8866491261869669,4.650401882827282,shared_2l_dec_tail
7254,5.0889779813587666,0.4261189606040716,4.554098937660456,shared_2l_dec_tail
7255,5.045878933742642,0.4243091680109501,4.514056956395507,shared_2l_dec_tail
7256,5.073182052001357,0.4304249305278063,4.535450134426355,shared_2l_dec_tail
7257,4.978941986337304,0.4314261022955179,4.440793069079518,shared_2l_dec_tail
7258,5.058374023064971,0.42967009358108044,4.520359914749861,shared_2l_dec_tail
7259,4.97093191370368,0.43919007293879986,4.4235000386834145,shared_2l_dec_tail
7260,5.055223125964403,0.43076719157397747,4.51615103520453,shared_2l_dec_tail
7261,5.024177022278309,0.4376599099487066,4.479698138311505,shared_2l_dec_tail
7262,5.069095175713301,0.43601496145129204,4.526203963905573,shared_2l_dec_tail
7263,4.975847899913788,0.4333159886300564,4.435044014826417,shared_2l_dec_tail
7264,5.060767056420445,0.43409806676208973,4.519058857113123,shared_2l_dec_tail
7265,4.977041156962514,0.4298591520637274,4.440671997144818,shared_2l_dec_tail
7266,5.0289670471102,0.427252147346735,4.495065892115235,shared_2l_dec_tail
7267,4.972352180629969,0.4317800048738718,4.434622824192047,shared_2l_dec_tail
7268,5.007060011848807,0.4296249244362116,4.470505053177476,shared_2l_dec_tail
7269,5.6620698887854815,0.8893089834600687,4.651833092793822,shared_2l_dec_tail
7270,5.092134000733495,0.44603715650737286,4.537084838375449,shared_2l_dec_tail
7271,5.053709028288722,0.43694209307432175,4.508767975494266,shared_2l_dec_tail
7272,5.027676932513714,0.4416080191731453,4.4812660198658705,shared_2l_dec_tail
7273,5.029876949265599,0.4307180643081665,4.494463792070746,shared_2l_dec_tail
7274,5.077973008155823,0.4362128674983978,4.535820102319121,shared_2l_dec_tail
7275,4.969587083905935,0.4312519449740648,4.430933855473995,shared_2l_dec_tail
7276,5.058584967628121,0.4366429056972265,4.514723084867001,shared_2l_dec_tail
7277,5.071772029623389,0.43550506234169006,4.5249490067362785,shared_2l_dec_tail
7278,5.043433979153633,0.4213191568851471,4.510996863245964,shared_2l_dec_tail
7279,5.006395047530532,0.4210839979350567,4.474492976441979,shared_2l_dec_tail
7280,5.060331895947456,0.4278048872947693,4.526469158008695,shared_2l_dec_tail
7281,4.991642897948623,0.42268121615052223,4.463552962988615,shared_2l_dec_tail
7282,4.9652468878775835,0.42352289892733097,4.435307113453746,shared_2l_dec_tail
7283,5.092230159789324,0.4348771180957556,4.549965960904956,shared_2l_dec_tail
7284,4.974181996658444,0.42269984260201454,4.444301128387451,shared_2l_dec_tail
7285,5.643908167257905,0.8768939878791571,4.64100600220263,shared_2l_dec_tail
7286,5.06015308201313,0.4387961234897375,4.513689083978534,shared_2l_dec_tail
7287,4.987523891031742,0.43115695007145405,4.451150074601173,shared_2l_dec_tail
7288,5.07122790440917,0.4376817960292101,4.52498416416347,shared_2l_dec_tail
7289,4.973707953467965,0.4244919400662184,4.438762087374926,shared_2l_dec_tail
7290,5.0653868820518255,0.427094055339694,4.52558696269989,shared_2l_dec_tail
7291,5.018522962927818,0.424237921833992,4.490871913731098,shared_2l_dec_tail
7292,4.954528994858265,0.41945092380046844,4.425320075824857,shared_2l_dec_tail
7293,4.994709976017475,0.4205710720270872,4.463051911443472,shared_2l_dec_tail
7294,5.038892151787877,0.42553385719656944,4.501707153394818,shared_2l_dec_tail
7295,4.977927077561617,0.4232148639857769,4.4477281626313925,shared_2l_dec_tail
7296,5.044916877523065,0.4300179425626993,4.507642006501555,shared_2l_dec_tail
7297,5.01893600448966,0.4232360515743494,4.487744066864252,shared_2l_dec_tail
7298,5.004830192774534,0.42941910214722157,4.4696449767798185,shared_2l_dec_tail
7299,5.0495348405092955,0.42746285907924175,4.515550099313259,shared_2l_dec_tail
7300,5.030340980738401,0.4316370468586683,4.493334796279669,shared_2l_dec_tail
7301,5.630517145618796,0.870574964210391,4.640622995793819,shared_2l_dec_tail
7302,5.039965966716409,0.4383879713714123,4.493840970098972,shared_2l_dec_tail
7303,5.013167159631848,0.4321848973631859,4.473497159779072,shared_2l_dec_tail
7304,5.081417970359325,0.43506501242518425,4.537118133157492,shared_2l_dec_tail
7305,4.96592978015542,0.42448309250175953,4.436993971467018,shared_2l_dec_tail
7306,4.9484779592603445,0.42535201646387577,4.41738311201334,shared_2l_dec_tail
7307,5.058706039562821,0.43016113340854645,4.518203902989626,shared_2l_dec_tail
7308,4.994968883693218,0.4360030870884657,4.444550955668092,shared_2l_dec_tail
7309,5.0333901308476925,0.42325095273554325,4.504519049078226,shared_2l_dec_tail
7310,4.994780058041215,0.42234291322529316,4.463935038074851,shared_2l_dec_tail
7311,5.034659989178181,0.42962399311363697,4.499329021200538,shared_2l_dec_tail
7312,4.942470928654075,0.4244009032845497,4.415586125105619,shared_2l_dec_tail
7313,5.0186170265078545,0.42785308323800564,4.480147967115045,shared_2l_dec_tail
7314,5.0354208797216415,0.4259808920323849,4.503036150708795,shared_2l_dec_tail
7315,5.0206538289785385,0.4221750423312187,4.492579959332943,shared_2l_dec_tail
7316,4.967356799170375,0.42673596180975437,4.433922003954649,shared_2l_dec_tail
7317,5.6573571637272835,0.8917318191379309,4.644040018320084,shared_2l_dec_tail
7318,5.055145127698779,0.4432029090821743,4.504171898588538,shared_2l_dec_tail
7319,4.993688082322478,0.4355800338089466,4.44911397062242,shared_2l_dec_tail
7320,5.062001990154386,0.4341250751167536,4.521279828622937,shared_2l_dec_tail
7321,4.975636955350637,0.4315080586820841,4.437664989382029,shared_2l_dec_tail
7322,5.030371015891433,0.43358211405575275,4.4911939185112715,shared_2l_dec_tail
7323,5.019651958718896,0.4379800520837307,4.473773995414376,shared_2l_dec_tail
7324,5.080359056591988,0.43548201210796833,4.535948159173131,shared_2l_dec_tail
7325,4.978637909516692,0.42382790707051754,4.441083176061511,shared_2l_dec_tail
7326,5.047318991273642,0.42507797479629517,4.512222018092871,shared_2l_dec_tail
7327,5.056559108197689,0.423625810071826,4.526501055806875,shared_2l_dec_tail
7328,4.966935841366649,0.4276989493519068,4.432054003700614,shared_2l_dec_tail
7329,5.016541108489037,0.427961815148592,4.482111195102334,shared_2l_dec_tail
7330,4.932330921292305,0.43183378875255585,4.392343107610941,shared_2l_dec_tail
7331,5.035619018599391,0.42750313878059387,4.500136012211442,shared_2l_dec_tail
7332,5.078068934381008,0.42594713158905506,4.545355914160609,shared_2l_dec_tail
7333,5.661905976012349,0.8777759503573179,4.661924904212356,shared_2l_dec_tail
7334,5.0974958576262,0.43847085908055305,4.551385995000601,shared_2l_dec_tail
7335,4.976435098797083,0.42366795241832733,4.441396100446582,shared_2l_dec_tail
7336,5.069285165518522,0.43462892062962055,4.526007222011685,shared_2l_dec_tail
7337,5.025339080020785,0.43014693073928356,4.484171979129314,shared_2l_dec_tail
7338,5.044798133894801,0.426245154812932,4.512015962973237,shared_2l_dec_tail
7339,5.0214980728924274,0.42416714131832123,4.490239080041647,shared_2l_dec_tail
7340,5.016610026359558,0.4257818218320608,4.485919140279293,shared_2l_dec_tail
7341,4.979500081390142,0.42604701593518257,4.447459010407329,shared_2l_dec_tail
7342,4.963207989931107,0.42250589467585087,4.433525027707219,shared_2l_dec_tail
7343,5.048682913184166,0.4251808859407902,4.516236018389463,shared_2l_dec_tail
7344,4.944200161844492,0.4254519008100033,4.411935107782483,shared_2l_dec_tail
7345,5.023323930799961,0.424110796302557,4.491436993703246,shared_2l_dec_tail
7346,4.95848199352622,0.4252190701663494,4.4265310280025005,shared_2l_dec_tail
7347,5.044232122600079,0.4279471468180418,4.508544923737645,shared_2l_dec_tail
7348,4.951732000336051,0.4208069294691086,4.424704005941749,shared_2l_dec_tail
7349,5.6398899760097265,0.8717330638319254,4.646284971386194,shared_2l_dec_tail
7350,5.11180586181581,0.44234911911189556,4.5617499854415655,shared_2l_dec_tail
7351,5.097093991935253,0.4389749374240637,4.547140095382929,shared_2l_dec_tail
7352,4.975822987034917,0.4238630644977093,4.443014040589333,shared_2l_dec_tail
7353,5.052634980529547,0.42382488027215004,4.523382987827063,shared_2l_dec_tail
7354,4.961346974596381,0.42453897185623646,4.423846025019884,shared_2l_dec_tail
7355,5.001686047762632,0.42950198985636234,4.463978810235858,shared_2l_dec_tail
7356,5.054309964179993,0.42402511462569237,4.519077949225903,shared_2l_dec_tail
7357,5.0709310453385115,0.4264158196747303,4.5356531627476215,shared_2l_dec_tail
7358,5.0694739911705256,0.42973505333065987,4.532716935500503,shared_2l_dec_tail
7359,5.070022074505687,0.4292740486562252,4.53550205565989,shared_2l_dec_tail
7360,5.053632892668247,0.4342128522694111,4.51355311088264,shared_2l_dec_tail
7361,5.075457040220499,0.42673596180975437,4.542791051790118,shared_2l_dec_tail
7362,5.086021963506937,0.4285229369997978,4.5497119426727295,shared_2l_dec_tail
7363,4.982758080586791,0.4323639441281557,4.442852921783924,shared_2l_dec_tail
7364,5.072487983852625,0.4274121019989252,4.536798922345042,shared_2l_dec_tail
7365,5.674047162756324,0.8852661121636629,4.668473033234477,shared_2l_dec_tail
7366,5.064595956355333,0.4329727962613106,4.523647017776966,shared_2l_dec_tail
7367,5.053246859461069,0.43317489326000214,4.51222900301218,shared_2l_dec_tail
7368,5.004075821489096,0.42982911691069603,4.465743899345398,shared_2l_dec_tail
7369,5.081851035356522,0.4386729560792446,4.534769104793668,shared_2l_dec_tail
7370,5.0093987956643105,0.4264521412551403,4.4746408239007,shared_2l_dec_tail
7371,5.0696630496531725,0.43140980415046215,4.531307145953178,shared_2l_dec_tail
7372,4.973951959982514,0.4355658311396837,4.431491019204259,shared_2l_dec_tail
7373,5.015302915126085,0.4371230024844408,4.4713071547448635,shared_2l_dec_tail
7374,4.99749300070107,0.4358389414846897,4.456287948414683,shared_2l_dec_tail
7375,5.0254641100764275,0.43735490180552006,4.483086988329887,shared_2l_dec_tail
7376,5.027549108490348,0.4364349879324436,4.486354999244213,shared_2l_dec_tail
7377,5.030346801504493,0.4308018833398819,4.491953179240227,shared_2l_dec_tail
7378,5.047105951234698,0.43432717211544514,4.5066578313708305,shared_2l_dec_tail
7379,5.0732658710330725,0.4324940964579582,4.532729974016547,shared_2l_dec_tail
7380,5.049753934144974,0.42726611718535423,4.513863939791918,shared_2l_dec_tail
7381,5.6736811529845,0.875488156452775,4.6762218698859215,shared_2l_dec_tail
7382,5.078335991129279,0.43521192856132984,4.536165157333016,shared_2l_dec_tail
7383,4.999432014301419,0.4377060104161501,4.455770133063197,shared_2l_dec_tail
7384,5.056150024756789,0.4344601184129715,4.513212945312262,shared_2l_dec_tail
7385,4.992161877453327,0.43461890891194344,4.449642961844802,shared_2l_dec_tail
7386,5.0464968662709,0.43742405250668526,4.504063865169883,shared_2l_dec_tail
7387,5.035996902734041,0.44228695333004,4.488250939175487,shared_2l_dec_tail
7388,5.049769999459386,0.43112109415233135,4.511159844696522,shared_2l_dec_tail
7389,4.9965528305619955,0.4336799029260874,4.454819019883871,shared_2l_dec_tail
7390,5.078405141830444,0.4329858347773552,4.534482024610043,shared_2l_dec_tail
7391,4.956420976668596,0.4269680939614773,4.4232329819351435,shared_2l_dec_tail
7392,5.0620948895812035,0.43158605694770813,4.519340815022588,shared_2l_dec_tail
7393,4.9713419284671545,0.42518205009400845,4.433313151821494,shared_2l_dec_tail
7394,5.100781098008156,0.43591391295194626,4.557630978524685,shared_2l_dec_tail
7395,5.0368220545351505,0.43173995800316334,4.498156951740384,shared_2l_dec_tail
7396,5.072206957265735,0.42372802272439003,4.5400571543723345,shared_2l_dec_tail
7397,5.627166945487261,0.8732150308787823,4.634527955204248,shared_2l_dec_tail
7398,5.084168864414096,0.4403551574796438,4.536664811894298,shared_2l_dec_tail
7399,5.0560650415718555,0.4414329305291176,4.499244038015604,shared_2l_dec_tail
7400,5.070738028734922,0.42151496745646,4.5417421497404575,shared_2l_dec_tail
7401,5.019939970225096,0.42672292329370975,4.487517988309264,shared_2l_dec_tail
7402,5.061263917014003,0.4270251374691725,4.527084995061159,shared_2l_dec_tail
7403,5.006117047742009,0.4340331070125103,4.4654549565166235,shared_2l_dec_tail
7404,5.067890044301748,0.4227377939969301,4.537882981821895,shared_2l_dec_tail
7405,4.980531055480242,0.4318349529057741,4.442082019522786,shared_2l_dec_tail
7406,5.067562917247415,0.4304000176489353,4.5310319401323795,shared_2l_dec_tail
7407,5.039755953475833,0.4240230191498995,4.508324898779392,shared_2l_dec_tail
7408,4.995394963771105,0.42378809303045273,4.464408848434687,shared_2l_dec_tail
7409,5.065229954198003,0.42237783782184124,4.537464119493961,shared_2l_dec_tail
7410,5.049627972766757,0.4286710172891617,4.513649037107825,shared_2l_dec_tail
7411,5.001456942409277,0.42265094816684723,4.472194937989116,shared_2l_dec_tail
7412,5.062730982899666,0.42976485565304756,4.5257690362632275,shared_2l_dec_tail
7413,5.655915010720491,0.8792940061539412,4.655267111957073,shared_2l_dec_tail
7414,5.085207987576723,0.43579796329140663,4.540920024737716,shared_2l_dec_tail
7415,4.998096032068133,0.42766216211020947,4.463569028303027,shared_2l_dec_tail
7416,5.070980871096253,0.4314580000936985,4.533499013632536,shared_2l_dec_tail
7417,5.0479520577937365,0.426693819463253,4.515995969995856,shared_2l_dec_tail
7418,4.985974868759513,0.42116688564419746,4.455219022929668,shared_2l_dec_tail
7419,5.021699005737901,0.4223468713462353,4.4926481787115335,shared_2l_dec_tail
7420,5.068325903266668,0.42639486491680145,4.53419703990221,shared_2l_dec_tail
7421,5.00310305505991,0.4403728526085615,4.456880036741495,shared_2l_dec_tail
7422,5.087241996079683,0.43410202488303185,4.547404823824763,shared_2l_dec_tail
7423,4.960040096193552,0.4358929581940174,4.4179928954690695,shared_2l_dec_tail
7424,5.074862157925963,0.4347669892013073,4.533062223345041,shared_2l_dec_tail
7425,5.0762060564011335,0.44614309445023537,4.523023962974548,shared_2l_dec_tail
7426,5.051591899245977,0.44077611528337,4.502705065533519,shared_2l_dec_tail
7427,4.992675967514515,0.4340400919318199,4.452599911019206,shared_2l_dec_tail
7428,5.062588024884462,0.433807959780097,4.521751077845693,shared_2l_dec_tail
7429,5.6506970431655645,0.8805450052022934,4.649305017665029,shared_2l_dec_tail
7430,5.078261019662023,0.43897214345633984,4.531558835878968,shared_2l_dec_tail
7431,5.022936966270208,0.4427940584719181,4.47390484623611,shared_2l_dec_tail
7432,5.064123077318072,0.4386589862406254,4.518250003457069,shared_2l_dec_tail
7433,5.056933965533972,0.44103991240262985,4.510210128501058,shared_2l_dec_tail
7434,5.011461209505796,0.43864501640200615,4.4664929155260324,shared_2l_dec_tail
7435,4.974256036803126,0.44261384755373,4.4244700111448765,shared_2l_dec_tail
7436,5.057136993855238,0.44152303598821163,4.509035963565111,shared_2l_dec_tail
7437,5.004489095881581,0.433220062404871,4.464172059670091,shared_2l_dec_tail
7438,5.035219946876168,0.4282670561224222,4.498496884480119,shared_2l_dec_tail
7439,4.9820151180028915,0.4334899131208658,4.442006116732955,shared_2l_dec_tail
7440,5.043325014412403,0.44160010293126106,4.490647930651903,shared_2l_dec_tail
7441,5.071218824014068,0.4251960199326277,4.534975858405232,shared_2l_dec_tail
7442,5.048620048910379,0.42814621701836586,4.513031803071499,shared_2l_dec_tail
7443,4.962095990777016,0.42746285907924175,4.427917068824172,shared_2l_dec_tail
7444,5.016040988266468,0.4211359191685915,4.487739875912666,shared_2l_dec_tail
7445,5.638384958729148,0.8782818913459778,4.638975020498037,shared_2l_dec_tail
7446,5.091316066682339,0.43812813237309456,4.546265816316009,shared_2l_dec_tail
7447,5.036390153691173,0.4441640339791775,4.485120996832848,shared_2l_dec_tail
7448,5.060043185949326,0.43373205699026585,4.518410889431834,shared_2l_dec_tail
7449,4.97676501981914,0.4241608548909426,4.441772121936083,shared_2l_dec_tail
7450,5.075010005384684,0.4352489486336708,4.530805861577392,shared_2l_dec_tail
7451,4.956651944667101,0.429593026638031,4.414236871525645,shared_2l_dec_tail
7452,5.02926018089056,0.4274060484021902,4.498515045270324,shared_2l_dec_tail
7453,4.954339936375618,0.42999093420803547,4.4141109101474285,shared_2l_dec_tail
7454,5.042086122557521,0.4278658889234066,4.510550061240792,shared_2l_dec_tail
7455,4.9671209417283535,0.4291939549148083,4.424334969371557,shared_2l_dec_tail
7456,5.065497942268848,0.4317150451242924,4.5268419198691845,shared_2l_dec_tail
7457,4.9478409346193075,0.4299669526517391,4.413546063005924,shared_2l_dec_tail
7458,5.072372034192085,0.4240230191498995,4.543321905657649,shared_2l_dec_tail
7459,4.999460885301232,0.43255300261080265,4.413607995957136,shared_2l_dec_tail
7460,5.132719874382019,0.4661460407078266,4.539493937045336,shared_2l_dec_tail
7461,5.64478081651032,0.8908479940146208,4.6348269097507,shared_2l_dec_tail
7462,4.9929150845855474,0.441873911768198,4.443512065336108,shared_2l_dec_tail
7463,5.070951068773866,0.43307989835739136,4.526698030531406,shared_2l_dec_tail
7464,5.086404038593173,0.4368601366877556,4.541351925581694,shared_2l_dec_tail
7465,4.986033076420426,0.43048011139035225,4.448266001418233,shared_2l_dec_tail
7466,5.070539889857173,0.43512810952961445,4.529448924586177,shared_2l_dec_tail
7467,5.0104891415685415,0.4326209891587496,4.470496904104948,shared_2l_dec_tail
7468,5.001035053282976,0.42998604476451874,4.464286845177412,shared_2l_dec_tail
7469,5.068026948720217,0.4316079430282116,4.529939964413643,shared_2l_dec_tail
7470,5.036243936046958,0.4304142203181982,4.499506903812289,shared_2l_dec_tail
7471,4.993167007341981,0.4348380025476217,4.45258803665638,shared_2l_dec_tail
7472,4.986413987353444,0.43339189141988754,4.447357030585408,shared_2l_dec_tail
7473,5.0438521429896355,0.4280318971723318,4.510493017733097,shared_2l_dec_tail
7474,4.95287193916738,0.4284030292183161,4.4187630992382765,shared_2l_dec_tail
7475,5.067900056019425,0.4278840497136116,4.531630082055926,shared_2l_dec_tail
7476,5.066276993602514,0.4335641860961914,4.525377880781889,shared_2l_dec_tail
7477,5.635024048388004,0.8823580574244261,4.632071824744344,shared_2l_dec_tail
7478,5.064907018095255,0.4371730610728264,4.518456058576703,shared_2l_dec_tail
7479,4.986291052773595,0.429344130679965,4.448683001101017,shared_2l_dec_tail
7480,5.049555096775293,0.43434416875243187,4.506588913500309,shared_2l_dec_tail
7481,5.077151115983725,0.43034693226218224,4.53968090005219,shared_2l_dec_tail
7482,5.01899397931993,0.43446291238069534,4.476774018257856,shared_2l_dec_tail
7483,4.985086852684617,0.4369949456304312,4.4411050621420145,shared_2l_dec_tail
7484,5.07837999612093,0.43498585000634193,4.537820117548108,shared_2l_dec_tail
7485,4.994724877178669,0.4302919842302799,4.456798080354929,shared_2l_dec_tail
7486,5.061530973762274,0.42721000500023365,4.525928990915418,shared_2l_dec_tail
7487,5.020038923248649,0.43138093315064907,4.48256591334939,shared_2l_dec_tail
7488,4.987860098481178,0.43543195351958275,4.447533981874585,shared_2l_dec_tail
7489,5.05966111086309,0.43177278712391853,4.521562019363046,shared_2l_dec_tail
7490,4.978196928277612,0.43970788829028606,4.431372974067926,shared_2l_dec_tail
7491,5.053036846220493,0.4396759904921055,4.506377968937159,shared_2l_dec_tail
7492,5.031445994973183,0.44571817852556705,4.479090915992856,shared_2l_dec_tail
7493,5.64317312091589,0.8747531101107597,4.648055881261826,shared_2l_dec_tail
7494,5.094331922009587,0.4386680666357279,4.548119846731424,shared_2l_dec_tail
7495,5.024570040404797,0.43117906898260117,4.485964076593518,shared_2l_dec_tail
7496,5.0541069358587265,0.4334899131208658,4.513592924922705,shared_2l_dec_tail
7497,5.064387107267976,0.4447139799594879,4.512888146564364,shared_2l_dec_tail
7498,4.988579079508781,0.44355099089443684,4.43699792958796,shared_2l_dec_tail
7499,5.085706943646073,0.43876515701413155,4.539875779300928,shared_2l_dec_tail
7500,4.996536998078227,0.436968170106411,4.454914014786482,shared_2l_dec_tail
7501,5.501904059201479,0.6597889587283134,4.735331982374191,shared_2l_dec_tail
7502,5.1049350295215845,0.43265195563435555,4.566132090985775,shared_2l_dec_tail
7503,5.026014056056738,0.43580890633165836,4.4809801038354635,shared_2l_dec_tail
7504,5.057214060798287,0.4272940568625927,4.522476112470031,shared_2l_dec_tail
7505,5.06756897084415,0.4313020035624504,4.528668941929936,shared_2l_dec_tail
7506,5.037768976762891,0.42748008854687214,4.503963049501181,shared_2l_dec_tail
7507,4.970113979652524,0.42786402627825737,4.435488022863865,shared_2l_dec_tail
7508,5.0229530315846205,0.4306978080421686,4.484259057790041,shared_2l_dec_tail
7509,5.637028021737933,0.8897110819816589,4.625905072316527,shared_2l_dec_tail
7510,5.092427134513855,0.43314206413924694,4.55183582380414,shared_2l_dec_tail
7511,5.033764988183975,0.4359879530966282,4.487378988415003,shared_2l_dec_tail
7512,5.06626209244132,0.432346947491169,4.527003038674593,shared_2l_dec_tail
7513,5.050573963671923,0.4287289921194315,4.514633910730481,shared_2l_dec_tail
7514,4.9624519888311625,0.4341609310358763,4.42358897998929,shared_2l_dec_tail
7515,5.0089790020138025,0.43250899761915207,4.469341831281781,shared_2l_dec_tail
7516,5.057864123955369,0.42873481288552284,4.5221850741654634,shared_2l_dec_tail
7517,5.018929019570351,0.42700604535639286,4.485215060412884,shared_2l_dec_tail
7518,5.042949924245477,0.43031107634305954,4.508328856900334,shared_2l_dec_tail
7519,4.979169927537441,0.43069804087281227,4.441279917955399,shared_2l_dec_tail
7520,5.102897994220257,0.4310228396207094,4.566119983792305,shared_2l_dec_tail
7521,4.982265876606107,0.44236890971660614,4.434654023498297,shared_2l_dec_tail
7522,5.038485862314701,0.43934606947004795,4.491189029067755,shared_2l_dec_tail
7523,5.02076605334878,0.4367928486317396,4.477348178625107,shared_2l_dec_tail
7524,5.084712989628315,0.4362659528851509,4.540818044915795,shared_2l_dec_tail
7525,5.697394022718072,0.8912049233913422,4.684831947088242,shared_2l_dec_tail
7526,5.120852030813694,0.436695059761405,4.575294908136129,shared_2l_dec_tail
7527,5.054962122812867,0.44508115388453007,4.502513911575079,shared_2l_dec_tail
7528,5.103838862851262,0.4451470449566841,4.5526111498475075,shared_2l_dec_tail
7529,5.088826175779104,0.4448099061846733,4.5366280246526,shared_2l_dec_tail
7530,5.0721550360322,0.4419269971549511,4.523535957559943,shared_2l_dec_tail
7531,5.092038074508309,0.4438979085534811,4.5449999161064625,shared_2l_dec_tail
7532,5.066958023235202,0.4341511521488428,4.52625285834074,shared_2l_dec_tail
7533,5.0049580167979,0.4360130988061428,4.461806965991855,shared_2l_dec_tail
7534,5.03092585131526,0.4331790842115879,4.486829973757267,shared_2l_dec_tail
7535,5.099029978737235,0.4328549839556217,4.558444023132324,shared_2l_dec_tail
7536,5.04314387217164,0.4383849445730448,4.497955087572336,shared_2l_dec_tail
7537,5.115831037983298,0.4337478894740343,4.5747580006718636,shared_2l_dec_tail
7538,5.003880942240357,0.43602404184639454,4.4596518855541945,shared_2l_dec_tail
7539,5.078609101474285,0.4390040412545204,4.532525083050132,shared_2l_dec_tail
7540,5.086641991510987,0.43680984526872635,4.541044123470783,shared_2l_dec_tail
7541,5.6975590996444225,0.8828651625663042,4.69307298772037,shared_2l_dec_tail
7542,5.082621006295085,0.4355290438979864,4.537568893283606,shared_2l_dec_tail
7543,5.0464170053601265,0.4356321878731251,4.502424970269203,shared_2l_dec_tail
7544,5.068782949820161,0.4319378640502691,4.530009115114808,shared_2l_dec_tail
7545,5.038050934672356,0.4421551711857319,4.489131970331073,shared_2l_dec_tail
7546,5.0531059969216585,0.43865502811968327,4.5068368781358,shared_2l_dec_tail
7547,4.9530689138919115,0.43843407183885574,4.408071981742978,shared_2l_dec_tail
7548,5.003550089895725,0.44148904271423817,4.456448135897517,shared_2l_dec_tail
7549,5.081787938252091,0.4407500382512808,4.533351166173816,shared_2l_dec_tail
7550,5.002259975299239,0.44275098480284214,4.452710971236229,shared_2l_dec_tail
7551,5.088950041681528,0.4441558849066496,4.538339097052813,shared_2l_dec_tail
7552,4.95250103995204,0.4387260414659977,4.404959036037326,shared_2l_dec_tail
7553,5.0799131859093904,0.4481400828808546,4.526245873421431,shared_2l_dec_tail
7554,5.049110157415271,0.43938704766333103,4.5027779415249825,shared_2l_dec_tail
7555,5.003920989111066,0.43720309622585773,4.459264921024442,shared_2l_dec_tail
7556,5.02182706259191,0.4351779352873564,4.477652022615075,shared_2l_dec_tail
7557,5.654745036736131,0.8676450233906507,4.661740036681294,shared_2l_dec_tail
7558,5.136069841682911,0.45083509758114815,4.575751023367047,shared_2l_dec_tail
7559,5.096514010801911,0.45089307241141796,4.539326066151261,shared_2l_dec_tail
7560,5.03622111864388,0.4422019701451063,4.486778052523732,shared_2l_dec_tail
7561,5.088189151138067,0.44121500104665756,4.532736958935857,shared_2l_dec_tail
7562,5.014128051698208,0.4408550448715687,4.464984871447086,shared_2l_dec_tail
7563,5.062530981376767,0.43470109812915325,4.5210570096969604,shared_2l_dec_tail
7564,4.9359239637851715,0.43395813554525375,4.399982048198581,shared_2l_dec_tail
7565,4.999299068003893,0.43174694292247295,4.463830031454563,shared_2l_dec_tail
7566,5.069774808362126,0.4345059860497713,4.530478036031127,shared_2l_dec_tail
7567,4.958159988746047,0.4301310982555151,4.421972902491689,shared_2l_dec_tail
7568,5.021844059228897,0.4356019198894501,4.479805938899517,shared_2l_dec_tail
7569,5.071080988273025,0.4318319261074066,4.534305073320866,shared_2l_dec_tail
7570,5.017573945224285,0.43704197742044926,4.474912071600556,shared_2l_dec_tail
7571,5.088967038318515,0.43401308357715607,4.545781062915921,shared_2l_dec_tail
7572,5.066700046882033,0.43159699998795986,4.5276980381459,shared_2l_dec_tail
7573,5.6534078903496265,0.8894409984350204,4.647642839699984,shared_2l_dec_tail
7574,5.097982939332724,0.4370640963315964,4.5518099796026945,shared_2l_dec_tail
7575,5.062964046373963,0.43644499965012074,4.518406931310892,shared_2l_dec_tail
7576,5.068411119282246,0.43781381100416183,4.522628150880337,shared_2l_dec_tail
7577,5.040877033025026,0.4327339120209217,4.499868955463171,shared_2l_dec_tail
7578,5.071816965937614,0.43660891242325306,4.528559977188706,shared_2l_dec_tail
7579,5.052442895248532,0.4353669937700033,4.510156810283661,shared_2l_dec_tail
7580,4.985189996659756,0.4398999735713005,4.440748831257224,shared_2l_dec_tail
7581,5.06009696982801,0.44378009624779224,4.508669022470713,shared_2l_dec_tail
7582,5.013690097257495,0.4395819269120693,4.464931087568402,shared_2l_dec_tail
7583,5.042127100750804,0.4455540329217911,4.490438848733902,shared_2l_dec_tail
7584,4.98808897100389,0.44760690070688725,4.43283305503428,shared_2l_dec_tail
7585,5.0639561377465725,0.44621387496590614,4.510771948844194,shared_2l_dec_tail
7586,5.023064091801643,0.4465829115360975,4.469217965379357,shared_2l_dec_tail
7587,5.082891089841723,0.44623902067542076,4.52966196462512,shared_2l_dec_tail
7588,4.96329995803535,0.4401770420372486,4.416415933519602,shared_2l_dec_tail
7589,5.674652056768537,0.885913847014308,4.6679622028023005,shared_2l_dec_tail
7590,5.08631207048893,0.44226995669305325,4.536432912573218,shared_2l_dec_tail
7591,5.0060630310326815,0.4505931865423918,4.448749823495746,shared_2l_dec_tail
7592,5.079040070995688,0.44559407979249954,4.523764830082655,shared_2l_dec_tail
7593,5.044301971793175,0.4478821065276861,4.488587845116854,shared_2l_dec_tail
7594,5.087882978841662,0.45007397420704365,4.5295951422303915,shared_2l_dec_tail
7595,5.002829013392329,0.45066396705806255,4.44510392844677,shared_2l_dec_tail
7596,5.0933449529111385,0.4487638361752033,4.536752123385668,shared_2l_dec_tail
7597,4.96862200088799,0.44153816998004913,4.420785000547767,shared_2l_dec_tail
7598,5.077888024970889,0.43730810284614563,4.533902974799275,shared_2l_dec_tail
7599,4.977004136890173,0.4414019640535116,4.428955027833581,shared_2l_dec_tail
7600,5.0153720658272505,0.442383112385869,4.465373931452632,shared_2l_dec_tail
7601,5.080545088276267,0.4418250173330307,4.53610997647047,shared_2l_dec_tail
7602,5.044177873060107,0.43832696974277496,4.49985102750361,shared_2l_dec_tail
7603,4.976046970114112,0.43497211299836636,4.431047942489386,shared_2l_dec_tail
7604,5.019850097596645,0.43902499601244926,4.472785862162709,shared_2l_dec_tail
7605,5.637981928884983,0.8850549347698689,4.633716074749827,shared_2l_dec_tail
7606,5.089584039524198,0.4539710935205221,4.52773692086339,shared_2l_dec_tail
7607,4.993011010810733,0.44463295489549637,4.440957214683294,shared_2l_dec_tail
7608,5.09970891289413,0.4472609143704176,4.5439021196216345,shared_2l_dec_tail
7609,5.036371992900968,0.4425528459250927,4.483354045078158,shared_2l_dec_tail
7610,4.9993740394711494,0.443038996309042,4.442325094714761,shared_2l_dec_tail
7611,5.005145911127329,0.4358768928796053,4.457521950826049,shared_2l_dec_tail
7612,5.0152919720858335,0.4459950141608715,4.462403943762183,shared_2l_dec_tail
7613,5.051604937762022,0.4406620282679796,4.50415606610477,shared_2l_dec_tail
7614,5.071800202131271,0.44110999442636967,4.522938979789615,shared_2l_dec_tail
7615,4.965842003002763,0.43102819472551346,4.4280667789280415,shared_2l_dec_tail
7616,5.071338033303618,0.43131387792527676,4.532224033027887,shared_2l_dec_tail
7617,5.017671035602689,0.44500501826405525,4.464849131181836,shared_2l_dec_tail
7618,5.08852512575686,0.43709599412977695,4.545406904071569,shared_2l_dec_tail
7619,4.9820339772850275,0.43298397213220596,4.442742094397545,shared_2l_dec_tail
7620,5.039111012592912,0.43258583173155785,4.498669179156423,shared_2l_dec_tail
7621,5.65148307941854,0.897963996976614,4.630398936569691,shared_2l_dec_tail
7622,5.073437001556158,0.4467091057449579,4.519402980804443,shared_2l_dec_tail
7623,4.986730869859457,0.44201407581567764,4.440163960680366,shared_2l_dec_tail
7624,5.016624927520752,0.43363100849092007,4.4740550220012665,shared_2l_dec_tail
7625,5.090890917927027,0.44014700688421726,4.544225055724382,shared_2l_dec_tail
7626,5.058143986389041,0.43793790973722935,4.512051120400429,shared_2l_dec_tail
7627,5.016054958105087,0.4352449905127287,4.472482018172741,shared_2l_dec_tail
7628,5.066959885880351,0.43699005618691444,4.523224895820022,shared_2l_dec_tail
7629,4.96782804839313,0.44245203025639057,4.418659023940563,shared_2l_dec_tail
7630,5.077949957922101,0.44298218563199043,4.527950892224908,shared_2l_dec_tail
7631,4.995391936972737,0.43858098797500134,4.449495114386082,shared_2l_dec_tail
7632,5.073867971077561,0.4336030688136816,4.534203093498945,shared_2l_dec_tail
7633,4.990698071196675,0.4347842186689377,4.44945995695889,shared_2l_dec_tail
7634,5.072897067293525,0.4337849095463753,4.530906910076737,shared_2l_dec_tail
7635,5.07505820132792,0.4448920954018831,4.525023978203535,shared_2l_dec_tail
7636,4.971928894519806,0.4419551696628332,4.422536818310618,shared_2l_dec_tail
7637,5.666053155437112,0.8893799968063831,4.6552009880542755,shared_2l_dec_tail
7638,5.080020055174828,0.4469959530979395,4.524850053712726,shared_2l_dec_tail
7639,5.055329063907266,0.44693402014672756,4.501653136685491,shared_2l_dec_tail
7640,4.9969220999628305,0.44259103015065193,4.446042003110051,shared_2l_dec_tail
7641,5.079630063846707,0.4414231516420841,4.529695026576519,shared_2l_dec_tail
7642,5.003805039450526,0.4450881388038397,4.453309811651707,shared_2l_dec_tail
7643,5.097013898193836,0.44671911746263504,4.543124930933118,shared_2l_dec_tail
7644,5.079135997220874,0.45017292723059654,4.521186929196119,shared_2l_dec_tail
7645,5.032679997384548,0.45079109258949757,4.475551890209317,shared_2l_dec_tail
7646,5.084989825263619,0.45351008884608746,4.524337826296687,shared_2l_dec_tail
7647,5.052892025560141,0.4509009886533022,4.494339926168323,shared_2l_dec_tail
7648,5.066505167633295,0.4506290424615145,4.508337937295437,shared_2l_dec_tail
7649,4.985240986570716,0.4365108907222748,4.442334175109863,shared_2l_dec_tail
7650,5.053316010162234,0.4350030794739723,4.510589875280857,shared_2l_dec_tail
7651,4.965292988345027,0.43397420085966587,4.420846002176404,shared_2l_dec_tail
7652,5.06051885895431,0.432455213740468,4.5207098592072725,shared_2l_dec_tail
7653,5.679924041032791,0.8954410441219807,4.66353096999228,shared_2l_dec_tail
7654,5.109244957566261,0.45018899254500866,4.552413010969758,shared_2l_dec_tail
7655,5.020019132643938,0.44468999840319157,4.468359053134918,shared_2l_dec_tail
7656,5.089165177196264,0.45088818296790123,4.5315478928387165,shared_2l_dec_tail
7657,5.0503460224717855,0.43835793621838093,4.50590904802084,shared_2l_dec_tail
7658,5.042531993240118,0.43667806312441826,4.499316914007068,shared_2l_dec_tail
7659,5.07249403744936,0.435523921623826,4.529951140284538,shared_2l_dec_tail
7660,5.025350954383612,0.4372820258140564,4.4814120046794415,shared_2l_dec_tail
7661,5.058295093476772,0.43656094931066036,4.515036009252071,shared_2l_dec_tail
7662,5.094496998935938,0.4342570900917053,4.551531979814172,shared_2l_dec_tail
7663,5.029027117416263,0.4361348692327738,4.485964076593518,shared_2l_dec_tail
7664,5.108608864247799,0.43797213584184647,4.564068978652358,shared_2l_dec_tail
7665,5.033521912992001,0.4437570460140705,4.480195930227637,shared_2l_dec_tail
7666,5.115830805152655,0.44761993922293186,4.561551148071885,shared_2l_dec_tail
7667,5.024667829275131,0.4527790006250143,4.464520141482353,shared_2l_dec_tail
7668,5.105883115902543,0.4450289998203516,4.552582977339625,shared_2l_dec_tail
7669,5.688148085027933,0.8885050192475319,4.679072881117463,shared_2l_dec_tail
7670,5.101311951875687,0.4550169687718153,4.537872038781643,shared_2l_dec_tail
7671,5.074200918897986,0.45206700451672077,4.514550790190697,shared_2l_dec_tail
7672,5.03036193549633,0.453075161203742,4.468461964279413,shared_2l_dec_tail
7673,5.1058370154351,0.44948700815439224,4.5483100693672895,shared_2l_dec_tail
7674,5.010034888982773,0.45407889410853386,4.447786137461662,shared_2l_dec_tail
7675,5.092033883556724,0.45106816105544567,4.536756779998541,shared_2l_dec_tail
7676,5.034238798543811,0.43614301830530167,4.485392011702061,shared_2l_dec_tail
7677,5.028014071285725,0.43678213842213154,4.482880001887679,shared_2l_dec_tail
7678,5.038585048168898,0.4348279908299446,4.497440066188574,shared_2l_dec_tail
7679,4.962081788107753,0.439533032476902,4.416143987327814,shared_2l_dec_tail
7680,5.059774033725262,0.4359919112175703,4.516633925959468,shared_2l_dec_tail
7681,4.977100994437933,0.43617398478090763,4.4346582144498825,shared_2l_dec_tail
7682,5.044686142355204,0.4331700038164854,4.505807068198919,shared_2l_dec_tail
7683,4.974545910954475,0.4313590470701456,4.43800282664597,shared_2l_dec_tail
7684,5.044061923399568,0.43229316361248493,4.504577023908496,shared_2l_dec_tail
7685,5.628451006487012,0.8981330320239067,4.611368989571929,shared_2l_dec_tail
7686,5.031767068430781,0.45358692295849323,4.469709005206823,shared_2l_dec_tail
7687,5.143040092661977,0.44714496470987797,4.5863420236855745,shared_2l_dec_tail
7688,5.051878048107028,0.4433048889040947,4.5018671080470085,shared_2l_dec_tail
7689,4.967723973095417,0.437332084402442,4.423219012096524,shared_2l_dec_tail
7690,5.027338862419128,0.43491111136972904,4.484453005716205,shared_2l_dec_tail
7691,5.086618009954691,0.435082009062171,4.545385017991066,shared_2l_dec_tail
7692,5.042393924668431,0.4446550738066435,4.4919399078935385,shared_2l_dec_tail
7693,5.103016970679164,0.43827900663018227,4.557947861030698,shared_2l_dec_tail
7694,5.022207973524928,0.43800403364002705,4.477235022932291,shared_2l_dec_tail
7695,5.065364995971322,0.435949070379138,4.5211168471723795,shared_2l_dec_tail
7696,4.988015163689852,0.44995383359491825,4.430768080055714,shared_2l_dec_tail
7697,5.02269109711051,0.43898611329495907,4.475710913538933,shared_2l_dec_tail
7698,5.038995062932372,0.44842599891126156,4.483297932893038,shared_2l_dec_tail
7699,4.965462954714894,0.44633704237639904,4.4126559514552355,shared_2l_dec_tail
7700,4.980824887752533,0.4536148626357317,4.420954966917634,shared_2l_dec_tail
7701,5.936689907684922,1.108821015805006,4.706281004473567,shared_2l_dec_tail
7702,5.027956096455455,0.4421868361532688,4.476915113627911,shared_2l_dec_tail
7703,5.049960920587182,0.44222804717719555,4.500431939959526,shared_2l_dec_tail
7704,5.083146039396524,0.4479049239307642,4.526511067524552,shared_2l_dec_tail
7705,4.976966883987188,0.4487719852477312,4.423050908371806,shared_2l_dec_tail
7706,5.072023021057248,0.4474930465221405,4.517365014180541,shared_2l_dec_tail
7707,5.056013120338321,0.4461489152163267,4.504116019234061,shared_2l_dec_tail
7708,5.0134919583797455,0.44670188799500465,4.458605078980327,shared_2l_dec_tail
7709,5.025036865845323,0.4463640507310629,4.4726349879056215,shared_2l_dec_tail
7710,5.001526093110442,0.44264597818255424,4.453214118257165,shared_2l_dec_tail
7711,5.100345937535167,0.4501070361584425,4.544215044006705,shared_2l_dec_tail
7712,5.024639889597893,0.4500690847635269,4.466676851734519,shared_2l_dec_tail
7713,5.040561081841588,0.4375958815217018,4.4962281826883554,shared_2l_dec_tail
7714,5.046166945248842,0.4316719714552164,4.508711863309145,shared_2l_dec_tail
7715,5.060903960838914,0.4317930433899164,4.522161092609167,shared_2l_dec_tail
7716,5.058526992797852,0.4388480447232723,4.512101877480745,shared_2l_dec_tail
7717,5.652089137583971,0.8919821120798588,4.638416925445199,shared_2l_dec_tail
7718,5.073398817330599,0.45926892198622227,4.506272962316871,shared_2l_dec_tail
7719,5.07564889267087,0.44729909859597683,4.521447932347655,shared_2l_dec_tail
7720,5.060794996097684,0.4408080130815506,4.514875123277307,shared_2l_dec_tail
7721,5.091224098578095,0.4421181511133909,4.543430870398879,shared_2l_dec_tail
7722,5.057284841313958,0.4386110231280327,4.51063783839345,shared_2l_dec_tail
7723,5.029194988310337,0.44229906052351,4.481184994801879,shared_2l_dec_tail
7724,5.074680084362626,0.4397910088300705,4.529183031991124,shared_2l_dec_tail
7725,4.973977105692029,0.4332840908318758,4.434892907738686,shared_2l_dec_tail
7726,5.01344702206552,0.43327384628355503,4.473145119845867,shared_2l_dec_tail
7727,5.064063938334584,0.43505080975592136,4.522371105849743,shared_2l_dec_tail
7728,5.075191147625446,0.43866410851478577,4.530492005869746,shared_2l_dec_tail
7729,4.982518032193184,0.44516497291624546,4.430713132023811,shared_2l_dec_tail
7730,5.053243134170771,0.4353660624474287,4.512276966124773,shared_2l_dec_tail
7731,4.975744988769293,0.44393097050487995,4.42468305118382,shared_2l_dec_tail
7732,5.0462279468774796,0.4467980470508337,4.491820000112057,shared_2l_dec_tail
7733,5.654584849253297,0.8864609990268946,4.647152032703161,shared_2l_dec_tail
7734,5.039009032770991,0.44540385715663433,4.486243007704616,shared_2l_dec_tail
7735,5.0055040046572685,0.44098496437072754,4.457436036318541,shared_2l_dec_tail
7736,4.993885988369584,0.44057215563952923,4.445943050086498,shared_2l_dec_tail
7737,5.0986651331186295,0.44302898459136486,4.548685858026147,shared_2l_dec_tail
7738,5.080454051494598,0.44308206997811794,4.5318868942558765,shared_2l_dec_tail
7739,5.004656966775656,0.44467393308877945,4.451155196875334,shared_2l_dec_tail
7740,5.059992894530296,0.44364016503095627,4.510125843808055,shared_2l_dec_tail
7741,4.987099906429648,0.43912394903600216,4.44185989908874,shared_2l_dec_tail
7742,5.002204095944762,0.44645206071436405,4.448949126526713,shared_2l_dec_tail
7743,5.035751033574343,0.44546788558363914,4.484017146751285,shared_2l_dec_tail
7744,4.969991976395249,0.4475838504731655,4.416491137817502,shared_2l_dec_tail
7745,5.048068007454276,0.4500120412558317,4.490487975999713,shared_2l_dec_tail
7746,4.9697479698807,0.44862995855510235,4.4135351199656725,shared_2l_dec_tail
7747,5.067162914201617,0.4494409076869488,4.510286962613463,shared_2l_dec_tail
7748,4.983661929145455,0.4468178376555443,4.429908003658056,shared_2l_dec_tail
7749,5.6392650585621595,0.882062129676342,4.637114936485887,shared_2l_dec_tail
7750,5.093347048386931,0.4501449875533581,4.535595187917352,shared_2l_dec_tail
7751,4.974419949576259,0.44024386443197727,4.427824169397354,shared_2l_dec_tail
7752,5.061635980382562,0.4398259334266186,4.513480002060533,shared_2l_dec_tail
7753,5.055722082033753,0.4393327981233597,4.507683217525482,shared_2l_dec_tail
7754,5.045846104621887,0.44809794053435326,4.490438848733902,shared_2l_dec_tail
7755,5.0797490403056145,0.44441106729209423,4.527453100308776,shared_2l_dec_tail
7756,5.053286207839847,0.4572418984025717,4.487867001444101,shared_2l_dec_tail
7757,5.0638660322874784,0.4488090053200722,4.510154947638512,shared_2l_dec_tail
7758,4.970095818862319,0.45029702596366405,4.4122240506112576,shared_2l_dec_tail
7759,5.074927117675543,0.4500651266425848,4.516331944614649,shared_2l_dec_tail
7760,5.023312987759709,0.4530590958893299,4.463682882487774,shared_2l_dec_tail
7761,5.085078999400139,0.4451810382306576,4.531580954790115,shared_2l_dec_tail
7762,4.979807883501053,0.4447700921446085,4.422415979206562,shared_2l_dec_tail
7763,4.999369848519564,0.43949391692876816,4.451332148164511,shared_2l_dec_tail
7764,5.082999123260379,0.44307601638138294,4.531617974862456,shared_2l_dec_tail
7765,5.682949908077717,0.8988229092210531,4.662649938836694,shared_2l_dec_tail
7766,5.012425826862454,0.45332987792789936,4.451868124306202,shared_2l_dec_tail
7767,4.9655509646981955,0.4414571449160576,4.4168028980493546,shared_2l_dec_tail
7768,5.044023040682077,0.44893287122249603,4.485211102291942,shared_2l_dec_tail
7769,5.007925909012556,0.4550688900053501,4.445193102583289,shared_2l_dec_tail
7770,5.073917796835303,0.44581200927495956,4.5204018242657185,shared_2l_dec_tail
7771,4.970259964466095,0.4413789138197899,4.420967074111104,shared_2l_dec_tail
7772,5.038070026785135,0.44154003262519836,4.491670057177544,shared_2l_dec_tail
7773,5.06314099766314,0.44640502892434597,4.510291153565049,shared_2l_dec_tail
7774,5.041912896558642,0.4361949395388365,4.498325986787677,shared_2l_dec_tail
7775,4.969567991793156,0.43280189856886864,4.425440914928913,shared_2l_dec_tail
7776,5.030723055824637,0.44057308696210384,4.482876975089312,shared_2l_dec_tail
7777,5.022024968639016,0.43480400927364826,4.480788018554449,shared_2l_dec_tail
7778,5.063577089458704,0.4409691318869591,4.513447871431708,shared_2l_dec_tail
7779,5.0558599177747965,0.44227996841073036,4.505004966631532,shared_2l_dec_tail
7780,4.98531199991703,0.43892906978726387,4.438598873093724,shared_2l_dec_tail
7781,5.7228850200772285,0.8819180075079203,4.721250850707293,shared_2l_dec_tail
7782,5.066337995231152,0.443486962467432,4.511530045419931,shared_2l_dec_tail
7783,5.054359091445804,0.43672090396285057,4.511559149250388,shared_2l_dec_tail
7784,5.107579054310918,0.4391919355839491,4.560793051496148,shared_2l_dec_tail
7785,5.095368018373847,0.44100102968513966,4.547774093225598,shared_2l_dec_tail
7786,5.005639977753162,0.4423090722411871,4.456662107259035,shared_2l_dec_tail
7787,5.113392835482955,0.43240003287792206,4.572305828332901,shared_2l_dec_tail
7788,5.007313098758459,0.43666502460837364,4.464049823582172,shared_2l_dec_tail
7789,5.075634922832251,0.4399651661515236,4.5312149450182915,shared_2l_dec_tail
7790,5.007150815799832,0.4506430123001337,4.450120963156223,shared_2l_dec_tail
7791,5.107575096189976,0.4500248469412327,4.551622085273266,shared_2l_dec_tail
7792,5.048791877925396,0.4488208796828985,4.4948209542781115,shared_2l_dec_tail
7793,5.1564190071076155,0.45319413766264915,4.596689948812127,shared_2l_dec_tail
7794,5.057608941569924,0.44451490975916386,4.50729695148766,shared_2l_dec_tail
7795,5.143168149515986,0.4431090783327818,4.5922137796878815,shared_2l_dec_tail
7796,5.026069935411215,0.43371296487748623,4.485588055104017,shared_2l_dec_tail
7797,5.649063037708402,0.8784488309174776,4.649480106309056,shared_2l_dec_tail
7798,5.1035641226917505,0.4538879729807377,4.540872992947698,shared_2l_dec_tail
7799,5.089129088446498,0.44851587153971195,4.527544137090445,shared_2l_dec_tail
7800,4.987269872799516,0.4434571601450443,4.4325790368020535,shared_2l_dec_tail
7801,5.085701821371913,0.4399160388857126,4.539256915450096,shared_2l_dec_tail
7802,5.047040991485119,0.4390040412545204,4.500454990193248,shared_2l_dec_tail
7803,4.9551501870155334,0.43695513159036636,4.411682952195406,shared_2l_dec_tail
7804,5.046318052336574,0.4389239475131035,4.498532973229885,shared_2l_dec_tail
7805,5.065567092970014,0.43939100578427315,4.517760127782822,shared_2l_dec_tail
7806,4.976683994755149,0.4388380330055952,4.430696833878756,shared_2l_dec_tail
7807,5.023282952606678,0.438271788880229,4.477497190237045,shared_2l_dec_tail
7808,5.076989997178316,0.4377108998596668,4.53430600464344,shared_2l_dec_tail
7809,4.997777985408902,0.44383108615875244,4.447107901796699,shared_2l_dec_tail
7810,5.0575160421431065,0.4366389475762844,4.511658102273941,shared_2l_dec_tail
7811,4.94642392732203,0.4331620875746012,4.407316911965609,shared_2l_dec_tail
7812,5.057079950347543,0.4390899557620287,4.511637147516012,shared_2l_dec_tail
7813,5.680068861693144,0.8928671013563871,4.666558932512999,shared_2l_dec_tail
7814,5.097010871395469,0.4445540253072977,4.542822018265724,shared_2l_dec_tail
7815,5.015527131035924,0.4418301396071911,4.466326907277107,shared_2l_dec_tail
7816,5.045232828706503,0.4442809149622917,4.492952022701502,shared_2l_dec_tail
7817,4.976153839379549,0.43623591773211956,4.432934103533626,shared_2l_dec_tail
7818,5.0666360184550285,0.44330302625894547,4.515649052336812,shared_2l_dec_tail
7819,5.002605961635709,0.43755490332841873,4.4585231225937605,shared_2l_dec_tail
7820,4.933536984026432,0.4379148595035076,4.38960618339479,shared_2l_dec_tail
7821,4.972244845703244,0.43943501077592373,4.4261799193918705,shared_2l_dec_tail
7822,5.042884033173323,0.44234609231352806,4.492664942517877,shared_2l_dec_tail
7823,5.02812210470438,0.437919981777668,4.483276978135109,shared_2l_dec_tail
7824,5.039863986894488,0.4403921775519848,4.489891929551959,shared_2l_dec_tail
7825,5.086788209155202,0.4394759889692068,4.540174966678023,shared_2l_dec_tail
7826,5.055716959759593,0.4420999903231859,4.505828022956848,shared_2l_dec_tail
7827,5.038630915805697,0.44171884655952454,4.490615101531148,shared_2l_dec_tail
7828,4.988146014511585,0.4490260034799576,4.431846085935831,shared_2l_dec_tail
7829,5.641852039843798,0.8823189418762922,4.637144040316343,shared_2l_dec_tail
7830,5.089441081508994,0.44649490155279636,4.534849198535085,shared_2l_dec_tail
7831,4.986898973584175,0.43907505460083485,4.4408871326595545,shared_2l_dec_tail
7832,5.0511290319263935,0.4382289480417967,4.505156073719263,shared_2l_dec_tail
7833,5.071449093520641,0.43865106999874115,4.524638876318932,shared_2l_dec_tail
7834,5.039683077484369,0.44088810682296753,4.490496823564172,shared_2l_dec_tail
7835,4.980310099199414,0.43989415280520916,4.434734815731645,shared_2l_dec_tail
7836,5.051087122410536,0.43959193862974644,4.504393087700009,shared_2l_dec_tail
7837,4.98819095082581,0.4494409076869488,4.429873079061508,shared_2l_dec_tail
7838,5.092328879982233,0.4454490263015032,4.540788941085339,shared_2l_dec_tail
7839,5.048759980127215,0.44510094448924065,4.496771143749356,shared_2l_dec_tail
7840,5.066950106993318,0.45405188575387,4.506079014390707,shared_2l_dec_tail
7841,5.021276185289025,0.44757616706192493,4.467088030651212,shared_2l_dec_tail
7842,5.123349837958813,0.44547603465616703,4.569838987663388,shared_2l_dec_tail
7843,5.059499992057681,0.43798191472887993,4.50862105935812,shared_2l_dec_tail
7844,5.000940058380365,0.44041499495506287,4.449059953913093,shared_2l_dec_tail
7845,5.656413035467267,0.8760609198361635,4.657353973016143,shared_2l_dec_tail
7846,5.051463842391968,0.4561860114336014,4.487711004912853,shared_2l_dec_tail
7847,5.089428974315524,0.4548139404505491,4.527406068518758,shared_2l_dec_tail
7848,5.00830914825201,0.4502180963754654,4.451239947229624,shared_2l_dec_tail
7849,5.06224506534636,0.45149982906877995,4.502495052292943,shared_2l_dec_tail
7850,5.0589831080287695,0.44938712380826473,4.502109019085765,shared_2l_dec_tail
7851,4.956242861226201,0.4400620236992836,4.40228683874011,shared_2l_dec_tail
7852,5.081166047602892,0.449582003057003,4.518979927524924,shared_2l_dec_tail
7853,5.038165953010321,0.4428490065038204,4.484177101403475,shared_2l_dec_tail
7854,5.01604494638741,0.44501316733658314,4.463267978280783,shared_2l_dec_tail
7855,5.011067958548665,0.43827807530760765,4.4645129237324,shared_2l_dec_tail
7856,5.100656999275088,0.4404799547046423,4.553806968033314,shared_2l_dec_tail
7857,4.982166923582554,0.4359970334917307,4.4404249638319016,shared_2l_dec_tail
7858,5.061008967459202,0.44146995060145855,4.513110965490341,shared_2l_dec_tail
7859,4.980345023795962,0.43928902596235275,4.435512004420161,shared_2l_dec_tail
7860,5.062269978225231,0.4400070756673813,4.514851840212941,shared_2l_dec_tail
7861,5.662336945533752,0.888126902282238,4.648738075047731,shared_2l_dec_tail
7862,5.102260038256645,0.4469710402190685,4.547496791929007,shared_2l_dec_tail
7863,4.998472053557634,0.44029601849615574,4.450205946341157,shared_2l_dec_tail
7864,5.116061074659228,0.44387602247297764,4.564197966828942,shared_2l_dec_tail
7865,5.075711058452725,0.44276402331888676,4.524738993495703,shared_2l_dec_tail
7866,5.012816982343793,0.442995922639966,4.462915938347578,shared_2l_dec_tail
7867,5.087263882160187,0.4421460907906294,4.538137000054121,shared_2l_dec_tail
7868,5.019508069381118,0.44696894474327564,4.463887074962258,shared_2l_dec_tail
7869,5.0595959182828665,0.44414889998734,4.508798010647297,shared_2l_dec_tail
7870,4.987943917512894,0.4427621606737375,4.4393648859113455,shared_2l_dec_tail
7871,5.080403992906213,0.44526485726237297,4.528176039457321,shared_2l_dec_tail
7872,4.989340202882886,0.45416317880153656,4.4274230021983385,shared_2l_dec_tail
7873,5.0878808833658695,0.454937107861042,4.523817915469408,shared_2l_dec_tail
7874,5.017668940126896,0.4484141245484352,4.460373893380165,shared_2l_dec_tail
7875,5.0724821630865335,0.4564959090203047,4.507995909079909,shared_2l_dec_tail
7876,4.970458103343844,0.4498078487813473,4.412828013300896,shared_2l_dec_tail
7877,5.640449933707714,0.8859599474817514,4.634459037333727,shared_2l_dec_tail
7878,5.098107969388366,0.44640409760177135,4.543419927358627,shared_2l_dec_tail
7879,5.02047804184258,0.44759386219084263,4.465776961296797,shared_2l_dec_tail
7880,5.0408849492669106,0.4434108268469572,4.490311024710536,shared_2l_dec_tail
7881,5.099096102640033,0.44702296145260334,4.546038107946515,shared_2l_dec_tail
7882,4.972954047843814,0.4500651266425848,4.416001029312611,shared_2l_dec_tail
7883,5.072453059256077,0.44943997636437416,4.51618991792202,shared_2l_dec_tail
7884,5.013928981497884,0.4508288111537695,4.453312139958143,shared_2l_dec_tail
7885,5.093364976346493,0.4568500444293022,4.530949983745813,shared_2l_dec_tail
7886,4.978559911251068,0.4407640080899,4.431209992617369,shared_2l_dec_tail
7887,4.989826120436192,0.4497531335800886,4.432689864188433,shared_2l_dec_tail
7888,5.060809897258878,0.4511650186032057,4.501588875427842,shared_2l_dec_tail
7889,5.00829191878438,0.4515221808105707,4.4495288748294115,shared_2l_dec_tail
7890,5.067436955869198,0.45504793524742126,4.502413095906377,shared_2l_dec_tail
7891,4.993250127881765,0.4368908703327179,4.448407096788287,shared_2l_dec_tail
7892,5.0845888908952475,0.4397330339998007,4.535242915153503,shared_2l_dec_tail
7893,5.65574481151998,0.8976690005511045,4.636720987036824,shared_2l_dec_tail
7894,5.123508861288428,0.45332801528275013,4.5600649900734425,shared_2l_dec_tail
7895,4.9981900956481695,0.4557971842586994,4.434491973370314,shared_2l_dec_tail
7896,5.063951015472412,0.4453989677131176,4.51114890165627,shared_2l_dec_tail
7897,5.014112219214439,0.43611088767647743,4.464125959202647,shared_2l_dec_tail
7898,5.074856104329228,0.43933908455073833,4.5273518189787865,shared_2l_dec_tail
7899,4.992779111489654,0.44382503256201744,4.44222311489284,shared_2l_dec_tail
7900,5.047059152275324,0.4409779794514179,4.4992780312895775,shared_2l_dec_tail
7901,4.955170908942819,0.43776887468993664,4.411234986037016,shared_2l_dec_tail
7902,5.072278901934624,0.4413020797073841,4.523055860772729,shared_2l_dec_tail
7903,5.039402050897479,0.4453409928828478,4.485609009861946,shared_2l_dec_tail
7904,5.079911090433598,0.44926092959940434,4.523894051089883,shared_2l_dec_tail
7905,5.086703924462199,0.44327788054943085,4.53551416285336,shared_2l_dec_tail
7906,5.057350033894181,0.4443889483809471,4.504024982452393,shared_2l_dec_tail
7907,5.07005606777966,0.43687201105058193,4.525505006313324,shared_2l_dec_tail
7908,4.994162125512958,0.44783996418118477,4.438403993844986,shared_2l_dec_tail
7909,5.662226118147373,0.8906801231205463,4.650198854506016,shared_2l_dec_tail
7910,5.066707031801343,0.44920993968844414,4.510930040851235,shared_2l_dec_tail
7911,5.069593898952007,0.437550013884902,4.524635849520564,shared_2l_dec_tail
7912,5.0461629871279,0.44581410475075245,4.493518965318799,shared_2l_dec_tail
7913,5.1378849893808365,0.4402708727866411,4.590717144310474,shared_2l_dec_tail
7914,5.087502999231219,0.45279902406036854,4.529125988483429,shared_2l_dec_tail
7915,5.0670369528234005,0.4459258634597063,4.516337066888809,shared_2l_dec_tail
7916,5.045427940785885,0.45243301428854465,4.4862020295113325,shared_2l_dec_tail
7917,5.132535006850958,0.4517780616879463,4.575090948492289,shared_2l_dec_tail
7918,5.089308135211468,0.4427018575370312,4.532586084678769,shared_2l_dec_tail
7919,5.147960968315601,0.44366600923240185,4.598359111696482,shared_2l_dec_tail
7920,5.118116969242692,0.44403085485100746,4.567787982523441,shared_2l_dec_tail
7921,5.054859910160303,0.4423439968377352,4.505670862272382,shared_2l_dec_tail
7922,5.150479031726718,0.44368510134518147,4.601456923410296,shared_2l_dec_tail
7923,5.119855049997568,0.4433877766132355,4.569326061755419,shared_2l_dec_tail
7924,5.059906980022788,0.45210099779069424,4.501259885728359,shared_2l_dec_tail
7925,5.665848031640053,0.8993449155241251,4.645352950319648,shared_2l_dec_tail
7926,5.079593975096941,0.4453531000763178,4.527516895905137,shared_2l_dec_tail
7927,5.067998077720404,0.4419521428644657,4.518986912444234,shared_2l_dec_tail
7928,4.967796849086881,0.44936384074389935,4.411603091284633,shared_2l_dec_tail
7929,5.058415001258254,0.4387770313769579,4.5125719625502825,shared_2l_dec_tail
7930,4.9737191293388605,0.4508430138230324,4.417204996570945,shared_2l_dec_tail
7931,5.067526130005717,0.4534290637820959,4.5069619081914425,shared_2l_dec_tail
7932,4.979162011295557,0.4519850481301546,4.421354038640857,shared_2l_dec_tail
7933,5.055161193013191,0.44799712486565113,4.499580943956971,shared_2l_dec_tail
7934,5.043882178142667,0.45077898539602757,4.487263970077038,shared_2l_dec_tail
7935,5.099921952933073,0.45667518861591816,4.536831984296441,shared_2l_dec_tail
7936,5.014837021008134,0.4464720841497183,4.460860975086689,shared_2l_dec_tail
7937,5.065754987299442,0.4515592008829117,4.508917918428779,shared_2l_dec_tail
7938,5.074736895039678,0.4521158989518881,4.510787082836032,shared_2l_dec_tail
7939,5.079925060272217,0.4407120868563652,4.530551843345165,shared_2l_dec_tail
7940,4.985957872122526,0.44440594501793385,4.435376962646842,shared_2l_dec_tail
7941,5.643683951348066,0.8816160261631012,4.641253966838121,shared_2l_dec_tail
7942,5.073467036709189,0.45851198956370354,4.505606833845377,shared_2l_dec_tail
7943,5.0502929370850325,0.45206211507320404,4.4904169626533985,shared_2l_dec_tail
7944,5.054751876741648,0.44516706839203835,4.502709023654461,shared_2l_dec_tail
7945,5.002455087378621,0.4520420916378498,4.443058976903558,shared_2l_dec_tail
7946,5.098441150039434,0.4513068124651909,4.535640124231577,shared_2l_dec_tail
7947,5.010819062590599,0.4380859900265932,4.460879135876894,shared_2l_dec_tail
7948,5.016117123886943,0.44511095620691776,4.46462701074779,shared_2l_dec_tail
7949,5.049687810242176,0.44457404874265194,4.4976030476391315,shared_2l_dec_tail
7950,5.1003978587687016,0.4419279284775257,4.5486800372600555,shared_2l_dec_tail
7951,5.0127520225942135,0.4387109074741602,4.46791504509747,shared_2l_dec_tail
7952,5.070775980129838,0.4401749465614557,4.524003015831113,shared_2l_dec_tail
7953,5.0156679935753345,0.4434569273144007,4.465630045160651,shared_2l_dec_tail
7954,5.05634699948132,0.4417230375111103,4.508740035817027,shared_2l_dec_tail
7955,5.002158926799893,0.4374959971755743,4.45799995213747,shared_2l_dec_tail
7956,5.0481639336794615,0.43958588503301144,4.501868970692158,shared_2l_dec_tail
7957,5.681557115167379,0.9078478906303644,4.654061980545521,shared_2l_dec_tail
7958,5.075114080682397,0.45511103235185146,4.511065082624555,shared_2l_dec_tail
7959,5.010916851460934,0.4401328042149544,4.46407007984817,shared_2l_dec_tail
7960,5.078088026493788,0.44715101830661297,4.524521995335817,shared_2l_dec_tail
7961,4.985540872439742,0.4499289207160473,4.428826970979571,shared_2l_dec_tail
7962,5.0221888814121485,0.44590909965336323,4.467976978048682,shared_2l_dec_tail
7963,5.101044895127416,0.4465749952942133,4.547507967799902,shared_2l_dec_tail
7964,4.99959010630846,0.43863197788596153,4.453408997505903,shared_2l_dec_tail
7965,5.11165801435709,0.44869096018373966,4.5561708975583315,shared_2l_dec_tail
7966,5.0872741267085075,0.4539389628916979,4.526959033682942,shared_2l_dec_tail
7967,5.099612986668944,0.45901909470558167,4.534803796559572,shared_2l_dec_tail
7968,4.993533017113805,0.45418902300298214,4.430809989571571,shared_2l_dec_tail
7969,5.090596852824092,0.4509100690484047,4.533336032181978,shared_2l_dec_tail
7970,5.026513943448663,0.4451810382306576,4.473926965147257,shared_2l_dec_tail
7971,5.027265986427665,0.452087027952075,4.46367310360074,shared_2l_dec_tail
7972,5.082807969301939,0.44768210500478745,4.5277150347828865,shared_2l_dec_tail
7973,5.647039972245693,0.899055041372776,4.625034984201193,shared_2l_dec_tail
7974,5.109664052724838,0.4643190186470747,4.540208028629422,shared_2l_dec_tail
7975,5.023391218855977,0.44959201477468014,4.467368824407458,shared_2l_dec_tail
7976,5.115228006616235,0.4539329092949629,4.5484560541808605,shared_2l_dec_tail
7977,5.070497049018741,0.4458189941942692,4.5135850086808205,shared_2l_dec_tail
7978,5.035203881561756,0.4453440196812153,4.4832550920546055,shared_2l_dec_tail
7979,5.045809084549546,0.4434708971530199,4.49625588953495,shared_2l_dec_tail
7980,4.985715029761195,0.4425018560141325,4.437555093318224,shared_2l_dec_tail
7981,5.102399969473481,0.4412219859659672,4.555061925202608,shared_2l_dec_tail
7982,5.079363007098436,0.4499151837080717,4.521925933659077,shared_2l_dec_tail
7983,5.049644969403744,0.4413849674165249,4.499122966080904,shared_2l_dec_tail
7984,5.083565134555101,0.4475880414247513,4.53006406314671,shared_2l_dec_tail
7985,5.046129925176501,0.4385130014270544,4.502125084400177,shared_2l_dec_tail
7986,5.0066139083355665,0.4499610513448715,4.450097912922502,shared_2l_dec_tail
7987,5.106864962726831,0.45321183279156685,4.546929150819778,shared_2l_dec_tail
7988,5.075773922726512,0.4595180507749319,4.510156810283661,shared_2l_dec_tail
7989,5.705779884010553,0.9103771299123764,4.67579485848546,shared_2l_dec_tail
7990,5.101866088807583,0.44416100718081,4.548958968371153,shared_2l_dec_tail
7991,5.024794023483992,0.44736010022461414,4.471273859962821,shared_2l_dec_tail
7992,5.087353056296706,0.45691500417888165,4.52484586276114,shared_2l_dec_tail
7993,5.014812108129263,0.45201205648481846,4.455104004591703,shared_2l_dec_tail
7994,5.07866614498198,0.45730313286185265,4.513285821303725,shared_2l_dec_tail
7995,5.013927118852735,0.4567799624055624,4.452382912859321,shared_2l_dec_tail
7996,5.028983112424612,0.4517058841884136,4.470018902793527,shared_2l_dec_tail
7997,5.128254881128669,0.4492171574383974,4.563883878290653,shared_2l_dec_tail
7998,5.05136395804584,0.44843414798378944,4.4896898325532675,shared_2l_dec_tail
7999,5.006850929930806,0.4486569669097662,4.452049965038896,shared_2l_dec_tail
8000,5.05501008592546,0.4493419546633959,4.499063128605485,shared_2l_dec_tail
8001,4.987051943317056,0.44600688852369785,4.436207003891468,shared_2l_dec_tail
8002,5.0374038983136415,0.44580805115401745,4.485173150897026,shared_2l_dec_tail
8003,5.055889952927828,0.45233312994241714,4.495155066251755,shared_2l_dec_tail
8004,5.085976095870137,0.4461039789021015,4.533122992143035,shared_2l_dec_tail
8005,5.683223018422723,0.9007910266518593,4.663496045395732,shared_2l_dec_tail
8006,5.1305158995091915,0.4516812041401863,4.569698823615909,shared_2l_dec_tail
8007,5.030852975323796,0.4478029441088438,4.475026158615947,shared_2l_dec_tail
8008,5.082293879240751,0.445258105173707,4.529976984485984,shared_2l_dec_tail
8009,5.0090590957552195,0.4416399169713259,4.458839073777199,shared_2l_dec_tail
8010,5.107935983687639,0.4460671916604042,4.55614784732461,shared_2l_dec_tail
8011,5.0725669134408236,0.44389208778738976,4.521069815382361,shared_2l_dec_tail
8012,5.0184959545731544,0.4430101253092289,4.469749983400106,shared_2l_dec_tail
8013,5.099370144307613,0.450952909886837,4.5413789339363575,shared_2l_dec_tail
8014,5.1118358969688416,0.45209308154881,4.551480989903212,shared_2l_dec_tail
8015,5.096914013847709,0.4530949518084526,4.537357948720455,shared_2l_dec_tail
8016,5.027538863942027,0.45294384472072124,4.467061022296548,shared_2l_dec_tail
8017,5.09174820035696,0.4547049757093191,4.526400938630104,shared_2l_dec_tail
8018,5.100678885355592,0.44990493915975094,4.5444590505212545,shared_2l_dec_tail
8019,5.0702448934316635,0.44210394844412804,4.521394846960902,shared_2l_dec_tail
8020,5.087254103273153,0.4448830150067806,4.534230101853609,shared_2l_dec_tail
8021,5.696268985047936,0.8992468938231468,4.676062148064375,shared_2l_dec_tail
8022,5.11250807903707,0.45290496200323105,4.546548938378692,shared_2l_dec_tail
8023,5.000135861337185,0.45070797204971313,4.442304838448763,shared_2l_dec_tail
8024,5.058825947344303,0.44932891614735126,4.50220494531095,shared_2l_dec_tail
8025,5.002385936677456,0.4494250752031803,4.445041995495558,shared_2l_dec_tail
8026,5.062246927991509,0.4496239125728607,4.503629170358181,shared_2l_dec_tail
8027,5.105758085846901,0.44346111826598644,4.555368795990944,shared_2l_dec_tail
8028,5.048444028943777,0.44931285083293915,4.4911380391567945,shared_2l_dec_tail
8029,5.0815618596971035,0.44839316979050636,4.527766024693847,shared_2l_dec_tail
8030,5.043972050771117,0.44861482456326485,4.489784128963947,shared_2l_dec_tail
8031,5.0719128921628,0.449970830231905,4.5139610301703215,shared_2l_dec_tail
8032,5.067743128165603,0.4577110521495342,4.502366995438933,shared_2l_dec_tail
8033,5.100416950881481,0.4652098286896944,4.5292070135474205,shared_2l_dec_tail
8034,5.019939038902521,0.4514849279075861,4.461327102035284,shared_2l_dec_tail
8035,5.081413080915809,0.45313197188079357,4.521589959040284,shared_2l_dec_tail
8036,5.02793095074594,0.4514530301094055,4.471163963899016,shared_2l_dec_tail
8037,5.679631140083075,0.9042201563715935,4.654878983274102,shared_2l_dec_tail
8038,5.171583034098148,0.4583729896694422,4.605039022862911,shared_2l_dec_tail
8039,5.185173125937581,0.4638440441340208,4.604619927704334,shared_2l_dec_tail
8040,5.140538094565272,0.44724391773343086,4.586179042235017,shared_2l_dec_tail
8041,5.128870019689202,0.44636218808591366,4.574310965836048,shared_2l_dec_tail
8042,5.104660056531429,0.44937897473573685,4.547646036371589,shared_2l_dec_tail
8043,5.189008079469204,0.44595589861273766,4.634313052520156,shared_2l_dec_tail
8044,5.069484002888203,0.4547701682895422,4.5082648284733295,shared_2l_dec_tail
8045,5.114013096317649,0.45556086115539074,4.551137099042535,shared_2l_dec_tail
8046,5.15828188508749,0.4595438949763775,4.591136006638408,shared_2l_dec_tail
8047,5.153740989044309,0.45087607577443123,4.595364909619093,shared_2l_dec_tail
8048,5.117601016536355,0.447611091658473,4.563615890219808,shared_2l_dec_tail
8049,5.152496043592691,0.4452290013432503,4.600919084623456,shared_2l_dec_tail
8050,5.105610936880112,0.45178388245403767,4.5458541717380285,shared_2l_dec_tail
8051,5.210760049521923,0.44906605035066605,4.654886899515986,shared_2l_dec_tail
8052,5.081755109131336,0.45661209151148796,4.518698900938034,shared_2l_dec_tail
8053,5.71458088234067,0.9072769898921251,4.685648949816823,shared_2l_dec_tail
8054,5.125046009197831,0.47425110824406147,4.542560083791614,shared_2l_dec_tail
8055,5.04613621160388,0.4620370455086231,4.476308822631836,shared_2l_dec_tail
8056,5.099792033433914,0.4571520257741213,4.5367099810391665,shared_2l_dec_tail
8057,5.061062052845955,0.453827902674675,4.498880123719573,shared_2l_dec_tail
8058,5.125151947140694,0.46199304051697254,4.552815109491348,shared_2l_dec_tail
8059,5.050648935139179,0.4560758825391531,4.486663965508342,shared_2l_dec_tail
8060,5.092980107292533,0.4554998595267534,4.530951147899032,shared_2l_dec_tail
8061,5.044374149292707,0.44613401405513287,4.490902880206704,shared_2l_dec_tail
8062,5.089276935905218,0.4531771410256624,4.529160913079977,shared_2l_dec_tail
8063,5.018255906179547,0.4551790188997984,4.456079797819257,shared_2l_dec_tail
8064,5.050827050581574,0.44642086140811443,4.500173963606358,shared_2l_dec_tail
8065,5.043993005529046,0.4463109653443098,4.4903799425810575,shared_2l_dec_tail
8066,5.041930126026273,0.4491847939789295,4.484421107918024,shared_2l_dec_tail
8067,5.0061659421771765,0.4467470571398735,4.45257592946291,shared_2l_dec_tail
8068,5.006165010854602,0.4595750942826271,4.441620782017708,shared_2l_dec_tail
8069,5.682779010385275,0.8940149564296007,4.6670029405504465,shared_2l_dec_tail
8070,5.0993370823562145,0.4528199788182974,4.538963083177805,shared_2l_dec_tail
8071,5.07960794493556,0.4493480082601309,4.522586008533835,shared_2l_dec_tail
8072,5.1000898238271475,0.44749118387699127,4.545613890513778,shared_2l_dec_tail
8073,5.00486814416945,0.45187515206635,4.446828970685601,shared_2l_dec_tail
8074,5.0926238764077425,0.454847002401948,4.529706900939345,shared_2l_dec_tail
8075,5.053858971223235,0.45366096310317516,4.492252133786678,shared_2l_dec_tail
8076,5.067620892077684,0.4592849873006344,4.502083174884319,shared_2l_dec_tail
8077,5.134648876264691,0.46320585533976555,4.559500142931938,shared_2l_dec_tail
8078,5.017515039071441,0.4523228853940964,4.458473064005375,shared_2l_dec_tail
8079,5.087564932182431,0.4534129984676838,4.527603974565864,shared_2l_dec_tail
8080,5.085978889837861,0.44848816469311714,4.532684804871678,shared_2l_dec_tail
8081,5.0261979922652245,0.4544798284769058,4.465517122298479,shared_2l_dec_tail
8082,5.084428004920483,0.45183603651821613,4.525817930698395,shared_2l_dec_tail
8083,5.01441303640604,0.4507380072027445,4.45829494856298,shared_2l_dec_tail
8084,5.09173097088933,0.4469039849936962,4.538698820397258,shared_2l_dec_tail
8085,5.7082208804786205,0.9152500424534082,4.6668031718581915,shared_2l_dec_tail
8086,5.091611063107848,0.45676599256694317,4.525384167209268,shared_2l_dec_tail
8087,5.0703000742942095,0.4516090266406536,4.51279291883111,shared_2l_dec_tail
8088,5.05905388854444,0.450334046036005,4.500553011894226,shared_2l_dec_tail
8089,5.035809939727187,0.4518730565905571,4.477654816582799,shared_2l_dec_tail
8090,5.086845951154828,0.4457088652998209,4.534281091764569,shared_2l_dec_tail
8091,5.02422614954412,0.4449659027159214,4.471794003620744,shared_2l_dec_tail
8092,5.112493876367807,0.4480129573494196,4.557630978524685,shared_2l_dec_tail
8093,5.088207079097629,0.4572528414428234,4.524114076048136,shared_2l_dec_tail
8094,5.015193019062281,0.4671378992497921,4.442871082574129,shared_2l_dec_tail
8095,5.08460495620966,0.4561939276754856,4.5213159173727036,shared_2l_dec_tail
8096,5.00083900988102,0.4610600881278515,4.432553891092539,shared_2l_dec_tail
8097,5.080064991489053,0.46193599700927734,4.510191967710853,shared_2l_dec_tail
8098,5.0524938851594925,0.45782304368913174,4.486934980377555,shared_2l_dec_tail
8099,5.0011491402983665,0.44863810762763023,4.441222874447703,shared_2l_dec_tail
8100,5.09132188744843,0.4521601367741823,4.5274358708411455,shared_2l_dec_tail
8101,5.719226086512208,0.9091931860893965,4.688991932198405,shared_2l_dec_tail
8102,5.1519430708140135,0.46354602091014385,4.580779001116753,shared_2l_dec_tail
8103,5.046818871051073,0.4505871329456568,4.482258809730411,shared_2l_dec_tail
8104,5.118289962410927,0.44821202754974365,4.563287133350968,shared_2l_dec_tail
8105,5.082327872514725,0.4480478819459677,4.5283641666173935,shared_2l_dec_tail
8106,5.052407970651984,0.4435309674590826,4.501115996390581,shared_2l_dec_tail
8107,5.065918201580644,0.44924812391400337,4.5100790448486805,shared_2l_dec_tail
8108,5.1143779419362545,0.4436860326677561,4.5631821267306805,shared_2l_dec_tail
8109,5.0594808999449015,0.45119295828044415,4.501405172049999,shared_2l_dec_tail
8110,5.0024481024593115,0.45681395567953587,4.438987001776695,shared_2l_dec_tail
8111,5.10263186879456,0.45978580601513386,4.534553037956357,shared_2l_dec_tail
8112,5.055289948359132,0.45678019523620605,4.49078599922359,shared_2l_dec_tail
8113,5.047165788710117,0.4644629079848528,4.476408939808607,shared_2l_dec_tail
8114,5.071165040135384,0.45947590842843056,4.502075025811791,shared_2l_dec_tail
8115,5.033747060224414,0.46043889597058296,4.4680871069431305,shared_2l_dec_tail
8116,5.095941014587879,0.46194600872695446,4.521006019786,shared_2l_dec_tail
8117,5.68193499930203,0.8986410684883595,4.66312887147069,shared_2l_dec_tail
8118,5.115283187478781,0.46852719970047474,4.537821980193257,shared_2l_dec_tail
8119,5.034322151914239,0.4594000056385994,4.4694088865071535,shared_2l_dec_tail
8120,4.9903299659490585,0.45503792352974415,4.429447930306196,shared_2l_dec_tail
8121,5.077427951619029,0.46057114377617836,4.510103026404977,shared_2l_dec_tail
8122,5.083753960207105,0.4649069160223007,4.51239594258368,shared_2l_dec_tail
8123,5.096025997772813,0.44740806333720684,4.542025970295072,shared_2l_dec_tail
8124,5.103913135826588,0.45319809578359127,4.543366841971874,shared_2l_dec_tail
8125,5.0197618547827005,0.45112287625670433,4.460893105715513,shared_2l_dec_tail
8126,5.104671930894256,0.45261415652930737,4.5440769754350185,shared_2l_dec_tail
8127,4.994381917640567,0.44461688958108425,4.4422270730137825,shared_2l_dec_tail
8128,4.987478954717517,0.44629909098148346,4.435454029589891,shared_2l_dec_tail
8129,5.076298024505377,0.4499999340623617,4.519429057836533,shared_2l_dec_tail
8130,5.065928911790252,0.44792587868869305,4.509432008489966,shared_2l_dec_tail
8131,5.014047026634216,0.4659139085561037,4.440149990841746,shared_2l_dec_tail
8132,5.089934915304184,0.45472802594304085,4.528402118012309,shared_2l_dec_tail
8133,5.687962984666228,0.899844104424119,4.6686758287251,shared_2l_dec_tail
8134,5.095198983326554,0.453050946816802,4.533234052360058,shared_2l_dec_tail
8135,5.125893047079444,0.4518679343163967,4.56642615608871,shared_2l_dec_tail
8136,5.065782926976681,0.46134996227920055,4.499141126871109,shared_2l_dec_tail
8137,5.10685401968658,0.4563468974083662,4.543443908914924,shared_2l_dec_tail
8138,5.021737888455391,0.4615969955921173,4.451956134289503,shared_2l_dec_tail
8139,5.1022658590227365,0.4608661402016878,4.533860832452774,shared_2l_dec_tail
8140,5.059581017121673,0.45942398719489574,4.492185078561306,shared_2l_dec_tail
8141,5.083539057523012,0.45527005568146706,4.5260959304869175,shared_2l_dec_tail
8142,5.022411001846194,0.45082299038767815,4.465050064027309,shared_2l_dec_tail
8143,5.082110175862908,0.44649606570601463,4.528279881924391,shared_2l_dec_tail
8144,5.032802000641823,0.44667813926935196,4.478025948628783,shared_2l_dec_tail
8145,5.073444219306111,0.44890306890010834,4.51734010130167,shared_2l_dec_tail
8146,5.095388041809201,0.4445470403879881,4.54399804584682,shared_2l_dec_tail
8147,4.988380009308457,0.4477528855204582,4.433199996128678,shared_2l_dec_tail
8148,5.091547034680843,0.4474229644984007,4.536765161901712,shared_2l_dec_tail
8149,5.677058128640056,0.9073750115931034,4.650322021916509,shared_2l_dec_tail
8150,5.120434798300266,0.4541019443422556,4.557512002065778,shared_2l_dec_tail
8151,5.091455997899175,0.45228307135403156,4.532970953732729,shared_2l_dec_tail
8152,5.0145098939538,0.452705891802907,4.4543929398059845,shared_2l_dec_tail
8153,5.0987068098038435,0.4496451001614332,4.540533991530538,shared_2l_dec_tail
8154,5.107152974233031,0.4585909191519022,4.539771005511284,shared_2l_dec_tail
8155,5.012518959119916,0.45845890417695045,4.446275997906923,shared_2l_dec_tail
8156,5.112424958497286,0.46241888776421547,4.544029012322426,shared_2l_dec_tail
8157,5.026309052482247,0.4605420399457216,4.458897048607469,shared_2l_dec_tail
8158,5.077718058601022,0.4659791011363268,4.502749070525169,shared_2l_dec_tail
8159,5.072384839877486,0.45316899195313454,4.511886974796653,shared_2l_dec_tail
8160,5.056831985712051,0.45099412091076374,4.491143859922886,shared_2l_dec_tail
8161,5.021884106099606,0.4458960611373186,4.466226091608405,shared_2l_dec_tail
8162,5.070983897894621,0.44836592860519886,4.514093976467848,shared_2l_dec_tail
8163,4.997065989300609,0.4540469963103533,4.436217015609145,shared_2l_dec_tail
8164,5.080266855657101,0.44698407873511314,4.526429809629917,shared_2l_dec_tail
8165,6.024007918313146,1.150157069787383,4.752962850034237,shared_2l_dec_tail
8166,5.194883095100522,0.46141608618199825,4.623905057087541,shared_2l_dec_tail
8167,5.211475072428584,0.45185000635683537,4.651912953704596,shared_2l_dec_tail
8168,5.162074929103255,0.46872999519109726,4.5849180314689875,shared_2l_dec_tail
8169,5.14804502017796,0.45917113311588764,4.576864885166287,shared_2l_dec_tail
8170,5.1740920171141624,0.4566528368741274,4.610242089256644,shared_2l_dec_tail
8171,5.11964806355536,0.45094010420143604,4.561677807942033,shared_2l_dec_tail
8172,5.162583198398352,0.45269401744008064,4.604134010151029,shared_2l_dec_tail
8173,5.101411836221814,0.4432911518961191,4.5511850621551275,shared_2l_dec_tail
8174,5.166389048099518,0.46082609333097935,4.598272033035755,shared_2l_dec_tail
8175,5.150312092155218,0.4596840590238571,4.584204871207476,shared_2l_dec_tail
8176,5.080407951027155,0.46991906128823757,4.499183036386967,shared_2l_dec_tail
8177,5.158086074516177,0.4469191189855337,4.603666020557284,shared_2l_dec_tail
8178,5.144061055034399,0.45328098349273205,4.5853001065552235,shared_2l_dec_tail
8179,5.105955060571432,0.44857594184577465,4.550768993794918,shared_2l_dec_tail
8180,5.154235055670142,0.4534290637820959,4.593014949932694,shared_2l_dec_tail
8181,5.734022008255124,0.9307281579822302,4.680418875068426,shared_2l_dec_tail
8182,5.125619005411863,0.46219397336244583,4.554965067654848,shared_2l_dec_tail
8183,5.106779048219323,0.4571171011775732,4.542507929727435,shared_2l_dec_tail
8184,5.083458032459021,0.4584570415318012,4.517640918493271,shared_2l_dec_tail
8185,5.029810126870871,0.4625089932233095,4.460362950339913,shared_2l_dec_tail
8186,5.065911915153265,0.4606840666383505,4.497505957260728,shared_2l_dec_tail
8187,5.120686022564769,0.4580658860504627,4.552469123154879,shared_2l_dec_tail
8188,5.116309970617294,0.45372918248176575,4.556112922728062,shared_2l_dec_tail
8189,5.045868922024965,0.45266211964190006,4.481866955757141,shared_2l_dec_tail
8190,5.100764101371169,0.4514409229159355,4.542010137811303,shared_2l_dec_tail
8191,5.058767041191459,0.45302207581698895,4.496079869568348,shared_2l_dec_tail
8192,5.099945934489369,0.4499000497162342,4.543423885479569,shared_2l_dec_tail
8193,5.070656072348356,0.4533780738711357,4.510384984314442,shared_2l_dec_tail
8194,5.090791964903474,0.44342619366943836,4.539950983598828,shared_2l_dec_tail
8195,5.046953912824392,0.45398715883493423,4.485240904614329,shared_2l_dec_tail
8196,5.135920830070972,0.4529310390353203,4.574137972667813,shared_2l_dec_tail
8197,5.6892940774559975,0.9188947733491659,4.649626091122627,shared_2l_dec_tail
8198,5.124793155118823,0.45521906577050686,4.561195848509669,shared_2l_dec_tail
8199,5.039280978962779,0.4611089825630188,4.469607025384903,shared_2l_dec_tail
8200,5.107407923787832,0.46635791659355164,4.534465027973056,shared_2l_dec_tail
8201,5.041274009272456,0.46103494241833687,4.4751150999218225,shared_2l_dec_tail
8202,5.127607146278024,0.46091596595942974,4.558786982670426,shared_2l_dec_tail
8203,5.017047049477696,0.45964401215314865,4.451401066035032,shared_2l_dec_tail
8204,5.089326994493604,0.45463000424206257,4.522053990513086,shared_2l_dec_tail
8205,5.095025058835745,0.45263790525496006,4.534526960924268,shared_2l_dec_tail
8206,5.053163971751928,0.4463498480618,4.4978170190006495,shared_2l_dec_tail
8207,5.0926299300044775,0.4451798740774393,4.540060181170702,shared_2l_dec_tail
8208,5.137283122166991,0.45574805699288845,4.574242047965527,shared_2l_dec_tail
8209,5.107350880280137,0.45231496915221214,4.547857912257314,shared_2l_dec_tail
8210,5.081081995740533,0.45611895620822906,4.518040921539068,shared_2l_dec_tail
8211,5.081065930426121,0.4617150407284498,4.512412939220667,shared_2l_dec_tail
8212,5.045327125117183,0.4610000178217888,4.478360991925001,shared_2l_dec_tail
8213,5.691520869731903,0.9031239897012711,4.666605032980442,shared_2l_dec_tail
8214,5.142200039699674,0.45508495531976223,4.577533109113574,shared_2l_dec_tail
8215,5.0301142036914825,0.4605629947036505,4.463793942704797,shared_2l_dec_tail
8216,5.09235798381269,0.46119606122374535,4.523782059550285,shared_2l_dec_tail
8217,5.041989963501692,0.4568849690258503,4.47900197468698,shared_2l_dec_tail
8218,5.040815100073814,0.4576509818434715,4.475655034184456,shared_2l_dec_tail
8219,5.107420030981302,0.453840009868145,4.546630894765258,shared_2l_dec_tail
8220,5.0859840121120214,0.4565988201647997,4.526452161371708,shared_2l_dec_tail
8221,5.022163037210703,0.4467000253498554,4.465096862986684,shared_2l_dec_tail
8222,5.031265085563064,0.44799898751080036,4.4749348890036345,shared_2l_dec_tail
8223,5.092155886813998,0.44940016232430935,4.535346990451217,shared_2l_dec_tail
8224,5.0317831337451935,0.4504648968577385,4.474326968193054,shared_2l_dec_tail
8225,5.088048055768013,0.4520281217992306,4.52977791428566,shared_2l_dec_tail
8226,5.054563982412219,0.44943997636437416,4.499028902500868,shared_2l_dec_tail
8227,5.076085915789008,0.4471810534596443,4.522415809333324,shared_2l_dec_tail
8228,5.083766998723149,0.4483622033149004,4.52762795612216,shared_2l_dec_tail
8229,5.723191890865564,0.9119140449911356,4.690916044637561,shared_2l_dec_tail
8230,5.16880489885807,0.4591760225594044,4.600686952471733,shared_2l_dec_tail
8231,5.103259114548564,0.455670990049839,4.540410125628114,shared_2l_dec_tail
8232,5.052010994404554,0.46009989455342293,4.485317971557379,shared_2l_dec_tail
8233,5.114493891596794,0.45395083725452423,4.555047955363989,shared_2l_dec_tail
8234,5.0948429852724075,0.4583739209920168,4.528084071353078,shared_2l_dec_tail
8235,5.049261962994933,0.4610619507730007,4.48190001770854,shared_2l_dec_tail
8236,5.105147138237953,0.45349705033004284,4.544767085462809,shared_2l_dec_tail
8237,5.090289982035756,0.45626377686858177,4.526784177869558,shared_2l_dec_tail
8238,5.045837024226785,0.45269099064171314,4.486746853217483,shared_2l_dec_tail
8239,5.107522010803223,0.44744089245796204,4.55283815972507,shared_2l_dec_tail
8240,5.048399092629552,0.4492080770432949,4.49269893579185,shared_2l_dec_tail
8241,5.039689131081104,0.45893993228673935,4.47478611022234,shared_2l_dec_tail
8242,5.0895060412585735,0.4527941346168518,4.529462894424796,shared_2l_dec_tail
8243,5.123030859977007,0.44739595614373684,4.5667970553040504,shared_2l_dec_tail
8244,5.065350094810128,0.4550809971988201,4.50114393606782,shared_2l_dec_tail
8245,5.663470132276416,0.8996659889817238,4.644697066396475,shared_2l_dec_tail
8246,5.128169897943735,0.45474409125745296,4.565817071124911,shared_2l_dec_tail
8247,5.040935007855296,0.4493040032684803,4.482458112761378,shared_2l_dec_tail
8248,5.081229144707322,0.4554959014058113,4.520192043855786,shared_2l_dec_tail
8249,5.079141119495034,0.45358086936175823,4.52055805362761,shared_2l_dec_tail
8250,5.039263982325792,0.46107801608741283,4.471309017390013,shared_2l_dec_tail
8251,5.1074649672955275,0.46162516809999943,4.538134904578328,shared_2l_dec_tail
8252,5.063449963927269,0.4560360684990883,4.499591886997223,shared_2l_dec_tail
8253,5.082170944660902,0.451347092166543,4.526709904894233,shared_2l_dec_tail
8254,5.083835916593671,0.4501140210777521,4.526675911620259,shared_2l_dec_tail
8255,5.050810985267162,0.4532691091299057,4.492535023018718,shared_2l_dec_tail
8256,5.103330127894878,0.45136804692447186,4.545044153928757,shared_2l_dec_tail
8257,5.015762057155371,0.4517599008977413,4.456746159121394,shared_2l_dec_tail
8258,5.109056830406189,0.4526630509644747,4.54887910746038,shared_2l_dec_tail
8259,5.0236801616847515,0.4447528626769781,4.47057792916894,shared_2l_dec_tail
8260,5.115021951496601,0.46541308984160423,4.541856935247779,shared_2l_dec_tail
8261,5.6689761113375425,0.898200087249279,4.651618888601661,shared_2l_dec_tail
8262,5.137800006195903,0.45980210416018963,4.569920944049954,shared_2l_dec_tail
8263,5.021858029067516,0.45350100845098495,4.461701028048992,shared_2l_dec_tail
8264,5.10407006368041,0.4522239323705435,4.5437689404934645,shared_2l_dec_tail
8265,5.02957496792078,0.45521301217377186,4.46730013936758,shared_2l_dec_tail
8266,5.076142959296703,0.45420601963996887,4.514805972576141,shared_2l_dec_tail
8267,5.044108955189586,0.4619210958480835,4.473628010600805,shared_2l_dec_tail
8268,5.052576074376702,0.46171783469617367,4.4825871009379625,shared_2l_dec_tail
8269,5.087981000542641,0.4685141611844301,4.511694889515638,shared_2l_dec_tail
8270,5.026515806093812,0.45520905405282974,4.46474808268249,shared_2l_dec_tail
8271,5.099350120872259,0.4639900289475918,4.523842129856348,shared_2l_dec_tail
8272,5.078673828393221,0.4521920345723629,4.51874197460711,shared_2l_dec_tail
8273,5.101023009046912,0.4549650475382805,4.537499044090509,shared_2l_dec_tail
8274,5.03758410923183,0.454470980912447,4.471712047234178,shared_2l_dec_tail
8275,5.075224209576845,0.44672703370451927,4.521321039646864,shared_2l_dec_tail
8276,5.07010193541646,0.4481750074774027,4.515517968684435,shared_2l_dec_tail
8277,5.6473989970982075,0.9016499388962984,4.626238020136952,shared_2l_dec_tail
8278,5.10340416803956,0.46002096496522427,4.535238957032561,shared_2l_dec_tail
8279,5.034521920606494,0.4557711072266102,4.47039189748466,shared_2l_dec_tail
8280,5.105915945023298,0.45651313848793507,4.543274873867631,shared_2l_dec_tail
8281,5.014936905354261,0.450588995590806,4.457578063011169,shared_2l_dec_tail
8282,5.1193200051784515,0.45245210640132427,4.558797925710678,shared_2l_dec_tail
8283,5.100440001115203,0.4533580504357815,4.540674155578017,shared_2l_dec_tail
8284,5.059709073975682,0.46095577999949455,4.491783212870359,shared_2l_dec_tail
8285,5.047396989539266,0.4639299586415291,4.4762801844626665,shared_2l_dec_tail
8286,5.121638998389244,0.4587490111589432,4.555882187560201,shared_2l_dec_tail
8287,5.0241409335285425,0.4576940555125475,4.4595899526029825,shared_2l_dec_tail
8288,5.11279096826911,0.4595010541379452,4.54539991915226,shared_2l_dec_tail
8289,5.062039941549301,0.4531561862677336,4.499465925619006,shared_2l_dec_tail
8290,5.038434872403741,0.45178201980888844,4.479900002479553,shared_2l_dec_tail
8291,5.006968043744564,0.4494860768318176,4.450000124052167,shared_2l_dec_tail
8292,5.118364933878183,0.45678182505071163,4.552345024421811,shared_2l_dec_tail
8293,5.7986530009657145,0.905296066775918,4.772352986037731,shared_2l_dec_tail
8294,5.241069942712784,0.4564928822219372,4.673816962167621,shared_2l_dec_tail
8295,5.227819085121155,0.4564579576253891,4.663120023906231,shared_2l_dec_tail
8296,5.16355293802917,0.4591268952935934,4.59874514490366,shared_2l_dec_tail
8297,5.219283979386091,0.4690270870923996,4.643640015274286,shared_2l_dec_tail
8298,5.190619034692645,0.46652997843921185,4.616979975253344,shared_2l_dec_tail
8299,5.199618171900511,0.45548100024461746,4.636174067854881,shared_2l_dec_tail
8300,5.192124051973224,0.450249994173646,4.635591991245747,shared_2l_dec_tail
8301,5.181901855394244,0.45180204324424267,4.622862907126546,shared_2l_dec_tail
8302,5.214464850723743,0.46802894212305546,4.638816928490996,shared_2l_dec_tail
8303,5.170187912881374,0.45692315325140953,4.604652989655733,shared_2l_dec_tail
8304,5.206648027524352,0.4588658921420574,4.639485152438283,shared_2l_dec_tail
8305,5.166077055037022,0.44968794099986553,4.610002040863037,shared_2l_dec_tail
8306,5.129600875079632,0.4521410446614027,4.570536082610488,shared_2l_dec_tail
8307,5.160685162991285,0.4564851988106966,4.596887854859233,shared_2l_dec_tail
8308,5.253109149634838,0.4632540512830019,4.686016822233796,shared_2l_dec_tail
8309,5.700318841263652,0.8901681285351515,4.680119920521975,shared_2l_dec_tail
8310,5.113120889291167,0.47262897714972496,4.533710889518261,shared_2l_dec_tail
8311,5.084341857582331,0.4661879502236843,4.5109239872545,shared_2l_dec_tail
8312,5.11925807222724,0.4621800035238266,4.548602970317006,shared_2l_dec_tail
8313,5.034557078033686,0.4488411359488964,4.47966787032783,shared_2l_dec_tail
8314,5.099524976685643,0.45131007209420204,4.541700007393956,shared_2l_dec_tail
8315,5.0691168289631605,0.45199692249298096,4.5109400525689125,shared_2l_dec_tail
8316,5.088727921247482,0.449861865490675,4.527783021330833,shared_2l_dec_tail
8317,5.070353159680963,0.45355805195868015,4.508794983848929,shared_2l_dec_tail
8318,5.0873360596597195,0.4566058050841093,4.523065173998475,shared_2l_dec_tail
8319,5.065440898761153,0.46421890147030354,4.495269153267145,shared_2l_dec_tail
8320,5.063614109531045,0.45903190039098263,4.499383037909865,shared_2l_dec_tail
8321,5.060700001195073,0.4629911854863167,4.4913089368492365,shared_2l_dec_tail
8322,5.055877147242427,0.4654400981962681,4.483272088691592,shared_2l_dec_tail
8323,5.087869009003043,0.45991200022399426,4.521738039329648,shared_2l_dec_tail
8324,5.089386831969023,0.4598500672727823,4.521505907177925,shared_2l_dec_tail
8325,5.6647490710020065,0.889285933226347,4.656794015318155,shared_2l_dec_tail
8326,5.125392926856875,0.4565659910440445,4.561288980767131,shared_2l_dec_tail
8327,5.05494000390172,0.4627141170203686,4.485087934881449,shared_2l_dec_tail
8328,5.0730318762362,0.45463908463716507,4.5140578877180815,shared_2l_dec_tail
8329,5.149308126419783,0.45301299542188644,4.588011186569929,shared_2l_dec_tail
8330,5.095723085105419,0.45381789095699787,4.5337011106312275,shared_2l_dec_tail
8331,5.121065070852637,0.45310589484870434,4.560619127005339,shared_2l_dec_tail
8332,5.08153485134244,0.45597413554787636,4.520633025094867,shared_2l_dec_tail
8333,5.169516894966364,0.4611080512404442,4.598869942128658,shared_2l_dec_tail
8334,5.077456124126911,0.45613409020006657,4.514944041147828,shared_2l_dec_tail
8335,5.083200056105852,0.46999799087643623,4.50747087597847,shared_2l_dec_tail
8336,5.120438057929277,0.4638300742954016,4.54877014271915,shared_2l_dec_tail
8337,5.071599036455154,0.46164495870471,4.497217014431953,shared_2l_dec_tail
8338,5.080525996163487,0.4584738053381443,4.515156149864197,shared_2l_dec_tail
8339,5.0511411391198635,0.45269401744008064,4.491792991757393,shared_2l_dec_tail
8340,5.100185051560402,0.4504818934947252,4.543472081422806,shared_2l_dec_tail
8341,5.7182349264621735,0.9167420212179422,4.675714066252112,shared_2l_dec_tail
8342,5.0986940041184425,0.46877400018274784,4.522043978795409,shared_2l_dec_tail
8343,5.041806027293205,0.451723113656044,4.4826839584857225,shared_2l_dec_tail
8344,5.053000990301371,0.45359297655522823,4.49163606390357,shared_2l_dec_tail
8345,5.133452825248241,0.4603220149874687,4.565994953736663,shared_2l_dec_tail
8346,5.102555034682155,0.45434897765517235,4.539676010608673,shared_2l_dec_tail
8347,5.059529095888138,0.4482490476220846,4.50345198623836,shared_2l_dec_tail
8348,5.0917379558086395,0.46541611663997173,4.521362949162722,shared_2l_dec_tail
8349,5.085321143269539,0.46816212125122547,4.511189879849553,shared_2l_dec_tail
8350,5.023375153541565,0.46478607691824436,4.451795946806669,shared_2l_dec_tail
8351,5.120378918945789,0.4672990180552006,4.546899115666747,shared_2l_dec_tail
8352,5.005107959732413,0.45979698188602924,4.43871901370585,shared_2l_dec_tail
8353,5.054661072790623,0.4631839692592621,4.4863359071314335,shared_2l_dec_tail
8354,5.086505087092519,0.4546439740806818,4.523850046098232,shared_2l_dec_tail
8355,5.093805026262999,0.45152194797992706,4.53347316943109,shared_2l_dec_tail
8356,5.059888819232583,0.45626889914274216,4.494836088269949,shared_2l_dec_tail
8357,5.699164932593703,0.8969269692897797,4.68295207247138,shared_2l_dec_tail
8358,5.108064040541649,0.4613269120454788,4.537286004051566,shared_2l_dec_tail
8359,5.0713729579001665,0.4526639822870493,4.5113470405340195,shared_2l_dec_tail
8360,5.095630884170532,0.4543229006230831,4.532349994406104,shared_2l_dec_tail
8361,5.134325940161943,0.4517079796642065,4.57417406141758,shared_2l_dec_tail
8362,5.103128030896187,0.4490800201892853,4.54705604352057,shared_2l_dec_tail
8363,5.060586147010326,0.46037789434194565,4.494318971410394,shared_2l_dec_tail
8364,5.055469926446676,0.45616901479661465,4.491542000323534,shared_2l_dec_tail
8365,5.135264014825225,0.4660638514906168,4.561467096209526,shared_2l_dec_tail
8366,5.103261210024357,0.46251900494098663,4.533414961770177,shared_2l_dec_tail
8367,5.080163944512606,0.4665220621973276,4.507741890847683,shared_2l_dec_tail
8368,5.068492842838168,0.46214601024985313,4.494813969358802,shared_2l_dec_tail
8369,5.055155139416456,0.4524409305304289,4.4921450316905975,shared_2l_dec_tail
8370,5.0573700573295355,0.4532579332590103,4.497796995565295,shared_2l_dec_tail
8371,5.131157115101814,0.45707193203270435,4.5657099690288305,shared_2l_dec_tail
8372,5.069654900580645,0.4517179913818836,4.509638994932175,shared_2l_dec_tail
8373,5.706554977223277,0.9172791615128517,4.672556882724166,shared_2l_dec_tail
8374,5.1032379269599915,0.45783095993101597,4.537672968581319,shared_2l_dec_tail
8375,5.065056961029768,0.4526718985289335,4.505398916080594,shared_2l_dec_tail
8376,5.083425901830196,0.45787100680172443,4.518589004874229,shared_2l_dec_tail
8377,5.080371862277389,0.4508399870246649,4.523267038166523,shared_2l_dec_tail
8378,5.030113039538264,0.4537440836429596,4.468632861971855,shared_2l_dec_tail
8379,5.071308929473162,0.45114103704690933,4.511869978159666,shared_2l_dec_tail
8380,5.0920541398227215,0.45759789645671844,4.526206059381366,shared_2l_dec_tail
8381,5.053439876064658,0.47274213284254074,4.474105779081583,shared_2l_dec_tail
8382,5.087345140054822,0.456793000921607,4.522678209468722,shared_2l_dec_tail
8383,5.070690996944904,0.45929988846182823,4.503800068050623,shared_2l_dec_tail
8384,5.017711082473397,0.4596200305968523,4.45208209566772,shared_2l_dec_tail
8385,5.080226808786392,0.46071899123489857,4.513091873377562,shared_2l_dec_tail
8386,5.079471040517092,0.457684975117445,4.518859088420868,shared_2l_dec_tail
8387,5.026890896260738,0.447636004537344,4.469526931643486,shared_2l_dec_tail
8388,5.038381088525057,0.4502770025283098,4.481208045035601,shared_2l_dec_tail
8389,5.633339053019881,0.8977169636636972,4.6134511940181255,shared_2l_dec_tail
8390,5.063444143161178,0.47630583867430687,4.479176132008433,shared_2l_dec_tail
8391,5.05976821295917,0.46815001405775547,4.48534288443625,shared_2l_dec_tail
8392,5.106531782075763,0.45579602010548115,4.539103014394641,shared_2l_dec_tail
8393,5.067450925707817,0.45005278661847115,4.509593127295375,shared_2l_dec_tail
8394,5.106278927996755,0.4600819665938616,4.5376610942184925,shared_2l_dec_tail
8395,5.183591041713953,0.45440392568707466,4.543714923784137,shared_2l_dec_tail
8396,5.172747187316418,0.4797619767487049,4.5745181851089,shared_2l_dec_tail
8397,5.114012164995074,0.46310690231621265,4.5430760364979506,shared_2l_dec_tail
8398,5.094385938718915,0.46472204849123955,4.5237489975988865,shared_2l_dec_tail
8399,5.108296871185303,0.45595504343509674,4.545753123238683,shared_2l_dec_tail
8400,5.047852173447609,0.46960613690316677,4.472679924219847,shared_2l_dec_tail
8401,5.12777385301888,0.4565049894154072,4.562346963211894,shared_2l_dec_tail
8402,5.113488994538784,0.4638491664081812,4.541327944025397,shared_2l_dec_tail
8403,5.031900014728308,0.45802583917975426,4.467151127755642,shared_2l_dec_tail
8404,5.034774076193571,0.455186003819108,4.472776083275676,shared_2l_dec_tail
8405,5.7201380841434,0.9136078879237175,4.685187013819814,shared_2l_dec_tail
8406,5.097070010378957,0.46126218512654305,4.527306882664561,shared_2l_dec_tail
8407,5.096676992252469,0.45420601963996887,4.534357925876975,shared_2l_dec_tail
8408,5.3341721650213,0.4545520059764385,4.733172012493014,shared_2l_dec_tail
8409,5.061281146481633,0.46668783761560917,4.488055128604174,shared_2l_dec_tail
8410,5.064482102170587,0.4665160086005926,4.491555970162153,shared_2l_dec_tail
8411,5.120371002703905,0.4587189760059118,4.555205116048455,shared_2l_dec_tail
8412,5.025540012866259,0.454955967143178,4.464284982532263,shared_2l_dec_tail
8413,5.1022840198129416,0.4603629931807518,4.535421961918473,shared_2l_dec_tail
8414,5.0442039500921965,0.456441892310977,4.479912109673023,shared_2l_dec_tail
8415,5.118649918586016,0.45388401485979557,4.556053085252643,shared_2l_dec_tail
8416,5.053583066910505,0.45705982483923435,4.4895021710544825,shared_2l_dec_tail
8417,5.135163199156523,0.45231101103127,4.577001789584756,shared_2l_dec_tail
8418,5.020312033593655,0.4543440882116556,4.460355965420604,shared_2l_dec_tail
8419,5.1229780074208975,0.4635539371520281,4.552190890535712,shared_2l_dec_tail
8420,5.071622086688876,0.45877485536038876,4.505986114963889,shared_2l_dec_tail
8421,5.791368894279003,0.9081789758056402,4.762754077091813,shared_2l_dec_tail
8422,5.2125221118330956,0.45178201980888844,4.6536659356206656,shared_2l_dec_tail
8423,5.169295007362962,0.4633509088307619,4.598652943968773,shared_2l_dec_tail
8424,5.223887041211128,0.46695396304130554,4.6437091659754515,shared_2l_dec_tail
8425,5.203356966376305,0.46139396727085114,4.635744029656053,shared_2l_dec_tail
8426,5.221144994720817,0.45274896547198296,4.660428036004305,shared_2l_dec_tail
8427,5.202976055443287,0.4557271022349596,4.640220897272229,shared_2l_dec_tail
8428,5.148423835635185,0.4642740823328495,4.57917689345777,shared_2l_dec_tail
8429,5.216581979766488,0.45947800390422344,4.653075011447072,shared_2l_dec_tail
8430,5.18942391499877,0.465278048068285,4.617244936525822,shared_2l_dec_tail
8431,5.228177877143025,0.4523529205471277,4.665361018851399,shared_2l_dec_tail
8432,5.18210488371551,0.4580661188811064,4.616210935637355,shared_2l_dec_tail
8433,5.266655003651977,0.4642719868570566,4.695092095062137,shared_2l_dec_tail
8434,5.143013084307313,0.45678019523620605,4.5784697867929935,shared_2l_dec_tail
8435,5.227870075032115,0.45940582640469074,4.6615751925855875,shared_2l_dec_tail
8436,5.183330038562417,0.45292312279343605,4.623419838026166,shared_2l_dec_tail
8437,5.73001685552299,0.9057619608938694,4.7034521121531725,shared_2l_dec_tail
8438,5.130687030032277,0.4579608794301748,4.562563961371779,shared_2l_dec_tail
8439,5.158516112715006,0.4542239475995302,4.596777958795428,shared_2l_dec_tail
8440,5.117810098454356,0.46429107896983624,4.547011107206345,shared_2l_dec_tail
8441,5.117730004712939,0.47166598960757256,4.537757020443678,shared_2l_dec_tail
8442,5.130554083734751,0.46246801503002644,4.561176989227533,shared_2l_dec_tail
8443,5.080454051494598,0.46813301742076874,4.504537908360362,shared_2l_dec_tail
8444,5.13516110368073,0.46117580495774746,4.567570053040981,shared_2l_dec_tail
8445,5.0759101286530495,0.4593930207192898,4.510714905336499,shared_2l_dec_tail
8446,5.1083730068057775,0.459285918623209,4.541130969300866,shared_2l_dec_tail
8447,5.13672293163836,0.4585939459502697,4.571541910991073,shared_2l_dec_tail
8448,5.093415966257453,0.4596028011292219,4.525344120338559,shared_2l_dec_tail
8449,5.115583073347807,0.46831718645989895,4.541005007922649,shared_2l_dec_tail
8450,5.142014008015394,0.4655939992517233,4.568285075947642,shared_2l_dec_tail
8451,5.101699847728014,0.46303984709084034,4.5299159828573465,shared_2l_dec_tail
8452,5.147306947037578,0.45783095993101597,4.582155961543322,shared_2l_dec_tail
8453,5.694356979802251,0.906866043806076,4.666958935558796,shared_2l_dec_tail
8454,5.196431884542108,0.4698729608207941,4.622183041647077,shared_2l_dec_tail
8455,5.078335991129279,0.4630188923329115,4.5108029153198,shared_2l_dec_tail
8456,5.141313886269927,0.46115508303046227,4.572161938995123,shared_2l_dec_tail
8457,5.063373129814863,0.45578088611364365,4.500697134062648,shared_2l_dec_tail
8458,5.161779001355171,0.46507292427122593,4.590446129441261,shared_2l_dec_tail
8459,5.0788691733032465,0.46527315862476826,4.508147947490215,shared_2l_dec_tail
8460,5.136873805895448,0.4671141505241394,4.5638917945325375,shared_2l_dec_tail
8461,5.15757012180984,0.46780891716480255,4.581660032272339,shared_2l_dec_tail
8462,5.100941052660346,0.4628300666809082,4.524759016931057,shared_2l_dec_tail
8463,5.143709015101194,0.4646021407097578,4.57121804356575,shared_2l_dec_tail
8464,5.1610940136015415,0.4553671460598707,4.6000678557902575,shared_2l_dec_tail
8465,5.115197040140629,0.4588840529322624,4.551339894533157,shared_2l_dec_tail
8466,5.079170921817422,0.45669288374483585,4.514961037784815,shared_2l_dec_tail
8467,5.0813378766179085,0.46354602091014385,4.511365899816155,shared_2l_dec_tail
8468,5.147217074409127,0.4597089719027281,4.581301007419825,shared_2l_dec_tail
8469,5.714126164093614,0.9175781160593033,4.674746887758374,shared_2l_dec_tail
8470,5.135013023391366,0.46993279829621315,4.557456122711301,shared_2l_dec_tail
8471,5.076088011264801,0.4705451428890228,4.497747868299484,shared_2l_dec_tail
8472,5.127999000251293,0.47038798220455647,4.551708931103349,shared_2l_dec_tail
8473,5.147251067683101,0.46990602277219296,4.564078990370035,shared_2l_dec_tail
8474,5.087660159915686,0.4602579865604639,4.523082869127393,shared_2l_dec_tail
8475,5.1165001932531595,0.45547913759946823,4.553862847387791,shared_2l_dec_tail
8476,5.105026997625828,0.4561648238450289,4.5426650904119015,shared_2l_dec_tail
8477,5.112274084240198,0.4538919311016798,4.551502177491784,shared_2l_dec_tail
8478,5.130015080794692,0.4578731022775173,4.566424060612917,shared_2l_dec_tail
8479,5.072604864835739,0.464793061837554,4.501311108469963,shared_2l_dec_tail
8480,5.162196001037955,0.4712720401585102,4.583369009196758,shared_2l_dec_tail
8481,5.088309990242124,0.47324178740382195,4.508948186412454,shared_2l_dec_tail
8482,5.076223984360695,0.45778299681842327,4.509706050157547,shared_2l_dec_tail
8483,5.101391114294529,0.45558298006653786,4.539978923276067,shared_2l_dec_tail
8484,5.06180408410728,0.45450287871062756,4.49905195273459,shared_2l_dec_tail
8485,5.739009007811546,0.9192440193146467,4.699588054791093,shared_2l_dec_tail
8486,5.172085016965866,0.46462099999189377,4.600007785484195,shared_2l_dec_tail
8487,5.105677060782909,0.46349898912012577,4.534065956249833,shared_2l_dec_tail
8488,5.174143938347697,0.4612880293279886,4.60613495670259,shared_2l_dec_tail
8489,5.127705167979002,0.45825098641216755,4.562647081911564,shared_2l_dec_tail
8490,5.178350023925304,0.47063780948519707,4.599770996719599,shared_2l_dec_tail
8491,5.135955987498164,0.4691770300269127,4.559841006994247,shared_2l_dec_tail
8492,5.109810968860984,0.45803398825228214,4.539408953860402,shared_2l_dec_tail
8493,5.073589039966464,0.46210503205657005,4.499166971072555,shared_2l_dec_tail
8494,5.153601057827473,0.4578190855681896,4.5900598634034395,shared_2l_dec_tail
8495,5.090055055916309,0.4603271372616291,4.524702904745936,shared_2l_dec_tail
8496,5.128814838826656,0.4562940448522568,4.565173992887139,shared_2l_dec_tail
8497,5.155046936124563,0.4569420125335455,4.590408876538277,shared_2l_dec_tail
8498,5.154801066964865,0.4805149510502815,4.568803124129772,shared_2l_dec_tail
8499,5.149489967152476,0.4737840499728918,4.569597076624632,shared_2l_dec_tail
8500,5.118431989103556,0.45601814053952694,4.55242395401001,shared_2l_dec_tail
8501,5.715591832995415,0.897945137694478,4.69794892705977,shared_2l_dec_tail
8502,5.1910351030528545,0.4762911703437567,4.600163782015443,shared_2l_dec_tail
8503,5.063657183200121,0.45823887921869755,4.494743188843131,shared_2l_dec_tail
8504,5.073701962828636,0.45974808745086193,4.509049002081156,shared_2l_dec_tail
8505,5.131570156663656,0.4574588965624571,4.5691379345953465,shared_2l_dec_tail
8506,5.082026124000549,0.4546858835965395,4.519582958891988,shared_2l_dec_tail
8507,5.138192092999816,0.45998883433640003,4.569981014356017,shared_2l_dec_tail
8508,5.085571901872754,0.4615378566086292,4.517326131463051,shared_2l_dec_tail
8509,5.140125984326005,0.46239583753049374,4.570432007312775,shared_2l_dec_tail
8510,5.116418935358524,0.4663788713514805,4.541832022368908,shared_2l_dec_tail
8511,5.141174886375666,0.46568107791244984,4.5681779738515615,shared_2l_dec_tail
8512,5.122563103213906,0.45157712884247303,4.564333939924836,shared_2l_dec_tail
8513,5.053580040112138,0.45402185060083866,4.4946810230612755,shared_2l_dec_tail
8514,5.143909016624093,0.4559881053864956,4.582078894600272,shared_2l_dec_tail
8515,5.1028120797127485,0.45835599303245544,4.540075082331896,shared_2l_dec_tail
8516,5.153798032552004,0.45621395111083984,4.590559052303433,shared_2l_dec_tail
8517,5.71589800529182,0.9098951704800129,4.685041029006243,shared_2l_dec_tail
8518,5.166005110368133,0.45772106386721134,4.599360981956124,shared_2l_dec_tail
8519,5.085452925413847,0.4684310406446457,4.510511178523302,shared_2l_dec_tail
8520,5.149277159944177,0.4619630053639412,4.579514963552356,shared_2l_dec_tail
8521,5.091772880405188,0.4724860191345215,4.510468104854226,shared_2l_dec_tail
8522,5.156465107575059,0.4660210106521845,4.582602996379137,shared_2l_dec_tail
8523,5.0752609968185425,0.4588779993355274,4.51055308803916,shared_2l_dec_tail
8524,5.126144038513303,0.4574779886752367,4.562699934467673,shared_2l_dec_tail
8525,5.131629062816501,0.4550039302557707,4.572846926748753,shared_2l_dec_tail
8526,5.111236125230789,0.45393919572234154,4.548824857920408,shared_2l_dec_tail
8527,5.0693079829216,0.4673069342970848,4.495651926845312,shared_2l_dec_tail
8528,5.164555972442031,0.4694708622992039,4.588166018947959,shared_2l_dec_tail
8529,5.0765289925038815,0.46557001769542694,4.504070151597261,shared_2l_dec_tail
8530,5.086201010271907,0.4538379143923521,4.525044932961464,shared_2l_dec_tail
8531,5.155287915840745,0.47108507715165615,4.57631703466177,shared_2l_dec_tail
8532,5.144975148141384,0.4608910530805588,4.577537067234516,shared_2l_dec_tail
8533,5.6797831784933805,0.9153359569609165,4.6439580619335175,shared_2l_dec_tail
8534,5.202239146456122,0.473337946459651,4.621512023732066,shared_2l_dec_tail
8535,5.071154097095132,0.46417792327702045,4.498520167544484,shared_2l_dec_tail
8536,5.156864877790213,0.4603271372616291,4.588139010593295,shared_2l_dec_tail
8537,5.087677855044603,0.4576470237225294,4.523426992818713,shared_2l_dec_tail
8538,5.107239121571183,0.4576118662953377,4.5401910319924355,shared_2l_dec_tail
8539,5.142039153724909,0.4694359377026558,4.565547918900847,shared_2l_dec_tail
8540,5.121487891301513,0.47218985855579376,4.541231086477637,shared_2l_dec_tail
8541,5.054822890087962,0.46589900739490986,4.481672076508403,shared_2l_dec_tail
8542,5.109679885208607,0.46899798326194286,4.5309909619390965,shared_2l_dec_tail
8543,5.0999619998037815,0.4510078579187393,4.543832968920469,shared_2l_dec_tail
8544,5.13957510702312,0.462123891338706,4.570615012198687,shared_2l_dec_tail
8545,5.053010070696473,0.45080995187163353,4.496981156989932,shared_2l_dec_tail
8546,5.069450009614229,0.4512870218604803,4.512398969382048,shared_2l_dec_tail
8547,5.1004220731556416,0.4566789139062166,4.538587993010879,shared_2l_dec_tail
8548,5.140631925314665,0.45904493890702724,4.573733080178499,shared_2l_dec_tail
8549,5.833503091707826,0.9080788586288691,4.802660085260868,shared_2l_dec_tail
8550,5.299838026985526,0.46752183698117733,4.723082995042205,shared_2l_dec_tail
8551,5.293351132422686,0.4746208433061838,4.7102931421250105,shared_2l_dec_tail
8552,5.283290985971689,0.45622303150594234,4.7198140528053045,shared_2l_dec_tail
8553,5.228231195360422,0.45530893839895725,4.666671855375171,shared_2l_dec_tail
8554,5.280174082145095,0.47032488510012627,4.702667938545346,shared_2l_dec_tail
8555,5.223786924034357,0.4658640827983618,4.6505918726325035,shared_2l_dec_tail
8556,5.307741928845644,0.46567688696086407,4.735752008855343,shared_2l_dec_tail
8557,5.28769800439477,0.4657378885895014,4.71419095993042,shared_2l_dec_tail
8558,5.262885941192508,0.4697700496762991,4.686769098043442,shared_2l_dec_tail
8559,5.254440940916538,0.4680599085986614,4.678481025621295,shared_2l_dec_tail
8560,5.250761052593589,0.45545795001089573,4.686922067776322,shared_2l_dec_tail
8561,5.247130990028381,0.4648061003535986,4.674168070778251,shared_2l_dec_tail
8562,5.288057029247284,0.4726359620690346,4.707342945039272,shared_2l_dec_tail
8563,5.226082168519497,0.4555750638246536,4.664212930947542,shared_2l_dec_tail
8564,5.269435001537204,0.4624021239578724,4.700448829680681,shared_2l_dec_tail
8565,5.682940827682614,0.9030490182340145,4.658449906855822,shared_2l_dec_tail
8566,5.167461931705475,0.46403007581830025,4.59424895234406,shared_2l_dec_tail
8567,5.1401660311967134,0.46231900341808796,4.571106052026153,shared_2l_dec_tail
8568,5.095841130241752,0.4701989237219095,4.518347093835473,shared_2l_dec_tail
8569,5.118317902088165,0.4726299084722996,4.5377949718385935,shared_2l_dec_tail
8570,5.134004866704345,0.4634968936443329,4.5557161793112755,shared_2l_dec_tail
8571,5.08912093937397,0.45882584527134895,4.523581126704812,shared_2l_dec_tail
8572,5.120318150147796,0.4648969043046236,4.5482690911740065,shared_2l_dec_tail
8573,5.174079909920692,0.45674899592995644,4.609273048117757,shared_2l_dec_tail
8574,5.127520998939872,0.4614598583430052,4.5583201572299,shared_2l_dec_tail
8575,5.084468983113766,0.46595395542681217,4.511323058977723,shared_2l_dec_tail
8576,5.153406877070665,0.46423496678471565,4.581287037581205,shared_2l_dec_tail
8577,5.098510999232531,0.4649639595299959,4.527778131887317,shared_2l_dec_tail
8578,5.136784864589572,0.46617002226412296,4.562634043395519,shared_2l_dec_tail
8579,5.091130034998059,0.45278691686689854,4.529931116849184,shared_2l_dec_tail
8580,5.129147786647081,0.4593329504132271,4.563672002404928,shared_2l_dec_tail
8581,5.7476849760860205,0.9161829948425293,4.711678950116038,shared_2l_dec_tail
8582,5.10136503726244,0.4630300682038069,4.531058017164469,shared_2l_dec_tail
8583,5.13967196457088,0.46188803389668465,4.570136079564691,shared_2l_dec_tail
8584,5.167543888092041,0.464003998786211,4.596638958901167,shared_2l_dec_tail
8585,5.131519166752696,0.4537038039416075,4.570992197841406,shared_2l_dec_tail
8586,5.138420034199953,0.46391808427870274,4.567885072901845,shared_2l_dec_tail
8587,5.122034111991525,0.47523085959255695,4.539906978607178,shared_2l_dec_tail
8588,5.103308008983731,0.47625903971493244,4.52087284065783,shared_2l_dec_tail
8589,5.176738137379289,0.47136982902884483,4.590651020407677,shared_2l_dec_tail
8590,5.080407951027155,0.4600358661264181,4.514053929597139,shared_2l_dec_tail
8591,5.108922021463513,0.45278994366526604,4.5481298584491014,shared_2l_dec_tail
8592,5.1552229560911655,0.46494300477206707,4.5819689985364676,shared_2l_dec_tail
8593,5.139800952747464,0.4661178681999445,4.566601011902094,shared_2l_dec_tail
8594,5.1471570041030645,0.4705749452114105,4.568485077470541,shared_2l_dec_tail
8595,5.1191519014537334,0.4753679968416691,4.538575187325478,shared_2l_dec_tail
8596,5.137028871104121,0.46530389226973057,4.564312053844333,shared_2l_dec_tail
8597,5.713820923119783,0.9226992260664701,4.672246985137463,shared_2l_dec_tail
8598,5.177470156922936,0.4693148657679558,4.594099009409547,shared_2l_dec_tail
8599,5.169488955289125,0.46424614265561104,4.59736492484808,shared_2l_dec_tail
8600,5.123118869960308,0.45644701458513737,4.558446817100048,shared_2l_dec_tail
8601,5.180157022550702,0.4663949366658926,4.606232047080994,shared_2l_dec_tail
8602,5.056647816672921,0.45585399493575096,4.494263092055917,shared_2l_dec_tail
8603,5.081423092633486,0.45744189992547035,4.517199005931616,shared_2l_dec_tail
8604,5.091027123853564,0.4664650186896324,4.515934037044644,shared_2l_dec_tail
8605,5.178644089028239,0.4777021240442991,4.593048011884093,shared_2l_dec_tail
8606,5.141309928148985,0.4608090966939926,4.5707200188189745,shared_2l_dec_tail
8607,5.153486970812082,0.46208593994379044,4.583856090903282,shared_2l_dec_tail
8608,5.066257901489735,0.4560248926281929,4.504763055592775,shared_2l_dec_tail
8609,5.101370858028531,0.4660470876842737,4.528203047811985,shared_2l_dec_tail
8610,5.132053978741169,0.4601140972226858,4.564073868095875,shared_2l_dec_tail
8611,5.0786209758371115,0.4622240085154772,4.509074846282601,shared_2l_dec_tail
8612,5.144277820363641,0.4683719016611576,4.568851087242365,shared_2l_dec_tail
8613,5.760050844401121,0.9209699928760529,4.718957003206015,shared_2l_dec_tail
8614,5.198623985052109,0.47327717766165733,4.618092905730009,shared_2l_dec_tail
8615,5.177344894036651,0.47300010919570923,4.597228951752186,shared_2l_dec_tail
8616,5.170865915715694,0.47163316048681736,4.5911569613963366,shared_2l_dec_tail
8617,5.160044180229306,0.46690506860613823,4.585122922435403,shared_2l_dec_tail
8618,5.153785925358534,0.4583578556776047,4.587534116581082,shared_2l_dec_tail
8619,5.1659271121025085,0.46421983279287815,4.59432415664196,shared_2l_dec_tail
8620,5.120192188769579,0.46434602700173855,4.5470858458429575,shared_2l_dec_tail
8621,5.191926145926118,0.4708808846771717,4.612619057297707,shared_2l_dec_tail
8622,5.162336165085435,0.46705291606485844,4.585789982229471,shared_2l_dec_tail
8623,5.108735058456659,0.460267998278141,4.543293965980411,shared_2l_dec_tail
8624,5.160060944035649,0.4587660077959299,4.5940931886434555,shared_2l_dec_tail
8625,5.10941818356514,0.4607688169926405,4.542044131085277,shared_2l_dec_tail
8626,5.0881910137832165,0.45665702782571316,4.525698022916913,shared_2l_dec_tail
8627,5.153620149940252,0.4672030918300152,4.577321000397205,shared_2l_dec_tail
8628,5.163767840713263,0.47309696674346924,4.582065856084228,shared_2l_dec_tail
8629,5.982128204777837,1.132305944338441,4.7272490337491035,shared_2l_dec_tail
8630,5.190251860767603,0.47276588156819344,4.607883049175143,shared_2l_dec_tail
8631,5.104996962472796,0.45760301873087883,4.539893940091133,shared_2l_dec_tail
8632,5.161614157259464,0.4625569563359022,4.591748118400574,shared_2l_dec_tail
8633,5.104798125103116,0.4637017846107483,4.535724176093936,shared_2l_dec_tail
8634,5.161119159311056,0.4727139603346586,4.582495894283056,shared_2l_dec_tail
8635,5.140936002135277,0.4666089080274105,4.565853159874678,shared_2l_dec_tail
8636,5.131132900714874,0.4686021711677313,4.554620943963528,shared_2l_dec_tail
8637,5.13988989405334,0.4659139085561037,4.568298114463687,shared_2l_dec_tail
8638,5.063018994405866,0.46184007078409195,4.496560897678137,shared_2l_dec_tail
8639,5.093689076602459,0.45645004138350487,4.530126927420497,shared_2l_dec_tail
8640,5.12561690993607,0.45816018246114254,4.560994915664196,shared_2l_dec_tail
8641,5.084813106805086,0.4656389355659485,4.512803163379431,shared_2l_dec_tail
8642,5.136799067258835,0.46382518485188484,4.567152820527554,shared_2l_dec_tail
8643,5.09317684918642,0.4650019109249115,4.521756200119853,shared_2l_dec_tail
8644,5.156232975423336,0.46866899356245995,4.579553846269846,shared_2l_dec_tail
8645,5.712417885661125,0.9060550946742296,4.686347907409072,shared_2l_dec_tail
8646,5.149455042555928,0.4726080223917961,4.5683728531003,shared_2l_dec_tail
8647,5.0920790527015924,0.4709400236606598,4.5144029427319765,shared_2l_dec_tail
8648,5.1659210585057735,0.4805480130016804,4.5800660736858845,shared_2l_dec_tail
8649,5.079596070572734,0.45920396223664284,4.515828099101782,shared_2l_dec_tail
8650,5.117285996675491,0.46461704187095165,4.545429954305291,shared_2l_dec_tail
8651,5.0696320831775665,0.45776693150401115,4.5045071747154,shared_2l_dec_tail
8652,5.121404072269797,0.45945821329951286,4.557058913633227,shared_2l_dec_tail
8653,5.092595005407929,0.46173296868801117,4.524881951510906,shared_2l_dec_tail
8654,5.071158986538649,0.4605259746313095,4.50328690931201,shared_2l_dec_tail
8655,5.117259919643402,0.4780010785907507,4.5328938867896795,shared_2l_dec_tail
8656,5.100312875583768,0.4777850117534399,4.51699597761035,shared_2l_dec_tail
8657,5.095457192510366,0.4679430276155472,4.519589943811297,shared_2l_dec_tail
8658,5.092320032417774,0.45258295722305775,4.5211410615593195,shared_2l_dec_tail
8659,5.128603894263506,0.45434688217937946,4.567132098600268,shared_2l_dec_tail
8660,5.11923199519515,0.4615460056811571,4.550609039142728,shared_2l_dec_tail
8661,5.710873054340482,0.9167569223791361,4.678152967244387,shared_2l_dec_tail
8662,5.151400109753013,0.46284799464046955,4.582837922498584,shared_2l_dec_tail
8663,5.108625860884786,0.45884796418249607,4.5447880402207375,shared_2l_dec_tail
8664,5.1457860972732306,0.4699490964412689,4.566181916743517,shared_2l_dec_tail
8665,5.159991793334484,0.4583669360727072,4.594041965901852,shared_2l_dec_tail
8666,5.046556005254388,0.46069896779954433,4.481382900848985,shared_2l_dec_tail
8667,5.134199047461152,0.47128298319876194,4.554718965664506,shared_2l_dec_tail
8668,5.153011064976454,0.47568604350090027,4.564978880807757,shared_2l_dec_tail
8669,5.111407954245806,0.45940279960632324,4.545753123238683,shared_2l_dec_tail
8670,5.055418936535716,0.4614379722625017,4.486734047532082,shared_2l_dec_tail
8671,5.16149215400219,0.45744585804641247,4.597480176016688,shared_2l_dec_tail
8672,5.048119928687811,0.4645281005650759,4.477541893720627,shared_2l_dec_tail
8673,5.142725072801113,0.4556600470095873,4.580917069688439,shared_2l_dec_tail
8674,5.123822949826717,0.47387881204485893,4.542323062196374,shared_2l_dec_tail
8675,5.123983835801482,0.46509900130331516,4.554379032924771,shared_2l_dec_tail
8676,5.065839039161801,0.4673739895224571,4.492675885558128,shared_2l_dec_tail
8677,5.846070824190974,0.9051160886883736,4.819597816094756,shared_2l_dec_tail
8678,5.316801834851503,0.4730639047920704,4.737843060865998,shared_2l_dec_tail
8679,5.268921842798591,0.4642580170184374,4.696483025327325,shared_2l_dec_tail
8680,5.210695089772344,0.4617581143975258,4.641583887860179,shared_2l_dec_tail
8681,5.250213202089071,0.4784790799021721,4.66539291664958,shared_2l_dec_tail
8682,5.255017196759582,0.46641682274639606,4.678286146372557,shared_2l_dec_tail
8683,5.310121923685074,0.45883189886808395,4.745087120682001,shared_2l_dec_tail
8684,5.250616930425167,0.46055507846176624,4.680994898080826,shared_2l_dec_tail
8685,5.279265809804201,0.46867504715919495,4.701952915638685,shared_2l_dec_tail
8686,5.26658701710403,0.4709979984909296,4.688432207331061,shared_2l_dec_tail
8687,5.244583124294877,0.46055600978434086,4.67603700235486,shared_2l_dec_tail
8688,5.283402046188712,0.46156696043908596,4.714364884421229,shared_2l_dec_tail
8689,5.246828077360988,0.46502496115863323,4.672089125961065,shared_2l_dec_tail
8690,5.243049934506416,0.4588291049003601,4.675982985645533,shared_2l_dec_tail
8691,5.260310834273696,0.4670410417020321,4.684898070991039,shared_2l_dec_tail
8692,5.254620919004083,0.4744089674204588,4.672874929383397,shared_2l_dec_tail
8693,5.7760130148380995,0.9017239790409803,4.754941910505295,shared_2l_dec_tail
8694,5.192815093323588,0.471245963126421,4.6139981132000685,shared_2l_dec_tail
8695,5.139246117323637,0.4816779401153326,4.551926860585809,shared_2l_dec_tail
8696,5.19712595269084,0.467727892100811,4.621507134288549,shared_2l_dec_tail
8697,5.203469889238477,0.4681230057030916,4.627767018973827,shared_2l_dec_tail
8698,5.169473122805357,0.4686817992478609,4.593867110088468,shared_2l_dec_tail
8699,5.197690101340413,0.4607369191944599,4.629324190318584,shared_2l_dec_tail
8700,5.224369000643492,0.4786299541592598,4.637688864022493,shared_2l_dec_tail
8701,5.1183190662413836,0.46542007476091385,4.543033894151449,shared_2l_dec_tail
8702,5.182209890335798,0.4659830592572689,4.610378993675113,shared_2l_dec_tail
8703,5.1351250149309635,0.45749894343316555,4.569594981148839,shared_2l_dec_tail
8704,5.201627966016531,0.46820309944450855,4.625185858458281,shared_2l_dec_tail
8705,5.137026077136397,0.4662969149649143,4.564132075756788,shared_2l_dec_tail
8706,5.221819039434195,0.4780029412358999,4.636496072635055,shared_2l_dec_tail
8707,5.130469799041748,0.4692738875746727,4.553898004814982,shared_2l_dec_tail
8708,5.194386001676321,0.46393508091568947,4.622130887582898,shared_2l_dec_tail
8709,5.7521851267665625,0.9271111339330673,4.710858920589089,shared_2l_dec_tail
8710,5.22295106202364,0.46547199599444866,4.650650080293417,shared_2l_dec_tail
8711,5.13167679309845,0.46332296915352345,4.562528105452657,shared_2l_dec_tail
8712,5.147380055859685,0.46284589916467667,4.578935215249658,shared_2l_dec_tail
8713,5.132128018885851,0.4695241805166006,4.556373925879598,shared_2l_dec_tail
8714,5.197250051423907,0.47286320477724075,4.619561834260821,shared_2l_dec_tail
8715,5.213403841480613,0.47577102668583393,4.632112104445696,shared_2l_dec_tail
8716,5.147007992491126,0.464501092210412,4.575161961838603,shared_2l_dec_tail
8717,5.178569117560983,0.4608000162988901,4.61024115793407,shared_2l_dec_tail
8718,5.1669529639184475,0.4618109669536352,4.598187981173396,shared_2l_dec_tail
8719,5.18553308211267,0.48022205010056496,4.598851781338453,shared_2l_dec_tail
8720,5.158910993486643,0.47429907135665417,4.573129815980792,shared_2l_dec_tail
8721,5.178497871384025,0.46168710105121136,4.609192023053765,shared_2l_dec_tail
8722,5.1607550121843815,0.45603583566844463,4.597187973558903,shared_2l_dec_tail
8723,5.195053061470389,0.4611120093613863,4.625821951776743,shared_2l_dec_tail
8724,5.170811899006367,0.4674219526350498,4.595679929479957,shared_2l_dec_tail
8725,5.744841881096363,0.9252079762518406,4.698743112385273,shared_2l_dec_tail
8726,5.189316812902689,0.46178908087313175,4.619116894900799,shared_2l_dec_tail
8727,5.1275501027703285,0.478795962408185,4.541649017482996,shared_2l_dec_tail
8728,5.191759904846549,0.47235190868377686,4.612128948792815,shared_2l_dec_tail
8729,5.117091117426753,0.46322005800902843,4.546773852780461,shared_2l_dec_tail
8730,5.191226955503225,0.46353996731340885,4.62015881203115,shared_2l_dec_tail
8731,5.108961835503578,0.46144193038344383,4.54081199131906,shared_2l_dec_tail
8732,5.167039111256599,0.4626100417226553,4.598303930833936,shared_2l_dec_tail
8733,5.117807071655989,0.4790220409631729,4.533322993665934,shared_2l_dec_tail
8734,5.196575075387955,0.46668993309140205,4.621935077011585,shared_2l_dec_tail
8735,5.145051050931215,0.46534882858395576,4.572919104248285,shared_2l_dec_tail
8736,5.165368085727096,0.4649669863283634,4.59374999627471,shared_2l_dec_tail
8737,5.180476000532508,0.46249106526374817,4.61176410317421,shared_2l_dec_tail
8738,5.135220009833574,0.4644258879125118,4.56437305547297,shared_2l_dec_tail
8739,5.2143309731036425,0.4681670106947422,4.637248115614057,shared_2l_dec_tail
8740,5.133623955771327,0.47428603284060955,4.5523629523813725,shared_2l_dec_tail
8741,5.774421850219369,0.9153890423476696,4.733609035611153,shared_2l_dec_tail
8742,5.253661889582872,0.47130510210990906,4.669375950470567,shared_2l_dec_tail
8743,5.174758844077587,0.4655949305742979,4.60202107205987,shared_2l_dec_tail
8744,5.2446851041167974,0.47572189942002296,4.660926992073655,shared_2l_dec_tail
8745,5.1848560106009245,0.46310899779200554,4.615348996594548,shared_2l_dec_tail
8746,5.217219004407525,0.4695120733231306,4.640783881768584,shared_2l_dec_tail
8747,5.177886923775077,0.4682850558310747,4.599316976964474,shared_2l_dec_tail
8748,5.237495061010122,0.4664571024477482,4.663737956434488,shared_2l_dec_tail
8749,5.161294946447015,0.4587741568684578,4.595314851030707,shared_2l_dec_tail
8750,5.220976192504168,0.45889802277088165,4.653855925425887,shared_2l_dec_tail
8751,5.186901893466711,0.48880581744015217,4.591263132169843,shared_2l_dec_tail
8752,5.2441509906202555,0.47480477951467037,4.662108141928911,shared_2l_dec_tail
8753,5.17454999499023,0.4604179412126541,4.607627168297768,shared_2l_dec_tail
8754,5.138844018802047,0.46140910126268864,4.570551915094256,shared_2l_dec_tail
8755,5.196747835725546,0.46798610128462315,4.620858002454042,shared_2l_dec_tail
8756,5.2531929686665535,0.4786679055541754,4.6665670815855265,shared_2l_dec_tail
8757,5.735744023695588,0.9232459124177694,4.691391019150615,shared_2l_dec_tail
8758,5.1679108291864395,0.4766189958900213,4.584884969517589,shared_2l_dec_tail
8759,5.162162007763982,0.47758803702890873,4.57313098013401,shared_2l_dec_tail
8760,5.193909164518118,0.47491188161075115,4.612758988514543,shared_2l_dec_tail
8761,5.174573976546526,0.46146917156875134,4.60420292802155,shared_2l_dec_tail
8762,5.177430110052228,0.46481192111968994,4.60558314807713,shared_2l_dec_tail
8763,5.114099942147732,0.4680771380662918,4.539248999208212,shared_2l_dec_tail
8764,5.183415021747351,0.47250883653759956,4.603245062753558,shared_2l_dec_tail
8765,5.124079063534737,0.4684021696448326,4.546238807961345,shared_2l_dec_tail
8766,5.20420609973371,0.46545895747840405,4.63100615888834,shared_2l_dec_tail
8767,5.185714922845364,0.46165892854332924,4.616618854925036,shared_2l_dec_tail
8768,5.181556800380349,0.4741069860756397,4.600768908858299,shared_2l_dec_tail
8769,5.204822868108749,0.47273701056838036,4.625933011993766,shared_2l_dec_tail
8770,5.179329076781869,0.4735831171274185,4.593803780153394,shared_2l_dec_tail
8771,5.186505848541856,0.4636310040950775,4.615066107362509,shared_2l_dec_tail
8772,5.180312087759376,0.4622309934347868,4.6109778340905905,shared_2l_dec_tail
8773,5.7454470079392195,0.9276790078729391,4.697486059740186,shared_2l_dec_tail
8774,5.218598060309887,0.4746981430798769,4.634842975065112,shared_2l_dec_tail
8775,5.155564984306693,0.4739330615848303,4.573494894430041,shared_2l_dec_tail
8776,5.224999040365219,0.4696010146290064,4.648638889193535,shared_2l_dec_tail
8777,5.150696961209178,0.46936492435634136,4.57384716719389,shared_2l_dec_tail
8778,5.137336906045675,0.46937400475144386,4.55646007321775,shared_2l_dec_tail
8779,5.165155977010727,0.4638868849724531,4.59449109621346,shared_2l_dec_tail
8780,5.1638660952448845,0.46171084977686405,4.594925092533231,shared_2l_dec_tail
8781,5.216710967943072,0.46219700016081333,4.645228153094649,shared_2l_dec_tail
8782,5.173349054530263,0.47182594425976276,4.592568846419454,shared_2l_dec_tail
8783,5.206055007874966,0.4756718408316374,4.614830948412418,shared_2l_dec_tail
8784,5.192819982767105,0.466782134026289,4.618099890649319,shared_2l_dec_tail
8785,5.120876943692565,0.4610898904502392,4.553535021841526,shared_2l_dec_tail
8786,5.1707851234823465,0.4587098956108093,4.6047361101955175,shared_2l_dec_tail
8787,5.135525017976761,0.46799308620393276,4.561944864690304,shared_2l_dec_tail
8788,5.19154779613018,0.47244015149772167,4.61248098872602,shared_2l_dec_tail
8789,5.756278056651354,0.9218670893460512,4.714112030342221,shared_2l_dec_tail
8790,5.228597903624177,0.48064603470265865,4.640073049813509,shared_2l_dec_tail
8791,5.149720003828406,0.48031285405158997,4.555926192551851,shared_2l_dec_tail
8792,5.191215081140399,0.4694589879363775,4.614735022187233,shared_2l_dec_tail
8793,5.2046081982553005,0.4714690148830414,4.626517184078693,shared_2l_dec_tail
8794,5.197697086259723,0.4632479976862669,4.625696921721101,shared_2l_dec_tail
8795,5.165120819583535,0.47318683937191963,4.583916161209345,shared_2l_dec_tail
8796,5.224696826189756,0.47531304880976677,4.637006903067231,shared_2l_dec_tail
8797,5.116487154737115,0.4631960764527321,4.546124022454023,shared_2l_dec_tail
8798,5.197392078116536,0.4631238989531994,4.62681008502841,shared_2l_dec_tail
8799,5.165615119040012,0.46686199493706226,4.59239911288023,shared_2l_dec_tail
8800,5.1981189753860235,0.4704131279140711,4.620436811819673,shared_2l_dec_tail
8801,5.183747969567776,0.4763379693031311,4.601849941536784,shared_2l_dec_tail
8802,5.1554657984524965,0.4696939140558243,4.5766260009258986,shared_2l_dec_tail
8803,5.169703857973218,0.4653679206967354,4.596734186634421,shared_2l_dec_tail
8804,5.189589923247695,0.46692113392055035,4.616160877048969,shared_2l_dec_tail
8805,5.871545989066362,0.9305018465965986,4.818790126591921,shared_2l_dec_tail
8806,5.351959960535169,0.46598794870078564,4.777162102982402,shared_2l_dec_tail
8807,5.371602019295096,0.47274515964090824,4.787246929481626,shared_2l_dec_tail
8808,5.2813999354839325,0.46382215805351734,4.707910818979144,shared_2l_dec_tail
8809,5.346651887521148,0.4630759358406067,4.774876870214939,shared_2l_dec_tail
8810,5.263823084533215,0.46711298637092113,4.6895211562514305,shared_2l_dec_tail
8811,5.34893898293376,0.46675605699419975,4.768928047269583,shared_2l_dec_tail
8812,5.342124029994011,0.4714219830930233,4.7620739787817,shared_2l_dec_tail
8813,5.278317956253886,0.4691719077527523,4.700632067397237,shared_2l_dec_tail
8814,5.3406329825520515,0.45877997763454914,4.766983911395073,shared_2l_dec_tail
8815,5.259648198261857,0.4703190643340349,4.681516904383898,shared_2l_dec_tail
8816,5.312780849635601,0.46861800365149975,4.738194169476628,shared_2l_dec_tail
8817,5.35223912447691,0.46427687630057335,4.77823312394321,shared_2l_dec_tail
8818,5.322266137227416,0.45838113874197006,4.756167996674776,shared_2l_dec_tail
8819,5.342717980965972,0.4788599908351898,4.759503994137049,shared_2l_dec_tail
8820,5.329252919182181,0.46977587044239044,4.751477157697082,shared_2l_dec_tail
8821,5.760103929787874,0.9254699107259512,4.714762093499303,shared_2l_dec_tail
8822,5.203556967899203,0.4636079538613558,4.633283941075206,shared_2l_dec_tail
8823,5.1858690567314625,0.4703898448497057,4.60978620685637,shared_2l_dec_tail
8824,5.202573956921697,0.4624349530786276,4.633754957467318,shared_2l_dec_tail
8825,5.150239914655685,0.4679858684539795,4.5776660554111,shared_2l_dec_tail
8826,5.181227112188935,0.47066202387213707,4.599248059093952,shared_2l_dec_tail
8827,5.134264938533306,0.4642060957849026,4.563933005556464,shared_2l_dec_tail
8828,5.125035066157579,0.4581219982355833,4.5599129516631365,shared_2l_dec_tail
8829,5.170915042981505,0.4641721025109291,4.601087886840105,shared_2l_dec_tail
8830,5.189284915104508,0.46412996016442776,4.618364851921797,shared_2l_dec_tail
8831,5.172725999727845,0.47701504081487656,4.590444033965468,shared_2l_dec_tail
8832,5.166593007743359,0.4753249231725931,4.57897293381393,shared_2l_dec_tail
8833,5.130537087097764,0.4648801404982805,4.560811910778284,shared_2l_dec_tail
8834,5.166172049939632,0.46523287892341614,4.593624034896493,shared_2l_dec_tail
8835,5.1799670327454805,0.46825408935546875,4.6055130660533905,shared_2l_dec_tail
8836,5.174166988581419,0.4673229996114969,4.601965192705393,shared_2l_dec_tail
8837,5.797922145575285,0.9250720031559467,4.751529078930616,shared_2l_dec_tail
8838,5.209777038544416,0.4637148231267929,4.639084218069911,shared_2l_dec_tail
8839,5.152203841134906,0.47138985246419907,4.573972197249532,shared_2l_dec_tail
8840,5.219090962782502,0.47465693205595016,4.633129108697176,shared_2l_dec_tail
8841,5.164311965927482,0.457939924672246,4.598473897203803,shared_2l_dec_tail
8842,5.20682311616838,0.4656619857996702,4.6329679898917675,shared_2l_dec_tail
8843,5.2181140054017305,0.4577010404318571,4.652644973248243,shared_2l_dec_tail
8844,5.212861113250256,0.4758408758789301,4.629327915608883,shared_2l_dec_tail
8845,5.157506791874766,0.4703009035438299,4.575259052217007,shared_2l_dec_tail
8846,5.174312042072415,0.4617550875991583,4.606351954862475,shared_2l_dec_tail
8847,5.208211950957775,0.46401796862483025,4.637112142518163,shared_2l_dec_tail
8848,5.1926239393651485,0.4617590457201004,4.624583059921861,shared_2l_dec_tail
8849,5.183874163776636,0.47466205433011055,4.600773798301816,shared_2l_dec_tail
8850,5.213952157646418,0.4718468990176916,4.63206903077662,shared_2l_dec_tail
8851,5.144123919308186,0.464641023427248,4.57219104282558,shared_2l_dec_tail
8852,5.205387948080897,0.46196416951715946,4.636525874957442,shared_2l_dec_tail
8853,5.792792188003659,0.9190468117594719,4.752001026645303,shared_2l_dec_tail
8854,5.17888693138957,0.47034001909196377,4.59910393692553,shared_2l_dec_tail
8855,5.224023945629597,0.4728690255433321,4.643779946491122,shared_2l_dec_tail
8856,5.219070008024573,0.47298590652644634,4.638503072783351,shared_2l_dec_tail
8857,5.193199962377548,0.4770031664520502,4.603303968906403,shared_2l_dec_tail
8858,5.140702007338405,0.4672580398619175,4.565887153148651,shared_2l_dec_tail
8859,5.193634890019894,0.46317814849317074,4.623580956831574,shared_2l_dec_tail
8860,5.129988072440028,0.46909390948712826,4.553990205749869,shared_2l_dec_tail
8861,5.208558170124888,0.4700899589806795,4.631852963939309,shared_2l_dec_tail
8862,5.145137896761298,0.4778471775352955,4.561376990750432,shared_2l_dec_tail
8863,5.202373955398798,0.4783628974109888,4.617932951077819,shared_2l_dec_tail
8864,5.153248086571693,0.4745430778712034,4.572100937366486,shared_2l_dec_tail
8865,5.144498078152537,0.46449084766209126,4.57433913834393,shared_2l_dec_tail
8866,5.185537040233612,0.4615460056811571,4.616513149812818,shared_2l_dec_tail
8867,5.211769137531519,0.47019519843161106,4.634219920262694,shared_2l_dec_tail
8868,5.153605947270989,0.47353398986160755,4.568814067170024,shared_2l_dec_tail
8869,5.771140800788999,0.9107859805226326,4.7397250309586525,shared_2l_dec_tail
8870,5.240494851022959,0.4844341892749071,4.65135695412755,shared_2l_dec_tail
8871,5.172325065359473,0.46381913125514984,4.602148896083236,shared_2l_dec_tail
8872,5.2353208884596825,0.4696599207818508,4.657536977902055,shared_2l_dec_tail
8873,5.185542860999703,0.46728597953915596,4.6119841281324625,shared_2l_dec_tail
8874,5.222658859565854,0.47368998639285564,4.642236046493053,shared_2l_dec_tail
8875,5.2009569481015205,0.46677887439727783,4.6226889826357365,shared_2l_dec_tail
8876,5.233705043792725,0.4642088897526264,4.6641051303595304,shared_2l_dec_tail
8877,5.191474920138717,0.46865292824804783,4.615026991814375,shared_2l_dec_tail
8878,5.21776988171041,0.46907784417271614,4.641955019906163,shared_2l_dec_tail
8879,5.178762134164572,0.4769491497427225,4.595399834215641,shared_2l_dec_tail
8880,5.211517913267016,0.4691921640187502,4.636121913790703,shared_2l_dec_tail
8881,5.164044909179211,0.4694520030170679,4.588379990309477,shared_2l_dec_tail
8882,5.229235161095858,0.4657469689846039,4.654764197766781,shared_2l_dec_tail
8883,5.204724846407771,0.4774180706590414,4.620154853910208,shared_2l_dec_tail
8884,5.2392499055713415,0.48136082477867603,4.649244016036391,shared_2l_dec_tail
8885,5.761039908975363,0.9299940429627895,4.7108810395002365,shared_2l_dec_tail
8886,5.2358838729560375,0.4831668920814991,4.642765037715435,shared_2l_dec_tail
8887,5.138396052643657,0.46867504715919495,4.561582114547491,shared_2l_dec_tail
8888,5.212244112044573,0.468013109639287,4.636984085664153,shared_2l_dec_tail
8889,5.216171033680439,0.4572260659188032,4.653583979234099,shared_2l_dec_tail
8890,5.150909069925547,0.46925595961511135,4.574191058054566,shared_2l_dec_tail
8891,5.200857995077968,0.4712578374892473,4.6217970084398985,shared_2l_dec_tail
8892,5.1533791702240705,0.4747749771922827,4.572991980239749,shared_2l_dec_tail
8893,5.176112987101078,0.465126009657979,4.604632966220379,shared_2l_dec_tail
8894,5.140138091519475,0.4654189106076956,4.569126991555095,shared_2l_dec_tail
8895,5.159555934369564,0.4670778289437294,4.584112204611301,shared_2l_dec_tail
8896,5.205105058848858,0.4768078215420246,4.621791187673807,shared_2l_dec_tail
8897,5.172353936359286,0.4724320024251938,4.593160934746265,shared_2l_dec_tail
8898,5.191467935219407,0.4631399642676115,4.6210961882025,shared_2l_dec_tail
8899,5.13866706751287,0.4677081014961004,4.565615905448794,shared_2l_dec_tail
8900,5.196304991841316,0.46673999167978764,4.621904110535979,shared_2l_dec_tail
8901,5.778837017714977,0.9241229854524136,4.733713110908866,shared_2l_dec_tail
8902,5.227932007983327,0.4704720340669155,4.651385126635432,shared_2l_dec_tail
8903,5.162046989426017,0.4733968526124954,4.582718946039677,shared_2l_dec_tail
8904,5.227855872362852,0.4765531048178673,4.638544050976634,shared_2l_dec_tail
8905,5.207934882491827,0.4653260111808777,4.636463010683656,shared_2l_dec_tail
8906,5.135267041623592,0.4664680454879999,4.563513910397887,shared_2l_dec_tail
8907,5.164380883798003,0.46008313074707985,4.597389837726951,shared_2l_dec_tail
8908,5.208895076066256,0.47492305748164654,4.627250833436847,shared_2l_dec_tail
8909,5.134875187650323,0.4662908613681793,4.563372116535902,shared_2l_dec_tail
8910,5.19637088291347,0.4656848032027483,4.622832173481584,shared_2l_dec_tail
8911,5.179275991395116,0.46888994984328747,4.602921195328236,shared_2l_dec_tail
8912,5.2079809829592705,0.47069694846868515,4.62946412153542,shared_2l_dec_tail
8913,5.152420839294791,0.46577095054090023,4.579439992085099,shared_2l_dec_tail
8914,5.224279128015041,0.47557917423546314,4.639596911147237,shared_2l_dec_tail
8915,5.138554144650698,0.4734690301120281,4.558018874377012,shared_2l_dec_tail
8916,5.192687967792153,0.4628850147128105,4.622483858838677,shared_2l_dec_tail
8917,5.781643092632294,0.9180831257253885,4.73818089812994,shared_2l_dec_tail
8918,5.218021105974913,0.4705220926553011,4.641840932890773,shared_2l_dec_tail
8919,5.1633738912642,0.4647111054509878,4.589902935549617,shared_2l_dec_tail
8920,5.1733688451349735,0.46724011190235615,4.598680883646011,shared_2l_dec_tail
8921,5.198862869292498,0.48159295693039894,4.61054197512567,shared_2l_dec_tail
8922,5.222615087404847,0.4694198723882437,4.641628125682473,shared_2l_dec_tail
8923,5.134538048878312,0.4721488803625107,4.554141080006957,shared_2l_dec_tail
8924,5.168012110516429,0.4691281355917454,4.592895973473787,shared_2l_dec_tail
8925,5.207680864259601,0.46770600602030754,4.632996860891581,shared_2l_dec_tail
8926,5.130273988470435,0.4792890977114439,4.543114919215441,shared_2l_dec_tail
8927,5.213398952037096,0.4760508891195059,4.630428040400147,shared_2l_dec_tail
8928,5.149896023795009,0.48325699754059315,4.5550670474767685,shared_2l_dec_tail
8929,5.19678695127368,0.46905013732612133,4.620513878762722,shared_2l_dec_tail
8930,5.175092024728656,0.47100288793444633,4.5958939008414745,shared_2l_dec_tail
8931,5.1431190222501755,0.46712998300790787,4.570327932015061,shared_2l_dec_tail
8932,5.193840013816953,0.4732368979603052,4.616068908944726,shared_2l_dec_tail
8933,5.916370777413249,0.9352159686386585,4.861444933339953,shared_2l_dec_tail
8934,5.3583739791065454,0.4812791012227535,4.763544071465731,shared_2l_dec_tail
8935,5.343560129404068,0.4670380149036646,4.769749008119106,shared_2l_dec_tail
8936,5.3207119926810265,0.46376511454582214,4.750546999275684,shared_2l_dec_tail
8937,5.348958075046539,0.47467509284615517,4.767013946548104,shared_2l_dec_tail
8938,5.319074960425496,0.4659290425479412,4.746083868667483,shared_2l_dec_tail
8939,5.336713045835495,0.4688368644565344,4.76158014498651,shared_2l_dec_tail
8940,5.37070888094604,0.4723779857158661,4.793143132701516,shared_2l_dec_tail
8941,5.311670945957303,0.4640959668904543,4.741082899272442,shared_2l_dec_tail
8942,5.326509941369295,0.4637520760297775,4.7555649653077126,shared_2l_dec_tail
8943,5.283130099996924,0.4746830090880394,4.701550118625164,shared_2l_dec_tail
8944,5.347558995708823,0.46413298696279526,4.777492024004459,shared_2l_dec_tail
8945,5.38929202593863,0.4639718681573868,4.819757072255015,shared_2l_dec_tail
8946,5.302920006215572,0.47192606143653393,4.72473306581378,shared_2l_dec_tail
8947,5.3434669971466064,0.4648601170629263,4.770667990669608,shared_2l_dec_tail
8948,5.305976141244173,0.4716268740594387,4.728977102786303,shared_2l_dec_tail
8949,5.803287029266357,0.917996047064662,4.76541300304234,shared_2l_dec_tail
8950,5.214512115344405,0.4747840575873852,4.630735842511058,shared_2l_dec_tail
8951,5.233411910012364,0.47090789303183556,4.655857104808092,shared_2l_dec_tail
8952,5.2277022041380405,0.4654449876397848,4.656062927097082,shared_2l_dec_tail
8953,5.193185061216354,0.4732939414680004,4.614177159965038,shared_2l_dec_tail
8954,5.261959973722696,0.4684608429670334,4.68675117008388,shared_2l_dec_tail
8955,5.2188660483807325,0.4774949047714472,4.635063000023365,shared_2l_dec_tail
8956,5.248882109299302,0.46584312804043293,4.67546796426177,shared_2l_dec_tail
8957,5.22869685664773,0.46552601270377636,4.654511110857129,shared_2l_dec_tail
8958,5.218900972977281,0.47245388850569725,4.637859063223004,shared_2l_dec_tail
8959,5.2111169788986444,0.4776478745043278,4.625526024028659,shared_2l_dec_tail
8960,5.233767908066511,0.47615310177206993,4.650323884561658,shared_2l_dec_tail
8961,5.248595029115677,0.4698471166193485,4.6710120514035225,shared_2l_dec_tail
8962,5.181584041565657,0.47106994315981865,4.600432002916932,shared_2l_dec_tail
8963,5.187963834032416,0.47934497706592083,4.6026939526200294,shared_2l_dec_tail
8964,5.255779018625617,0.47471700236201286,4.673857009038329,shared_2l_dec_tail
8965,5.825049011036754,0.9520289022475481,4.752990091219544,shared_2l_dec_tail
8966,5.271743051707745,0.4811889957636595,4.682846134528518,shared_2l_dec_tail
8967,5.199444014579058,0.4674280062317848,4.624662920832634,shared_2l_dec_tail
8968,5.196684971451759,0.46306801959872246,4.627100890502334,shared_2l_dec_tail
8969,5.19315293058753,0.47454284504055977,4.611731041222811,shared_2l_dec_tail
8970,5.275576841086149,0.4748259671032429,4.693964030593634,shared_2l_dec_tail
8971,5.235692951828241,0.47598383389413357,4.652684088796377,shared_2l_dec_tail
8972,5.239607999101281,0.46505918726325035,4.667677916586399,shared_2l_dec_tail
8973,5.23218116723001,0.47962507233023643,4.646714078262448,shared_2l_dec_tail
8974,5.274720955640078,0.47250092029571533,4.695347975939512,shared_2l_dec_tail
8975,5.204895976930857,0.4656100645661354,4.6313239727169275,shared_2l_dec_tail
8976,5.269060144200921,0.4689740017056465,4.694674862548709,shared_2l_dec_tail
8977,5.183617118746042,0.47107692807912827,4.605885129421949,shared_2l_dec_tail
8978,5.239816848188639,0.47307112254202366,4.659699974581599,shared_2l_dec_tail
8979,5.193697987124324,0.4737069830298424,4.614296834915876,shared_2l_dec_tail
8980,5.243064137175679,0.46108290553092957,4.674728028476238,shared_2l_dec_tail
8981,5.8532131370157,0.9718521032482386,4.760880954563618,shared_2l_dec_tail
8982,5.204638000577688,0.4757510032504797,4.618138074874878,shared_2l_dec_tail
8983,5.235309945419431,0.47961901873350143,4.6485411003232,shared_2l_dec_tail
8984,5.221768980845809,0.48104021698236465,4.633788950741291,shared_2l_dec_tail
8985,5.195144098252058,0.4739789292216301,4.612459102645516,shared_2l_dec_tail
8986,5.265988176688552,0.47123199328780174,4.688075976446271,shared_2l_dec_tail
8987,5.2293159533292055,0.47945696860551834,4.6429571229964495,shared_2l_dec_tail
8988,5.237794015556574,0.4829599056392908,4.647891968488693,shared_2l_dec_tail
8989,5.163764115422964,0.4690568894147873,4.586234921589494,shared_2l_dec_tail
8990,5.256204167380929,0.46883500181138515,4.680037032812834,shared_2l_dec_tail
8991,5.233125062659383,0.4678161349147558,4.659344907850027,shared_2l_dec_tail
8992,5.242559826001525,0.47743506729602814,4.658337915316224,shared_2l_dec_tail
8993,5.194731056690216,0.4754760302603245,4.612765973433852,shared_2l_dec_tail
8994,5.247812019661069,0.47102803364396095,4.668935900554061,shared_2l_dec_tail
8995,5.24174002930522,0.47012511640787125,4.665154963731766,shared_2l_dec_tail
8996,5.21896593272686,0.4834400024265051,4.628852009773254,shared_2l_dec_tail
8997,5.825104890391231,0.9252701420336962,4.779706010594964,shared_2l_dec_tail
8998,5.3077200427651405,0.4881680943071842,4.709193017333746,shared_2l_dec_tail
8999,5.21897291764617,0.4678929690271616,4.639369901269674,shared_2l_dec_tail
9000,5.30595681630075,0.46499213203787804,4.733656998723745,shared_2l_dec_tail
9001,5.216775927692652,0.48133800737559795,4.628798924386501,shared_2l_dec_tail
9002,5.282167112454772,0.48554595559835434,4.68701496720314,shared_2l_dec_tail
9003,5.265183979645371,0.47397101297974586,4.681647988036275,shared_2l_dec_tail
9004,5.282946163788438,0.46480889432132244,4.711762070655823,shared_2l_dec_tail
9005,5.265259183943272,0.48166699707508087,4.674592986702919,shared_2l_dec_tail
9006,5.25503815151751,0.4715889226645231,4.675623960793018,shared_2l_dec_tail
9007,5.273108836263418,0.4671448841691017,4.700758028775454,shared_2l_dec_tail
9008,5.219031125307083,0.4770960658788681,4.635650897398591,shared_2l_dec_tail
9009,5.237171892076731,0.47346693463623524,4.65896911919117,shared_2l_dec_tail
9010,5.223429063335061,0.4799279849976301,4.63762111030519,shared_2l_dec_tail
9011,5.232549970969558,0.4679919220507145,4.658401943743229,shared_2l_dec_tail
9012,5.302634090185165,0.4767230711877346,4.7188440803438425,shared_2l_dec_tail
9013,5.813691997900605,0.9374530054628849,4.755810834467411,shared_2l_dec_tail
9014,5.262705031782389,0.4681199789047241,4.686709959059954,shared_2l_dec_tail
9015,5.1969371270388365,0.48246700316667557,4.607404116541147,shared_2l_dec_tail
9016,5.248708883300424,0.4792790859937668,4.664566833525896,shared_2l_dec_tail
9017,5.209592869505286,0.47561293467879295,4.628051072359085,shared_2l_dec_tail
9018,5.22348890081048,0.4748450592160225,4.6413729432970285,shared_2l_dec_tail
9019,5.268401000648737,0.4758909344673157,4.683793988078833,shared_2l_dec_tail
9020,5.248296074569225,0.47477101907134056,4.66749002225697,shared_2l_dec_tail
9021,5.198683124035597,0.4696089308708906,4.620705032721162,shared_2l_dec_tail
9022,5.264244973659515,0.469825929030776,4.687208915129304,shared_2l_dec_tail
9023,5.258338991552591,0.476595014333725,4.674563882872462,shared_2l_dec_tail
9024,5.1739998161792755,0.4724238533526659,4.59318608045578,shared_2l_dec_tail
9025,5.231396062299609,0.4697679542005062,4.6539700124412775,shared_2l_dec_tail
9026,5.197238875553012,0.46518188901245594,4.624587018042803,shared_2l_dec_tail
9027,5.225308937951922,0.4751649685204029,4.644917091354728,shared_2l_dec_tail
9028,5.208728136494756,0.47747185453772545,4.623877117410302,shared_2l_dec_tail
9029,5.804992048069835,0.9121710900217295,4.770905943587422,shared_2l_dec_tail
9030,5.283484002575278,0.4778429865837097,4.692999878898263,shared_2l_dec_tail
9031,5.25404280051589,0.47357892617583275,4.673724062740803,shared_2l_dec_tail
9032,5.221779923886061,0.46332203783094883,4.649172071367502,shared_2l_dec_tail
9033,5.258966935798526,0.47400500625371933,4.678152967244387,shared_2l_dec_tail
9034,5.271771224215627,0.47771609388291836,4.685943014919758,shared_2l_dec_tail
9035,5.231532966718078,0.464028911665082,4.661756101995707,shared_2l_dec_tail
9036,5.210736067965627,0.4721330478787422,4.6304629649966955,shared_2l_dec_tail
9037,5.256301956251264,0.48324489034712315,4.666661145165563,shared_2l_dec_tail
9038,5.249784095212817,0.47726603224873543,4.665270913392305,shared_2l_dec_tail
9039,5.204734858125448,0.4673851653933525,4.628491820767522,shared_2l_dec_tail
9040,5.246227839961648,0.4728140775114298,4.665121901780367,shared_2l_dec_tail
9041,5.245410837233067,0.4777261056005955,4.660458071157336,shared_2l_dec_tail
9042,5.22638694383204,0.47759199514985085,4.642675863578916,shared_2l_dec_tail
9043,5.182262975722551,0.47997385263442993,4.596604034304619,shared_2l_dec_tail
9044,5.195740843191743,0.4746250342577696,4.614220932126045,shared_2l_dec_tail
9045,5.827142158523202,0.9268780704587698,4.77910996414721,shared_2l_dec_tail
9046,5.2577711176127195,0.4716208204627037,4.676953190937638,shared_2l_dec_tail
9047,5.209706025198102,0.47850306145846844,4.624305060133338,shared_2l_dec_tail
9048,5.285302875563502,0.480287941172719,4.696549149230123,shared_2l_dec_tail
9049,5.240838043391705,0.4753710236400366,4.658316029235721,shared_2l_dec_tail
9050,5.231437971815467,0.46601099893450737,4.659659927710891,shared_2l_dec_tail
9051,5.175882019102573,0.47702412120997906,4.5925520826131105,shared_2l_dec_tail
9052,5.242386134341359,0.48226211220026016,4.653305048123002,shared_2l_dec_tail
9053,5.235170945525169,0.4741419106721878,4.653931129723787,shared_2l_dec_tail
9054,5.192760843783617,0.46780495904386044,4.617878003045917,shared_2l_dec_tail
9055,5.229592090472579,0.4676668904721737,4.653668962419033,shared_2l_dec_tail
9056,5.246706074103713,0.4779219161719084,4.661391023546457,shared_2l_dec_tail
9057,5.260801874101162,0.4743211902678013,4.679366946220398,shared_2l_dec_tail
9058,5.198874976485968,0.4696119576692581,4.623918095603585,shared_2l_dec_tail
9059,5.229587899520993,0.4691930953413248,4.652542993426323,shared_2l_dec_tail
9060,5.210351897403598,0.4750499501824379,4.62822406552732,shared_2l_dec_tail
9061,6.003419868648052,0.9725329000502825,4.909733077511191,shared_2l_dec_tail
9062,5.43886492960155,0.479924026876688,4.850858123973012,shared_2l_dec_tail
9063,5.391405895352364,0.46983291395008564,4.813201958313584,shared_2l_dec_tail
9064,5.460259038954973,0.47742901369929314,4.874885780736804,shared_2l_dec_tail
9065,5.348603008314967,0.47436892054975033,4.768610000610352,shared_2l_dec_tail
9066,5.440838169306517,0.47075701877474785,4.861947847530246,shared_2l_dec_tail
9067,5.39122405461967,0.47753192484378815,4.805007018148899,shared_2l_dec_tail
9068,5.458666943013668,0.46754907816648483,4.882547073066235,shared_2l_dec_tail
9069,5.349565064534545,0.48591685481369495,4.757805960252881,shared_2l_dec_tail
9070,5.3932510782033205,0.46942406333982944,4.814758896827698,shared_2l_dec_tail
9071,5.358465947210789,0.4720170982182026,4.779619863256812,shared_2l_dec_tail
9072,5.351145984604955,0.47273910604417324,4.771474981680512,shared_2l_dec_tail
9073,5.402868147939444,0.47515006735920906,4.820803878828883,shared_2l_dec_tail
9074,5.3991160821169615,0.4776290152221918,4.814167972654104,shared_2l_dec_tail
9075,5.388170015066862,0.47287996858358383,4.810119047760963,shared_2l_dec_tail
9076,5.349164130166173,0.48030889593064785,4.762809025123715,shared_2l_dec_tail
9077,5.851496011018753,0.9570848196744919,4.773263121023774,shared_2l_dec_tail
9078,5.272086942568421,0.4826500080525875,4.6809830237179995,shared_2l_dec_tail
9079,5.217086989432573,0.4774590488523245,4.625248955562711,shared_2l_dec_tail
9080,5.283532897010446,0.471621984615922,4.705087980255485,shared_2l_dec_tail
9081,5.1801251247525215,0.47330697998404503,4.600170999765396,shared_2l_dec_tail
9082,5.217624129727483,0.475168926641345,4.635086981579661,shared_2l_dec_tail
9083,5.256183911114931,0.47727511264383793,4.670863971114159,shared_2l_dec_tail
9084,5.259952042251825,0.4759368021041155,4.6783629804849625,shared_2l_dec_tail
9085,5.21259312517941,0.46734604984521866,4.638158017769456,shared_2l_dec_tail
9086,5.272557958960533,0.48116198740899563,4.684502957388759,shared_2l_dec_tail
9087,5.218812031671405,0.47605601139366627,4.63591399602592,shared_2l_dec_tail
9088,5.2704340778291225,0.4673681687563658,4.696284886449575,shared_2l_dec_tail
9089,5.201829131692648,0.47326995991170406,4.621054045855999,shared_2l_dec_tail
9090,5.2454478573054075,0.4805270582437515,4.65969298966229,shared_2l_dec_tail
9091,5.20974793471396,0.4770061932504177,4.6248899307101965,shared_2l_dec_tail
9092,5.247725173830986,0.47346693463623524,4.666207125410438,shared_2l_dec_tail
9093,6.254391046240926,1.3100379146635532,4.82222787104547,shared_2l_dec_tail
9094,5.295080132782459,0.48550101928412914,4.700636025518179,shared_2l_dec_tail
9095,5.269334884360433,0.4865359514951706,4.674520110711455,shared_2l_dec_tail
9096,5.255949916318059,0.47684204764664173,4.671192029491067,shared_2l_dec_tail
9097,5.283150123432279,0.4752539098262787,4.700876073911786,shared_2l_dec_tail
9098,5.257670069113374,0.4830220714211464,4.662320949137211,shared_2l_dec_tail
9099,5.277747055515647,0.46930299140512943,4.700305173173547,shared_2l_dec_tail
9100,5.244914907962084,0.47982996329665184,4.657431971281767,shared_2l_dec_tail
9101,5.263271043077111,0.4837100859731436,4.672676092013717,shared_2l_dec_tail
9102,5.241784965619445,0.48300204798579216,4.649807931855321,shared_2l_dec_tail
9103,5.220707040280104,0.46573509462177753,4.647526890039444,shared_2l_dec_tail
9104,5.235704826191068,0.46632089652121067,4.663802217692137,shared_2l_dec_tail
9105,5.233667092397809,0.4885289818048477,4.639314953237772,shared_2l_dec_tail
9106,5.2661600057035685,0.48829009756445885,4.6684949193149805,shared_2l_dec_tail
9107,5.260074976831675,0.4690790083259344,4.684653133153915,shared_2l_dec_tail
9108,5.254608113318682,0.4677320830523968,4.679303849115968,shared_2l_dec_tail
9109,5.863121943548322,0.9769380558282137,4.7658218536525965,shared_2l_dec_tail
9110,5.288316169753671,0.4769749939441681,4.701502155512571,shared_2l_dec_tail
9111,5.2009569481015205,0.4864810034632683,4.604781046509743,shared_2l_dec_tail
9112,5.276113981381059,0.48512895591557026,4.684573970735073,shared_2l_dec_tail
9113,5.19475806504488,0.47346786595880985,4.613989032804966,shared_2l_dec_tail
9114,5.235312972217798,0.47637498937547207,4.6517569571733475,shared_2l_dec_tail
9115,5.199053091928363,0.482168048620224,4.610165953636169,shared_2l_dec_tail
9116,5.244476953521371,0.4743800964206457,4.663252970203757,shared_2l_dec_tail
9117,5.2171871066093445,0.47406600788235664,4.635669058188796,shared_2l_dec_tail
9118,5.210814997553825,0.47561503015458584,4.628542112186551,shared_2l_dec_tail
9119,5.233264993876219,0.4803449846804142,4.646126879379153,shared_2l_dec_tail
9120,5.215988028794527,0.4770371597260237,4.631076008081436,shared_2l_dec_tail
9121,5.232505034655333,0.4715230315923691,4.655468976125121,shared_2l_dec_tail
9122,5.208304151892662,0.46761310659348965,4.63427696377039,shared_2l_dec_tail
9123,5.245510954409838,0.46615186147391796,4.67208307236433,shared_2l_dec_tail
9124,5.246133077889681,0.4823841154575348,4.651200957596302,shared_2l_dec_tail
9125,5.8722179383039474,0.9841420687735081,4.7663559671491385,shared_2l_dec_tail
9126,5.323444027453661,0.4919108469039202,4.72344015724957,shared_2l_dec_tail
9127,5.229127826169133,0.4736059345304966,4.645379958674312,shared_2l_dec_tail
9128,5.263470113277435,0.4705749452114105,4.685881081968546,shared_2l_dec_tail
9129,5.251074908301234,0.47575985081493855,4.66802017763257,shared_2l_dec_tail
9130,5.20906993187964,0.47962600365281105,4.616045160219073,shared_2l_dec_tail
9131,5.280043929815292,0.47641899436712265,4.6956699807196856,shared_2l_dec_tail
9132,5.2210320718586445,0.4712750669568777,4.641915904358029,shared_2l_dec_tail
9133,5.299361888319254,0.48744515515863895,4.696131916716695,shared_2l_dec_tail
9134,5.204289918765426,0.471603125333786,4.625930916517973,shared_2l_dec_tail
9135,5.233444040641189,0.4697749391198158,4.657234996557236,shared_2l_dec_tail
9136,5.263735074549913,0.4675991367548704,4.689838038757443,shared_2l_dec_tail
9137,5.237701116129756,0.4841310437768698,4.647657973691821,shared_2l_dec_tail
9138,5.238669924438,0.47535309568047523,4.647684982046485,shared_2l_dec_tail
9139,5.290570203214884,0.4748289939016104,4.707018146291375,shared_2l_dec_tail
9140,5.2148341201245785,0.4767908249050379,4.6316650696098804,shared_2l_dec_tail
9141,5.831546150147915,0.9560459293425083,4.755283007398248,shared_2l_dec_tail
9142,5.27535704895854,0.48176897689700127,4.6845111064612865,shared_2l_dec_tail
9143,5.230891983956099,0.4848050884902477,4.637060919776559,shared_2l_dec_tail
9144,5.26863313280046,0.472821993753314,4.687203094363213,shared_2l_dec_tail
9145,5.22740394808352,0.47114212065935135,4.648697795346379,shared_2l_dec_tail
9146,5.1705429796129465,0.47664809972047806,4.5873799826949835,shared_2l_dec_tail
9147,5.19330520182848,0.4807310178875923,4.604973131790757,shared_2l_dec_tail
9148,5.196386948227882,0.471634091809392,4.615548998117447,shared_2l_dec_tail
9149,5.221855826675892,0.4663479048758745,4.648233065381646,shared_2l_dec_tail
9150,5.1945289596915245,0.4737048875540495,4.6145140659064054,shared_2l_dec_tail
9151,5.255279829725623,0.4819529131054878,4.666139138862491,shared_2l_dec_tail
9152,5.207984941080213,0.48293196596205235,4.619969986379147,shared_2l_dec_tail
9153,5.18358894623816,0.4652568604797125,4.6116020530462265,shared_2l_dec_tail
9154,5.242242943495512,0.46732998453080654,4.6670029405504465,shared_2l_dec_tail
9155,5.223880987614393,0.4761200398206711,4.640229046344757,shared_2l_dec_tail
9156,5.277444142848253,0.4777789581567049,4.6922198962420225,shared_2l_dec_tail
9157,5.860501900315285,0.9604659862816334,4.779233830049634,shared_2l_dec_tail
9158,5.30143897049129,0.4966349806636572,4.696781979873776,shared_2l_dec_tail
9159,5.265490850433707,0.4829210229218006,4.675867035984993,shared_2l_dec_tail
9160,5.201700143516064,0.47830911353230476,4.616409074515104,shared_2l_dec_tail
9161,5.259733879938722,0.48641907051205635,4.6649519354105,shared_2l_dec_tail
9162,5.202865926548839,0.48025697469711304,4.616083111613989,shared_2l_dec_tail
9163,5.258982069790363,0.47193700447678566,4.68125194311142,shared_2l_dec_tail
9164,5.1940130069851875,0.46815304085612297,4.619281971827149,shared_2l_dec_tail
9165,5.193579010665417,0.4828821402043104,4.603023873642087,shared_2l_dec_tail
9166,5.258188117295504,0.47993287444114685,4.6714600175619125,shared_2l_dec_tail
9167,5.197081016376615,0.46855886466801167,4.62153903208673,shared_2l_dec_tail
9168,5.252538016065955,0.4691970534622669,4.675636999309063,shared_2l_dec_tail
9169,5.255060037598014,0.4768241196870804,4.671837901696563,shared_2l_dec_tail
9170,5.197079852223396,0.48127397894859314,4.607940092682838,shared_2l_dec_tail
9171,5.268284119665623,0.4765160847455263,4.685305990278721,shared_2l_dec_tail
9172,5.231692921370268,0.47059799544513226,4.652665928006172,shared_2l_dec_tail
9173,5.812839837744832,0.9501408785581589,4.742438206449151,shared_2l_dec_tail
9174,5.260413978248835,0.47847279347479343,4.675423027947545,shared_2l_dec_tail
9175,5.210205912590027,0.48854504711925983,4.61206492036581,shared_2l_dec_tail
9176,5.28316292911768,0.48923701979219913,4.6850398648530245,shared_2l_dec_tail
9177,5.243009887635708,0.4828469827771187,4.655017051845789,shared_2l_dec_tail
9178,5.247318185865879,0.4774918779730797,4.663252970203757,shared_2l_dec_tail
9179,5.192670039832592,0.4761861637234688,4.610477946698666,shared_2l_dec_tail
9180,5.252699833363295,0.4861759953200817,4.658977035433054,shared_2l_dec_tail
9181,5.191786913201213,0.4680990241467953,4.6177280601114035,shared_2l_dec_tail
9182,5.249838111922145,0.4759749863296747,4.667723085731268,shared_2l_dec_tail
9183,5.197691032662988,0.4781021270900965,4.613218829035759,shared_2l_dec_tail
9184,5.262461025267839,0.4854290746152401,4.669127985835075,shared_2l_dec_tail
9185,5.20880613476038,0.47106295824050903,4.630777053534985,shared_2l_dec_tail
9186,5.2447880152612925,0.4730860237032175,4.666022956371307,shared_2l_dec_tail
9187,5.274478113278747,0.4715349059551954,4.696760093793273,shared_2l_dec_tail
9188,5.24997990578413,0.48570381477475166,4.651135997846723,shared_2l_dec_tail
9189,6.003852002322674,0.9520631283521652,4.9303818959742785,shared_2l_dec_tail
9190,5.357448942959309,0.4758080467581749,4.773355089128017,shared_2l_dec_tail
9191,5.42518007569015,0.47246390022337437,4.845490213483572,shared_2l_dec_tail
9192,5.346953868865967,0.4820041358470917,4.757696995511651,shared_2l_dec_tail
9193,5.433536134660244,0.4715230315923691,4.853836027905345,shared_2l_dec_tail
9194,5.393016850575805,0.48675714060664177,4.7990018501877785,shared_2l_dec_tail
9195,5.348997889086604,0.4740739241242409,4.76950709708035,shared_2l_dec_tail
9196,5.399558926001191,0.47946395352482796,4.813437117263675,shared_2l_dec_tail
9197,5.411279853433371,0.4794199485331774,4.823376191779971,shared_2l_dec_tail
9198,5.371926119551063,0.47341897152364254,4.790636012330651,shared_2l_dec_tail
9199,5.4130940698087215,0.4806220531463623,4.817706067115068,shared_2l_dec_tail
9200,5.390358157455921,0.4751498345285654,4.808473167940974,shared_2l_dec_tail
9201,5.402046022936702,0.47139893285930157,4.825513111427426,shared_2l_dec_tail
9202,5.32832695171237,0.47466601245105267,4.747513914480805,shared_2l_dec_tail
9203,5.400785943493247,0.47117494978010654,4.8231701366603374,shared_2l_dec_tail
9204,5.357041023671627,0.48352591693401337,4.765510093420744,shared_2l_dec_tail
9205,5.907773971557617,0.954213086515665,4.831430036574602,shared_2l_dec_tail
9206,5.270258989185095,0.48513617366552353,4.676667042076588,shared_2l_dec_tail
9207,5.248780129477382,0.4763491451740265,4.666082793846726,shared_2l_dec_tail
9208,5.328173050656915,0.47985208220779896,4.741264972835779,shared_2l_dec_tail
9209,5.249267909675837,0.48529705964028835,4.658764926716685,shared_2l_dec_tail
9210,5.296617979183793,0.4853650461882353,4.7037790063768625,shared_2l_dec_tail
9211,5.2328878082334995,0.47303689643740654,4.653523908928037,shared_2l_dec_tail
9212,5.255579017102718,0.4705809988081455,4.6769739128649235,shared_2l_dec_tail
9213,5.308659048750997,0.49306685104966164,4.704941995441914,shared_2l_dec_tail
9214,5.280851852148771,0.4741249140352011,4.701392026618123,shared_2l_dec_tail
9215,5.228811874985695,0.4732061643153429,4.651274997740984,shared_2l_dec_tail
9216,5.28407609090209,0.4836730659008026,4.693202907219529,shared_2l_dec_tail
9217,5.24053699336946,0.48547820188105106,4.645565990358591,shared_2l_dec_tail
9218,5.266793770715594,0.47059799544513226,4.689441993832588,shared_2l_dec_tail
9219,5.2296549547463655,0.47491700388491154,4.648074042052031,shared_2l_dec_tail
9220,5.315126851201057,0.48973411321640015,4.716720897704363,shared_2l_dec_tail
9221,5.848021013662219,0.9266159031540155,4.7936150804162025,shared_2l_dec_tail
9222,5.290247965604067,0.4899560008198023,4.693554947152734,shared_2l_dec_tail
9223,5.274510011076927,0.47352700494229794,4.694351926445961,shared_2l_dec_tail
9224,5.261963000521064,0.4771151579916477,4.677408840507269,shared_2l_dec_tail
9225,5.322531098499894,0.4920091014355421,4.718399839475751,shared_2l_dec_tail
9226,5.298577016219497,0.47793216072022915,4.71180584281683,shared_2l_dec_tail
9227,5.294700153172016,0.47156307846307755,4.715111805126071,shared_2l_dec_tail
9228,5.304038990288973,0.48300414346158504,4.714697832241654,shared_2l_dec_tail
9229,5.317884963005781,0.48068095929920673,4.730408079922199,shared_2l_dec_tail
9230,5.299939075484872,0.4697751719504595,4.723827820271254,shared_2l_dec_tail
9231,5.251581082120538,0.48093986697494984,4.663150059059262,shared_2l_dec_tail
9232,5.294518079608679,0.4848469980061054,4.70183789730072,shared_2l_dec_tail
9233,5.2388079930096865,0.46927807852625847,4.663947969675064,shared_2l_dec_tail
9234,5.275588948279619,0.4748390056192875,4.69352095387876,shared_2l_dec_tail
9235,5.233373027294874,0.48415688797831535,4.64349496178329,shared_2l_dec_tail
9236,5.3089100401848555,0.4870709963142872,4.714281996712089,shared_2l_dec_tail
9237,5.844093160703778,0.9309630841016769,4.792833933606744,shared_2l_dec_tail
9238,5.340144038200378,0.4820029716938734,4.749662009999156,shared_2l_dec_tail
9239,5.245162872597575,0.47653005458414555,4.663241095840931,shared_2l_dec_tail
9240,5.315575981512666,0.48887310549616814,4.720574943348765,shared_2l_dec_tail
9241,5.2221170626580715,0.48369914293289185,4.6332660131156445,shared_2l_dec_tail
9242,5.3186730947345495,0.47400081530213356,4.736992064863443,shared_2l_dec_tail
9243,5.2482078317552805,0.4766690544784069,4.665822954848409,shared_2l_dec_tail
9244,5.254558986052871,0.4771980457007885,4.660919075831771,shared_2l_dec_tail
9245,5.249029956758022,0.4715209361165762,4.6718530356884,shared_2l_dec_tail
9246,5.298740928992629,0.4705390892922878,4.721642937511206,shared_2l_dec_tail
9247,5.214309087023139,0.48347003757953644,4.623932996764779,shared_2l_dec_tail
9248,5.2991691045463085,0.47859991900622845,4.715003073215485,shared_2l_dec_tail
9249,5.232590017840266,0.46888599172234535,4.651936935260892,shared_2l_dec_tail
9250,6.210126914083958,1.0425678920000792,5.061146104708314,shared_2l_dec_tail
9251,5.2145179361104965,0.4801289178431034,4.627695074304938,shared_2l_dec_tail
9252,5.299102980643511,0.47712214291095734,4.7150959726423025,shared_2l_dec_tail
9253,5.86345000192523,0.9319628588855267,4.811206134036183,shared_2l_dec_tail
9254,5.3523320239037275,0.4900330677628517,4.753678804263473,shared_2l_dec_tail
9255,5.303605925291777,0.47223386354744434,4.724618978798389,shared_2l_dec_tail
9256,5.262083141133189,0.4832320846617222,4.673126852139831,shared_2l_dec_tail
9257,5.308286985382438,0.4812621045857668,4.720664815977216,shared_2l_dec_tail
9258,5.267757922410965,0.48112706281244755,4.681047983467579,shared_2l_dec_tail
9259,5.299316952005029,0.4875368904322386,4.705263068899512,shared_2l_dec_tail
9260,5.278022028505802,0.48246700316667557,4.685590043663979,shared_2l_dec_tail
9261,5.306895123794675,0.47598988749086857,4.724237136542797,shared_2l_dec_tail
9262,5.310090957209468,0.4761749878525734,4.725531209260225,shared_2l_dec_tail
9263,5.263935774564743,0.49314205534756184,4.663544939830899,shared_2l_dec_tail
9264,5.3419750183820724,0.4800069145858288,4.7512289602309465,shared_2l_dec_tail
9265,5.263012833893299,0.47396006993949413,4.683269886299968,shared_2l_dec_tail
9266,5.341079086065292,0.4818420857191086,4.750677850097418,shared_2l_dec_tail
9267,5.265732062980533,0.4795040003955364,4.68112900853157,shared_2l_dec_tail
9268,5.306293023750186,0.47419616021215916,4.7253568191081285,shared_2l_dec_tail
9269,5.819831974804401,0.9302441030740738,4.768316866829991,shared_2l_dec_tail
9270,5.239178892225027,0.47540292143821716,4.654655000194907,shared_2l_dec_tail
9271,5.296147195622325,0.4868688993155956,4.701056983321905,shared_2l_dec_tail
9272,5.269079003483057,0.4808360245078802,4.679542966187,shared_2l_dec_tail
9273,5.268190987408161,0.473950058221817,4.686297848820686,shared_2l_dec_tail
9274,5.247707013040781,0.4732429515570402,4.66625508852303,shared_2l_dec_tail
9275,5.3090250585228205,0.48716715537011623,4.713256843388081,shared_2l_dec_tail
9276,5.3154591005295515,0.4740969743579626,4.73427795805037,shared_2l_dec_tail
9277,5.272160051390529,0.4736881237477064,4.690925823524594,shared_2l_dec_tail
9278,5.260883131995797,0.4868770483881235,4.668948007747531,shared_2l_dec_tail
9279,5.267413100227714,0.48716808669269085,4.672216949984431,shared_2l_dec_tail
9280,5.284060025587678,0.47054095193743706,4.706540144979954,shared_2l_dec_tail
9281,5.27712912298739,0.4687248729169369,4.700405057519674,shared_2l_dec_tail
9282,5.251256050541997,0.4886740352958441,4.652730887755752,shared_2l_dec_tail
9283,5.284244893118739,0.47860085032880306,4.6994190197438,shared_2l_dec_tail
9284,5.23694115690887,0.47332094982266426,4.657200071960688,shared_2l_dec_tail
9285,5.850136978551745,0.9330299217253923,4.796451888978481,shared_2l_dec_tail
9286,5.298319971188903,0.48161414451897144,4.707367857918143,shared_2l_dec_tail
9287,5.298933945596218,0.4840409383177757,4.701890051364899,shared_2l_dec_tail
9288,5.278844852000475,0.47989003360271454,4.692999878898263,shared_2l_dec_tail
9289,5.229637958109379,0.4783309996128082,4.644032102078199,shared_2l_dec_tail
9290,5.302318837493658,0.4813019186258316,4.712257068604231,shared_2l_dec_tail
9291,5.313246976584196,0.48840511590242386,4.716272931545973,shared_2l_dec_tail
9292,5.275320028886199,0.47759106382727623,4.69155004248023,shared_2l_dec_tail
9293,5.263498052954674,0.4733691457659006,4.683598875999451,shared_2l_dec_tail
9294,5.258372984826565,0.4823361523449421,4.669691901654005,shared_2l_dec_tail
9295,5.271489033475518,0.4779959563165903,4.681523889303207,shared_2l_dec_tail
9296,5.259072873741388,0.478948000818491,4.67299297451973,shared_2l_dec_tail
9297,5.282174097374082,0.4791680257767439,4.6962599735707045,shared_2l_dec_tail
9298,5.3011770360171795,0.4825340583920479,4.711789079010487,shared_2l_dec_tail
9299,5.3051370196044445,0.4726490005850792,4.726078826934099,shared_2l_dec_tail
9300,5.24772796779871,0.47786906361579895,4.66224504634738,shared_2l_dec_tail
9301,5.860541947185993,0.9332520421594381,4.805909004062414,shared_2l_dec_tail
9302,5.289963912218809,0.4827298689633608,4.699154058471322,shared_2l_dec_tail
9303,5.270482040941715,0.48717507161200047,4.674775991588831,shared_2l_dec_tail
9304,5.284867016598582,0.4804308991879225,4.6923719346523285,shared_2l_dec_tail
9305,5.321979057043791,0.4772101528942585,4.7374567948281765,shared_2l_dec_tail
9306,5.298293894156814,0.4863021895289421,4.70087886787951,shared_2l_dec_tail
9307,5.254778079688549,0.4796560388058424,4.6682520769536495,shared_2l_dec_tail
9308,5.31156687065959,0.48553990200161934,4.717902978882194,shared_2l_dec_tail
9309,5.254888208582997,0.4886290989816189,4.659143043681979,shared_2l_dec_tail
9310,5.3249679040163755,0.4793209955096245,4.738516872748733,shared_2l_dec_tail
9311,5.229774862527847,0.47578802332282066,4.648919915780425,shared_2l_dec_tail
9312,5.259946919977665,0.469984021037817,4.683894105255604,shared_2l_dec_tail
9313,5.2404990419745445,0.477341003715992,4.65758191421628,shared_2l_dec_tail
9314,5.274313967674971,0.47139287926256657,4.69111418351531,shared_2l_dec_tail
9315,5.319549003615975,0.4732550587505102,4.737962037324905,shared_2l_dec_tail
9316,5.287963896989822,0.47459197230637074,4.705672152340412,shared_2l_dec_tail
9317,5.993640050292015,0.920675927773118,4.95129800401628,shared_2l_dec_tail
9318,5.513410083949566,0.48648915253579617,4.920091945677996,shared_2l_dec_tail
9319,5.409627920016646,0.4751700907945633,4.8281848430633545,shared_2l_dec_tail
9320,5.4752761498093605,0.48192800022661686,4.885627888143063,shared_2l_dec_tail
9321,5.426257150247693,0.47443294897675514,4.844892071560025,shared_2l_dec_tail
9322,5.403641844168305,0.4855950828641653,4.810276906937361,shared_2l_dec_tail
9323,5.407324060797691,0.470456900075078,4.828891949728131,shared_2l_dec_tail
9324,5.418323911726475,0.47839200124144554,4.834459163248539,shared_2l_dec_tail
9325,5.442359950393438,0.4684838932007551,4.862970905378461,shared_2l_dec_tail
9326,5.4385659750550985,0.4812160041183233,4.849955905228853,shared_2l_dec_tail
9327,5.437745014205575,0.4837261512875557,4.8494169022887945,shared_2l_dec_tail
9328,5.403664195910096,0.46941405162215233,4.8281599301844835,shared_2l_dec_tail
9329,5.485981935635209,0.4833319690078497,4.896551836282015,shared_2l_dec_tail
9330,5.4096749518066645,0.47840806655585766,4.825653973966837,shared_2l_dec_tail
9331,5.397946108132601,0.48203207552433014,4.808690864592791,shared_2l_dec_tail
9332,5.463585956022143,0.47066505067050457,4.88579086959362,shared_2l_dec_tail
9333,5.834236973896623,0.9222179651260376,4.79212892241776,shared_2l_dec_tail
9334,5.301615921780467,0.4818369634449482,4.711527144536376,shared_2l_dec_tail
9335,5.316809983924031,0.48928894102573395,4.721289034932852,shared_2l_dec_tail
9336,5.310283973813057,0.4833911079913378,4.7166189178824425,shared_2l_dec_tail
9337,5.304777063429356,0.4766660276800394,4.724852973595262,shared_2l_dec_tail
9338,5.288278916850686,0.48491102643311024,4.69691795296967,shared_2l_dec_tail
9339,5.256982054561377,0.4854160360991955,4.664896056056023,shared_2l_dec_tail
9340,5.243649007752538,0.47480897046625614,4.66154795140028,shared_2l_dec_tail
9341,5.306002916768193,0.4765039775520563,4.722939105704427,shared_2l_dec_tail
9342,5.244239000603557,0.4824278876185417,4.65430598706007,shared_2l_dec_tail
9343,5.315961083397269,0.49081817269325256,4.712399793788791,shared_2l_dec_tail
9344,5.278116092085838,0.4780590534210205,4.691463895142078,shared_2l_dec_tail
9345,5.257748067378998,0.48382789827883244,4.66841715388,shared_2l_dec_tail
9346,5.30104897916317,0.48436294309794903,4.710870096459985,shared_2l_dec_tail
9347,5.234567914158106,0.47715893015265465,4.651674069464207,shared_2l_dec_tail
9348,5.270457128062844,0.47247810289263725,4.689787980169058,shared_2l_dec_tail
9349,5.878753028810024,0.9351640474051237,4.822870949283242,shared_2l_dec_tail
9350,5.3415868896991014,0.4855059087276459,4.748026141896844,shared_2l_dec_tail
9351,5.316110095009208,0.4829720128327608,4.725337028503418,shared_2l_dec_tail
9352,5.259509198367596,0.4807189106941223,4.670911002904177,shared_2l_dec_tail
9353,5.328637082129717,0.4835990257561207,4.739528987556696,shared_2l_dec_tail
9354,5.298763047903776,0.49327313899993896,4.698701901361346,shared_2l_dec_tail
9355,5.335388937965035,0.4874630831182003,4.7410461120307446,shared_2l_dec_tail
9356,5.306497914716601,0.49587711691856384,4.7023899387568235,shared_2l_dec_tail
9357,5.267072003334761,0.48310705460608006,4.67416294850409,shared_2l_dec_tail
9358,5.308602936565876,0.4740748554468155,4.7279291320592165,shared_2l_dec_tail
9359,5.306459963321686,0.4722829908132553,4.7287000343203545,shared_2l_dec_tail
9360,5.311576882377267,0.4896728787571192,4.709514090791345,shared_2l_dec_tail
9361,5.323510151356459,0.4774050321429968,4.738508956506848,shared_2l_dec_tail
9362,5.259989062324166,0.47498405911028385,4.679064033553004,shared_2l_dec_tail
9363,5.3062590304762125,0.48518809489905834,4.714064998552203,shared_2l_dec_tail
9364,5.280622048303485,0.48733409494161606,4.687347915023565,shared_2l_dec_tail
9365,5.861708894371986,0.9421790018677711,4.793181084096432,shared_2l_dec_tail
9366,5.313189001753926,0.4914200399070978,4.713779082521796,shared_2l_dec_tail
9367,5.224912893027067,0.47619803808629513,4.642602056264877,shared_2l_dec_tail
9368,5.303126992657781,0.49046287313103676,4.705640021711588,shared_2l_dec_tail
9369,5.297881085425615,0.4981551319360733,4.690281813964248,shared_2l_dec_tail
9370,5.28344907797873,0.47247810289263725,4.704765975475311,shared_2l_dec_tail
9371,5.288520827889442,0.4805091302841902,4.701877944171429,shared_2l_dec_tail
9372,5.265719955787063,0.481900991871953,4.677229095250368,shared_2l_dec_tail
9373,5.2848870400339365,0.47957501374185085,4.69847209751606,shared_2l_dec_tail
9374,5.237814038991928,0.47214305959641933,4.657289013266563,shared_2l_dec_tail
9375,5.283351056277752,0.48442999832332134,4.691608948633075,shared_2l_dec_tail
9376,5.305554019287229,0.4821780603379011,4.716428928077221,shared_2l_dec_tail
9377,5.24655100889504,0.480421120300889,4.659246886149049,shared_2l_dec_tail
9378,5.30411908403039,0.47561200335621834,4.72005782648921,shared_2l_dec_tail
9379,5.203491076827049,0.48294407315552235,4.6083671040833,shared_2l_dec_tail
9380,5.307439947500825,0.47613889910280704,4.725916078314185,shared_2l_dec_tail
9381,5.889945197850466,0.9340292308479548,4.8351718578487635,shared_2l_dec_tail
9382,5.351441912353039,0.4830088000744581,4.760423209518194,shared_2l_dec_tail
9383,5.267469910904765,0.48169679939746857,4.677369026467204,shared_2l_dec_tail
9384,5.350362975150347,0.48799789510667324,4.755035974085331,shared_2l_dec_tail
9385,5.299194948747754,0.47230813652276993,4.720117896795273,shared_2l_dec_tail
9386,5.315225105732679,0.484272139146924,4.725237842649221,shared_2l_dec_tail
9387,5.261176964268088,0.48162881284952164,4.671880044043064,shared_2l_dec_tail
9388,5.350495921447873,0.4801300819963217,4.764622077345848,shared_2l_dec_tail
9389,5.286098923534155,0.4813831765204668,4.69851098023355,shared_2l_dec_tail
9390,5.330126034095883,0.4877431783825159,4.734322894364595,shared_2l_dec_tail
9391,5.269418004900217,0.4801880568265915,4.682625876739621,shared_2l_dec_tail
9392,5.312212975695729,0.47455797903239727,4.7299370635300875,shared_2l_dec_tail
9393,5.28872711583972,0.4835969302803278,4.698469070717692,shared_2l_dec_tail
9394,5.244334926828742,0.4759528674185276,4.658146062865853,shared_2l_dec_tail
9395,5.298366071656346,0.4767999053001404,4.717009142041206,shared_2l_dec_tail
9396,5.267363972961903,0.4788551013916731,4.683180013671517,shared_2l_dec_tail
9397,5.847944878041744,0.935038086026907,4.792239982634783,shared_2l_dec_tail
9398,5.310965934768319,0.49320398829877377,4.709671949967742,shared_2l_dec_tail
9399,5.267875036224723,0.4757980350404978,4.684715066105127,shared_2l_dec_tail
9400,5.297373980283737,0.4786939825862646,4.712123889476061,shared_2l_dec_tail
9401,5.242495099082589,0.4851990379393101,4.651249153539538,shared_2l_dec_tail
9402,5.297559080645442,0.4868649411946535,4.70271916128695,shared_2l_dec_tail
9403,5.240876926109195,0.4730660002678633,4.659650148823857,shared_2l_dec_tail
9404,5.275488831102848,0.47840108163654804,4.688251996412873,shared_2l_dec_tail
9405,5.2888779900968075,0.4880379419773817,4.69738501124084,shared_2l_dec_tail
9406,5.293434020131826,0.48101390711963177,4.705500090494752,shared_2l_dec_tail
9407,5.234048003330827,0.4743181634694338,4.654900869354606,shared_2l_dec_tail
9408,5.277215037494898,0.4813519772142172,4.688587039709091,shared_2l_dec_tail
9409,5.311601795256138,0.4868730902671814,4.716387018561363,shared_2l_dec_tail
9410,5.303309066221118,0.48059411346912384,4.714130889624357,shared_2l_dec_tail
9411,5.291831912472844,0.48434711061418056,4.7006430104374886,shared_2l_dec_tail
9412,5.262155085802078,0.49203308299183846,4.6645530965179205,shared_2l_dec_tail
9413,5.882793106138706,0.9243618696928024,4.83133620582521,shared_2l_dec_tail
9414,5.314772017300129,0.4830090329051018,4.725625040009618,shared_2l_dec_tail
9415,5.278586875647306,0.47999387606978416,4.69251093454659,shared_2l_dec_tail
9416,5.305150058120489,0.4773701075464487,4.720516037195921,shared_2l_dec_tail
9417,5.307059967890382,0.4961569793522358,4.7000800259411335,shared_2l_dec_tail
9418,5.245153093710542,0.47391210682690144,4.664557985961437,shared_2l_dec_tail
9419,5.32081606797874,0.4793659318238497,4.734461894258857,shared_2l_dec_tail
9420,5.2464979235082865,0.4902051296085119,4.649555077776313,shared_2l_dec_tail
9421,5.2947779186069965,0.480070011690259,4.706657025963068,shared_2l_dec_tail
9422,5.232143914327025,0.4773519467562437,4.648004192858934,shared_2l_dec_tail
9423,5.27591910213232,0.4748438950628042,4.693669034168124,shared_2l_dec_tail
9424,5.2774278447031975,0.494103180244565,4.673458868637681,shared_2l_dec_tail
9425,5.29985805042088,0.47861901111900806,4.714281996712089,shared_2l_dec_tail
9426,5.252571078017354,0.4844691138714552,4.660720005631447,shared_2l_dec_tail
9427,5.247792927548289,0.482161995023489,4.656899953261018,shared_2l_dec_tail
9428,5.306675098836422,0.47984090633690357,4.719706019386649,shared_2l_dec_tail
9429,5.86566305719316,0.9310850873589516,4.814657848328352,shared_2l_dec_tail
9430,5.2726417779922485,0.4862700589001179,4.679436096921563,shared_2l_dec_tail
9431,5.279037170112133,0.47397403977811337,4.698099801316857,shared_2l_dec_tail
9432,5.271437112241983,0.4852579440921545,4.68047708272934,shared_2l_dec_tail
9433,5.327584920451045,0.48653106205165386,4.7330239322036505,shared_2l_dec_tail
9434,5.239607999101281,0.47782715409994125,4.653605865314603,shared_2l_dec_tail
9435,5.253415089100599,0.48004300333559513,4.667349858209491,shared_2l_dec_tail
9436,5.295322043821216,0.49162982031702995,4.68947715125978,shared_2l_dec_tail
9437,5.255803000181913,0.485789030790329,4.663252038881183,shared_2l_dec_tail
9438,5.290149012580514,0.474805012345314,4.7076549381017685,shared_2l_dec_tail
9439,5.25910290889442,0.4820569884032011,4.669217858463526,shared_2l_dec_tail
9440,5.2919702138751745,0.4891660064458847,4.695429932326078,shared_2l_dec_tail
9441,5.3063929080963135,0.4779000300914049,4.720523953437805,shared_2l_dec_tail
9442,5.314216949045658,0.48123300075531006,4.725210135802627,shared_2l_dec_tail
9443,5.255644908174872,0.4944519605487585,4.654132993891835,shared_2l_dec_tail
9444,5.300124175846577,0.47289999201893806,4.7213800717145205,shared_2l_dec_tail
9445,6.035918835550547,0.9445429313927889,4.969191970303655,shared_2l_dec_tail
9446,5.4624429903924465,0.4859180189669132,4.868305055424571,shared_2l_dec_tail
9447,5.497929872944951,0.48639695160090923,4.903176100924611,shared_2l_dec_tail
9448,5.399600137025118,0.47735986299812794,4.815940046682954,shared_2l_dec_tail
9449,5.423841066658497,0.4832351114600897,4.833316896110773,shared_2l_dec_tail
9450,5.4392211604863405,0.4776450805366039,4.8534199595451355,shared_2l_dec_tail
9451,5.515654105693102,0.48118201084434986,4.833955084905028,shared_2l_dec_tail
9452,5.555934039875865,0.5186791531741619,4.915694938972592,shared_2l_dec_tail
9453,5.468980874866247,0.4923800006508827,4.868197022005916,shared_2l_dec_tail
9454,5.475966027006507,0.48609799705445766,4.879626911133528,shared_2l_dec_tail
9455,5.515680881217122,0.4874579608440399,4.919650033116341,shared_2l_dec_tail
9456,5.48212300054729,0.48208911903202534,4.893254023045301,shared_2l_dec_tail
9457,5.472545977681875,0.4849061369895935,4.881744971498847,shared_2l_dec_tail
9458,5.452275974676013,0.4783810582011938,4.865348106250167,shared_2l_dec_tail
9459,5.453638033941388,0.48568914644420147,4.860284039750695,shared_2l_dec_tail
9460,5.41905197314918,0.48704189248383045,4.826169228181243,shared_2l_dec_tail
9461,5.903081968426704,0.9363959543406963,4.839489934965968,shared_2l_dec_tail
9462,5.342815071344376,0.4879329353570938,4.747550003230572,shared_2l_dec_tail
9463,5.338537041097879,0.4925609100610018,4.73837205208838,shared_2l_dec_tail
9464,5.309766158461571,0.48650382086634636,4.715301096439362,shared_2l_dec_tail
9465,5.353257060050964,0.4856071900576353,4.76201600395143,shared_2l_dec_tail
9466,5.295302020385861,0.4894789308309555,4.6985161025077105,shared_2l_dec_tail
9467,5.360883893445134,0.4858581814914942,4.76768403314054,shared_2l_dec_tail
9468,5.305856931954622,0.4800159949809313,4.717427073046565,shared_2l_dec_tail
9469,5.343249998986721,0.4940980579704046,4.741115961223841,shared_2l_dec_tail
9470,5.332938162609935,0.4796369466930628,4.74521704018116,shared_2l_dec_tail
9471,5.327584920451045,0.4805841017514467,4.740504082292318,shared_2l_dec_tail
9472,5.281541962176561,0.48387888818979263,4.69217193312943,shared_2l_dec_tail
9473,5.352233070880175,0.47674402594566345,4.7686779871582985,shared_2l_dec_tail
9474,5.323810037225485,0.4778921138495207,4.737359005957842,shared_2l_dec_tail
9475,5.359884817153215,0.49083586782217026,4.761916119605303,shared_2l_dec_tail
9476,5.321978125721216,0.4805619828402996,4.733019042760134,shared_2l_dec_tail
9477,5.923268850892782,0.9415140375494957,4.860302899032831,shared_2l_dec_tail
9478,5.350362043827772,0.4862300120294094,4.755662987008691,shared_2l_dec_tail
9479,5.34209213219583,0.48961397260427475,4.745339974761009,shared_2l_dec_tail
9480,5.333092994987965,0.4747950006276369,4.749706946313381,shared_2l_dec_tail
9481,5.338632967323065,0.48068398609757423,4.749352112412453,shared_2l_dec_tail
9482,5.364211974665523,0.4946170374751091,4.762448137626052,shared_2l_dec_tail
9483,5.336938891559839,0.4745339974761009,4.756106063723564,shared_2l_dec_tail
9484,5.303336074575782,0.49466989003121853,4.701460944488645,shared_2l_dec_tail
9485,5.36688300780952,0.48158993013203144,4.776925081387162,shared_2l_dec_tail
9486,5.355542059987783,0.4815689753741026,4.7671019565314054,shared_2l_dec_tail
9487,5.301364930346608,0.48757391050457954,4.708337131887674,shared_2l_dec_tail
9488,5.340219009667635,0.47935498878359795,4.755939822643995,shared_2l_dec_tail
9489,5.297438008710742,0.4778308793902397,4.712983965873718,shared_2l_dec_tail
9490,5.308646941557527,0.48689614050090313,4.714317852631211,shared_2l_dec_tail
9491,5.3760448936372995,0.49137789756059647,4.7771690879017115,shared_2l_dec_tail
9492,5.28634712100029,0.47925696708261967,4.699748009443283,shared_2l_dec_tail
9493,5.897858180105686,0.9309181477874517,4.844709997996688,shared_2l_dec_tail
9494,5.342782940715551,0.48227887600660324,4.752486012876034,shared_2l_dec_tail
9495,5.336198955774307,0.48893014900386333,4.738757852464914,shared_2l_dec_tail
9496,5.278476979583502,0.47811795957386494,4.69241407699883,shared_2l_dec_tail
9497,5.347302882000804,0.4823638591915369,4.758596187457442,shared_2l_dec_tail
9498,5.297025898471475,0.49346196465194225,4.697355907410383,shared_2l_dec_tail
9499,5.352396052330732,0.47800992615520954,4.7674840316176414,shared_2l_dec_tail
9500,5.257382057607174,0.4785829223692417,4.673673072829843,shared_2l_dec_tail
9501,5.287500098347664,0.4856889136135578,4.695207113400102,shared_2l_dec_tail
9502,5.315118934959173,0.47989189624786377,4.727462073788047,shared_2l_dec_tail
9503,5.30646089464426,0.4839538596570492,4.714715061709285,shared_2l_dec_tail
9504,5.2579240873456,0.4909709095954895,4.66219917871058,shared_2l_dec_tail
9505,5.2967919036746025,0.48599904403090477,4.704827908426523,shared_2l_dec_tail
9506,5.312765017151833,0.4765680059790611,4.7281780280172825,shared_2l_dec_tail
9507,5.299201002344489,0.47562899999320507,4.715302027761936,shared_2l_dec_tail
9508,5.325856152921915,0.49465103074908257,4.7245819587260485,shared_2l_dec_tail
9509,5.942970979958773,0.9533679112792015,4.863878013566136,shared_2l_dec_tail
9510,5.38862100802362,0.4871091805398464,4.79196896776557,shared_2l_dec_tail
9511,5.377034889534116,0.48441789112985134,4.785479977726936,shared_2l_dec_tail
9512,5.359444068744779,0.48304302617907524,4.7695760149508715,shared_2l_dec_tail
9513,5.388798890635371,0.47599198296666145,4.805608186870813,shared_2l_dec_tail
9514,5.380742019042373,0.4857929889112711,4.781812895089388,shared_2l_dec_tail
9515,5.3429859690368176,0.47513097524642944,4.759605973958969,shared_2l_dec_tail
9516,5.346304038539529,0.4822670016437769,4.757905844599009,shared_2l_dec_tail
9517,5.3782109171152115,0.48805493861436844,4.782118136063218,shared_2l_dec_tail
9518,5.369168007746339,0.48117502592504025,4.781972151249647,shared_2l_dec_tail
9519,5.315678892657161,0.48052496276795864,4.7297298442572355,shared_2l_dec_tail
9520,5.325795849785209,0.4854819271713495,4.733033012598753,shared_2l_dec_tail
9521,5.408184137195349,0.4840430337935686,4.817470908164978,shared_2l_dec_tail
9522,5.3041421342641115,0.48733619041740894,4.710804903879762,shared_2l_dec_tail
9523,5.361885065212846,0.49094599671661854,4.764053039252758,shared_2l_dec_tail
9524,5.378353875130415,0.48636714927852154,4.784072050824761,shared_2l_dec_tail
9525,5.909489933401346,0.9415310341864824,4.847966833040118,shared_2l_dec_tail
9526,5.352587206289172,0.4904819652438164,4.754521884024143,shared_2l_dec_tail
9527,5.287571111693978,0.48662605695426464,4.6936150174587965,shared_2l_dec_tail
9528,5.285672144964337,0.4833939019590616,4.6958341263234615,shared_2l_dec_tail
9529,5.287484033033252,0.4745551850646734,4.707253770902753,shared_2l_dec_tail
9530,5.319253075867891,0.4874099977314472,4.721505101770163,shared_2l_dec_tail
9531,5.341659998521209,0.47813099808990955,4.7565000131726265,shared_2l_dec_tail
9532,5.272592883557081,0.48037106171250343,4.684854997321963,shared_2l_dec_tail
9533,5.383206997066736,0.4898679908365011,4.783089039847255,shared_2l_dec_tail
9534,5.29163982719183,0.4866409581154585,4.695540992543101,shared_2l_dec_tail
9535,5.356146953999996,0.4838609602302313,4.764750134199858,shared_2l_dec_tail
9536,5.345902871340513,0.4935960751026869,4.74561913870275,shared_2l_dec_tail
9537,5.293003981932998,0.4768401850014925,4.709279863163829,shared_2l_dec_tail
9538,5.256215110421181,0.48134196549654007,4.667550092563033,shared_2l_dec_tail
9539,5.3426409140229225,0.4844109062105417,4.747592145577073,shared_2l_dec_tail
9540,5.330255953595042,0.48530916683375835,4.740013973787427,shared_2l_dec_tail
9541,5.9048340190202,0.9367568418383598,4.84919105656445,shared_2l_dec_tail
9542,5.316769005730748,0.48802304081618786,4.719176096841693,shared_2l_dec_tail
9543,5.3505441173911095,0.4955881740897894,4.747836850583553,shared_2l_dec_tail
9544,5.3252780344337225,0.49399910494685173,4.72350581549108,shared_2l_dec_tail
9545,5.365266930311918,0.4877259489148855,4.771099193021655,shared_2l_dec_tail
9546,5.31315803527832,0.49275788478553295,4.713488044217229,shared_2l_dec_tail
9547,5.3650750778615475,0.4818560555577278,4.766799975186586,shared_2l_dec_tail
9548,5.274299066513777,0.4868779797106981,4.679623059928417,shared_2l_dec_tail
9549,5.309535888954997,0.4965439438819885,4.7065080143511295,shared_2l_dec_tail
9550,5.359073868021369,0.4946331027895212,4.756467882543802,shared_2l_dec_tail
9551,5.325727164745331,0.4791992250829935,4.739385796710849,shared_2l_dec_tail
9552,5.35734579898417,0.486528966575861,4.758745199069381,shared_2l_dec_tail
9553,5.280711920931935,0.4776942078024149,4.697259981185198,shared_2l_dec_tail
9554,5.3175510838627815,0.4778678994625807,4.733583889901638,shared_2l_dec_tail
9555,5.3375959396362305,0.4918889608234167,4.73939604125917,shared_2l_dec_tail
9556,5.309028085321188,0.489596975967288,4.712352063506842,shared_2l_dec_tail
9557,6.139745004475117,1.159990904852748,4.859396954998374,shared_2l_dec_tail
9558,5.340059986338019,0.4927839618176222,4.739449126645923,shared_2l_dec_tail
9559,5.38958702236414,0.49619306810200214,4.784588934853673,shared_2l_dec_tail
9560,5.335897905752063,0.48089190386235714,4.746992141008377,shared_2l_dec_tail
9561,5.325807025656104,0.49270782619714737,4.7275840770453215,shared_2l_dec_tail
9562,5.32321585342288,0.491107115522027,4.725708859041333,shared_2l_dec_tail
9563,5.366891156882048,0.4755749832838774,4.784485092386603,shared_2l_dec_tail
9564,5.34142111428082,0.48969313502311707,4.743926925584674,shared_2l_dec_tail
9565,5.352043081074953,0.4867040552198887,4.759098868817091,shared_2l_dec_tail
9566,5.304069956764579,0.48289098776876926,4.715590039268136,shared_2l_dec_tail
9567,5.349406041204929,0.4865999799221754,4.75538894534111,shared_2l_dec_tail
9568,5.372657906264067,0.4826879594475031,4.782859934493899,shared_2l_dec_tail
9569,5.308551015332341,0.4777149297297001,4.72477194853127,shared_2l_dec_tail
9570,5.348915001377463,0.4898449406027794,4.751003114506602,shared_2l_dec_tail
9571,5.349213955923915,0.485419062897563,4.757274873554707,shared_2l_dec_tail
9572,5.353184184059501,0.4798241425305605,4.766582977026701,shared_2l_dec_tail
9573,6.043034140020609,0.9337679948657751,4.98790992423892,shared_2l_dec_tail
9574,5.5405860766768456,0.5043121054768562,4.928732058033347,shared_2l_dec_tail
9575,5.501664942130446,0.48400601372122765,4.910779884085059,shared_2l_dec_tail
9576,5.44223515316844,0.4919839557260275,4.842344205826521,shared_2l_dec_tail
9577,5.455553065985441,0.48079993575811386,4.86792204901576,shared_2l_dec_tail
9578,5.494524026289582,0.49342215061187744,4.894543904811144,shared_2l_dec_tail
9579,5.484226159751415,0.48284907825291157,4.895311081781983,shared_2l_dec_tail
9580,5.504342028871179,0.491840997710824,4.9053640104830265,shared_2l_dec_tail
9581,5.494812969118357,0.4832649137824774,4.905878100544214,shared_2l_dec_tail
9582,5.444019101560116,0.4978638608008623,4.839268978685141,shared_2l_dec_tail
9583,5.478115985170007,0.4792851395905018,4.891060991212726,shared_2l_dec_tail
9584,5.452821962535381,0.4823689814656973,4.861503839492798,shared_2l_dec_tail
9585,5.463896784931421,0.4840779583901167,4.872007062658668,shared_2l_dec_tail
9586,5.486994981765747,0.4845589864999056,4.8930959310382605,shared_2l_dec_tail
9587,5.449315998703241,0.4824588540941477,4.860257962718606,shared_2l_dec_tail
9588,5.50961191765964,0.48402207903563976,4.91926702670753,shared_2l_dec_tail
9589,5.88544481433928,0.9413519874215126,4.824655130505562,shared_2l_dec_tail
9590,5.376245826482773,0.490864971652627,4.776113899424672,shared_2l_dec_tail
9591,5.356604000553489,0.48410799354314804,4.764924990013242,shared_2l_dec_tail
9592,5.345459096133709,0.4918158520013094,4.7417571768164635,shared_2l_dec_tail
9593,5.3058648481965065,0.4830870311707258,4.716152790933847,shared_2l_dec_tail
9594,5.344000877812505,0.4819948226213455,4.754589172080159,shared_2l_dec_tail
9595,5.28808799572289,0.4849550314247608,4.696161020547152,shared_2l_dec_tail
9596,5.357061047106981,0.4909290000796318,4.753077169880271,shared_2l_dec_tail
9597,5.288661923259497,0.483290059491992,4.699999000877142,shared_2l_dec_tail
9598,5.346336169168353,0.494849169626832,4.7448070254176855,shared_2l_dec_tail
9599,5.297625903040171,0.4804651252925396,4.709993954747915,shared_2l_dec_tail
9600,5.3398460149765015,0.48437295481562614,4.748974926769733,shared_2l_dec_tail
9601,5.365316057577729,0.4872288554906845,4.766455153003335,shared_2l_dec_tail
9602,5.330437095835805,0.48283906653523445,4.74237184971571,shared_2l_dec_tail
9603,5.334518849849701,0.4799689631909132,4.748143954202533,shared_2l_dec_tail
9604,5.295763025060296,0.48895785585045815,4.697439027950168,shared_2l_dec_tail
9605,5.912784952670336,0.9325540158897638,4.85959998331964,shared_2l_dec_tail
9606,5.403338000178337,0.4919918719679117,4.802751122042537,shared_2l_dec_tail
9607,5.33065595664084,0.4851180128753185,4.736634902656078,shared_2l_dec_tail
9608,5.404606927186251,0.5028559826314449,4.787683952599764,shared_2l_dec_tail
9609,5.347762955352664,0.48806192353367805,4.751482978463173,shared_2l_dec_tail
9610,5.3830258548259735,0.4852998536080122,4.790191072970629,shared_2l_dec_tail
9611,5.318468902260065,0.4953090101480484,4.71530994400382,shared_2l_dec_tail
9612,5.359404953196645,0.4828919190913439,4.77068405598402,shared_2l_dec_tail
9613,5.369835067540407,0.4851308185607195,4.778493195772171,shared_2l_dec_tail
9614,5.32830785959959,0.49843103624880314,4.721606848761439,shared_2l_dec_tail
9615,5.333218025043607,0.4850660916417837,4.742054967209697,shared_2l_dec_tail
9616,5.3371351677924395,0.4865499213337898,4.745166981592774,shared_2l_dec_tail
9617,5.296242889016867,0.4879189655184746,4.702178994193673,shared_2l_dec_tail
9618,5.372057901695371,0.47978898510336876,4.786345874890685,shared_2l_dec_tail
9619,5.3473650477826595,0.48967613838613033,4.750270862132311,shared_2l_dec_tail
9620,5.363339092582464,0.487620010972023,4.76845889352262,shared_2l_dec_tail
9621,5.905271973460913,0.9464959148317575,4.838532069697976,shared_2l_dec_tail
9622,5.347493104636669,0.48197200521826744,4.757088841870427,shared_2l_dec_tail
9623,5.356209818273783,0.48463186249136925,4.764423938468099,shared_2l_dec_tail
9624,5.358167923986912,0.4910980351269245,4.759427160024643,shared_2l_dec_tail
9625,5.305068101733923,0.48165488988161087,4.7169029712677,shared_2l_dec_tail
9626,5.329406121745706,0.4880120977759361,4.733823938295245,shared_2l_dec_tail
9627,5.305414088070393,0.49103214405477047,4.7095539048314095,shared_2l_dec_tail
9628,5.336917005479336,0.47904299572110176,4.749396117404103,shared_2l_dec_tail
9629,5.345629993826151,0.4917869810014963,4.745760001242161,shared_2l_dec_tail
9630,5.345149897038937,0.4928959533572197,4.744949052110314,shared_2l_dec_tail
9631,5.317913834005594,0.49211992882192135,4.719850141555071,shared_2l_dec_tail
9632,5.36614703014493,0.49206591211259365,4.761710064485669,shared_2l_dec_tail
9633,5.3502831142395735,0.486880075186491,4.7571060713380575,shared_2l_dec_tail
9634,5.295671056956053,0.48732501454651356,4.702956881374121,shared_2l_dec_tail
9635,5.338431103155017,0.486886827275157,4.738063085824251,shared_2l_dec_tail
9636,5.339744035154581,0.47715497203171253,4.756551003083587,shared_2l_dec_tail
9637,5.951024126261473,0.9409307967871428,4.890595097094774,shared_2l_dec_tail
9638,5.394029896706343,0.49077789299190044,4.795114975422621,shared_2l_dec_tail
9639,5.340612027794123,0.49367197789251804,4.735377850010991,shared_2l_dec_tail
9640,5.388299934566021,0.4851438570767641,4.794910084456205,shared_2l_dec_tail
9641,5.347726866602898,0.48598391003906727,4.755837144330144,shared_2l_dec_tail
9642,5.360103910788894,0.49077393487095833,4.7610311303287745,shared_2l_dec_tail
9643,5.3922259248793125,0.4801570903509855,4.805711796507239,shared_2l_dec_tail
9644,5.329729989171028,0.48909708857536316,4.730293061584234,shared_2l_dec_tail
9645,5.391946993768215,0.4853911232203245,4.800344817340374,shared_2l_dec_tail
9646,5.355981877073646,0.4878879990428686,4.761463031172752,shared_2l_dec_tail
9647,5.382772069424391,0.49390806816518307,4.782284842804074,shared_2l_dec_tail
9648,5.3275038953870535,0.48293103463947773,4.736998816952109,shared_2l_dec_tail
9649,5.308243911713362,0.48054708167910576,4.721656907349825,shared_2l_dec_tail
9650,5.394425010308623,0.49548991955816746,4.790501203387976,shared_2l_dec_tail
9651,5.314863985404372,0.4800281021744013,4.728661850094795,shared_2l_dec_tail
9652,5.367886042222381,0.47864182852208614,4.782558185979724,shared_2l_dec_tail
9653,5.888189887627959,0.9253730531781912,4.842923954129219,shared_2l_dec_tail
9654,5.37925586104393,0.49535883590579033,4.771860083565116,shared_2l_dec_tail
9655,5.370032042264938,0.48368913121521473,4.778533009812236,shared_2l_dec_tail
9656,5.330411018803716,0.4877629689872265,4.735653987154365,shared_2l_dec_tail
9657,5.360125098377466,0.4940270446240902,4.759537056088448,shared_2l_dec_tail
9658,5.284155020490289,0.4784658085554838,4.699344048276544,shared_2l_dec_tail
9659,5.348447011783719,0.47940388321876526,4.763266071677208,shared_2l_dec_tail
9660,5.365700926631689,0.48971385695040226,4.770451225340366,shared_2l_dec_tail
9661,5.320064956322312,0.4864779766649008,4.725638078525662,shared_2l_dec_tail
9662,5.342863034456968,0.4822670016437769,4.7524010296911,shared_2l_dec_tail
9663,5.331618944182992,0.4851571284234524,4.7398158349096775,shared_2l_dec_tail
9664,5.328232888132334,0.4852740094065666,4.735667025670409,shared_2l_dec_tail
9665,5.305944941937923,0.49387593753635883,4.707816988229752,shared_2l_dec_tail
9666,5.3542000241577625,0.4828609526157379,4.764270037412643,shared_2l_dec_tail
9667,5.321290111169219,0.4874540027230978,4.7250110656023026,shared_2l_dec_tail
9668,5.295304115861654,0.49613998271524906,4.6933169942349195,shared_2l_dec_tail
9669,5.899741780012846,0.928225927054882,4.850772209465504,shared_2l_dec_tail
9670,5.353642860427499,0.4917830228805542,4.752851091325283,shared_2l_dec_tail
9671,5.367899080738425,0.4889131523668766,4.7713378444314,shared_2l_dec_tail
9672,5.293710855767131,0.4887878894805908,4.6976550947874784,shared_2l_dec_tail
9673,5.346239078789949,0.493339030072093,4.745539044961333,shared_2l_dec_tail
9674,5.362730007618666,0.4864148795604706,4.769313149154186,shared_2l_dec_tail
9675,5.289337830618024,0.4947630222886801,4.690228961408138,shared_2l_dec_tail
9676,5.302120931446552,0.4907730035483837,4.702785983681679,shared_2l_dec_tail
9677,5.3418620955199,0.48148585483431816,4.754298133775592,shared_2l_dec_tail
9678,5.360851995646954,0.4868519026786089,4.765830002725124,shared_2l_dec_tail
9679,5.315803922712803,0.49404893070459366,4.715047078207135,shared_2l_dec_tail
9680,5.351083818823099,0.47930097207427025,4.765258869156241,shared_2l_dec_tail
9681,5.292384885251522,0.4869988188147545,4.6973321586847305,shared_2l_dec_tail
9682,5.393168888986111,0.49855816178023815,4.786231787875295,shared_2l_dec_tail
9683,5.326895043253899,0.48350892029702663,4.738177172839642,shared_2l_dec_tail
9684,5.346139892935753,0.4901159554719925,4.749951884150505,shared_2l_dec_tail
9685,5.927479127421975,0.9478279389441013,4.859400913119316,shared_2l_dec_tail
9686,5.3928568959236145,0.4972319584339857,4.786189878359437,shared_2l_dec_tail
9687,5.344515899196267,0.4884121008217335,4.7483008820563555,shared_2l_dec_tail
9688,5.346732912585139,0.4877799656242132,4.753626883029938,shared_2l_dec_tail
9689,5.289569031447172,0.4890889395028353,4.692223155871034,shared_2l_dec_tail
9690,5.373020190745592,0.4860570188611746,4.780338844284415,shared_2l_dec_tail
9691,5.363675998523831,0.49014901742339134,4.76501788944006,shared_2l_dec_tail
9692,5.3322031162679195,0.4925350658595562,4.733103094622493,shared_2l_dec_tail
9693,5.333659937605262,0.4957879427820444,4.733771085739136,shared_2l_dec_tail
9694,5.304320948198438,0.49880589358508587,4.698578966781497,shared_2l_dec_tail
9695,5.390872014686465,0.500052934512496,4.784644115716219,shared_2l_dec_tail
9696,5.355330882593989,0.48289401456713676,4.76604700088501,shared_2l_dec_tail
9697,5.304249003529549,0.4922589287161827,4.706338979303837,shared_2l_dec_tail
9698,5.3727650083601475,0.4808441735804081,4.785227822139859,shared_2l_dec_tail
9699,5.332217086106539,0.4835040308535099,4.742701072245836,shared_2l_dec_tail
9700,5.369327962398529,0.490355072543025,4.772733896970749,shared_2l_dec_tail
9701,6.056323880329728,0.9380360133945942,4.998862976208329,shared_2l_dec_tail
9702,5.539831006899476,0.4906579852104187,4.94116498157382,shared_2l_dec_tail
9703,5.471576005220413,0.4939229693263769,4.8712920397520065,shared_2l_dec_tail
9704,5.540863843634725,0.49009593203663826,4.945165943354368,shared_2l_dec_tail
9705,5.4911780171096325,0.49256114289164543,4.891316872090101,shared_2l_dec_tail
9706,5.50502585247159,0.48864702694118023,4.911437164992094,shared_2l_dec_tail
9707,5.4933729115873575,0.49703288823366165,4.887948045507073,shared_2l_dec_tail
9708,5.527497036382556,0.4832521080970764,4.936904879286885,shared_2l_dec_tail
9709,5.490801064297557,0.48735993914306164,4.895512945950031,shared_2l_dec_tail
9710,5.4610189981758595,0.48898602835834026,4.8642761539667845,shared_2l_dec_tail
9711,5.462337052449584,0.4990969318896532,4.857399966567755,shared_2l_dec_tail
9712,5.502684041857719,0.4819550085812807,4.912144038826227,shared_2l_dec_tail
9713,5.465605994686484,0.4886279348284006,4.867437994107604,shared_2l_dec_tail
9714,5.513313924893737,0.48509915359318256,4.92168590426445,shared_2l_dec_tail
9715,5.4962229914963245,0.495940912514925,4.892689175903797,shared_2l_dec_tail
9716,5.508048925548792,0.4824369680136442,4.920097067952156,shared_2l_dec_tail
9717,5.952488863840699,0.9459860157221556,4.887001821771264,shared_2l_dec_tail
9718,5.423370050266385,0.5010690074414015,4.814563086256385,shared_2l_dec_tail
9719,5.366462981328368,0.48187002539634705,4.777392838150263,shared_2l_dec_tail
9720,5.382681963965297,0.48773293383419514,4.7874851152300835,shared_2l_dec_tail
9721,5.357633111998439,0.49626221880316734,4.75408392958343,shared_2l_dec_tail
9722,5.402680020779371,0.48400997184216976,4.810031037777662,shared_2l_dec_tail
9723,5.364239914342761,0.48966100439429283,4.769378807395697,shared_2l_dec_tail
9724,5.398387089371681,0.48682093620300293,4.803132964298129,shared_2l_dec_tail
9725,5.372054874897003,0.4868688993155956,4.778909031301737,shared_2l_dec_tail
9726,5.351424915716052,0.5020550452172756,4.742505960166454,shared_2l_dec_tail
9727,5.376625107601285,0.48460601828992367,4.785617813467979,shared_2l_dec_tail
9728,5.3745771292597055,0.48960698768496513,4.777322057634592,shared_2l_dec_tail
9729,5.37088280543685,0.49592298455536366,4.768597194924951,shared_2l_dec_tail
9730,5.378603935241699,0.4882051143795252,4.783679964020848,shared_2l_dec_tail
9731,5.3710120264440775,0.49991183914244175,4.756611073389649,shared_2l_dec_tail
9732,5.370161961764097,0.49155112355947495,4.771945998072624,shared_2l_dec_tail
9733,5.94956218264997,0.9342450648546219,4.89493110217154,shared_2l_dec_tail
9734,5.425926065072417,0.4911818541586399,4.82660299167037,shared_2l_dec_tail
9735,5.427347961813211,0.49921218305826187,4.820780828595161,shared_2l_dec_tail
9736,5.35188801586628,0.4874630831182003,4.759588977321982,shared_2l_dec_tail
9737,5.389312049373984,0.49592810682952404,4.785890923812985,shared_2l_dec_tail
9738,5.379602080211043,0.49422308802604675,4.7780589666217566,shared_2l_dec_tail
9739,5.344988079741597,0.48326095566153526,4.757035989314318,shared_2l_dec_tail
9740,5.416437052190304,0.5026010330766439,4.806268028914928,shared_2l_dec_tail
9741,5.351789994165301,0.4905420355498791,4.75489697419107,shared_2l_dec_tail
9742,5.396544933319092,0.49174902960658073,4.79337596334517,shared_2l_dec_tail
9743,5.387807032093406,0.49331109039485455,4.787120968103409,shared_2l_dec_tail
9744,5.37331192754209,0.48318016342818737,4.784154938533902,shared_2l_dec_tail
9745,5.352182080969214,0.4960070364177227,4.748617997393012,shared_2l_dec_tail
9746,5.38446893915534,0.4840800538659096,4.795042099431157,shared_2l_dec_tail
9747,5.350073799490929,0.495443819090724,4.747800994664431,shared_2l_dec_tail
9748,5.402150098234415,0.4959420766681433,4.79805888608098,shared_2l_dec_tail
9749,5.962134106084704,0.9632101282477379,4.875916987657547,shared_2l_dec_tail
9750,5.326143000274897,0.4906610120087862,4.727944964542985,shared_2l_dec_tail
9751,5.388736026361585,0.4945020191371441,4.787452053278685,shared_2l_dec_tail
9752,5.345455138012767,0.4946170374751091,4.744113888591528,shared_2l_dec_tail
9753,5.394106963649392,0.48710103146731853,4.799342015758157,shared_2l_dec_tail
9754,5.317783914506435,0.4971160087734461,4.7138279769569635,shared_2l_dec_tail
9755,5.3762460593134165,0.4902270156890154,4.779222887009382,shared_2l_dec_tail
9756,5.333587061613798,0.48572407104074955,4.742533899843693,shared_2l_dec_tail
9757,5.329756997525692,0.4976419731974602,4.726318875327706,shared_2l_dec_tail
9758,5.34931686706841,0.4907348193228245,4.752269014716148,shared_2l_dec_tail
9759,5.371633917093277,0.4809941165149212,4.785837838426232,shared_2l_dec_tail
9760,5.316457012668252,0.490871025249362,4.718950018286705,shared_2l_dec_tail
9761,5.370379192754626,0.48489589244127274,4.778963979333639,shared_2l_dec_tail
9762,5.307646933943033,0.4856819286942482,4.714208887889981,shared_2l_dec_tail
9763,5.388834048062563,0.4997218493372202,4.783341195434332,shared_2l_dec_tail
9764,5.322360899299383,0.4821650218218565,4.735367139801383,shared_2l_dec_tail
9765,5.944748176261783,0.9305020794272423,4.8934160731732845,shared_2l_dec_tail
9766,5.422085989266634,0.49453089013695717,4.816966131329536,shared_2l_dec_tail
9767,5.3951009176671505,0.4910628776997328,4.797568079084158,shared_2l_dec_tail
9768,5.411152029410005,0.48428098671138287,4.820535890758038,shared_2l_dec_tail
9769,5.347215104848146,0.48979977145791054,4.750934196636081,shared_2l_dec_tail
9770,5.405618110671639,0.4963178653270006,4.8027620650827885,shared_2l_dec_tail
9771,5.414627026766539,0.48977811820805073,4.814671818166971,shared_2l_dec_tail
9772,5.414149025455117,0.48970896750688553,4.815998952835798,shared_2l_dec_tail
9773,5.431932862848043,0.48210518434643745,4.843452014029026,shared_2l_dec_tail
9774,5.392487160861492,0.49569900147616863,4.791131010279059,shared_2l_dec_tail
9775,5.408015102148056,0.4879760090261698,4.813726991415024,shared_2l_dec_tail
9776,5.355234025046229,0.4882160574197769,4.760313080623746,shared_2l_dec_tail
9777,5.394497886300087,0.4898959305137396,4.79353591799736,shared_2l_dec_tail
9778,5.359940929338336,0.4793989937752485,4.773543914780021,shared_2l_dec_tail
9779,5.391416838392615,0.4938170313835144,4.790264880284667,shared_2l_dec_tail
9780,5.427891155704856,0.4978119395673275,4.821989219635725,shared_2l_dec_tail
9781,5.941868061199784,0.9362718556076288,4.884258145466447,shared_2l_dec_tail
9782,5.3692960646003485,0.49423519521951675,4.766616970300674,shared_2l_dec_tail
9783,5.367351928725839,0.4921909421682358,4.765697056427598,shared_2l_dec_tail
9784,5.392613122239709,0.49049011431634426,4.795897053554654,shared_2l_dec_tail
9785,5.35154901444912,0.4935909528285265,4.750573076307774,shared_2l_dec_tail
9786,5.3855050355196,0.4857480525970459,4.791588988155127,shared_2l_dec_tail
9787,5.3454621229320765,0.4968831781297922,4.74082981236279,shared_2l_dec_tail
9788,5.4141320288181305,0.4981779493391514,4.807070130482316,shared_2l_dec_tail
9789,5.37645211443305,0.4832108970731497,4.7854899894446135,shared_2l_dec_tail
9790,5.350945051759481,0.49403286539018154,4.7510729636996984,shared_2l_dec_tail
9791,5.3953370079398155,0.49169897101819515,4.795866087079048,shared_2l_dec_tail
9792,5.369120975956321,0.48418506048619747,4.778672009706497,shared_2l_dec_tail
9793,5.353084998205304,0.4942091181874275,4.749860847368836,shared_2l_dec_tail
9794,5.347608122974634,0.4838311579078436,4.758015042170882,shared_2l_dec_tail
9795,5.352320848032832,0.48315711319446564,4.762948956340551,shared_2l_dec_tail
9796,5.347533151507378,0.5007830914109945,4.740826087072492,shared_2l_dec_tail
9797,5.957859801128507,0.9422260336577892,4.896824015304446,shared_2l_dec_tail
9798,5.401137983426452,0.48853689804673195,4.805762087926269,shared_2l_dec_tail
9799,5.396083928644657,0.49891904927790165,4.789912840351462,shared_2l_dec_tail
9800,5.4018450900912285,0.48897694796323776,4.804073134437203,shared_2l_dec_tail
9801,5.390439881011844,0.4927411209791899,4.790348932147026,shared_2l_dec_tail
9802,5.352986045181751,0.49869599752128124,4.743786063045263,shared_2l_dec_tail
9803,5.375662120059133,0.4952650051563978,4.773949971422553,shared_2l_dec_tail
9804,5.34581090323627,0.4817631561309099,4.758720984682441,shared_2l_dec_tail
9805,5.408352939411998,0.4958510398864746,4.805795848369598,shared_2l_dec_tail
9806,5.343070952221751,0.4869219847023487,4.747946048155427,shared_2l_dec_tail
9807,5.388946970924735,0.49312086775898933,4.789272090420127,shared_2l_dec_tail
9808,5.366765195503831,0.4873939324170351,4.768480081111193,shared_2l_dec_tail
9809,5.3745899349451065,0.4881490021944046,4.781428026035428,shared_2l_dec_tail
9810,5.348459118977189,0.49533392302691936,4.747048020362854,shared_2l_dec_tail
9811,5.37661206908524,0.48503605648875237,4.785022931173444,shared_2l_dec_tail
9812,5.404727999120951,0.4913031589239836,4.80632483959198,shared_2l_dec_tail
9813,5.974107887595892,0.9532500989735126,4.898823099210858,shared_2l_dec_tail
9814,5.432655103504658,0.4955779295414686,4.829693119972944,shared_2l_dec_tail
9815,5.335990805178881,0.48929406329989433,4.738524090498686,shared_2l_dec_tail
9816,5.419329972937703,0.4949071444571018,4.813225008547306,shared_2l_dec_tail
9817,5.3351030219346285,0.4839180037379265,4.744894104078412,shared_2l_dec_tail
9818,5.397438071668148,0.48571289516985416,4.803990013897419,shared_2l_dec_tail
9819,5.355275934562087,0.4918910562992096,4.756703972816467,shared_2l_dec_tail
9820,5.392031045630574,0.4865631926804781,4.798803012818098,shared_2l_dec_tail
9821,5.3310999646782875,0.4931038711220026,4.7324050683528185,shared_2l_dec_tail
9822,5.418142070993781,0.4937630146741867,4.81671211309731,shared_2l_dec_tail
9823,5.36228297278285,0.4880570340901613,4.765238845720887,shared_2l_dec_tail
9824,5.3985940758138895,0.496590044349432,4.795335931703448,shared_2l_dec_tail
9825,5.3521329537034035,0.4860770422965288,4.76060388609767,shared_2l_dec_tail
9826,5.40174706839025,0.4832290578633547,4.813405917957425,shared_2l_dec_tail
9827,5.340119823813438,0.4893708974123001,4.744348116219044,shared_2l_dec_tail
9828,5.395428976044059,0.4862730856984854,4.803087096661329,shared_2l_dec_tail
9829,6.1003100126981735,0.9438348934054375,5.0365321803838015,shared_2l_dec_tail
9830,5.577652016654611,0.5098320543766022,4.9592009745538235,shared_2l_dec_tail
9831,5.516709992662072,0.49880100414156914,4.911177093163133,shared_2l_dec_tail
9832,5.494395969435573,0.5004880949854851,4.886884009465575,shared_2l_dec_tail
9833,5.527213914319873,0.48428098671138287,4.935659002512693,shared_2l_dec_tail
9834,5.561165977269411,0.4941360093653202,4.961219849064946,shared_2l_dec_tail
9835,5.511035909876227,0.48650894314050674,4.917006939649582,shared_2l_dec_tail
9836,5.545866908505559,0.5009379237890244,4.938847152516246,shared_2l_dec_tail
9837,5.531904986128211,0.4944868851453066,4.927861038595438,shared_2l_dec_tail
9838,5.5402040015906096,0.4903939552605152,4.945593187585473,shared_2l_dec_tail
9839,5.5385250598192215,0.48722210340201855,4.9439650028944016,shared_2l_dec_tail
9840,5.514312069863081,0.48293801955878735,4.924396052956581,shared_2l_dec_tail
9841,5.54765691049397,0.49816002137959003,4.943701904267073,shared_2l_dec_tail
9842,5.537700140848756,0.492313876748085,4.936997080221772,shared_2l_dec_tail
9843,5.554432049393654,0.49678608775138855,4.951981827616692,shared_2l_dec_tail
9844,5.515409167855978,0.4865878727287054,4.922874039039016,shared_2l_dec_tail
9845,5.958802066743374,0.953765818849206,4.884316120296717,shared_2l_dec_tail
9846,5.427134921774268,0.49976701848208904,4.817752167582512,shared_2l_dec_tail
9847,5.4057021625339985,0.49315509386360645,4.80526895262301,shared_2l_dec_tail
9848,5.434419959783554,0.5015248898416758,4.827072145417333,shared_2l_dec_tail
9849,5.364545155316591,0.4876779858022928,4.768678918480873,shared_2l_dec_tail
9850,5.406009033322334,0.49228896386921406,4.80496184900403,shared_2l_dec_tail
9851,5.365042015910149,0.4954931791871786,4.762224853038788,shared_2l_dec_tail
9852,5.363711155951023,0.49438606947660446,4.7627948224544525,shared_2l_dec_tail
9853,5.382702918723226,0.4882500506937504,4.783919081091881,shared_2l_dec_tail
9854,5.398856941610575,0.48253801651299,4.809801001101732,shared_2l_dec_tail
9855,5.386726930737495,0.49120187759399414,4.7869940754026175,shared_2l_dec_tail
9856,5.426605930551887,0.4951781593263149,4.8251948319375515,shared_2l_dec_tail
9857,5.3987279534339905,0.4908819682896137,4.802112001925707,shared_2l_dec_tail
9858,5.349030951038003,0.4994811024516821,4.7394149005413055,shared_2l_dec_tail
9859,5.4001701064407825,0.4876831080764532,4.805912962183356,shared_2l_dec_tail
9860,5.3482200019061565,0.48313289880752563,4.758806899189949,shared_2l_dec_tail
9861,5.970823112875223,0.951030058786273,4.899790044873953,shared_2l_dec_tail
9862,5.4236208088696,0.503940973430872,4.812550963833928,shared_2l_dec_tail
9863,5.390099016949534,0.4886249080300331,4.792027175426483,shared_2l_dec_tail
9864,5.444732960313559,0.497650820761919,4.835277097299695,shared_2l_dec_tail
9865,5.442378809675574,0.48668496310710907,4.848700948059559,shared_2l_dec_tail
9866,5.3635460790246725,0.4919501952826977,4.766159923747182,shared_2l_dec_tail
9867,5.401415983214974,0.4931478761136532,4.801739938557148,shared_2l_dec_tail
9868,5.374193890020251,0.48749102279543877,4.780214047059417,shared_2l_dec_tail
9869,5.408003926277161,0.5011009052395821,4.804195137694478,shared_2l_dec_tail
9870,5.359354196116328,0.4864749498665333,4.767099861055613,shared_2l_dec_tail
9871,5.3652930073440075,0.48538600094616413,4.773064982146025,shared_2l_dec_tail
9872,5.412247963249683,0.49419398419559,4.811671795323491,shared_2l_dec_tail
9873,5.3948459681123495,0.4965511616319418,4.791795974597335,shared_2l_dec_tail
9874,5.418164888396859,0.4952610470354557,4.812026862055063,shared_2l_dec_tail
9875,5.387603072449565,0.48684305511415005,4.792866064235568,shared_2l_dec_tail
9876,5.423026857897639,0.48843701370060444,4.826755030080676,shared_2l_dec_tail
9877,5.997669883072376,0.9552391711622477,4.923137836158276,shared_2l_dec_tail
9878,5.43490587733686,0.506632961332798,4.819252993911505,shared_2l_dec_tail
9879,5.342639982700348,0.4895678721368313,4.745359066873789,shared_2l_dec_tail
9880,5.420944886282086,0.5029591266065836,4.807065008208156,shared_2l_dec_tail
9881,5.3606710862368345,0.4844320937991142,4.77004493586719,shared_2l_dec_tail
9882,5.407093791291118,0.4899508785456419,4.808732075616717,shared_2l_dec_tail
9883,5.345236975699663,0.4927238915115595,4.746704129502177,shared_2l_dec_tail
9884,5.387387936934829,0.4900239873677492,4.790201084688306,shared_2l_dec_tail
9885,5.3722369484603405,0.4969709552824497,4.7691629733890295,shared_2l_dec_tail
9886,5.395208951085806,0.48802304081618786,4.791671875864267,shared_2l_dec_tail
9887,5.404489813372493,0.4873061552643776,4.810024052858353,shared_2l_dec_tail
9888,5.358322989195585,0.4991160240024328,4.751041065901518,shared_2l_dec_tail
9889,5.387766053900123,0.48866006545722485,4.790474893525243,shared_2l_dec_tail
9890,5.379551090300083,0.495340907946229,4.777467111125588,shared_2l_dec_tail
9891,5.413458915427327,0.4980990197509527,4.808909958228469,shared_2l_dec_tail
9892,5.401571048423648,0.49063190817832947,4.805500153452158,shared_2l_dec_tail
9893,5.960747832432389,0.9521578904241323,4.889047937467694,shared_2l_dec_tail
9894,5.426906049251556,0.4980331286787987,4.821122856810689,shared_2l_dec_tail
9895,5.418680142611265,0.4845650400966406,4.826289135962725,shared_2l_dec_tail
9896,5.405012983828783,0.49608899280428886,4.79755294509232,shared_2l_dec_tail
9897,5.41931320913136,0.4892810247838497,4.823900992050767,shared_2l_dec_tail
9898,5.369779886677861,0.48283091746270657,4.781882045790553,shared_2l_dec_tail
9899,5.362292984500527,0.4969588480889797,4.759024130180478,shared_2l_dec_tail
9900,5.444861017167568,0.4946088884025812,4.84269205480814,shared_2l_dec_tail
9901,5.431505851447582,0.49410294741392136,4.825080977752805,shared_2l_dec_tail
9902,5.384461954236031,0.48367492854595184,4.793503088876605,shared_2l_dec_tail
9903,5.429849959909916,0.4986401181668043,4.824937088415027,shared_2l_dec_tail
9904,5.438610911369324,0.4979351069778204,4.832244943827391,shared_2l_dec_tail
9905,5.402500042691827,0.4914191085845232,4.8038349486887455,shared_2l_dec_tail
9906,5.429964046925306,0.495722983032465,4.826422082260251,shared_2l_dec_tail
9907,5.387573968619108,0.49530481919646263,4.783765180036426,shared_2l_dec_tail
9908,5.431752186268568,0.49784104339778423,4.824036033824086,shared_2l_dec_tail
9909,5.953603889793158,0.9374499786645174,4.896376980468631,shared_2l_dec_tail
9910,5.414084997028112,0.49210386350750923,4.8099171835929155,shared_2l_dec_tail
9911,5.418476881459355,0.4908498376607895,4.819103050976992,shared_2l_dec_tail
9912,5.38409105502069,0.4946109838783741,4.783123964443803,shared_2l_dec_tail
9913,5.354020046070218,0.4842102061957121,4.762683995068073,shared_2l_dec_tail
9914,5.390390055254102,0.49389502964913845,4.789612954482436,shared_2l_dec_tail
9915,5.3854340221732855,0.5015172064304352,4.775171866640449,shared_2l_dec_tail
9916,5.379782058298588,0.4894230514764786,4.784497898072004,shared_2l_dec_tail
9917,5.404205061495304,0.49584987573325634,4.802881041541696,shared_2l_dec_tail
9918,5.368534009903669,0.48882607370615005,4.771610954776406,shared_2l_dec_tail
9919,5.392879946157336,0.4972708411514759,4.788496065884829,shared_2l_dec_tail
9920,5.384121090173721,0.4943001549690962,4.783213837072253,shared_2l_dec_tail
9921,5.344582023099065,0.49055018462240696,4.747919971123338,shared_2l_dec_tail
9922,5.395576125010848,0.49879495054483414,4.785293946042657,shared_2l_dec_tail
9923,5.365830846130848,0.4904288798570633,4.769186023622751,shared_2l_dec_tail
9924,5.389160010963678,0.48896600492298603,4.794711945578456,shared_2l_dec_tail
9925,5.918306997045875,0.9283549152314663,4.870044998824596,shared_2l_dec_tail
9926,5.3790120873600245,0.5025558639317751,4.768170183524489,shared_2l_dec_tail
9927,5.423825001344085,0.4948058631271124,4.820655100047588,shared_2l_dec_tail
9928,5.418329034000635,0.5032408516854048,4.802220035344362,shared_2l_dec_tail
9929,5.369202001020312,0.49020093865692616,4.772803047671914,shared_2l_dec_tail
9930,5.403789924457669,0.4921630024909973,4.8039748799055815,shared_2l_dec_tail
9931,5.342405987903476,0.49818912521004677,4.736755043268204,shared_2l_dec_tail
9932,5.420428002253175,0.4940889775753021,4.818894900381565,shared_2l_dec_tail
9933,5.342584103345871,0.49148499965667725,4.743864992633462,shared_2l_dec_tail
9934,5.4193290416151285,0.49559399485588074,4.81460290029645,shared_2l_dec_tail
9935,5.373301915824413,0.4915720783174038,4.773777909576893,shared_2l_dec_tail
9936,5.426659947261214,0.5009761080145836,4.817694891244173,shared_2l_dec_tail
9937,5.396744003519416,0.4860558547079563,4.803873132914305,shared_2l_dec_tail
9938,5.401854170486331,0.5010340828448534,4.793223924934864,shared_2l_dec_tail
9939,5.399778019636869,0.4930119030177593,4.793699132278562,shared_2l_dec_tail
9940,5.385516909882426,0.49264682456851006,4.7859621699899435,shared_2l_dec_tail
9941,5.975942825898528,0.9573609568178654,4.898052895441651,shared_2l_dec_tail
9942,5.399839952588081,0.5019961390644312,4.787941928952932,shared_2l_dec_tail
9943,5.400878842920065,0.49291294999420643,4.8012270126491785,shared_2l_dec_tail
9944,5.364048993214965,0.49670785665512085,4.753679037094116,shared_2l_dec_tail
9945,5.403932882472873,0.4984629340469837,4.797938046976924,shared_2l_dec_tail
9946,5.369527032598853,0.4882488865405321,4.773532040417194,shared_2l_dec_tail
9947,5.430466961115599,0.5032320041209459,4.819676978513598,shared_2l_dec_tail
9948,5.374466069042683,0.49750483594834805,4.769673105329275,shared_2l_dec_tail
9949,5.3994241170585155,0.4974168259650469,4.795567132532597,shared_2l_dec_tail
9950,5.350586958229542,0.48778392374515533,4.756259033456445,shared_2l_dec_tail
9951,5.380210001021624,0.4914570599794388,4.78161103092134,shared_2l_dec_tail
9952,5.3944040555506945,0.49927900545299053,4.787755198776722,shared_2l_dec_tail
9953,5.4306890815496445,0.5009188316762447,4.822615068405867,shared_2l_dec_tail
9954,5.3805881179869175,0.49174297600984573,4.783256910741329,shared_2l_dec_tail
9955,5.350124090909958,0.48834504559636116,4.755685105919838,shared_2l_dec_tail
9956,5.39779313839972,0.49356394447386265,4.798847017809749,shared_2l_dec_tail
9957,6.130290916189551,0.955452211201191,5.053828004747629,shared_2l_dec_tail
9958,5.591677036136389,0.49945805221796036,4.983477061614394,shared_2l_dec_tail
9959,5.590745015069842,0.49066892825067043,4.98732109554112,shared_2l_dec_tail
9960,5.553420167416334,0.48817810602486134,4.957738099619746,shared_2l_dec_tail
9961,5.610956810414791,0.5035470239818096,5.000056000426412,shared_2l_dec_tail
9962,5.545179126784205,0.49159396439790726,4.9466099590063095,shared_2l_dec_tail
9963,5.561226047575474,0.5012920591980219,4.95344283990562,shared_2l_dec_tail
9964,5.5976021103560925,0.4965909756720066,4.992223111912608,shared_2l_dec_tail
9965,5.518679972738028,0.4907469265162945,4.919431172311306,shared_2l_dec_tail
9966,5.574533017352223,0.49426709301769733,4.966541891917586,shared_2l_dec_tail
9967,5.582551006227732,0.48978603444993496,4.985793028026819,shared_2l_dec_tail
9968,5.616633919999003,0.4951050505042076,5.011820001527667,shared_2l_dec_tail
9969,5.535606062039733,0.48818299546837807,4.93993703275919,shared_2l_dec_tail
9970,5.583392921835184,0.49553182907402515,4.9801841378211975,shared_2l_dec_tail
9971,5.538856843486428,0.4933688323944807,4.938793135806918,shared_2l_dec_tail
9972,5.5843989830464125,0.497208908200264,4.97995805926621,shared_2l_dec_tail
9973,5.991305923089385,0.9449750650674105,4.926340887323022,shared_2l_dec_tail
9974,5.461186170578003,0.5005770362913609,4.852681886404753,shared_2l_dec_tail
9975,5.393864819779992,0.49538002349436283,4.790549166500568,shared_2l_dec_tail
9976,5.4144321475178,0.48645283095538616,4.821131005883217,shared_2l_dec_tail
9977,5.401209928095341,0.4934030584990978,4.801392089575529,shared_2l_dec_tail
9978,5.437287967652082,0.49239606596529484,4.838173044845462,shared_2l_dec_tail
9979,5.381477996706963,0.49414392560720444,4.7748570796102285,shared_2l_dec_tail
9980,5.4603570606559515,0.5004890263080597,4.85375989228487,shared_2l_dec_tail
9981,5.384488962590694,0.49284007400274277,4.78544388897717,shared_2l_dec_tail
9982,5.435509840026498,0.49441889859735966,4.832735052332282,shared_2l_dec_tail
9983,5.400260910391808,0.4921271465718746,4.80061094276607,shared_2l_dec_tail
9984,5.401398986577988,0.502660172060132,4.794257925823331,shared_2l_dec_tail
9985,5.410470068454742,0.4914999008178711,4.812632221728563,shared_2l_dec_tail
9986,5.4384509567171335,0.49159000627696514,4.833542043343186,shared_2l_dec_tail
9987,5.419498076662421,0.48631709069013596,4.825846990570426,shared_2l_dec_tail
9988,5.428313976153731,0.49003493040800095,4.83108009211719,shared_2l_dec_tail
9989,6.004389841109514,0.9425741154700518,4.941467894241214,shared_2l_dec_tail
9990,5.47526590526104,0.5021770484745502,4.865552065894008,shared_2l_dec_tail
9991,5.458853906020522,0.48694503493607044,4.865122959017754,shared_2l_dec_tail
9992,5.473680095747113,0.49910787492990494,4.866339033469558,shared_2l_dec_tail
9993,5.419207038357854,0.4926819819957018,4.819693043828011,shared_2l_dec_tail
9994,5.495991092175245,0.5019230302423239,4.884869093075395,shared_2l_dec_tail
9995,5.439491011202335,0.48828497529029846,4.844647133722901,shared_2l_dec_tail
9996,5.477953003719449,0.5000131204724312,4.870997043326497,shared_2l_dec_tail
9997,5.441423039883375,0.49006007611751556,4.8448441084474325,shared_2l_dec_tail
9998,5.410711048170924,0.5126111209392548,4.786731908097863,shared_2l_dec_tail
