step,decode_step_ms,plan_ms,forward_ms,strategy
0,5.785482004284859,1.6383908223360777,4.034358076751232,shared_2l_1pool
1,4.3427059426903725,0.3524729982018471,3.885681042447686,shared_2l_1pool
2,4.319536965340376,0.33680396154522896,3.8778020534664392,shared_2l_1pool
3,4.288316005840898,0.3331939224153757,3.8513580802828074,shared_2l_1pool
4,4.222709918394685,0.33404678106307983,3.7837622221559286,shared_2l_1pool
5,6.477112183347344,2.333432901650667,4.024124005809426,shared_2l_1pool
6,4.315502941608429,0.3425369504839182,3.8688250351697206,shared_2l_1pool
7,4.311074037104845,0.3385040909051895,3.8693828973919153,shared_2l_1pool
8,4.330183146521449,0.33108796924352646,3.8944000843912363,shared_2l_1pool
9,4.205331904813647,0.33915298990905285,3.764810971915722,shared_2l_1pool
10,4.2395880445837975,0.3264760598540306,3.8093719631433487,shared_2l_1pool
11,4.220968810841441,0.3261491656303406,3.794341813772917,shared_2l_1pool
12,4.252515966072679,0.32937992364168167,3.8201911374926567,shared_2l_1pool
13,4.197428934276104,0.3374998923391104,3.757178084924817,shared_2l_1pool
14,4.236176144331694,0.3268360160291195,3.8085749838501215,shared_2l_1pool
15,4.187796032056212,0.3275920171290636,3.7578248884528875,shared_2l_1pool
16,4.239941015839577,0.32499502412974834,3.8132560439407825,shared_2l_1pool
17,4.184952937066555,0.33548707142472267,3.7473898846656084,shared_2l_1pool
18,4.277221160009503,0.3364579752087593,3.8375528529286385,shared_2l_1pool
19,4.30758111178875,0.3312251064926386,3.873606910929084,shared_2l_1pool
20,4.31328802369535,0.32585603184998035,3.884399076923728,shared_2l_1pool
21,5.440660985186696,1.3279758859425783,3.993675112724304,shared_2l_1pool
22,4.30619902908802,0.34063681960105896,3.862188197672367,shared_2l_1pool
23,4.291245946660638,0.33554621040821075,3.8512079045176506,shared_2l_1pool
24,4.337108926847577,0.33850595355033875,3.8943039253354073,shared_2l_1pool
25,4.246528958901763,0.33013615757226944,3.8146129809319973,shared_2l_1pool
26,4.321807995438576,0.32655498944222927,3.891211934387684,shared_2l_1pool
27,4.224425181746483,0.3321748226881027,3.784719156101346,shared_2l_1pool
28,4.348460119217634,0.3278530202805996,3.9167660288512707,shared_2l_1pool
29,4.233725136145949,0.3393369261175394,3.7919271271675825,shared_2l_1pool
30,4.263859940692782,0.3318800590932369,3.83028294891119,shared_2l_1pool
31,4.23208181746304,0.3359068650752306,3.7927411030977964,shared_2l_1pool
32,4.285346018150449,0.32997014932334423,3.8525359705090523,shared_2l_1pool
33,4.247851902619004,0.33382908441126347,3.811066970229149,shared_2l_1pool
34,4.333165008574724,0.33660605549812317,3.890255931764841,shared_2l_1pool
35,4.295927006751299,0.33261487260460854,3.860360011458397,shared_2l_1pool
36,4.2491210624575615,0.33284397795796394,3.8143598940223455,shared_2l_1pool
37,5.405365955084562,1.3036720920354128,3.98168689571321,shared_2l_1pool
38,4.295943072065711,0.3417378757148981,3.849873086437583,shared_2l_1pool
39,4.310155985876918,0.3352351486682892,3.87011980637908,shared_2l_1pool
40,4.30422299541533,0.34094182774424553,3.8591751363128424,shared_2l_1pool
41,4.3536280281841755,0.3396179527044296,3.910814179107547,shared_2l_1pool
42,4.251441918313503,0.33344095572829247,3.815572941675782,shared_2l_1pool
43,4.314904799684882,0.33124489709734917,3.881368087604642,shared_2l_1pool
44,4.313451005145907,0.3420058637857437,3.865285078063607,shared_2l_1pool
45,4.255068022757769,0.33740513026714325,3.8155049551278353,shared_2l_1pool
46,4.251723876222968,0.33589196391403675,3.813039045780897,shared_2l_1pool
47,4.251929000020027,0.3412689547985792,3.8083100225776434,shared_2l_1pool
48,4.239964997395873,0.33091800287365913,3.8069088477641344,shared_2l_1pool
49,4.279275890439749,0.32733287662267685,3.8499259389936924,shared_2l_1pool
50,4.306104965507984,0.33383583649992943,3.8691051304340363,shared_2l_1pool
51,4.335829988121986,0.3383390139788389,3.8926759734749794,shared_2l_1pool
52,4.234593827277422,0.3306830767542124,3.8014568854123354,shared_2l_1pool
53,5.437511019408703,1.3014818541705608,4.015298094600439,shared_2l_1pool
54,4.355730954557657,0.35326392389833927,3.89599590562284,shared_2l_1pool
55,4.302897024899721,0.3387520555406809,3.8628450129181147,shared_2l_1pool
56,4.325682995840907,0.33736415207386017,3.883844939991832,shared_2l_1pool
57,4.324260866269469,0.33970712684094906,3.8815420120954514,shared_2l_1pool
58,4.2470828630030155,0.33492990769445896,3.810229944065213,shared_2l_1pool
59,4.223847994580865,0.33793412148952484,3.7816218100488186,shared_2l_1pool
60,4.318181192502379,0.3465379122644663,3.860943019390106,shared_2l_1pool
61,4.311460070312023,0.3417420666664839,3.867312101647258,shared_2l_1pool
62,4.332083975896239,0.33535598777234554,3.892641980201006,shared_2l_1pool
63,4.27459878847003,0.3433388192206621,3.82457603700459,shared_2l_1pool
64,4.3121671769768,0.345851993188262,3.863553050905466,shared_2l_1pool
65,4.305959912016988,0.34182285889983177,3.8610680494457483,shared_2l_1pool
66,4.312793025746942,0.3363681025803089,3.871721914038062,shared_2l_1pool
67,4.325985908508301,0.34395395778119564,3.877551993355155,shared_2l_1pool
68,4.211731953546405,0.33199600875377655,3.777169855311513,shared_2l_1pool
69,5.451295059174299,1.3063100632280111,4.0300588589161634,shared_2l_1pool
70,4.307267954573035,0.35417103208601475,3.8467240519821644,shared_2l_1pool
71,4.260041052475572,0.342019135132432,3.814167808741331,shared_2l_1pool
72,4.3498859740793705,0.3407900221645832,3.903921926394105,shared_2l_1pool
73,4.318589111790061,0.3518350422382355,3.862474113702774,shared_2l_1pool
74,4.335752921178937,0.33979001455008984,3.8917488418519497,shared_2l_1pool
75,4.278443055227399,0.33567100763320923,3.8365470245480537,shared_2l_1pool
76,4.3084819335490465,0.3420719876885414,3.8630750495940447,shared_2l_1pool
77,4.24800394102931,0.33347192220389843,3.8126050494611263,shared_2l_1pool
78,4.261000081896782,0.33360812813043594,3.823213977739215,shared_2l_1pool
79,4.246094962581992,0.3361809067428112,3.808748908340931,shared_2l_1pool
80,4.286980954930186,0.3453830722719431,3.837553784251213,shared_2l_1pool
81,4.281096160411835,0.33499905839562416,3.8430208805948496,shared_2l_1pool
82,4.332188051193953,0.3379140980541706,3.889621002599597,shared_2l_1pool
83,4.288758151233196,0.34189107827842236,3.8458660710603,shared_2l_1pool
84,4.316302947700024,0.33343699760735035,3.8804439827799797,shared_2l_1pool
85,5.424233851954341,1.298846211284399,4.007420968264341,shared_2l_1pool
86,4.3581759091466665,0.3608039114624262,3.8922359235584736,shared_2l_1pool
87,4.338657017797232,0.3396139945834875,3.8943919353187084,shared_2l_1pool
88,4.265354014933109,0.33820304088294506,3.8241080474108458,shared_2l_1pool
89,4.212772008031607,0.3366230521351099,3.7698009982705116,shared_2l_1pool
90,4.217725014314055,0.3391208592802286,3.7752881180495024,shared_2l_1pool
91,4.247352015227079,0.333953183144331,3.8064320106059313,shared_2l_1pool
92,4.241228103637695,0.3394919913262129,3.7960789632052183,shared_2l_1pool
93,4.246026044711471,0.3416850231587887,3.801025915890932,shared_2l_1pool
94,4.231370985507965,0.3343150019645691,3.7939369212836027,shared_2l_1pool
95,4.261246882379055,0.3369930200278759,3.8183729629963636,shared_2l_1pool
96,4.287962103262544,0.34215906634926796,3.8411770947277546,shared_2l_1pool
97,4.31718397885561,0.3431860823184252,3.868784988299012,shared_2l_1pool
98,4.258229164406657,0.33652689307928085,3.819081000983715,shared_2l_1pool
99,4.235303960740566,0.3339420072734356,3.7999041378498077,shared_2l_1pool
100,4.260946065187454,0.33887801691889763,3.8202540017664433,shared_2l_1pool
101,5.4565430618822575,1.3233330100774765,4.016720922663808,shared_2l_1pool
102,4.315357888117433,0.3520180471241474,3.858407959342003,shared_2l_1pool
103,4.314441001042724,0.3497868310660124,3.8621469866484404,shared_2l_1pool
104,4.325455985963345,0.34235906787216663,3.8799610920250416,shared_2l_1pool
105,4.331049043685198,0.3380139824002981,3.8896240293979645,shared_2l_1pool
106,4.216312896460295,0.3449020441621542,3.7685649003833532,shared_2l_1pool
107,4.281001864001155,0.34310691989958286,3.8335619028657675,shared_2l_1pool
108,4.302297020331025,0.3349599428474903,3.8620661944150925,shared_2l_1pool
109,4.305497044697404,0.3350169863551855,3.868898143991828,shared_2l_1pool
110,4.257033113390207,0.3410868812352419,3.812110051512718,shared_2l_1pool
111,4.256565123796463,0.33676205202937126,3.8187920581549406,shared_2l_1pool
112,4.276544088497758,0.3319249954074621,3.841191064566374,shared_2l_1pool
113,4.23787091858685,0.3414810635149479,3.7952889688313007,shared_2l_1pool
114,4.238744964823127,0.3446107730269432,3.7906370125710964,shared_2l_1pool
115,4.213972017168999,0.3394070081412792,3.7733311764895916,shared_2l_1pool
116,4.262392176315188,0.33834297209978104,3.821549005806446,shared_2l_1pool
117,5.455692997202277,1.3134100008755922,4.016571212559938,shared_2l_1pool
118,4.299283027648926,0.3529519308358431,3.841583151370287,shared_2l_1pool
119,4.3213339522480965,0.34754001535475254,3.8694010581821203,shared_2l_1pool
120,4.3644229881465435,0.35058194771409035,3.903450910001993,shared_2l_1pool
121,4.260666901245713,0.3401429858058691,3.8175249937921762,shared_2l_1pool
122,4.286714131012559,0.34102005884051323,3.844108898192644,shared_2l_1pool
123,4.327237140387297,0.3486920613795519,3.874399932101369,shared_2l_1pool
124,4.328861134126782,0.34684897400438786,3.872644156217575,shared_2l_1pool
125,4.252411890774965,0.33717905171215534,3.8121258839964867,shared_2l_1pool
126,4.219007911160588,0.3361040726304054,3.778988029807806,shared_2l_1pool
127,4.242618102580309,0.3440470900386572,3.791377879679203,shared_2l_1pool
128,4.308474017307162,0.3326169680804014,3.8724171463400126,shared_2l_1pool
129,4.278318025171757,0.3341240808367729,3.841870930045843,shared_2l_1pool
130,4.307144088670611,0.34601311199367046,3.8577020168304443,shared_2l_1pool
131,4.2566719930619,0.34076301380991936,3.809981979429722,shared_2l_1pool
132,4.228238947689533,0.33486983738839626,3.7886640056967735,shared_2l_1pool
133,5.553724942728877,1.3934411108493805,4.032024880871177,shared_2l_1pool
134,4.338402999565005,0.3526641521602869,3.8800379261374474,shared_2l_1pool
135,4.3300248216837645,0.3468310460448265,3.87975899502635,shared_2l_1pool
136,4.270737059414387,0.3472480457276106,3.8203869480639696,shared_2l_1pool
137,4.241488873958588,0.34365314058959484,3.7918039597570896,shared_2l_1pool
138,4.2626510839909315,0.33797300420701504,3.8217660039663315,shared_2l_1pool
139,4.245377145707607,0.33653294667601585,3.807689994573593,shared_2l_1pool
140,4.260038025677204,0.344984931871295,3.8064431864768267,shared_2l_1pool
141,4.249728983268142,0.3406170289963484,3.807981964200735,shared_2l_1pool
142,4.249311983585358,0.3437930718064308,3.8022359367460012,shared_2l_1pool
143,4.337378079071641,0.3443730529397726,3.8901930674910545,shared_2l_1pool
144,4.317127866670489,0.34753279760479927,3.8664850872009993,shared_2l_1pool
145,4.331147996708751,0.3404039889574051,3.887389088049531,shared_2l_1pool
146,4.272205987945199,0.3415870014578104,3.8275551050901413,shared_2l_1pool
147,4.288361873477697,0.3448550123721361,3.8367370143532753,shared_2l_1pool
148,4.3410020880401134,0.3436650149524212,3.8910878356546164,shared_2l_1pool
149,5.452830111607909,1.3117841444909573,4.022475797683001,shared_2l_1pool
150,4.354683915153146,0.35946397110819817,3.8887590635567904,shared_2l_1pool
151,4.363622050732374,0.34546107053756714,3.914658911526203,shared_2l_1pool
152,4.321462009102106,0.34472416155040264,3.872915869578719,shared_2l_1pool
153,4.289957927539945,0.34684198908507824,3.838833188638091,shared_2l_1pool
154,4.319461062550545,0.3353669308125973,3.8813198916614056,shared_2l_1pool
155,4.333892138674855,0.34112483263015747,3.889253130182624,shared_2l_1pool
156,4.319085972383618,0.34928787499666214,3.86640802025795,shared_2l_1pool
157,4.27794293500483,0.3376980312168598,3.8354499265551567,shared_2l_1pool
158,4.3123881332576275,0.3393511287868023,3.861477831378579,shared_2l_1pool
159,4.360715858638287,0.35107904113829136,3.9058648981153965,shared_2l_1pool
160,4.337599966675043,0.34482101909816265,3.8890340365469456,shared_2l_1pool
161,4.326781025156379,0.33983797766268253,3.8826349191367626,shared_2l_1pool
162,4.278688924387097,0.3483048640191555,3.827895037829876,shared_2l_1pool
163,4.249705001711845,0.3360889386385679,3.81092494353652,shared_2l_1pool
164,4.227434983476996,0.33783307299017906,3.7877140566706657,shared_2l_1pool
165,5.469163879752159,1.31633086130023,4.035223042592406,shared_2l_1pool
166,4.34131408110261,0.3562450874596834,3.880720818415284,shared_2l_1pool
167,4.3327659368515015,0.34652696922421455,3.8846570532768965,shared_2l_1pool
168,4.348031943663955,0.34972582943737507,3.8947879802435637,shared_2l_1pool
169,4.268059972673655,0.34219096414744854,3.8237720727920532,shared_2l_1pool
170,4.258236847817898,0.33810012973845005,3.8167040329426527,shared_2l_1pool
171,4.350956063717604,0.3418959677219391,3.8970201276242733,shared_2l_1pool
172,4.283176967874169,0.3437791019678116,3.835706040263176,shared_2l_1pool
173,4.28503192961216,0.33870991319417953,3.843531012535095,shared_2l_1pool
174,4.290685057640076,0.3493919502943754,3.837590105831623,shared_2l_1pool
175,4.279358079656959,0.34949113614857197,3.8277029525488615,shared_2l_1pool
176,4.290324868634343,0.33742492087185383,3.849778091534972,shared_2l_1pool
177,4.31377487257123,0.34418911673128605,3.8685949984937906,shared_2l_1pool
178,4.277485189959407,0.34773116931319237,3.8270289078354836,shared_2l_1pool
179,4.2974320240318775,0.33899699337780476,3.8560221437364817,shared_2l_1pool
180,4.3179490603506565,0.3385429736226797,3.8772709667682648,shared_2l_1pool
181,5.431442987173796,1.3240429107099771,3.988725133240223,shared_2l_1pool
182,4.318604012951255,0.35258103162050247,3.8617008831351995,shared_2l_1pool
183,4.317543003708124,0.34416094422340393,3.869079053401947,shared_2l_1pool
184,4.2826589196920395,0.3489500377327204,3.8301111198961735,shared_2l_1pool
185,4.308511968702078,0.34081097692251205,3.8637409452348948,shared_2l_1pool
186,4.31507988832891,0.34563103690743446,3.8654447998851538,shared_2l_1pool
187,4.34579118154943,0.34768087789416313,3.89368599280715,shared_2l_1pool
188,4.318261053413153,0.3421739675104618,3.8704979233443737,shared_2l_1pool
189,4.246694967150688,0.34513603895902634,3.799170022830367,shared_2l_1pool
190,4.250567872077227,0.35586790181696415,3.7909881211817265,shared_2l_1pool
191,4.22468688338995,0.3432189114391804,3.7716941442340612,shared_2l_1pool
192,4.24728193320334,0.34063984639942646,3.8046101108193398,shared_2l_1pool
193,4.24895784817636,0.34079491160809994,3.804872976616025,shared_2l_1pool
194,4.2933630757033825,0.35286881029605865,3.828637069091201,shared_2l_1pool
195,4.29144105874002,0.34738192334771156,3.840886987745762,shared_2l_1pool
196,4.305441863834858,0.3400188870728016,3.8623991422355175,shared_2l_1pool
197,5.466019967570901,1.321305986493826,4.026280948892236,shared_2l_1pool
198,4.307921975851059,0.3567570820450783,3.845524974167347,shared_2l_1pool
199,4.3459569569677114,0.3506201319396496,3.8881669752299786,shared_2l_1pool
200,4.362290957942605,0.3529731184244156,3.9052488282322884,shared_2l_1pool
201,4.333728924393654,0.34457119181752205,3.887660801410675,shared_2l_1pool
202,4.2433650232851505,0.3467600326985121,3.793054958805442,shared_2l_1pool
203,4.244526149705052,0.34981616772711277,3.7919320166110992,shared_2l_1pool
204,4.248813027516007,0.34438190050423145,3.796379081904888,shared_2l_1pool
205,4.281182074919343,0.3425818867981434,3.8387090899050236,shared_2l_1pool
206,4.334951983764768,0.3422738518565893,3.889471059665084,shared_2l_1pool
207,4.239236004650593,0.34824106842279434,3.788420930504799,shared_2l_1pool
208,4.285010974854231,0.3403089940547943,3.842625068500638,shared_2l_1pool
209,4.235462984070182,0.3464531619101763,3.787499852478504,shared_2l_1pool
210,4.248887067660689,0.3499139565974474,3.797433106228709,shared_2l_1pool
211,4.2369309812784195,0.35065412521362305,3.7848728243261576,shared_2l_1pool
212,4.23743505962193,0.3385869786143303,3.7963909562677145,shared_2l_1pool
213,5.461882799863815,1.3207350857555866,4.02120896615088,shared_2l_1pool
214,4.315234953537583,0.36270497366786003,3.8468269631266594,shared_2l_1pool
215,4.271648125723004,0.34572300501167774,3.8221310824155807,shared_2l_1pool
216,4.29243384860456,0.34096790477633476,3.8492961321026087,shared_2l_1pool
217,4.334653029218316,0.3559389151632786,3.8687780033797026,shared_2l_1pool
218,4.235761007294059,0.34422799944877625,3.7889829836785793,shared_2l_1pool
219,4.300684900954366,0.3418650012463331,3.857242874801159,shared_2l_1pool
220,4.320661071687937,0.34387712366878986,3.87363787740469,shared_2l_1pool
221,4.222509916871786,0.3456100821495056,3.7743858993053436,shared_2l_1pool
222,4.235699074342847,0.34097209572792053,3.79151594825089,shared_2l_1pool
223,4.259061999619007,0.34205312840640545,3.810172900557518,shared_2l_1pool
224,4.279207903891802,0.3529519308358431,3.825061023235321,shared_2l_1pool
225,4.299086052924395,0.34518702886998653,3.8470670115202665,shared_2l_1pool
226,4.342563915997744,0.3440440632402897,3.8942620158195496,shared_2l_1pool
227,4.232051083818078,0.3498771693557501,3.7805999163538218,shared_2l_1pool
228,4.330388968810439,0.3446470946073532,3.8837760221213102,shared_2l_1pool
229,5.4344371892511845,1.3270329218357801,3.990784054622054,shared_2l_1pool
230,4.316811915487051,0.3612940199673176,3.851757850497961,shared_2l_1pool
231,4.3409899808466434,0.3537680022418499,3.8738970179110765,shared_2l_1pool
232,4.321239190176129,0.3499230369925499,3.865700913593173,shared_2l_1pool
233,4.365868866443634,0.3476028796285391,3.907453967258334,shared_2l_1pool
234,4.27592103369534,0.34828996285796165,3.8247681222856045,shared_2l_1pool
235,4.357838071882725,0.3433318343013525,3.910583211109042,shared_2l_1pool
236,4.284990951418877,0.35572308115661144,3.826883854344487,shared_2l_1pool
237,4.244157113134861,0.35038404166698456,3.790908958762884,shared_2l_1pool
238,4.265970084816217,0.3457721322774887,3.818349912762642,shared_2l_1pool
239,4.27003507502377,0.3438720013946295,3.8243799936026335,shared_2l_1pool
240,4.25552180968225,0.35042688250541687,3.796334145590663,shared_2l_1pool
241,4.235812928527594,0.3436759579926729,3.7905480712652206,shared_2l_1pool
242,4.29330300539732,0.3428701311349869,3.8483580574393272,shared_2l_1pool
243,4.342878935858607,0.34748692996799946,3.8918459322303534,shared_2l_1pool
244,4.3720209505409,0.3560229670256376,3.9111708756536245,shared_2l_1pool
245,5.448926938697696,1.3198580127209425,4.008966032415628,shared_2l_1pool
246,4.320767009630799,0.3643748350441456,3.8467200938612223,shared_2l_1pool
247,4.258166067302227,0.3451427910476923,3.809916088357568,shared_2l_1pool
248,4.306031856685877,0.34253112971782684,3.861775854602456,shared_2l_1pool
249,4.256182117387652,0.35305297933518887,3.8007409311830997,shared_2l_1pool
250,4.271870944648981,0.3522180486470461,3.8162150885909796,shared_2l_1pool
251,4.243210889399052,0.34370715729892254,3.7976279854774475,shared_2l_1pool
252,4.30820812471211,0.3452771343290806,3.8595369551330805,shared_2l_1pool
253,4.326905123889446,0.35004992969334126,3.873213194310665,shared_2l_1pool
254,4.319873172789812,0.34311600029468536,3.8739179726690054,shared_2l_1pool
255,4.240994108840823,0.34126709215343,3.7977539468556643,shared_2l_1pool
256,4.294781945645809,0.3569391556084156,3.8381097838282585,shared_2l_1pool
257,4.327222006395459,0.34404080361127853,3.88009799644351,shared_2l_1pool
258,4.299767082557082,0.3432000521570444,3.85492411442101,shared_2l_1pool
259,4.265530966222286,0.34672487527132034,3.815713105723262,shared_2l_1pool
260,4.296510946005583,0.3532371483743191,3.838998032733798,shared_2l_1pool
261,5.437490995973349,1.3203129637986422,4.00158204138279,shared_2l_1pool
262,4.290818003937602,0.3645499236881733,3.820982063189149,shared_2l_1pool
263,4.259381210431457,0.3546250518411398,3.8026170805096626,shared_2l_1pool
264,4.256088985130191,0.34914608113467693,3.8040990475565195,shared_2l_1pool
265,4.259221022948623,0.3466620109975338,3.809878835454583,shared_2l_1pool
266,4.250749014317989,0.35192095674574375,3.796725068241358,shared_2l_1pool
267,4.353599855676293,0.3566120285540819,3.8892689626663923,shared_2l_1pool
268,4.33959299698472,0.34952699206769466,3.8843529764562845,shared_2l_1pool
269,4.33189794421196,0.3511868417263031,3.8721130695194006,shared_2l_1pool
270,4.2750469874590635,0.3460380248725414,3.825704799965024,shared_2l_1pool
271,4.259368870407343,0.3484219778329134,3.8102418184280396,shared_2l_1pool
272,4.306724993512034,0.34935795702040195,3.8539781235158443,shared_2l_1pool
273,4.376295953989029,0.34802197478711605,3.92419402487576,shared_2l_1pool
274,4.328037844970822,0.34601008519530296,3.878311952576041,shared_2l_1pool
275,4.244548035785556,0.35088486038148403,3.790290094912052,shared_2l_1pool
276,4.287509014829993,0.3520150203257799,3.8321458268910646,shared_2l_1pool
277,5.577970994636416,1.410223776474595,4.0504951030015945,shared_2l_1pool
278,4.313214216381311,0.36551011726260185,3.8442329969257116,shared_2l_1pool
279,4.332525189965963,0.35369303077459335,3.8748849183321,shared_2l_1pool
280,4.343483131378889,0.3539309836924076,3.8885721005499363,shared_2l_1pool
281,4.31129289790988,0.3547158557921648,3.8547951262444258,shared_2l_1pool
282,4.292380064725876,0.34626107662916183,3.842324949800968,shared_2l_1pool
283,4.2522260919213295,0.3479630686342716,3.801551880314946,shared_2l_1pool
284,4.2608201038092375,0.3463560715317726,3.8128639571368694,shared_2l_1pool
285,4.26108599640429,0.3576069138944149,3.8006831891834736,shared_2l_1pool
286,4.240965936332941,0.3470969386398792,3.7913110572844744,shared_2l_1pool
287,4.244586918503046,0.35020895302295685,3.791098017245531,shared_2l_1pool
288,4.315969999879599,0.3595980815589428,3.8520239759236574,shared_2l_1pool
289,4.289367003366351,0.3611838910728693,3.8252000231295824,shared_2l_1pool
290,4.316407022997737,0.34974399022758007,3.863496007397771,shared_2l_1pool
291,4.327184986323118,0.34909602254629135,3.874412039294839,shared_2l_1pool
292,4.270286997780204,0.3502368927001953,3.8156569935381413,shared_2l_1pool
293,5.4141147993505,1.319351140409708,3.9787827990949154,shared_2l_1pool
294,4.291794029995799,0.3588858526200056,3.8276039995253086,shared_2l_1pool
295,4.226926947012544,0.35683601163327694,3.7671769969165325,shared_2l_1pool
296,4.263825016096234,0.3520019818097353,3.8088830187916756,shared_2l_1pool
297,4.232853185385466,0.35102106630802155,3.7795689422637224,shared_2l_1pool
298,4.232736071571708,0.3564010839909315,3.7748159375041723,shared_2l_1pool
299,4.246503813192248,0.3520629834383726,3.7910188548266888,shared_2l_1pool
300,4.294190090149641,0.3518778830766678,3.8391919806599617,shared_2l_1pool
301,4.907676018774509,0.8848558645695448,3.9171010721474886,shared_2l_1pool
302,4.274278879165649,0.35274215042591095,3.8176479283720255,shared_2l_1pool
303,4.285467090085149,0.3539971075952053,3.8265599869191647,shared_2l_1pool
304,4.317173035815358,0.35897688940167427,3.855060087516904,shared_2l_1pool
305,4.402366001158953,0.3480399027466774,3.949542995542288,shared_2l_1pool
306,4.281102912500501,0.3572888672351837,3.822983941063285,shared_2l_1pool
307,4.347319947555661,0.35325600765645504,3.885179990902543,shared_2l_1pool
308,4.351509967818856,0.3444110043346882,3.9010089822113514,shared_2l_1pool
309,5.444800015538931,1.344714080914855,3.982958849519491,shared_2l_1pool
310,4.3528631795197725,0.35741389729082584,3.888971172273159,shared_2l_1pool
311,4.33054706081748,0.3499870654195547,3.8761261384934187,shared_2l_1pool
312,4.357693018391728,0.3585179802030325,3.895052010193467,shared_2l_1pool
313,4.23114700242877,0.34791696816682816,3.7820329889655113,shared_2l_1pool
314,4.328256007283926,0.34864991903305054,3.875513095408678,shared_2l_1pool
315,4.249613964930177,0.35833800211548805,3.78427398391068,shared_2l_1pool
316,4.262373084202409,0.3478990402072668,3.809032030403614,shared_2l_1pool
317,4.230458987876773,0.34875795245170593,3.7825850304216146,shared_2l_1pool
318,4.240285838022828,0.3429139032959938,3.7978379987180233,shared_2l_1pool
319,4.286401905119419,0.3488478250801563,3.8354750722646713,shared_2l_1pool
320,4.303002962842584,0.350424088537693,3.8494900800287724,shared_2l_1pool
321,4.23925812356174,0.3480559680610895,3.790048183873296,shared_2l_1pool
322,4.250037018209696,0.34510507248342037,3.803142812103033,shared_2l_1pool
323,4.252521088346839,0.35068695433437824,3.8005688693374395,shared_2l_1pool
324,4.311049124225974,0.3497861325740814,3.857916919514537,shared_2l_1pool
325,5.438738036900759,1.330703031271696,3.9886650629341602,shared_2l_1pool
326,4.30760090239346,0.3686118870973587,3.8343120831996202,shared_2l_1pool
327,4.252627957612276,0.3499360755085945,3.7991120480000973,shared_2l_1pool
328,4.279914079234004,0.35127298906445503,3.825782099738717,shared_2l_1pool
329,4.333908902481198,0.3624248784035444,3.859854070469737,shared_2l_1pool
330,4.317603074014187,0.34662499092519283,3.8679069839417934,shared_2l_1pool
331,4.3221579398959875,0.35354611463844776,3.865520004183054,shared_2l_1pool
332,4.244355950504541,0.35302015021443367,3.7895760033279657,shared_2l_1pool
333,4.298237850889564,0.34871604293584824,3.839012933894992,shared_2l_1pool
334,4.309864016249776,0.34808204509317875,3.860456869006157,shared_2l_1pool
335,4.307308932766318,0.34830300137400627,3.85283213108778,shared_2l_1pool
336,4.346853820607066,0.35854894667863846,3.8850391283631325,shared_2l_1pool
337,4.302204120904207,0.34428713843226433,3.854550886899233,shared_2l_1pool
338,4.3075240682810545,0.3542909398674965,3.8501520175486803,shared_2l_1pool
339,4.321960033848882,0.3571279812604189,3.8619020488113165,shared_2l_1pool
340,4.336889134719968,0.34712115302681923,3.885360900312662,shared_2l_1pool
341,5.4474701173603535,1.3393659610301256,3.9875651709735394,shared_2l_1pool
342,4.3432938400655985,0.35874685272574425,3.879810217767954,shared_2l_1pool
343,4.337619058787823,0.3570001572370529,3.8761168252676725,shared_2l_1pool
344,4.345451947301626,0.36105699837207794,3.8780118338763714,shared_2l_1pool
345,4.345251014456153,0.35108206793665886,3.8903760723769665,shared_2l_1pool
346,4.265515832230449,0.3504771739244461,3.8105288986116648,shared_2l_1pool
347,4.2594431433826685,0.35528489388525486,3.8032690063118935,shared_2l_1pool
348,4.298563115298748,0.35995314829051495,3.8361570332199335,shared_2l_1pool
349,4.302354995161295,0.3543831408023834,3.845068858936429,shared_2l_1pool
350,4.317783983424306,0.34893304109573364,3.867062972858548,shared_2l_1pool
351,4.314434947445989,0.35830982960760593,3.8478830829262733,shared_2l_1pool
352,4.266944946721196,0.35027903504669666,3.8147640880197287,shared_2l_1pool
353,4.29777312092483,0.34816586412489414,3.849108936265111,shared_2l_1pool
354,4.333809018135071,0.35287998616695404,3.876368049532175,shared_2l_1pool
355,4.247444914653897,0.353025970980525,3.792101051658392,shared_2l_1pool
356,4.27924795076251,0.3523011691868305,3.824536921456456,shared_2l_1pool
357,5.4720628540962934,1.335830194875598,4.018436884507537,shared_2l_1pool
358,4.373542033135891,0.3658439964056015,3.9016439113765955,shared_2l_1pool
359,4.335472825914621,0.35082106478512287,3.8799638859927654,shared_2l_1pool
360,4.326469032093883,0.35727303475141525,3.8646559696644545,shared_2l_1pool
361,4.256388172507286,0.35164598375558853,3.8014291785657406,shared_2l_1pool
362,4.226078977808356,0.3511449322104454,3.77160613425076,shared_2l_1pool
363,4.237971035763621,0.3580329939723015,3.7765929009765387,shared_2l_1pool
364,4.308520117774606,0.36479393020272255,3.841944970190525,shared_2l_1pool
365,4.274163860827684,0.35534705966711044,3.818016964942217,shared_2l_1pool
366,4.317957907915115,0.3504590131342411,3.865425940603018,shared_2l_1pool
367,4.306595074012876,0.3614060115069151,3.840886987745762,shared_2l_1pool
368,4.325025016441941,0.35469699651002884,3.867609892040491,shared_2l_1pool
369,4.316132050007582,0.34972792491316795,3.862855024635792,shared_2l_1pool
370,4.255414940416813,0.35380199551582336,3.7983388174325228,shared_2l_1pool
371,4.263924900442362,0.3514850977808237,3.8101780228316784,shared_2l_1pool
372,4.229546058923006,0.35076006315648556,3.77663504332304,shared_2l_1pool
373,5.428717005997896,1.3331759255379438,3.9760679937899113,shared_2l_1pool
374,4.270802019163966,0.3647441044449806,3.8009609561413527,shared_2l_1pool
375,4.292241996154189,0.3557929303497076,3.8342641200870275,shared_2l_1pool
376,4.284942988306284,0.3557219170033932,3.825924126431346,shared_2l_1pool
377,4.281091969460249,0.36244792863726616,3.8172081112861633,shared_2l_1pool
378,4.210338927805424,0.3553659189492464,3.7514150608330965,shared_2l_1pool
379,4.231172148138285,0.3530709072947502,3.7763582076877356,shared_2l_1pool
380,4.283440997824073,0.3573459107428789,3.8242770824581385,shared_2l_1pool
381,4.235089989379048,0.35732798278331757,3.777202917262912,shared_2l_1pool
382,4.27432800643146,0.35440013743937016,3.816664917394519,shared_2l_1pool
383,4.2285199742764235,0.34790486097335815,3.7804581224918365,shared_2l_1pool
384,4.222446819767356,0.35727303475141525,3.7624738179147243,shared_2l_1pool
385,4.24218294210732,0.35816989839076996,3.7825540639460087,shared_2l_1pool
386,4.219600930809975,0.35187299363315105,3.765665926039219,shared_2l_1pool
387,4.316868027672172,0.35303691402077675,3.8615651428699493,shared_2l_1pool
388,4.226610995829105,0.36304909735918045,3.7617888301610947,shared_2l_1pool
389,5.438847001641989,1.3374118134379387,3.9833050686866045,shared_2l_1pool
390,4.3343789875507355,0.36448612809181213,3.8634338416159153,shared_2l_1pool
391,4.33181319385767,0.36314898170530796,3.8618650287389755,shared_2l_1pool
392,4.319979809224606,0.35920203663408756,3.8584419526159763,shared_2l_1pool
393,4.327188013121486,0.3581070341169834,3.8628431502729654,shared_2l_1pool
394,4.319299943745136,0.3569819964468479,3.8531781174242496,shared_2l_1pool
395,4.336403915658593,0.3571470733731985,3.87466698884964,shared_2l_1pool
396,4.219393944367766,0.3502178005874157,3.7673150654882193,shared_2l_1pool
397,4.227068042382598,0.3497230354696512,3.7749118637293577,shared_2l_1pool
398,4.2221329640597105,0.3575689624994993,3.756204852834344,shared_2l_1pool
399,4.254366969689727,0.3506920766085386,3.795173019170761,shared_2l_1pool
400,4.316558828577399,0.3481798339635134,3.8629500195384026,shared_2l_1pool
401,4.239880945533514,0.361256068572402,3.7758711259812117,shared_2l_1pool
402,4.233369836583734,0.35690912045538425,3.7737118545919657,shared_2l_1pool
403,4.245433025062084,0.3523239865899086,3.790387883782387,shared_2l_1pool
404,4.289028933271766,0.35559898242354393,3.8292910903692245,shared_2l_1pool
405,5.448344862088561,1.334463944658637,3.997198073193431,shared_2l_1pool
406,4.306907998397946,0.36710803396999836,3.8345130160450935,shared_2l_1pool
407,4.324413137510419,0.3595622256398201,3.8625099696218967,shared_2l_1pool
408,4.363588057458401,0.36687287501990795,3.892126027494669,shared_2l_1pool
409,4.3430880177766085,0.3547698725014925,3.884771140292287,shared_2l_1pool
410,4.298351006582379,0.3523179329931736,3.8420690689235926,shared_2l_1pool
411,4.332636948674917,0.3643501549959183,3.8641749415546656,shared_2l_1pool
412,4.273463040590286,0.35475799813866615,3.8156500086188316,shared_2l_1pool
413,4.234571009874344,0.35162619315087795,3.782563842833042,shared_2l_1pool
414,4.231102066114545,0.35768700763583183,3.7710219621658325,shared_2l_1pool
415,4.2539050336927176,0.3584160003811121,3.7952361162751913,shared_2l_1pool
416,4.30409493856132,0.352164963260293,3.848704043775797,shared_2l_1pool
417,4.304041853174567,0.3553149290382862,3.8444860838353634,shared_2l_1pool
418,4.2317109182477,0.3626439720392227,3.7655329797416925,shared_2l_1pool
419,4.2359731160104275,0.3531679976731539,3.7819889839738607,shared_2l_1pool
420,4.215547116473317,0.35139499232172966,3.761427942663431,shared_2l_1pool
421,5.4973699152469635,1.4234618283808231,3.951307153329253,shared_2l_1pool
422,4.33875503949821,0.3653608728200197,3.8698860444128513,shared_2l_1pool
423,4.317481070756912,0.35696011036634445,3.8567420560866594,shared_2l_1pool
424,4.263279959559441,0.36389706656336784,3.7921168841421604,shared_2l_1pool
425,4.248728044331074,0.36199716851115227,3.7824648898094893,shared_2l_1pool
426,4.248113138601184,0.35519199445843697,3.7901299074292183,shared_2l_1pool
427,4.314223071560264,0.3556490410119295,3.8551189936697483,shared_2l_1pool
428,4.322331864386797,0.36543491296470165,3.8516130298376083,shared_2l_1pool
429,4.3257789220660925,0.35437988117337227,3.8676371332257986,shared_2l_1pool
430,4.238760797306895,0.3579340409487486,3.779173130169511,shared_2l_1pool
431,4.262038040906191,0.3595910966396332,3.799398895353079,shared_2l_1pool
432,4.242246970534325,0.35918899811804295,3.7797961849719286,shared_2l_1pool
433,4.2444991413503885,0.349587993696332,3.792019095271826,shared_2l_1pool
434,4.286252893507481,0.3532730042934418,3.828831948339939,shared_2l_1pool
435,4.340701038017869,0.3653110470622778,3.869673004373908,shared_2l_1pool
436,4.28384798578918,0.35689189098775387,3.8245320320129395,shared_2l_1pool
437,5.415352992713451,1.3288219925016165,3.968249075114727,shared_2l_1pool
438,4.319648025557399,0.3725800197571516,3.8428250700235367,shared_2l_1pool
439,4.251673119142652,0.35914103500545025,3.788477974012494,shared_2l_1pool
440,4.287597024813294,0.35919202491641045,3.8248340133577585,shared_2l_1pool
441,4.2849211022257805,0.36433106288313866,3.8188400212675333,shared_2l_1pool
442,4.3107320088893175,0.3609850537031889,3.8408730179071426,shared_2l_1pool
443,4.288156982511282,0.35595614463090897,3.8303539622575045,shared_2l_1pool
444,4.342560190707445,0.3569521941244602,3.8804057985544205,shared_2l_1pool
445,4.29800502024591,0.3642598167061806,3.830607980489731,shared_2l_1pool
446,4.255781881511211,0.3552141133695841,3.7993350997567177,shared_2l_1pool
447,4.283691057935357,0.3561330959200859,3.8274498656392097,shared_2l_1pool
448,4.305185051634908,0.35698292776942253,3.846267005428672,shared_2l_1pool
449,4.31335112079978,0.36107609048485756,3.848826978355646,shared_2l_1pool
450,4.280285909771919,0.35379501059651375,3.8259730208665133,shared_2l_1pool
451,4.3086588848382235,0.3620549105107784,3.843601094558835,shared_2l_1pool
452,4.281715955585241,0.3555980511009693,3.822688013315201,shared_2l_1pool
453,5.428521893918514,1.3315319083631039,3.9774011820554733,shared_2l_1pool
454,4.313030047342181,0.3738722298294306,3.830122994259,shared_2l_1pool
455,4.33169212192297,0.3654779866337776,3.8526570424437523,shared_2l_1pool
456,4.316288977861404,0.36227121017873287,3.8504227995872498,shared_2l_1pool
457,4.333267919719219,0.3618409391492605,3.862474113702774,shared_2l_1pool
458,4.32239193469286,0.35513099282979965,3.865316044539213,shared_2l_1pool
459,4.3799481354653835,0.35696406848728657,3.9186400827020407,shared_2l_1pool
460,4.300136119127274,0.3663119859993458,3.8274950347840786,shared_2l_1pool
461,4.288381896913052,0.3551000263541937,3.829766996204853,shared_2l_1pool
462,4.245409043505788,0.35512587055563927,3.787528956308961,shared_2l_1pool
463,4.313749028369784,0.35999808460474014,3.8514931220561266,shared_2l_1pool
464,4.3211448937654495,0.36635505966842175,3.8520500529557467,shared_2l_1pool
465,4.3563698418438435,0.35371887497603893,3.898418042808771,shared_2l_1pool
466,4.2670960538089275,0.3632290754467249,3.8009979762136936,shared_2l_1pool
467,4.344790009781718,0.3620551433414221,3.877796931192279,shared_2l_1pool
468,4.277466097846627,0.3585880622267723,3.8156439550220966,shared_2l_1pool
469,5.4464649874717,1.3339160941541195,3.990740980952978,shared_2l_1pool
470,4.295805003494024,0.366459134966135,3.8249888457357883,shared_2l_1pool
471,4.280680092051625,0.36018784157931805,3.8188211619853973,shared_2l_1pool
472,4.306913120672107,0.3609859850257635,3.842161037027836,shared_2l_1pool
473,4.332762910053134,0.37022889591753483,3.8540090899914503,shared_2l_1pool
474,4.32036817073822,0.3616709727793932,3.853574860841036,shared_2l_1pool
475,4.339987179264426,0.3597030881792307,3.8782188203185797,shared_2l_1pool
476,4.3359368573874235,0.36485097371041775,3.8674769457429647,shared_2l_1pool
477,4.25962102599442,0.3562960773706436,3.8014219608157873,shared_2l_1pool
478,4.348515998572111,0.35432795993983746,3.890017047524452,shared_2l_1pool
479,4.312949953600764,0.36641000770032406,3.8447980768978596,shared_2l_1pool
480,4.265459021553397,0.3569498658180237,3.804862964898348,shared_2l_1pool
481,4.253363003954291,0.3577140159904957,3.7933518178761005,shared_2l_1pool
482,4.223883152008057,0.3645878750830889,3.7563161458820105,shared_2l_1pool
483,4.286852898076177,0.36029983311891556,3.825287101790309,shared_2l_1pool
484,4.279371118173003,0.35841111093759537,3.8169939070940018,shared_2l_1pool
485,5.45913097448647,1.3395040296018124,3.9945889730006456,shared_2l_1pool
486,4.293394973501563,0.3701210953295231,3.8154139183461666,shared_2l_1pool
487,4.323967965319753,0.3656980115920305,3.8519238587468863,shared_2l_1pool
488,4.318112973123789,0.3714959602802992,3.8411628920584917,shared_2l_1pool
489,4.377827048301697,0.3641410730779171,3.904192941263318,shared_2l_1pool
490,4.239504924044013,0.36237691529095173,3.775044111534953,shared_2l_1pool
491,4.325521178543568,0.36002788692712784,3.8627590984106064,shared_2l_1pool
492,4.270205041393638,0.36602490581572056,3.8017791230231524,shared_2l_1pool
493,4.299805033951998,0.3584851510822773,3.838947042822838,shared_2l_1pool
494,4.295496037229896,0.37275394424796104,3.8202370051294565,shared_2l_1pool
495,4.332659998908639,0.37218001671135426,3.856261959299445,shared_2l_1pool
496,4.315449856221676,0.3617540933191776,3.8512139581143856,shared_2l_1pool
497,4.35009622015059,0.3584891092032194,3.8859678898006678,shared_2l_1pool
498,4.244989948347211,0.3619990311563015,3.7804630119353533,shared_2l_1pool
499,4.258838016539812,0.3564329817891121,3.7991248536854982,shared_2l_1pool
500,4.22231201082468,0.3605110105127096,3.760203020647168,shared_2l_1pool
501,5.512542091310024,1.3354260008782148,4.056221107020974,shared_2l_1pool
502,4.339558072388172,0.37245103158056736,3.8614070508629084,shared_2l_1pool
503,4.359829006716609,0.367562985047698,3.8897590711712837,shared_2l_1pool
504,4.2860999237746,0.36762794479727745,3.817151067778468,shared_2l_1pool
505,4.29589906707406,0.3632800653576851,3.831840818747878,shared_2l_1pool
506,4.344514803960919,0.36073196679353714,3.880447009578347,shared_2l_1pool
507,4.341097082942724,0.3624339587986469,3.87563300319016,shared_2l_1pool
508,4.325720015913248,0.35999808460474014,3.864369820803404,shared_2l_1pool
509,4.362037871032953,0.3533379640430212,3.9049359038472176,shared_2l_1pool
510,4.244175972416997,0.3669310826808214,3.7707819137722254,shared_2l_1pool
511,4.314767895266414,0.35562110133469105,3.859143005684018,shared_2l_1pool
512,4.343662178143859,0.3557431045919657,3.8841888308525085,shared_2l_1pool
513,4.306691931560636,0.3680440131574869,3.836579155176878,shared_2l_1pool
514,4.300320986658335,0.36268215626478195,3.835659008473158,shared_2l_1pool
515,4.324314882978797,0.3563228528946638,3.866827115416527,shared_2l_1pool
516,4.334395984187722,0.364955049008131,3.86266503483057,shared_2l_1pool
517,5.457764957100153,1.3398739974945784,4.000884015113115,shared_2l_1pool
518,4.299913998693228,0.36881607957184315,3.8254258688539267,shared_2l_1pool
519,4.32686903513968,0.37416908890008926,3.8401340134441853,shared_2l_1pool
520,4.338566912338138,0.36259694024920464,3.8704860489815474,shared_2l_1pool
521,4.349191905930638,0.3623280208557844,3.8824479561299086,shared_2l_1pool
522,4.292255034670234,0.3680349327623844,3.819935955107212,shared_2l_1pool
523,4.353336989879608,0.36828406155109406,3.8809007965028286,shared_2l_1pool
524,4.324446897953749,0.36591500975191593,3.854013979434967,shared_2l_1pool
525,4.361256957054138,0.36903400905430317,3.8894079625606537,shared_2l_1pool
526,4.262119065970182,0.3633799497038126,3.7971860729157925,shared_2l_1pool
527,4.301958018913865,0.36088796332478523,3.837273921817541,shared_2l_1pool
528,4.3523230124264956,0.37056300789117813,3.8776970468461514,shared_2l_1pool
529,4.323042929172516,0.3611401189118624,3.857407020404935,shared_2l_1pool
530,4.334806930273771,0.3651308361440897,3.8676161784678698,shared_2l_1pool
531,4.348206100985408,0.3622160293161869,3.8813850842416286,shared_2l_1pool
532,4.282802110537887,0.3615140449255705,3.821091027930379,shared_2l_1pool
533,5.468085873872042,1.3310909271240234,4.019651096314192,shared_2l_1pool
534,4.392348928377032,0.37911091931164265,3.9089310448616743,shared_2l_1pool
535,4.281589994207025,0.3614968154579401,3.8177601527422667,shared_2l_1pool
536,4.25703008659184,0.35949889570474625,3.794501069933176,shared_2l_1pool
537,4.27777785807848,0.3675110638141632,3.8070029113441706,shared_2l_1pool
538,4.273417172953486,0.36394293420016766,3.8043688982725143,shared_2l_1pool
539,4.3346581514924765,0.36532687954604626,3.8660899735987186,shared_2l_1pool
540,4.336796002462506,0.37195999175310135,3.8608061149716377,shared_2l_1pool
541,4.320324864238501,0.3565999213606119,3.8635008968412876,shared_2l_1pool
542,4.380237078294158,0.3602229990065098,3.9163860492408276,shared_2l_1pool
543,4.282958107069135,0.3667781129479408,3.8110800087451935,shared_2l_1pool
544,4.255780018866062,0.36576390266418457,3.7860791198909283,shared_2l_1pool
545,4.233738873153925,0.3576180897653103,3.774122102186084,shared_2l_1pool
546,4.323636181652546,0.3620530478656292,3.857341827824712,shared_2l_1pool
547,4.30813105776906,0.36923191510140896,3.830377943813801,shared_2l_1pool
548,4.325790097936988,0.3604111261665821,3.862719051539898,shared_2l_1pool
549,5.427493015304208,1.3415750581771135,3.964849980548024,shared_2l_1pool
550,4.273018101230264,0.3706160932779312,3.798216115683317,shared_2l_1pool
551,4.295980092138052,0.36749616265296936,3.8229739293456078,shared_2l_1pool
552,4.246925003826618,0.35797106102108955,3.786675864830613,shared_2l_1pool
553,4.3126598466187716,0.3694209735840559,3.840656951069832,shared_2l_1pool
554,4.3267919681966305,0.363354803994298,3.860127180814743,shared_2l_1pool
555,4.332171054556966,0.3589601255953312,3.8683898746967316,shared_2l_1pool
556,4.3309449683874846,0.3673350438475609,3.860415890812874,shared_2l_1pool
557,4.321343032643199,0.3576928284019232,3.8607451133430004,shared_2l_1pool
558,4.293880891054869,0.3543230704963207,3.8376657757908106,shared_2l_1pool
559,4.2777161579579115,0.36063604056835175,3.814360126852989,shared_2l_1pool
560,4.3234319891780615,0.35485601983964443,3.8662131410092115,shared_2l_1pool
561,4.275009036064148,0.3649510908871889,3.8065838161855936,shared_2l_1pool
562,4.258336033672094,0.36891899071633816,3.785426961258054,shared_2l_1pool
563,4.229405894875526,0.37223799154162407,3.7550569977611303,shared_2l_1pool
564,4.242840921506286,0.35867514088749886,3.7848539650440216,shared_2l_1pool
565,5.5167400278151035,1.4108249451965094,3.98180796764791,shared_2l_1pool
566,4.329832037910819,0.3758510574698448,3.8432138971984386,shared_2l_1pool
567,4.2817359790205956,0.3704370465129614,3.8078909274190664,shared_2l_1pool
568,4.266807110980153,0.3764680586755276,3.787074936553836,shared_2l_1pool
569,4.266252974048257,0.3681799862533808,3.796584904193878,shared_2l_1pool
570,4.273561993613839,0.36467984318733215,3.8058990612626076,shared_2l_1pool
571,4.271623911336064,0.3616709727793932,3.8074119947850704,shared_2l_1pool
572,4.2490120977163315,0.3681380767375231,3.7793710362166166,shared_2l_1pool
573,4.273568978533149,0.3704410046339035,3.8019821513444185,shared_2l_1pool
574,4.234747961163521,0.36109890788793564,3.7719940301030874,shared_2l_1pool
575,4.256292013451457,0.3603189252316952,3.7956549786031246,shared_2l_1pool
576,4.321211017668247,0.3635769244283438,3.8518121000379324,shared_2l_1pool
577,4.284895025193691,0.36190892569720745,3.8205021992325783,shared_2l_1pool
578,4.282042151317,0.3692877944558859,3.809638088569045,shared_2l_1pool
579,4.287267103791237,0.36746193654835224,3.8165750447660685,shared_2l_1pool
580,4.344104090705514,0.3633799497038126,3.8760651368647814,shared_2l_1pool
581,5.483187036588788,1.3457851018756628,4.018408013507724,shared_2l_1pool
582,4.347766982391477,0.37937192246317863,3.863865975290537,shared_2l_1pool
583,4.383654799312353,0.3728820011019707,3.9051000494509935,shared_2l_1pool
584,4.2832340113818645,0.36635505966842175,3.814748954027891,shared_2l_1pool
585,4.283151822164655,0.370916910469532,3.809739137068391,shared_2l_1pool
586,4.327897913753986,0.36617997102439404,3.856788156554103,shared_2l_1pool
587,4.365180153399706,0.37034181877970695,3.8909330032765865,shared_2l_1pool
588,4.333281889557838,0.3742058761417866,3.8555189967155457,shared_2l_1pool
589,4.345417954027653,0.3648088313639164,3.8767680525779724,shared_2l_1pool
590,4.347631940618157,0.3599398769438267,3.8828051183372736,shared_2l_1pool
591,4.263604059815407,0.37100398913025856,3.7821538280695677,shared_2l_1pool
592,4.324058070778847,0.3617128822952509,3.858060110360384,shared_2l_1pool
593,4.37898701056838,0.3658728674054146,3.9090400096029043,shared_2l_1pool
594,4.351386101916432,0.37073297426104546,3.8772609550505877,shared_2l_1pool
595,4.275555023923516,0.36422000266611576,3.808269975706935,shared_2l_1pool
596,4.276986932381988,0.35865698009729385,3.8172679487615824,shared_2l_1pool
597,5.426175892353058,1.3390039093792439,3.9686011150479317,shared_2l_1pool
598,4.338020924478769,0.3745818976312876,3.8566880393773317,shared_2l_1pool
599,4.288475029170513,0.37059211172163486,3.813614835962653,shared_2l_1pool
600,4.330523079261184,0.3736980725079775,3.8523839320987463,shared_2l_1pool
601,4.336904035881162,0.36788894794881344,3.866978920996189,shared_2l_1pool
602,4.357515135779977,0.3659469075500965,3.886968130245805,shared_2l_1pool
603,4.327460890635848,0.36961701698601246,3.8565818686038256,shared_2l_1pool
604,4.322949098423123,0.35852217115461826,3.860846860334277,shared_2l_1pool
605,4.277839092537761,0.36149309016764164,3.8144399877637625,shared_2l_1pool
606,4.27302299067378,0.3685569390654564,3.8027099799364805,shared_2l_1pool
607,4.278114065527916,0.36037107929587364,3.8158998358994722,shared_2l_1pool
608,4.265254130586982,0.3595189191401005,3.8030429277569056,shared_2l_1pool
609,4.2611651588231325,0.3698519431054592,3.7887089420109987,shared_2l_1pool
610,4.272480960935354,0.3722631372511387,3.7978319451212883,shared_2l_1pool
611,4.312364151701331,0.3614320885390043,3.848381107673049,shared_2l_1pool
612,4.354865988716483,0.36035897210240364,3.892146050930023,shared_2l_1pool
613,5.431273020803928,1.343456795439124,3.969769226387143,shared_2l_1pool
614,4.330819938331842,0.37115300074219704,3.8520791567862034,shared_2l_1pool
615,4.336072131991386,0.36811595782637596,3.858583979308605,shared_2l_1pool
616,4.388351924717426,0.37042400799691677,3.9122868329286575,shared_2l_1pool
617,4.321776097640395,0.36653713323175907,3.8520698435604572,shared_2l_1pool
618,4.289614036679268,0.37111109122633934,3.8156958762556314,shared_2l_1pool
619,4.321950022131205,0.361237907782197,3.8589020259678364,shared_2l_1pool
620,4.33857599273324,0.3640528302639723,3.870805026963353,shared_2l_1pool
621,4.3333719950169325,0.372100155800581,3.8525029085576534,shared_2l_1pool
622,4.305979004129767,0.3633189480751753,3.8405610248446465,shared_2l_1pool
623,4.247038159519434,0.3629620186984539,3.782882122322917,shared_2l_1pool
624,4.273497965186834,0.36765914410352707,3.8007909897714853,shared_2l_1pool
625,4.241370130330324,0.3698328509926796,3.7679860834032297,shared_2l_1pool
626,4.243064904585481,0.365707091987133,3.776873927563429,shared_2l_1pool
627,4.253088030964136,0.36153197288513184,3.790538990870118,shared_2l_1pool
628,4.2704499792307615,0.3695678897202015,3.7995949387550354,shared_2l_1pool
629,5.45199797488749,1.3476870954036713,3.984598908573389,shared_2l_1pool
630,4.316739039495587,0.3769448958337307,3.835096023976803,shared_2l_1pool
631,4.342482890933752,0.3783698193728924,3.8581129629164934,shared_2l_1pool
632,4.260672954842448,0.3667459823191166,3.7916889414191246,shared_2l_1pool
633,4.244643962010741,0.3663778770714998,3.775723045691848,shared_2l_1pool
634,4.259317182004452,0.36391313187777996,3.7926880177110434,shared_2l_1pool
635,4.269062075763941,0.37675490602850914,3.7912512198090553,shared_2l_1pool
636,4.341152962297201,0.36266492679715157,3.874966874718666,shared_2l_1pool
637,4.281196976080537,0.36420091055333614,3.815199015662074,shared_2l_1pool
638,4.265855997800827,0.3719429951161146,3.7921620532870293,shared_2l_1pool
639,4.350414965301752,0.3642148803919554,3.8841080386191607,shared_2l_1pool
640,4.294032929465175,0.36703096702694893,3.8229229394346476,shared_2l_1pool
641,4.246745957061648,0.36991178058087826,3.77318705432117,shared_2l_1pool
642,4.355879034847021,0.37248083390295506,3.8794970605522394,shared_2l_1pool
643,4.263642011210322,0.36377180367708206,3.79713112488389,shared_2l_1pool
644,4.328318173065782,0.3642949741333723,3.863372839987278,shared_2l_1pool
645,5.491676973178983,1.3358111027628183,4.037346923723817,shared_2l_1pool
646,4.329706076532602,0.3781071864068508,3.8471519947052,shared_2l_1pool
647,4.280023975297809,0.37740287370979786,3.7937359884381294,shared_2l_1pool
648,4.272833000868559,0.3720540553331375,3.795864060521126,shared_2l_1pool
649,4.331839038059115,0.36727101542055607,3.860980970785022,shared_2l_1pool
650,4.314515041187406,0.374180031940341,3.8384548388421535,shared_2l_1pool
651,4.324558889493346,0.3638782072812319,3.8575229700654745,shared_2l_1pool
652,4.32629999704659,0.368619104847312,3.854482900351286,shared_2l_1pool
653,4.295598017051816,0.37004798650741577,3.8222461007535458,shared_2l_1pool
654,4.226215183734894,0.36837602965533733,3.7546970415860415,shared_2l_1pool
655,4.263106966391206,0.36303489468991756,3.797335084527731,shared_2l_1pool
656,4.267726792022586,0.36417203955352306,3.8007439579814672,shared_2l_1pool
657,4.313206998631358,0.3692100290209055,3.8410238921642303,shared_2l_1pool
658,4.30521578527987,0.3706919960677624,3.8319299928843975,shared_2l_1pool
659,4.352746065706015,0.36235619336366653,3.8870119024068117,shared_2l_1pool
660,4.287397023290396,0.37419493310153484,3.8096141070127487,shared_2l_1pool
661,5.414610030129552,1.3185259886085987,3.9779869839549065,shared_2l_1pool
662,4.344546003267169,0.37792883813381195,3.8626641035079956,shared_2l_1pool
663,4.261294845491648,0.3763241693377495,3.7835899274796247,shared_2l_1pool
664,4.260563990101218,0.36336714401841164,3.7936849985271692,shared_2l_1pool
665,4.321177024394274,0.36800606176257133,3.85151500813663,shared_2l_1pool
666,4.335175035521388,0.37458003498613834,3.8566349539905787,shared_2l_1pool
667,4.278637934476137,0.36469288170337677,3.807015949860215,shared_2l_1pool
668,4.318854073062539,0.37126103416085243,3.844213904812932,shared_2l_1pool
669,4.292858997359872,0.36925915628671646,3.8213578518480062,shared_2l_1pool
670,4.320468986406922,0.36945100873708725,3.8473440799862146,shared_2l_1pool
671,4.331402014940977,0.36811502650380135,3.8517918437719345,shared_2l_1pool
672,4.361391998827457,0.36881817504763603,3.8884058594703674,shared_2l_1pool
673,4.339382983744144,0.3706160932779312,3.867248073220253,shared_2l_1pool
674,4.287549061700702,0.36699394695460796,3.817511023953557,shared_2l_1pool
675,4.252595128491521,0.3656300250440836,3.7856840062886477,shared_2l_1pool
676,4.261688096448779,0.3704328555613756,3.7850970402359962,shared_2l_1pool
677,5.381524097174406,1.3208130840212107,3.941922914236784,shared_2l_1pool
678,4.353275056928396,0.38152397610247135,3.866917919367552,shared_2l_1pool
679,4.370908020064235,0.37640705704689026,3.8895129691809416,shared_2l_1pool
680,4.290740005671978,0.3707499708980322,3.818787867203355,shared_2l_1pool
681,4.263757960870862,0.3685860428959131,3.792508039623499,shared_2l_1pool
682,4.350437084212899,0.3704011905938387,3.874691901728511,shared_2l_1pool
683,4.2820589151233435,0.37094391882419586,3.808586159721017,shared_2l_1pool
684,4.2529290076345205,0.3657881170511246,3.786558983847499,shared_2l_1pool
685,4.265158902853727,0.3723599947988987,3.789895912632346,shared_2l_1pool
686,4.360374063253403,0.3722039982676506,3.8846752140671015,shared_2l_1pool
687,4.263662034645677,0.36421604454517365,3.796761855483055,shared_2l_1pool
688,4.334799014031887,0.36431895568966866,3.867457853630185,shared_2l_1pool
689,4.268846940249205,0.3691499587148428,3.7971381098031998,shared_2l_1pool
690,4.337602993473411,0.3620879724621773,3.8729109801352024,shared_2l_1pool
691,4.263628041371703,0.36592106334865093,3.7956240121275187,shared_2l_1pool
692,4.289673874154687,0.3753029741346836,3.811798058450222,shared_2l_1pool
693,5.447521107271314,1.3435548171401024,3.9861861150711775,shared_2l_1pool
694,4.317112034186721,0.3769570030272007,3.8361160550266504,shared_2l_1pool
695,4.253399791195989,0.37898984737694263,3.772833151742816,shared_2l_1pool
696,4.239722853526473,0.3647569101303816,3.773766104131937,shared_2l_1pool
697,4.257968161255121,0.36944588646292686,3.7868120707571507,shared_2l_1pool
698,4.309237934648991,0.37821498699486256,3.8293080870062113,shared_2l_1pool
699,4.2870130855590105,0.3736130893230438,3.8049889262765646,shared_2l_1pool
700,4.287499003112316,0.37126895040273666,3.813583869487047,shared_2l_1pool
701,4.288805881515145,0.3714978229254484,3.8131040055304766,shared_2l_1pool
702,4.266086034476757,0.37910696119070053,3.783782012760639,shared_2l_1pool
703,4.276271210983396,0.37179794162511826,3.8022021763026714,shared_2l_1pool
704,4.26257704384625,0.3740089014172554,3.7865759804844856,shared_2l_1pool
705,4.233173094689846,0.373530900105834,3.7597431801259518,shared_2l_1pool
706,4.2750658467411995,0.3744359128177166,3.797289915382862,shared_2l_1pool
707,4.27094497717917,0.3623079974204302,3.8077339995652437,shared_2l_1pool
708,4.224309930577874,0.36597694270312786,3.7566181272268295,shared_2l_1pool
709,5.57984015904367,1.4319070614874363,4.027704009786248,shared_2l_1pool
710,4.3193919118493795,0.3822071012109518,3.8337078876793385,shared_2l_1pool
711,4.354496020823717,0.3809130284935236,3.8714339025318623,shared_2l_1pool
712,4.3562420178204775,0.3765849396586418,3.8707610219717026,shared_2l_1pool
713,4.354379139840603,0.37057395093142986,3.881066106259823,shared_2l_1pool
714,4.291587043553591,0.3755129873752594,3.8085768464952707,shared_2l_1pool
715,4.301638808101416,0.36795390769839287,3.8322259206324816,shared_2l_1pool
716,4.268852062523365,0.36736996844410896,3.7999311462044716,shared_2l_1pool
717,4.281820030882955,0.3642330411821604,3.815219970420003,shared_2l_1pool
718,4.268955904990435,0.3736161161214113,3.7937299348413944,shared_2l_1pool
719,4.335375037044287,0.3649839200079441,3.8684781175106764,shared_2l_1pool
720,4.345166031271219,0.3738019149750471,3.8686690386384726,shared_2l_1pool
721,4.380831960588694,0.3751020412892103,3.900578012689948,shared_2l_1pool
722,4.358433885499835,0.3679350484162569,3.886528080329299,shared_2l_1pool
723,4.2969719506800175,0.3722109831869602,3.822732949629426,shared_2l_1pool
724,4.279213957488537,0.37359585985541344,3.801691113039851,shared_2l_1pool
725,5.4618800058960915,1.3415771536529064,4.002716857939959,shared_2l_1pool
726,4.358756123110652,0.3913920372724533,3.859332064166665,shared_2l_1pool
727,4.363018088042736,0.3769760951399803,3.880704054608941,shared_2l_1pool
728,4.298869986087084,0.37444382905960083,3.822470083832741,shared_2l_1pool
729,4.300710977986455,0.378401018679142,3.8158418610692024,shared_2l_1pool
730,4.361164988949895,0.40594604797661304,3.851979970932007,shared_2l_1pool
731,4.332331009209156,0.3766492009162903,3.8521108217537403,shared_2l_1pool
732,4.32719592936337,0.38065784610807896,3.8413931615650654,shared_2l_1pool
733,4.3334809597581625,0.3699189983308315,3.861426142975688,shared_2l_1pool
734,4.372959956526756,0.37902710027992725,3.8912498857825994,shared_2l_1pool
735,4.361475119367242,0.3765909932553768,3.8823620416224003,shared_2l_1pool
736,4.302802961319685,0.37382892332971096,3.8258149288594723,shared_2l_1pool
737,4.297485109418631,0.3688358701765537,3.8259909488260746,shared_2l_1pool
738,4.279161104932427,0.37603103555738926,3.800185862928629,shared_2l_1pool
739,4.285812145099044,0.3708559088408947,3.813433926552534,shared_2l_1pool
740,4.256936023011804,0.37109898403286934,3.7821270525455475,shared_2l_1pool
741,5.45373884961009,1.3480850029736757,3.9855120703577995,shared_2l_1pool
742,4.3926360085606575,0.38120802491903305,3.9072390645742416,shared_2l_1pool
743,4.282937850803137,0.37340191192924976,3.8078429643064737,shared_2l_1pool
744,4.366687033325434,0.37412182427942753,3.887389088049531,shared_2l_1pool
745,4.3003901373595,0.3718228545039892,3.8242449518293142,shared_2l_1pool
746,4.279466811567545,0.36993110552430153,3.8071658927947283,shared_2l_1pool
747,4.276862135156989,0.37653883919119835,3.7977839820086956,shared_2l_1pool
748,4.302558954805136,0.3713490441441536,3.8212090730667114,shared_2l_1pool
749,4.2939328122884035,0.38382201455533504,3.8076809141784906,shared_2l_1pool
750,4.346742993220687,0.371323898434639,3.8714041002094746,shared_2l_1pool
751,4.358392907306552,0.3786110319197178,3.8756849244236946,shared_2l_1pool
752,4.363228101283312,0.37404592148959637,3.8836610037833452,shared_2l_1pool
753,4.368678899481893,0.37757400423288345,3.8840060587972403,shared_2l_1pool
754,4.339375998824835,0.36870408803224564,3.8662180304527283,shared_2l_1pool
755,4.309518029913306,0.36979885771870613,3.834994975477457,shared_2l_1pool
756,4.372166935354471,0.38752215914428234,3.880556905642152,shared_2l_1pool
757,5.487174028530717,1.3654381036758423,4.004918970167637,shared_2l_1pool
758,4.328541923314333,0.3914071712642908,3.829631954431534,shared_2l_1pool
759,4.392489092424512,0.38158195093274117,3.8968571461737156,shared_2l_1pool
760,4.382597049698234,0.3825579769909382,3.8910149596631527,shared_2l_1pool
761,4.38505900092423,0.3901680465787649,3.8885800167918205,shared_2l_1pool
762,4.304202971979976,0.37742312997579575,3.822893835604191,shared_2l_1pool
763,4.368019988760352,0.37335301749408245,3.8913709577172995,shared_2l_1pool
764,4.335046978667378,0.38420408964157104,3.8463480304926634,shared_2l_1pool
765,4.341823048889637,0.37511601112782955,3.863799851387739,shared_2l_1pool
766,4.35233605094254,0.37041492760181427,3.8775322027504444,shared_2l_1pool
767,4.293280886486173,0.3773188218474388,3.8142569828778505,shared_2l_1pool
768,4.260653164237738,0.3687138669192791,3.7892081309109926,shared_2l_1pool
769,4.2731971479952335,0.36956206895411015,3.8007439579814672,shared_2l_1pool
770,4.262635018676519,0.3751399926841259,3.783188061788678,shared_2l_1pool
771,4.2637239675968885,0.3758501261472702,3.7858709692955017,shared_2l_1pool
772,4.298840882256627,0.3660679794847965,3.83271393366158,shared_2l_1pool
773,5.472213961184025,1.3505069073289633,3.994964063167572,shared_2l_1pool
774,4.3211160227656364,0.3781451378017664,3.839940996840596,shared_2l_1pool
775,4.282461944967508,0.3751819021999836,3.8038550410419703,shared_2l_1pool
776,4.276182036846876,0.3800210542976856,3.7923860363662243,shared_2l_1pool
777,4.317044047638774,0.38194796070456505,3.8306068163365126,shared_2l_1pool
778,4.3711489997804165,0.37333089858293533,3.8934790063649416,shared_2l_1pool
779,4.36601391993463,0.37770112976431847,3.8855629973113537,shared_2l_1pool
780,4.304826958104968,0.37350086495280266,3.8225881289690733,shared_2l_1pool
781,4.339694976806641,0.37206499837338924,3.864686004817486,shared_2l_1pool
782,4.365856992080808,0.3812219947576523,3.876245114952326,shared_2l_1pool
783,4.370956914499402,0.37254788912832737,3.8940641097724438,shared_2l_1pool
784,4.346351837739348,0.37041911855340004,3.8743449840694666,shared_2l_1pool
785,4.296418046578765,0.3779008984565735,3.814428113400936,shared_2l_1pool
786,4.34069219045341,0.3796350210905075,3.8589751347899437,shared_2l_1pool
787,4.359006881713867,0.3769509494304657,3.876392962411046,shared_2l_1pool
788,4.392551025375724,0.382022000849247,3.9066181052476168,shared_2l_1pool
789,5.461942171677947,1.3527930714190006,3.990388009697199,shared_2l_1pool
790,4.315968137234449,0.3898979630321264,3.820338984951377,shared_2l_1pool
791,4.3080211617052555,0.38355193100869656,3.8220230489969254,shared_2l_1pool
792,4.354588920250535,0.3802790306508541,3.8711309898644686,shared_2l_1pool
793,4.371555056422949,0.3773991484194994,3.888188861310482,shared_2l_1pool
794,4.298191983252764,0.38089300505816936,3.813856979832053,shared_2l_1pool
795,4.275013925507665,0.3773840144276619,3.7951921112835407,shared_2l_1pool
796,4.289806121960282,0.37582311779260635,3.8090769667178392,shared_2l_1pool
797,4.38262615352869,0.3817419055849314,3.8972250185906887,shared_2l_1pool
798,4.372197901830077,0.37373509258031845,3.8958608638495207,shared_2l_1pool
799,4.296452971175313,0.37646014243364334,3.818462835624814,shared_2l_1pool
800,4.305064911022782,0.37804897874593735,3.8257520645856857,shared_2l_1pool
801,4.269452067092061,0.3680461086332798,3.8001229986548424,shared_2l_1pool
802,4.261401016265154,0.37447805516421795,3.7857198622077703,shared_2l_1pool
803,4.290434997528791,0.3743960987776518,3.8127920124679804,shared_2l_1pool
804,4.25932090729475,0.3710889723151922,3.7849268410354853,shared_2l_1pool
805,5.481424042955041,1.3421732001006603,4.02034679427743,shared_2l_1pool
806,4.381207982078195,0.3892001695930958,3.8882598746567965,shared_2l_1pool
807,4.308805102482438,0.37787877954542637,3.8271471858024597,shared_2l_1pool
808,4.292128840461373,0.37655001506209373,3.8116800133138895,shared_2l_1pool
809,4.345725988969207,0.3895210102200508,3.8525608833879232,shared_2l_1pool
810,4.3834291864186525,0.37223799154162407,3.9058809634298086,shared_2l_1pool
811,4.298795014619827,0.37339795380830765,3.8207999896258116,shared_2l_1pool
812,4.308660980314016,0.38346019573509693,3.819917794317007,shared_2l_1pool
813,4.339209059253335,0.37751300260424614,3.857220057398081,shared_2l_1pool
814,4.352545132860541,0.37878984585404396,3.8692050147801638,shared_2l_1pool
815,4.378193058073521,0.38317497819662094,3.8913399912416935,shared_2l_1pool
816,4.2964378371834755,0.3773767966777086,3.81625909358263,shared_2l_1pool
817,4.285105969756842,0.3764759749174118,3.8074839394539595,shared_2l_1pool
818,4.295199876651168,0.3789870534092188,3.811910981312394,shared_2l_1pool
819,4.288576077669859,0.37373416125774384,3.8103428669273853,shared_2l_1pool
820,4.348271992057562,0.3750179894268513,3.870496992021799,shared_2l_1pool
821,5.456776125356555,1.344979042187333,3.9906110614538193,shared_2l_1pool
822,4.369450965896249,0.3873559180647135,3.877738956362009,shared_2l_1pool
823,4.354005912318826,0.3903529141098261,3.855047980323434,shared_2l_1pool
824,4.297276958823204,0.38350699469447136,3.8095710333436728,shared_2l_1pool
825,4.264747025445104,0.3764689899981022,3.7845768965780735,shared_2l_1pool
826,4.2776919435709715,0.3837521653622389,3.7918929010629654,shared_2l_1pool
827,4.28708316758275,0.38018706254661083,3.8044489920139313,shared_2l_1pool
828,4.288976080715656,0.37801009602844715,3.808319102972746,shared_2l_1pool
829,4.257210996001959,0.37539098411798477,3.780352883040905,shared_2l_1pool
830,4.2785529512912035,0.3834730014204979,3.7907299119979143,shared_2l_1pool
831,4.27614594809711,0.3718228545039892,3.8042301312088966,shared_2l_1pool
832,4.266534931957722,0.37092878483235836,3.7934340070933104,shared_2l_1pool
833,4.269354976713657,0.38236798718571663,3.785615088418126,shared_2l_1pool
834,4.264936083927751,0.37908204831182957,3.7835349794477224,shared_2l_1pool
835,4.279591841623187,0.37554698064923286,3.802725113928318,shared_2l_1pool
836,4.252880113199353,0.37425290793180466,3.7774790544062853,shared_2l_1pool
837,5.456831073388457,1.3463119976222515,3.991540987044573,shared_2l_1pool
838,4.336702870205045,0.3838750999420881,3.8461920339614153,shared_2l_1pool
839,4.34832600876689,0.379892997443676,3.863902995362878,shared_2l_1pool
840,4.349226132035255,0.3876348491758108,3.86036210693419,shared_2l_1pool
841,4.35919314622879,0.3840979188680649,3.8708350621163845,shared_2l_1pool
842,4.3041270691901445,0.3745430149137974,3.82535089738667,shared_2l_1pool
843,4.360383143648505,0.38183294236660004,3.870750078931451,shared_2l_1pool
844,4.341811873018742,0.3844869788736105,3.853617934510112,shared_2l_1pool
845,4.304974805563688,0.3936188295483589,3.806518157944083,shared_2l_1pool
846,4.365294938907027,0.39107003249228,3.870546817779541,shared_2l_1pool
847,4.301605047658086,0.37818518467247486,3.8194668013602495,shared_2l_1pool
848,4.327411996200681,0.37465314380824566,3.8513988256454468,shared_2l_1pool
849,4.361219005659223,0.3871200606226921,3.8692490197718143,shared_2l_1pool
850,4.3328560423105955,0.377272954210639,3.8501708768308163,shared_2l_1pool
851,4.357655998319387,0.3916530404239893,3.85881494730711,shared_2l_1pool
852,4.348366055637598,0.37211691960692406,3.874779911711812,shared_2l_1pool
853,5.549778928980231,1.4365790411829948,3.9967249613255262,shared_2l_1pool
854,4.342358093708754,0.3930148668587208,3.8431580178439617,shared_2l_1pool
855,4.291123012080789,0.3802650608122349,3.807546803727746,shared_2l_1pool
856,4.363482119515538,0.3828350454568863,3.877463983371854,shared_2l_1pool
857,4.359678830951452,0.38085109554231167,3.8750790990889072,shared_2l_1pool
858,4.356701858341694,0.3754140343517065,3.8791149854660034,shared_2l_1pool
859,4.297570092603564,0.3801649436354637,3.80228110589087,shared_2l_1pool
860,4.299226915463805,0.387219013646245,3.8077118806540966,shared_2l_1pool
861,4.304934060201049,0.37752906791865826,3.8246759213507175,shared_2l_1pool
862,4.298598039895296,0.37827296182513237,3.817732911556959,shared_2l_1pool
863,4.363420885056257,0.39086188189685345,3.869028063490987,shared_2l_1pool
864,4.36777900904417,0.3849421627819538,3.8808579556643963,shared_2l_1pool
865,4.374173004180193,0.390112167224288,3.876596922054887,shared_2l_1pool
866,4.313351819291711,0.3770210314542055,3.832865972071886,shared_2l_1pool
867,4.313155077397823,0.37351413629949093,3.837033873423934,shared_2l_1pool
868,4.308965988457203,0.3821239806711674,3.823644947260618,shared_2l_1pool
869,5.487416172400117,1.35140516795218,4.007063806056976,shared_2l_1pool
870,4.32820082642138,0.38629607297480106,3.8370159454643726,shared_2l_1pool
871,4.331178963184357,0.38473005406558514,3.841608064249158,shared_2l_1pool
872,4.375158809125423,0.3814359661191702,3.8911139126867056,shared_2l_1pool
873,4.280991852283478,0.37838518619537354,3.7982237990945578,shared_2l_1pool
874,4.34773089364171,0.3815691452473402,3.859293879941106,shared_2l_1pool
875,4.371424904093146,0.39046909660100937,3.862685989588499,shared_2l_1pool
876,4.316358827054501,0.3826851025223732,3.8284349720925093,shared_2l_1pool
877,4.3136319145560265,0.38870004937052727,3.818320110440254,shared_2l_1pool
878,4.3691478203982115,0.3825300373136997,3.883065888658166,shared_2l_1pool
879,4.342744126915932,0.3811789210885763,3.8599378895014524,shared_2l_1pool
880,4.390465095639229,0.38244016468524933,3.9034727960824966,shared_2l_1pool
881,4.316199105232954,0.3797209355980158,3.8329139351844788,shared_2l_1pool
882,4.2850428726524115,0.38174702785909176,3.80097609013319,shared_2l_1pool
883,4.300491185858846,0.3813940566033125,3.8155950605869293,shared_2l_1pool
884,4.304535919800401,0.3808089531958103,3.818097058683634,shared_2l_1pool
885,5.514977034181356,1.3624250423163176,4.032753873616457,shared_2l_1pool
886,4.356164950877428,0.39115198887884617,3.8580079562962055,shared_2l_1pool
887,4.352279007434845,0.3970540128648281,3.853111993521452,shared_2l_1pool
888,4.35893889516592,0.3812708891928196,3.8741901516914368,shared_2l_1pool
889,4.414154216647148,0.38297497667372227,3.928151912987232,shared_2l_1pool
890,4.354029893875122,0.37283310666680336,3.8791389670222998,shared_2l_1pool
891,4.397795768454671,0.3839428536593914,3.910432104021311,shared_2l_1pool
892,4.321832908317447,0.37715514190495014,3.8414679002016783,shared_2l_1pool
893,4.282335983589292,0.38312189280986786,3.796494100242853,shared_2l_1pool
894,4.315578145906329,0.3789209295064211,3.8327451329678297,shared_2l_1pool
895,4.290011012926698,0.37697097286581993,3.8090129382908344,shared_2l_1pool
896,4.296557977795601,0.38114190101623535,3.8105950225144625,shared_2l_1pool
897,4.291279008612037,0.38247392512857914,3.807381959632039,shared_2l_1pool
898,4.374742042273283,0.38921693339943886,3.881020937114954,shared_2l_1pool
899,4.300947999581695,0.37885596975684166,3.816226962953806,shared_2l_1pool
900,4.298388957977295,0.3860329743474722,3.8089139852672815,shared_2l_1pool
901,5.517330020666122,1.3648199383169413,4.033532924950123,shared_2l_1pool
902,4.360593156889081,0.3967229276895523,3.859067102894187,shared_2l_1pool
903,4.360954975709319,0.3912087995558977,3.8649411872029305,shared_2l_1pool
904,4.372152034193277,0.3864411264657974,3.8813308347016573,shared_2l_1pool
905,4.306491930037737,0.3917720168828964,3.8123049307614565,shared_2l_1pool
906,4.292006138712168,0.3755770158022642,3.81460296921432,shared_2l_1pool
907,4.374963929876685,0.3780270926654339,3.8943830877542496,shared_2l_1pool
908,4.301029955968261,0.38964999839663506,3.80430999211967,shared_2l_1pool
909,4.303092835471034,0.3806499298661947,3.8190099876374006,shared_2l_1pool
910,4.296967992559075,0.38003106601536274,3.8139820098876953,shared_2l_1pool
911,4.333345219492912,0.38857199251651764,3.8419340271502733,shared_2l_1pool
912,4.395151976495981,0.38626883178949356,3.9048930630087852,shared_2l_1pool
913,4.309250041842461,0.3805269952863455,3.823737148195505,shared_2l_1pool
914,4.3830880895257,0.38337521255016327,3.894809866324067,shared_2l_1pool
915,4.317987943068147,0.3840469289571047,3.8285250775516033,shared_2l_1pool
916,4.343999084085226,0.38088904693722725,3.856605850160122,shared_2l_1pool
917,5.435465136542916,1.3579220976680517,3.9597649592906237,shared_2l_1pool
918,4.314496880397201,0.38767908699810505,3.821162972599268,shared_2l_1pool
919,4.315858939662576,0.3859659191220999,3.8249569479376078,shared_2l_1pool
920,4.358876030892134,0.39636390283703804,3.85650503449142,shared_2l_1pool
921,4.389340057969093,0.3879731521010399,3.8970268797129393,shared_2l_1pool
922,4.412501817569137,0.38291001692414284,3.9204410277307034,shared_2l_1pool
923,4.370417911559343,0.3778559621423483,3.8906140252947807,shared_2l_1pool
924,4.31778421625495,0.37917401641607285,3.833568887785077,shared_2l_1pool
925,4.33253706432879,0.38782600313425064,3.8426779210567474,shared_2l_1pool
926,4.358935169875622,0.38047111593186855,3.8758048322051764,shared_2l_1pool
927,4.33246698230505,0.37996587343513966,3.848052117973566,shared_2l_1pool
928,4.349594935774803,0.3873889800161123,3.8593211211264133,shared_2l_1pool
929,4.32386202737689,0.3804850857704878,3.841281868517399,shared_2l_1pool
930,4.385763080790639,0.38050999864935875,3.901038086041808,shared_2l_1pool
931,4.345787921920419,0.38839387707412243,3.855431219562888,shared_2l_1pool
932,4.382591927424073,0.38060592487454414,3.8983540143817663,shared_2l_1pool
933,5.4870781023055315,1.373975072056055,3.9945158641785383,shared_2l_1pool
934,4.388637840747833,0.40086591616272926,3.881704993546009,shared_2l_1pool
935,4.373118979856372,0.38145389407873154,3.890177933499217,shared_2l_1pool
936,4.326240858063102,0.38802996277809143,3.833675989881158,shared_2l_1pool
937,4.38327994197607,0.3787900786846876,3.9037049282342196,shared_2l_1pool
938,4.293242935091257,0.3884448669850826,3.803387051448226,shared_2l_1pool
939,4.294571001082659,0.38094399496912956,3.8100809324532747,shared_2l_1pool
940,4.261357011273503,0.38047321140766144,3.778718877583742,shared_2l_1pool
941,4.254698054865003,0.3760510589927435,3.777144942432642,shared_2l_1pool
942,4.263995215296745,0.38501108065247536,3.7761861458420753,shared_2l_1pool
943,4.247965989634395,0.38082990795373917,3.764593042433262,shared_2l_1pool
944,4.260480869561434,0.37905992940068245,3.7799470592290163,shared_2l_1pool
945,4.326390102505684,0.37488900125026703,3.8494779728353024,shared_2l_1pool
946,4.256517859175801,0.3874700050801039,3.765784204006195,shared_2l_1pool
947,4.303803900256753,0.3774219658225775,3.82196600548923,shared_2l_1pool
948,4.253949970006943,0.3814019728451967,3.7707851734012365,shared_2l_1pool
949,5.481912987306714,1.3598231598734856,4.00344398804009,shared_2l_1pool
950,4.354242933914065,0.3949159290641546,3.8547979202121496,shared_2l_1pool
951,4.377885954454541,0.3865729086101055,3.8887369446456432,shared_2l_1pool
952,4.3753948993980885,0.389941968023777,3.8794479332864285,shared_2l_1pool
953,4.369505913928151,0.38196705281734467,3.8853688165545464,shared_2l_1pool
954,4.297902109101415,0.38479198701679707,3.805287880823016,shared_2l_1pool
955,4.330449039116502,0.3842341247946024,3.844460006803274,shared_2l_1pool
956,4.363066982477903,0.38739200681447983,3.872663015499711,shared_2l_1pool
957,4.404261009767652,0.38520200178027153,3.9131580851972103,shared_2l_1pool
958,4.313844023272395,0.38932100869715214,3.8202309515327215,shared_2l_1pool
959,4.294221987947822,0.38034492172300816,3.8118851371109486,shared_2l_1pool
960,4.3616751208901405,0.3845400642603636,3.8724029436707497,shared_2l_1pool
961,4.369003931060433,0.383604085072875,3.884183010086417,shared_2l_1pool
962,4.3641068041324615,0.38372399285435677,3.874849062412977,shared_2l_1pool
963,4.351512063294649,0.38971914909780025,3.856547875329852,shared_2l_1pool
964,4.3448940850794315,0.3807349130511284,3.8621199782937765,shared_2l_1pool
965,5.457174964249134,1.358598005026579,3.9808708243072033,shared_2l_1pool
966,4.29090391844511,0.38980902172625065,3.795979078859091,shared_2l_1pool
967,4.257137188687921,0.3867880441248417,3.7657779175788164,shared_2l_1pool
968,4.257372114807367,0.38382201455533504,3.7694349884986877,shared_2l_1pool
969,4.335925215855241,0.3900430165231228,3.842434147372842,shared_2l_1pool
970,4.318291088566184,0.3782480489462614,3.838062984868884,shared_2l_1pool
971,4.358452977612615,0.3838660195469856,3.85983195155859,shared_2l_1pool
972,4.326208028942347,0.3936321008950472,3.8267469499260187,shared_2l_1pool
973,4.349092952907085,0.3792589996010065,3.866381011903286,shared_2l_1pool
974,4.280690103769302,0.3874760586768389,3.7885040510445833,shared_2l_1pool
975,4.267613869160414,0.3889831714332104,3.7742098793387413,shared_2l_1pool
976,4.326915135607123,0.3824811428785324,3.840226912871003,shared_2l_1pool
977,4.320395877584815,0.3856569528579712,3.8323390763252974,shared_2l_1pool
978,4.322669934481382,0.39274897426366806,3.828053129836917,shared_2l_1pool
979,4.334162920713425,0.3900460433214903,3.8405300583690405,shared_2l_1pool
980,4.370214883238077,0.38354494608938694,3.8803641218692064,shared_2l_1pool
981,5.466874921694398,1.3658448588103056,3.984352108091116,shared_2l_1pool
982,4.39906888641417,0.39815506897866726,3.8963179104030132,shared_2l_1pool
983,4.32832702063024,0.39377505891025066,3.8267329800873995,shared_2l_1pool
984,4.27519204095006,0.37923408672213554,3.7932759150862694,shared_2l_1pool
985,4.363999934867024,0.37826201878488064,3.8812460843473673,shared_2l_1pool
986,4.293645033612847,0.38800504989922047,3.7998841144144535,shared_2l_1pool
987,4.285706905648112,0.38163200952112675,3.80232697352767,shared_2l_1pool
988,4.2588068172335625,0.38115796633064747,3.772943979129195,shared_2l_1pool
989,4.335266072303057,0.38351607508957386,3.8499650545418262,shared_2l_1pool
990,4.343678941950202,0.38932915776968,3.8502139504998922,shared_2l_1pool
991,4.271107027307153,0.38660108111798763,3.7834770046174526,shared_2l_1pool
992,4.311257041990757,0.38175005465745926,3.8256640546023846,shared_2l_1pool
993,4.281948786228895,0.3946090582758188,3.7859189324080944,shared_2l_1pool
994,4.323831992223859,0.38777501322329044,3.8333041593432426,shared_2l_1pool
995,4.300388973206282,0.38286810740828514,3.813820891082287,shared_2l_1pool
996,4.334129160270095,0.3965250216424465,3.8328280206769705,shared_2l_1pool
997,5.470619071274996,1.3599239755421877,3.990687895566225,shared_2l_1pool
998,4.356038989499211,0.40411902591586113,3.8474949542433023,shared_2l_1pool
999,4.336267011240125,0.3881810698658228,3.839341923594475,shared_2l_1pool
1000,4.3363559525460005,0.3831591457128525,3.849593922495842,shared_2l_1pool
1001,4.390353104099631,0.3951229155063629,3.891092026606202,shared_2l_1pool
1002,4.33301692828536,0.3963171038776636,3.8305569905787706,shared_2l_1pool
1003,4.297546111047268,0.3874341491609812,3.8066550623625517,shared_2l_1pool
1004,4.262733040377498,0.3907778300344944,3.769508097320795,shared_2l_1pool
1005,4.3419040739536285,0.38623600266873837,3.847321029752493,shared_2l_1pool
1006,4.286953015252948,0.38290093652904034,3.801681101322174,shared_2l_1pool
1007,4.364115884527564,0.38544018752872944,3.8750360254198313,shared_2l_1pool
1008,4.325635032728314,0.3870811779052019,3.8339230231940746,shared_2l_1pool
1009,4.300636937841773,0.38192584179341793,3.8166779559105635,shared_2l_1pool
1010,4.292276920750737,0.38936990313231945,3.7994079757481813,shared_2l_1pool
1011,4.273643018677831,0.3939520101994276,3.7752718199044466,shared_2l_1pool
1012,4.31945500895381,0.38484600372612476,3.830338828265667,shared_2l_1pool
1013,5.4911409970372915,1.3748188503086567,3.9924229495227337,shared_2l_1pool
1014,4.378849873319268,0.39732782170176506,3.8773680571466684,shared_2l_1pool
1015,4.358167992904782,0.3848129417747259,3.8708189968019724,shared_2l_1pool
1016,4.3897549621760845,0.3931799437850714,3.892851062119007,shared_2l_1pool
1017,4.266719100996852,0.3831000067293644,3.7812378723174334,shared_2l_1pool
1018,4.329127026721835,0.3825118765234947,3.8433680310845375,shared_2l_1pool
1019,4.332805052399635,0.3924639895558357,3.8378089666366577,shared_2l_1pool
1020,4.381136037409306,0.3867149353027344,3.8906289264559746,shared_2l_1pool
1021,4.290709039196372,0.3903519827872515,3.7986261304467916,shared_2l_1pool
1022,4.315862897783518,0.3907489590346813,3.82064888253808,shared_2l_1pool
1023,4.299320979043841,0.3839449491351843,3.811812959611416,shared_2l_1pool
1024,4.331916105002165,0.38932589814066887,3.8386511150747538,shared_2l_1pool
1025,4.294164013117552,0.3932600375264883,3.7940689362585545,shared_2l_1pool
1026,4.283789079636335,0.3839440178126097,3.7963089998811483,shared_2l_1pool
1027,4.281850997358561,0.3842269070446491,3.7958931643515825,shared_2l_1pool
1028,4.30874596349895,0.38506113924086094,3.8228309713304043,shared_2l_1pool
1029,5.610872060060501,1.4849819708615541,4.001514986157417,shared_2l_1pool
1030,4.353262018412352,0.40505011565983295,3.844677936285734,shared_2l_1pool
1031,4.3206349946558475,0.3974330611526966,3.8166609592735767,shared_2l_1pool
1032,4.331578034907579,0.39103603921830654,3.835743060335517,shared_2l_1pool
1033,4.328044131398201,0.3953848499804735,3.829691093415022,shared_2l_1pool
1034,4.368691937997937,0.40230387821793556,3.8619369734078646,shared_2l_1pool
1035,4.40043886192143,0.3933331463485956,3.9023789577186108,shared_2l_1pool
1036,4.269172204658389,0.3911280073225498,3.770319977775216,shared_2l_1pool
1037,4.305632086470723,0.38661807775497437,3.815291915088892,shared_2l_1pool
1038,4.294385900720954,0.3824459854513407,3.8076029159128666,shared_2l_1pool
1039,4.2718329932540655,0.39365608245134354,3.7750639021396637,shared_2l_1pool
1040,4.259329056367278,0.39118900895118713,3.7651059683412313,shared_2l_1pool
1041,4.271222976967692,0.3855649847537279,3.7841289304196835,shared_2l_1pool
1042,4.321976099163294,0.3827109467238188,3.8353411946445704,shared_2l_1pool
1043,4.289825912564993,0.395921990275383,3.7865000776946545,shared_2l_1pool
1044,4.339412087574601,0.3921668976545334,3.8444651290774345,shared_2l_1pool
1045,5.509038921445608,1.3693550135940313,4.022067878395319,shared_2l_1pool
1046,4.392739851027727,0.40556909516453743,3.8813347928225994,shared_2l_1pool
1047,4.390008049085736,0.3929890226572752,3.8948608562350273,shared_2l_1pool
1048,4.386322107166052,0.4027159884572029,3.8783519994467497,shared_2l_1pool
1049,4.309579962864518,0.39270706474781036,3.814440919086337,shared_2l_1pool
1050,4.376522032544017,0.38377800956368446,3.8898338098078966,shared_2l_1pool
1051,4.417426884174347,0.39427983574569225,3.919159062206745,shared_2l_1pool
1052,4.339025821536779,0.3913471009582281,3.8445519749075174,shared_2l_1pool
1053,4.296569153666496,0.3899792209267616,3.8046028930693865,shared_2l_1pool
1054,4.353520926088095,0.39427587762475014,3.8563560228794813,shared_2l_1pool
1055,4.36948100104928,0.38911402225494385,3.8780570030212402,shared_2l_1pool
1056,4.386607091873884,0.3887671045958996,3.8879429921507835,shared_2l_1pool
1057,4.308325005695224,0.39044790901243687,3.8155100774019957,shared_2l_1pool
1058,4.307211143895984,0.3865801263600588,3.8193478249013424,shared_2l_1pool
1059,4.283383954316378,0.3955359570682049,3.7850730586797,shared_2l_1pool
1060,4.274784121662378,0.3909741062670946,3.780870931223035,shared_2l_1pool
1061,5.4572089575231075,1.357013126835227,3.9813900366425514,shared_2l_1pool
1062,4.387493012472987,0.4128098953515291,3.8644832093268633,shared_2l_1pool
1063,4.354727920144796,0.3918739967048168,3.8585260044783354,shared_2l_1pool
1064,4.409381188452244,0.3936078865081072,3.9109529461711645,shared_2l_1pool
1065,4.326407797634602,0.3954151179641485,3.8252300582826138,shared_2l_1pool
1066,4.324123030528426,0.387461157515645,3.83254187181592,shared_2l_1pool
1067,4.292363999411464,0.38724206387996674,3.8016277831047773,shared_2l_1pool
1068,4.27615107037127,0.39331289008259773,3.7803230807185173,shared_2l_1pool
1069,4.326932830736041,0.3916029818356037,3.8304899353533983,shared_2l_1pool
1070,4.427009029313922,0.394302187487483,3.9281488861888647,shared_2l_1pool
1071,4.3871349189430475,0.39665400981903076,3.887208877131343,shared_2l_1pool
1072,4.317236831411719,0.38859318010509014,3.826532978564501,shared_2l_1pool
1073,4.319577943533659,0.3882809542119503,3.827093867585063,shared_2l_1pool
1074,4.349604016169906,0.39602513425052166,3.8503818213939667,shared_2l_1pool
1075,4.351513925939798,0.391943147405982,3.8557269144803286,shared_2l_1pool
1076,4.4048200361430645,0.39841607213020325,3.8983069825917482,shared_2l_1pool
1077,5.458110012114048,1.3745618052780628,3.966586198657751,shared_2l_1pool
1078,4.3594371527433395,0.39526517502963543,3.860283875837922,shared_2l_1pool
1079,4.380027996376157,0.39288122206926346,3.8839238695800304,shared_2l_1pool
1080,4.417909076437354,0.39323396049439907,3.9203159976750612,shared_2l_1pool
1081,4.404305014759302,0.39920490235090256,3.8985891733318567,shared_2l_1pool
1082,4.397152923047543,0.3910129889845848,3.904466051608324,shared_2l_1pool
1083,4.34968201443553,0.3874411340802908,3.860717872157693,shared_2l_1pool
1084,4.31049196049571,0.39720814675092697,3.8101368118077517,shared_2l_1pool
1085,4.393758950755,0.3921571187674999,3.9003309793770313,shared_2l_1pool
1086,4.378397949039936,0.3908430226147175,3.8841399364173412,shared_2l_1pool
1087,4.397723125293851,0.39002299308776855,3.904630895704031,shared_2l_1pool
1088,4.429014166817069,0.3910721279680729,3.932120045647025,shared_2l_1pool
1089,4.3835630640387535,0.39523583836853504,3.8855040911585093,shared_2l_1pool
1090,4.41735191270709,0.3927950747311115,3.920139977708459,shared_2l_1pool
1091,4.379136022180319,0.39670406840741634,3.8804698269814253,shared_2l_1pool
1092,4.333638120442629,0.39304490201175213,3.832343965768814,shared_2l_1pool
1093,5.474143894389272,1.3675210066139698,3.990252036601305,shared_2l_1pool
1094,4.329885821789503,0.40193204768002033,3.822658909484744,shared_2l_1pool
1095,4.334989003837109,0.4050140269100666,3.8249390199780464,shared_2l_1pool
1096,4.295833176001906,0.3884888719767332,3.803821047767997,shared_2l_1pool
1097,4.386558895930648,0.3998710308223963,3.8830959238111973,shared_2l_1pool
1098,4.434697795659304,0.3897768910974264,3.9396830834448338,shared_2l_1pool
1099,4.438586067408323,0.4150599706918001,3.9107680786401033,shared_2l_1pool
1100,4.345272900536656,0.3897729329764843,3.84976202622056,shared_2l_1pool
1101,4.350521136075258,0.3892369568347931,3.856531111523509,shared_2l_1pool
1102,4.374651936814189,0.4019280895590782,3.866706043481827,shared_2l_1pool
1103,4.3784249573946,0.39584911428391933,3.8775650318711996,shared_2l_1pool
1104,4.338843049481511,0.3904360346496105,3.8435780443251133,shared_2l_1pool
1105,4.324282985180616,0.40155486203730106,3.8194810040295124,shared_2l_1pool
1106,4.343518055975437,0.38879807107150555,3.851532004773617,shared_2l_1pool
1107,4.375499906018376,0.39074383676052094,3.881555050611496,shared_2l_1pool
1108,4.383201012387872,0.3951271064579487,3.885924816131592,shared_2l_1pool
1109,5.481368163600564,1.3713380321860313,3.9928960613906384,shared_2l_1pool
1110,4.312179982662201,0.40266592986881733,3.8023379165679216,shared_2l_1pool
1111,4.366457927972078,0.3953580744564533,3.8675200194120407,shared_2l_1pool
1112,4.387094872072339,0.39455387741327286,3.887494094669819,shared_2l_1pool
1113,4.388485103845596,0.3949620295315981,3.8895648904144764,shared_2l_1pool
1114,4.312899895012379,0.3914809785783291,3.8176169618964195,shared_2l_1pool
1115,4.363995045423508,0.4000011831521988,3.863392863422632,shared_2l_1pool
1116,4.3508589733392,0.3958179149776697,3.8521599490195513,shared_2l_1pool
1117,4.346203990280628,0.39429496973752975,3.8496910128742456,shared_2l_1pool
1118,4.381832899525762,0.39273803122341633,3.8842130452394485,shared_2l_1pool
1119,4.294011043384671,0.38979086093604565,3.8005041424185038,shared_2l_1pool
1120,4.2986220214515924,0.3881261218339205,3.807408967986703,shared_2l_1pool
1121,4.306709161028266,0.3963680937886238,3.8016128819435835,shared_2l_1pool
1122,4.262024071067572,0.3863070160150528,3.7706769071519375,shared_2l_1pool
1123,4.275256069377065,0.3906909842044115,3.7817831616848707,shared_2l_1pool
1124,4.288917174562812,0.3881400916725397,3.7968079559504986,shared_2l_1pool
1125,5.493751028552651,1.3730342034250498,4.001210909336805,shared_2l_1pool
1126,4.35301405377686,0.4019681364297867,3.848130814731121,shared_2l_1pool
1127,4.36308397911489,0.4050659481436014,3.848886117339134,shared_2l_1pool
1128,4.35550999827683,0.39249309338629246,3.8591159973293543,shared_2l_1pool
1129,4.358917940407991,0.39488915354013443,3.85994091629982,shared_2l_1pool
1130,4.390314919874072,0.40247105062007904,3.8836959283798933,shared_2l_1pool
1131,4.311576019972563,0.39449194446206093,3.815949894487858,shared_2l_1pool
1132,4.391738912090659,0.3906870260834694,3.898286959156394,shared_2l_1pool
1133,4.300229949876666,0.4006668459624052,3.7955341394990683,shared_2l_1pool
1134,4.295079968869686,0.39043789729475975,3.8000240456312895,shared_2l_1pool
1135,4.314896883442998,0.3917450085282326,3.8174670189619064,shared_2l_1pool
1136,4.300098866224289,0.39651314727962017,3.798617050051689,shared_2l_1pool
1137,4.270643927156925,0.39108190685510635,3.775574965402484,shared_2l_1pool
1138,4.286275012418628,0.3930421080440283,3.788653062656522,shared_2l_1pool
1139,4.3560778722167015,0.40150294080376625,3.851213026791811,shared_2l_1pool
1140,4.395137075334787,0.39867707528173923,3.892468987032771,shared_2l_1pool
1141,5.495372926816344,1.3591889292001724,4.014521138742566,shared_2l_1pool
1142,4.383259918540716,0.4024009685963392,3.8752839900553226,shared_2l_1pool
1143,4.491879837587476,0.39368891157209873,3.993449965491891,shared_2l_1pool
1144,4.330305848270655,0.4025509115308523,3.8246221374720335,shared_2l_1pool
1145,4.363450920209289,0.3927890211343765,3.866304876282811,shared_2l_1pool
1146,4.307199968025088,0.39799301885068417,3.8056049961596727,shared_2l_1pool
1147,4.307726863771677,0.4013578873127699,3.8050839211791754,shared_2l_1pool
1148,4.297241102904081,0.3910211380571127,3.8030860014259815,shared_2l_1pool
1149,4.2940319981426,0.3946919459849596,3.7986410316079855,shared_2l_1pool
1150,4.357458092272282,0.3947580698877573,3.8586740847676992,shared_2l_1pool
1151,4.409753950312734,0.3919079899787903,3.914282191544771,shared_2l_1pool
1152,4.288364201784134,0.40079792961478233,3.783287014812231,shared_2l_1pool
1153,4.369098925963044,0.40017697028815746,3.8663139566779137,shared_2l_1pool
1154,4.336572019383311,0.39049703627824783,3.841534024104476,shared_2l_1pool
1155,4.362923093140125,0.40130806155502796,3.8591870106756687,shared_2l_1pool
1156,4.379410063847899,0.39985193870961666,3.8738721050322056,shared_2l_1pool
1157,5.479912972077727,1.3739760033786297,3.9870229084044695,shared_2l_1pool
1158,4.360166843980551,0.40727807208895683,3.8465859834104776,shared_2l_1pool
1159,4.354994045570493,0.3950749523937702,3.8546419236809015,shared_2l_1pool
1160,4.383092978969216,0.4038868937641382,3.874867223203182,shared_2l_1pool
1161,4.346640082076192,0.39369496516883373,3.841604106128216,shared_2l_1pool
1162,4.363225074484944,0.39349193684756756,3.8668701890856028,shared_2l_1pool
1163,4.396395990625024,0.3984179347753525,3.8927060086280107,shared_2l_1pool
1164,4.372327122837305,0.393295893445611,3.874465124681592,shared_2l_1pool
1165,4.308870993554592,0.3895878326147795,3.814998082816601,shared_2l_1pool
1166,4.284594906494021,0.4027110990136862,3.7778059486299753,shared_2l_1pool
1167,4.33861487545073,0.39625493809580803,3.838646924123168,shared_2l_1pool
1168,4.370688926428556,0.3985960502177477,3.8695719558745623,shared_2l_1pool
1169,4.364967811852694,0.4040519706904888,3.8562840782105923,shared_2l_1pool
1170,4.349079914391041,0.39718206971883774,3.8492209278047085,shared_2l_1pool
1171,4.373196978121996,0.39678788743913174,3.8712280802428722,shared_2l_1pool
1172,4.296872997656465,0.40463986806571484,3.7889492232352495,shared_2l_1pool
1173,5.451458040624857,1.3679140247404575,3.9661768823862076,shared_2l_1pool
1174,4.339642822742462,0.4111530724912882,3.8236468099057674,shared_2l_1pool
1175,4.329693969339132,0.3967129159718752,3.829038003459573,shared_2l_1pool
1176,4.343729000538588,0.39430800825357437,3.8449340499937534,shared_2l_1pool
1177,4.378009820356965,0.40662195533514023,3.869379870593548,shared_2l_1pool
1178,4.364820895716548,0.3950770478695631,3.8665910251438618,shared_2l_1pool
1179,4.388361005112529,0.4014850128442049,3.8840589113533497,shared_2l_1pool
1180,4.346366040408611,0.3996680025011301,3.8412841968238354,shared_2l_1pool
1181,4.391881870105863,0.40079979225993156,3.8851501885801554,shared_2l_1pool
1182,4.4119651429355145,0.39903190918266773,3.9082220755517483,shared_2l_1pool
1183,4.475523950532079,0.3921119496226311,3.9758249185979366,shared_2l_1pool
1184,4.3976150918751955,0.39607612416148186,3.896844806149602,shared_2l_1pool
1185,4.3437371496111155,0.4028789699077606,3.835040144622326,shared_2l_1pool
1186,4.320629872381687,0.40280004031956196,3.8138898089528084,shared_2l_1pool
1187,4.311857977882028,0.40312809869647026,3.805277869105339,shared_2l_1pool
1188,4.308895906433463,0.40348805487155914,3.800690872594714,shared_2l_1pool
1189,5.486569833010435,1.3753590174019337,3.9933600928634405,shared_2l_1pool
1190,4.3586979154497385,0.41042198427021503,3.8353540003299713,shared_2l_1pool
1191,4.390751011669636,0.39968593046069145,3.8859250489622355,shared_2l_1pool
1192,4.328068112954497,0.3935769200325012,3.830479923635721,shared_2l_1pool
1193,4.363608080893755,0.4060901701450348,3.854600014165044,shared_2l_1pool
1194,4.329913994297385,0.3923869226127863,3.835609881207347,shared_2l_1pool
1195,4.326081834733486,0.39093708619475365,3.8287059869617224,shared_2l_1pool
1196,4.27964492700994,0.40390691719949245,3.7717281375080347,shared_2l_1pool
1197,4.329376155510545,0.39617507718503475,3.827171865850687,shared_2l_1pool
1198,4.3355480302125216,0.39717298932373524,3.8353230338543653,shared_2l_1pool
1199,4.309523152187467,0.4006840754300356,3.805403830483556,shared_2l_1pool
1200,4.285503178834915,0.3988579846918583,3.783352207392454,shared_2l_1pool
1201,4.304290981963277,0.3910050727427006,3.8105109706521034,shared_2l_1pool
1202,4.339599050581455,0.40322099812328815,3.8321709726005793,shared_2l_1pool
1203,4.380851984024048,0.39657996967434883,3.879266092553735,shared_2l_1pool
1204,4.375383025035262,0.3903270699083805,3.8827587850391865,shared_2l_1pool
1205,5.494219018146396,1.3755799736827612,3.9980742149055004,shared_2l_1pool
1206,4.408970009535551,0.4061870276927948,3.8970070891082287,shared_2l_1pool
1207,4.359013168141246,0.4035679157823324,3.8505641277879477,shared_2l_1pool
1208,4.289856180548668,0.3939052112400532,3.793578827753663,shared_2l_1pool
1209,4.28561307489872,0.39686798118054867,3.7891408428549767,shared_2l_1pool
1210,4.36903303489089,0.4031229764223099,3.865292062982917,shared_2l_1pool
1211,4.4102410320192575,0.39254804141819477,3.9113820530474186,shared_2l_1pool
1212,4.320282954722643,0.413296977058053,3.801849903538823,shared_2l_1pool
1213,4.314366029575467,0.4063090309500694,3.8060559891164303,shared_2l_1pool
1214,4.293113015592098,0.3962418995797634,3.7934151478111744,shared_2l_1pool
1215,4.334278171882033,0.3967790398746729,3.8373840507119894,shared_2l_1pool
1216,4.373657982796431,0.40410691872239113,3.866933984681964,shared_2l_1pool
1217,4.380122991278768,0.3993080463260412,3.877287032082677,shared_2l_1pool
1218,4.3251789174973965,0.4066878464072943,3.8149170577526093,shared_2l_1pool
1219,4.294710932299495,0.4062480293214321,3.7864590995013714,shared_2l_1pool
1220,4.355448996648192,0.39559206925332546,3.8562470581382513,shared_2l_1pool
1221,5.478305043652654,1.3736931141465902,3.981899004429579,shared_2l_1pool
1222,4.3885428458452225,0.40727388113737106,3.876347094774246,shared_2l_1pool
1223,4.42801509052515,0.40408503264188766,3.9196221623569727,shared_2l_1pool
1224,4.3488971423357725,0.4017110913991928,3.838279051706195,shared_2l_1pool
1225,4.322097869589925,0.39751105941832066,3.821374848484993,shared_2l_1pool
1226,4.320675041526556,0.3928178921341896,3.824579995125532,shared_2l_1pool
1227,4.312391858547926,0.40042679756879807,3.807959146797657,shared_2l_1pool
1228,4.30461997166276,0.38922810927033424,3.8112869951874018,shared_2l_1pool
1229,4.326333990320563,0.39339903742074966,3.8306638598442078,shared_2l_1pool
1230,4.37503308057785,0.3998291213065386,3.8702478632330894,shared_2l_1pool
1231,4.35112789273262,0.3955999854952097,3.849957138299942,shared_2l_1pool
1232,4.296090919524431,0.40193600580096245,3.7920670583844185,shared_2l_1pool
1233,4.30128606967628,0.3948519006371498,3.8033390883356333,shared_2l_1pool
1234,4.336966900154948,0.39614317938685417,3.8372220005840063,shared_2l_1pool
1235,4.3052679393440485,0.39332290180027485,3.809891175478697,shared_2l_1pool
1236,4.296570084989071,0.3987529780715704,3.7959138862788677,shared_2l_1pool
1237,5.527846049517393,1.3860738836228848,4.023892106488347,shared_2l_1pool
1238,4.374566022306681,0.41353399865329266,3.850678913295269,shared_2l_1pool
1239,4.418971948325634,0.4022950306534767,3.9122551679611206,shared_2l_1pool
1240,4.419483011588454,0.4000808112323284,3.9154451806098223,shared_2l_1pool
1241,4.365778062492609,0.4074401222169399,3.857809817418456,shared_2l_1pool
1242,4.425099119544029,0.4007541574537754,3.920451970770955,shared_2l_1pool
1243,4.428524989634752,0.40781288407742977,3.8920280057936907,shared_2l_1pool
1244,4.344557877629995,0.40553812868893147,3.8305609486997128,shared_2l_1pool
1245,4.357433179393411,0.41058706119656563,3.8428129628300667,shared_2l_1pool
1246,4.339035134762526,0.4100578371435404,3.823228180408478,shared_2l_1pool
1247,4.3783781584352255,0.40123099461197853,3.8734260015189648,shared_2l_1pool
1248,4.415885079652071,0.4120059311389923,3.900974988937378,shared_2l_1pool
1249,4.404952051118016,0.3985839430242777,3.902656026184559,shared_2l_1pool
1250,4.3249609880149364,0.39290101267397404,3.8290510419756174,shared_2l_1pool
1251,4.327547037974,0.40360307320952415,3.819648874923587,shared_2l_1pool
1252,4.375583957880735,0.4035129677504301,3.869194071739912,shared_2l_1pool
1253,5.5424608290195465,1.3862501364201307,4.0406708139926195,shared_2l_1pool
1254,4.3706700671464205,0.41059614159166813,3.853506874293089,shared_2l_1pool
1255,4.37728688120842,0.40403008460998535,3.869154956191778,shared_2l_1pool
1256,4.386494867503643,0.4121200181543827,3.8712548557668924,shared_2l_1pool
1257,4.376552999019623,0.39600604213774204,3.877473995089531,shared_2l_1pool
1258,4.334039986133575,0.403369078412652,3.827582811936736,shared_2l_1pool
1259,4.335435107350349,0.40534697473049164,3.824766958132386,shared_2l_1pool
1260,4.372490104287863,0.40403613820672035,3.8678578566759825,shared_2l_1pool
1261,4.393178969621658,0.4105509724467993,3.8771871477365494,shared_2l_1pool
1262,4.373281029984355,0.4013220313936472,3.868688130751252,shared_2l_1pool
1263,4.302524961531162,0.39812782779335976,3.8013141602277756,shared_2l_1pool
1264,4.299300955608487,0.4059029743075371,3.7913969717919827,shared_2l_1pool
1265,4.30955202318728,0.39997510612010956,3.8043439853936434,shared_2l_1pool
1266,4.317876882851124,0.39780884981155396,3.8149962201714516,shared_2l_1pool
1267,4.37743216753006,0.41018612682819366,3.8661970756947994,shared_2l_1pool
1268,4.418389871716499,0.40514301508665085,3.9086390752345324,shared_2l_1pool
1269,5.655823042616248,1.5170818660408258,4.020145162940025,shared_2l_1pool
1270,4.395252093672752,0.41172094643116,3.876103088259697,shared_2l_1pool
1271,4.384571919217706,0.4074850585311651,3.8730408996343613,shared_2l_1pool
1272,4.422601079568267,0.4069870337843895,3.9110220968723297,shared_2l_1pool
1273,4.409275017678738,0.40381914004683495,3.9005528669804335,shared_2l_1pool
1274,4.329771036282182,0.40691904723644257,3.819267963990569,shared_2l_1pool
1275,4.3144309893250465,0.3974789287894964,3.815509146079421,shared_2l_1pool
1276,4.3745748698711395,0.39145583286881447,3.8803850766271353,shared_2l_1pool
1277,4.319803090766072,0.40606199763715267,3.8121449761092663,shared_2l_1pool
1278,4.320972133427858,0.3977541346102953,3.818328958004713,shared_2l_1pool
1279,4.307531984522939,0.3945550415664911,3.8105689454823732,shared_2l_1pool
1280,4.401830956339836,0.4051700234413147,3.891634987667203,shared_2l_1pool
1281,4.387111868709326,0.39764493703842163,3.8860358763486147,shared_2l_1pool
1282,4.327313043177128,0.4058589693158865,3.8187589962035418,shared_2l_1pool
1283,4.330601776018739,0.40722405537962914,3.8227029144763947,shared_2l_1pool
1284,4.332202021032572,0.4005809314548969,3.828908083960414,shared_2l_1pool
1285,5.549805937334895,1.3963829260319471,4.033830016851425,shared_2l_1pool
1286,4.380994010716677,0.4088238347321749,3.86674702167511,shared_2l_1pool
1287,4.378536017611623,0.40578097105026245,3.869923995807767,shared_2l_1pool
1288,4.397848155349493,0.4097721539437771,3.8847599644213915,shared_2l_1pool
1289,4.408054053783417,0.4039269406348467,3.9004539139568806,shared_2l_1pool
1290,4.418398020789027,0.4046349786221981,3.9085629396140575,shared_2l_1pool
1291,4.436130868270993,0.40005799382925034,3.931113053113222,shared_2l_1pool
1292,4.329846939072013,0.4002549685537815,3.827484091743827,shared_2l_1pool
1293,4.333948949351907,0.40263100527226925,3.82804311811924,shared_2l_1pool
1294,4.307948984205723,0.40252902545034885,3.8029991555958986,shared_2l_1pool
1295,4.325808957219124,0.40221097879111767,3.819236997514963,shared_2l_1pool
1296,4.408555803820491,0.4055050667375326,3.898483933880925,shared_2l_1pool
1297,4.32359310798347,0.4024279769510031,3.8170230109244585,shared_2l_1pool
1298,4.40931785851717,0.4066689871251583,3.8982729893177748,shared_2l_1pool
1299,4.440251970663667,0.39413594640791416,3.9419839158654213,shared_2l_1pool
1300,4.362755920737982,0.4003590438514948,3.857518080621958,shared_2l_1pool
1301,5.501108942553401,1.3798470608890057,4.0040460880845785,shared_2l_1pool
1302,4.4511910527944565,0.40841405279934406,3.9374390617012978,shared_2l_1pool
1303,4.380733007565141,0.4056289326399565,3.8741352036595345,shared_2l_1pool
1304,4.42611682228744,0.39840699173510075,3.9237148594111204,shared_2l_1pool
1305,4.3915261048823595,0.40776003152132034,3.882742952555418,shared_2l_1pool
1306,4.39773197285831,0.40488503873348236,3.889028914272785,shared_2l_1pool
1307,4.348526010289788,0.40200003422796726,3.844127058982849,shared_2l_1pool
1308,4.322184016928077,0.4007869865745306,3.8179121911525726,shared_2l_1pool
1309,4.37579583376646,0.3999860491603613,3.874956164509058,shared_2l_1pool
1310,4.368028836324811,0.40006195195019245,3.86419496499002,shared_2l_1pool
1311,4.318883875384927,0.40396908298134804,3.8121959660202265,shared_2l_1pool
1312,4.339869134128094,0.3960628528147936,3.839323064312339,shared_2l_1pool
1313,4.398229997605085,0.4099609795957804,3.8781629409641027,shared_2l_1pool
1314,4.390208050608635,0.4149670712649822,3.872426925227046,shared_2l_1pool
1315,4.391002934426069,0.40289503522217274,3.886394901201129,shared_2l_1pool
1316,4.382245009765029,0.39792293682694435,3.87947796843946,shared_2l_1pool
1317,5.484734894707799,1.36263994500041,4.003335954621434,shared_2l_1pool
1318,4.412265960127115,0.4215759690850973,3.886174876242876,shared_2l_1pool
1319,4.41928394138813,0.403642188757658,3.9119799621403217,shared_2l_1pool
1320,4.340274026617408,0.403356971219182,3.831834066659212,shared_2l_1pool
1321,4.342562053352594,0.4068920388817787,3.831020090728998,shared_2l_1pool
1322,4.316126927733421,0.4027409013360739,3.809597110375762,shared_2l_1pool
1323,4.304019967094064,0.4034549929201603,3.796241944655776,shared_2l_1pool
1324,4.3197148479521275,0.4100340884178877,3.8049020804464817,shared_2l_1pool
1325,4.380648024380207,0.4097321070730686,3.8666289765387774,shared_2l_1pool
1326,4.45895385928452,0.4063202068209648,3.9453718345612288,shared_2l_1pool
1327,4.338165977969766,0.4067139234393835,3.827683161944151,shared_2l_1pool
1328,4.3261179234832525,0.39473106153309345,3.8267059717327356,shared_2l_1pool
1329,4.328239941969514,0.410701846703887,3.815216012299061,shared_2l_1pool
1330,4.317615181207657,0.4001641646027565,3.8143040146678686,shared_2l_1pool
1331,4.31351107545197,0.40273508056998253,3.806650871410966,shared_2l_1pool
1332,4.318650811910629,0.40439609438180923,3.810371970757842,shared_2l_1pool
1333,5.5162550415843725,1.377349952235818,4.020194057375193,shared_2l_1pool
1334,4.394005984067917,0.4089891444891691,3.8766979705542326,shared_2l_1pool
1335,4.431511042639613,0.41512190364301205,3.911371110007167,shared_2l_1pool
1336,4.431091016158462,0.40621403604745865,3.917671972885728,shared_2l_1pool
1337,4.331442061811686,0.4052901640534401,3.8218058180063963,shared_2l_1pool
1338,4.38323593698442,0.39967685006558895,3.878400195389986,shared_2l_1pool
1339,4.314474994316697,0.402999110519886,3.807447850704193,shared_2l_1pool
1340,4.393746145069599,0.41180290281772614,3.876738017424941,shared_2l_1pool
1341,4.374219104647636,0.39939209818840027,3.8716020062565804,shared_2l_1pool
1342,4.3493639677762985,0.406067818403244,3.8342580664902925,shared_2l_1pool
1343,4.313181154429913,0.40226406417787075,3.807324916124344,shared_2l_1pool
1344,4.301433917135,0.4005951341241598,3.798683872446418,shared_2l_1pool
1345,4.2994339019060135,0.4056079778820276,3.7925918586552143,shared_2l_1pool
1346,4.32013301178813,0.40877703577280045,3.807266941294074,shared_2l_1pool
1347,4.339621867984533,0.4035679157823324,3.8319879677146673,shared_2l_1pool
1348,4.349383991211653,0.4130280576646328,3.835465060546994,shared_2l_1pool
1349,5.530623020604253,1.3832610566169024,4.024991998448968,shared_2l_1pool
1350,4.412653157487512,0.41273818351328373,3.8964878767728806,shared_2l_1pool
1351,4.415217088535428,0.40931394323706627,3.9023340214043856,shared_2l_1pool
1352,4.350004950538278,0.40493905544281006,3.8413789588958025,shared_2l_1pool
1353,4.313071956858039,0.4139880184084177,3.7957108579576015,shared_2l_1pool
1354,4.300171975046396,0.404242891818285,3.793422132730484,shared_2l_1pool
1355,4.410886904224753,0.4004058428108692,3.906120080500841,shared_2l_1pool
1356,4.314671037718654,0.41140010580420494,3.7952950224280357,shared_2l_1pool
1357,4.319331143051386,0.40070991963148117,3.816543146967888,shared_2l_1pool
1358,4.29619918577373,0.40013203397393227,3.7943131756037474,shared_2l_1pool
1359,4.320129053667188,0.404115067794919,3.810647875070572,shared_2l_1pool
1360,4.308513132855296,0.39835297502577305,3.8084019906818867,shared_2l_1pool
1361,4.29499102756381,0.398063100874424,3.7944798823446035,shared_2l_1pool
1362,4.384043859317899,0.41212490759789944,3.86837194673717,shared_2l_1pool
1363,4.364432999864221,0.3940281458199024,3.8681309670209885,shared_2l_1pool
1364,4.33597294613719,0.4061658401042223,3.825447056442499,shared_2l_1pool
1365,5.529063055291772,1.38298817910254,4.027880961075425,shared_2l_1pool
1366,4.408007953315973,0.41477917693555355,3.889055922627449,shared_2l_1pool
1367,4.418879048898816,0.4142299294471741,3.9003840647637844,shared_2l_1pool
1368,4.356345860287547,0.3972821868956089,3.8565369322896004,shared_2l_1pool
1369,4.3477260041981936,0.40524709038436413,3.840977791696787,shared_2l_1pool
1370,4.400100093334913,0.4047758411616087,3.8910889998078346,shared_2l_1pool
1371,4.401052137836814,0.40967692621052265,3.8882731460034847,shared_2l_1pool
1372,5.324320867657661,0.41309697553515434,4.805963020771742,shared_2l_1pool
1373,4.423229023814201,0.40718913078308105,3.9057889953255653,shared_2l_1pool
1374,4.381307866424322,0.40503707714378834,3.8716099224984646,shared_2l_1pool
1375,4.434267058968544,0.4132769536226988,3.9168819785118103,shared_2l_1pool
1376,4.306023940443993,0.40980218909680843,3.7910789251327515,shared_2l_1pool
1377,4.359961021691561,0.4030819982290268,3.8532379548996687,shared_2l_1pool
1378,4.303270019590855,0.4124061670154333,3.7867678329348564,shared_2l_1pool
1379,4.329156130552292,0.39834901690483093,3.82869690656662,shared_2l_1pool
1380,4.289088072255254,0.3992479760199785,3.7891799584031105,shared_2l_1pool
1381,5.5018700659275055,1.385686919093132,3.998514963313937,shared_2l_1pool
1382,4.379510181024671,0.42276689782738686,3.850066103041172,shared_2l_1pool
1383,4.331093048676848,0.4166418220847845,3.8092040922492743,shared_2l_1pool
1384,4.337158054113388,0.4030028358101845,3.8298522122204304,shared_2l_1pool
1385,4.340846091508865,0.407838961109519,3.828908083960414,shared_2l_1pool
1386,4.318675957620144,0.4076401237398386,3.8054389879107475,shared_2l_1pool
1387,4.310103133320808,0.40234578773379326,3.803812200203538,shared_2l_1pool
1388,4.277112893760204,0.4014379810541868,3.77272698096931,shared_2l_1pool
1389,4.3237111531198025,0.40378421545028687,3.8130427710711956,shared_2l_1pool
1390,4.302948014810681,0.39989990182220936,3.799238009378314,shared_2l_1pool
1391,4.376667086035013,0.40566897951066494,3.866540966555476,shared_2l_1pool
1392,4.278945969417691,0.40817190892994404,3.76061606220901,shared_2l_1pool
1393,4.288353957235813,0.3996000159531832,3.7872130051255226,shared_2l_1pool
1394,4.329870920628309,0.39299088530242443,3.8345949724316597,shared_2l_1pool
1395,4.384496016427875,0.4028279799968004,3.8798670284450054,shared_2l_1pool
1396,4.362171981483698,0.39841514080762863,3.8634599186480045,shared_2l_1pool
1397,5.468437913805246,1.3743259478360415,3.9759590290486813,shared_2l_1pool
1398,4.333027871325612,0.41936198249459267,3.8087130524218082,shared_2l_1pool
1399,4.325184039771557,0.4095430485904217,3.8138970267027617,shared_2l_1pool
1400,4.291795892640948,0.4030889831483364,3.785987151786685,shared_2l_1pool
1401,4.32660011574626,0.407621031627059,3.815497038885951,shared_2l_1pool
1402,4.362910985946655,0.4092769231647253,3.850948065519333,shared_2l_1pool
1403,4.415418021380901,0.40903384797275066,3.886203980073333,shared_2l_1pool
1404,4.407450091093779,0.4139810334891081,3.881884040310979,shared_2l_1pool
1405,4.369926173239946,0.406505074352026,3.8607600145041943,shared_2l_1pool
1406,4.3252441100776196,0.4157980438321829,3.803855972364545,shared_2l_1pool
1407,4.34886896982789,0.4148469306528568,3.8303411565721035,shared_2l_1pool
1408,4.426961997523904,0.41113910265266895,3.909011837095022,shared_2l_1pool
1409,4.327920963987708,0.41181384585797787,3.812776179984212,shared_2l_1pool
1410,4.364063963294029,0.41559780947864056,3.843502141535282,shared_2l_1pool
1411,4.4140208046883345,0.41432096622884274,3.892885986715555,shared_2l_1pool
1412,4.383560037240386,0.4067099653184414,3.8714210968464613,shared_2l_1pool
1413,5.501051899045706,1.3831069227308035,3.997975029051304,shared_2l_1pool
1414,4.376273835077882,0.41657290421426296,3.853901056572795,shared_2l_1pool
1415,4.344671964645386,0.4098210483789444,3.829756984487176,shared_2l_1pool
1416,4.3776510283350945,0.41437987238168716,3.858744166791439,shared_2l_1pool
1417,4.352841060608625,0.403102021664381,3.846012055873871,shared_2l_1pool
1418,4.412658978253603,0.40968391112983227,3.8974080234766006,shared_2l_1pool
1419,4.3420749716460705,0.4144590348005295,3.821729915216565,shared_2l_1pool
1420,4.303189925849438,0.40365802124142647,3.796178847551346,shared_2l_1pool
1421,4.309019073843956,0.4036629106849432,3.800397040322423,shared_2l_1pool
1422,4.3320669792592525,0.4155561327934265,3.813487943261862,shared_2l_1pool
1423,4.386797081679106,0.40840101428329945,3.874958958476782,shared_2l_1pool
1424,4.324399866163731,0.4015769809484482,3.8196600507944822,shared_2l_1pool
1425,4.307124996557832,0.41176402010023594,3.79149685613811,shared_2l_1pool
1426,4.313689889386296,0.4044119268655777,3.805814078077674,shared_2l_1pool
1427,4.388631088659167,0.4030950367450714,3.8809420075267553,shared_2l_1pool
1428,4.338689846917987,0.41370117105543613,3.8212318904697895,shared_2l_1pool
1429,5.500380182638764,1.3904268853366375,3.9937731344252825,shared_2l_1pool
1430,4.353669006377459,0.4147340077906847,3.830163972452283,shared_2l_1pool
1431,4.308799980208278,0.4100371152162552,3.7965180817991495,shared_2l_1pool
1432,4.3119138572365046,0.40367012843489647,3.8049030117690563,shared_2l_1pool
1433,4.336501006036997,0.41673192754387856,3.8119549863040447,shared_2l_1pool
1434,4.357960075139999,0.40741078555583954,3.840979188680649,shared_2l_1pool
1435,4.373886156827211,0.4112550523132086,3.8603590801358223,shared_2l_1pool
1436,4.459389019757509,0.41509000584483147,3.9401319809257984,shared_2l_1pool
1437,4.388361005112529,0.41113304905593395,3.874407149851322,shared_2l_1pool
1438,4.411321133375168,0.4124431870877743,3.8695798721164465,shared_2l_1pool
1439,4.461109871044755,0.42045721784234047,3.9371808525174856,shared_2l_1pool
1440,4.33527585119009,0.40722102858126163,3.8243180606514215,shared_2l_1pool
1441,4.292735131457448,0.40615699253976345,3.7835179828107357,shared_2l_1pool
1442,4.3271679896861315,0.4029159899801016,3.8240249268710613,shared_2l_1pool
1443,4.40610502846539,0.3974370192736387,3.9054169319570065,shared_2l_1pool
1444,4.349518101662397,0.4134420305490494,3.8308920338749886,shared_2l_1pool
1445,5.48921711742878,1.3740030117332935,3.9955659303814173,shared_2l_1pool
1446,4.4486739207059145,0.4291720688343048,3.913640044629574,shared_2l_1pool
1447,4.33744303882122,0.40827482007443905,3.8249872159212828,shared_2l_1pool
1448,4.3233949691057205,0.41080894879996777,3.81009210832417,shared_2l_1pool
1449,4.382514161989093,0.4122699610888958,3.868723986670375,shared_2l_1pool
1450,4.382360028102994,0.4060720093548298,3.873788984492421,shared_2l_1pool
1451,4.38147597014904,0.4098941572010517,3.8628189358860254,shared_2l_1pool
1452,4.300774075090885,0.4070899449288845,3.7903599441051483,shared_2l_1pool
1453,4.407061031088233,0.4068790003657341,3.8957588840276003,shared_2l_1pool
1454,4.349934868514538,0.4110939335078001,3.833797061815858,shared_2l_1pool
1455,4.405330866575241,0.4105509724467993,3.890249179676175,shared_2l_1pool
1456,4.421311896294355,0.4133868496865034,3.895999165251851,shared_2l_1pool
1457,4.351441049948335,0.40919799357652664,3.837910946458578,shared_2l_1pool
1458,4.3139399494975805,0.40608388371765614,3.804881125688553,shared_2l_1pool
1459,4.321580054238439,0.41562202386558056,3.7962861824780703,shared_2l_1pool
1460,4.3025570921599865,0.41005690582096577,3.7901890464127064,shared_2l_1pool
1461,5.4900189861655235,1.3923700898885727,3.9749019779264927,shared_2l_1pool
1462,4.3663750402629375,0.4197009839117527,3.8399510085582733,shared_2l_1pool
1463,4.399677040055394,0.4145309794694185,3.8809331599622965,shared_2l_1pool
1464,4.415200091898441,0.424887053668499,3.881828859448433,shared_2l_1pool
1465,4.377168137580156,0.409591943025589,3.8646499160677195,shared_2l_1pool
1466,4.400240024551749,0.4023849032819271,3.893634071573615,shared_2l_1pool
1467,4.393965005874634,0.4201300907880068,3.87139106169343,shared_2l_1pool
1468,4.427543841302395,0.4075891338288784,3.914831904694438,shared_2l_1pool
1469,4.436845891177654,0.42192800901830196,3.907161997631192,shared_2l_1pool
1470,4.323164001107216,0.40756002999842167,3.811242990195751,shared_2l_1pool
1471,4.307251889258623,0.4050300922244787,3.8000119384378195,shared_2l_1pool
1472,4.347848007455468,0.41336705908179283,3.8254389073699713,shared_2l_1pool
1473,4.324066918343306,0.4049020353704691,3.8183280266821384,shared_2l_1pool
1474,4.355354001745582,0.40470296517014503,3.8493589963763952,shared_2l_1pool
1475,4.419556120410562,0.4099400248378515,3.9057349786162376,shared_2l_1pool
1476,4.378313897177577,0.41176402010023594,3.861029865220189,shared_2l_1pool
1477,5.525155924260616,1.4101348351687193,3.993790131062269,shared_2l_1pool
1478,4.347830079495907,0.42660697363317013,3.8123109843581915,shared_2l_1pool
1479,4.378530895337462,0.4150629974901676,3.855561837553978,shared_2l_1pool
1480,4.384935833513737,0.4182599950581789,3.8614689838141203,shared_2l_1pool
1481,4.392603877931833,0.40863710455596447,3.879389027133584,shared_2l_1pool
1482,4.3228131253272295,0.415298854932189,3.802813123911619,shared_2l_1pool
1483,4.391504917293787,0.41239289566874504,3.8753580302000046,shared_2l_1pool
1484,4.352016840130091,0.40794583037495613,3.8409761618822813,shared_2l_1pool
1485,4.388818051666021,0.41241198778152466,3.8719859439879656,shared_2l_1pool
1486,4.29192092269659,0.40572090074419975,3.784626955166459,shared_2l_1pool
1487,4.284105030819774,0.4082578234374523,3.773433156311512,shared_2l_1pool
1488,4.360312130302191,0.40872395038604736,3.8430842105299234,shared_2l_1pool
1489,4.344276152551174,0.4110268782824278,3.8273700047284365,shared_2l_1pool
1490,4.277762025594711,0.414036912843585,3.7615711335092783,shared_2l_1pool
1491,4.31135599501431,0.4168800078332424,3.7897671572864056,shared_2l_1pool
1492,4.289448959752917,0.4067060071974993,3.7805819883942604,shared_2l_1pool
1493,5.5599519982934,1.4078039675951004,4.034701967611909,shared_2l_1pool
1494,4.354568896815181,0.42706006206572056,3.8218700792640448,shared_2l_1pool
1495,4.34869690798223,0.41512795723974705,3.828776068985462,shared_2l_1pool
1496,4.30500297807157,0.4196600057184696,3.779785940423608,shared_2l_1pool
1497,4.337536869570613,0.41266297921538353,3.82077693939209,shared_2l_1pool
1498,4.306463990360498,0.4064610693603754,3.794379997998476,shared_2l_1pool
1499,4.342874977737665,0.41662389412522316,3.8225341122597456,shared_2l_1pool
1500,4.319630796089768,0.41754799894988537,3.798597026616335,shared_2l_1pool
1501,4.391929134726524,0.4118899814784527,3.877288894727826,shared_2l_1pool
1502,4.396993899717927,0.4201028496026993,3.8684571627527475,shared_2l_1pool
1503,4.411444999277592,0.4127980209887028,3.89548996463418,shared_2l_1pool
1504,4.365385975688696,0.40649319998919964,3.854492912068963,shared_2l_1pool
1505,4.357636207714677,0.41816686280071735,3.8361300248652697,shared_2l_1pool
1506,4.287871066480875,0.407857121899724,3.7777768447995186,shared_2l_1pool
1507,4.426763858646154,0.40203589014708996,3.920641029253602,shared_2l_1pool
1508,4.315471043810248,0.418313080444932,3.7933848798274994,shared_2l_1pool
1509,5.713609047234058,1.5517498832195997,4.041995154693723,shared_2l_1pool
1510,4.465820034965873,0.43409201316535473,3.9184449706226587,shared_2l_1pool
1511,4.3434579856693745,0.4172520712018013,3.8218058180063963,shared_2l_1pool
1512,4.338097991421819,0.41654007509350777,3.8172840140759945,shared_2l_1pool
1513,4.377875942736864,0.41373702697455883,3.860706929117441,shared_2l_1pool
1514,4.410780034959316,0.41689397767186165,3.8879590574651957,shared_2l_1pool
1515,4.423687933012843,0.4166909493505955,3.901786869391799,shared_2l_1pool
1516,4.415343981236219,0.4106019623577595,3.901116084307432,shared_2l_1pool
1517,4.34444984421134,0.41806395165622234,3.8214640226215124,shared_2l_1pool
1518,4.381574923172593,0.41455100290477276,3.860351862385869,shared_2l_1pool
1519,4.356386139988899,0.4172269254922867,3.834137925878167,shared_2l_1pool
1520,4.404915031045675,0.42552780359983444,3.8746700156480074,shared_2l_1pool
1521,4.4741330202668905,0.4106801934540272,3.955563995987177,shared_2l_1pool
1522,4.410763969644904,0.4164420533925295,3.8909378927201033,shared_2l_1pool
1523,4.355463199317455,0.4078489728271961,3.8435901515185833,shared_2l_1pool
1524,4.348109941929579,0.4172979388386011,3.8253339007496834,shared_2l_1pool
1525,5.552778951823711,1.4050109311938286,4.030057927593589,shared_2l_1pool
1526,4.44630510173738,0.42762490920722485,3.912403015419841,shared_2l_1pool
1527,4.418589873239398,0.424523139372468,3.8917099591344595,shared_2l_1pool
1528,4.39020711928606,0.4112520255148411,3.875659080222249,shared_2l_1pool
1529,4.44957590661943,0.41776010766625404,3.92877496778965,shared_2l_1pool
1530,4.3698151130229235,0.40898099541664124,3.8569581229239702,shared_2l_1pool
1531,4.343755077570677,0.4188450984656811,3.821561112999916,shared_2l_1pool
1532,4.315519006922841,0.4174499772489071,3.792771138250828,shared_2l_1pool
1533,4.3762861751019955,0.4106431733816862,3.862933022901416,shared_2l_1pool
1534,4.377593053504825,0.4157929215580225,3.857583971694112,shared_2l_1pool
1535,4.357142839580774,0.4163808189332485,3.8381440099328756,shared_2l_1pool
1536,4.313495010137558,0.4103509709239006,3.8012280128896236,shared_2l_1pool
1537,4.346740897744894,0.414692098274827,3.826485015451908,shared_2l_1pool
1538,4.303963854908943,0.40778820402920246,3.7938859313726425,shared_2l_1pool
1539,4.328517941758037,0.41470001451671124,3.8125659339129925,shared_2l_1pool
1540,4.326764959841967,0.41429814882576466,3.8087049033492804,shared_2l_1pool
1541,5.549425957724452,1.4065520372241735,4.02488000690937,shared_2l_1pool
1542,4.374366020783782,0.4310370422899723,3.838801058009267,shared_2l_1pool
1543,4.411425907164812,0.41923392564058304,3.881567157804966,shared_2l_1pool
1544,4.359344951808453,0.4151568282395601,3.8386601954698563,shared_2l_1pool
1545,4.324006149545312,0.41664508171379566,3.8019597996026278,shared_2l_1pool
1546,4.338725935667753,0.40858215652406216,3.8262088783085346,shared_2l_1pool
1547,4.328577080741525,0.41042082011699677,3.814200172200799,shared_2l_1pool
1548,4.317142069339752,0.4194369539618492,3.795171156525612,shared_2l_1pool
1549,4.36827284283936,0.4141521640121937,3.846930805593729,shared_2l_1pool
1550,4.332561977207661,0.42022811248898506,3.8104800041764975,shared_2l_1pool
1551,4.361515864729881,0.4180988762527704,3.8408651016652584,shared_2l_1pool
1552,4.331432981416583,0.41044806130230427,3.818400902673602,shared_2l_1pool
1553,4.370767856016755,0.40999893099069595,3.8598370738327503,shared_2l_1pool
1554,4.420310957357287,0.4193300846964121,3.895237110555172,shared_2l_1pool
1555,4.414669005200267,0.4172308836132288,3.8925730623304844,shared_2l_1pool
1556,4.345766035839915,0.4224281292408705,3.818181809037924,shared_2l_1pool
1557,5.482675973325968,1.388652017340064,3.9770971052348614,shared_2l_1pool
1558,4.423815989866853,0.42836391367018223,3.886569058522582,shared_2l_1pool
1559,4.425344988703728,0.4178350791335106,3.904178971424699,shared_2l_1pool
1560,4.3429851066321135,0.41645998135209084,3.8246449548751116,shared_2l_1pool
1561,4.359848098829389,0.41614403016865253,3.8406827952712774,shared_2l_1pool
1562,4.388188011944294,0.4077500198036432,3.878184827044606,shared_2l_1pool
1563,4.325876012444496,0.4140010569244623,3.810955910012126,shared_2l_1pool
1564,4.407272906973958,0.4114639014005661,3.8917569909244776,shared_2l_1pool
1565,4.376782802864909,0.4083311650902033,3.865703009068966,shared_2l_1pool
1566,4.336524987593293,0.4201880656182766,3.808829002082348,shared_2l_1pool
1567,4.3431909289211035,0.41267601773142815,3.8272570818662643,shared_2l_1pool
1568,4.392785020172596,0.4164001438766718,3.871664870530367,shared_2l_1pool
1569,4.297261126339436,0.4199219401925802,3.7706990260630846,shared_2l_1pool
1570,4.376549972221255,0.4053839948028326,3.866691840812564,shared_2l_1pool
1571,4.326025024056435,0.40750205516815186,3.8159238174557686,shared_2l_1pool
1572,4.386854823678732,0.4178748931735754,3.865240141749382,shared_2l_1pool
1573,5.537976045161486,1.3984069228172302,4.020109074190259,shared_2l_1pool
1574,4.407832864671946,0.43062190525233746,3.8689360953867435,shared_2l_1pool
1575,4.399613011628389,0.42474898509681225,3.870717016980052,shared_2l_1pool
1576,4.4111888855695724,0.42913900688290596,3.876216011121869,shared_2l_1pool
1577,4.352911841124296,0.4212569911032915,3.82728292606771,shared_2l_1pool
1578,4.330890951678157,0.4103349056094885,3.815813921391964,shared_2l_1pool
1579,4.379816818982363,0.4213359206914902,3.850806038826704,shared_2l_1pool
1580,4.410522989928722,0.42363698594272137,3.883054945617914,shared_2l_1pool
1581,4.38472512178123,0.4168690647929907,3.8662359584122896,shared_2l_1pool
1582,4.421585006639361,0.4269829951226711,3.89069109223783,shared_2l_1pool
1583,4.315414931625128,0.4113661125302315,3.7760830018669367,shared_2l_1pool
1584,4.368925932794809,0.4234299995005131,3.836390096694231,shared_2l_1pool
1585,4.364361055195332,0.421685166656971,3.8392518181353807,shared_2l_1pool
1586,4.374405136331916,0.41598896495997906,3.8574631325900555,shared_2l_1pool
1587,4.350669914856553,0.4188870079815388,3.8278759457170963,shared_2l_1pool
1588,4.367629997432232,0.41193095967173576,3.8534379564225674,shared_2l_1pool
1589,5.53698418661952,1.3901980128139257,4.021679982542992,shared_2l_1pool
1590,4.417960066348314,0.42393594048917294,3.888071049004793,shared_2l_1pool
1591,4.3477199506014585,0.4241969436407089,3.8217271212488413,shared_2l_1pool
1592,4.3475988786667585,0.42289006523787975,3.8195429369807243,shared_2l_1pool
1593,4.337118938565254,0.41583599522709846,3.8168630562722683,shared_2l_1pool
1594,4.33827587403357,0.4190180916339159,3.8163820281624794,shared_2l_1pool
1595,4.335778066888452,0.42072078213095665,3.8129661697894335,shared_2l_1pool
1596,4.3086998630315065,0.4074729513376951,3.799299942329526,shared_2l_1pool
1597,4.397268872708082,0.40511111728847027,3.889781888574362,shared_2l_1pool
1598,4.34221001341939,0.4162129480391741,3.821399062871933,shared_2l_1pool
1599,4.320231033489108,0.4134660121053457,3.802577964961529,shared_2l_1pool
1600,4.348487127572298,0.41902600787580013,3.8249839562922716,shared_2l_1pool
1601,4.4124380219727755,0.42234896682202816,3.8882570806890726,shared_2l_1pool
1602,4.398935008794069,0.4124061670154333,3.881552955135703,shared_2l_1pool
1603,4.40208800137043,0.4196010995656252,3.8770579267293215,shared_2l_1pool
1604,4.328867886215448,0.41508907452225685,3.8100569508969784,shared_2l_1pool
1605,5.521334009245038,1.4032400213181973,3.9946469478309155,shared_2l_1pool
1606,4.413021961227059,0.42317109182477,3.8821680936962366,shared_2l_1pool
1607,4.338993923738599,0.4192900378257036,3.8163228891789913,shared_2l_1pool
1608,4.324217094108462,0.4208770114928484,3.8002890069037676,shared_2l_1pool
1609,4.372242838144302,0.418919138610363,3.8480949588119984,shared_2l_1pool
1610,4.387113032862544,0.42477110400795937,3.8574058562517166,shared_2l_1pool
1611,4.384709056466818,0.4301911685615778,3.850960871204734,shared_2l_1pool
1612,4.456650000065565,0.4151868633925915,3.9368211291730404,shared_2l_1pool
1613,4.352531163021922,0.42452290654182434,3.8224910385906696,shared_2l_1pool
1614,4.3162270449101925,0.4181449767202139,3.7950631231069565,shared_2l_1pool
1615,4.333891905844212,0.41332910768687725,3.8179659750312567,shared_2l_1pool
1616,4.340403946116567,0.4173160996288061,3.8206218741834164,shared_2l_1pool
1617,4.3409590143710375,0.4142248071730137,3.8223210722208023,shared_2l_1pool
1618,4.428045125678182,0.4188970196992159,3.904541954398155,shared_2l_1pool
1619,4.336013924330473,0.42047607712447643,3.8118569646030664,shared_2l_1pool
1620,4.382087150588632,0.41586183942854404,3.8612810894846916,shared_2l_1pool
1621,5.561420926824212,1.410352997481823,4.032653057947755,shared_2l_1pool
1622,4.370411159470677,0.42146211490035057,3.842162899672985,shared_2l_1pool
1623,4.41806809976697,0.4298349376767874,3.8796630688011646,shared_2l_1pool
1624,4.393617855384946,0.4216078668832779,3.86709813028574,shared_2l_1pool
1625,4.351743962615728,0.41847885586321354,3.829414024949074,shared_2l_1pool
1626,4.344362067058682,0.4229848273098469,3.8170439656823874,shared_2l_1pool
1627,4.318641033023596,0.4142359830439091,3.8030529394745827,shared_2l_1pool
1628,4.403633996844292,0.41597685776650906,3.883145982399583,shared_2l_1pool
1629,4.364738008007407,0.42122602462768555,3.8425219245254993,shared_2l_1pool
1630,4.425350809469819,0.408749096095562,3.9125848561525345,shared_2l_1pool
1631,4.349057096987963,0.4207438323646784,3.8222731091082096,shared_2l_1pool
1632,4.336870973929763,0.4146290011703968,3.8188619073480368,shared_2l_1pool
1633,4.379082005470991,0.410440843552351,3.8631390780210495,shared_2l_1pool
1634,4.391170106828213,0.42981794103980064,3.8576379884034395,shared_2l_1pool
1635,4.38831583596766,0.4179850220680237,3.8696888368576765,shared_2l_1pool
1636,4.443684127181768,0.4171431064605713,3.9231269620358944,shared_2l_1pool
1637,5.470986943691969,1.3916830066591501,3.9531379006803036,shared_2l_1pool
1638,4.354656906798482,0.43541518971323967,3.8150008767843246,shared_2l_1pool
1639,4.3176698964089155,0.4252591170370579,3.78827890381217,shared_2l_1pool
1640,4.328025970607996,0.41532982140779495,3.808606183156371,shared_2l_1pool
1641,4.399670986458659,0.41903695091605186,3.8729580119252205,shared_2l_1pool
1642,4.432340152561665,0.42862119153141975,3.9005889557302,shared_2l_1pool
1643,4.332750802859664,0.4149600863456726,3.8137088995426893,shared_2l_1pool
1644,4.315834958106279,0.4220020491629839,3.7895950954407454,shared_2l_1pool
1645,4.29588695988059,0.4183931741863489,3.7705199792981148,shared_2l_1pool
1646,4.3577461037784815,0.4057700280100107,3.8505708798766136,shared_2l_1pool
1647,4.380522994324565,0.42271497659385204,3.8541778922080994,shared_2l_1pool
1648,4.354038974270225,0.421278877183795,3.82824894040823,shared_2l_1pool
1649,4.367362940683961,0.4207170568406582,3.8415100425481796,shared_2l_1pool
1650,4.373751115053892,0.4259990528225899,3.8420918863266706,shared_2l_1pool
1651,4.343255888670683,0.4111768212169409,3.829352091997862,shared_2l_1pool
1652,4.365765023976564,0.4191210027784109,3.8435300812125206,shared_2l_1pool
1653,5.511936964467168,1.4030151069164276,3.9913670625537634,shared_2l_1pool
1654,4.372969968244433,0.4287851043045521,3.836333053186536,shared_2l_1pool
1655,4.316745093092322,0.4255929961800575,3.7864858750253916,shared_2l_1pool
1656,4.344654968008399,0.41861599311232567,3.8212870713323355,shared_2l_1pool
1657,4.403372062370181,0.4208891186863184,3.87913198210299,shared_2l_1pool
1658,4.382655955851078,0.42591081000864506,3.8524181582033634,shared_2l_1pool
1659,4.37953881919384,0.416457187384367,3.8600550033152103,shared_2l_1pool
1660,4.39841509796679,0.4197000525891781,3.8725140038877726,shared_2l_1pool
1661,4.310999996960163,0.4127740394324064,3.7950610276311636,shared_2l_1pool
1662,4.396222066134214,0.4211999475955963,3.8684301543980837,shared_2l_1pool
1663,4.388835048303008,0.42939302511513233,3.856874071061611,shared_2l_1pool
1664,4.337831865996122,0.4154779016971588,3.8158479146659374,shared_2l_1pool
1665,4.305897047743201,0.41609792970120907,3.7889149971306324,shared_2l_1pool
1666,4.309525014832616,0.4176259972155094,3.7894321139901876,shared_2l_1pool
1667,4.352024057880044,0.4190378822386265,3.8305639754980803,shared_2l_1pool
1668,4.383742110803723,0.41736685670912266,3.8620091509073973,shared_2l_1pool
1669,5.554503062739968,1.409986987709999,4.025682108476758,shared_2l_1pool
1670,4.3877598363906145,0.42779906652867794,3.8543979171663523,shared_2l_1pool
1671,4.328148905187845,0.428374158218503,3.7958368193358183,shared_2l_1pool
1672,4.322407068684697,0.41944696567952633,3.798843128606677,shared_2l_1pool
1673,4.359970102086663,0.4160651005804539,3.8395170122385025,shared_2l_1pool
1674,4.413696937263012,0.43452600948512554,3.8752330001443624,shared_2l_1pool
1675,4.403810016810894,0.41883718222379684,3.8806640077382326,shared_2l_1pool
1676,4.409546032547951,0.4324901383370161,3.873120993375778,shared_2l_1pool
1677,4.429860971868038,0.41965302079916,3.9064260199666023,shared_2l_1pool
1678,4.361569881439209,0.4154657945036888,3.844641149044037,shared_2l_1pool
1679,4.411567002534866,0.42497296817600727,3.880585078150034,shared_2l_1pool
1680,4.35517611913383,0.4226888995617628,3.828075947239995,shared_2l_1pool
1681,4.32246015407145,0.4185140132904053,3.7956079468131065,shared_2l_1pool
1682,4.33082808740437,0.41160709224641323,3.8160199765115976,shared_2l_1pool
1683,4.300454165786505,0.41207694448530674,3.7857359275221825,shared_2l_1pool
1684,4.374051000922918,0.4240178968757391,3.847150132060051,shared_2l_1pool
1685,5.518686957657337,1.3937170151621103,4.00678813457489,shared_2l_1pool
1686,4.412011941894889,0.4367600195109844,3.8706178311258554,shared_2l_1pool
1687,4.4352521654218435,0.4251589998602867,3.9024529978632927,shared_2l_1pool
1688,4.421015037223697,0.4211899358779192,3.8947758730500937,shared_2l_1pool
1689,4.358303966000676,0.42019993998110294,3.8351609837263823,shared_2l_1pool
1690,4.385594045743346,0.4194749053567648,3.8633490912616253,shared_2l_1pool
1691,4.4008789118379354,0.4265930037945509,3.8638149853795767,shared_2l_1pool
1692,4.426260013133287,0.42202603071928024,3.899721894413233,shared_2l_1pool
1693,4.337094957008958,0.41977292858064175,3.8152309134602547,shared_2l_1pool
1694,4.401305923238397,0.4191119223833084,3.8810300175100565,shared_2l_1pool
1695,4.353248048573732,0.42148283682763577,3.82979610003531,shared_2l_1pool
1696,4.3567398097366095,0.41332701221108437,3.8405058439821005,shared_2l_1pool
1697,4.31880890391767,0.42294315062463284,3.792797913774848,shared_2l_1pool
1698,4.370501963421702,0.4190560430288315,3.8470199797302485,shared_2l_1pool
1699,4.3464768677949905,0.4275271203368902,3.8165668956935406,shared_2l_1pool
1700,4.380600992590189,0.42363209649920464,3.8523878902196884,shared_2l_1pool
1701,5.500447936356068,1.3860899489372969,3.995513077825308,shared_2l_1pool
1702,4.399233963340521,0.44036400504410267,3.852762980386615,shared_2l_1pool
1703,4.398424876853824,0.42651803232729435,3.8680648431181908,shared_2l_1pool
1704,4.412404028698802,0.42768102139234543,3.8812761195003986,shared_2l_1pool
1705,4.41741687245667,0.4278940614312887,3.8858919870108366,shared_2l_1pool
1706,4.382146988064051,0.4158271476626396,3.8630380295217037,shared_2l_1pool
1707,4.360128892585635,0.42302999645471573,3.8322589825838804,shared_2l_1pool
1708,4.408081062138081,0.42262300848960876,3.8830379489809275,shared_2l_1pool
1709,4.410822875797749,0.43278420343995094,3.8756299763917923,shared_2l_1pool
1710,4.418748896569014,0.4143721889704466,3.901478834450245,shared_2l_1pool
1711,4.416254814714193,0.4155940841883421,3.898280905559659,shared_2l_1pool
1712,4.42140712402761,0.41947909630835056,3.8964468985795975,shared_2l_1pool
1713,4.344221204519272,0.4161729011684656,3.8253350649029016,shared_2l_1pool
1714,4.326872061938047,0.4223249852657318,3.799139056354761,shared_2l_1pool
1715,4.332246026024222,0.4156979266554117,3.8124308921396732,shared_2l_1pool
1716,4.375718999654055,0.41255587711930275,3.8626370951533318,shared_2l_1pool
1717,5.509172100573778,1.4132910873740911,3.971360856667161,shared_2l_1pool
1718,4.431504989042878,0.43324800208210945,3.892485983669758,shared_2l_1pool
1719,4.34711598791182,0.43100398033857346,3.812891896814108,shared_2l_1pool
1720,4.366209963336587,0.42459205724298954,3.8350368849933147,shared_2l_1pool
1721,4.399140132591128,0.42140600271523,3.8735989946871996,shared_2l_1pool
1722,4.32634400203824,0.4272910300642252,3.793027950450778,shared_2l_1pool
1723,4.328537033870816,0.41723507456481457,3.809884889051318,shared_2l_1pool
1724,4.394104005768895,0.42154896073043346,3.868047147989273,shared_2l_1pool
1725,4.385956097394228,0.42439205572009087,3.8567979354411364,shared_2l_1pool
1726,4.389675101265311,0.4286270122975111,3.8570209871977568,shared_2l_1pool
1727,4.38929395750165,0.4291301593184471,3.8560328539460897,shared_2l_1pool
1728,4.387506982311606,0.41796406731009483,3.865811973810196,shared_2l_1pool
1729,4.36082505621016,0.41652913205325603,3.8434909656643867,shared_2l_1pool
1730,4.418359138071537,0.4241860006004572,3.8880088832229376,shared_2l_1pool
1731,4.370291018858552,0.42013986967504025,3.848531050607562,shared_2l_1pool
1732,4.3901249300688505,0.4235261585563421,3.8613369688391685,shared_2l_1pool
1733,5.561418831348419,1.4343790244311094,4.006281960755587,shared_2l_1pool
1734,4.40009799785912,0.4380829632282257,3.851944115012884,shared_2l_1pool
1735,4.397417884320021,0.4239280242472887,3.869111882522702,shared_2l_1pool
1736,4.401840968057513,0.4280249122530222,3.869202919304371,shared_2l_1pool
1737,4.43016504868865,0.4268649499863386,3.89900803565979,shared_2l_1pool
1738,4.432060057297349,0.42037293314933777,3.9075911045074463,shared_2l_1pool
1739,4.371020011603832,0.43041794560849667,3.836191026493907,shared_2l_1pool
1740,4.32777707464993,0.4167368169873953,3.8070641458034515,shared_2l_1pool
1741,4.315871046856046,0.42095594108104706,3.792369971051812,shared_2l_1pool
1742,4.3157699983567,0.42567611671984196,3.785880049690604,shared_2l_1pool
1743,4.360144957900047,0.4159398376941681,3.838856006041169,shared_2l_1pool
1744,4.410162102431059,0.42165303602814674,3.886314807459712,shared_2l_1pool
1745,4.4089071452617645,0.4268898628652096,3.8756891153752804,shared_2l_1pool
1746,4.417239921167493,0.4210870247334242,3.891061060130596,shared_2l_1pool
1747,4.40300814807415,0.42496295645833015,3.8744760677218437,shared_2l_1pool
1748,4.403976025059819,0.42197108268737793,3.875484922900796,shared_2l_1pool
1749,5.695853848010302,1.5773640479892492,3.9975859690457582,shared_2l_1pool
1750,4.413589136675,0.43898215517401695,3.8688378408551216,shared_2l_1pool
1751,4.42160596139729,0.4316428676247597,3.88609291985631,shared_2l_1pool
1752,4.404470091685653,0.4254670348018408,3.8751789834350348,shared_2l_1pool
1753,4.41683316603303,0.42747799307107925,3.886234015226364,shared_2l_1pool
1754,4.405473126098514,0.4386699292808771,3.8620091509073973,shared_2l_1pool
1755,4.444190068170428,0.41875289753079414,3.9216529112309217,shared_2l_1pool
1756,4.386723041534424,0.43218093924224377,3.8517380598932505,shared_2l_1pool
1757,4.41517005674541,0.4197570960968733,3.8931318558752537,shared_2l_1pool
1758,4.3413988314569,0.42595481500029564,3.8116020150482655,shared_2l_1pool
1759,4.351883195340633,0.43654488399624825,3.8114599883556366,shared_2l_1pool
1760,4.326406866312027,0.42041693814098835,3.802174935117364,shared_2l_1pool
1761,4.338719183579087,0.4223801661282778,3.81308002397418,shared_2l_1pool
1762,4.390253918245435,0.42411312460899353,3.861307865008712,shared_2l_1pool
1763,4.431603942066431,0.42384001426398754,3.9026930462569,shared_2l_1pool
1764,4.362765932455659,0.42203301563858986,3.8353579584509134,shared_2l_1pool
1765,5.562898004427552,1.4306539669632912,4.011442884802818,shared_2l_1pool
1766,4.437778145074844,0.4420410841703415,3.888993989676237,shared_2l_1pool
1767,4.454982001334429,0.43007079511880875,3.9221521001309156,shared_2l_1pool
1768,4.425314022228122,0.42909709736704826,3.8931029848754406,shared_2l_1pool
1769,4.416510928422213,0.4175719805061817,3.89579008333385,shared_2l_1pool
1770,4.399825120344758,0.4199671093374491,3.875176887959242,shared_2l_1pool
1771,4.336915910243988,0.4309089854359627,3.804990090429783,shared_2l_1pool
1772,4.39372006803751,0.4181060940027237,3.872358938679099,shared_2l_1pool
1773,4.4391651172190905,0.43019303120672703,3.903633914887905,shared_2l_1pool
1774,4.337782971560955,0.42297481559216976,3.8104800041764975,shared_2l_1pool
1775,4.354601027444005,0.41955593042075634,3.831268986687064,shared_2l_1pool
1776,4.354854812845588,0.42679300531744957,3.826647065579891,shared_2l_1pool
1777,4.4403288047760725,0.42224605567753315,3.913243068382144,shared_2l_1pool
1778,4.393568029627204,0.42625400237739086,3.863533027470112,shared_2l_1pool
1779,4.4897678308188915,0.417185015976429,3.9667258970439434,shared_2l_1pool
1780,4.3593780137598515,0.42454502545297146,3.8305141497403383,shared_2l_1pool
1781,5.551733076572418,1.4206310734152794,4.012753954157233,shared_2l_1pool
1782,4.382041050121188,0.43122703209519386,3.8453228771686554,shared_2l_1pool
1783,4.39280504360795,0.4321378655731678,3.8548619486391544,shared_2l_1pool
1784,4.426995990797877,0.43413485400378704,3.888437058776617,shared_2l_1pool
1785,4.447950981557369,0.430932966992259,3.9118051063269377,shared_2l_1pool
1786,4.430020926520228,0.4228868056088686,3.904645098373294,shared_2l_1pool
1787,4.459724994376302,0.43329200707376003,3.8936228957027197,shared_2l_1pool
1788,4.370417911559343,0.4302668385207653,3.8304440677165985,shared_2l_1pool
1789,4.377746023237705,0.42586494237184525,3.8480949588119984,shared_2l_1pool
1790,4.348699003458023,0.43302192352712154,3.8109540473669767,shared_2l_1pool
1791,4.367056069895625,0.42325304821133614,3.841022029519081,shared_2l_1pool
1792,4.359961953014135,0.4227920435369015,3.8317509461194277,shared_2l_1pool
1793,4.387897904962301,0.4281839355826378,3.8567939773201942,shared_2l_1pool
1794,4.337678197771311,0.420181080698967,3.8179580587893724,shared_2l_1pool
1795,4.3971489649266005,0.423012999817729,3.8707510102540255,shared_2l_1pool
1796,4.411135800182819,0.4200960975140333,3.8893320597708225,shared_2l_1pool
1797,5.543251056224108,1.4087927993386984,4.010978154838085,shared_2l_1pool
1798,4.405549028888345,0.4356079734861851,3.864580998197198,shared_2l_1pool
1799,4.451459040865302,0.43013785034418106,3.9168382063508034,shared_2l_1pool
1800,4.443411016836762,0.43361703865230083,3.907806007191539,shared_2l_1pool
1801,4.445831989869475,0.4259580746293068,3.9151159580796957,shared_2l_1pool
1802,4.3723611161112785,0.43529109098017216,3.8330540992319584,shared_2l_1pool
1803,4.440882010385394,0.43093995191156864,3.9066551253199577,shared_2l_1pool
1804,4.411841044202447,0.4323751199990511,3.8738290313631296,shared_2l_1pool
1805,4.403145983815193,0.4269529599696398,3.873612964525819,shared_2l_1pool
1806,4.457008093595505,0.42319297790527344,3.931923070922494,shared_2l_1pool
1807,4.367088200524449,0.42970897629857063,3.8340429309755564,shared_2l_1pool
1808,4.384158877655864,0.4187577869743109,3.862580982968211,shared_2l_1pool
1809,4.424887010827661,0.4359439481049776,3.8796879816800356,shared_2l_1pool
1810,4.443098092451692,0.42975880205631256,3.908605081960559,shared_2l_1pool
1811,4.365202970802784,0.4262099973857403,3.834808012470603,shared_2l_1pool
1812,4.355562850832939,0.4322049207985401,3.8189420010894537,shared_2l_1pool
1813,5.5740000680089,1.4129099436104298,4.043219145387411,shared_2l_1pool
1814,4.4358461163938046,0.44282409362494946,3.887247061356902,shared_2l_1pool
1815,4.393043927848339,0.42844819836318493,3.862188896164298,shared_2l_1pool
1816,4.3632949236780405,0.43351994827389717,3.8281099405139685,shared_2l_1pool
1817,4.417587071657181,0.43019396252930164,3.886057995259762,shared_2l_1pool
1818,4.45412308908999,0.4331981763243675,3.915647976100445,shared_2l_1pool
1819,4.37434995546937,0.4354610573500395,3.8356170989573,shared_2l_1pool
1820,4.3687401339411736,0.4260907880961895,3.8390231784433126,shared_2l_1pool
1821,4.410112043842673,0.43246103450655937,3.8760309107601643,shared_2l_1pool
1822,4.422842990607023,0.4266910254955292,3.8911039009690285,shared_2l_1pool
1823,4.3585889507085085,0.4415588919073343,3.813971998170018,shared_2l_1pool
1824,4.338630009442568,0.4318698775023222,3.8022480439394712,shared_2l_1pool
1825,4.336111946031451,0.42179785668849945,3.8117861840873957,shared_2l_1pool
1826,4.3414069805294275,0.4340719897300005,3.7982789799571037,shared_2l_1pool
1827,4.3417238630354404,0.4293958190828562,3.808703040704131,shared_2l_1pool
1828,4.428180167451501,0.42742397636175156,3.8970131427049637,shared_2l_1pool
1829,5.534510128200054,1.4076619409024715,4.007606068626046,shared_2l_1pool
1830,4.437227034941316,0.43746689334511757,3.8956119678914547,shared_2l_1pool
1831,4.476092988625169,0.43717212975025177,3.9347868878394365,shared_2l_1pool
1832,4.411110188812017,0.4264188464730978,3.8823189679533243,shared_2l_1pool
1833,4.354072967544198,0.43436489067971706,3.816870041191578,shared_2l_1pool
1834,4.354278091341257,0.42739114724099636,3.8237208500504494,shared_2l_1pool
1835,4.401548067107797,0.42869686149060726,3.865411039441824,shared_2l_1pool
1836,4.388299072161317,0.43896003626286983,3.8460539653897285,shared_2l_1pool
1837,4.3880639132112265,0.4231799393892288,3.861461067572236,shared_2l_1pool
1838,4.452567780390382,0.42487005703151226,3.923102980479598,shared_2l_1pool
1839,4.392264876514673,0.43166009709239006,3.8568300660699606,shared_2l_1pool
1840,4.415463889017701,0.42448006570339203,3.887420054525137,shared_2l_1pool
1841,4.414705093950033,0.4337590653449297,3.875706112012267,shared_2l_1pool
1842,4.429494962096214,0.42516598477959633,3.900964977219701,shared_2l_1pool
1843,4.364051856100559,0.4394080024212599,3.8220868445932865,shared_2l_1pool
1844,4.377309000119567,0.4282509908080101,3.8429968990385532,shared_2l_1pool
1845,5.545541178435087,1.4124298468232155,4.015390994027257,shared_2l_1pool
1846,4.444237099960446,0.4465430974960327,3.888071049004793,shared_2l_1pool
1847,4.396195989102125,0.4309930372983217,3.862020093947649,shared_2l_1pool
1848,4.412712063640356,0.43982500210404396,3.8702201563864946,shared_2l_1pool
1849,4.420231794938445,0.43273507617414,3.8856419268995523,shared_2l_1pool
1850,4.460048861801624,0.43918704614043236,3.9145429618656635,shared_2l_1pool
1851,4.367527086287737,0.4272349178791046,3.8358771707862616,shared_2l_1pool
1852,4.373572068288922,0.4333148244768381,3.8349770475178957,shared_2l_1pool
1853,4.439887125045061,0.43574394658207893,3.8995679933577776,shared_2l_1pool
1854,4.343018867075443,0.4315020050853491,3.8071400485932827,shared_2l_1pool
1855,4.370691021904349,0.4288270138204098,3.8334468845278025,shared_2l_1pool
1856,4.354279953986406,0.4242989234626293,3.8269490469247103,shared_2l_1pool
1857,4.460738971829414,0.4321520682424307,3.92616493627429,shared_2l_1pool
1858,4.46821004152298,0.44440501369535923,3.917132969945669,shared_2l_1pool
1859,4.377203993499279,0.4272849764674902,3.8464071694761515,shared_2l_1pool
1860,4.386387998238206,0.43451087549328804,3.8482060190290213,shared_2l_1pool
1861,5.584906088188291,1.4679699670523405,3.9979920256882906,shared_2l_1pool
1862,4.421015968546271,0.4509398713707924,3.8658061530441046,shared_2l_1pool
1863,4.475338850170374,0.4389218520373106,3.9295200258493423,shared_2l_1pool
1864,4.4326698407530785,0.43169897980988026,3.8908759597688913,shared_2l_1pool
1865,4.376060096547008,0.4284630995243788,3.8431850261986256,shared_2l_1pool
1866,4.360561026260257,0.4290700890123844,3.8257099222391844,shared_2l_1pool
1867,4.374247044324875,0.43891393579542637,3.8293348625302315,shared_2l_1pool
1868,4.441685043275356,0.43335091322660446,3.903676988556981,shared_2l_1pool
1869,4.353889962658286,0.437192153185606,3.809130983427167,shared_2l_1pool
1870,4.332300974056125,0.4355090204626322,3.794271033257246,shared_2l_1pool
1871,4.426402971148491,0.4319429863244295,3.892228938639164,shared_2l_1pool
1872,4.449315136298537,0.43916585855185986,3.9066150784492493,shared_2l_1pool
1873,4.465424921363592,0.438787043094635,3.920983988791704,shared_2l_1pool
1874,4.359944956377149,0.44187111780047417,3.8136618677526712,shared_2l_1pool
1875,4.404516890645027,0.4270300269126892,3.872023895382881,shared_2l_1pool
1876,4.401247948408127,0.43410295620560646,3.8619190454483032,shared_2l_1pool
1877,5.5934779811650515,1.4666358474642038,4.0091772098094225,shared_2l_1pool
1878,4.412371898069978,0.4403118509799242,3.8662219885736704,shared_2l_1pool
1879,4.436288960278034,0.43521495535969734,3.8971249014139175,shared_2l_1pool
1880,4.351399838924408,0.4349329974502325,3.8130611646920443,shared_2l_1pool
1881,4.3737690430134535,0.43527805246412754,3.8342149928212166,shared_2l_1pool
1882,4.351148847490549,0.427731079980731,3.819104051217437,shared_2l_1pool
1883,4.351574927568436,0.42930501513183117,3.8204879965633154,shared_2l_1pool
1884,4.378713201731443,0.4374070558696985,3.828386077657342,shared_2l_1pool
1885,4.4380659237504005,0.44691585935652256,3.8870470598340034,shared_2l_1pool
1886,4.382386105135083,0.43940008617937565,3.839334938675165,shared_2l_1pool
1887,4.420482087880373,0.4353949334472418,3.882691962644458,shared_2l_1pool
1888,4.39196708612144,0.4223538562655449,3.867164021357894,shared_2l_1pool
1889,4.409097135066986,0.4316810518503189,3.875328926369548,shared_2l_1pool
1890,4.345283843576908,0.42266002856194973,3.8190579507499933,shared_2l_1pool
1891,4.359867190942168,0.433935085311532,3.8172518834471703,shared_2l_1pool
1892,4.371977876871824,0.44288812205195427,3.823797916993499,shared_2l_1pool
1893,5.586405983194709,1.447909977287054,4.0177160408347845,shared_2l_1pool
1894,4.427349893376231,0.4383509512990713,3.880357136949897,shared_2l_1pool
1895,4.447108134627342,0.4326521884649992,3.9108109194785357,shared_2l_1pool
1896,4.376929020509124,0.4334759432822466,3.83957801386714,shared_2l_1pool
1897,4.344874061644077,0.4251899663358927,3.8158230017870665,shared_2l_1pool
1898,4.373179050162435,0.43523218482732773,3.8337279111146927,shared_2l_1pool
1899,4.3663689866662025,0.42891595512628555,3.825112944468856,shared_2l_1pool
1900,4.337215097621083,0.43064006604254246,3.802957944571972,shared_2l_1pool
1901,4.373962990939617,0.4310840740799904,3.834230126813054,shared_2l_1pool
1902,4.349404014647007,0.4304880276322365,3.81613802164793,shared_2l_1pool
1903,4.401182988658547,0.42475899681448936,3.873733105137944,shared_2l_1pool
1904,4.452092805877328,0.43881614692509174,3.9101638831198215,shared_2l_1pool
1905,4.359823884442449,0.4301618319004774,3.8279651198536158,shared_2l_1pool
1906,4.3521488551050425,0.43486617505550385,3.807889996096492,shared_2l_1pool
1907,4.380463156849146,0.43126591481268406,3.8432679139077663,shared_2l_1pool
1908,4.449854837730527,0.4334310069680214,3.9118791464716196,shared_2l_1pool
1909,5.613284884020686,1.482382882386446,4.009996075183153,shared_2l_1pool
1910,4.370663082227111,0.43794908560812473,3.8279229775071144,shared_2l_1pool
1911,4.423242993652821,0.4408610984683037,3.879210911691189,shared_2l_1pool
1912,4.395599011331797,0.43180491775274277,3.8596640806645155,shared_2l_1pool
1913,4.364749183878303,0.43176603503525257,3.8267909549176693,shared_2l_1pool
1914,4.371839109808207,0.4275438841432333,3.8379670586436987,shared_2l_1pool
1915,4.3701049871742725,0.43318187817931175,3.833258058875799,shared_2l_1pool
1916,4.416268086060882,0.43527199886739254,3.8769501261413097,shared_2l_1pool
1917,4.370534792542458,0.4320370499044657,3.8366958033293486,shared_2l_1pool
1918,4.332140786573291,0.4345008637756109,3.79338301718235,shared_2l_1pool
1919,4.32230718433857,0.43473299592733383,3.7861440796405077,shared_2l_1pool
1920,4.325264133512974,0.4253529477864504,3.7961448542773724,shared_2l_1pool
1921,4.343810025602579,0.4315371625125408,3.8087598513811827,shared_2l_1pool
1922,4.330585012212396,0.43726107105612755,3.7894321139901876,shared_2l_1pool
1923,4.3401450384408236,0.43623498640954494,3.8005919195711613,shared_2l_1pool
1924,4.300541942939162,0.4277830012142658,3.7710589822381735,shared_2l_1pool
1925,5.628359969705343,1.4853591565042734,4.024030873551965,shared_2l_1pool
1926,4.380192141979933,0.4524050746113062,3.823404898867011,shared_2l_1pool
1927,4.376270808279514,0.4391099791973829,3.8261921145021915,shared_2l_1pool
1928,4.374379990622401,0.43723988346755505,3.83302615955472,shared_2l_1pool
1929,4.43100999109447,0.4450718406587839,3.878629067912698,shared_2l_1pool
1930,4.430355038493872,0.43269782327115536,3.8944240659475327,shared_2l_1pool
1931,4.425342893227935,0.4392270930111408,3.8794009014964104,shared_2l_1pool
1932,4.360648104920983,0.43816305696964264,3.8208849728107452,shared_2l_1pool
1933,4.395109135657549,0.4299120046198368,3.860828001052141,shared_2l_1pool
1934,4.4137469958513975,0.4356240388005972,3.872514935210347,shared_2l_1pool
1935,4.354411968961358,0.43905084021389484,3.8124830462038517,shared_2l_1pool
1936,4.356182878836989,0.4385230131447315,3.8153768982738256,shared_2l_1pool
1937,4.3611167930066586,0.44447602704167366,3.8128839805722237,shared_2l_1pool
1938,4.339596023783088,0.4298649728298187,3.806498134508729,shared_2l_1pool
1939,4.342245869338512,0.4480548668652773,3.7875231355428696,shared_2l_1pool
1940,4.3411769438534975,0.4323499742895365,3.8042489904910326,shared_2l_1pool
1941,5.611626897007227,1.4950328040868044,3.9959941059350967,shared_2l_1pool
1942,4.414180992171168,0.44873892329633236,3.860310884192586,shared_2l_1pool
1943,4.396199015900493,0.43874303810298443,3.8538191001862288,shared_2l_1pool
1944,4.445875994861126,0.4502169322222471,3.890994004905224,shared_2l_1pool
1945,4.3666919227689505,0.4355181008577347,3.826900850981474,shared_2l_1pool
1946,4.383943043649197,0.44129788875579834,3.838373115286231,shared_2l_1pool
1947,4.411542089655995,0.4376999568194151,3.870369866490364,shared_2l_1pool
1948,4.431256093084812,0.4333441611379385,3.8937199860811234,shared_2l_1pool
1949,4.442812874913216,0.44009299017488956,3.899421077221632,shared_2l_1pool
1950,4.422107944265008,0.43312693014740944,3.884929930791259,shared_2l_1pool
1951,4.361225059255958,0.4423949867486954,3.8172430358827114,shared_2l_1pool
1952,4.339497070759535,0.42619695886969566,3.8088709115982056,shared_2l_1pool
1953,4.326223861426115,0.4251929931342602,3.798502031713724,shared_2l_1pool
1954,4.3668909929692745,0.4409628454595804,3.8220600690692663,shared_2l_1pool
1955,4.356184042990208,0.4380638711154461,3.815215080976486,shared_2l_1pool
1956,4.337041871622205,0.44045294634997845,3.794028889387846,shared_2l_1pool
1957,5.581720964983106,1.4772678259760141,3.9844310376793146,shared_2l_1pool
1958,4.389666952192783,0.4437020979821682,3.840827848762274,shared_2l_1pool
1959,4.376232158392668,0.447284197434783,3.823603969067335,shared_2l_1pool
1960,4.310533870011568,0.43581007048487663,3.7721230182796717,shared_2l_1pool
1961,4.322282038629055,0.4359781742095947,3.7807419430464506,shared_2l_1pool
1962,4.3804149609059095,0.4430490080267191,3.8305260241031647,shared_2l_1pool
1963,4.3914709240198135,0.43844408355653286,3.847197862342,shared_2l_1pool
1964,4.439690848812461,0.44355285353958607,3.8890622090548277,shared_2l_1pool
1965,4.421432968229055,0.43047103099524975,3.886349033564329,shared_2l_1pool
1966,4.437664989382029,0.4322000313550234,3.8941940292716026,shared_2l_1pool
1967,4.3467271607369184,0.4338179714977741,3.8086450658738613,shared_2l_1pool
1968,4.327285103499889,0.429223058745265,3.794116899371147,shared_2l_1pool
1969,4.420471843332052,0.43729087337851524,3.8769422098994255,shared_2l_1pool
1970,4.354411968961358,0.4392710980027914,3.8121319375932217,shared_2l_1pool
1971,4.354688106104732,0.44361408799886703,3.808253910392523,shared_2l_1pool
1972,4.3260392267256975,0.43622590601444244,3.78628121688962,shared_2l_1pool
1973,5.548983113840222,1.4501558616757393,3.981068031862378,shared_2l_1pool
1974,4.408563021570444,0.4502600058913231,3.8528209552168846,shared_2l_1pool
1975,4.365033004432917,0.43889996595680714,3.823203966021538,shared_2l_1pool
1976,4.42237313836813,0.43631717562675476,3.8843979127705097,shared_2l_1pool
1977,4.479036899283528,0.4430050030350685,3.9319710340350866,shared_2l_1pool
1978,4.382694140076637,0.43479097075760365,3.8429719861596823,shared_2l_1pool
1979,4.337324993684888,0.43942593038082123,3.7943911738693714,shared_2l_1pool
1980,4.36250283382833,0.4306540358811617,3.8274589460343122,shared_2l_1pool
1981,4.431830020621419,0.4326081834733486,3.8956189528107643,shared_2l_1pool
1982,4.389003152027726,0.4461701028048992,3.838303964585066,shared_2l_1pool
1983,4.4017580803483725,0.4387139342725277,3.859203075990081,shared_2l_1pool
1984,4.409214947372675,0.4464678931981325,3.858645912259817,shared_2l_1pool
1985,4.418307915329933,0.43320399709045887,3.880132921040058,shared_2l_1pool
1986,4.379667807370424,0.44473493471741676,3.824062179774046,shared_2l_1pool
1987,4.302082117646933,0.433972105383873,3.766273846849799,shared_2l_1pool
1988,4.336796002462506,0.43463706970214844,3.7995888851583004,shared_2l_1pool
1989,7.401864044368267,3.2401809003204107,4.036724101752043,shared_2l_1pool
1990,4.485443001613021,0.4493298474699259,3.9313279557973146,shared_2l_1pool
1991,4.47350786998868,0.45048282481729984,3.9074739906936884,shared_2l_1pool
1992,4.463195102289319,0.4409588873386383,3.916541114449501,shared_2l_1pool
1993,4.393249982967973,0.44929212890565395,3.8402779027819633,shared_2l_1pool
1994,4.355104174464941,0.4401220940053463,3.8110839668661356,shared_2l_1pool
1995,4.4554302003234625,0.43345498852431774,3.9180770982056856,shared_2l_1pool
1996,4.4410929549485445,0.44670887291431427,3.8901129737496376,shared_2l_1pool
1997,4.494871012866497,0.4382601473480463,3.949774894863367,shared_2l_1pool
1998,4.455248825252056,0.44520595110952854,3.9076930843293667,shared_2l_1pool
1999,4.372587194666266,0.4351390525698662,3.8337858859449625,shared_2l_1pool
2000,4.4405299704521894,0.44158007949590683,3.896065056324005,shared_2l_1pool
2001,4.381790058687329,0.43944292701780796,3.8375891745090485,shared_2l_1pool
2002,4.3682490941137075,0.4338438156992197,3.830270143225789,shared_2l_1pool
2003,4.369592992588878,0.44680596329271793,3.8202940486371517,shared_2l_1pool
2004,4.368621157482266,0.4343430045992136,3.831326961517334,shared_2l_1pool
2005,5.617914022877812,1.4732012059539557,4.027980845421553,shared_2l_1pool
2006,4.418757976964116,0.4422019701451063,3.8714748807251453,shared_2l_1pool
2007,4.400620935484767,0.45899488031864166,3.8358839228749275,shared_2l_1pool
2008,4.462092882022262,0.4573310725390911,3.9008099120110273,shared_2l_1pool
2009,4.434540867805481,0.43655792251229286,3.8957649376243353,shared_2l_1pool
2010,4.3714281637221575,0.4440720658749342,3.8239038549363613,shared_2l_1pool
2011,4.3468421790748835,0.43531693518161774,3.811375005170703,shared_2l_1pool
2012,4.406969994306564,0.44305482879281044,3.8575201760977507,shared_2l_1pool
2013,4.422120051458478,0.4398359451442957,3.878745948895812,shared_2l_1pool
2014,4.445119993761182,0.4357860889285803,3.9039808325469494,shared_2l_1pool
2015,4.456056980416179,0.4500949289649725,3.8761808536946774,shared_2l_1pool
2016,4.472006112337112,0.4488290287554264,3.914067056030035,shared_2l_1pool
2017,4.466410959139466,0.45557087287306786,3.906843950971961,shared_2l_1pool
2018,4.456544993445277,0.43616420589387417,3.91597393900156,shared_2l_1pool
2019,4.394310060888529,0.4472860600799322,3.845606930553913,shared_2l_1pool
2020,4.359045997262001,0.4381369799375534,3.817901946604252,shared_2l_1pool
2021,5.575558170676231,1.474919030442834,3.982772119343281,shared_2l_1pool
2022,4.417602904140949,0.45163300819694996,3.8586570881307125,shared_2l_1pool
2023,4.392480012029409,0.4430939443409443,3.843058133497834,shared_2l_1pool
2024,4.394332179799676,0.45468914322555065,3.8360068574547768,shared_2l_1pool
2025,4.39200596883893,0.4405020736157894,3.8478749338537455,shared_2l_1pool
2026,4.420395940542221,0.45141391456127167,3.863767022266984,shared_2l_1pool
2027,4.379163030534983,0.4347721114754677,3.841275116428733,shared_2l_1pool
2028,4.409826127812266,0.4342820029705763,3.8716059643775225,shared_2l_1pool
2029,4.407522035762668,0.44106505811214447,3.8635539822280407,shared_2l_1pool
2030,4.4152510818094015,0.43138000182807446,3.880178090184927,shared_2l_1pool
2031,4.432725952938199,0.4428359679877758,3.887440077960491,shared_2l_1pool
2032,4.440030083060265,0.44328183867037296,3.893885063007474,shared_2l_1pool
2033,4.442216129973531,0.44385180808603764,3.8956801872700453,shared_2l_1pool
2034,4.373754840344191,0.4370680544525385,3.834288101643324,shared_2l_1pool
2035,4.361629951745272,0.43480098247528076,3.822085913270712,shared_2l_1pool
2036,4.354340955615044,0.4387190565466881,3.8117999210953712,shared_2l_1pool
2037,5.555502139031887,1.4231379609555006,4.009383963420987,shared_2l_1pool
2038,4.420650191605091,0.45530800707638264,3.859568852931261,shared_2l_1pool
2039,4.477533046156168,0.43970695696771145,3.933926112949848,shared_2l_1pool
2040,4.402225837111473,0.44943206012248993,3.847908927127719,shared_2l_1pool
2041,4.391381982713938,0.4388799425214529,3.849022090435028,shared_2l_1pool
2042,4.391241120174527,0.4357581492513418,3.8504728581756353,shared_2l_1pool
2043,4.421737976372242,0.44607301242649555,3.871588036417961,shared_2l_1pool
2044,4.441796103492379,0.43774815276265144,3.899850882589817,shared_2l_1pool
2045,4.412912996485829,0.44622202403843403,3.8639181293547153,shared_2l_1pool
2046,4.443348851054907,0.4351628012955189,3.9025701116770506,shared_2l_1pool
2047,4.373212112113833,0.4461570642888546,3.8241050206124783,shared_2l_1pool
2048,4.3720591347664595,0.43629808351397514,3.831579815596342,shared_2l_1pool
2049,4.424325888976455,0.44323899783194065,3.877619979903102,shared_2l_1pool
2050,4.475084133446217,0.44516404159367085,3.9264229126274586,shared_2l_1pool
2051,4.376542987301946,0.43506198562681675,3.840167075395584,shared_2l_1pool
2052,4.38487296923995,0.44331117533147335,3.8369849789887667,shared_2l_1pool
2053,5.572032881900668,1.4413760509341955,4.013001918792725,shared_2l_1pool
2054,4.4132310431450605,0.4549340810626745,3.8522500544786453,shared_2l_1pool
2055,4.432521061971784,0.44760084711015224,3.88038600794971,shared_2l_1pool
2056,4.425568040460348,0.44761900790035725,3.8739549927413464,shared_2l_1pool
2057,4.454018082469702,0.44980808161199093,3.89912910759449,shared_2l_1pool
2058,4.464202094823122,0.4360808525234461,3.925567027181387,shared_2l_1pool
2059,4.470483865588903,0.44724810868501663,3.918892005458474,shared_2l_1pool
2060,4.3800699058920145,0.44349697418510914,3.8342089392244816,shared_2l_1pool
2061,4.37171314842999,0.44254004023969173,3.825694089755416,shared_2l_1pool
2062,4.358422942459583,0.4330449737608433,3.8226949982345104,shared_2l_1pool
2063,4.429020918905735,0.4400569014251232,3.884530160576105,shared_2l_1pool
2064,4.4525431003421545,0.45590102672576904,3.892680862918496,shared_2l_1pool
2065,4.462002078071237,0.4438438918441534,3.9134931284934282,shared_2l_1pool
2066,4.436861025169492,0.4469822160899639,3.8857399486005306,shared_2l_1pool
2067,4.44107293151319,0.4428550601005554,3.8946159183979034,shared_2l_1pool
2068,4.398517077788711,0.44707092456519604,3.8477100897580385,shared_2l_1pool
2069,5.558511940762401,1.4183600433170795,4.021995002403855,shared_2l_1pool
2070,4.459453048184514,0.4623369313776493,3.891125088557601,shared_2l_1pool
2071,4.452659981325269,0.4413309507071972,3.907439997419715,shared_2l_1pool
2072,4.409061977639794,0.4488821141421795,3.8495438639074564,shared_2l_1pool
2073,4.396755946800113,0.4347860813140869,3.8617649115622044,shared_2l_1pool
2074,4.364987136796117,0.43254392221570015,3.8283541798591614,shared_2l_1pool
2075,4.421786172315478,0.44510397128760815,3.8666429463773966,shared_2l_1pool
2076,4.479935858398676,0.44552795588970184,3.924940014258027,shared_2l_1pool
2077,4.458281910046935,0.44917804189026356,3.9041161071509123,shared_2l_1pool
2078,4.400270059704781,0.43948693200945854,3.8572340272367,shared_2l_1pool
2079,4.366838838905096,0.45014312490820885,3.806405933573842,shared_2l_1pool
2080,4.443279001861811,0.44307601638138294,3.893093904480338,shared_2l_1pool
2081,4.410982131958008,0.441273907199502,3.866044105961919,shared_2l_1pool
2082,4.428145010024309,0.45137316919863224,3.87034984305501,shared_2l_1pool
2083,4.4646840542554855,0.4453449510037899,3.9156959392130375,shared_2l_1pool
2084,4.3541621416807175,0.45116408728063107,3.801035927608609,shared_2l_1pool
2085,5.503038875758648,1.4319620095193386,3.9531788788735867,shared_2l_1pool
2086,4.456377122551203,0.4562418907880783,3.8948131259530783,shared_2l_1pool
2087,4.4502869714051485,0.43833302333950996,3.908551065251231,shared_2l_1pool
2088,4.406837979331613,0.44959806837141514,3.856620052829385,shared_2l_1pool
2089,4.478756804019213,0.44665089808404446,3.9222040213644505,shared_2l_1pool
2090,4.343467997387052,0.44116098433732986,3.7977430038154125,shared_2l_1pool
2091,4.394850926473737,0.4481810610741377,3.8433608133345842,shared_2l_1pool
2092,4.3481450993567705,0.43864897452294827,3.8067481946200132,shared_2l_1pool
2093,4.371426068246365,0.4507792182266712,3.8174258079379797,shared_2l_1pool
2094,4.349714843556285,0.4481291398406029,3.798041958361864,shared_2l_1pool
2095,4.353391006588936,0.43116905726492405,3.818830940872431,shared_2l_1pool
2096,4.3947219382971525,0.4425679799169302,3.8521471433341503,shared_2l_1pool
2097,4.3604448437690735,0.43709296733140945,3.820819081738591,shared_2l_1pool
2098,4.331918200477958,0.4453631117939949,3.7834919057786465,shared_2l_1pool
2099,4.358217818662524,0.4508490674197674,3.805267857387662,shared_2l_1pool
2100,4.332543117925525,0.4358699079602957,3.7925720680505037,shared_2l_1pool
2101,5.550228990614414,1.4243468176573515,4.00769617408514,shared_2l_1pool
2102,4.473311128094792,0.44730608351528645,3.9198969025164843,shared_2l_1pool
2103,4.427238134667277,0.44370396062731743,3.880459116771817,shared_2l_1pool
2104,4.465696169063449,0.44392701238393784,3.9182768668979406,shared_2l_1pool
2105,4.451593151316047,0.44221896678209305,3.906617872416973,shared_2l_1pool
2106,4.468114115297794,0.4484031815081835,3.913384862244129,shared_2l_1pool
2107,4.365580854937434,0.44516497291624546,3.8174730725586414,shared_2l_1pool
2108,4.38285106793046,0.4548120778053999,3.8248628843575716,shared_2l_1pool
2109,4.337261896580458,0.4476010799407959,3.786053042858839,shared_2l_1pool
2110,4.4629869516938925,0.45052613131701946,3.9087238255888224,shared_2l_1pool
2111,4.434916190803051,0.4490390419960022,3.8831299170851707,shared_2l_1pool
2112,4.396160831674933,0.44303317554295063,3.8480868097394705,shared_2l_1pool
2113,4.438328091055155,0.4911799915134907,3.8420138880610466,shared_2l_1pool
2114,4.387045977637172,0.4466359969228506,3.8362229242920876,shared_2l_1pool
2115,4.33104089461267,0.44456589967012405,3.785582957789302,shared_2l_1pool
2116,4.441478988155723,0.4438150208443403,3.896704874932766,shared_2l_1pool
2117,5.518388003110886,1.4114719815552235,3.9883730933070183,shared_2l_1pool
2118,4.466584883630276,0.4593450576066971,3.9014469366520643,shared_2l_1pool
2119,4.4732538517564535,0.4469670820981264,3.9214289281517267,shared_2l_1pool
2120,4.448458086699247,0.4512609448283911,3.8930880837142467,shared_2l_1pool
2121,4.387160995975137,0.4382207989692688,3.8446730468422174,shared_2l_1pool
2122,4.38192393630743,0.4491489380598068,3.826606087386608,shared_2l_1pool
2123,4.321651998907328,0.4451819695532322,3.7731369957327843,shared_2l_1pool
2124,4.37650503590703,0.4404401406645775,3.83323198184371,shared_2l_1pool
2125,4.350124858319759,0.45769079588353634,3.788262140005827,shared_2l_1pool
2126,4.425901919603348,0.445385929197073,3.8774311542510986,shared_2l_1pool
2127,4.419948905706406,0.45905099250376225,3.858088981360197,shared_2l_1pool
2128,4.437384195625782,0.4480690695345402,3.8847699761390686,shared_2l_1pool
2129,4.437391879037023,0.4453298170119524,3.888059174641967,shared_2l_1pool
2130,4.4102780520915985,0.4520018119364977,3.8556871004402637,shared_2l_1pool
2131,4.433464957401156,0.45014102943241596,3.8795070722699165,shared_2l_1pool
2132,4.406699910759926,0.44393911957740784,3.860123921185732,shared_2l_1pool
2133,5.551780108362436,1.4229370281100273,4.011904122307897,shared_2l_1pool
2134,4.452775930985808,0.45964191667735577,3.885332029312849,shared_2l_1pool
2135,4.4054759200662374,0.44456287287175655,3.858937183395028,shared_2l_1pool
2136,4.404156003147364,0.4461449570953846,3.851332003250718,shared_2l_1pool
2137,4.410955822095275,0.44852797873318195,3.860339056700468,shared_2l_1pool
2138,4.423948936164379,0.4481840878725052,3.870996879413724,shared_2l_1pool
2139,4.43360791541636,0.4534169565886259,3.874498885124922,shared_2l_1pool
2140,4.432949936017394,0.44633797369897366,3.8843960501253605,shared_2l_1pool
2141,4.425165010616183,0.4523079842329025,3.8708089850842953,shared_2l_1pool
2142,4.441310185939074,0.43854606337845325,3.8968909066170454,shared_2l_1pool
2143,4.384807078167796,0.44798804447054863,3.8282210007309914,shared_2l_1pool
2144,4.380492027848959,0.448612030595541,3.8282470777630806,shared_2l_1pool
2145,4.460830008611083,0.4506749100983143,3.907711012288928,shared_2l_1pool
2146,4.45584999397397,0.45595900155603886,3.896679962053895,shared_2l_1pool
2147,4.423459060490131,0.44590700417757034,3.8758309092372656,shared_2l_1pool
2148,4.376182099804282,0.45072310604155064,3.820821875706315,shared_2l_1pool
2149,5.540285957977176,1.4251561369746923,3.996404819190502,shared_2l_1pool
2150,4.437696188688278,0.45728893019258976,3.8740020245313644,shared_2l_1pool
2151,4.447341896593571,0.46652695164084435,3.876676084473729,shared_2l_1pool
2152,4.387812921777368,0.4546439740806818,3.827515058219433,shared_2l_1pool
2153,4.386689979583025,0.44650910422205925,3.8354198914021254,shared_2l_1pool
2154,4.359318874776363,0.44226297177374363,3.8128700107336044,shared_2l_1pool
2155,4.378071986138821,0.4521491937339306,3.8205429445952177,shared_2l_1pool
2156,4.383856896311045,0.44873892329633236,3.83204803802073,shared_2l_1pool
2157,4.383743042126298,0.4444438964128494,3.8372171111404896,shared_2l_1pool
2158,4.4257130939513445,0.4546919371932745,3.865113016217947,shared_2l_1pool
2159,4.4041580986231565,0.4415020812302828,3.85904498398304,shared_2l_1pool
2160,4.3587530963122845,0.4481109790503979,3.8078350480645895,shared_2l_1pool
2161,4.362765932455659,0.4442748613655567,3.81597806699574,shared_2l_1pool
2162,4.3318490497767925,0.44044991955161095,3.788141068071127,shared_2l_1pool
2163,4.435498965904117,0.44735195115208626,3.8838761392980814,shared_2l_1pool
2164,4.342293133959174,0.4403779748827219,3.799129044637084,shared_2l_1pool
2165,5.58129302226007,1.4423341490328312,4.020746797323227,shared_2l_1pool
2166,4.385714186355472,0.46044401824474335,3.8228798657655716,shared_2l_1pool
2167,4.385957960039377,0.45665912330150604,3.822688013315201,shared_2l_1pool
2168,4.370144801214337,0.4475358873605728,3.8176991511136293,shared_2l_1pool
2169,4.418246913701296,0.43981289491057396,3.872585017234087,shared_2l_1pool
2170,4.433871945366263,0.4557119682431221,3.8756669964641333,shared_2l_1pool
2171,4.475306952372193,0.45231194235384464,3.9191260002553463,shared_2l_1pool
2172,4.363691201433539,0.4512330051511526,3.808725858107209,shared_2l_1pool
2173,4.359201993793249,0.4406420048326254,3.8176088128238916,shared_2l_1pool
2174,4.367066081613302,0.45012100599706173,3.81228094920516,shared_2l_1pool
2175,4.362890031188726,0.4441658966243267,3.8171380292624235,shared_2l_1pool
2176,4.326086957007647,0.4399050958454609,3.784456057474017,shared_2l_1pool
2177,4.357172874733806,0.4345020279288292,3.8194830995053053,shared_2l_1pool
2178,4.36559203080833,0.44923508539795876,3.813565941527486,shared_2l_1pool
2179,4.3568850960582495,0.44061196967959404,3.815061179921031,shared_2l_1pool
2180,4.343509906902909,0.44902111403644085,3.790937829762697,shared_2l_1pool
2181,5.580982891842723,1.431920100003481,4.0241628885269165,shared_2l_1pool
2182,4.4673169031739235,0.4605511203408241,3.902922850102186,shared_2l_1pool
2183,4.439851967617869,0.4470071289688349,3.8864929229021072,shared_2l_1pool
2184,4.38596704043448,0.4478099290281534,3.8335411809384823,shared_2l_1pool
2185,4.393917042762041,0.45601604506373405,3.833763999864459,shared_2l_1pool
2186,4.463694058358669,0.4552819300442934,3.903297008946538,shared_2l_1pool
2187,4.390555899590254,0.45181182213127613,3.8338201120495796,shared_2l_1pool
2188,4.365667002275586,0.44512120075523853,3.818635828793049,shared_2l_1pool
2189,4.44176304154098,0.4439540207386017,3.893723012879491,shared_2l_1pool
2190,4.457398084923625,0.44616684317588806,3.9089710917323828,shared_2l_1pool
2191,4.377350909635425,0.4429479595273733,3.8313278928399086,shared_2l_1pool
2192,4.4373939745128155,0.4532220773398876,3.8792998529970646,shared_2l_1pool
2193,4.426921950653195,0.44692703522741795,3.8765619974583387,shared_2l_1pool
2194,4.472194006666541,0.4565711133182049,3.910352010279894,shared_2l_1pool
2195,4.463833989575505,0.44355401769280434,3.915725974366069,shared_2l_1pool
2196,4.4624649453908205,0.4432080313563347,3.9172798860818148,shared_2l_1pool
2197,5.564831895753741,1.426998060196638,4.018624080345035,shared_2l_1pool
2198,4.469631938263774,0.4643311258405447,3.8989440072327852,shared_2l_1pool
2199,4.459958057850599,0.455555971711874,3.9004110731184483,shared_2l_1pool
2200,4.445728845894337,0.45206095091998577,3.88559908606112,shared_2l_1pool
2201,4.383699968457222,0.4457340110093355,3.834282048046589,shared_2l_1pool
2202,4.423299804329872,0.44910190626978874,3.870400134474039,shared_2l_1pool
2203,4.438011907041073,0.4558830987662077,3.877430921420455,shared_2l_1pool
2204,4.365489119663835,0.4413509741425514,3.8195429369807243,shared_2l_1pool
2205,4.363354993984103,0.4552879836410284,3.800456877797842,shared_2l_1pool
2206,4.363915883004665,0.44217403046786785,3.8186160381883383,shared_2l_1pool
2207,4.346319008618593,0.44633704237639904,3.7972580175846815,shared_2l_1pool
2208,4.3629060965031385,0.44443714432418346,3.8135878276079893,shared_2l_1pool
2209,4.3978949543088675,0.4454690497368574,3.8508488796651363,shared_2l_1pool
2210,4.420110955834389,0.4580221138894558,3.8540749810636044,shared_2l_1pool
2211,4.438375122845173,0.4456578753888607,3.8898249622434378,shared_2l_1pool
2212,4.457734990864992,0.4464800003916025,3.906979924067855,shared_2l_1pool
2213,5.538784898817539,1.4332588762044907,3.9874562062323093,shared_2l_1pool
2214,4.462995799258351,0.45793200843036175,3.9000341203063726,shared_2l_1pool
2215,4.471690161153674,0.4581799730658531,3.9067149627953768,shared_2l_1pool
2216,4.394404822960496,0.44985697604715824,3.8408490363508463,shared_2l_1pool
2217,4.416955867782235,0.45184511691331863,3.8598570972681046,shared_2l_1pool
2218,4.4336828868836164,0.44037308543920517,3.890385851264,shared_2l_1pool
2219,4.431243985891342,0.4525459371507168,3.8744460325688124,shared_2l_1pool
2220,4.443561192601919,0.4482809454202652,3.889101091772318,shared_2l_1pool
2221,4.43327403627336,0.45890407636761665,3.8656238466501236,shared_2l_1pool
2222,4.437671974301338,0.4571110475808382,3.8768830709159374,shared_2l_1pool
2223,4.4364838395267725,0.4485640674829483,3.883054945617914,shared_2l_1pool
2224,4.428007872775197,0.4532388411462307,3.8695510011166334,shared_2l_1pool
2225,4.372197901830077,0.45043579302728176,3.8171701598912477,shared_2l_1pool
2226,4.363218089565635,0.456447945907712,3.799476893618703,shared_2l_1pool
2227,4.371199058368802,0.4474420566111803,3.8185538724064827,shared_2l_1pool
2228,4.404653096571565,0.44627697207033634,3.8553420454263687,shared_2l_1pool
2229,5.588314961642027,1.4452850446105003,4.024347988888621,shared_2l_1pool
2230,4.4778138399124146,0.46154810115695,3.909498918801546,shared_2l_1pool
2231,4.477764014154673,0.46261982060968876,3.911299165338278,shared_2l_1pool
2232,4.347180016338825,0.4494690801948309,3.7951620761305094,shared_2l_1pool
2233,4.357356112450361,0.4531338345259428,3.802075982093811,shared_2l_1pool
2234,4.419543081894517,0.4427931271493435,3.872420871630311,shared_2l_1pool
2235,4.344389075413346,0.45259902253746986,3.792020957916975,shared_2l_1pool
2236,4.4476850889623165,0.4484958481043577,3.8972420152276754,shared_2l_1pool
2237,4.361998988315463,0.4464380908757448,3.8139759562909603,shared_2l_1pool
2238,4.362123087048531,0.45579392462968826,3.802811959758401,shared_2l_1pool
2239,4.3428391218185425,0.4437549505382776,3.7989960983395576,shared_2l_1pool
2240,4.355075070634484,0.44303806498646736,3.8096250500530005,shared_2l_1pool
2241,4.337145946919918,0.44617103412747383,3.7898928858339787,shared_2l_1pool
2242,4.413115093484521,0.43298606760799885,3.8778618909418583,shared_2l_1pool
2243,4.385105101391673,0.4515829496085644,3.8321809843182564,shared_2l_1pool
2244,4.42146509885788,0.4492318257689476,3.872439032420516,shared_2l_1pool
2245,5.578760989010334,1.4344118535518646,4.025566158816218,shared_2l_1pool
2246,4.512174986302853,0.46141608618199825,3.9386588614434004,shared_2l_1pool
2247,4.438735079020262,0.4536139313131571,3.880899166688323,shared_2l_1pool
2248,4.373740870505571,0.4561399109661579,3.814850002527237,shared_2l_1pool
2249,4.351560957729816,0.4448830150067806,3.8048368878662586,shared_2l_1pool
2250,4.381953040137887,0.45374990440905094,3.820347134023905,shared_2l_1pool
2251,4.444335121661425,0.4511668812483549,3.8877050392329693,shared_2l_1pool
2252,4.472021944820881,0.44691492803394794,3.9165839552879333,shared_2l_1pool
2253,4.372256807982922,0.45168306678533554,3.8184889126569033,shared_2l_1pool
2254,4.368200898170471,0.45007094740867615,3.8158989045768976,shared_2l_1pool
2255,4.350390983745456,0.45204395428299904,3.7951250560581684,shared_2l_1pool
2256,4.377572797238827,0.4513310268521309,3.821516875177622,shared_2l_1pool
2257,4.363402957096696,0.44649187475442886,3.813832066953182,shared_2l_1pool
2258,4.39981697127223,0.4504299722611904,3.8453899323940277,shared_2l_1pool
2259,4.4294430408626795,0.4458639305084944,3.8802530616521835,shared_2l_1pool
2260,4.4537619687616825,0.4531079903244972,3.8979591336101294,shared_2l_1pool
2261,5.530511029064655,1.4288281090557575,3.9854790084064007,shared_2l_1pool
2262,4.401284037157893,0.46537909656763077,3.8310689851641655,shared_2l_1pool
2263,4.399007884785533,0.4642629064619541,3.8304049521684647,shared_2l_1pool
2264,4.423012025654316,0.4529859870672226,3.8681209553033113,shared_2l_1pool
2265,4.457079106941819,0.45703304931521416,3.896804992109537,shared_2l_1pool
2266,4.3586608953773975,0.46076602302491665,3.79339512437582,shared_2l_1pool
2267,4.362881183624268,0.44852402061223984,3.811110043898225,shared_2l_1pool
2268,4.427979001775384,0.45003509148955345,3.8753249682486057,shared_2l_1pool
2269,4.444237099960446,0.4638209939002991,3.875911934301257,shared_2l_1pool
2270,4.446892999112606,0.44558499939739704,3.8974371273070574,shared_2l_1pool
2271,4.395077005028725,0.4547650460153818,3.813781077042222,shared_2l_1pool
2272,4.377671051770449,0.4656459204852581,3.8070669397711754,shared_2l_1pool
2273,4.360759165138006,0.44537801295518875,3.8126418367028236,shared_2l_1pool
2274,4.417580086737871,0.45726215466856956,3.857273841276765,shared_2l_1pool
2275,4.357072990387678,0.44943904504179955,3.8048529531806707,shared_2l_1pool
2276,4.360523773357272,0.4469561390578747,3.810376860201359,shared_2l_1pool
2277,5.579977994784713,1.4492978807538748,4.008715972304344,shared_2l_1pool
2278,4.408812150359154,0.4583899863064289,3.8466649129986763,shared_2l_1pool
2279,4.3610751163214445,0.45585213229060173,3.8005339447408915,shared_2l_1pool
2280,4.372898023575544,0.44820294715464115,3.821925027295947,shared_2l_1pool
2281,4.397151060402393,0.45596412383019924,3.8367819506675005,shared_2l_1pool
2282,4.423869075253606,0.45804306864738464,3.8627120666205883,shared_2l_1pool
2283,4.449513042345643,0.45968894846737385,3.8849730044603348,shared_2l_1pool
2284,4.440462915226817,0.4494469612836838,3.884993027895689,shared_2l_1pool
2285,4.415685078129172,0.44879806227982044,3.8620939012616873,shared_2l_1pool
2286,4.396383883431554,0.46120304614305496,3.8303029723465443,shared_2l_1pool
2287,4.371535032987595,0.4488890990614891,3.8191259372979403,shared_2l_1pool
2288,4.420634126290679,0.45235687866806984,3.864079946652055,shared_2l_1pool
2289,4.384431056678295,0.45514898374676704,3.824284067377448,shared_2l_1pool
2290,4.433304071426392,0.451934989541769,3.8778160233050585,shared_2l_1pool
2291,4.43413807079196,0.4569070879369974,3.8713461253792048,shared_2l_1pool
2292,4.451964981853962,0.4488169215619564,3.896667156368494,shared_2l_1pool
2293,5.596845177933574,1.4729578979313374,4.006680101156235,shared_2l_1pool
2294,4.404771141707897,0.46063284389674664,3.8390420377254486,shared_2l_1pool
2295,4.420361015945673,0.4562758840620518,3.8551529869437218,shared_2l_1pool
2296,4.4173370115458965,0.4527871496975422,3.859116928651929,shared_2l_1pool
2297,4.440956981852651,0.45684189535677433,3.8819490000605583,shared_2l_1pool
2298,4.438474075868726,0.46112597920000553,3.8734939880669117,shared_2l_1pool
2299,4.462486132979393,0.45383395627141,3.907030215486884,shared_2l_1pool
2300,4.484975012019277,0.45591103844344616,3.92430298961699,shared_2l_1pool
2301,4.3470291420817375,0.442510936409235,3.802275052294135,shared_2l_1pool
2302,4.386732820421457,0.45672617852687836,3.8252149242907763,shared_2l_1pool
2303,4.521532915532589,0.457970192655921,3.9574787952005863,shared_2l_1pool
2304,4.460451891645789,0.4674231167882681,3.887671045958996,shared_2l_1pool
2305,4.474944900721312,0.456920824944973,3.9126111660152674,shared_2l_1pool
2306,4.402522929012775,0.460056122392416,3.836635034531355,shared_2l_1pool
2307,4.401797894388437,0.4574689082801342,3.8379391189664602,shared_2l_1pool
2308,4.35674493201077,0.4473188892006874,3.806931897997856,shared_2l_1pool
2309,5.689423996955156,1.5340950340032578,4.0356928948313,shared_2l_1pool
2310,4.470482002943754,0.464271055534482,3.899386851117015,shared_2l_1pool
2311,4.427652107551694,0.4566139541566372,3.8634859956800938,shared_2l_1pool
2312,4.381435923278332,0.45435293577611446,3.8227250333875418,shared_2l_1pool
2313,4.414833849295974,0.46471995301544666,3.8487380370497704,shared_2l_1pool
2314,4.400892881676555,0.4634780343621969,3.8324398919939995,shared_2l_1pool
2315,4.448883002623916,0.47331093810498714,3.870449960231781,shared_2l_1pool
2316,4.481079056859016,0.45818090438842773,3.9189320523291826,shared_2l_1pool
2317,4.393910989165306,0.4482471849769354,3.8401710335165262,shared_2l_1pool
2318,4.445831989869475,0.4569769371300936,3.884619101881981,shared_2l_1pool
2319,4.452756838873029,0.45554107055068016,3.8915229961276054,shared_2l_1pool
2320,4.4521670788526535,0.459086149930954,3.8898990023881197,shared_2l_1pool
2321,4.459770862013102,0.4518518690019846,3.9042611606419086,shared_2l_1pool
2322,4.357222933322191,0.4574619233608246,3.7952701095491648,shared_2l_1pool
2323,4.36874502338469,0.45113801024854183,3.812314011156559,shared_2l_1pool
2324,4.3737078085541725,0.4502770025283098,3.821230959147215,shared_2l_1pool
2325,5.6814588606357574,1.5201331116259098,4.041522974148393,shared_2l_1pool
2326,4.487222991883755,0.47021894715726376,3.906917991116643,shared_2l_1pool
2327,4.474407993257046,0.4577389918267727,3.9127201307564974,shared_2l_1pool
2328,4.476205911487341,0.45739696361124516,3.9097878616303205,shared_2l_1pool
2329,4.447686020284891,0.45532197691500187,3.888776060193777,shared_2l_1pool
2330,4.427356878295541,0.4505668766796589,3.8698140997439623,shared_2l_1pool
2331,4.412506008520722,0.46050501987338066,3.8498349022120237,shared_2l_1pool
2332,4.473624983802438,0.4859550390392542,3.883607918396592,shared_2l_1pool
2333,4.3858319986611605,0.4601690452545881,3.8238358683884144,shared_2l_1pool
2334,4.389948910102248,0.45399204827845097,3.831451991572976,shared_2l_1pool
2335,4.397077020257711,0.4575790371745825,3.833907889202237,shared_2l_1pool
2336,4.347885958850384,0.4573129117488861,3.787999041378498,shared_2l_1pool
2337,4.3572119902819395,0.4500020295381546,3.8058229256421328,shared_2l_1pool
2338,4.366882145404816,0.454561086371541,3.808245062828064,shared_2l_1pool
2339,4.42343601025641,0.4623520653694868,3.857349045574665,shared_2l_1pool
2340,4.479998955503106,0.4591168835759163,3.9069531485438347,shared_2l_1pool
2341,5.848529050126672,1.7071219626814127,4.021833185106516,shared_2l_1pool
2342,4.441012861207128,0.4726580809801817,3.8630450144410133,shared_2l_1pool
2343,4.446200095117092,0.4575022030621767,3.882393939420581,shared_2l_1pool
2344,4.4752610847353935,0.46953605487942696,3.9008259773254395,shared_2l_1pool
2345,4.47636004537344,0.45545282773673534,3.9187839720398188,shared_2l_1pool
2346,4.494466120377183,0.4621809348464012,3.928069956600666,shared_2l_1pool
2347,4.48655104264617,0.4513389430940151,3.9314390160143375,shared_2l_1pool
2348,4.416123032569885,0.4624081775546074,3.8481769151985645,shared_2l_1pool
2349,4.397060954943299,0.45537506230175495,3.8366750814020634,shared_2l_1pool
2350,4.360957071185112,0.4569091834127903,3.8002298679202795,shared_2l_1pool
2351,4.386065993458033,0.45608216896653175,3.827481996268034,shared_2l_1pool
2352,4.49588499031961,0.45670894905924797,3.933834843337536,shared_2l_1pool
2353,4.391005029901862,0.45631895773112774,3.8314280100166798,shared_2l_1pool
2354,4.368610912933946,0.4542639944702387,3.8104408886283636,shared_2l_1pool
2355,4.3806040193885565,0.45468704774975777,3.822311060503125,shared_2l_1pool
2356,4.356540972366929,0.45401998795568943,3.798088990151882,shared_2l_1pool
2357,5.600189091637731,1.4736219309270382,4.0019669104367495,shared_2l_1pool
2358,4.4410680420696735,0.4684960003942251,3.865427104756236,shared_2l_1pool
2359,4.479916067793965,0.45671802945435047,3.9215178694576025,shared_2l_1pool
2360,4.452770808711648,0.46129897236824036,3.8863299414515495,shared_2l_1pool
2361,4.468632163479924,0.4566761199384928,3.908465849235654,shared_2l_1pool
2362,4.377870121970773,0.45936997048556805,3.814656985923648,shared_2l_1pool
2363,4.348186776041985,0.446489080786705,3.799322061240673,shared_2l_1pool
2364,4.341076128184795,0.4536218475550413,3.785928012803197,shared_2l_1pool
2365,4.484127042815089,0.46261795796453953,3.920499933883548,shared_2l_1pool
2366,4.432917106896639,0.44579897075891495,3.884148085489869,shared_2l_1pool
2367,4.372964147478342,0.4587019793689251,3.8114578928798437,shared_2l_1pool
2368,4.370268201455474,0.45146490447223186,3.8148020394146442,shared_2l_1pool
2369,4.394131014123559,0.468485988676548,3.8231159560382366,shared_2l_1pool
2370,4.3594499584287405,0.45530498027801514,3.797115059569478,shared_2l_1pool
2371,4.421559162437916,0.4565971903502941,3.8636368699371815,shared_2l_1pool
2372,4.44431696087122,0.4684138111770153,3.871152177453041,shared_2l_1pool
2373,5.570203997194767,1.4486340805888176,4.003468900918961,shared_2l_1pool
2374,4.441024968400598,0.4722250159829855,3.862766083329916,shared_2l_1pool
2375,4.462768090888858,0.4595790524035692,3.8990098983049393,shared_2l_1pool
2376,4.480168921872973,0.4670280031859875,3.9092660881578922,shared_2l_1pool
2377,4.46606008335948,0.45167794451117516,3.9092060178518295,shared_2l_1pool
2378,4.396663047373295,0.45867194421589375,3.8297190330922604,shared_2l_1pool
2379,4.398894030600786,0.4471240099519491,3.84713988751173,shared_2l_1pool
2380,4.374294076114893,0.45038294047117233,3.8202640134841204,shared_2l_1pool
2381,4.409543937072158,0.4574880003929138,3.8482188247144222,shared_2l_1pool
2382,4.4797619339078665,0.45452616177499294,3.9223278872668743,shared_2l_1pool
2383,4.457974107936025,0.4558488726615906,3.8987440057098866,shared_2l_1pool
2384,4.478544928133488,0.4459270276129246,3.928215941414237,shared_2l_1pool
2385,4.414102993905544,0.4636240191757679,3.847686806693673,shared_2l_1pool
2386,4.384513944387436,0.45360205695033073,3.8290959782898426,shared_2l_1pool
2387,4.457027884200215,0.46478910371661186,3.888431005179882,shared_2l_1pool
2388,4.460545955225825,0.4532670136541128,3.90481180511415,shared_2l_1pool
2389,5.53748314268887,1.4281929470598698,3.988472977653146,shared_2l_1pool
2390,4.436285002157092,0.4679611884057522,3.8629528135061264,shared_2l_1pool
2391,4.470824031159282,0.46184705570340157,3.9058730471879244,shared_2l_1pool
2392,4.471081076189876,0.46601309441030025,3.900113981217146,shared_2l_1pool
2393,4.465878009796143,0.44907303526997566,3.9126290939748287,shared_2l_1pool
2394,4.469729959964752,0.4577101208269596,3.9095268584787846,shared_2l_1pool
2395,4.398039076477289,0.46335114166140556,3.8321318570524454,shared_2l_1pool
2396,4.356847144663334,0.4569168668240309,3.7967590615153313,shared_2l_1pool
2397,4.421851132065058,0.45092683285474777,3.8691030349582434,shared_2l_1pool
2398,4.46264585480094,0.46685803681612015,3.8877478800714016,shared_2l_1pool
2399,4.455540096387267,0.4485640674829483,3.90408281236887,shared_2l_1pool
2400,4.40389895811677,0.454816035926342,3.8451720029115677,shared_2l_1pool
2401,4.397273063659668,0.4611650947481394,3.831675974652171,shared_2l_1pool
2402,4.3910888489335775,0.46365195885300636,3.825610037893057,shared_2l_1pool
2403,4.383736988529563,0.46990602277219296,3.80854494869709,shared_2l_1pool
2404,4.341894993558526,0.45465491712093353,3.7852609530091286,shared_2l_1pool
2405,5.597349954769015,1.436036080121994,4.043102962896228,shared_2l_1pool
2406,4.436472896486521,0.46916096471250057,3.860409837216139,shared_2l_1pool
2407,4.472222877666354,0.45498600229620934,3.9108460769057274,shared_2l_1pool
2408,4.381509032100439,0.46755094081163406,3.8108360022306442,shared_2l_1pool
2409,4.372406983748078,0.44793798588216305,3.821055870503187,shared_2l_1pool
2410,4.452381981536746,0.45640207827091217,3.891819855198264,shared_2l_1pool
2411,4.389128182083368,0.45578787103295326,3.8294431287795305,shared_2l_1pool
2412,4.3519961182028055,0.4580311942845583,3.789996961131692,shared_2l_1pool
2413,4.427206004038453,0.45841699466109276,3.86556307785213,shared_2l_1pool
2414,4.507055971771479,0.4600570537149906,3.9421129040420055,shared_2l_1pool
2415,4.48282714933157,0.4643280990421772,3.912955056875944,shared_2l_1pool
2416,4.3709771707654,0.4499480128288269,3.81810893304646,shared_2l_1pool
2417,4.418817814439535,0.46608690172433853,3.849104978144169,shared_2l_1pool
2418,4.377943929284811,0.47041685320436954,3.8038550410419703,shared_2l_1pool
2419,4.343314096331596,0.45286212116479874,3.7880348972976208,shared_2l_1pool
2420,4.365571076050401,0.45860791578888893,3.8049810100346804,shared_2l_1pool
2421,5.5502059403806925,1.4283140189945698,4.00513201020658,shared_2l_1pool
2422,4.412481095641851,0.47363201156258583,3.8317458238452673,shared_2l_1pool
2423,4.470516927540302,0.4611301701515913,3.9064360316842794,shared_2l_1pool
2424,4.450395004823804,0.4683008883148432,3.8769759703427553,shared_2l_1pool
2425,4.459567135199904,0.4653269425034523,3.8910210132598877,shared_2l_1pool
2426,4.45963186211884,0.4622288979589939,3.8912140298634768,shared_2l_1pool
2427,4.4311529491096735,0.4581110551953316,3.869506996124983,shared_2l_1pool
2428,4.439543001353741,0.4639460239559412,3.8665160536766052,shared_2l_1pool
2429,4.440493881702423,0.4604710265994072,3.879808122292161,shared_2l_1pool
2430,4.445059923455119,0.4580281674861908,3.8832598365843296,shared_2l_1pool
2431,4.394806921482086,0.4667048342525959,3.824707120656967,shared_2l_1pool
2432,4.427558975294232,0.45868707820773125,3.8647570181638002,shared_2l_1pool
2433,4.453613888472319,0.4631441552191973,3.8849469274282455,shared_2l_1pool
2434,4.441542085260153,0.45798299834132195,3.881363198161125,shared_2l_1pool
2435,4.453448113054037,0.45807892456650734,3.8927230052649975,shared_2l_1pool
2436,4.384875996038318,0.45242905616760254,3.827818902209401,shared_2l_1pool
2437,5.593061214312911,1.434515928849578,4.03849920257926,shared_2l_1pool
2438,4.417028045281768,0.4616021178662777,3.849867032840848,shared_2l_1pool
2439,4.410388879477978,0.4627751186490059,3.844416933134198,shared_2l_1pool
2440,4.471726017072797,0.48154499381780624,3.8862640503793955,shared_2l_1pool
2441,4.462758079171181,0.45900209806859493,3.8998150266706944,shared_2l_1pool
2442,4.406306892633438,0.4680640995502472,3.835282986983657,shared_2l_1pool
2443,4.41532488912344,0.4572442267090082,3.8530188612639904,shared_2l_1pool
2444,4.414829891175032,0.4637700039893389,3.8482360541820526,shared_2l_1pool
2445,4.382538143545389,0.45605096966028214,3.8239730056375265,shared_2l_1pool
2446,4.3587100226432085,0.45050703920423985,3.805450163781643,shared_2l_1pool
2447,4.389725159853697,0.45397202484309673,3.8327008951455355,shared_2l_1pool
2448,4.458187846466899,0.45607308857142925,3.8974860217422247,shared_2l_1pool
2449,4.407401895150542,0.4642559215426445,3.8413070142269135,shared_2l_1pool
2450,4.3911070097237825,0.4590260796248913,3.829766996204853,shared_2l_1pool
2451,4.447115119546652,0.4653139039874077,3.873750101774931,shared_2l_1pool
2452,4.388798959553242,0.468607060611248,3.816767130047083,shared_2l_1pool
2453,5.562925012782216,1.4416640624403954,4.00410988368094,shared_2l_1pool
2454,4.420391051098704,0.46520004980266094,3.847620915621519,shared_2l_1pool
2455,4.42218198440969,0.46723405830562115,3.851597895845771,shared_2l_1pool
2456,4.386772168800235,0.4672140348702669,3.8154490757733583,shared_2l_1pool
2457,4.417520947754383,0.45360694639384747,3.861550008878112,shared_2l_1pool
2458,4.3759101536124945,0.46849180944263935,3.8041940424591303,shared_2l_1pool
2459,4.437597002834082,0.45768916606903076,3.876255825161934,shared_2l_1pool
2460,4.461424192413688,0.4692249931395054,3.8889958523213863,shared_2l_1pool
2461,4.487822996452451,0.46492391265928745,3.918637055903673,shared_2l_1pool
2462,4.397128010168672,0.4583250265568495,3.8360650651156902,shared_2l_1pool
2463,4.377196077257395,0.46243704855442047,3.810871858149767,shared_2l_1pool
2464,4.3844059109687805,0.46754092909395695,3.8116350769996643,shared_2l_1pool
2465,4.471084102988243,0.46673091128468513,3.901001997292042,shared_2l_1pool
2466,4.4078470673412085,0.4590011667460203,3.845397848635912,shared_2l_1pool
2467,4.4555331114679575,0.4729698412120342,3.8784651551395655,shared_2l_1pool
2468,4.424731945618987,0.4593299236148596,3.856529016047716,shared_2l_1pool
2469,5.5881221778690815,1.429024152457714,4.033328965306282,shared_2l_1pool
2470,4.471613094210625,0.46888296492397785,3.8972070906311274,shared_2l_1pool
2471,4.4731320813298225,0.454094959422946,3.9136239793151617,shared_2l_1pool
2472,4.393998067826033,0.469850143417716,3.8202540017664433,shared_2l_1pool
2473,4.405482904985547,0.4582381807267666,3.8419468328356743,shared_2l_1pool
2474,4.477994050830603,0.472439918667078,3.90047300606966,shared_2l_1pool
2475,4.451944027096033,0.45621092431247234,3.8897800259292126,shared_2l_1pool
2476,4.382143961265683,0.46469783410429955,3.814204130321741,shared_2l_1pool
2477,4.4139239471405745,0.4564640112221241,3.8538090884685516,shared_2l_1pool
2478,4.399263998493552,0.4658200778067112,3.827705979347229,shared_2l_1pool
2479,4.3770489282906055,0.46402495354413986,3.8102990947663784,shared_2l_1pool
2480,4.464976955205202,0.46573602594435215,3.8943958934396505,shared_2l_1pool
2481,4.393331939354539,0.4676210228353739,3.8216030225157738,shared_2l_1pool
2482,4.464002093300223,0.46144588850438595,3.898398019373417,shared_2l_1pool
2483,4.401070065796375,0.46488293446600437,3.8289730437099934,shared_2l_1pool
2484,4.437871975824237,0.4566579591482878,3.8796751759946346,shared_2l_1pool
2485,5.523819010704756,1.4397429767996073,3.966100048273802,shared_2l_1pool
2486,4.402662860229611,0.46310783363878727,3.8339351303875446,shared_2l_1pool
2487,4.427468171343207,0.4658750258386135,3.8549299351871014,shared_2l_1pool
2488,4.462789045646787,0.46754092909395695,3.888834035024047,shared_2l_1pool
2489,4.398036049678922,0.46334206126630306,3.8302058819681406,shared_2l_1pool
2490,4.411068977788091,0.46684686094522476,3.8387870881706476,shared_2l_1pool
2491,4.371487069875002,0.45856693759560585,3.811093047261238,shared_2l_1pool
2492,4.438502946868539,0.4725449252873659,3.856944851577282,shared_2l_1pool
2493,4.5043660793453455,0.46419515274465084,3.935535904020071,shared_2l_1pool
2494,4.464569967240095,0.47776498831808567,3.8814011495560408,shared_2l_1pool
2495,4.469078965485096,0.4727588966488838,3.8906049448996782,shared_2l_1pool
2496,4.4451269786804914,0.4552369937300682,3.8850228302180767,shared_2l_1pool
2497,4.43684309720993,0.4740580916404724,3.859073854982853,shared_2l_1pool
2498,4.456619033589959,0.459158094599843,3.8927309215068817,shared_2l_1pool
2499,4.476353991776705,0.467522069811821,3.9070420898497105,shared_2l_1pool
2500,4.400428151711822,0.4596130456775427,3.8366818334907293,shared_2l_1pool
2501,5.559947807341814,1.4479518868029118,3.9908101316541433,shared_2l_1pool
2502,4.418886033818126,0.4730920772999525,3.8402259815484285,shared_2l_1pool
2503,4.399682162329555,0.47249114140868187,3.8215089589357376,shared_2l_1pool
2504,4.392945906147361,0.46919193118810654,3.8192779757082462,shared_2l_1pool
2505,4.410332068800926,0.4667139146476984,3.8380760233849287,shared_2l_1pool
2506,4.400582984089851,0.46714209020137787,3.8284840993583202,shared_2l_1pool
2507,4.396711941808462,0.4685500171035528,3.822669852524996,shared_2l_1pool
2508,4.428821848705411,0.47026900574564934,3.8523899856954813,shared_2l_1pool
2509,4.463534103706479,0.4606470465660095,3.89793305657804,shared_2l_1pool
2510,4.401767160743475,0.4721700679510832,3.823088016360998,shared_2l_1pool
2511,4.398956894874573,0.4698149859905243,3.8265918847173452,shared_2l_1pool
2512,4.390856949612498,0.4588330630213022,3.8283539470285177,shared_2l_1pool
2513,4.4798830058425665,0.4724108148366213,3.9004432037472725,shared_2l_1pool
2514,4.485876066610217,0.45920489355921745,3.920287126675248,shared_2l_1pool
2515,4.410441964864731,0.46524195931851864,3.8394860457628965,shared_2l_1pool
2516,4.4462839141488075,0.4645769950002432,3.878676099702716,shared_2l_1pool
2517,5.586498882621527,1.4608330093324184,4.005866823717952,shared_2l_1pool
2518,4.436724120751023,0.47346181236207485,3.856938099488616,shared_2l_1pool
2519,4.452703986316919,0.47109997831285,3.8771789986640215,shared_2l_1pool
2520,4.481328884139657,0.47075189650058746,3.9049170445650816,shared_2l_1pool
2521,4.409167915582657,0.4757051356136799,3.8291739765554667,shared_2l_1pool
2522,4.430762026458979,0.4588770680129528,3.866693004965782,shared_2l_1pool
2523,4.415506962686777,0.47027505934238434,3.8421719800680876,shared_2l_1pool
2524,4.39624791033566,0.47423201613128185,3.8155580405145884,shared_2l_1pool
2525,4.4773968402296305,0.46369899064302444,3.9081720169633627,shared_2l_1pool
2526,4.469512030482292,0.4755728878080845,3.890891093760729,shared_2l_1pool
2527,4.4142750557512045,0.4598188679665327,3.851647023111582,shared_2l_1pool
2528,4.456510068848729,0.4722208250313997,3.879646072164178,shared_2l_1pool
2529,4.473024047911167,0.45843119733035564,3.910347819328308,shared_2l_1pool
2530,4.449163796380162,0.468638027086854,3.87545395642519,shared_2l_1pool
2531,4.462184151634574,0.4577711224555969,3.902236931025982,shared_2l_1pool
2532,4.397939192131162,0.4643159918487072,3.8250370416790247,shared_2l_1pool
2533,5.60811604373157,1.4547458849847317,4.034868907183409,shared_2l_1pool
2534,4.452486056834459,0.478202011436224,3.863047109916806,shared_2l_1pool
2535,4.490412073209882,0.4681770224124193,3.9171918760985136,shared_2l_1pool
2536,4.498133203014731,0.47059799544513226,3.918775822967291,shared_2l_1pool
2537,4.4452480506151915,0.4773009568452835,3.8636471144855022,shared_2l_1pool
2538,4.393131006509066,0.462608877569437,3.828051034361124,shared_2l_1pool
2539,4.448486026376486,0.4713060334324837,3.8746718782931566,shared_2l_1pool
2540,4.4727749191224575,0.47390302643179893,3.895187983289361,shared_2l_1pool
2541,4.44323499687016,0.46718306839466095,3.8711458910256624,shared_2l_1pool
2542,4.380580969154835,0.45717693865299225,3.820061217993498,shared_2l_1pool
2543,4.42227884195745,0.48194313421845436,3.8361570332199335,shared_2l_1pool
2544,4.383930936455727,0.4636351950466633,3.8189098704606295,shared_2l_1pool
2545,4.398935008794069,0.4680270794779062,3.827046835795045,shared_2l_1pool
2546,4.370192065834999,0.463640782982111,3.8022291846573353,shared_2l_1pool
2547,4.445759113878012,0.4606430884450674,3.8817059248685837,shared_2l_1pool
2548,4.444338148459792,0.47282595187425613,3.8673290982842445,shared_2l_1pool
2549,5.623131990432739,1.4684689231216908,4.035866120830178,shared_2l_1pool
2550,4.445341182872653,0.48175291158258915,3.8562880363315344,shared_2l_1pool
2551,4.455507034435868,0.4737488925457001,3.8763300981372595,shared_2l_1pool
2552,4.490124061703682,0.4762990865856409,3.90829099342227,shared_2l_1pool
2553,4.417488118633628,0.4633849021047354,3.85170616209507,shared_2l_1pool
2554,4.4002290815114975,0.4674361553043127,3.8240780122578144,shared_2l_1pool
2555,4.397357115522027,0.46397908590734005,3.8300829473882914,shared_2l_1pool
2556,4.450606880709529,0.4684249870479107,3.8743840996176004,shared_2l_1pool
2557,4.443787969648838,0.47714984975755215,3.8621551357209682,shared_2l_1pool
2558,4.462186945602298,0.46985107474029064,3.8876819889992476,shared_2l_1pool
2559,4.520426969975233,0.4759300500154495,3.91687685623765,shared_2l_1pool
2560,4.49306913651526,0.48197293654084206,3.905758960172534,shared_2l_1pool
2561,4.516107030212879,0.5030960310250521,3.9067850448191166,shared_2l_1pool
2562,4.40142210572958,0.4667961038649082,3.8301730528473854,shared_2l_1pool
2563,4.479116061702371,0.47742691822350025,3.896696027368307,shared_2l_1pool
2564,4.481140058487654,0.4647010937333107,3.9120339788496494,shared_2l_1pool
2565,5.5932519026100636,1.465467968955636,4.009589087218046,shared_2l_1pool
2566,4.441152093932033,0.4654137883335352,3.8709130603820086,shared_2l_1pool
2567,4.4725071638822556,0.48149190843105316,3.8857110776007175,shared_2l_1pool
2568,4.419535864144564,0.4670561756938696,3.848130814731121,shared_2l_1pool
2569,4.429372027516365,0.47713308595120907,3.846176899969578,shared_2l_1pool
2570,4.466817015781999,0.46918285079300404,3.8928149733692408,shared_2l_1pool
2571,4.485592944547534,0.4758909344673157,3.9038509130477905,shared_2l_1pool
2572,4.412038018926978,0.46116416342556477,3.8446129765361547,shared_2l_1pool
2573,4.449737025424838,0.48234290443360806,3.8578009698539972,shared_2l_1pool
2574,4.4317839201539755,0.4738708958029747,3.855096874758601,shared_2l_1pool
2575,4.473845940083265,0.46718097291886806,3.9051170460879803,shared_2l_1pool
2576,4.481538897380233,0.46790088526904583,3.908497979864478,shared_2l_1pool
2577,4.491967847570777,0.4607199225574732,3.9267539978027344,shared_2l_1pool
2578,4.410251043736935,0.47113210894167423,3.8350438699126244,shared_2l_1pool
2579,4.416478797793388,0.47137890942394733,3.8418469484895468,shared_2l_1pool
2580,4.379099002107978,0.4710061475634575,3.8038177881389856,shared_2l_1pool
2581,5.60737494379282,1.4625689946115017,4.026482114568353,shared_2l_1pool
2582,4.422676982358098,0.48001413233578205,3.8371849805116653,shared_2l_1pool
2583,4.425835097208619,0.4788781516253948,3.8444669917225838,shared_2l_1pool
2584,4.452190129086375,0.4734210669994354,3.8695719558745623,shared_2l_1pool
2585,4.4955480843782425,0.4718268755823374,3.9213160052895546,shared_2l_1pool
2586,4.47978894226253,0.47519104555249214,3.8954680785536766,shared_2l_1pool
2587,4.4092892203480005,0.4662829451262951,3.8419701159000397,shared_2l_1pool
2588,4.398680059239268,0.46487385407090187,3.8312000688165426,shared_2l_1pool
2589,4.464784171432257,0.46601914800703526,3.8959148805588484,shared_2l_1pool
2590,4.419762175530195,0.47181802801787853,3.8428509142249823,shared_2l_1pool
2591,4.435647977516055,0.4680049605667591,3.8649779744446278,shared_2l_1pool
2592,4.44098305888474,0.470105092972517,3.865762846544385,shared_2l_1pool
2593,4.472238942980766,0.4760921001434326,3.891238011419773,shared_2l_1pool
2594,4.4776019640266895,0.47117099165916443,3.902025055140257,shared_2l_1pool
2595,4.497326910495758,0.471106031909585,3.9208480156958103,shared_2l_1pool
2596,4.430775064975023,0.4659229889512062,3.861264092847705,shared_2l_1pool
2597,5.617829971015453,1.447579124942422,4.052922828122973,shared_2l_1pool
2598,4.518944071605802,0.4677560646086931,3.9452938362956047,shared_2l_1pool
2599,4.507395904511213,0.47235703095793724,3.93034890294075,shared_2l_1pool
2600,4.436118062585592,0.4655029624700546,3.8696120027452707,shared_2l_1pool
2601,4.410607041791081,0.46429294161498547,3.841459983959794,shared_2l_1pool
2602,4.463196964934468,0.48191193491220474,3.8765461649745703,shared_2l_1pool
2603,4.4170250184834,0.4776830319315195,3.830807050690055,shared_2l_1pool
2604,4.400579957291484,0.4683190491050482,3.827964887022972,shared_2l_1pool
2605,4.405080107972026,0.4639171529561281,3.8370839320123196,shared_2l_1pool
2606,4.391241818666458,0.467248959466815,3.820572979748249,shared_2l_1pool
2607,4.4529440347105265,0.4584661219269037,3.8918477948755026,shared_2l_1pool
2608,4.416505107656121,0.4775549750775099,3.8364040665328503,shared_2l_1pool
2609,4.412633832544088,0.4698911216109991,3.839106997475028,shared_2l_1pool
2610,4.394657909870148,0.47009694389998913,3.822233062237501,shared_2l_1pool
2611,4.420311888679862,0.46247406862676144,3.853495931252837,shared_2l_1pool
2612,4.408026114106178,0.4641569685190916,3.8412029389292,shared_2l_1pool
2613,5.594620946794748,1.4661620371043682,4.012356046587229,shared_2l_1pool
2614,4.478116054087877,0.47729210928082466,3.8944040425121784,shared_2l_1pool
2615,4.50833304785192,0.47443597577512264,3.9282450452446938,shared_2l_1pool
2616,4.452982917428017,0.46469387598335743,3.882152959704399,shared_2l_1pool
2617,4.414025926962495,0.47684903256595135,3.8336319848895073,shared_2l_1pool
2618,4.41584805957973,0.4638698883354664,3.8497631903737783,shared_2l_1pool
2619,4.421894904226065,0.4703311715275049,3.8486060220748186,shared_2l_1pool
2620,4.412728827446699,0.4854840226471424,3.8225899916142225,shared_2l_1pool
2621,4.432279150933027,0.4761058371514082,3.850974142551422,shared_2l_1pool
2622,4.470739979296923,0.4788818769156933,3.885895013809204,shared_2l_1pool
2623,4.457029979676008,0.4673709627240896,3.8871639408171177,shared_2l_1pool
2624,4.494577879086137,0.47609908506274223,3.9153960533440113,shared_2l_1pool
2625,4.472404019907117,0.46027987264096737,3.91015806235373,shared_2l_1pool
2626,4.47777402587235,0.4694268573075533,3.9028951432555914,shared_2l_1pool
2627,4.468633094802499,0.46279700472950935,3.904110984876752,shared_2l_1pool
2628,4.474424058571458,0.4648268222808838,3.9054991211742163,shared_2l_1pool
2629,5.55678503587842,1.4379429630935192,4.001252120360732,shared_2l_1pool
2630,4.4548469595611095,0.4796469584107399,3.869622014462948,shared_2l_1pool
2631,4.478916991502047,0.4673181101679802,3.908011829480529,shared_2l_1pool
2632,4.486417863518,0.46788319014012814,3.911658888682723,shared_2l_1pool
2633,4.5274230651557446,0.4700860008597374,3.9525278843939304,shared_2l_1pool
2634,4.423650912940502,0.47832680866122246,3.8398311007767916,shared_2l_1pool
2635,4.406183958053589,0.4645350854843855,3.8362699560821056,shared_2l_1pool
2636,4.534382838755846,0.5057770758867264,3.923487849533558,shared_2l_1pool
2637,4.496365785598755,0.4725968465209007,3.917115041986108,shared_2l_1pool
2638,4.40634205006063,0.4754038527607918,3.8270989898592234,shared_2l_1pool
2639,4.4792951084673405,0.46236603520810604,3.913193941116333,shared_2l_1pool
2640,4.417120013386011,0.47044013626873493,3.838457865640521,shared_2l_1pool
2641,4.385936073958874,0.4706720355898142,3.811937989667058,shared_2l_1pool
2642,4.398111021146178,0.46843220479786396,3.826775820925832,shared_2l_1pool
2643,4.436237970367074,0.47062686644494534,3.8608640898019075,shared_2l_1pool
2644,4.404931096360087,0.47236098907887936,3.8299669977277517,shared_2l_1pool
2645,5.566519219428301,1.4620430301874876,3.987560048699379,shared_2l_1pool
2646,4.451519111171365,0.4676880780607462,3.87823604978621,shared_2l_1pool
2647,4.49079810641706,0.48744981177151203,3.897866001352668,shared_2l_1pool
2648,4.474245943129063,0.4686450120061636,3.901574993506074,shared_2l_1pool
2649,4.487574100494385,0.48096897080540657,3.9005400612950325,shared_2l_1pool
2650,4.432481015101075,0.4610519390553236,3.868394996970892,shared_2l_1pool
2651,4.458909155800939,0.46748993918299675,3.8888391572982073,shared_2l_1pool
2652,4.39425278455019,0.465884106233716,3.82207497023046,shared_2l_1pool
2653,4.403195111081004,0.47855405136942863,3.821020945906639,shared_2l_1pool
2654,4.398366902023554,0.4721679724752903,3.8209978956729174,shared_2l_1pool
2655,4.392136121168733,0.4659600090235472,3.824362065643072,shared_2l_1pool
2656,4.382201004773378,0.47545204870402813,3.8031809963285923,shared_2l_1pool
2657,4.3818289414048195,0.459916889667511,3.8211699575185776,shared_2l_1pool
2658,4.46522212587297,0.45733898878097534,3.902395023033023,shared_2l_1pool
2659,4.396206932142377,0.4689230117946863,3.817977849394083,shared_2l_1pool
2660,4.371861927211285,0.4653299693018198,3.80306295119226,shared_2l_1pool
2661,5.6027749087661505,1.4785879757255316,4.003227921202779,shared_2l_1pool
2662,4.504102980718017,0.47998595982789993,3.918812144547701,shared_2l_1pool
2663,4.47216397151351,0.47828094102442265,3.8879390340298414,shared_2l_1pool
2664,4.46361699141562,0.475417822599411,3.8829860277473927,shared_2l_1pool
2665,4.403549944981933,0.47544902190566063,3.8247208576649427,shared_2l_1pool
2666,4.387245047837496,0.46498398296535015,3.8177338428795338,shared_2l_1pool
2667,4.4568798039108515,0.47086807899177074,3.8806989323347807,shared_2l_1pool
2668,4.463237943127751,0.4636310040950775,3.8963030092418194,shared_2l_1pool
2669,4.469832172617316,0.47728605568408966,3.88723099604249,shared_2l_1pool
2670,4.466569982469082,0.47113001346588135,3.8918100763112307,shared_2l_1pool
2671,4.483347991481423,0.48187701031565666,3.8912862073630095,shared_2l_1pool
2672,4.417671822011471,0.4799831658601761,3.8331199903041124,shared_2l_1pool
2673,4.419418051838875,0.4653208889067173,3.8491690065711737,shared_2l_1pool
2674,4.457919159904122,0.47770608216524124,3.8751859683543444,shared_2l_1pool
2675,4.4209579937160015,0.47662900760769844,3.8389579858630896,shared_2l_1pool
2676,4.457634873688221,0.4811829421669245,3.873286070302129,shared_2l_1pool
2677,5.610766122117639,1.4614928513765335,4.032194148749113,shared_2l_1pool
2678,4.503658041357994,0.4920191131532192,3.904480952769518,shared_2l_1pool
2679,4.478781949728727,0.475945882499218,3.9011240005493164,shared_2l_1pool
2680,4.49264794588089,0.4810940008610487,3.905191086232662,shared_2l_1pool
2681,4.451535874977708,0.47064595855772495,3.8773890119045973,shared_2l_1pool
2682,4.392303992062807,0.4744608886539936,3.8132560439407825,shared_2l_1pool
2683,4.415321862325072,0.46869018115103245,3.8419158663600683,shared_2l_1pool
2684,4.398494027554989,0.48040691763162613,3.8078681100159883,shared_2l_1pool
2685,4.375017946586013,0.46537304297089577,3.808381035923958,shared_2l_1pool
2686,4.392421105876565,0.4778411239385605,3.8106348365545273,shared_2l_1pool
2687,4.437075927853584,0.4728948697447777,3.8608000613749027,shared_2l_1pool
2688,4.455419955775142,0.47143991105258465,3.8800439797341824,shared_2l_1pool
2689,4.490494029596448,0.48203300684690475,3.9048169273883104,shared_2l_1pool
2690,4.419892095029354,0.47400291077792645,3.841178026050329,shared_2l_1pool
2691,4.392143106088042,0.4746541380882263,3.811422036960721,shared_2l_1pool
2692,4.374200943857431,0.46866200864315033,3.803888102993369,shared_2l_1pool
2693,5.627091974020004,1.4661189634352922,4.039098974317312,shared_2l_1pool
2694,4.472974920645356,0.4842940252274275,3.882366931065917,shared_2l_1pool
2695,4.477568902075291,0.484642805531621,3.8882631342858076,shared_2l_1pool
2696,4.4333061669021845,0.48341392539441586,3.845000173896551,shared_2l_1pool
2697,4.475209163501859,0.47374702990055084,3.8964110426604748,shared_2l_1pool
2698,4.495106870308518,0.4856269806623459,3.902242984622717,shared_2l_1pool
2699,4.476406844332814,0.472828047350049,3.8994711358100176,shared_2l_1pool
2700,4.445434082299471,0.4875569138675928,3.8527550641447306,shared_2l_1pool
2701,4.411884816363454,0.46817888505756855,3.838807111606002,shared_2l_1pool
2702,4.487097030505538,0.49014901742339134,3.892561886459589,shared_2l_1pool
2703,4.4798278249800205,0.47366414219141006,3.902349853888154,shared_2l_1pool
2704,4.490141058340669,0.4701451398432255,3.9149587973952293,shared_2l_1pool
2705,4.4234748929739,0.4732520319521427,3.8462881930172443,shared_2l_1pool
2706,4.486122168600559,0.47494308091700077,3.9086889009922743,shared_2l_1pool
2707,4.423057893291116,0.46992208808660507,3.849087981507182,shared_2l_1pool
2708,4.393552895635366,0.4685178864747286,3.819545963779092,shared_2l_1pool
2709,5.576319061219692,1.4588739722967148,3.999511944130063,shared_2l_1pool
2710,4.458739887923002,0.48516993410885334,3.8708129432052374,shared_2l_1pool
2711,4.472536966204643,0.479693990200758,3.888016100972891,shared_2l_1pool
2712,4.496109206229448,0.47565787099301815,3.9133881218731403,shared_2l_1pool
2713,4.44837799295783,0.47134095802903175,3.8725589402019978,shared_2l_1pool
2714,4.431791137903929,0.47726603224873543,3.8501338567584753,shared_2l_1pool
2715,4.423951031640172,0.4762259777635336,3.844310063868761,shared_2l_1pool
2716,4.4218688271939754,0.4677749238908291,3.849737113341689,shared_2l_1pool
2717,4.460965981706977,0.4777330905199051,3.8801119662821293,shared_2l_1pool
2718,4.4207279570400715,0.4669439513236284,3.849776927381754,shared_2l_1pool
2719,4.411513917148113,0.477213179692626,3.8310647942125797,shared_2l_1pool
2720,4.401020938530564,0.46006799675524235,3.837710013613105,shared_2l_1pool
2721,4.446160979568958,0.4859559703618288,3.8571739569306374,shared_2l_1pool
2722,4.4686999171972275,0.48009189777076244,3.884978126734495,shared_2l_1pool
2723,4.489565035328269,0.4721200093626976,3.915932960808277,shared_2l_1pool
2724,4.480020143091679,0.4761971067637205,3.9013868663460016,shared_2l_1pool
2725,5.766310961917043,1.655232859775424,3.9924890734255314,shared_2l_1pool
2726,4.514273023232818,0.48554386012256145,3.9230200927704573,shared_2l_1pool
2727,4.492607899010181,0.477334950119257,3.9114169776439667,shared_2l_1pool
2728,4.452860914170742,0.47431187704205513,3.875982016324997,shared_2l_1pool
2729,4.470986081287265,0.4784208722412586,3.889175131917,shared_2l_1pool
2730,4.39845584332943,0.47176703810691833,3.824508050456643,shared_2l_1pool
2731,4.390953108668327,0.47242199070751667,3.814877010881901,shared_2l_1pool
2732,4.425653954967856,0.47361082397401333,3.846926148980856,shared_2l_1pool
2733,4.414179129526019,0.47400291077792645,3.835654119029641,shared_2l_1pool
2734,4.388662055134773,0.4783240146934986,3.805181011557579,shared_2l_1pool
2735,4.395087016746402,0.4699139390140772,3.8229639176279306,shared_2l_1pool
2736,4.388693952932954,0.47955685295164585,3.806883003562689,shared_2l_1pool
2737,4.415432922542095,0.47407113015651703,3.833348862826824,shared_2l_1pool
2738,4.406033083796501,0.4761139862239361,3.8261529989540577,shared_2l_1pool
2739,4.396036034449935,0.48106699250638485,3.8103722035884857,shared_2l_1pool
2740,4.378467798233032,0.4689600318670273,3.805798012763262,shared_2l_1pool
2741,5.613548215478659,1.4655408449470997,4.025313071906567,shared_2l_1pool
2742,4.47407690808177,0.48554595559835434,3.8818020839244127,shared_2l_1pool
2743,4.445964004844427,0.49581401981413364,3.846957115456462,shared_2l_1pool
2744,4.476336063817143,0.47577405348420143,3.8959039375185966,shared_2l_1pool
2745,4.515676060691476,0.48174592666327953,3.930624108761549,shared_2l_1pool
2746,4.5487110037356615,0.4830160178244114,3.9596068672835827,shared_2l_1pool
2747,4.493651911616325,0.484029995277524,3.9047980681061745,shared_2l_1pool
2748,4.478515824303031,0.46672020107507706,3.9066208992153406,shared_2l_1pool
2749,4.44205105304718,0.4894949961453676,3.8491759914904833,shared_2l_1pool
2750,4.490126157179475,0.48823305405676365,3.8967940490692854,shared_2l_1pool
2751,4.491230938583612,0.4858430474996567,3.9012390188872814,shared_2l_1pool
2752,4.4941341038793325,0.47951797023415565,3.908765036612749,shared_2l_1pool
2753,4.4479400385171175,0.4815699066966772,3.862336976453662,shared_2l_1pool
2754,4.4738000724464655,0.467618927359581,3.9019270334392786,shared_2l_1pool
2755,4.495836095884442,0.48627401702106,3.901091171428561,shared_2l_1pool
2756,4.527942975983024,0.4709288477897644,3.953344188630581,shared_2l_1pool
2757,5.616895155981183,1.5048261266201735,3.993494901806116,shared_2l_1pool
2758,4.469353007152677,0.4798190202564001,3.8833371363580227,shared_2l_1pool
2759,4.4703190214931965,0.48720487393438816,3.879267955198884,shared_2l_1pool
2760,4.519940819591284,0.48036593943834305,3.933622967451811,shared_2l_1pool
2761,4.54140012152493,0.48217782750725746,3.9543171878904104,shared_2l_1pool
2762,4.450885811820626,0.47556497156620026,3.869697917252779,shared_2l_1pool
2763,4.410955123603344,0.4869659896939993,3.8197659887373447,shared_2l_1pool
2764,4.41268808208406,0.477073946967721,3.832736983895302,shared_2l_1pool
2765,4.5216919388622046,0.4823410417884588,3.935379907488823,shared_2l_1pool
2766,4.430136876180768,0.47325785271823406,3.8521350361406803,shared_2l_1pool
2767,4.4320509769022465,0.48143696039915085,3.8471429143100977,shared_2l_1pool
2768,4.410868044942617,0.4715300165116787,3.8337258156389,shared_2l_1pool
2769,4.4326758943498135,0.4677858669310808,3.859942080453038,shared_2l_1pool
2770,4.497780930250883,0.48165000043809414,3.911748994141817,shared_2l_1pool
2771,4.497568821534514,0.47561386600136757,3.918885951861739,shared_2l_1pool
2772,5.106037016957998,0.4801531322300434,4.5217599254101515,shared_2l_1pool
2773,5.678950110450387,1.49653316475451,4.062124993652105,shared_2l_1pool
2774,4.490705905482173,0.5013900808990002,3.882152959704399,shared_2l_1pool
2775,4.493092885240912,0.4804970230907202,3.9074609521776438,shared_2l_1pool
2776,4.5161491725593805,0.49302796833217144,3.9164531044662,shared_2l_1pool
2777,4.522085189819336,0.4799158778041601,3.937913104891777,shared_2l_1pool
2778,4.463756922632456,0.4814139101654291,3.8773990236222744,shared_2l_1pool
2779,4.452330991625786,0.47108600847423077,3.8784141652286053,shared_2l_1pool
2780,4.418020835146308,0.4852861166000366,3.8244440220296383,shared_2l_1pool
2781,4.402313148602843,0.4832940176129341,3.8181848358362913,shared_2l_1pool
2782,4.4050198048353195,0.47050206921994686,3.8287630304694176,shared_2l_1pool
2783,4.409311106428504,0.48110983334481716,3.8262212183326483,shared_2l_1pool
2784,4.434667993336916,0.4800239112228155,3.849947126582265,shared_2l_1pool
2785,4.412116017192602,0.48337806947529316,3.8257150445133448,shared_2l_1pool
2786,4.436003044247627,0.47317007556557655,3.860367927700281,shared_2l_1pool
2787,4.45597106590867,0.48127281479537487,3.8665980100631714,shared_2l_1pool
2788,4.510599886998534,0.4844781942665577,3.919757902622223,shared_2l_1pool
2789,5.632550921291113,1.5172739513218403,3.9962069131433964,shared_2l_1pool
2790,4.467508988454938,0.48792618326842785,3.8738378789275885,shared_2l_1pool
2791,4.507441073656082,0.4864681977778673,3.917246824130416,shared_2l_1pool
2792,4.461211850866675,0.4801158793270588,3.875846043229103,shared_2l_1pool
2793,4.450303968042135,0.48171007074415684,3.862228011712432,shared_2l_1pool
2794,4.470965126529336,0.476097222417593,3.8889828138053417,shared_2l_1pool
2795,4.489021142944694,0.4855510778725147,3.8944340776652098,shared_2l_1pool
2796,4.4914549216628075,0.48493104986846447,3.901322837918997,shared_2l_1pool
2797,4.516585962846875,0.4879308398813009,3.9199781604111195,shared_2l_1pool
2798,4.480502102524042,0.4744608886539936,3.9014259818941355,shared_2l_1pool
2799,4.454940091818571,0.48273801803588867,3.866775892674923,shared_2l_1pool
2800,4.4098359066993,0.48035988584160805,3.824629122391343,shared_2l_1pool
2801,4.5164169277995825,0.49623195081949234,3.915191162377596,shared_2l_1pool
2802,4.516584798693657,0.4792571999132633,3.926945850253105,shared_2l_1pool
2803,4.425405990332365,0.4684198647737503,3.851894987747073,shared_2l_1pool
2804,4.428537096828222,0.48252707347273827,3.841971978545189,shared_2l_1pool
2805,5.590211134403944,1.4735599979758263,3.9986339397728443,shared_2l_1pool
2806,4.447526065632701,0.4915168974548578,3.8494430482387543,shared_2l_1pool
2807,4.430047003552318,0.4879459738731384,3.8385100197046995,shared_2l_1pool
2808,4.496576962992549,0.4849829711019993,3.9082670118659735,shared_2l_1pool
2809,4.502336960285902,0.4832260310649872,3.9165050256997347,shared_2l_1pool
2810,4.447781015187502,0.4806350916624069,3.8620978593826294,shared_2l_1pool
2811,4.397907992824912,0.4681739956140518,3.826214000582695,shared_2l_1pool
2812,4.414224997162819,0.47529791481792927,3.8343449123203754,shared_2l_1pool
2813,4.4398559257388115,0.47133094631135464,3.864740952849388,shared_2l_1pool
2814,4.521314054727554,0.4867070820182562,3.929686965420842,shared_2l_1pool
2815,4.509253893047571,0.4697898402810097,3.9369380101561546,shared_2l_1pool
2816,4.396850010380149,0.4773498512804508,3.8159210234880447,shared_2l_1pool
2817,4.434242146089673,0.47412305139005184,3.857492934912443,shared_2l_1pool
2818,4.466694081202149,0.4784839693456888,3.8835699670016766,shared_2l_1pool
2819,4.447798943147063,0.4827161319553852,3.860980039462447,shared_2l_1pool
2820,4.483008990064263,0.48642302863299847,3.8924969267100096,shared_2l_1pool
2821,5.642272997647524,1.4858660288155079,4.037147853523493,shared_2l_1pool
2822,4.488340811803937,0.5083500873297453,3.87504487298429,shared_2l_1pool
2823,4.433396039530635,0.47742086462676525,3.8498160429298878,shared_2l_1pool
2824,4.4814711436629295,0.4774080589413643,3.8994878996163607,shared_2l_1pool
2825,4.454395966604352,0.48495386727154255,3.8647709880024195,shared_2l_1pool
2826,4.514212952926755,0.4767200443893671,3.9327959530055523,shared_2l_1pool
2827,4.430548055097461,0.48430380411446095,3.842489095404744,shared_2l_1pool
2828,4.486175952479243,0.47531304880976677,3.9068018086254597,shared_2l_1pool
2829,4.42505581304431,0.4848171956837177,3.83729487657547,shared_2l_1pool
2830,4.504974000155926,0.4908361006528139,3.9094449020922184,shared_2l_1pool
2831,4.509384045377374,0.49064401537179947,3.9154409896582365,shared_2l_1pool
2832,4.497725050896406,0.48607587814331055,3.9090870413929224,shared_2l_1pool
2833,4.513158928602934,0.4900998901575804,3.9186361245810986,shared_2l_1pool
2834,4.428104963153601,0.4806169308722019,3.8442621007561684,shared_2l_1pool
2835,4.496825160458684,0.4831759724766016,3.9085871540009975,shared_2l_1pool
2836,4.424872109666467,0.4745069891214371,3.84955620393157,shared_2l_1pool
2837,5.5965089704841375,1.4679119922220707,4.010851960629225,shared_2l_1pool
2838,4.464561119675636,0.4785440396517515,3.8790309336036444,shared_2l_1pool
2839,4.460787866264582,0.48408517614006996,3.8723009638488293,shared_2l_1pool
2840,4.430150846019387,0.48049911856651306,3.845941973850131,shared_2l_1pool
2841,4.439133917912841,0.49127894453704357,3.844863036647439,shared_2l_1pool
2842,4.4494380708783865,0.475920969620347,3.86962597258389,shared_2l_1pool
2843,4.5409840531647205,0.4912249278277159,3.944850992411375,shared_2l_1pool
2844,4.51968889683485,0.48236013390123844,3.9327528793364763,shared_2l_1pool
2845,4.427553154528141,0.4848081152886152,3.839600831270218,shared_2l_1pool
2846,4.438196076080203,0.4784250631928444,3.8542449474334717,shared_2l_1pool
2847,4.475533962249756,0.48848800361156464,3.8832910358905792,shared_2l_1pool
2848,4.504455020651221,0.48338016495108604,3.9169469382613897,shared_2l_1pool
2849,4.518912872299552,0.4867550451308489,3.924191929399967,shared_2l_1pool
2850,4.516570130363107,0.4774080589413643,3.9360318332910538,shared_2l_1pool
2851,4.439873853698373,0.480791088193655,3.8567918818444014,shared_2l_1pool
2852,4.476822912693024,0.4769880324602127,3.897957969456911,shared_2l_1pool
2853,5.699833855032921,1.5012731309980154,4.0179837960749865,shared_2l_1pool
2854,4.527680110186338,0.49160514026880264,3.9294909220188856,shared_2l_1pool
2855,4.516312154009938,0.4964179825037718,3.9153308607637882,shared_2l_1pool
2856,4.598564002662897,0.4774918779730797,4.01425501331687,shared_2l_1pool
2857,4.451562184840441,0.48834201879799366,3.858041949570179,shared_2l_1pool
2858,4.4811381958425045,0.4818360321223736,3.894224064424634,shared_2l_1pool
2859,4.523643990978599,0.49351505003869534,3.924461780115962,shared_2l_1pool
2860,4.5328340493142605,0.4841939080506563,3.9436109364032745,shared_2l_1pool
2861,4.4268721248954535,0.48529403284192085,3.836953081190586,shared_2l_1pool
2862,4.529361147433519,0.4756590351462364,3.949579084292054,shared_2l_1pool
2863,4.412386100739241,0.47594401985406876,3.832475980743766,shared_2l_1pool
2864,4.443519050255418,0.4687970504164696,3.8679169956594706,shared_2l_1pool
2865,4.420191049575806,0.48407004214823246,3.8310580421239138,shared_2l_1pool
2866,4.429348977282643,0.48512709327042103,3.8409929256886244,shared_2l_1pool
2867,4.49202605523169,0.48108212649822235,3.9096339605748653,shared_2l_1pool
2868,4.485005978494883,0.475417822599411,3.9056441746652126,shared_2l_1pool
2869,5.636926041916013,1.4864311087876558,4.03202697634697,shared_2l_1pool
2870,4.537096014246345,0.49614603631198406,3.9364658296108246,shared_2l_1pool
2871,4.477317910641432,0.49559585750102997,3.8785210344940424,shared_2l_1pool
2872,4.417459014803171,0.4837589804083109,3.8304440677165985,shared_2l_1pool
2873,4.433090100064874,0.4814700223505497,3.8491568993777037,shared_2l_1pool
2874,4.488925915211439,0.47501991502940655,3.910630941390991,shared_2l_1pool
2875,4.518481902778149,0.4913089796900749,3.9237341843545437,shared_2l_1pool
2876,4.425909835845232,0.4799279849976301,3.8428599946200848,shared_2l_1pool
2877,4.435145063325763,0.489481957629323,3.8399260956794024,shared_2l_1pool
2878,4.427467007189989,0.4721628502011299,3.85170616209507,shared_2l_1pool
2879,4.420251119881868,0.47765509225428104,3.8386709056794643,shared_2l_1pool
2880,4.4681450817734,0.48199319280683994,3.8823678623884916,shared_2l_1pool
2881,4.495392087846994,0.49042701721191406,3.90160595998168,shared_2l_1pool
2882,4.437129013240337,0.4878139588981867,3.8444821257144213,shared_2l_1pool
2883,4.536594962701201,0.49041304737329483,3.9057310204952955,shared_2l_1pool
2884,4.536899039521813,0.4982978571206331,3.926370060071349,shared_2l_1pool
2885,5.648846970871091,1.4668791554868221,4.063796019181609,shared_2l_1pool
2886,4.506133031100035,0.498706940561533,3.9006879087537527,shared_2l_1pool
2887,4.48036496527493,0.4936989862471819,3.876246977597475,shared_2l_1pool
2888,4.490207182243466,0.48371381126344204,3.901920048519969,shared_2l_1pool
2889,4.470964893698692,0.4869680851697922,3.8765030913054943,shared_2l_1pool
2890,4.4766010250896215,0.4800790920853615,3.8933339528739452,shared_2l_1pool
2891,4.421344958245754,0.4852539859712124,3.830221015959978,shared_2l_1pool
2892,4.446066915988922,0.4807710647583008,3.8617970421910286,shared_2l_1pool
2893,4.44599287584424,0.48222881741821766,3.860417054966092,shared_2l_1pool
2894,4.491828847676516,0.5028201267123222,3.885815851390362,shared_2l_1pool
2895,4.505869001150131,0.48196897841989994,3.917667083442211,shared_2l_1pool
2896,4.419353092089295,0.48576388508081436,3.828757908195257,shared_2l_1pool
2897,4.422402940690517,0.4870370030403137,3.8314000703394413,shared_2l_1pool
2898,4.455426009371877,0.482435105368495,3.8707300554960966,shared_2l_1pool
2899,4.497518064454198,0.47502201050519943,3.9185318164527416,shared_2l_1pool
2900,4.402774851769209,0.4818500019609928,3.815745934844017,shared_2l_1pool
2901,5.594043992459774,1.4803640078753233,3.9974439423531294,shared_2l_1pool
2902,4.509341903030872,0.5009761080145836,3.902057884261012,shared_2l_1pool
2903,4.465469857677817,0.4843960050493479,3.8798830937594175,shared_2l_1pool
2904,4.493999062106013,0.4914151504635811,3.8980578538030386,shared_2l_1pool
2905,4.513619001954794,0.4847778473049402,3.924623131752014,shared_2l_1pool
2906,4.423677921295166,0.4888661205768585,3.8295118138194084,shared_2l_1pool
2907,4.437122959643602,0.4816239234060049,3.852355992421508,shared_2l_1pool
2908,4.464427009224892,0.49503007903695107,3.8650031201541424,shared_2l_1pool
2909,4.474221030250192,0.481263967230916,3.8910009898245335,shared_2l_1pool
2910,4.53029596246779,0.49703381955623627,3.930686041712761,shared_2l_1pool
2911,4.501001909375191,0.47812401317059994,3.9186489302664995,shared_2l_1pool
2912,4.451838089153171,0.4892421420663595,3.853847971186042,shared_2l_1pool
2913,4.440246848389506,0.4980270750820637,3.838428994640708,shared_2l_1pool
2914,4.412845941260457,0.47647906467318535,3.832812886685133,shared_2l_1pool
2915,4.484738921746612,0.4842448979616165,3.8976280484348536,shared_2l_1pool
2916,4.479992901906371,0.47598895616829395,3.9011859335005283,shared_2l_1pool
2917,5.613148910924792,1.477980986237526,4.017143044620752,shared_2l_1pool
2918,4.517392022535205,0.490234000608325,3.9171657990664244,shared_2l_1pool
2919,4.47986600920558,0.4893180448561907,3.886610036715865,shared_2l_1pool
2920,4.494053078815341,0.4959600046277046,3.8934580516070127,shared_2l_1pool
2921,4.420767072588205,0.48952014185488224,3.8262938614934683,shared_2l_1pool
2922,4.422482801601291,0.4825869109481573,3.8371370173990726,shared_2l_1pool
2923,4.410479916259646,0.48670009709894657,3.8215878885239363,shared_2l_1pool
2924,4.4065171387046576,0.48220506869256496,3.8231140933930874,shared_2l_1pool
2925,4.410143010318279,0.48236013390123844,3.825040999799967,shared_2l_1pool
2926,4.412720911204815,0.477661844342947,3.835015930235386,shared_2l_1pool
2927,4.401695914566517,0.48730894923210144,3.8121941033750772,shared_2l_1pool
2928,4.374391864985228,0.48529705964028835,3.786614863201976,shared_2l_1pool
2929,4.397779935970902,0.48065604642033577,3.8147559389472008,shared_2l_1pool
2930,4.485138924792409,0.4786709323525429,3.9017111994326115,shared_2l_1pool
2931,4.421473015099764,0.48012007027864456,3.8373388815671206,shared_2l_1pool
2932,4.391496069729328,0.4877941682934761,3.7977558095008135,shared_2l_1pool
2933,5.583496065810323,1.471314113587141,3.993348916992545,shared_2l_1pool
2934,4.47301403619349,0.5125650204718113,3.8530868478119373,shared_2l_1pool
2935,4.4764019548892975,0.489845871925354,3.8830230478197336,shared_2l_1pool
2936,4.491724073886871,0.4928328562527895,3.892039181664586,shared_2l_1pool
2937,4.477294161915779,0.486510107293725,3.8868000265210867,shared_2l_1pool
2938,4.447186132892966,0.4849191755056381,3.8543168921023607,shared_2l_1pool
2939,4.409884102642536,0.48140506260097027,3.824840998277068,shared_2l_1pool
2940,4.436174174770713,0.48518297262489796,3.845921950414777,shared_2l_1pool
2941,4.399353172630072,0.4942570813000202,3.8022720254957676,shared_2l_1pool
2942,4.46038693189621,0.48005301505327225,3.875499125570059,shared_2l_1pool
2943,4.476570058614016,0.4908849950879812,3.880708012729883,shared_2l_1pool
2944,4.461142932996154,0.48036384396255016,3.877377137541771,shared_2l_1pool
2945,4.4031410943716764,0.48945285379886627,3.812846029177308,shared_2l_1pool
2946,4.496513865888119,0.47972099855542183,3.9114041719585657,shared_2l_1pool
2947,4.406471969559789,0.48315594904124737,3.8155249785631895,shared_2l_1pool
2948,4.465543897822499,0.47758291475474834,3.884475212544203,shared_2l_1pool
2949,5.617522168904543,1.4659359585493803,4.031911958009005,shared_2l_1pool
2950,4.495698027312756,0.49585592932999134,3.8935751654207706,shared_2l_1pool
2951,4.525848897174001,0.49857585690915585,3.921909024938941,shared_2l_1pool
2952,4.506508121266961,0.47751213423907757,3.9239698089659214,shared_2l_1pool
2953,4.440921125933528,0.4811228718608618,3.8550400640815496,shared_2l_1pool
2954,4.425867926329374,0.47418195754289627,3.8464588578790426,shared_2l_1pool
2955,4.485771991312504,0.48834201879799366,3.8921688683331013,shared_2l_1pool
2956,4.506905097514391,0.48746191896498203,3.912988118827343,shared_2l_1pool
2957,4.509686958044767,0.49334694631397724,3.9102500304579735,shared_2l_1pool
2958,4.443350015208125,0.48202183097600937,3.8556340150535107,shared_2l_1pool
2959,4.477284150198102,0.4839361645281315,3.885664977133274,shared_2l_1pool
2960,4.474029876291752,0.4942591767758131,3.8768178783357143,shared_2l_1pool
2961,4.499074071645737,0.4845180083066225,3.9090069476515055,shared_2l_1pool
2962,4.431364126503468,0.47887908294796944,3.843007842078805,shared_2l_1pool
2963,4.423118196427822,0.47857919707894325,3.8396769668906927,shared_2l_1pool
2964,4.432742018252611,0.4881680943071842,3.8388289976865053,shared_2l_1pool
2965,5.629620980471373,1.4730950351804495,4.0394950192421675,shared_2l_1pool
2966,4.546618089079857,0.4999348893761635,3.9397331420332193,shared_2l_1pool
2967,4.448480904102325,0.4891192074865103,3.8563429843634367,shared_2l_1pool
2968,4.450346110388637,0.49021001905202866,3.8575329817831516,shared_2l_1pool
2969,4.527177894487977,0.5020811222493649,3.922944888472557,shared_2l_1pool
2970,4.495966015383601,0.48894109204411507,3.9016290102154016,shared_2l_1pool
2971,4.514625994488597,0.4833159036934376,3.9263681974262,shared_2l_1pool
2972,4.505797056481242,0.4894621670246124,3.913559950888157,shared_2l_1pool
2973,4.506627097725868,0.47513912431895733,3.9295097813010216,shared_2l_1pool
2974,4.437256138771772,0.4864840302616358,3.841185010969639,shared_2l_1pool
2975,4.438484087586403,0.49852393567562103,3.836844116449356,shared_2l_1pool
2976,4.422358935698867,0.48830220475792885,3.8315849378705025,shared_2l_1pool
2977,4.443311132490635,0.47774496488273144,3.864636179059744,shared_2l_1pool
2978,4.415819887071848,0.4964179825037718,3.8147910963743925,shared_2l_1pool
2979,4.415108123794198,0.48009795136749744,3.8324480410665274,shared_2l_1pool
2980,4.447970073670149,0.4947660490870476,3.8491501472890377,shared_2l_1pool
2981,5.611008033156395,1.4549980405718088,4.037143895402551,shared_2l_1pool
2982,4.46152500808239,0.4970391746610403,3.858495969325304,shared_2l_1pool
2983,4.480783827602863,0.48166699707508087,3.895859932526946,shared_2l_1pool
2984,4.491428844630718,0.49419584684073925,3.8915721233934164,shared_2l_1pool
2985,4.4390978291630745,0.4721018485724926,3.8634710945189,shared_2l_1pool
2986,4.427395993843675,0.48705795779824257,3.837245050817728,shared_2l_1pool
2987,4.411706002429128,0.47400896437466145,3.833845956251025,shared_2l_1pool
2988,4.466019105166197,0.4855869337916374,3.8759210146963596,shared_2l_1pool
2989,4.500098992139101,0.5036978982388973,3.8923569954931736,shared_2l_1pool
2990,4.442413803189993,0.4838330205529928,3.854145063087344,shared_2l_1pool
2991,4.431714070960879,0.49035996198654175,3.8346669171005487,shared_2l_1pool
2992,4.463645163923502,0.4829620011150837,3.875091904774308,shared_2l_1pool
2993,4.498122958466411,0.4891469143331051,3.904760116711259,shared_2l_1pool
2994,4.4238390401005745,0.48528192564845085,3.834345145151019,shared_2l_1pool
2995,4.461111035197973,0.48362789675593376,3.873765002936125,shared_2l_1pool
2996,4.506889032199979,0.48667495138943195,3.913915017619729,shared_2l_1pool
2997,5.564959952607751,1.4785442035645247,3.969313809648156,shared_2l_1pool
2998,4.465827019885182,0.489167170599103,3.873012959957123,shared_2l_1pool
2999,4.480679985135794,0.5001218523830175,3.8753091357648373,shared_2l_1pool
3000,4.511479986831546,0.4853089340031147,3.920371178537607,shared_2l_1pool
3001,4.403012106195092,0.4936859477311373,3.8066930137574673,shared_2l_1pool
3002,4.435305017977953,0.4855250008404255,3.847277956083417,shared_2l_1pool
3003,4.428969928994775,0.5015570204705,3.8203648291528225,shared_2l_1pool
3004,4.419251112267375,0.4756208509206772,3.839458106085658,shared_2l_1pool
3005,4.4331420212984085,0.502999871969223,3.8275900296866894,shared_2l_1pool
3006,4.482036922127008,0.49463589675724506,3.8822409696877003,shared_2l_1pool
3007,4.452964058145881,0.4886961542069912,3.8616240490227938,shared_2l_1pool
3008,4.550067009404302,0.49122399650514126,3.9537011180073023,shared_2l_1pool
3009,4.432559013366699,0.4777461290359497,3.8530759047716856,shared_2l_1pool
3010,4.439464071765542,0.4759121220558882,3.8588768802583218,shared_2l_1pool
3011,4.450059961527586,0.4868779797106981,3.8603111170232296,shared_2l_1pool
3012,4.472933942452073,0.486115925014019,3.88401304371655,shared_2l_1pool
3013,5.60885202139616,1.474810065701604,4.014010075479746,shared_2l_1pool
3014,4.536096006631851,0.5045640282332897,3.9247178938239813,shared_2l_1pool
3015,4.506372148171067,0.48510078340768814,3.9168621879070997,shared_2l_1pool
3016,4.487694939598441,0.48186490312218666,3.9031750056892633,shared_2l_1pool
3017,4.453354049474001,0.48314896412193775,3.8649491034448147,shared_2l_1pool
3018,4.489680984988809,0.49789203330874443,3.886546939611435,shared_2l_1pool
3019,4.458018112927675,0.4976089112460613,3.8555660285055637,shared_2l_1pool
3020,4.517880966886878,0.500907888635993,3.9137129206210375,shared_2l_1pool
3021,4.498702008277178,0.4823850467801094,3.912226064130664,shared_2l_1pool
3022,4.502126015722752,0.4971108864992857,3.899089992046356,shared_2l_1pool
3023,4.5208679512143135,0.48031797632575035,3.935414832085371,shared_2l_1pool
3024,4.486969904974103,0.49603916704654694,3.886997001245618,shared_2l_1pool
3025,4.488068865612149,0.48728217370808125,3.896435024216771,shared_2l_1pool
3026,4.48839901946485,0.4955660551786423,3.8885839749127626,shared_2l_1pool
3027,4.489707062020898,0.49066590145230293,3.895126050338149,shared_2l_1pool
3028,4.517636960372329,0.4995148628950119,3.913996974006295,shared_2l_1pool
3029,5.606275983154774,1.4666910283267498,4.022032953798771,shared_2l_1pool
3030,4.555357154458761,0.5066280718892813,3.942152950912714,shared_2l_1pool
3031,4.4062999077141285,0.49149105325341225,3.8108709268271923,shared_2l_1pool
3032,4.424802027642727,0.49144611693918705,3.8286768831312656,shared_2l_1pool
3033,4.422112135216594,0.48630894161760807,3.8341630715876818,shared_2l_1pool
3034,4.426453961059451,0.4919390194118023,3.829080145806074,shared_2l_1pool
3035,4.458768991753459,0.48721395432949066,3.8682990707457066,shared_2l_1pool
3036,4.45591495372355,0.489870086312294,3.860649885609746,shared_2l_1pool
3037,4.490487975999713,0.49975886940956116,3.8870000280439854,shared_2l_1pool
3038,4.513151943683624,0.4929101560264826,3.915119916200638,shared_2l_1pool
3039,4.430379951372743,0.49432809464633465,3.8326738867908716,shared_2l_1pool
3040,4.451568005606532,0.4928959533572197,3.851700108498335,shared_2l_1pool
3041,4.421896999701858,0.4866640083491802,3.834614995867014,shared_2l_1pool
3042,4.41347504965961,0.4896600730717182,3.8208409678190947,shared_2l_1pool
3043,4.409875953570008,0.48500183038413525,3.8220579735934734,shared_2l_1pool
3044,4.493993939831853,0.48665283247828484,3.903832985088229,shared_2l_1pool
3045,5.619161995127797,1.4883959665894508,4.0120689664036036,shared_2l_1pool
3046,4.522213013842702,0.4943888634443283,3.921467112377286,shared_2l_1pool
3047,4.501385148614645,0.48027304001152515,3.9104861207306385,shared_2l_1pool
3048,4.42680693231523,0.4911541473120451,3.8311739917844534,shared_2l_1pool
3049,4.420282086357474,0.4996790084987879,3.8168421015143394,shared_2l_1pool
3050,4.489868180826306,0.5000021774321795,3.8873800076544285,shared_2l_1pool
3051,4.517070017755032,0.498725101351738,3.912532003596425,shared_2l_1pool
3052,4.5121770817786455,0.47927279956638813,3.9295381866395473,shared_2l_1pool
3053,4.489863058552146,0.5012811161577702,3.884394885972142,shared_2l_1pool
3054,4.437090829014778,0.4839720204472542,3.848213003948331,shared_2l_1pool
3055,4.402366932481527,0.492217019200325,3.8051099982112646,shared_2l_1pool
3056,4.498502006754279,0.48896693624556065,3.905822057276964,shared_2l_1pool
3057,4.508584039285779,0.4950051661580801,3.907729871571064,shared_2l_1pool
3058,4.411545814946294,0.4838688764721155,3.824461018666625,shared_2l_1pool
3059,4.462470067664981,0.5039589013904333,3.8555508945137262,shared_2l_1pool
3060,4.426573868840933,0.48864493146538734,3.83352511562407,shared_2l_1pool
3061,5.634529981762171,1.4855049084872007,4.029655130580068,shared_2l_1pool
3062,4.505872027948499,0.49537187442183495,3.904713084921241,shared_2l_1pool
3063,4.516536835581064,0.5045949947088957,3.907850943505764,shared_2l_1pool
3064,4.519979935139418,0.4885829985141754,3.924044081941247,shared_2l_1pool
3065,4.427715903148055,0.495315995067358,3.827681066468358,shared_2l_1pool
3066,4.405912011861801,0.48037292435765266,3.8224179297685623,shared_2l_1pool
3067,4.410465015098453,0.4975111223757267,3.811130067333579,shared_2l_1pool
3068,4.4845170341432095,0.4902021028101444,3.889744868502021,shared_2l_1pool
3069,4.45780879817903,0.49332110211253166,3.8594419602304697,shared_2l_1pool
3070,4.456789931282401,0.48603606410324574,3.867089981213212,shared_2l_1pool
3071,4.542857874184847,0.506452051922679,3.927231067791581,shared_2l_1pool
3072,4.506056196987629,0.5026101134717464,3.900738898664713,shared_2l_1pool
3073,4.421076038852334,0.4933991003781557,3.8245730102062225,shared_2l_1pool
3074,4.499151138588786,0.4935020115226507,3.9019000250846148,shared_2l_1pool
3075,4.439087817445397,0.48282300122082233,3.8537131622433662,shared_2l_1pool
3076,4.4904351234436035,0.48959418199956417,3.8963689003139734,shared_2l_1pool
3077,5.6538020726293325,1.4928060118108988,4.046435002237558,shared_2l_1pool
3078,4.47069713845849,0.4989542067050934,3.865075996145606,shared_2l_1pool
3079,4.512917948886752,0.5039558745920658,3.901301184669137,shared_2l_1pool
3080,4.538754932582378,0.49109593965113163,3.942762967199087,shared_2l_1pool
3081,4.511815961450338,0.49509783275425434,3.9135641418397427,shared_2l_1pool
3082,4.404987907037139,0.4829969257116318,3.8201480638235807,shared_2l_1pool
3083,4.517909837886691,0.4916191101074219,3.9247539825737476,shared_2l_1pool
3084,4.422212019562721,0.4952079616487026,3.823888022452593,shared_2l_1pool
3085,4.42367815412581,0.4874479491263628,3.8319979794323444,shared_2l_1pool
3086,4.427273059263825,0.48920209519565105,3.834561910480261,shared_2l_1pool
3087,4.412601934745908,0.48983702436089516,3.8186870515346527,shared_2l_1pool
3088,4.457023926079273,0.48983003944158554,3.865746781229973,shared_2l_1pool
3089,4.505604039877653,0.4904721863567829,3.9104879833757877,shared_2l_1pool
3090,4.515087930485606,0.49677700735628605,3.9132290985435247,shared_2l_1pool
3091,4.4297389686107635,0.4805589560419321,3.845504019409418,shared_2l_1pool
3092,4.427493084222078,0.4960070364177227,3.8276470731943846,shared_2l_1pool
3093,5.620078882202506,1.4802601654082537,4.0230038575828075,shared_2l_1pool
3094,4.533007042482495,0.5092089995741844,3.9192538242787123,shared_2l_1pool
3095,4.519766895100474,0.4907150287181139,3.926795907318592,shared_2l_1pool
3096,4.566181916743517,0.498772831633687,3.9612511172890663,shared_2l_1pool
3097,4.438921110704541,0.4907578695565462,3.8453610613942146,shared_2l_1pool
3098,4.455400863662362,0.4959949292242527,3.8567499723285437,shared_2l_1pool
3099,4.467746010050178,0.4836651496589184,3.88048286549747,shared_2l_1pool
3100,4.5338470954447985,0.4987760912626982,3.932381048798561,shared_2l_1pool
3101,4.489509155973792,0.48739113844931126,3.898331895470619,shared_2l_1pool
3102,4.4318330474197865,0.4937509074807167,3.8345791399478912,shared_2l_1pool
3103,4.447120940312743,0.48593501560389996,3.8576179649680853,shared_2l_1pool
3104,4.433355061337352,0.4927041009068489,3.8353230338543653,shared_2l_1pool
3105,4.415817093104124,0.49056089483201504,3.8238069973886013,shared_2l_1pool
3106,4.450824810191989,0.501939794048667,3.8458420895040035,shared_2l_1pool
3107,4.528125980868936,0.4881839267909527,3.9355941116809845,shared_2l_1pool
3108,4.521233960986137,0.5024408455938101,3.9082420989871025,shared_2l_1pool
3109,5.802642088383436,1.6586179845035076,4.024499095976353,shared_2l_1pool
3110,4.528624936938286,0.5259420722723007,3.8957649376243353,shared_2l_1pool
3111,4.541102796792984,0.49781007692217827,3.9374278858304024,shared_2l_1pool
3112,4.508610116317868,0.4996911156922579,3.897785907611251,shared_2l_1pool
3113,4.53504198230803,0.5007521249353886,3.927398007363081,shared_2l_1pool
3114,4.518789937719703,0.48807309940457344,3.9240429177880287,shared_2l_1pool
3115,4.454640904441476,0.48917997628450394,3.8561378605663776,shared_2l_1pool
3116,4.454560112208128,0.4934400785714388,3.856790019199252,shared_2l_1pool
3117,4.427524982020259,0.4858151078224182,3.837158903479576,shared_2l_1pool
3118,4.422306083142757,0.4945811815559864,3.823756007477641,shared_2l_1pool
3119,4.434333182871342,0.48410496674478054,3.8459920324385166,shared_2l_1pool
3120,4.434040980413556,0.5012450274080038,3.829455003142357,shared_2l_1pool
3121,4.542517941445112,0.49050990492105484,3.9471681229770184,shared_2l_1pool
3122,4.484426928684115,0.5009949672967196,3.8791310507804155,shared_2l_1pool
3123,4.549772944301367,0.4915508907288313,3.9540950674563646,shared_2l_1pool
3124,4.456877009943128,0.4955688491463661,3.85643495246768,shared_2l_1pool
3125,5.610015941783786,1.4782538637518883,4.013692028820515,shared_2l_1pool
3126,4.494905937463045,0.5042559932917356,3.884935984387994,shared_2l_1pool
3127,4.529566969722509,0.4933900199830532,3.930959850549698,shared_2l_1pool
3128,4.454772919416428,0.49561006017029285,3.8539280649274588,shared_2l_1pool
3129,4.43802890367806,0.4976398777216673,3.8377412129193544,shared_2l_1pool
3130,4.4582439586520195,0.4951721057295799,3.8577080704271793,shared_2l_1pool
3131,4.429657943546772,0.4857289604842663,3.8420569617301226,shared_2l_1pool
3132,4.500846844166517,0.5035670474171638,3.893786109983921,shared_2l_1pool
3133,4.526961827650666,0.5036781076341867,3.9214929565787315,shared_2l_1pool
3134,4.535256884992123,0.5097589455544949,3.920988878235221,shared_2l_1pool
3135,4.518144065514207,0.48924493603408337,3.9265139494091272,shared_2l_1pool
3136,4.467175109311938,0.48787007108330727,3.876429982483387,shared_2l_1pool
3137,4.448703024536371,0.4950151778757572,3.8520328234881163,shared_2l_1pool
3138,4.450567997992039,0.5005979910492897,3.8455859757959843,shared_2l_1pool
3139,4.429018823429942,0.4952398594468832,3.8331509567797184,shared_2l_1pool
3140,4.463544115424156,0.4973320756107569,3.863629885017872,shared_2l_1pool
3141,5.609943997114897,1.470580929890275,4.020082065835595,shared_2l_1pool
3142,4.4904418755322695,0.5082031711935997,3.8784409407526255,shared_2l_1pool
3143,4.534409148618579,0.4967460408806801,3.931361949071288,shared_2l_1pool
3144,4.497743910178542,0.49959798343479633,3.893928835168481,shared_2l_1pool
3145,4.503641044721007,0.49037812277674675,3.9086940232664347,shared_2l_1pool
3146,4.498607944697142,0.4955360200256109,3.898223862051964,shared_2l_1pool
3147,4.5269508846104145,0.48559997230768204,3.935283049941063,shared_2l_1pool
3148,4.445743979886174,0.5011020693928003,3.839530050754547,shared_2l_1pool
3149,4.487859085202217,0.48431195318698883,3.899893956258893,shared_2l_1pool
3150,4.505285993218422,0.5048559978604317,3.8977849762886763,shared_2l_1pool
3151,4.50179586187005,0.49282703548669815,3.9034748915582895,shared_2l_1pool
3152,4.503085045143962,0.5050378385931253,3.893201006576419,shared_2l_1pool
3153,4.482710035517812,0.4970210138708353,3.8823250215500593,shared_2l_1pool
3154,4.5211350079625845,0.4995109047740698,3.9186570793390274,shared_2l_1pool
3155,4.536197986453772,0.4870758857578039,3.944984171539545,shared_2l_1pool
3156,4.423169884830713,0.49885991029441357,3.8213140796869993,shared_2l_1pool
3157,5.6344501208513975,1.4821311924606562,4.034946905449033,shared_2l_1pool
3158,4.477321868762374,0.5060089752078056,3.865225939080119,shared_2l_1pool
3159,4.4964400585740805,0.4930661525577307,3.901911899447441,shared_2l_1pool
3160,4.488665144890547,0.49610016867518425,3.888262901455164,shared_2l_1pool
3161,4.507917910814285,0.4948501009494066,3.9093189407140017,shared_2l_1pool
3162,4.543806193396449,0.4973839968442917,3.9403808768838644,shared_2l_1pool
3163,4.499770002439618,0.5018420051783323,3.888285020366311,shared_2l_1pool
3164,4.514649044722319,0.4969090223312378,3.913087071850896,shared_2l_1pool
3165,4.481652053073049,0.4977139178663492,3.8727971259504557,shared_2l_1pool
3166,4.473236156627536,0.49309898167848587,3.8759170565754175,shared_2l_1pool
3167,4.43756696768105,0.5030210595577955,3.8322110194712877,shared_2l_1pool
3168,4.520843969658017,0.49419491551816463,3.922685980796814,shared_2l_1pool
3169,4.548299126327038,0.4930479917675257,3.9463781286031008,shared_2l_1pool
3170,4.450010135769844,0.4922028165310621,3.855237038806081,shared_2l_1pool
3171,4.531257087364793,0.4858910106122494,3.9378658402711153,shared_2l_1pool
3172,4.5019940007478,0.48688892275094986,3.909112187102437,shared_2l_1pool
3173,5.645157070830464,1.481550047174096,4.042804008349776,shared_2l_1pool
3174,4.473763983696699,0.5023381672799587,3.865188919007778,shared_2l_1pool
3175,4.497298039495945,0.5244310013949871,3.8676438853144646,shared_2l_1pool
3176,4.555925028398633,0.497305067256093,3.952415892854333,shared_2l_1pool
3177,4.531275015324354,0.5070411134511232,3.9189548697322607,shared_2l_1pool
3178,4.5616962015628815,0.4894530866295099,3.967603901401162,shared_2l_1pool
3179,4.479697206988931,0.5117340479046106,3.863885998725891,shared_2l_1pool
3180,4.436115035787225,0.49378187395632267,3.836377989500761,shared_2l_1pool
3181,4.509160062298179,0.4986629355698824,3.9046560414135456,shared_2l_1pool
3182,4.4862201903015375,0.5033719353377819,3.8754260167479515,shared_2l_1pool
3183,4.453907022252679,0.5031370092183352,3.8461689837276936,shared_2l_1pool
3184,4.448886960744858,0.4972198512405157,3.8491981104016304,shared_2l_1pool
3185,4.456523805856705,0.5012389738112688,3.8514991756528616,shared_2l_1pool
3186,4.51126997359097,0.49281399697065353,3.9116989355534315,shared_2l_1pool
3187,4.482200834900141,0.5054951179772615,3.871731925755739,shared_2l_1pool
3188,4.488901002332568,0.48973411321640015,3.895147005096078,shared_2l_1pool
3189,5.62283699400723,1.4858560170978308,4.01282892562449,shared_2l_1pool
3190,4.540743073448539,0.5065069999545813,3.9283689111471176,shared_2l_1pool
3191,4.550168989226222,0.5046830046921968,3.9410139434039593,shared_2l_1pool
3192,4.468481056392193,0.49512111581861973,3.869313048198819,shared_2l_1pool
3193,4.432769026607275,0.4970019217580557,3.832749091088772,shared_2l_1pool
3194,4.462344804778695,0.4939350765198469,3.8648899644613266,shared_2l_1pool
3195,4.538154928013682,0.5033130291849375,3.9313689339905977,shared_2l_1pool
3196,4.4518220238387585,0.4923709202557802,3.8545241113752127,shared_2l_1pool
3197,4.473969107493758,0.5016291979700327,3.870079992339015,shared_2l_1pool
3198,4.519002977758646,0.5032739136368036,3.910191124305129,shared_2l_1pool
3199,4.539715126156807,0.5083901342004538,3.92831489443779,shared_2l_1pool
3200,4.503321135416627,0.4936999175697565,3.906714031472802,shared_2l_1pool
3201,4.461587173864245,0.5048839375376701,3.8537541404366493,shared_2l_1pool
3202,4.431299865245819,0.48823910765349865,3.84031911380589,shared_2l_1pool
3203,4.452942172065377,0.5000210367143154,3.8513559848070145,shared_2l_1pool
3204,4.497047048062086,0.5038632079958916,3.8896489422768354,shared_2l_1pool
3205,5.653098924085498,1.4913319610059261,4.042715998366475,shared_2l_1pool
3206,4.516371991485357,0.5055391229689121,3.902544965967536,shared_2l_1pool
3207,4.528732970356941,0.5082378629595041,3.916009096428752,shared_2l_1pool
3208,4.506944911554456,0.4984680563211441,3.9032918866723776,shared_2l_1pool
3209,4.51911985874176,0.5026129074394703,3.910890081897378,shared_2l_1pool
3210,4.468240076676011,0.48870500177145004,3.874835092574358,shared_2l_1pool
3211,4.454324021935463,0.4996138159185648,3.850396955385804,shared_2l_1pool
3212,4.462231881916523,0.49145217053592205,3.866717917844653,shared_2l_1pool
3213,4.4255920220166445,0.49703801050782204,3.8251520600169897,shared_2l_1pool
3214,4.422439960762858,0.49327313899993896,3.827557899057865,shared_2l_1pool
3215,4.473881097510457,0.4999889060854912,3.8687221240252256,shared_2l_1pool
3216,4.4197519309818745,0.4923769738525152,3.8234242238104343,shared_2l_1pool
3217,4.447093931958079,0.5053619388490915,3.83684691041708,shared_2l_1pool
3218,4.4583401177078485,0.4947129637002945,3.8613330107182264,shared_2l_1pool
3219,4.523606970906258,0.507409917190671,3.907503094524145,shared_2l_1pool
3220,4.51201805844903,0.5115529056638479,3.896507201716304,shared_2l_1pool
3221,5.615768022835255,1.482855062931776,4.0173649322241545,shared_2l_1pool
3222,4.512648098170757,0.5088190082460642,3.8975579664111137,shared_2l_1pool
3223,4.485189914703369,0.5115289241075516,3.867965890094638,shared_2l_1pool
3224,4.455462098121643,0.4930200520902872,3.859194926917553,shared_2l_1pool
3225,4.449064144864678,0.5050878971815109,3.84105509147048,shared_2l_1pool
3226,4.454159876331687,0.49362005665898323,3.8553960621356964,shared_2l_1pool
3227,4.507442004978657,0.5084408912807703,3.896191017702222,shared_2l_1pool
3228,4.578651860356331,0.4981111269444227,3.975540865212679,shared_2l_1pool
3229,4.475479945540428,0.5160539876669645,3.855600953102112,shared_2l_1pool
3230,4.446909064427018,0.4937038756906986,3.848778083920479,shared_2l_1pool
3231,4.516124026849866,0.5048639141023159,3.907246980816126,shared_2l_1pool
3232,4.51958691701293,0.4954931791871786,3.918806789442897,shared_2l_1pool
3233,4.476326052099466,0.4969590809196234,3.8751838728785515,shared_2l_1pool
3234,4.530725069344044,0.49836188554763794,3.9294990710914135,shared_2l_1pool
3235,4.462849115952849,0.503807095810771,3.853732952848077,shared_2l_1pool
3236,4.467163002118468,0.4916400648653507,3.8701610174030066,shared_2l_1pool
3237,5.648661172017455,1.496120821684599,4.032452125102282,shared_2l_1pool
3238,4.538564942777157,0.5040899850428104,3.9290820714086294,shared_2l_1pool
3239,4.534754902124405,0.5056469235569239,3.923431970179081,shared_2l_1pool
3240,4.528461955487728,0.495844054967165,3.929042024537921,shared_2l_1pool
3241,4.547048127278686,0.5013660993427038,3.9404670242220163,shared_2l_1pool
3242,4.464451922103763,0.4903541412204504,3.8695058319717646,shared_2l_1pool
3243,4.515625070780516,0.5028939340263605,3.9087291806936264,shared_2l_1pool
3244,4.499353934079409,0.5033090710639954,3.8939190562814474,shared_2l_1pool
3245,4.486176185309887,0.5174509715288877,3.8602871354669333,shared_2l_1pool
3246,4.480504896491766,0.4908149130642414,3.8850780110806227,shared_2l_1pool
3247,4.500429145991802,0.5038559902459383,3.853983012959361,shared_2l_1pool
3248,4.475254099816084,0.504898140206933,3.8558030501008034,shared_2l_1pool
3249,4.486022982746363,0.5129789933562279,3.867215011268854,shared_2l_1pool
3250,4.569327924400568,0.50970702432096,3.9491569623351097,shared_2l_1pool
3251,4.526585806161165,0.507683027535677,3.9136300329118967,shared_2l_1pool
3252,4.4831400737166405,0.5037379451096058,3.876520087942481,shared_2l_1pool
3253,5.643227836117148,1.4880311209708452,4.036235855892301,shared_2l_1pool
3254,4.5035958755761385,0.519143883138895,3.876808099448681,shared_2l_1pool
3255,4.530112026259303,0.501945847645402,3.9244319777935743,shared_2l_1pool
3256,4.537084139883518,0.5086169112473726,3.924890188500285,shared_2l_1pool
3257,4.503154894337058,0.49138301983475685,3.909451887011528,shared_2l_1pool
3258,4.486240912228823,0.5014548078179359,3.878229996189475,shared_2l_1pool
3259,4.417730029672384,0.4914540331810713,3.8232929073274136,shared_2l_1pool
3260,4.489911952987313,0.5117310211062431,3.871629014611244,shared_2l_1pool
3261,4.512962186709046,0.496857101097703,3.9127389900386333,shared_2l_1pool
3262,4.494461929425597,0.508646946400404,3.8813110440969467,shared_2l_1pool
3263,4.481827141717076,0.5045500583946705,3.874260000884533,shared_2l_1pool
3264,4.508290905505419,0.5078220274299383,3.894805908203125,shared_2l_1pool
3265,4.4747451320290565,0.5037931259721518,3.8689319044351578,shared_2l_1pool
3266,4.53164498321712,0.5134670063853264,3.913528984412551,shared_2l_1pool
3267,4.4371699914336205,0.49835979007184505,3.8361710030585527,shared_2l_1pool
3268,4.435853101313114,0.5076059605926275,3.8252321537584066,shared_2l_1pool
3269,5.650043021887541,1.4966169837862253,4.033955046907067,shared_2l_1pool
3270,4.486073972657323,0.5153589881956577,3.863742109388113,shared_2l_1pool
3271,4.480656934902072,0.5060231778770685,3.869293024763465,shared_2l_1pool
3272,4.463493125513196,0.5053700879216194,3.8534998893737793,shared_2l_1pool
3273,4.524311050772667,0.5094797816127539,3.9104581810534,shared_2l_1pool
3274,4.449266940355301,0.5134551320225,3.8315849378705025,shared_2l_1pool
3275,4.48796502314508,0.4958899226039648,3.888172097504139,shared_2l_1pool
3276,4.446424078196287,0.5080080591142178,3.8356271106749773,shared_2l_1pool
3277,4.499196074903011,0.5010699387639761,3.8929760921746492,shared_2l_1pool
3278,4.511469975113869,0.5026189610362053,3.906144993379712,shared_2l_1pool
3279,4.469422856345773,0.49829017370939255,3.867998020723462,shared_2l_1pool
3280,4.445528844371438,0.5079091060906649,3.8336568977683783,shared_2l_1pool
3281,4.402663093060255,0.4929918795824051,3.8053360767662525,shared_2l_1pool
3282,4.426863044500351,0.5051360931247473,3.8189778570085764,shared_2l_1pool
3283,4.398785997182131,0.5119640845805407,3.7827538326382637,shared_2l_1pool
3284,4.488252103328705,0.48677786253392696,3.8980410899966955,shared_2l_1pool
3285,5.601499928161502,1.5032419469207525,3.9823930710554123,shared_2l_1pool
3286,4.5457519590854645,0.5197310820221901,3.9175080601125956,shared_2l_1pool
3287,4.4606688898056746,0.5135848186910152,3.84485418908298,shared_2l_1pool
3288,4.458783892914653,0.5116069223731756,3.843527054414153,shared_2l_1pool
3289,4.4512751046568155,0.5027679726481438,3.8430369459092617,shared_2l_1pool
3290,4.449788946658373,0.4979840014129877,3.846636041998863,shared_2l_1pool
3291,4.448054125532508,0.5083000287413597,3.8352878764271736,shared_2l_1pool
3292,4.421742167323828,0.5004310514777899,3.8183829747140408,shared_2l_1pool
3293,4.4320260640233755,0.5078429821878672,3.8221171125769615,shared_2l_1pool
3294,4.415684845298529,0.49100001342594624,3.8208761252462864,shared_2l_1pool
3295,4.566079005599022,0.5034629721194506,3.9589800871908665,shared_2l_1pool
3296,4.45445510558784,0.5089780315756798,3.8419400807470083,shared_2l_1pool
3297,4.490713123232126,0.5072529893368483,3.8800330366939306,shared_2l_1pool
3298,4.499133909121156,0.4997020587325096,3.89372487552464,shared_2l_1pool
3299,4.526800010353327,0.5096499808132648,3.9123171009123325,shared_2l_1pool
3300,4.44628787226975,0.4968650173395872,3.8442679215222597,shared_2l_1pool
3301,5.6138369254767895,1.493243034929037,4.00236202403903,shared_2l_1pool
3302,4.539396846666932,0.5094150546938181,3.9240489713847637,shared_2l_1pool
3303,4.546055104583502,0.5308541003614664,3.9097347762435675,shared_2l_1pool
3304,4.538685781881213,0.5172020755708218,3.9177609141916037,shared_2l_1pool
3305,4.53538098372519,0.5108420737087727,3.917987924069166,shared_2l_1pool
3306,4.4888590928167105,0.49562309868633747,3.8897639606148005,shared_2l_1pool
3307,4.489285172894597,0.509308185428381,3.875917987897992,shared_2l_1pool
3308,4.51947096735239,0.49811392091214657,3.9167730137705803,shared_2l_1pool
3309,4.508150042966008,0.5080660339444876,3.89697914943099,shared_2l_1pool
3310,4.530976992100477,0.5163578316569328,3.90342203900218,shared_2l_1pool
3311,4.519663052633405,0.4899378400295973,3.9234331343322992,shared_2l_1pool
3312,4.439236829057336,0.5068960599601269,3.82829993031919,shared_2l_1pool
3313,4.447679966688156,0.5030969623476267,3.835827112197876,shared_2l_1pool
3314,4.473593086004257,0.5286349914968014,3.842664882540703,shared_2l_1pool
3315,4.433199064806104,0.5049910396337509,3.824568120762706,shared_2l_1pool
3316,4.460569936782122,0.49993209540843964,3.855189075693488,shared_2l_1pool
3317,5.656846798956394,1.4960048720240593,4.042929038405418,shared_2l_1pool
3318,4.545764997601509,0.5152730736881495,3.9234310388565063,shared_2l_1pool
3319,4.490775056183338,0.49565499648451805,3.8942289538681507,shared_2l_1pool
3320,4.560986068099737,0.5016219802200794,3.9547099731862545,shared_2l_1pool
3321,4.535410786047578,0.5078790709376335,3.923682030290365,shared_2l_1pool
3322,4.45456407032907,0.5070101469755173,3.8443938829004765,shared_2l_1pool
3323,4.528565099462867,0.5037419032305479,3.922385163605213,shared_2l_1pool
3324,4.594455938786268,0.5385170225054026,3.948584897443652,shared_2l_1pool
3325,4.528501071035862,0.5050869658589363,3.920830087736249,shared_2l_1pool
3326,4.517924971878529,0.5046781152486801,3.908758983016014,shared_2l_1pool
3327,4.454831127077341,0.5050140898674726,3.8454290479421616,shared_2l_1pool
3328,4.51313890516758,0.5116697866469622,3.897261107340455,shared_2l_1pool
3329,4.532994935289025,0.5032939370721579,3.9240610785782337,shared_2l_1pool
3330,4.449635976925492,0.5100448615849018,3.835133044049144,shared_2l_1pool
3331,4.463054006919265,0.5017060320824385,3.857653122395277,shared_2l_1pool
3332,4.454146837815642,0.5136539693921804,3.8361570332199335,shared_2l_1pool
3333,5.648512858897448,1.4992270153015852,4.032011842355132,shared_2l_1pool
3334,4.528130870312452,0.519155990332365,3.9035629015415907,shared_2l_1pool
3335,4.529943922534585,0.5132979713380337,3.9108828641474247,shared_2l_1pool
3336,4.525315947830677,0.5129261408001184,3.909274935722351,shared_2l_1pool
3337,4.495454020798206,0.5011430475860834,3.8900701329112053,shared_2l_1pool
3338,4.471215885132551,0.5128961056470871,3.857129020616412,shared_2l_1pool
3339,4.5599439181387424,0.5070618353784084,3.9446211885660887,shared_2l_1pool
3340,4.461766919121146,0.5010771565139294,3.8561930414289236,shared_2l_1pool
3341,4.485246958211064,0.5121049471199512,3.8708641659468412,shared_2l_1pool
3342,4.544377094134688,0.5248249508440495,3.915298031643033,shared_2l_1pool
3343,4.526339937001467,0.5078818649053574,3.911087056621909,shared_2l_1pool
3344,4.431116860359907,0.49737002700567245,3.828904125839472,shared_2l_1pool
3345,4.45817899890244,0.501908827573061,3.852396970614791,shared_2l_1pool
3346,4.467952996492386,0.5135850515216589,3.85037693195045,shared_2l_1pool
3347,4.473177948966622,0.4962210077792406,3.8717591669410467,shared_2l_1pool
3348,4.495487082749605,0.5093610379844904,3.8836109451949596,shared_2l_1pool
3349,5.6504011154174805,1.4969860203564167,4.03693993575871,shared_2l_1pool
3350,4.5878770761191845,0.5067449528723955,3.974683117121458,shared_2l_1pool
3351,4.487514961510897,0.5152300000190735,3.8675752002745867,shared_2l_1pool
3352,4.5327069237828255,0.5014347843825817,3.9253809954971075,shared_2l_1pool
3353,4.53307805582881,0.5084250587970018,3.9203630294650793,shared_2l_1pool
3354,4.46545984596014,0.5017051007598639,3.8593029603362083,shared_2l_1pool
3355,4.453558940440416,0.5121689755469561,3.8378729950636625,shared_2l_1pool
3356,4.4747949577867985,0.49994210712611675,3.8706010673195124,shared_2l_1pool
3357,4.520352929830551,0.5166260525584221,3.8994569331407547,shared_2l_1pool
3358,4.543540999293327,0.4948331043124199,3.94398788921535,shared_2l_1pool
3359,4.467597929760814,0.5106928292661905,3.854517126455903,shared_2l_1pool
3360,4.439475946128368,0.5021290853619576,3.8338389713317156,shared_2l_1pool
3361,4.456155933439732,0.5088108591735363,3.843938931822777,shared_2l_1pool
3362,4.484517965465784,0.4935399629175663,3.884216072037816,shared_2l_1pool
3363,4.487822996452451,0.5139140412211418,3.870410146191716,shared_2l_1pool
3364,4.54371701925993,0.5024110432714224,3.9377540815621614,shared_2l_1pool
3365,5.668972851708531,1.5165579970926046,4.033138044178486,shared_2l_1pool
3366,4.562240093946457,0.5783301312476397,3.875880967825651,shared_2l_1pool
3367,4.466645885258913,0.5192160606384277,3.8420238997787237,shared_2l_1pool
3368,4.444902064278722,0.5083158612251282,3.8326249923557043,shared_2l_1pool
3369,4.4531619641929865,0.5119249690324068,3.8368459790945053,shared_2l_1pool
3370,4.41642408259213,0.502896960824728,3.808746114373207,shared_2l_1pool
3371,4.5109589118510485,0.5138679407536983,3.891109023243189,shared_2l_1pool
3372,4.4951478485018015,0.5044902209192514,3.8867108523845673,shared_2l_1pool
3373,4.49395808391273,0.5093000363558531,3.8793969433754683,shared_2l_1pool
3374,4.441771889105439,0.5023290868848562,3.8370999973267317,shared_2l_1pool
3375,4.452808992937207,0.5075710359960794,3.8396480958908796,shared_2l_1pool
3376,4.464269150048494,0.5033339839428663,3.857336938381195,shared_2l_1pool
3377,4.43559093400836,0.5078150425106287,3.822213038802147,shared_2l_1pool
3378,4.448523977771401,0.4990531597286463,3.844004822894931,shared_2l_1pool
3379,4.480769857764244,0.5068748723715544,3.8700790610164404,shared_2l_1pool
3380,4.450260195881128,0.5111971404403448,3.8347349036484957,shared_2l_1pool
3381,5.672886036336422,1.5001799911260605,4.055122146382928,shared_2l_1pool
3382,4.553527105599642,0.5207199137657881,3.927164012566209,shared_2l_1pool
3383,4.513534950092435,0.5121659487485886,3.897432005032897,shared_2l_1pool
3384,4.5299590565264225,0.5008529406040907,3.924452932551503,shared_2l_1pool
3385,4.538265988230705,0.5148861091583967,3.9200668688863516,shared_2l_1pool
3386,4.489734070375562,0.5010210443288088,3.8836058229207993,shared_2l_1pool
3387,4.478642018511891,0.5099768750369549,3.866448998451233,shared_2l_1pool
3388,4.5129479840397835,0.5044289864599705,3.9026408921927214,shared_2l_1pool
3389,4.456966882571578,0.5038571543991566,3.851282875984907,shared_2l_1pool
3390,4.492578096687794,0.5023560952395201,3.8882659282535315,shared_2l_1pool
3391,4.464028170332313,0.5113710649311543,3.849561093375087,shared_2l_1pool
3392,4.446445032954216,0.5062848795205355,3.8366620428860188,shared_2l_1pool
3393,4.449716070666909,0.5149880889803171,3.8315157871693373,shared_2l_1pool
3394,4.456297028809786,0.5024848505854607,3.848825115710497,shared_2l_1pool
3395,4.459500079974532,0.5092190112918615,3.8474388420581818,shared_2l_1pool
3396,4.4906530529260635,0.5035060457885265,3.8823040667921305,shared_2l_1pool
3397,5.652348976582289,1.5039038844406605,4.02913405559957,shared_2l_1pool
3398,4.550111014395952,0.5235380958765745,3.9188088849186897,shared_2l_1pool
3399,4.515097010880709,0.5187040660530329,3.890004940330982,shared_2l_1pool
3400,4.56571183167398,0.5074639338999987,3.9543621242046356,shared_2l_1pool
3401,4.517136141657829,0.5153459496796131,3.8982140831649303,shared_2l_1pool
3402,4.450788022950292,0.4979679360985756,3.8502749521285295,shared_2l_1pool
3403,4.473031964153051,0.5068888422101736,3.8624759763479233,shared_2l_1pool
3404,4.447700921446085,0.49259886145591736,3.85322910733521,shared_2l_1pool
3405,4.58069215528667,0.5442798137664795,3.929013153538108,shared_2l_1pool
3406,4.530311096459627,0.5163759924471378,3.9104700554162264,shared_2l_1pool
3407,4.517446039244533,0.5082241259515285,3.9036350790411234,shared_2l_1pool
3408,4.570608027279377,0.5216079298406839,3.9439420215785503,shared_2l_1pool
3409,4.5564069878309965,0.5059558898210526,3.941846080124378,shared_2l_1pool
3410,4.541077883914113,0.5102041177451611,3.927182871848345,shared_2l_1pool
3411,4.46973810903728,0.5026410799473524,3.8625190500169992,shared_2l_1pool
3412,4.451686982065439,0.5011241883039474,3.8475277833640575,shared_2l_1pool
3413,5.627748090773821,1.4864441473037004,4.0239819791167974,shared_2l_1pool
3414,4.543303977698088,0.5207709036767483,3.91660095192492,shared_2l_1pool
3415,4.5344471000134945,0.5099899135529995,3.920088056474924,shared_2l_1pool
3416,4.4603298883885145,0.5155880935490131,3.8414779119193554,shared_2l_1pool
3417,4.459389019757509,0.5014799535274506,3.8541031535714865,shared_2l_1pool
3418,4.457460017874837,0.5135538522154093,3.8402921054512262,shared_2l_1pool
3419,4.445316968485713,0.5080399569123983,3.833912080153823,shared_2l_1pool
3420,4.451035987585783,0.5059859249740839,3.835418028756976,shared_2l_1pool
3421,4.451556131243706,0.49747410230338573,3.8512079045176506,shared_2l_1pool
3422,4.4348291121423244,0.5060979165136814,3.825823077932,shared_2l_1pool
3423,4.448447143658996,0.5077470559626818,3.8390900008380413,shared_2l_1pool
3424,4.495643079280853,0.5006310530006886,3.8915229961276054,shared_2l_1pool
3425,4.50088013894856,0.5111880600452423,3.8883411325514317,shared_2l_1pool
3426,4.5357500202953815,0.5201289895921946,3.911894978955388,shared_2l_1pool
3427,4.495978821069002,0.5076269153505564,3.8840470369905233,shared_2l_1pool
3428,4.495433997362852,0.5251020193099976,3.8659360725432634,shared_2l_1pool
3429,5.666897865012288,1.5120250172913074,4.030165961012244,shared_2l_1pool
3430,4.498879192396998,0.5312198773026466,3.8616550154983997,shared_2l_1pool
3431,4.463654942810535,0.5108839832246304,3.846406936645508,shared_2l_1pool
3432,4.461355973035097,0.5164931062608957,3.8355658762156963,shared_2l_1pool
3433,4.5519249979406595,0.5114718805998564,3.93439712934196,shared_2l_1pool
3434,4.528324119746685,0.5188810173422098,3.90408793464303,shared_2l_1pool
3435,4.559208871796727,0.5099670961499214,3.944289870560169,shared_2l_1pool
3436,4.465477075427771,0.5201520398259163,3.839073935523629,shared_2l_1pool
3437,4.4563040137290955,0.5040599498897791,3.847569925710559,shared_2l_1pool
3438,4.491959000006318,0.5188819486647844,3.8698369171470404,shared_2l_1pool
3439,4.512825049459934,0.5056001245975494,3.9023749995976686,shared_2l_1pool
3440,4.4947650749236345,0.5163571331650019,3.874777816236019,shared_2l_1pool
3441,4.506185185164213,0.5008040461689234,3.9005510043352842,shared_2l_1pool
3442,4.545660922303796,0.5149149801582098,3.924913937225938,shared_2l_1pool
3443,4.52655996195972,0.5080271512269974,3.9148449432104826,shared_2l_1pool
3444,4.517792956903577,0.5106679163873196,3.9033861830830574,shared_2l_1pool
3445,5.594642832875252,1.4825798571109772,3.9955000393092632,shared_2l_1pool
3446,4.533674102276564,0.5286538507789373,3.8973179180175066,shared_2l_1pool
3447,4.4929999858140945,0.5120269488543272,3.877153154462576,shared_2l_1pool
3448,4.534573061391711,0.5144909955561161,3.914677072316408,shared_2l_1pool
3449,4.53412695787847,0.5274510476738214,3.9018478710204363,shared_2l_1pool
3450,4.474783083423972,0.5055200308561325,3.865310922265053,shared_2l_1pool
3451,4.533302970230579,0.5186689086258411,3.9090451318770647,shared_2l_1pool
3452,4.55201999284327,0.504401046782732,3.9426640141755342,shared_2l_1pool
3453,4.48179105296731,0.5199320148676634,3.8587970193475485,shared_2l_1pool
3454,4.453681176528335,0.5071267951279879,3.8435040041804314,shared_2l_1pool
3455,4.458797862753272,0.5141820292919874,3.8419771008193493,shared_2l_1pool
3456,4.45503112860024,0.5059659015387297,3.8469810970127583,shared_2l_1pool
3457,4.499497823417187,0.5124369636178017,3.8809149991720915,shared_2l_1pool
3458,4.5430229511111975,0.5122870206832886,3.9256049785763025,shared_2l_1pool
3459,4.467817023396492,0.5192270036786795,3.8458378985524178,shared_2l_1pool
3460,4.509775899350643,0.505432952195406,3.89963504858315,shared_2l_1pool
3461,5.673506995663047,1.5144790522754192,4.0371299255639315,shared_2l_1pool
3462,4.581531975418329,0.5182670429348946,3.9565309416502714,shared_2l_1pool
3463,4.500900860875845,0.5098809488117695,3.8845310918986797,shared_2l_1pool
3464,4.467938095331192,0.5124108865857124,3.850029082968831,shared_2l_1pool
3465,4.445038037374616,0.509215984493494,3.8316529244184494,shared_2l_1pool
3466,4.452318884432316,0.509538920596242,3.837618976831436,shared_2l_1pool
3467,4.498627968132496,0.5255129653960466,3.866216167807579,shared_2l_1pool
3468,4.507126985117793,0.5103771109133959,3.8918419741094112,shared_2l_1pool
3469,4.570113029330969,0.5251050461083651,3.939249087125063,shared_2l_1pool
3470,4.546579904854298,0.5044050049036741,3.9352059829980135,shared_2l_1pool
3471,4.481718875467777,0.5128020420670509,3.8639758713543415,shared_2l_1pool
3472,4.493718966841698,0.5038089584559202,3.888641018420458,shared_2l_1pool
3473,4.531359998509288,0.5154181271791458,3.9108528289943933,shared_2l_1pool
3474,4.532139981165528,0.5036669317632914,3.9223970379680395,shared_2l_1pool
3475,4.510299069806933,0.5147610791027546,3.890814958140254,shared_2l_1pool
3476,4.5390811283141375,0.5067628808319569,3.9272771682590246,shared_2l_1pool
3477,5.623077042400837,1.4814629685133696,4.019381944090128,shared_2l_1pool
3478,4.544564988464117,0.5268009845167398,3.9118940476328135,shared_2l_1pool
3479,4.538574954494834,0.5094041116535664,3.9259628392755985,shared_2l_1pool
3480,4.508645040914416,0.5171739030629396,3.886263119056821,shared_2l_1pool
3481,4.498631926253438,0.5078651010990143,3.887154860422015,shared_2l_1pool
3482,4.456453025341034,0.5156982224434614,3.835691837593913,shared_2l_1pool
3483,4.539507906883955,0.4987320862710476,3.936719847843051,shared_2l_1pool
3484,4.450567066669464,0.5118618719279766,3.834218019619584,shared_2l_1pool
3485,4.436207003891468,0.499428017064929,3.8347041700035334,shared_2l_1pool
3486,4.534285981208086,0.5197208374738693,3.9097201079130173,shared_2l_1pool
3487,4.489682847633958,0.5201611202210188,3.8649318739771843,shared_2l_1pool
3488,4.452571040019393,0.5124430172145367,3.836204996332526,shared_2l_1pool
3489,4.455034853890538,0.507204094901681,3.8445168174803257,shared_2l_1pool
3490,4.432789981365204,0.5123380105942488,3.8167699240148067,shared_2l_1pool
3491,4.447303945198655,0.5137121770530939,3.832312999293208,shared_2l_1pool
3492,4.448769148439169,0.5202048923820257,3.824871964752674,shared_2l_1pool
3493,5.848523927852511,1.709293108433485,4.020088817924261,shared_2l_1pool
3494,4.560279892757535,0.5307188257575035,3.926304168999195,shared_2l_1pool
3495,4.549321020022035,0.516336178407073,3.926487872377038,shared_2l_1pool
3496,4.544988973066211,0.5206100177019835,3.921468975022435,shared_2l_1pool
3497,4.545651143416762,0.5149820353835821,3.923065960407257,shared_2l_1pool
3498,4.523164825513959,0.5085221491754055,3.9097468834370375,shared_2l_1pool
3499,4.536211024969816,0.5052268970757723,3.9262729696929455,shared_2l_1pool
3500,4.468544851988554,0.50782086327672,3.855925053358078,shared_2l_1pool
3501,4.453836940228939,0.5176658742129803,3.8315579295158386,shared_2l_1pool
3502,4.503252916038036,0.5033998750150204,3.8948371075093746,shared_2l_1pool
3503,4.499641014263034,0.5206640344113111,3.873127978295088,shared_2l_1pool
3504,4.4378540478646755,0.5025500431656837,3.830475965514779,shared_2l_1pool
3505,4.527809098362923,0.5185320042073727,3.897380083799362,shared_2l_1pool
3506,4.497307818382978,0.5144400056451559,3.8788230158388615,shared_2l_1pool
3507,4.534115782007575,0.5193338729441166,3.9048041217029095,shared_2l_1pool
3508,4.527290118858218,0.5088760517537594,3.9153529796749353,shared_2l_1pool
3509,5.629769992083311,1.5095379203557968,4.004240036010742,shared_2l_1pool
3510,4.488419974222779,0.5115470848977566,3.8717170245945454,shared_2l_1pool
3511,4.533005878329277,0.5234119016677141,3.9079950656741858,shared_2l_1pool
3512,4.531892016530037,0.5087580066174269,3.9204219356179237,shared_2l_1pool
3513,4.553477047011256,0.5145189352333546,3.9317840710282326,shared_2l_1pool
3514,4.554027924314141,0.5049961619079113,3.944218857213855,shared_2l_1pool
3515,4.482461139559746,0.5155019462108612,3.8627779576927423,shared_2l_1pool
3516,4.452214110642672,0.5022601690143347,3.845631843432784,shared_2l_1pool
3517,4.485271871089935,0.5222770851105452,3.8610820192843676,shared_2l_1pool
3518,4.4457989279180765,0.5031430628150702,3.8393361028283834,shared_2l_1pool
3519,4.45932406000793,0.5294389557093382,3.8296349812299013,shared_2l_1pool
3520,4.465949023142457,0.5074760410934687,3.8567909505218267,shared_2l_1pool
3521,4.471221938729286,0.5111889913678169,3.8521219976246357,shared_2l_1pool
3522,4.580385982990265,0.5107908509671688,3.966434160247445,shared_2l_1pool
3523,4.483300959691405,0.5139750428497791,3.866916988044977,shared_2l_1pool
3524,4.4428580440580845,0.5006860010325909,3.838733769953251,shared_2l_1pool
3525,5.6426560040563345,1.497018150985241,4.025525879114866,shared_2l_1pool
3526,4.583904054015875,0.5220090970396996,3.952902974560857,shared_2l_1pool
3527,4.4846320524811745,0.5103801377117634,3.8680799771100283,shared_2l_1pool
3528,4.545780131593347,0.509955920279026,3.9305530954152346,shared_2l_1pool
3529,4.463301971554756,0.4984498955309391,3.8618771359324455,shared_2l_1pool
3530,4.466762999072671,0.519034918397665,3.8440439384430647,shared_2l_1pool
3531,4.518469097092748,0.5115049425512552,3.8988632149994373,shared_2l_1pool
3532,4.566116025671363,0.5236549768596888,3.9339589420706034,shared_2l_1pool
3533,4.471909021958709,0.5049409810453653,3.8629970513284206,shared_2l_1pool
3534,4.50176908634603,0.509592005982995,3.885888960212469,shared_2l_1pool
3535,4.557661945000291,0.5113100633025169,3.9422628469765186,shared_2l_1pool
3536,4.488868173211813,0.5235341377556324,3.8603260181844234,shared_2l_1pool
3537,4.4827028177678585,0.5146681796759367,3.863218007609248,shared_2l_1pool
3538,4.452344961464405,0.5092320498079062,3.834162140265107,shared_2l_1pool
3539,4.466162994503975,0.5001241806894541,3.861791919916868,shared_2l_1pool
3540,4.460874013602734,0.5114229861646891,3.840987104922533,shared_2l_1pool
3541,5.691019119694829,1.5162059571594,4.057408077642322,shared_2l_1pool
3542,4.578154068440199,0.5294547881931067,3.94437019713223,shared_2l_1pool
3543,4.453704925253987,0.5085270386189222,3.841754049062729,shared_2l_1pool
3544,4.475814988836646,0.5161690060049295,3.857383970171213,shared_2l_1pool
3545,4.532990045845509,0.5094739608466625,3.9212012197822332,shared_2l_1pool
3546,4.544692812487483,0.5162719171494246,3.925221972167492,shared_2l_1pool
3547,4.526654025539756,0.5080730188637972,3.9159110747277737,shared_2l_1pool
3548,4.501173971220851,0.5204931367188692,3.875484922900796,shared_2l_1pool
3549,4.51496010646224,0.5119859706610441,3.8989540189504623,shared_2l_1pool
3550,4.526156932115555,0.5229311063885689,3.8991039618849754,shared_2l_1pool
3551,4.548514960333705,0.5133370868861675,3.9327158592641354,shared_2l_1pool
3552,4.500376060605049,0.5260221660137177,3.8610659539699554,shared_2l_1pool
3553,4.550182027742267,0.5208931397646666,3.9255160372704268,shared_2l_1pool
3554,4.525192081928253,0.5267120432108641,3.89748509041965,shared_2l_1pool
3555,4.540061112493277,0.5216579884290695,3.9158458821475506,shared_2l_1pool
3556,4.475035006180406,0.5083410069346428,3.8635709788650274,shared_2l_1pool
3557,5.658185109496117,1.5275129117071629,4.013364901766181,shared_2l_1pool
3558,4.496413050219417,0.5142921581864357,3.8763878401368856,shared_2l_1pool
3559,4.453491885215044,0.5283299833536148,3.8212048821151257,shared_2l_1pool
3560,4.471648950129747,0.5168050993233919,3.850270062685013,shared_2l_1pool
3561,4.467412130907178,0.5131249781697989,3.8485240656882524,shared_2l_1pool
3562,4.487367812544107,0.5151680670678616,3.869895823299885,shared_2l_1pool
3563,4.565151873975992,0.5221781320869923,3.9378399960696697,shared_2l_1pool
3564,4.461843986064196,0.5069498438388109,3.8512861356139183,shared_2l_1pool
3565,4.463000921532512,0.5190321244299412,3.84029489941895,shared_2l_1pool
3566,4.518144065514207,0.5056129302829504,3.9103601593524218,shared_2l_1pool
3567,4.513795021921396,0.5234091076999903,3.8871830329298973,shared_2l_1pool
3568,4.543280927464366,0.5089801270514727,3.9316078182309866,shared_2l_1pool
3569,4.5252470299601555,0.5117540713399649,3.911062842234969,shared_2l_1pool
3570,4.4841470662504435,0.5031521432101727,3.87499388307333,shared_2l_1pool
3571,4.448933992534876,0.5129911005496979,3.8335230201482773,shared_2l_1pool
3572,4.455314949154854,0.5034010391682386,3.8496179040521383,shared_2l_1pool
3573,5.63802313990891,1.5119679737836123,4.007925977930427,shared_2l_1pool
3574,4.526147851720452,0.5250098183751106,3.8962061516940594,shared_2l_1pool
3575,4.479278810322285,0.5179841537028551,3.8565448485314846,shared_2l_1pool
3576,4.537783097475767,0.5101549904793501,3.9246471133083105,shared_2l_1pool
3577,4.549055825918913,0.5193839315325022,3.927249927073717,shared_2l_1pool
3578,4.45327116176486,0.5123578011989594,3.838938195258379,shared_2l_1pool
3579,4.436743911355734,0.5133349914103746,3.821894060820341,shared_2l_1pool
3580,4.437531111761928,0.5182500462979078,3.815131029114127,shared_2l_1pool
3581,4.456985974684358,0.5148928612470627,3.838681150227785,shared_2l_1pool
3582,4.454948008060455,0.5076311063021421,3.8430080749094486,shared_2l_1pool
3583,4.4270840007811785,0.5195799749344587,3.805413143709302,shared_2l_1pool
3584,4.501927876845002,0.5074951332062483,3.891380038112402,shared_2l_1pool
3585,4.513455089181662,0.5136290565133095,3.896846901625395,shared_2l_1pool
3586,4.462464014068246,0.5158919375389814,3.8444451056420803,shared_2l_1pool
3587,4.421357996761799,0.5141068249940872,3.8047621492296457,shared_2l_1pool
3588,4.471852909773588,0.5076909437775612,3.861286910250783,shared_2l_1pool
3589,5.641401978209615,1.5059090219438076,4.019042942672968,shared_2l_1pool
3590,4.543184069916606,0.5259709432721138,3.9119620341807604,shared_2l_1pool
3591,4.534726031124592,0.5225769709795713,3.9066551253199577,shared_2l_1pool
3592,4.466064041480422,0.5176039412617683,3.8443899247795343,shared_2l_1pool
3593,4.469359992071986,0.5137878470122814,3.8517729844897985,shared_2l_1pool
3594,4.530166042968631,0.5112099461257458,3.914716886356473,shared_2l_1pool
3595,4.475852940231562,0.5169629584997892,3.8555660285055637,shared_2l_1pool
3596,4.522025119513273,0.5081980489194393,3.909135004505515,shared_2l_1pool
3597,4.452949156984687,0.5117030814290047,3.837497904896736,shared_2l_1pool
3598,4.488758044317365,0.5031118635088205,3.880605101585388,shared_2l_1pool
3599,4.495210945606232,0.5200079176574945,3.871648106724024,shared_2l_1pool
3600,4.519026959314942,0.5163259338587523,3.8999549578875303,shared_2l_1pool
3601,4.536258056759834,0.5170281510800123,3.914288943633437,shared_2l_1pool
3602,4.469825886189938,0.5176679696887732,3.84703790768981,shared_2l_1pool
3603,4.460677038878202,0.5168549250811338,3.840461140498519,shared_2l_1pool
3604,4.431369015946984,0.5106010939925909,3.81821789778769,shared_2l_1pool
3605,5.649814149364829,1.5092899557203054,4.022456938400865,shared_2l_1pool
3606,4.520521964877844,0.5216340068727732,3.8926771376281977,shared_2l_1pool
3607,4.530888982117176,0.5380981601774693,3.888262901455164,shared_2l_1pool
3608,4.5179331209510565,0.5198209546506405,3.8936869241297245,shared_2l_1pool
3609,4.591416800394654,0.5265071522444487,3.9604329504072666,shared_2l_1pool
3610,4.512392217293382,0.5391121376305819,3.8626259192824364,shared_2l_1pool
3611,4.524534102529287,0.5131091456860304,3.9069990161806345,shared_2l_1pool
3612,4.550665151327848,0.5253229755908251,3.9213181007653475,shared_2l_1pool
3613,4.599172156304121,0.5259669851511717,3.9675638545304537,shared_2l_1pool
3614,4.480763804167509,0.5285840015858412,3.847380867227912,shared_2l_1pool
3615,4.451009910553694,0.5166272167116404,3.8301858585327864,shared_2l_1pool
3616,4.443046869710088,0.5190309602767229,3.818691009655595,shared_2l_1pool
3617,4.464920144528151,0.5124509334564209,3.8499170914292336,shared_2l_1pool
3618,4.476221045479178,0.5152381490916014,3.853757865726948,shared_2l_1pool
3619,4.474102053791285,0.5211748648434877,3.8501841481775045,shared_2l_1pool
3620,4.469167906790972,0.5183049943298101,3.8431650027632713,shared_2l_1pool
3621,5.65265491604805,1.5026808250695467,4.031823016703129,shared_2l_1pool
3622,4.519331036135554,0.5341579671949148,3.8790178950875998,shared_2l_1pool
3623,4.575907019898295,0.5248000379651785,3.9436169900000095,shared_2l_1pool
3624,4.601487191393971,0.5296620074659586,3.9657920133322477,shared_2l_1pool
3625,4.493775079026818,0.5279660690575838,3.862024052068591,shared_2l_1pool
3626,4.477157955989242,0.5165950860828161,3.8575988728553057,shared_2l_1pool
3627,4.461599979549646,0.5161450244486332,3.842204110696912,shared_2l_1pool
3628,4.474423825740814,0.5170230288058519,3.8544361013919115,shared_2l_1pool
3629,4.450888838618994,0.5143240559846163,3.8332899566739798,shared_2l_1pool
3630,4.466221202164888,0.5270959809422493,3.8350019603967667,shared_2l_1pool
3631,4.450063221156597,0.5091540515422821,3.838849952444434,shared_2l_1pool
3632,4.526834934949875,0.5212340038269758,3.900763113051653,shared_2l_1pool
3633,4.524402087554336,0.5179650615900755,3.9030390325933695,shared_2l_1pool
3634,4.553302889689803,0.5276091396808624,3.92146990634501,shared_2l_1pool
3635,4.482999909669161,0.514104962348938,3.864704165607691,shared_2l_1pool
3636,4.49473294429481,0.5309591069817543,3.8588098250329494,shared_2l_1pool
3637,5.6978820357471704,1.5125989448279142,4.066851921379566,shared_2l_1pool
3638,4.509503021836281,0.5301909986883402,3.872623899951577,shared_2l_1pool
3639,4.5708108227699995,0.5207371432334185,3.945041913539171,shared_2l_1pool
3640,4.489036975428462,0.5139359273016453,3.87205695733428,shared_2l_1pool
3641,4.540720023214817,0.5207699723541737,3.91564704477787,shared_2l_1pool
3642,4.52400604262948,0.515705905854702,3.903809003531933,shared_2l_1pool
3643,4.494102904573083,0.5263639613986015,3.864255966618657,shared_2l_1pool
3644,4.445494851097465,0.513153150677681,3.829498076811433,shared_2l_1pool
3645,4.523937124758959,0.5161170847713947,3.904876997694373,shared_2l_1pool
3646,4.560903878882527,0.5126059986650944,3.943023970350623,shared_2l_1pool
3647,4.48103086091578,0.5045181605964899,3.874073037877679,shared_2l_1pool
3648,4.473428009077907,0.5109019111841917,3.855702932924032,shared_2l_1pool
3649,4.492823034524918,0.5241399630904198,3.8643961306661367,shared_2l_1pool
3650,4.5046210289001465,0.5153680685907602,3.885773941874504,shared_2l_1pool
3651,4.553921055048704,0.527429161593318,3.922367002815008,shared_2l_1pool
3652,4.5293341390788555,0.5190330557525158,3.907338948920369,shared_2l_1pool
3653,5.704183829948306,1.5405130106955767,4.042576998472214,shared_2l_1pool
3654,4.540742142125964,0.5367049016058445,3.9000080432742834,shared_2l_1pool
3655,4.533251048997045,0.5182609893381596,3.910092869773507,shared_2l_1pool
3656,4.563473863527179,0.5278270691633224,3.9292420260608196,shared_2l_1pool
3657,4.4727500062435865,0.5033120978623629,3.863024991005659,shared_2l_1pool
3658,4.467287100851536,0.5236940924078226,3.8400988560169935,shared_2l_1pool
3659,4.488204838708043,0.5056590307503939,3.835804993286729,shared_2l_1pool
3660,4.552398109808564,0.5365158431231976,3.900754963979125,shared_2l_1pool
3661,4.557906882837415,0.5221690516918898,3.9310038555413485,shared_2l_1pool
3662,4.551062127575278,0.5510509945452213,3.8940729573369026,shared_2l_1pool
3663,4.542326088994741,0.5208170041441917,3.9181369356811047,shared_2l_1pool
3664,4.492917796596885,0.5277530290186405,3.862930927425623,shared_2l_1pool
3665,4.562369082123041,0.5126339383423328,3.9414751809090376,shared_2l_1pool
3666,4.519253969192505,0.5175888072699308,3.8970771711319685,shared_2l_1pool
3667,4.477818030864,0.5226880311965942,3.8465128745883703,shared_2l_1pool
3668,4.496142966672778,0.51344302482903,3.8786649238318205,shared_2l_1pool
3669,5.672526778653264,1.5088471118360758,4.045224981382489,shared_2l_1pool
3670,4.55237296409905,0.5278170574456453,3.919708076864481,shared_2l_1pool
3671,4.5517790131270885,0.5329770501703024,3.914467990398407,shared_2l_1pool
3672,4.549010191112757,0.5223860498517752,3.923039883375168,shared_2l_1pool
3673,4.5530470088124275,0.5115428939461708,3.9397699292749166,shared_2l_1pool
3674,4.484678851440549,0.5191070958971977,3.8617299869656563,shared_2l_1pool
3675,4.470174899324775,0.5198719445616007,3.848077030852437,shared_2l_1pool
3676,4.502743016928434,0.5236288998275995,3.874413901939988,shared_2l_1pool
3677,4.530897131189704,0.5372720770537853,3.8908589631319046,shared_2l_1pool
3678,4.507448058575392,0.5187729839235544,3.885301062837243,shared_2l_1pool
3679,4.502822877839208,0.5234410054981709,3.8762029726058245,shared_2l_1pool
3680,4.539913963526487,0.5240298341959715,3.9062821306288242,shared_2l_1pool
3681,4.539598943665624,0.5206691566854715,3.915986977517605,shared_2l_1pool
3682,4.497504094615579,0.5279541946947575,3.8589639589190483,shared_2l_1pool
3683,4.484743112698197,0.5277579184621572,3.8541501853615046,shared_2l_1pool
3684,4.452535882592201,0.5361549556255341,3.8064499385654926,shared_2l_1pool
3685,5.618784110993147,1.4952768106013536,4.005218157544732,shared_2l_1pool
3686,4.520842107012868,0.5293679423630238,3.8849490229040384,shared_2l_1pool
3687,4.468773026019335,0.5236119031906128,3.839672077447176,shared_2l_1pool
3688,4.528698977082968,0.5242791958153248,3.901921911165118,shared_2l_1pool
3689,4.533881088718772,0.5159580614417791,3.9137001149356365,shared_2l_1pool
3690,4.482896067202091,0.5277518648654222,3.849608125165105,shared_2l_1pool
3691,4.463395103812218,0.5240801256150007,3.833997994661331,shared_2l_1pool
3692,4.440488060936332,0.5252109840512276,3.809858113527298,shared_2l_1pool
3693,4.416499985381961,0.5112651269882917,3.8020918145775795,shared_2l_1pool
3694,4.470709012821317,0.5232039839029312,3.838529111817479,shared_2l_1pool
3695,4.56770695745945,0.5209329538047314,3.942884039133787,shared_2l_1pool
3696,4.504581913352013,0.522152055054903,3.8791268598288298,shared_2l_1pool
3697,4.5201219618320465,0.5319810006767511,3.8849040865898132,shared_2l_1pool
3698,4.478544928133488,0.5135531537234783,3.86219285428524,shared_2l_1pool
3699,4.505784949287772,0.5167690105736256,3.886238904669881,shared_2l_1pool
3700,4.496815148741007,0.5249418318271637,3.868162166327238,shared_2l_1pool
3701,5.688664969056845,1.511401031166315,4.052544943988323,shared_2l_1pool
3702,4.56386199221015,0.534883001819253,3.922817064449191,shared_2l_1pool
3703,4.545665113255382,0.5240710452198982,3.9204410277307034,shared_2l_1pool
3704,4.570224089547992,0.5240868777036667,3.938860958442092,shared_2l_1pool
3705,4.538915120065212,0.5286841187626123,3.9020308759063482,shared_2l_1pool
3706,4.503277130424976,0.5237730219960213,3.874446963891387,shared_2l_1pool
3707,4.48993407189846,0.5247558001428843,3.856015158817172,shared_2l_1pool
3708,4.529958823695779,0.5200309678912163,3.9046620950102806,shared_2l_1pool
3709,4.4882819056510925,0.5216009449213743,3.862004028633237,shared_2l_1pool
3710,4.5022619888186455,0.5192938260734081,3.8799091707915068,shared_2l_1pool
3711,4.543684888631105,0.530096935108304,3.9099480491131544,shared_2l_1pool
3712,4.528217017650604,0.5171389784663916,3.9072369690984488,shared_2l_1pool
3713,4.531081998720765,0.5378830246627331,3.8912161253392696,shared_2l_1pool
3714,4.549425095319748,0.517986947670579,3.9295440074056387,shared_2l_1pool
3715,4.496779991313815,0.5230649840086699,3.8713659159839153,shared_2l_1pool
3716,4.563231021165848,0.5339509807527065,3.9234671276062727,shared_2l_1pool
3717,5.601922981441021,1.5152960550040007,3.9688129909336567,shared_2l_1pool
3718,4.537744913250208,0.5402350798249245,3.888048930093646,shared_2l_1pool
3719,4.530925070866942,0.527265015989542,3.900331910699606,shared_2l_1pool
3720,4.540326073765755,0.5313630681484938,3.9029871113598347,shared_2l_1pool
3721,4.541420843452215,0.5346240941435099,3.8995868526399136,shared_2l_1pool
3722,4.590919939801097,0.5308019462972879,3.9554759860038757,shared_2l_1pool
3723,4.466251935809851,0.5251350812613964,3.8363649509847164,shared_2l_1pool
3724,4.445638973265886,0.5295730661600828,3.81278689019382,shared_2l_1pool
3725,4.466895014047623,0.5222619511187077,3.842220176011324,shared_2l_1pool
3726,4.443511134013534,0.5288550164550543,3.811814123764634,shared_2l_1pool
3727,4.459330812096596,0.5190810188651085,3.8363891653716564,shared_2l_1pool
3728,4.460824886336923,0.5239930469542742,3.82949598133564,shared_2l_1pool
3729,4.452330060303211,0.5110811907798052,3.839069977402687,shared_2l_1pool
3730,4.443107172846794,0.5233390256762505,3.81750101223588,shared_2l_1pool
3731,4.507396137341857,0.5205778870731592,3.8838430773466825,shared_2l_1pool
3732,4.602654138579965,0.5200300365686417,3.9784908294677734,shared_2l_1pool
3733,5.643732845783234,1.5002479776740074,4.027167102321982,shared_2l_1pool
3734,4.529013996943831,0.5390930455178022,3.885553916916251,shared_2l_1pool
3735,4.54507302492857,0.527641037479043,3.9139450527727604,shared_2l_1pool
3736,4.553711041808128,0.5421210080385208,3.9086260367184877,shared_2l_1pool
3737,4.479588009417057,0.5177799612283707,3.857946954667568,shared_2l_1pool
3738,4.469187930226326,0.5303830839693546,3.834900911897421,shared_2l_1pool
3739,4.522231873124838,0.517368083819747,3.903183853253722,shared_2l_1pool
3740,4.550341982394457,0.5285488441586494,3.9172580000013113,shared_2l_1pool
3741,4.530702019110322,0.5084620788693428,3.9194528944790363,shared_2l_1pool
3742,4.49722888879478,0.5250438116490841,3.867466002702713,shared_2l_1pool
3743,4.54386486671865,0.5224850028753281,3.918565111234784,shared_2l_1pool
3744,4.578557098284364,0.5228400696069002,3.951831953600049,shared_2l_1pool
3745,4.500675946474075,0.5348690319806337,3.8614878430962563,shared_2l_1pool
3746,4.471554886549711,0.5125440657138824,3.8535729981958866,shared_2l_1pool
3747,4.487679107114673,0.5341449286788702,3.8452260196208954,shared_2l_1pool
3748,4.463589983060956,0.5196009296923876,3.839777084067464,shared_2l_1pool
3749,5.629689898341894,1.5156599693000317,3.9949549827724695,shared_2l_1pool
3750,4.517024848610163,0.534087186679244,3.8783568888902664,shared_2l_1pool
3751,4.4977860525250435,0.5323060322552919,3.858082927763462,shared_2l_1pool
3752,4.535343963652849,0.5356150213629007,3.894585883244872,shared_2l_1pool
3753,4.561994923278689,0.5331148859113455,3.9245320949703455,shared_2l_1pool
3754,4.529538098722696,0.5234780255705118,3.900163108482957,shared_2l_1pool
3755,4.49969619512558,0.5296068266034126,3.865583101287484,shared_2l_1pool
3756,4.546719836071134,0.5240589380264282,3.9195429999381304,shared_2l_1pool
3757,4.570528166368604,0.5155880935490131,3.9486128371208906,shared_2l_1pool
3758,4.485439043492079,0.5434269551187754,3.8365148939192295,shared_2l_1pool
3759,4.472227999940515,0.5285642109811306,3.840814810246229,shared_2l_1pool
3760,4.445130005478859,0.5202558822929859,3.8193040527403355,shared_2l_1pool
3761,4.56369505263865,0.5567679181694984,3.9020441472530365,shared_2l_1pool
3762,4.511289997026324,0.5297679454088211,3.8792069535702467,shared_2l_1pool
3763,4.569494863972068,0.5276179872453213,3.936887951567769,shared_2l_1pool
3764,4.571225959807634,0.5504060536623001,3.9155310951173306,shared_2l_1pool
3765,5.684281000867486,1.5197989996522665,4.0457770228385925,shared_2l_1pool
3766,4.5438280794769526,0.5431880708783865,3.895865986123681,shared_2l_1pool
3767,4.56571695394814,0.5302298814058304,3.9303849916905165,shared_2l_1pool
3768,4.513879073783755,0.5327160470187664,3.874601097777486,shared_2l_1pool
3769,4.480906995013356,0.5282810889184475,3.84897505864501,shared_2l_1pool
3770,4.5555520337074995,0.5307809915393591,3.917946945875883,shared_2l_1pool
3771,4.577158950269222,0.5287150852382183,3.941973904147744,shared_2l_1pool
3772,4.491901025176048,0.5123279988765717,3.874675137922168,shared_2l_1pool
3773,4.5435079373419285,0.524548813700676,3.916249144822359,shared_2l_1pool
3774,4.546469077467918,0.5228410009294748,3.920187009498477,shared_2l_1pool
3775,4.4708040077239275,0.5243471823632717,3.84351285174489,shared_2l_1pool
3776,4.490865860134363,0.5215718410909176,3.8669551722705364,shared_2l_1pool
3777,4.537458997219801,0.528756994754076,3.905592020601034,shared_2l_1pool
3778,4.496060078963637,0.5258519668132067,3.8648780900985003,shared_2l_1pool
3779,4.510496975854039,0.533493934199214,3.874317044392228,shared_2l_1pool
3780,4.515931010246277,0.5248000379651785,3.885796992108226,shared_2l_1pool
3781,5.648433929309249,1.5148180536925793,4.015638958662748,shared_2l_1pool
3782,4.554800223559141,0.5407729186117649,3.9087419863790274,shared_2l_1pool
3783,4.564753966405988,0.5324049852788448,3.927358891814947,shared_2l_1pool
3784,4.555658902972937,0.5287958774715662,3.921322990208864,shared_2l_1pool
3785,4.551757825538516,0.5394651088863611,3.909338964149356,shared_2l_1pool
3786,4.501227987930179,0.5337039474397898,3.863306948915124,shared_2l_1pool
3787,4.483402008190751,0.51882304251194,3.8595928344875574,shared_2l_1pool
3788,4.458936862647533,0.5249029491096735,3.829875960946083,shared_2l_1pool
3789,4.499184200540185,0.5130940116941929,3.879656083881855,shared_2l_1pool
3790,4.461425123736262,0.5377191118896008,3.8220209535211325,shared_2l_1pool
3791,4.458470968529582,0.5223369225859642,3.834419883787632,shared_2l_1pool
3792,4.4466198887676,0.5263350903987885,3.8167578168213367,shared_2l_1pool
3793,4.508632933720946,0.5154809914529324,3.887779079377651,shared_2l_1pool
3794,4.542275099083781,0.5411810707300901,3.8974310737103224,shared_2l_1pool
3795,4.569968907162547,0.5205201450735331,3.942438866943121,shared_2l_1pool
3796,4.474983084946871,0.5364150274544954,3.83400684222579,shared_2l_1pool
3797,5.669520003721118,1.5119020827114582,4.038753919303417,shared_2l_1pool
3798,4.51863300986588,0.543524045497179,3.871005028486252,shared_2l_1pool
3799,4.5520400162786245,0.5386038683354855,3.9098390843719244,shared_2l_1pool
3800,4.551115911453962,0.5309251137077808,3.916908986866474,shared_2l_1pool
3801,4.537711152806878,0.5333749577403069,3.8966001011431217,shared_2l_1pool
3802,4.487103084102273,0.5187401548027992,3.8646520115435123,shared_2l_1pool
3803,4.493668908253312,0.513928011059761,3.8723230827599764,shared_2l_1pool
3804,4.56315279006958,0.5239499732851982,3.9361240342259407,shared_2l_1pool
3805,4.450869048014283,0.5311989225447178,3.8164411671459675,shared_2l_1pool
3806,4.484035074710846,0.5400879308581352,3.8393770810216665,shared_2l_1pool
3807,4.445316037163138,0.5288431420922279,3.8152779452502728,shared_2l_1pool
3808,4.548522876575589,0.5222999025136232,3.924045944586396,shared_2l_1pool
3809,4.523296840488911,0.5261949263513088,3.888732986524701,shared_2l_1pool
3810,4.577266052365303,0.5173629615455866,3.9540110155940056,shared_2l_1pool
3811,4.488960141316056,0.5332601722329855,3.8536028005182743,shared_2l_1pool
3812,4.518022062256932,0.5192861426621675,3.894296009093523,shared_2l_1pool
3813,5.681111011654139,1.530777895823121,4.031850025057793,shared_2l_1pool
3814,4.581015091389418,0.5558060947805643,3.920156043022871,shared_2l_1pool
3815,4.573168000206351,0.5357181653380394,3.932060906663537,shared_2l_1pool
3816,4.490986932069063,0.5420658271759748,3.8441980723291636,shared_2l_1pool
3817,4.515774082392454,0.5183648318052292,3.892570035532117,shared_2l_1pool
3818,4.502838011831045,0.5290629342198372,3.8659730926156044,shared_2l_1pool
3819,4.499858012422919,0.5228761583566666,3.871530992910266,shared_2l_1pool
3820,4.557590000331402,0.5506479647010565,3.9013188797980547,shared_2l_1pool
3821,4.513513995334506,0.5224510096013546,3.8864731322973967,shared_2l_1pool
3822,4.569310927763581,0.5410350859165192,3.9211378898471594,shared_2l_1pool
3823,4.569387063384056,0.5257208831608295,3.9385901764035225,shared_2l_1pool
3824,4.4808038510382175,0.5225439090281725,3.852604888379574,shared_2l_1pool
3825,4.489826038479805,0.5164851900190115,3.86773981153965,shared_2l_1pool
3826,4.499673144891858,0.5400639493018389,3.852629102766514,shared_2l_1pool
3827,4.483615979552269,0.5240088794380426,3.853516187518835,shared_2l_1pool
3828,4.50680498033762,0.5430669989436865,3.860285971313715,shared_2l_1pool
3829,5.670057842507958,1.5197228640317917,4.0306830778717995,shared_2l_1pool
3830,4.564997972920537,0.5405391566455364,3.912941785529256,shared_2l_1pool
3831,4.583812085911632,0.5457059014588594,3.934151027351618,shared_2l_1pool
3832,4.547449992969632,0.5269618704915047,3.916664980351925,shared_2l_1pool
3833,4.575912840664387,0.5360220093280077,3.935792949050665,shared_2l_1pool
3834,4.572231089696288,0.5220281891524792,3.9450880140066147,shared_2l_1pool
3835,4.481180105358362,0.533257145434618,3.844514023512602,shared_2l_1pool
3836,4.480612929910421,0.5339011549949646,3.842253005132079,shared_2l_1pool
3837,4.54001291655004,0.5351370200514793,3.89973190613091,shared_2l_1pool
3838,4.530416801571846,0.5317898467183113,3.894014982506633,shared_2l_1pool
3839,4.504500888288021,0.5323439836502075,3.8669791538268328,shared_2l_1pool
3840,4.549758043140173,0.5323358345776796,3.9119571447372437,shared_2l_1pool
3841,4.627044079825282,0.5186258349567652,3.9974551182240248,shared_2l_1pool
3842,4.4951001182198524,0.5378799978643656,3.8510931190103292,shared_2l_1pool
3843,4.468745086342096,0.5233278498053551,3.84169421158731,shared_2l_1pool
3844,4.532482009381056,0.5315470043569803,3.8943039253354073,shared_2l_1pool
3845,5.670335842296481,1.5083260368555784,4.041357897222042,shared_2l_1pool
3846,4.56754700280726,0.5466570146381855,3.9140768349170685,shared_2l_1pool
3847,4.6039060689508915,0.5446679424494505,3.9523921441286802,shared_2l_1pool
3848,4.553057020530105,0.5281420890241861,3.9217190351337194,shared_2l_1pool
3849,4.54550888389349,0.540145905688405,3.900013165548444,shared_2l_1pool
3850,4.472739994525909,0.522857066243887,3.844514023512602,shared_2l_1pool
3851,4.480848088860512,0.5391149315983057,3.8320040330290794,shared_2l_1pool
3852,4.485356854274869,0.5209238734096289,3.860244993120432,shared_2l_1pool
3853,4.4750969391316175,0.5363358650356531,3.8342601619660854,shared_2l_1pool
3854,4.47913515381515,0.5238768644630909,3.8513559848070145,shared_2l_1pool
3855,4.4748971704393625,0.5298808682709932,3.8363849744200706,shared_2l_1pool
3856,4.478720016777515,0.5290408153086901,3.8463501259684563,shared_2l_1pool
3857,4.48723416775465,0.536773819476366,3.84602602571249,shared_2l_1pool
3858,4.471739986911416,0.5278261378407478,3.8407030515372753,shared_2l_1pool
3859,4.481188021600246,0.5338240880519152,3.8434008602052927,shared_2l_1pool
3860,4.471650114282966,0.5273958668112755,3.8385731168091297,shared_2l_1pool
3861,5.650074919685721,1.5235040336847305,4.0083578787744045,shared_2l_1pool
3862,4.576957086101174,0.539297005161643,3.9336979389190674,shared_2l_1pool
3863,4.552807891741395,0.5436448846012354,3.9057291578501463,shared_2l_1pool
3864,4.584053065627813,0.519861001521349,3.9601270109415054,shared_2l_1pool
3865,4.492395790293813,0.5421440582722425,3.8462900556623936,shared_2l_1pool
3866,4.467284074053168,0.5221699830144644,3.8392741698771715,shared_2l_1pool
3867,4.455209942534566,0.5296620074659586,3.8223019801080227,shared_2l_1pool
3868,4.4888288248330355,0.532238045707345,3.854414913803339,shared_2l_1pool
3869,4.566750954836607,0.535834114998579,3.926882054656744,shared_2l_1pool
3870,4.5745838433504105,0.5190109368413687,3.949427977204323,shared_2l_1pool
3871,4.479055991396308,0.5460400134325027,3.8298589643090963,shared_2l_1pool
3872,4.487550118938088,0.527435913681984,3.8547629956156015,shared_2l_1pool
3873,4.54110698774457,0.5358359776437283,3.899479052051902,shared_2l_1pool
3874,4.541140981018543,0.532595906406641,3.903568023815751,shared_2l_1pool
3875,4.578110994771123,0.5392918828874826,3.9325791876763105,shared_2l_1pool
3876,4.5917590614408255,0.5361679941415787,3.9491988718509674,shared_2l_1pool
3877,5.864373873919249,1.7242750618606806,4.020772874355316,shared_2l_1pool
3878,4.5641399919986725,0.545186921954155,3.9122370071709156,shared_2l_1pool
3879,4.575995961204171,0.5435659550130367,3.927066922187805,shared_2l_1pool
3880,4.557755077257752,0.5356441251933575,3.9150919765233994,shared_2l_1pool
3881,4.492491949349642,0.5378848873078823,3.850234905257821,shared_2l_1pool
3882,4.487217171117663,0.5251471884548664,3.8576528895646334,shared_2l_1pool
3883,4.513253923505545,0.5378611385822296,3.8712648674845695,shared_2l_1pool
3884,4.471265012398362,0.5464849527925253,3.8221220020204782,shared_2l_1pool
3885,4.545407835394144,0.5354529712349176,3.9055522065609694,shared_2l_1pool
3886,4.5365579426288605,0.5208919756114483,3.910296130925417,shared_2l_1pool
3887,4.518240923061967,0.5319199990481138,3.87997692450881,shared_2l_1pool
3888,4.4791060499846935,0.518677057698369,3.8568200543522835,shared_2l_1pool
3889,4.509744001552463,0.53353700786829,3.8731410168111324,shared_2l_1pool
3890,4.463592078536749,0.5284980870783329,3.832863876596093,shared_2l_1pool
3891,4.506180062890053,0.5246771033853292,3.87601088732481,shared_2l_1pool
3892,4.517274908721447,0.532250851392746,3.8814381696283817,shared_2l_1pool
3893,5.6459910701960325,1.5194190200418234,4.009061027318239,shared_2l_1pool
3894,4.538738867267966,0.5447729490697384,3.8866219110786915,shared_2l_1pool
3895,4.53672488220036,0.5298322066664696,3.9029649924486876,shared_2l_1pool
3896,4.512328887358308,0.5455580540001392,3.8626519963145256,shared_2l_1pool
3897,4.487528000026941,0.530740013346076,3.8537587970495224,shared_2l_1pool
3898,4.453893983736634,0.5323791410773993,3.8155990187078714,shared_2l_1pool
3899,4.497693153098226,0.525766983628273,3.868574043735862,shared_2l_1pool
3900,4.465075908228755,0.5356580950319767,3.8229268975555897,shared_2l_1pool
3901,4.554768791422248,0.5270009860396385,3.926876001060009,shared_2l_1pool
3902,4.476804984733462,0.5414930637925863,3.8324808701872826,shared_2l_1pool
3903,4.469904815778136,0.5203650798648596,3.847558982670307,shared_2l_1pool
3904,4.478801973164082,0.5276480223983526,3.842694917693734,shared_2l_1pool
3905,4.506896948441863,0.5293090362101793,3.8755389396101236,shared_2l_1pool
3906,4.479968920350075,0.5288058891892433,3.841671161353588,shared_2l_1pool
3907,4.4786361977458,0.527610071003437,3.84671613574028,shared_2l_1pool
3908,4.468941828235984,0.5347640253603458,3.831774927675724,shared_2l_1pool
3909,5.697757005691528,1.5332440380007029,4.046139074489474,shared_2l_1pool
3910,4.541447153314948,0.5447559524327517,3.8905071560293436,shared_2l_1pool
3911,4.524983931332827,0.5322361830621958,3.889780957251787,shared_2l_1pool
3912,4.501800984144211,0.5365980323404074,3.860726021230221,shared_2l_1pool
3913,4.520880989730358,0.5286210216581821,3.887300845235586,shared_2l_1pool
3914,4.612060030922294,0.5408050492405891,3.9663829375058413,shared_2l_1pool
3915,4.542815033346415,0.5415230989456177,3.891516011208296,shared_2l_1pool
3916,4.486849065870047,0.5393060855567455,3.842464881017804,shared_2l_1pool
3917,4.503566073253751,0.5353011656552553,3.859657794237137,shared_2l_1pool
3918,4.571204073727131,0.5233378615230322,3.942202078178525,shared_2l_1pool
3919,4.525257041677833,0.5380329675972462,3.881176933646202,shared_2l_1pool
3920,4.536619177088141,0.5297060124576092,3.9015449583530426,shared_2l_1pool
3921,4.54628118313849,0.5421868991106749,3.8996499497443438,shared_2l_1pool
3922,4.521789029240608,0.5287390667945147,3.8861751090735197,shared_2l_1pool
3923,4.587839124724269,0.5396530032157898,3.94316203892231,shared_2l_1pool
3924,4.554147133603692,0.5255360156297684,3.9232419803738594,shared_2l_1pool
3925,5.676722852513194,1.5269799623638391,4.034404177218676,shared_2l_1pool
3926,4.589935066178441,0.5394290201365948,3.9444270078092813,shared_2l_1pool
3927,4.606146831065416,0.5384809337556362,3.962096991017461,shared_2l_1pool
3928,4.5279450714588165,0.5366259720176458,3.8874540477991104,shared_2l_1pool
3929,4.5127118937671185,0.5260680336505175,3.88197205029428,shared_2l_1pool
3930,4.563818918541074,0.5387209821492434,3.920493880286813,shared_2l_1pool
3931,4.537354921922088,0.53376704454422,3.901806892827153,shared_2l_1pool
3932,4.597743973135948,0.5388259887695312,3.9521330036222935,shared_2l_1pool
3933,4.582718946039677,0.537096057087183,3.941090079024434,shared_2l_1pool
3934,4.597843158990145,0.5210191011428833,3.9708889089524746,shared_2l_1pool
3935,4.506598925217986,0.5415522027760744,3.8604328874498606,shared_2l_1pool
3936,4.527015844359994,0.5347880069166422,3.8861429784446955,shared_2l_1pool
3937,4.501387942582369,0.5384809337556362,3.860357217490673,shared_2l_1pool
3938,4.565024981275201,0.5328881088644266,3.9285998791456223,shared_2l_1pool
3939,4.542435985058546,0.529987970367074,3.910826053470373,shared_2l_1pool
3940,4.580243024975061,0.5167040508240461,3.957255044952035,shared_2l_1pool
3941,5.714809987694025,1.547343097627163,4.048379836603999,shared_2l_1pool
3942,4.565190989524126,0.5450451280921698,3.914769971743226,shared_2l_1pool
3943,4.520423011854291,0.5309239495545626,3.8842950016260147,shared_2l_1pool
3944,4.5910237822681665,0.5371579900383949,3.95003380253911,shared_2l_1pool
3945,4.567320924252272,0.5344580858945847,3.9268708787858486,shared_2l_1pool
3946,4.578858846798539,0.5208470392972231,3.9545788895338774,shared_2l_1pool
3947,4.507710924372077,0.5421580281108618,3.86041309684515,shared_2l_1pool
3948,4.477970069274306,0.5346450489014387,3.8406469393521547,shared_2l_1pool
3949,4.561011213809252,0.5356748588383198,3.919484093785286,shared_2l_1pool
3950,4.4792520347982645,0.528902979567647,3.8457310292869806,shared_2l_1pool
3951,4.5026259031146765,0.5359060596674681,3.8622189313173294,shared_2l_1pool
3952,4.500912968069315,0.5325810052454472,3.865517908707261,shared_2l_1pool
3953,4.512371961027384,0.5468798335641623,3.8616200909018517,shared_2l_1pool
3954,4.532193997874856,0.5324201192706823,3.89652606099844,shared_2l_1pool
3955,4.566381918266416,0.5412730388343334,3.9212238043546677,shared_2l_1pool
3956,4.5514029916375875,0.5249481182545424,3.920283867046237,shared_2l_1pool
3957,5.717481952160597,1.571923028677702,4.02749702334404,shared_2l_1pool
3958,4.551019985228777,0.5497189704328775,3.8943011313676834,shared_2l_1pool
3959,4.546157084405422,0.536701874807477,3.904788987711072,shared_2l_1pool
3960,4.573984071612358,0.5479571409523487,3.9210240356624126,shared_2l_1pool
3961,4.584787879139185,0.544446986168623,3.935979912057519,shared_2l_1pool
3962,4.5145980548113585,0.5365288816392422,3.8721030578017235,shared_2l_1pool
3963,4.547161050140858,0.5299688782542944,3.9121832232922316,shared_2l_1pool
3964,4.5228078961372375,0.5476949736475945,3.8691158406436443,shared_2l_1pool
3965,4.477547947317362,0.5375610198825598,3.835476003587246,shared_2l_1pool
3966,4.5350780710577965,0.5482879932969809,3.88155784457922,shared_2l_1pool
3967,4.5089758932590485,0.5430299788713455,3.8562200497835875,shared_2l_1pool
3968,4.5735950116068125,0.5386488046497107,3.9295970927923918,shared_2l_1pool
3969,4.575992003083229,0.5540989805012941,3.918530186638236,shared_2l_1pool
3970,4.493630025535822,0.5260659381747246,3.8630932103842497,shared_2l_1pool
3971,4.536502994596958,0.5457578226923943,3.886680118739605,shared_2l_1pool
3972,4.580378066748381,0.5421079695224762,3.9303021039813757,shared_2l_1pool
3973,5.683683091774583,1.533017959445715,4.033243982121348,shared_2l_1pool
3974,4.531729966402054,0.5431529134511948,3.8838970940560102,shared_2l_1pool
3975,4.4824059586972,0.5323600489646196,3.843666985630989,shared_2l_1pool
3976,4.535709973424673,0.5422250833362341,3.885615849867463,shared_2l_1pool
3977,4.542659968137741,0.5297812167555094,3.90582880936563,shared_2l_1pool
3978,4.613767843693495,0.5542179569602013,3.9534871466457844,shared_2l_1pool
3979,4.599472042173147,0.5284070502966642,3.9662818890064955,shared_2l_1pool
3980,4.502445925027132,0.5377880297601223,3.8601569831371307,shared_2l_1pool
3981,4.5477040112018585,0.5256449803709984,3.9200710598379374,shared_2l_1pool
3982,4.568952834233642,0.5291150882840157,3.9369859732687473,shared_2l_1pool
3983,4.498331109061837,0.5321130156517029,3.8596719969063997,shared_2l_1pool
3984,4.477398935705423,0.5291721317917109,3.840571967884898,shared_2l_1pool
3985,4.504170035943389,0.5492151249200106,3.8512349128723145,shared_2l_1pool
3986,4.520399030297995,0.5306359380483627,3.8776241708546877,shared_2l_1pool
3987,4.5258409809321165,0.5418909713625908,3.877414856106043,shared_2l_1pool
3988,4.579661879688501,0.5651838146150112,3.910294035449624,shared_2l_1pool
3989,5.707544973120093,1.5317799989134073,4.056435078382492,shared_2l_1pool
3990,4.561678972095251,0.5552670918405056,3.900006879121065,shared_2l_1pool
3991,4.556827014312148,0.5380432121455669,3.916253801435232,shared_2l_1pool
3992,4.565738840028644,0.5428041331470013,3.9188179653137922,shared_2l_1pool
3993,4.622519016265869,0.5460318643599749,3.972443984821439,shared_2l_1pool
3994,4.511399194598198,0.5442951805889606,3.86169389821589,shared_2l_1pool
3995,4.515639040619135,0.5307840183377266,3.883053781464696,shared_2l_1pool
3996,4.5022680424153805,0.5377328488975763,3.8603299763053656,shared_2l_1pool
3997,4.477104172110558,0.5302808713167906,3.8440991193056107,shared_2l_1pool
3998,4.4837400782853365,0.5395109765231609,3.838517004624009,shared_2l_1pool
3999,4.474685061722994,0.5305861122906208,3.841566853225231,shared_2l_1pool
4000,4.485742887482047,0.5318380426615477,3.849745960906148,shared_2l_1pool
4001,4.584654932841659,0.5497720558196306,3.931242972612381,shared_2l_1pool
4002,4.566241055727005,0.5371100269258022,3.924757009372115,shared_2l_1pool
4003,4.475154913961887,0.5204230546951294,3.853693138808012,shared_2l_1pool
4004,4.508638987317681,0.5355649627745152,3.869677195325494,shared_2l_1pool
4005,5.655175074934959,1.5263149980455637,4.010029137134552,shared_2l_1pool
4006,4.590750904753804,0.5473881028592587,3.9346988778561354,shared_2l_1pool
4007,4.57602203823626,0.5455049686133862,3.9248489774763584,shared_2l_1pool
4008,4.560122033581138,0.5332739092409611,3.922240110114217,shared_2l_1pool
4009,4.582853987812996,0.5393067840486765,3.9363191463053226,shared_2l_1pool
4010,4.550645127892494,0.5344520322978497,3.912821877747774,shared_2l_1pool
4011,4.567464115098119,0.5458281375467777,3.9179339073598385,shared_2l_1pool
4012,4.467373015359044,0.5379919894039631,3.8251010701060295,shared_2l_1pool
4013,4.518789937719703,0.5399310030043125,3.8726888597011566,shared_2l_1pool
4014,4.534039180725813,0.5479368846863508,3.882124088704586,shared_2l_1pool
4015,4.553357837721705,0.5366539116948843,3.9103999733924866,shared_2l_1pool
4016,4.575023893266916,0.5357768386602402,3.9346700068563223,shared_2l_1pool
4017,4.590646829456091,0.5308310501277447,3.9542410522699356,shared_2l_1pool
4018,4.52360394410789,0.5487138405442238,3.868808038532734,shared_2l_1pool
4019,4.488375969231129,0.5332131404429674,3.851036773994565,shared_2l_1pool
4020,4.502926953136921,0.5397009663283825,3.8580880500376225,shared_2l_1pool
4021,5.705650197342038,1.5372629277408123,4.049762152135372,shared_2l_1pool
4022,4.549453966319561,0.5447240546345711,3.8942168466746807,shared_2l_1pool
4023,4.534329054877162,0.5561180878430605,3.8693388924002647,shared_2l_1pool
4024,4.547339864075184,0.5328978877514601,3.9089550264179707,shared_2l_1pool
4025,4.575876053422689,0.5385498516261578,3.9321721997112036,shared_2l_1pool
4026,4.588618874549866,0.5529581103473902,3.9314390160143375,shared_2l_1pool
4027,4.516663029789925,0.541354063898325,3.8700848817825317,shared_2l_1pool
4028,4.503103904426098,0.5390141159296036,3.8595269434154034,shared_2l_1pool
4029,4.521728027611971,0.5569560453295708,3.860966069623828,shared_2l_1pool
4030,4.487833008170128,0.5343740340322256,3.84822697378695,shared_2l_1pool
4031,4.578067921102047,0.5390590522438288,3.9347431156784296,shared_2l_1pool
4032,4.553247010335326,0.5267730448395014,3.918512025848031,shared_2l_1pool
4033,4.596710903570056,0.5355230532586575,3.955526975914836,shared_2l_1pool
4034,4.507827805355191,0.5416478961706161,3.860146040096879,shared_2l_1pool
4035,4.518426954746246,0.535902101546526,3.879748983308673,shared_2l_1pool
4036,4.490097053349018,0.5459669046103954,3.839727956801653,shared_2l_1pool
4037,5.69193297997117,1.5265550464391708,4.047376802191138,shared_2l_1pool
4038,4.5205350033938885,0.5384569521993399,3.8781880866736174,shared_2l_1pool
4039,4.528110148385167,0.53947395645082,3.8845010567456484,shared_2l_1pool
4040,4.549431148916483,0.5386120174080133,3.907713107764721,shared_2l_1pool
4041,4.576288862153888,0.5469010211527348,3.92299797385931,shared_2l_1pool
4042,4.575486062094569,0.5344219971448183,3.936351975426078,shared_2l_1pool
4043,4.510288126766682,0.5417389329522848,3.861434059217572,shared_2l_1pool
4044,4.536938853561878,0.5335381720215082,3.901030868291855,shared_2l_1pool
4045,4.577443934977055,0.5473578348755836,3.9264431688934565,shared_2l_1pool
4046,4.562783055007458,0.5279590841382742,3.9310259744524956,shared_2l_1pool
4047,4.528997931629419,0.5429929587990046,3.8825899828225374,shared_2l_1pool
4048,4.558518994599581,0.5296128802001476,3.924790071323514,shared_2l_1pool
4049,4.54965909011662,0.537102110683918,3.9067280013114214,shared_2l_1pool
4050,4.5761121436953545,0.5388159770518541,3.928432008251548,shared_2l_1pool
4051,4.528375109657645,0.5359489005059004,3.8887769915163517,shared_2l_1pool
4052,4.5846509747207165,0.5445349961519241,3.9361200761049986,shared_2l_1pool
4053,5.7300550397485495,1.5406431630253792,4.0702298283576965,shared_2l_1pool
4054,4.537445027381182,0.5594550166279078,3.8702168967574835,shared_2l_1pool
4055,4.51734708622098,0.5441231187433004,3.865679958835244,shared_2l_1pool
4056,4.466985119506717,0.5358539056032896,3.827048931270838,shared_2l_1pool
4057,4.5810360461473465,0.5397929344326258,3.931663930416107,shared_2l_1pool
4058,4.620155086740851,0.546532915905118,3.9684302173554897,shared_2l_1pool
4059,4.524925025179982,0.5473769269883633,3.874153131619096,shared_2l_1pool
4060,4.512490006163716,0.5525858141481876,3.856901079416275,shared_2l_1pool
4061,4.478976130485535,0.5430849269032478,3.833947004750371,shared_2l_1pool
4062,4.492913838475943,0.5467161536216736,3.8421889767050743,shared_2l_1pool
4063,4.474038956686854,0.5378369241952896,3.8326808717101812,shared_2l_1pool
4064,4.47961688041687,0.5299090407788754,3.8467838894575834,shared_2l_1pool
4065,4.506728146225214,0.5374550819396973,3.8663700688630342,shared_2l_1pool
4066,4.533290863037109,0.5360927898436785,3.893803106620908,shared_2l_1pool
4067,4.548773868009448,0.5438060034066439,3.901891876012087,shared_2l_1pool
4068,4.560855915769935,0.5391219165176153,3.9174959529191256,shared_2l_1pool
4069,5.7146919425576925,1.534509938210249,4.060280974954367,shared_2l_1pool
4070,4.583863075822592,0.5589211359620094,3.9184598717838526,shared_2l_1pool
4071,4.579269094392657,0.5336080212146044,3.938833950087428,shared_2l_1pool
4072,4.560873843729496,0.5450029857456684,3.9120009168982506,shared_2l_1pool
4073,4.553002072498202,0.5397789645940065,3.906060941517353,shared_2l_1pool
4074,4.577877931296825,0.5476148799061775,3.924363059923053,shared_2l_1pool
4075,4.4645881280303,0.5374238826334476,3.8225119933485985,shared_2l_1pool
4076,4.479771014302969,0.5414749030023813,3.8330191746354103,shared_2l_1pool
4077,4.502875031903386,0.5511001218110323,3.84573289193213,shared_2l_1pool
4078,4.479503026232123,0.5438649095594883,3.831228008493781,shared_2l_1pool
4079,4.536994034424424,0.5371910519897938,3.8960969541221857,shared_2l_1pool
4080,4.558746935799718,0.5434160120785236,3.9096518885344267,shared_2l_1pool
4081,4.530583042651415,0.5345179233700037,3.8859681226313114,shared_2l_1pool
4082,4.518330097198486,0.5319460760802031,3.88393085449934,shared_2l_1pool
4083,4.545987118035555,0.5429219454526901,3.89747298322618,shared_2l_1pool
4084,4.605758935213089,0.5470919422805309,3.953994018957019,shared_2l_1pool
4085,5.645598983392119,1.540978904813528,3.9850370958447456,shared_2l_1pool
4086,4.559516906738281,0.5494339857250452,3.9027000311762094,shared_2l_1pool
4087,4.5929409097880125,0.5350641440600157,3.94734600558877,shared_2l_1pool
4088,4.570008022710681,0.5481268744915724,3.9161890745162964,shared_2l_1pool
4089,4.594961879774928,0.556746032088995,3.9324660319834948,shared_2l_1pool
4090,4.5687370002269745,0.5458209197968245,3.918631002306938,shared_2l_1pool
4091,4.587666131556034,0.5398041103035212,3.9451478514820337,shared_2l_1pool
4092,4.557178821414709,0.5444760899990797,3.9080979768186808,shared_2l_1pool
4093,4.52696206048131,0.5421249661594629,3.8764970377087593,shared_2l_1pool
4094,4.528089892119169,0.536816893145442,3.886637045070529,shared_2l_1pool
4095,4.544067196547985,0.540692126378417,3.9001558907330036,shared_2l_1pool
4096,4.606535891070962,0.5360280629247427,3.962959861382842,shared_2l_1pool
4097,4.516573855653405,0.5432649049907923,3.867293009534478,shared_2l_1pool
4098,4.572603851556778,0.5363349337130785,3.9330481085926294,shared_2l_1pool
4099,4.5642119366675615,0.545320101082325,3.9151059463620186,shared_2l_1pool
4100,4.575608065351844,0.5355030298233032,3.934360109269619,shared_2l_1pool
4101,5.701657850295305,1.547238091006875,4.028653027489781,shared_2l_1pool
4102,4.554192069917917,0.5593928508460522,3.8877101615071297,shared_2l_1pool
4103,4.534977953881025,0.5537050310522318,3.8759910967200994,shared_2l_1pool
4104,4.562925081700087,0.5497040692716837,3.9090868085622787,shared_2l_1pool
4105,4.550672834739089,0.54308888502419,3.90432495623827,shared_2l_1pool
4106,4.575922153890133,0.5462600383907557,3.9265339728444815,shared_2l_1pool
4107,4.575105849653482,0.5502658896148205,3.9162831380963326,shared_2l_1pool
4108,4.496969981119037,0.5400048103183508,3.8528190925717354,shared_2l_1pool
4109,4.539087880402803,0.5436600185930729,3.890642197802663,shared_2l_1pool
4110,4.573693033307791,0.539060914888978,3.9295970927923918,shared_2l_1pool
4111,4.506536992266774,0.5444458220154047,3.857094096019864,shared_2l_1pool
4112,4.483832977712154,0.537879066541791,3.8429060950875282,shared_2l_1pool
4113,4.5495000667870045,0.549535034224391,3.8950589951127768,shared_2l_1pool
4114,4.600225947797298,0.5453960038721561,3.9497881662100554,shared_2l_1pool
4115,4.514721920713782,0.5438299849629402,3.867128863930702,shared_2l_1pool
4116,4.487004829570651,0.5371770821511745,3.844934981316328,shared_2l_1pool
4117,5.724922055378556,1.5480441506952047,4.060619976371527,shared_2l_1pool
4118,4.557334119454026,0.5546801257878542,3.8960319943726063,shared_2l_1pool
4119,4.568363074213266,0.5625339690595865,3.9033819921314716,shared_2l_1pool
4120,4.64238109998405,0.5546740721911192,3.981717862188816,shared_2l_1pool
4121,4.554281011223793,0.5389139987528324,3.9086819160729647,shared_2l_1pool
4122,4.610834876075387,0.5621179006993771,3.941883100196719,shared_2l_1pool
4123,4.658969817683101,0.5524419248104095,3.970409044995904,shared_2l_1pool
4124,4.582516849040985,0.5592708475887775,3.9098740089684725,shared_2l_1pool
4125,4.572813864797354,0.5619379226118326,3.906404133886099,shared_2l_1pool
4126,4.5214020647108555,0.5528049077838659,3.8643651641905308,shared_2l_1pool
4127,4.522442119196057,0.5460928659886122,3.873473033308983,shared_2l_1pool
4128,4.502540221437812,0.5485680885612965,3.8505280390381813,shared_2l_1pool
4129,4.622070817276835,0.5638720467686653,3.949263133108616,shared_2l_1pool
4130,4.519292851909995,0.5528510082513094,3.8617069367319345,shared_2l_1pool
4131,4.54710703343153,0.5422208923846483,3.9032981730997562,shared_2l_1pool
4132,4.61230892688036,0.5582938902080059,3.9487341418862343,shared_2l_1pool
4133,5.6945697870105505,1.535516930744052,4.035633057355881,shared_2l_1pool
4134,4.54975594766438,0.563870882615447,3.8770660758018494,shared_2l_1pool
4135,4.519579000771046,0.5644841585308313,3.8512288592755795,shared_2l_1pool
4136,4.524182993918657,0.5516610108315945,3.8690129294991493,shared_2l_1pool
4137,4.528995836153626,0.5479380488395691,3.8756069261580706,shared_2l_1pool
4138,4.604011075571179,0.5375018808990717,3.9620629977434874,shared_2l_1pool
4139,4.590780008584261,0.5574640817940235,3.9274049922823906,shared_2l_1pool
4140,4.559809109196067,0.5445941351354122,3.9099189452826977,shared_2l_1pool
4141,4.535275045782328,0.55522914044559,3.874049987643957,shared_2l_1pool
4142,4.571110010147095,0.5505629815161228,3.913650056347251,shared_2l_1pool
4143,4.531815880909562,0.5321698263287544,3.8966690190136433,shared_2l_1pool
4144,4.614328965544701,0.5545441526919603,3.9557109121233225,shared_2l_1pool
4145,4.5825529377907515,0.5363728851079941,3.9397191721946,shared_2l_1pool
4146,4.501875955611467,0.5588491912931204,3.837631782516837,shared_2l_1pool
4147,4.504064098000526,0.539819011464715,3.8606671150773764,shared_2l_1pool
4148,4.50883200392127,0.5516628734767437,3.85321700014174,shared_2l_1pool
4149,5.711199948564172,1.5554360579699278,4.033837001770735,shared_2l_1pool
4150,4.533383995294571,0.5462439730763435,3.8819441106170416,shared_2l_1pool
4151,4.539967980235815,0.5555308889597654,3.8795641157776117,shared_2l_1pool
4152,4.570700926706195,0.5462230183184147,3.9192030671983957,shared_2l_1pool
4153,4.556592088192701,0.5499490071088076,3.903549164533615,shared_2l_1pool
4154,4.591209115460515,0.5566210020333529,3.9285030215978622,shared_2l_1pool
4155,4.517412045970559,0.5545648746192455,3.8582771085202694,shared_2l_1pool
4156,4.470271058380604,0.5417258944362402,3.824339946731925,shared_2l_1pool
4157,4.463528981432319,0.5425300914794207,3.8177678361535072,shared_2l_1pool
4158,4.51059709303081,0.5420770030468702,3.8642219733446836,shared_2l_1pool
4159,4.48421691544354,0.5421149544417858,3.8416071329265833,shared_2l_1pool
4160,4.49672807008028,0.5440991371870041,3.8509329315274954,shared_2l_1pool
4161,4.519167123362422,0.5494169890880585,3.8661761209368706,shared_2l_1pool
4162,4.505980061367154,0.546339200809598,3.85704985819757,shared_2l_1pool
4163,4.5112320221960545,0.5502819549292326,3.859322052448988,shared_2l_1pool
4164,4.522006958723068,0.5438840016722679,3.875209018588066,shared_2l_1pool
4165,5.699492059648037,1.5363609418272972,4.046865040436387,shared_2l_1pool
4166,4.6337631065398455,0.5975689273327589,3.9294909220188856,shared_2l_1pool
4167,4.59912815131247,0.5543900188058615,3.938490990549326,shared_2l_1pool
4168,4.525577882304788,0.5564559251070023,3.864373080432415,shared_2l_1pool
4169,4.514819942414761,0.5413629114627838,3.8667991757392883,shared_2l_1pool
4170,4.584559937939048,0.5663798656314611,3.9132400415837765,shared_2l_1pool
4171,4.5949851628392935,0.562002882361412,3.9266881067305803,shared_2l_1pool
4172,4.493013024330139,0.5404329858720303,3.848938038572669,shared_2l_1pool
4173,4.621208878234029,0.5671118851751089,3.9491490460932255,shared_2l_1pool
4174,4.55734902061522,0.5450320895761251,3.910826053470373,shared_2l_1pool
4175,4.5016619842499495,0.5552947986871004,3.8427100516855717,shared_2l_1pool
4176,4.527645884081721,0.548577168956399,3.8727219216525555,shared_2l_1pool
4177,4.526420962065458,0.5511678755283356,3.8689440116286278,shared_2l_1pool
4178,4.524933872744441,0.5440639797598124,3.8780670147389174,shared_2l_1pool
4179,4.580651177093387,0.5598398856818676,3.9172801189124584,shared_2l_1pool
4180,4.574613180011511,0.5593551322817802,3.9121119771152735,shared_2l_1pool
4181,5.68050192669034,1.5570309478789568,4.003670997917652,shared_2l_1pool
4182,4.543232964351773,0.5679451860487461,3.8680529687553644,shared_2l_1pool
4183,4.537929082289338,0.5531872157007456,3.8804248906672,shared_2l_1pool
4184,4.549290053546429,0.5537418182939291,3.8898540660738945,shared_2l_1pool
4185,4.579647909849882,0.553264981135726,3.920334856957197,shared_2l_1pool
4186,4.572938196361065,0.5538321565836668,3.9147590287029743,shared_2l_1pool
4187,4.562785848975182,0.5483350250869989,3.9119140710681677,shared_2l_1pool
4188,4.562198184430599,0.5343898665159941,3.9215132128447294,shared_2l_1pool
4189,4.498207941651344,0.5505341105163097,3.843021811917424,shared_2l_1pool
4190,4.508571932092309,0.5444581620395184,3.8578498642891645,shared_2l_1pool
4191,4.477551905438304,0.5549399647861719,3.819850040599704,shared_2l_1pool
4192,4.483408993110061,0.5458090454339981,3.8352510891854763,shared_2l_1pool
4193,4.535882966592908,0.5484148859977722,3.8867830298841,shared_2l_1pool
4194,4.587651928886771,0.5395549815148115,3.9438121020793915,shared_2l_1pool
4195,4.6018739230930805,0.5430229939520359,3.9539991412311792,shared_2l_1pool
4196,4.571023862808943,0.5426111165434122,3.9195488207042217,shared_2l_1pool
4197,5.663663148880005,1.5369709581136703,4.008008167147636,shared_2l_1pool
4198,4.57189092412591,0.5646729841828346,3.9009780157357454,shared_2l_1pool
4199,4.546323791146278,0.5539499688893557,3.8871578872203827,shared_2l_1pool
4200,4.607978975400329,0.5521827843040228,3.9498230908066034,shared_2l_1pool
4201,4.570133984088898,0.5583020392805338,3.909061895683408,shared_2l_1pool
4202,4.53602010384202,0.5389419384300709,3.8928049616515636,shared_2l_1pool
4203,4.534398904070258,0.5454260390251875,3.88437882065773,shared_2l_1pool
4204,4.509747959673405,0.5422881804406643,3.8605579175055027,shared_2l_1pool
4205,4.554273094981909,0.5575728137046099,3.8892370648682117,shared_2l_1pool
4206,4.568130010738969,0.5415789783000946,3.921760944649577,shared_2l_1pool
4207,4.557820037007332,0.54554408416152,3.9059119299054146,shared_2l_1pool
4208,4.507020814344287,0.5414660554379225,3.861739067360759,shared_2l_1pool
4209,4.608044866472483,0.5798439960926771,3.92272905446589,shared_2l_1pool
4210,4.60054399445653,0.5506069865077734,3.9420819375663996,shared_2l_1pool
4211,4.516715183854103,0.5418311338871717,3.8712669629603624,shared_2l_1pool
4212,4.508655052632093,0.550638185814023,3.8540149107575417,shared_2l_1pool
4213,5.676391068845987,1.5473279636353254,4.011452896520495,shared_2l_1pool
4214,4.534993087872863,0.5624690093100071,3.8642289582639933,shared_2l_1pool
4215,4.5586880296468735,0.5548861809074879,3.9007849991321564,shared_2l_1pool
4216,4.52434504404664,0.5554240196943283,3.862135112285614,shared_2l_1pool
4217,4.597214050590992,0.5543308798223734,3.9405999705195427,shared_2l_1pool
4218,4.587615141645074,0.548133859410882,3.9343400858342648,shared_2l_1pool
4219,4.5737819746136665,0.5475990474224091,3.9227688685059547,shared_2l_1pool
4220,4.464152967557311,0.5381230730563402,3.8216770626604557,shared_2l_1pool
4221,4.56042611040175,0.547521049156785,3.910756902769208,shared_2l_1pool
4222,4.554535960778594,0.53983717225492,3.9095429237931967,shared_2l_1pool
4223,4.486897028982639,0.5465461872518063,3.837429918348789,shared_2l_1pool
4224,4.567922092974186,0.5588221829384565,3.9053508080542088,shared_2l_1pool
4225,4.596834070980549,0.5455408245325089,3.9479671977460384,shared_2l_1pool
4226,4.480897914618254,0.5533769726753235,3.8232989609241486,shared_2l_1pool
4227,4.500126000493765,0.5302620120346546,3.861925797536969,shared_2l_1pool
4228,4.5141419395804405,0.5581709556281567,3.8488011341542006,shared_2l_1pool
4229,5.701624089851975,1.544275088235736,4.037299891933799,shared_2l_1pool
4230,4.599926061928272,0.571283046156168,3.921736963093281,shared_2l_1pool
4231,4.572917008772492,0.5593348760157824,3.9100360590964556,shared_2l_1pool
4232,4.611247917637229,0.5641719326376915,3.942759009078145,shared_2l_1pool
4233,4.595601931214333,0.5476220976561308,3.94382793456316,shared_2l_1pool
4234,4.599943989887834,0.5498749669641256,3.9467550814151764,shared_2l_1pool
4235,4.575730999931693,0.5484330467879772,3.9225241634994745,shared_2l_1pool
4236,4.5904358848929405,0.5432949401438236,3.941707080230117,shared_2l_1pool
4237,4.494372056797147,0.5487690214067698,3.84210585616529,shared_2l_1pool
4238,4.494581837207079,0.5472751799970865,3.842785023152828,shared_2l_1pool
4239,4.491655854508281,0.5479671526700258,3.840058809146285,shared_2l_1pool
4240,4.478896968066692,0.5385640542954206,3.8360808975994587,shared_2l_1pool
4241,4.492954118177295,0.543300062417984,3.8454439491033554,shared_2l_1pool
4242,4.497312009334564,0.5341810174286366,3.858502022922039,shared_2l_1pool
4243,4.496207926422358,0.5520060658454895,3.839571960270405,shared_2l_1pool
4244,4.578030901029706,0.5477720405906439,3.926436882466078,shared_2l_1pool
4245,5.750862881541252,1.5705679543316364,4.0537279564887285,shared_2l_1pool
4246,4.574859980493784,0.5635411944240332,3.9057638496160507,shared_2l_1pool
4247,4.588417010381818,0.5533348303288221,3.9293980225920677,shared_2l_1pool
4248,4.522368079051375,0.5543178413063288,3.863409161567688,shared_2l_1pool
4249,4.489546874538064,0.5514000076800585,3.8349470123648643,shared_2l_1pool
4250,4.49135503731668,0.5494181532412767,3.8364960346370935,shared_2l_1pool
4251,4.516588989645243,0.550244003534317,3.8629828486591578,shared_2l_1pool
4252,4.504384007304907,0.5509569309651852,3.84948099963367,shared_2l_1pool
4253,4.495364148169756,0.5497990641742945,3.8423859514296055,shared_2l_1pool
4254,4.474687855690718,0.5538039840757847,3.8172730710357428,shared_2l_1pool
4255,4.5184839982539415,0.5433619953691959,3.8721070159226656,shared_2l_1pool
4256,4.596669925376773,0.5536121316254139,3.932002931833267,shared_2l_1pool
4257,4.560556961223483,0.5515022203326225,3.905951976776123,shared_2l_1pool
4258,4.528654972091317,0.5407100543379784,3.8825299125164747,shared_2l_1pool
4259,4.59477910771966,0.5680709145963192,3.9227830711752176,shared_2l_1pool
4260,4.583531990647316,0.5396120250225067,3.9391799364238977,shared_2l_1pool
4261,5.904224934056401,1.758418045938015,4.0267580188810825,shared_2l_1pool
4262,4.625205183401704,0.5805820692330599,3.938134992495179,shared_2l_1pool
4263,4.600168904289603,0.5480849649757147,3.9408430457115173,shared_2l_1pool
4264,4.540151916444302,0.5557460244745016,3.8804698269814253,shared_2l_1pool
4265,4.580044886097312,0.5547842010855675,3.921711817383766,shared_2l_1pool
4266,4.597642924636602,0.5686578806489706,3.9234180003404617,shared_2l_1pool
4267,4.608608083799481,0.5574568640440702,3.9449301548302174,shared_2l_1pool
4268,4.5327788684517145,0.5427119322121143,3.885359037667513,shared_2l_1pool
4269,4.534010076895356,0.5484370049089193,3.8819180335849524,shared_2l_1pool
4270,4.541870905086398,0.5487669259309769,3.8847581017762423,shared_2l_1pool
4271,4.571436904370785,0.5394229665398598,3.9274299051612616,shared_2l_1pool
4272,4.564293893054128,0.5608769133687019,3.901215037330985,shared_2l_1pool
4273,4.578413208946586,0.5456949584186077,3.9268939290195704,shared_2l_1pool
4274,4.598827101290226,0.5542200524359941,3.9367100689560175,shared_2l_1pool
4275,4.498108988627791,0.5485210567712784,3.845049999654293,shared_2l_1pool
4276,4.528797930106521,0.5485769361257553,3.873727982863784,shared_2l_1pool
4277,5.737917963415384,1.5540909953415394,4.060487961396575,shared_2l_1pool
4278,4.585138987749815,0.5572158843278885,3.921841038390994,shared_2l_1pool
4279,4.628667142242193,0.5675940774381161,3.9560350123792887,shared_2l_1pool
4280,4.567014053463936,0.5619500298053026,3.8999260868877172,shared_2l_1pool
4281,4.529508063569665,0.5617470014840364,3.865312086418271,shared_2l_1pool
4282,4.546729847788811,0.5492840427905321,3.8878850173205137,shared_2l_1pool
4283,4.548737080767751,0.555064994841814,3.8901539519429207,shared_2l_1pool
4284,4.51030395925045,0.5553539376705885,3.846636973321438,shared_2l_1pool
4285,4.541992908343673,0.553980004042387,3.8841438945382833,shared_2l_1pool
4286,4.584246082231402,0.5674529820680618,3.912271000444889,shared_2l_1pool
4287,4.608155926689506,0.5559008568525314,3.9479031693190336,shared_2l_1pool
4288,4.558291984722018,0.5599930882453918,3.893917892128229,shared_2l_1pool
4289,4.53951908275485,0.5485189612954855,3.889388870447874,shared_2l_1pool
4290,4.60551492869854,0.5495590157806873,3.95124196074903,shared_2l_1pool
4291,4.580814857035875,0.5581758450716734,3.915664041414857,shared_2l_1pool
4292,4.590389085933566,0.5511059425771236,3.935236018151045,shared_2l_1pool
4293,5.706189898774028,1.5495708212256432,4.037854028865695,shared_2l_1pool
4294,4.542910028249025,0.5696490406990051,3.8619909901171923,shared_2l_1pool
4295,4.521111957728863,0.5602468736469746,3.8560531102120876,shared_2l_1pool
4296,4.525843076407909,0.5638999864459038,3.85485403239727,shared_2l_1pool
4297,4.520388087257743,0.5489420145750046,3.8669558707624674,shared_2l_1pool
4298,4.56976005807519,0.5626620259135962,3.9014718495309353,shared_2l_1pool
4299,4.554951097816229,0.5496910307556391,3.9009959436953068,shared_2l_1pool
4300,4.598701139912009,0.5572601221501827,3.9374579209834337,shared_2l_1pool
4301,4.605505848303437,0.5493969656527042,3.9505520835518837,shared_2l_1pool
4302,4.66141989454627,0.5624310579150915,3.9921679999679327,shared_2l_1pool
4303,4.54596895724535,0.5671421531587839,3.872846020385623,shared_2l_1pool
4304,4.508084850385785,0.5483960267156363,3.8560780230909586,shared_2l_1pool
4305,4.571153782308102,0.5554920062422752,3.9123918395489454,shared_2l_1pool
4306,4.55864192917943,0.5481268744915724,3.906046971678734,shared_2l_1pool
4307,4.578412976115942,0.5513259675353765,3.92166618257761,shared_2l_1pool
4308,4.5419130474328995,0.558692030608654,3.8777338340878487,shared_2l_1pool
4309,5.715145962312818,1.5569638926535845,4.039871972054243,shared_2l_1pool
4310,4.644943168386817,0.5750360433012247,3.9638038724660873,shared_2l_1pool
4311,4.5571899972856045,0.5549469497054815,3.8989558815956116,shared_2l_1pool
4312,4.609778989106417,0.5633160471916199,3.940858878195286,shared_2l_1pool
4313,4.577063024044037,0.5505031440407038,3.924811026081443,shared_2l_1pool
4314,4.600216168910265,0.553967896848917,3.941544098779559,shared_2l_1pool
4315,4.598204977810383,0.5643549375236034,3.929886966943741,shared_2l_1pool
4316,4.523101961240172,0.5566838663071394,3.8624571170657873,shared_2l_1pool
4317,4.592227982357144,0.5536009557545185,3.934939857572317,shared_2l_1pool
4318,4.546108888462186,0.5728909745812416,3.8677130360156298,shared_2l_1pool
4319,4.532792838290334,0.5559481214731932,3.87341296300292,shared_2l_1pool
4320,4.553501959890127,0.5551690701395273,3.894224064424634,shared_2l_1pool
4321,4.5633448753505945,0.5520249251276255,3.909256076440215,shared_2l_1pool
4322,4.61843004450202,0.5703719798475504,3.942793933674693,shared_2l_1pool
4323,4.505489021539688,0.5481869447976351,3.853294998407364,shared_2l_1pool
4324,4.530960926786065,0.5582508165389299,3.868160070851445,shared_2l_1pool
4325,5.725947907194495,1.5566698275506496,4.047945141792297,shared_2l_1pool
4326,4.558099899441004,0.5622908938676119,3.8886989932507277,shared_2l_1pool
4327,4.552952013909817,0.560687156394124,3.8871588185429573,shared_2l_1pool
4328,4.614308010786772,0.5661039613187313,3.9426488801836967,shared_2l_1pool
4329,4.508548881858587,0.555332051590085,3.8485571276396513,shared_2l_1pool
4330,4.5269380789250135,0.5537329707294703,3.86997708119452,shared_2l_1pool
4331,4.548707976937294,0.5504169967025518,3.8958590012043715,shared_2l_1pool
4332,4.530587000772357,0.5515529774129391,3.873114939779043,shared_2l_1pool
4333,4.512803163379431,0.5582249723374844,3.8500709924846888,shared_2l_1pool
4334,4.501959076151252,0.5623570177704096,3.836756106466055,shared_2l_1pool
4335,4.588768118992448,0.5504179280251265,3.92885715700686,shared_2l_1pool
4336,4.574974998831749,0.543828820809722,3.926561214029789,shared_2l_1pool
4337,4.491862840950489,0.5471850745379925,3.8422460202127695,shared_2l_1pool
4338,4.516930086538196,0.5538610275834799,3.8596889935433865,shared_2l_1pool
4339,4.50250506401062,0.5491289775818586,3.849953878670931,shared_2l_1pool
4340,4.518522880971432,0.5567232146859169,3.8586189039051533,shared_2l_1pool
4341,5.66171994432807,1.5296100173145533,4.015742102637887,shared_2l_1pool
4342,4.606766160577536,0.5738569889217615,3.927702084183693,shared_2l_1pool
4343,4.584080073982477,0.5674781277775764,3.908609040081501,shared_2l_1pool
4344,4.590789088979363,0.5556980613619089,3.9319018833339214,shared_2l_1pool
4345,4.609348950907588,0.5733231082558632,3.9318290073424578,shared_2l_1pool
4346,4.569936078041792,0.5495338700711727,3.917359048500657,shared_2l_1pool
4347,4.615911981090903,0.5685258656740189,3.9438761305063963,shared_2l_1pool
4348,4.498081048950553,0.553028890863061,3.837672993540764,shared_2l_1pool
4349,4.520802991464734,0.546731986105442,3.8703149184584618,shared_2l_1pool
4350,4.526395816355944,0.552857993170619,3.863933961838484,shared_2l_1pool
4351,4.567702068015933,0.5441559478640556,3.920205170288682,shared_2l_1pool
4352,4.600609187036753,0.5664241034537554,3.9307689294219017,shared_2l_1pool
4353,4.552050027996302,0.5469450261443853,3.9003610145300627,shared_2l_1pool
4354,4.566376097500324,0.5685058422386646,3.893739078193903,shared_2l_1pool
4355,4.5250700786709785,0.5526770837605,3.87002294883132,shared_2l_1pool
4356,4.495606990531087,0.5530449561774731,3.8402481004595757,shared_2l_1pool
4357,5.704104900360107,1.5500190202146769,4.034839104861021,shared_2l_1pool
4358,4.58140391856432,0.5680951289832592,3.9066208992153406,shared_2l_1pool
4359,4.621046828106046,0.5682851187884808,3.9470179472118616,shared_2l_1pool
4360,4.575723083689809,0.5624259356409311,3.9095229003578424,shared_2l_1pool
4361,4.5296738389879465,0.5558340344578028,3.8698301650583744,shared_2l_1pool
4362,4.504258977249265,0.56081498041749,3.8387728855013847,shared_2l_1pool
4363,4.550026962533593,0.5656438879668713,3.878107061609626,shared_2l_1pool
4364,4.55861515365541,0.5755629390478134,3.8738970179110765,shared_2l_1pool
4365,4.521111026406288,0.5617749411612749,3.8546950090676546,shared_2l_1pool
4366,4.5054040383547544,0.5585309118032455,3.8438220508396626,shared_2l_1pool
4367,4.5261241029948,0.5507490132004023,3.872367087751627,shared_2l_1pool
4368,4.503424977883697,0.5633269902318716,3.837581956759095,shared_2l_1pool
4369,4.505178891122341,0.551232136785984,3.8510810118168592,shared_2l_1pool
4370,4.509981954470277,0.5608350038528442,3.8459589704871178,shared_2l_1pool
4371,4.5596950221806765,0.5556019023060799,3.900971030816436,shared_2l_1pool
4372,4.527640994638205,0.567037845030427,3.8584270514547825,shared_2l_1pool
4373,5.7295700535178185,1.5483959577977657,4.060036037117243,shared_2l_1pool
4374,4.559928085654974,0.5675540305674076,3.88627708889544,shared_2l_1pool
4375,4.5205350033938885,0.5615579430013895,3.856332041323185,shared_2l_1pool
4376,4.5584021136164665,0.5538531113415956,3.8989619351923466,shared_2l_1pool
4377,4.571700934320688,0.5664380732923746,3.90036404132843,shared_2l_1pool
4378,4.60529001429677,0.5595481488853693,3.940833965316415,shared_2l_1pool
4379,4.6381051652133465,0.5677328445017338,3.96519317291677,shared_2l_1pool
4380,4.56826901063323,0.5576810799539089,3.9038369432091713,shared_2l_1pool
4381,4.524718038737774,0.5500768311321735,3.8730641826987267,shared_2l_1pool
4382,4.672026028856635,0.6166340317577124,3.9487089961767197,shared_2l_1pool
4383,4.539170069620013,0.553022837266326,3.8821850903332233,shared_2l_1pool
4384,4.573258105665445,0.5604650359600782,3.9082809817045927,shared_2l_1pool
4385,4.530410980805755,0.5527259781956673,3.8746390491724014,shared_2l_1pool
4386,4.560069879516959,0.5549960769712925,3.9006168954074383,shared_2l_1pool
4387,4.527586977928877,0.5633120890706778,3.855448914691806,shared_2l_1pool
4388,4.59839403629303,0.5636680871248245,3.9289300329983234,shared_2l_1pool
4389,5.719317123293877,1.5654780436307192,4.034637939184904,shared_2l_1pool
4390,4.605070920661092,0.562754925340414,3.931561950594187,shared_2l_1pool
4391,4.6246901620179415,0.5721969064325094,3.9492989890277386,shared_2l_1pool
4392,4.587695933878422,0.5651179235428572,3.91774601303041,shared_2l_1pool
4393,4.539252957329154,0.5522151477634907,3.882213030010462,shared_2l_1pool
4394,4.526264034211636,0.5543241277337074,3.8670040667057037,shared_2l_1pool
4395,4.540331196039915,0.5487650632858276,3.8881199434399605,shared_2l_1pool
4396,4.511817125603557,0.564957968890667,3.8460141513496637,shared_2l_1pool
4397,4.506064113229513,0.5506470333784819,3.8533019833266735,shared_2l_1pool
4398,4.525056108832359,0.5583879537880421,3.863302059471607,shared_2l_1pool
4399,4.520797869190574,0.5515750963240862,3.8653688970953226,shared_2l_1pool
4400,4.557229811325669,0.5726180970668793,3.8816549349576235,shared_2l_1pool
4401,4.579039989039302,0.5497210659086704,3.924465971067548,shared_2l_1pool
4402,4.595602862536907,0.5537949036806822,3.938016016036272,shared_2l_1pool
4403,4.603035980835557,0.5584771279245615,3.9399038068950176,shared_2l_1pool
4404,4.61061904206872,0.5603390745818615,3.94643796607852,shared_2l_1pool
4405,5.667752819135785,1.5311210881918669,4.0179898496717215,shared_2l_1pool
4406,4.605862079188228,0.5788120906800032,3.921082941815257,shared_2l_1pool
4407,4.589800955727696,0.5572198424488306,3.9292010478675365,shared_2l_1pool
4408,4.602275090292096,0.5619090516120195,3.9356688503175974,shared_2l_1pool
4409,4.657297860831022,0.5891709588468075,3.9604289922863245,shared_2l_1pool
4410,4.633554024621844,0.5603400059044361,3.967039054259658,shared_2l_1pool
4411,4.617718979716301,0.5627491045743227,3.951009828597307,shared_2l_1pool
4412,4.51746117323637,0.5555299576371908,3.859414951875806,shared_2l_1pool
4413,4.620679887011647,0.5667549557983875,3.9503450971096754,shared_2l_1pool
4414,4.631476942449808,0.5635072011500597,3.96299478597939,shared_2l_1pool
4415,4.598814994096756,0.550700118765235,3.9442540146410465,shared_2l_1pool
4416,4.580378066748381,0.5469578318297863,3.931625047698617,shared_2l_1pool
4417,4.5852698385715485,0.5526458844542503,3.928844118490815,shared_2l_1pool
4418,4.5347141567617655,0.5652518011629581,3.864743048325181,shared_2l_1pool
4419,4.538852954283357,0.5555229727178812,3.874568035826087,shared_2l_1pool
4420,4.5382732059806585,0.5505590233951807,3.885044949129224,shared_2l_1pool
4421,5.701666930690408,1.559667056426406,4.022643901407719,shared_2l_1pool
4422,4.626104142516851,0.5661849863827229,3.9538471028208733,shared_2l_1pool
4423,4.608050920069218,0.5701018963009119,3.9326620753854513,shared_2l_1pool
4424,4.542001057416201,0.5621369928121567,3.871867898851633,shared_2l_1pool
4425,4.55483584664762,0.5508149042725563,3.899727948009968,shared_2l_1pool
4426,4.567421041429043,0.5724800284951925,3.890322055667639,shared_2l_1pool
4427,4.61601885035634,0.5637919530272484,3.946474054828286,shared_2l_1pool
4428,4.612111020833254,0.5613649263978004,3.9442030247300863,shared_2l_1pool
4429,4.650147864595056,0.5810789298266172,3.958619898185134,shared_2l_1pool
4430,4.510595928877592,0.5438001826405525,3.8632669020444155,shared_2l_1pool
4431,4.6155808959156275,0.561306020244956,3.948901081457734,shared_2l_1pool
4432,4.526420030742884,0.5472439806908369,3.874210873618722,shared_2l_1pool
4433,4.549340112134814,0.5579181015491486,3.885510843247175,shared_2l_1pool
4434,4.544808994978666,0.5543220322579145,3.884345991536975,shared_2l_1pool
4435,4.605791997164488,0.5647069774568081,3.937867935746908,shared_2l_1pool
4436,4.57902904599905,0.5610950756818056,3.9075410459190607,shared_2l_1pool
4437,5.6550269946455956,1.548453001305461,3.988466924056411,shared_2l_1pool
4438,4.609023919329047,0.5809010472148657,3.9200750179588795,shared_2l_1pool
4439,4.526864970102906,0.5645898636430502,3.858454991132021,shared_2l_1pool
4440,4.509493010118604,0.5639439914375544,3.8418618496507406,shared_2l_1pool
4441,4.526250064373016,0.5526221357285976,3.8686059415340424,shared_2l_1pool
4442,4.514154978096485,0.5598929710686207,3.846817184239626,shared_2l_1pool
4443,4.53181192278862,0.565072987228632,3.862163983285427,shared_2l_1pool
4444,4.536409862339497,0.5581569857895374,3.8694138638675213,shared_2l_1pool
4445,4.588739015161991,0.5662089679390192,3.919777926057577,shared_2l_1pool
4446,4.566935123875737,0.5608981009572744,3.9024369325488806,shared_2l_1pool
4447,4.5932200737297535,0.5725848022848368,3.9166591595858335,shared_2l_1pool
4448,4.54809982329607,0.5539518315345049,3.8912470918148756,shared_2l_1pool
4449,4.5307050459086895,0.5716311279684305,3.8560638204216957,shared_2l_1pool
4450,4.587602103129029,0.5555232055485249,3.9263488724827766,shared_2l_1pool
4451,4.600181942805648,0.5605330225080252,3.932377090677619,shared_2l_1pool
4452,4.536751890555024,0.5708250682801008,3.861811012029648,shared_2l_1pool
4453,5.740024847909808,1.5792029444128275,4.042628919705749,shared_2l_1pool
4454,4.595672944560647,0.5775871686637402,3.909833962097764,shared_2l_1pool
4455,4.551958059892058,0.5854340270161629,3.859971882775426,shared_2l_1pool
4456,4.573852987959981,0.5651980172842741,3.9045889861881733,shared_2l_1pool
4457,4.606541944667697,0.5847311113029718,3.9149909280240536,shared_2l_1pool
4458,4.590190015733242,0.5657889414578676,3.919061040505767,shared_2l_1pool
4459,4.620736930519342,0.5665800999850035,3.9481709245592356,shared_2l_1pool
4460,4.521541064605117,0.567000824958086,3.8491920568048954,shared_2l_1pool
4461,4.507795907557011,0.5675898864865303,3.828774206340313,shared_2l_1pool
4462,4.521141992881894,0.5665989592671394,3.8462700322270393,shared_2l_1pool
4463,4.5516612008214,0.5612259265035391,3.883874975144863,shared_2l_1pool
4464,4.521694034337997,0.566679984331131,3.8507520221173763,shared_2l_1pool
4465,4.538862966001034,0.5774020683020353,3.8581339176744223,shared_2l_1pool
4466,4.509635968133807,0.5604731850326061,3.843954997137189,shared_2l_1pool
4467,4.520498914644122,0.558163970708847,3.858787938952446,shared_2l_1pool
4468,4.505326971411705,0.5523080471903086,3.8487929850816727,shared_2l_1pool
4469,5.718467989936471,1.5573189593851566,4.042305052280426,shared_2l_1pool
4470,4.632620140910149,0.579153886064887,3.9485900197178125,shared_2l_1pool
4471,4.613105906173587,0.5790910217911005,3.928840160369873,shared_2l_1pool
4472,4.594936966896057,0.5624960176646709,3.9266531821340322,shared_2l_1pool
4473,4.573093960061669,0.5703028291463852,3.899982199072838,shared_2l_1pool
4474,4.585725022479892,0.5456330254673958,3.935927990823984,shared_2l_1pool
4475,4.509576130658388,0.5643488839268684,3.842464182525873,shared_2l_1pool
4476,4.544764989987016,0.5800109356641769,3.8588980678468943,shared_2l_1pool
4477,4.559981869533658,0.5806379485875368,3.8744299672544003,shared_2l_1pool
4478,4.572807811200619,0.5650611128658056,3.904086071997881,shared_2l_1pool
4479,4.599611042067409,0.5682189948856831,3.9275698363780975,shared_2l_1pool
4480,4.626240814104676,0.5635889247059822,3.958646208047867,shared_2l_1pool
4481,4.606751957908273,0.5690071266144514,3.9292608853429556,shared_2l_1pool
4482,4.592488054186106,0.5501999985426664,3.9362399838864803,shared_2l_1pool
4483,4.54324996098876,0.5615449044853449,3.879335941746831,shared_2l_1pool
4484,4.52666194178164,0.5672760307788849,3.8553120102733374,shared_2l_1pool
4485,5.685588112100959,1.5596230514347553,4.005393013358116,shared_2l_1pool
4486,4.549636971205473,0.5695540457963943,3.874288871884346,shared_2l_1pool
4487,4.53590415418148,0.5683999042958021,3.862449899315834,shared_2l_1pool
4488,4.533675964921713,0.5719310138374567,3.857920877635479,shared_2l_1pool
4489,4.591070115566254,0.5625500343739986,3.919915994629264,shared_2l_1pool
4490,4.607700975611806,0.5862500984221697,3.9153308607637882,shared_2l_1pool
4491,4.581584129482508,0.5648601800203323,3.9127590134739876,shared_2l_1pool
4492,4.5941711869090796,0.5731149576604366,3.9149378426373005,shared_2l_1pool
4493,4.597224993631244,0.5796849727630615,3.911467967554927,shared_2l_1pool
4494,4.597360035404563,0.5556419491767883,3.9384409319609404,shared_2l_1pool
4495,4.526128992438316,0.5655097775161266,3.855855204164982,shared_2l_1pool
4496,4.52826707623899,0.5570780485868454,3.8667661137878895,shared_2l_1pool
4497,4.505918128415942,0.5667880177497864,3.833490889519453,shared_2l_1pool
4498,4.5199941378086805,0.575364800170064,3.8415042217820883,shared_2l_1pool
4499,4.5046149753034115,0.5623768083751202,3.8396380841732025,shared_2l_1pool
4500,4.54907794483006,0.5541120190173388,3.8936110213398933,shared_2l_1pool
4501,5.711155943572521,1.5503019094467163,4.044047091156244,shared_2l_1pool
4502,4.627051064744592,0.573514960706234,3.9471560157835484,shared_2l_1pool
4503,4.6329249162226915,0.5671880207955837,3.961356123909354,shared_2l_1pool
4504,4.559407010674477,0.5618459545075893,3.892960026860237,shared_2l_1pool
4505,4.628653172403574,0.5596568807959557,3.9618699811398983,shared_2l_1pool
4506,4.550687037408352,0.5661249160766602,3.879656083881855,shared_2l_1pool
4507,4.559871042147279,0.5661069881170988,3.8877499755471945,shared_2l_1pool
4508,4.536947002634406,0.5654739215970039,3.8668490014970303,shared_2l_1pool
4509,4.520538961514831,0.5667370278388262,3.8500959053635597,shared_2l_1pool
4510,4.602130968123674,0.5546561442315578,3.9417799562215805,shared_2l_1pool
4511,4.531189100816846,0.5701661575585604,3.858360927551985,shared_2l_1pool
4512,4.52469103038311,0.5554459057748318,3.865567035973072,shared_2l_1pool
4513,4.542785929515958,0.5577190313488245,3.881721058860421,shared_2l_1pool
4514,4.543909104540944,0.5856161005795002,3.853274043649435,shared_2l_1pool
4515,4.590631928294897,0.5593078676611185,3.922542091459036,shared_2l_1pool
4516,4.63521690107882,0.5915439687669277,3.9383010007441044,shared_2l_1pool
4517,5.6936838664114475,1.5458378475159407,4.027685150504112,shared_2l_1pool
4518,4.637342877686024,0.5919970571994781,3.9382530376315117,shared_2l_1pool
4519,4.62757982313633,0.6028970237821341,3.919595154002309,shared_2l_1pool
4520,4.650948103517294,0.5625421181321144,3.981645917519927,shared_2l_1pool
4521,4.613423021510243,0.5727289244532585,3.9344991091638803,shared_2l_1pool
4522,4.654258955270052,0.5722299683839083,3.9747878909111023,shared_2l_1pool
4523,4.520151996985078,0.5607311613857746,3.856675000861287,shared_2l_1pool
4524,4.589369986206293,0.5617740098387003,3.9238238241523504,shared_2l_1pool
4525,4.533178871497512,0.5544140003621578,3.8732129614800215,shared_2l_1pool
4526,4.52350196428597,0.5673379637300968,3.8508130237460136,shared_2l_1pool
4527,4.511883947998285,0.5601949524134398,3.846466075628996,shared_2l_1pool
4528,4.540637833997607,0.560736982151866,3.8746062200516462,shared_2l_1pool
4529,4.5454849023371935,0.5677049048244953,3.872075118124485,shared_2l_1pool
4530,4.502539057284594,0.5623458418995142,3.837506053969264,shared_2l_1pool
4531,4.47348109446466,0.556357903406024,3.8150970358401537,shared_2l_1pool
4532,4.592183046042919,0.5685270298272371,3.920421004295349,shared_2l_1pool
4533,5.7097990065813065,1.570219872519374,4.021304193884134,shared_2l_1pool
4534,4.568460863083601,0.5625779740512371,3.9000881370157003,shared_2l_1pool
4535,4.563960013911128,0.5710008554160595,3.8878631312400103,shared_2l_1pool
4536,4.586694063618779,0.5874109920114279,3.8943588733673096,shared_2l_1pool
4537,4.600951913744211,0.5574531387537718,3.940461901947856,shared_2l_1pool
4538,4.592309007421136,0.5802849773317575,3.9062800351530313,shared_2l_1pool
4539,4.524180898442864,0.553731806576252,3.8686480838805437,shared_2l_1pool
4540,4.523751093074679,0.569499097764492,3.849575063213706,shared_2l_1pool
4541,4.620186053216457,0.5855439230799675,3.9330150466412306,shared_2l_1pool
4542,4.595746053382754,0.568572198972106,3.9221388287842274,shared_2l_1pool
4543,4.529995145276189,0.5727249663323164,3.846267005428672,shared_2l_1pool
4544,4.543347051367164,0.5619169678539038,3.8774050772190094,shared_2l_1pool
4545,4.53581684269011,0.5701559130102396,3.8621900603175163,shared_2l_1pool
4546,4.620769992470741,0.573611818253994,3.9413010235875845,shared_2l_1pool
4547,4.579220898449421,0.569754047319293,3.905962919816375,shared_2l_1pool
4548,4.616742022335529,0.5674089770764112,3.9451951161026955,shared_2l_1pool
4549,5.6643320713192225,1.5524209011346102,3.9928550831973553,shared_2l_1pool
4550,4.575490020215511,0.5877050571143627,3.8818230386823416,shared_2l_1pool
4551,4.542212001979351,0.5752830766141415,3.862712997943163,shared_2l_1pool
4552,4.519641865044832,0.5736621096730232,3.8425419479608536,shared_2l_1pool
4553,4.537043860182166,0.5612161476165056,3.8723410107195377,shared_2l_1pool
4554,4.532478051260114,0.574509846046567,3.8524901028722525,shared_2l_1pool
4555,4.538095090538263,0.5718539468944073,3.862309968098998,shared_2l_1pool
4556,4.6191830188035965,0.5942839197814465,3.9204019121825695,shared_2l_1pool
4557,4.631096962839365,0.5732730496674776,3.9513700176030397,shared_2l_1pool
4558,4.5463950373232365,0.5675919819623232,3.873668145388365,shared_2l_1pool
4559,4.6027470380067825,0.5769289564341307,3.922762116417289,shared_2l_1pool
4560,4.6290389727801085,0.5786200053989887,3.9455248042941093,shared_2l_1pool
4561,4.644380183890462,0.567618990316987,3.9721839129924774,shared_2l_1pool
4562,4.5601800084114075,0.5718569736927748,3.8828228134661913,shared_2l_1pool
4563,4.587777890264988,0.56232581846416,3.921044059097767,shared_2l_1pool
4564,4.591429140418768,0.5835730116814375,3.9032669737935066,shared_2l_1pool
4565,5.698557943105698,1.561598153784871,4.012184916064143,shared_2l_1pool
4566,4.610267002135515,0.5687230732291937,3.9333379827439785,shared_2l_1pool
4567,4.529713885858655,0.5794060416519642,3.8451689761132,shared_2l_1pool
4568,4.577892133966088,0.5650990642607212,3.909663064405322,shared_2l_1pool
4569,4.588322015479207,0.5731768906116486,3.912215121090412,shared_2l_1pool
4570,4.62528015486896,0.582836102694273,3.9378239307552576,shared_2l_1pool
4571,4.61150798946619,0.5842288956046104,3.923848969861865,shared_2l_1pool
4572,4.595953039824963,0.5770721472799778,3.916463814675808,shared_2l_1pool
4573,4.600672982633114,0.567444134503603,3.9299880154430866,shared_2l_1pool
4574,4.518117057159543,0.5755568854510784,3.837216179817915,shared_2l_1pool
4575,4.504078067839146,0.5606210324913263,3.8403780199587345,shared_2l_1pool
4576,4.605344962328672,0.5749540869146585,3.9279768243432045,shared_2l_1pool
4577,4.544202005490661,0.5754530429840088,3.86338890530169,shared_2l_1pool
4578,4.594443133100867,0.5678879097104073,3.9224009960889816,shared_2l_1pool
4579,4.582216031849384,0.5717240273952484,3.9078909903764725,shared_2l_1pool
4580,4.536637803539634,0.5626177880913019,3.8710690569132566,shared_2l_1pool
4581,5.7453198824077845,1.5662428922951221,4.059251165017486,shared_2l_1pool
4582,4.602405009791255,0.583128072321415,3.913995111361146,shared_2l_1pool
4583,4.62132808752358,0.570997130125761,3.943377872928977,shared_2l_1pool
4584,4.615255864337087,0.5664229393005371,3.943842137232423,shared_2l_1pool
4585,4.550857935100794,0.5775238387286663,3.8699631113559008,shared_2l_1pool
4586,4.534115083515644,0.5662569310516119,3.8635670207440853,shared_2l_1pool
4587,4.561993991956115,0.5774279125034809,3.875560127198696,shared_2l_1pool
4588,4.626319976523519,0.5667679943144321,3.955292049795389,shared_2l_1pool
4589,4.617949016392231,0.5791420117020607,3.933943808078766,shared_2l_1pool
4590,4.619883140549064,0.5521099083125591,3.962970105931163,shared_2l_1pool
4591,4.5291518326848745,0.5691880360245705,3.8539450615644455,shared_2l_1pool
4592,4.561576060950756,0.5773759912699461,3.8762870244681835,shared_2l_1pool
4593,4.521660041064024,0.559894135221839,3.857864998281002,shared_2l_1pool
4594,4.505443852394819,0.5670541431754827,3.8349279202520847,shared_2l_1pool
4595,4.512983141466975,0.5603649187833071,3.8482178933918476,shared_2l_1pool
4596,4.501772113144398,0.5575530230998993,3.8413279689848423,shared_2l_1pool
4597,5.7833329774439335,1.559077063575387,4.105540923774242,shared_2l_1pool
4598,4.6271709725260735,0.5883518606424332,3.9325510151684284,shared_2l_1pool
4599,4.619014915078878,0.5811378359794617,3.9324171375483274,shared_2l_1pool
4600,4.543822957202792,0.5695070140063763,3.8706830237060785,shared_2l_1pool
4601,4.536189138889313,0.5700588226318359,3.862104145810008,shared_2l_1pool
4602,4.587006056681275,0.5707491654902697,3.9134148973971605,shared_2l_1pool
4603,4.530763952061534,0.57948287576437,3.848432097584009,shared_2l_1pool
4604,4.5328529085963964,0.5657060537487268,3.8613539654761553,shared_2l_1pool
4605,4.544252064079046,0.5711698904633522,3.8697661366313696,shared_2l_1pool
4606,4.5239010360091925,0.5660781171172857,3.8496688939630985,shared_2l_1pool
4607,4.52712900005281,0.5717361345887184,3.8505569100379944,shared_2l_1pool
4608,4.531176993623376,0.5760269705206156,3.8498269859701395,shared_2l_1pool
4609,4.511957056820393,0.565048074349761,3.8435328751802444,shared_2l_1pool
4610,4.527457058429718,0.5726278759539127,3.8501739036291838,shared_2l_1pool
4611,4.543151007965207,0.5608501378446817,3.878542920574546,shared_2l_1pool
4612,4.529394907876849,0.5687929224222898,3.856922034174204,shared_2l_1pool
4613,5.681432085111737,1.5500050503760576,4.0112819988280535,shared_2l_1pool
4614,4.590129014104605,0.5796682089567184,3.903905861079693,shared_2l_1pool
4615,4.528131103143096,0.5739510525017977,3.8449009880423546,shared_2l_1pool
4616,4.5421679969877005,0.5640930030494928,3.872815053910017,shared_2l_1pool
4617,4.6049850061535835,0.5855101626366377,3.91383096575737,shared_2l_1pool
4618,4.631316987797618,0.5648410879075527,3.9593379478901625,shared_2l_1pool
4619,4.582568071782589,0.574593199416995,3.90081200748682,shared_2l_1pool
4620,4.578032996505499,0.5809708964079618,3.887058002874255,shared_2l_1pool
4621,4.521392984315753,0.5651591345667839,3.8523958064615726,shared_2l_1pool
4622,4.532640799880028,0.5696138832718134,3.861089004203677,shared_2l_1pool
4623,4.541856003925204,0.5647789221256971,3.874158952385187,shared_2l_1pool
4624,4.547860007733107,0.5625300109386444,3.8828549440950155,shared_2l_1pool
4625,4.578830907121301,0.5716760642826557,3.900491865351796,shared_2l_1pool
4626,4.551572958007455,0.575504032894969,3.8708730135113,shared_2l_1pool
4627,4.57138498313725,0.5704120267182589,3.894550958648324,shared_2l_1pool
4628,4.612657008692622,0.575765036046505,3.9316299371421337,shared_2l_1pool
4629,5.738342180848122,1.5729470178484917,4.046719986945391,shared_2l_1pool
4630,4.589624935761094,0.5697219166904688,3.913115942850709,shared_2l_1pool
4631,4.547329852357507,0.5710329860448837,3.872348926961422,shared_2l_1pool
4632,4.5798111241310835,0.5852619651705027,3.8837550673633814,shared_2l_1pool
4633,4.6019768342375755,0.5751920398324728,3.9222119376063347,shared_2l_1pool
4634,4.581273999065161,0.5758218467235565,3.8997051306068897,shared_2l_1pool
4635,4.527471959590912,0.5567451007664204,3.8669160567224026,shared_2l_1pool
4636,4.543829010799527,0.5736190360039473,3.8661931175738573,shared_2l_1pool
4637,4.576659062877297,0.564927002415061,3.906897036358714,shared_2l_1pool
4638,4.617208149284124,0.5868610460311174,3.925125114619732,shared_2l_1pool
4639,4.612548043951392,0.5765999667346478,3.9321421645581722,shared_2l_1pool
4640,4.589613992720842,0.567976851016283,3.915403038263321,shared_2l_1pool
4641,4.588549956679344,0.5733219441026449,3.911893116310239,shared_2l_1pool
4642,4.522128030657768,0.5620250012725592,3.8518020883202553,shared_2l_1pool
4643,4.533634055405855,0.5677009467035532,3.8254749961197376,shared_2l_1pool
4644,4.567665047943592,0.5808898713439703,3.8762150797992945,shared_2l_1pool
4645,5.962816998362541,1.769541995599866,4.073724150657654,shared_2l_1pool
4646,4.653079900890589,0.603941036388278,3.9426530711352825,shared_2l_1pool
4647,4.625824047252536,0.5869870074093342,3.9334020111709833,shared_2l_1pool
4648,4.612798104062676,0.5629158113151789,3.945671021938324,shared_2l_1pool
4649,4.556366009637713,0.5762721411883831,3.8757738657295704,shared_2l_1pool
4650,4.590383032336831,0.563804991543293,3.916068933904171,shared_2l_1pool
4651,4.5965989120304585,0.5772782023996115,3.912875894457102,shared_2l_1pool
4652,4.567276919260621,0.5712821148335934,3.8910338189452887,shared_2l_1pool
4653,4.615553887560964,0.5691871047019958,3.9418619126081467,shared_2l_1pool
4654,4.605811787769198,0.5686162039637566,3.931051818653941,shared_2l_1pool
4655,4.555305000394583,0.5780071951448917,3.8719079457223415,shared_2l_1pool
4656,4.550645826384425,0.5718450993299484,3.8757638540118933,shared_2l_1pool
4657,4.555753897875547,0.5784169770777225,3.8678881246596575,shared_2l_1pool
4658,4.534303909167647,0.5660108290612698,3.86562617495656,shared_2l_1pool
4659,4.552541999146342,0.5886589642614126,3.857916919514537,shared_2l_1pool
4660,4.560037050396204,0.5663789343088865,3.8893038872629404,shared_2l_1pool
4661,5.77973504550755,1.5790548641234636,4.083995008841157,shared_2l_1pool
4662,4.582906141877174,0.5835420452058315,3.8948380388319492,shared_2l_1pool
4663,4.62695793248713,0.578391132876277,3.9453799836337566,shared_2l_1pool
4664,4.622874082997441,0.5919539835304022,3.9266629610210657,shared_2l_1pool
4665,4.58338693715632,0.5661710165441036,3.9139329455792904,shared_2l_1pool
4666,4.625827074050903,0.564010813832283,3.9504761807620525,shared_2l_1pool
4667,4.631116054952145,0.5804118700325489,3.947325050830841,shared_2l_1pool
4668,4.55525005236268,0.5644019693136215,3.8857439067214727,shared_2l_1pool
4669,4.635185934603214,0.5871488247066736,3.943982068449259,shared_2l_1pool
4670,4.548331024125218,0.5716269370168447,3.8655318785458803,shared_2l_1pool
4671,4.55673411488533,0.5682969931513071,3.887017024680972,shared_2l_1pool
4672,4.604961955919862,0.5811569280922413,3.9173339027911425,shared_2l_1pool
4673,4.609297960996628,0.5720281042158604,3.9350870065391064,shared_2l_1pool
4674,4.624509019777179,0.5797890480607748,3.940137103199959,shared_2l_1pool
4675,4.6471289824694395,0.5692220292985439,3.9687668904662132,shared_2l_1pool
4676,4.564026137813926,0.572265824303031,3.8868431001901627,shared_2l_1pool
4677,5.7580608408898115,1.5834299847483635,4.056639038026333,shared_2l_1pool
4678,4.583538975566626,0.5824009422212839,3.892210079357028,shared_2l_1pool
4679,4.572662059217691,0.5786248948425055,3.8874230813235044,shared_2l_1pool
4680,4.616803023964167,0.5738500040024519,3.9392979815602303,shared_2l_1pool
4681,4.624879918992519,0.5654809065163136,3.9546519983559847,shared_2l_1pool
4682,4.626152105629444,0.5744840018451214,3.947302931919694,shared_2l_1pool
4683,4.572046920657158,0.5827490240335464,3.8837608881294727,shared_2l_1pool
4684,4.630184965208173,0.5660140886902809,3.960611065849662,shared_2l_1pool
4685,4.627432907000184,0.5789890419691801,3.942006966099143,shared_2l_1pool
4686,4.54155495390296,0.563811045140028,3.873546840623021,shared_2l_1pool
4687,4.584725946187973,0.5739808548241854,3.906089114025235,shared_2l_1pool
4688,4.575005965307355,0.5753079894930124,3.892164910212159,shared_2l_1pool
4689,4.626684123650193,0.5670730024576187,3.954790998250246,shared_2l_1pool
4690,4.590824944898486,0.5836139898747206,3.90331307426095,shared_2l_1pool
4691,4.605317953974009,0.5694890860468149,3.9308727718889713,shared_2l_1pool
4692,4.56135394051671,0.5686350632458925,3.88750690035522,shared_2l_1pool
4693,5.70721086114645,1.5654650051146746,4.024781985208392,shared_2l_1pool
4694,4.647702910006046,0.5659840535372496,3.9750831201672554,shared_2l_1pool
4695,4.630239913240075,0.5815587937831879,3.943172050639987,shared_2l_1pool
4696,4.648327128961682,0.5755308084189892,3.9687121752649546,shared_2l_1pool
4697,4.563865950331092,0.5739000625908375,3.8852840662002563,shared_2l_1pool
4698,4.580236040055752,0.5955500528216362,3.878819989040494,shared_2l_1pool
4699,4.542729817330837,0.565769150853157,3.8720269221812487,shared_2l_1pool
4700,4.568245029076934,0.5808279383927584,3.8822470232844353,shared_2l_1pool
4701,4.5402508694678545,0.5688450764864683,3.868785919621587,shared_2l_1pool
4702,4.559926921501756,0.5859390366822481,3.8701710291206837,shared_2l_1pool
4703,4.550851881504059,0.5702299531549215,3.8724609185010195,shared_2l_1pool
4704,4.692845046520233,0.5697980523109436,4.016812890768051,shared_2l_1pool
4705,4.58591990172863,0.5758688785135746,3.906219033524394,shared_2l_1pool
4706,4.543197108432651,0.5739550106227398,3.864963073283434,shared_2l_1pool
4707,4.545042058452964,0.5815881304442883,3.8606158923357725,shared_2l_1pool
4708,4.6167869586497545,0.5772069562226534,3.9325039833784103,shared_2l_1pool
4709,5.7695910800248384,1.5858719125390053,4.063929198309779,shared_2l_1pool
4710,4.666742170229554,0.5917779635637999,3.9672390557825565,shared_2l_1pool
4711,4.574209917336702,0.5860170349478722,3.881066106259823,shared_2l_1pool
4712,4.53224079683423,0.5658608861267567,3.8631721399724483,shared_2l_1pool
4713,4.542086040601134,0.5794099997729063,3.8591879419982433,shared_2l_1pool
4714,4.546839045360684,0.5740260239690542,3.8675370160490274,shared_2l_1pool
4715,4.548198077827692,0.5785080138593912,3.8637439720332623,shared_2l_1pool
4716,4.536866908892989,0.57654595002532,3.8556100334972143,shared_2l_1pool
4717,4.52934205532074,0.5763929802924395,3.8498102221637964,shared_2l_1pool
4718,4.532812163233757,0.5742579232901335,3.855097107589245,shared_2l_1pool
4719,4.543045070022345,0.5747079849243164,3.8630699273198843,shared_2l_1pool
4720,4.587169969454408,0.5970790516585112,3.8848661351948977,shared_2l_1pool
4721,4.599177977070212,0.5709908436983824,3.9226431399583817,shared_2l_1pool
4722,4.637058125808835,0.5875891074538231,3.945204894989729,shared_2l_1pool
4723,4.6645409893244505,0.5669197998940945,3.99219011887908,shared_2l_1pool
4724,4.562176996842027,0.5757620092481375,3.8759030867367983,shared_2l_1pool
4725,5.706585943698883,1.5683050733059645,4.019303014501929,shared_2l_1pool
4726,4.5844269916415215,0.5868100561201572,3.890417981892824,shared_2l_1pool
4727,4.578975960612297,0.5824968684464693,3.889968153089285,shared_2l_1pool
4728,4.626290872693062,0.5863138940185308,3.9317109622061253,shared_2l_1pool
4729,4.619653802365065,0.576175982132554,3.9393759798258543,shared_2l_1pool
4730,4.639641148969531,0.5877148360013962,3.9461811538785696,shared_2l_1pool
4731,4.552908940240741,0.5744020454585552,3.8729910738766193,shared_2l_1pool
4732,4.557010950520635,0.5776609759777784,3.875973168760538,shared_2l_1pool
4733,4.562965128570795,0.5777459591627121,3.8814391009509563,shared_2l_1pool
4734,4.601007094606757,0.6119159515947104,3.884132020175457,shared_2l_1pool
4735,4.547234857454896,0.5776009056717157,3.866461105644703,shared_2l_1pool
4736,4.566692980006337,0.5743810907006264,3.890416817739606,shared_2l_1pool
4737,4.625535104423761,0.5792370066046715,3.9421950932592154,shared_2l_1pool
4738,4.522517090663314,0.5789690185338259,3.8387030363082886,shared_2l_1pool
4739,4.5294847805053,0.5771107971668243,3.8495741318911314,shared_2l_1pool
4740,4.585999995470047,0.5840051453560591,3.893813816830516,shared_2l_1pool
4741,5.747638875618577,1.560637028887868,4.066213965415955,shared_2l_1pool
4742,4.610938020050526,0.5843881517648697,3.921401919797063,shared_2l_1pool
4743,4.633693024516106,0.5847241263836622,3.9392479229718447,shared_2l_1pool
4744,4.562413087114692,0.584169989451766,3.873856971040368,shared_2l_1pool
4745,4.567743046209216,0.5825420375913382,3.8811119738966227,shared_2l_1pool
4746,4.562730900943279,0.5674471613019705,3.8899388164281845,shared_2l_1pool
4747,4.547597141936421,0.5816691555082798,3.8618259131908417,shared_2l_1pool
4748,4.593895981088281,0.5733249709010124,3.9147469215095043,shared_2l_1pool
4749,4.596952116116881,0.5791629664599895,3.912548068910837,shared_2l_1pool
4750,4.643477965146303,0.5883919075131416,3.949895966798067,shared_2l_1pool
4751,4.677766002714634,0.5733249709010124,3.9996590930968523,shared_2l_1pool
4752,4.578890977427363,0.5769331473857164,3.8973959162831306,shared_2l_1pool
4753,4.553033970296383,0.5801529623568058,3.8643721491098404,shared_2l_1pool
4754,4.583329893648624,0.5767368711531162,3.9023130666464567,shared_2l_1pool
4755,4.558804910629988,0.5804440006613731,3.8727191276848316,shared_2l_1pool
4756,4.567116964608431,0.5882710684090853,3.875951049849391,shared_2l_1pool
4757,5.774929188191891,1.593829831108451,4.0645471308380365,shared_2l_1pool
4758,4.566134186461568,0.5868370644748211,3.8740169256925583,shared_2l_1pool
4759,4.561075940728188,0.5795049946755171,3.878219984471798,shared_2l_1pool
4760,4.557440988719463,0.5789599381387234,3.872513072565198,shared_2l_1pool
4761,4.558506887406111,0.5717100575566292,3.881828859448433,shared_2l_1pool
4762,4.550646990537643,0.5870491731911898,3.8580948021262884,shared_2l_1pool
4763,4.555193008854985,0.5632380489259958,3.887771861627698,shared_2l_1pool
4764,4.610518924891949,0.616700854152441,3.8895669858902693,shared_2l_1pool
4765,4.635362885892391,0.5892901681363583,3.9394579362124205,shared_2l_1pool
4766,4.63348813354969,0.5719501059502363,3.9534089155495167,shared_2l_1pool
4767,4.55992016941309,0.5800090730190277,3.875443944707513,shared_2l_1pool
4768,4.650030052289367,0.5735978484153748,3.972616046667099,shared_2l_1pool
4769,4.623909015208483,0.5794460885226727,3.9398560766130686,shared_2l_1pool
4770,4.542536102235317,0.5801750812679529,3.859474090859294,shared_2l_1pool
4771,4.5958280097693205,0.5637940485030413,3.929037833586335,shared_2l_1pool
4772,4.654404940083623,0.5681109614670277,3.981522982940078,shared_2l_1pool
4773,5.745480069890618,1.5848390758037567,4.041314823552966,shared_2l_1pool
4774,4.574906779453158,0.5752071738243103,3.893601940944791,shared_2l_1pool
4775,4.663398023694754,0.5877888761460781,3.968974109739065,shared_2l_1pool
4776,4.616586957126856,0.60117500834167,3.911299863830209,shared_2l_1pool
4777,4.595836857333779,0.5664271302521229,3.9244310464709997,shared_2l_1pool
4778,4.583195084705949,0.5909600295126438,3.889695042744279,shared_2l_1pool
4779,4.580895882099867,0.5986529868096113,3.8793329149484634,shared_2l_1pool
4780,4.629728849977255,0.5817711353302002,3.9454898796975613,shared_2l_1pool
4781,4.561573965474963,0.5774949677288532,3.879392985254526,shared_2l_1pool
4782,4.59108711220324,0.5704441573470831,3.9155399426817894,shared_2l_1pool
4783,4.58326400257647,0.5830829031765461,3.896646900102496,shared_2l_1pool
4784,4.5916668605059385,0.5678099114447832,3.9182701148092747,shared_2l_1pool
4785,4.6353149227797985,0.5820579826831818,3.94829292781651,shared_2l_1pool
4786,4.6118139289319515,0.5852170288562775,3.924363059923053,shared_2l_1pool
4787,4.6052089892327785,0.5697088781744242,3.9317940827459097,shared_2l_1pool
4788,4.604325862601399,0.5753790028393269,3.925042925402522,shared_2l_1pool
4789,5.730360047891736,1.5715740155428648,4.039032151922584,shared_2l_1pool
4790,4.626492038369179,0.5919449031352997,3.9255800656974316,shared_2l_1pool
4791,4.60296799428761,0.5955230444669724,3.9024308789521456,shared_2l_1pool
4792,4.592114128172398,0.5782039370387793,3.9095839019864798,shared_2l_1pool
4793,4.646620014682412,0.6142708007246256,3.9274690207093954,shared_2l_1pool
4794,4.6743040438741446,0.5933688953518867,3.9740160573273897,shared_2l_1pool
4795,4.616857971996069,0.581471947953105,3.9313652087002993,shared_2l_1pool
4796,4.608172923326492,0.581410015001893,3.9228510577231646,shared_2l_1pool
4797,4.535667831078172,0.5818752106279135,3.84590495377779,shared_2l_1pool
4798,4.517453024163842,0.570307020097971,3.844410879537463,shared_2l_1pool
4799,4.591853823512793,0.575187848880887,3.915501991286874,shared_2l_1pool
4800,4.593814956024289,0.5648292135447264,3.922578878700733,shared_2l_1pool
4801,4.633964039385319,0.5752041470259428,3.9554969407618046,shared_2l_1pool
4802,4.623072920367122,0.5768011324107647,3.9413149934262037,shared_2l_1pool
4803,4.52809501439333,0.5673379637300968,3.85688291862607,shared_2l_1pool
4804,4.581880988553166,0.5998588167130947,3.8778141606599092,shared_2l_1pool
4805,5.764206172898412,1.5801640693098307,4.066857974976301,shared_2l_1pool
4806,4.639332182705402,0.5923900753259659,3.941112896427512,shared_2l_1pool
4807,4.644858883693814,0.5932801868766546,3.9458938408643007,shared_2l_1pool
4808,4.670833935961127,0.5800859071314335,3.9867889136075974,shared_2l_1pool
4809,4.571689059957862,0.5838880315423012,3.8811101112514734,shared_2l_1pool
4810,4.566058982163668,0.5852128379046917,3.8741170428693295,shared_2l_1pool
4811,4.599141888320446,0.569123076274991,3.9247109089046717,shared_2l_1pool
4812,4.554883111268282,0.5915421061217785,3.8585690781474113,shared_2l_1pool
4813,4.516337998211384,0.5663689225912094,3.8459431380033493,shared_2l_1pool
4814,4.558691056445241,0.5770910065621138,3.878168063238263,shared_2l_1pool
4815,4.534329986199737,0.5653698462992907,3.8639141712337732,shared_2l_1pool
4816,4.552067955955863,0.5835299380123615,3.8625390734523535,shared_2l_1pool
4817,4.5648980885744095,0.5795750766992569,3.8791189435869455,shared_2l_1pool
4818,4.551206948235631,0.5767680704593658,3.8712448440492153,shared_2l_1pool
4819,4.591631004586816,0.5767510738223791,3.90789401717484,shared_2l_1pool
4820,4.628686001524329,0.5949679762125015,3.930665086954832,shared_2l_1pool
4821,5.783334840089083,1.577652059495449,4.088124958798289,shared_2l_1pool
4822,4.623521119356155,0.5907160229980946,3.9263709913939238,shared_2l_1pool
4823,4.639127058908343,0.5784069653600454,3.9566599298268557,shared_2l_1pool
4824,4.654960008338094,0.5854570772498846,3.9644669741392136,shared_2l_1pool
4825,4.576564999297261,0.5775128956884146,3.893357003107667,shared_2l_1pool
4826,4.589667078107595,0.5786791443824768,3.9073307998478413,shared_2l_1pool
4827,4.578088177368045,0.586395850405097,3.8877781480550766,shared_2l_1pool
4828,4.561679903417826,0.5766721442341805,3.879841882735491,shared_2l_1pool
4829,4.585830960422754,0.585844973102212,3.8967591244727373,shared_2l_1pool
4830,4.6247870195657015,0.5901919212192297,3.923882031813264,shared_2l_1pool
4831,4.626131849363446,0.5849020089954138,3.936168970540166,shared_2l_1pool
4832,4.6554619912058115,0.5883648991584778,3.9614420384168625,shared_2l_1pool
4833,4.555983003228903,0.5669500678777695,3.885745070874691,shared_2l_1pool
4834,4.6265460550785065,0.5787790287286043,3.943369025364518,shared_2l_1pool
4835,4.5458669774234295,0.5756900645792484,3.867293940857053,shared_2l_1pool
4836,4.573154961690307,0.5750020500272512,3.895329777151346,shared_2l_1pool
4837,5.752889206632972,1.5852719079703093,4.0480331517755985,shared_2l_1pool
4838,4.605906084179878,0.5877469666302204,3.912507090717554,shared_2l_1pool
4839,4.601137014105916,0.5916990339756012,3.8962941616773605,shared_2l_1pool
4840,4.621363012120128,0.5866668652743101,3.928550984710455,shared_2l_1pool
4841,4.583641886711121,0.5740751512348652,3.9040299598127604,shared_2l_1pool
4842,4.604466957971454,0.5959449335932732,3.902408992871642,shared_2l_1pool
4843,4.625604022294283,0.5899209063500166,3.929038066416979,shared_2l_1pool
4844,4.638717044144869,0.5893709603697062,3.9444409776479006,shared_2l_1pool
4845,4.648417932912707,0.5861760582774878,3.9575831033289433,shared_2l_1pool
4846,4.667012952268124,0.587476184591651,3.973254933953285,shared_2l_1pool
4847,4.583944799378514,0.5731980782002211,3.9070090278983116,shared_2l_1pool
4848,4.58066095598042,0.5916210357099771,3.8833809085190296,shared_2l_1pool
4849,4.566352115944028,0.5744779482483864,3.889726009219885,shared_2l_1pool
4850,4.548734053969383,0.5773110315203667,3.8665879983454943,shared_2l_1pool
4851,4.6417079865932465,0.5848889704793692,3.9493779186159372,shared_2l_1pool
4852,4.571062978357077,0.574739184230566,3.894330933690071,shared_2l_1pool
4853,5.720630055293441,1.5734359622001648,4.029249073937535,shared_2l_1pool
4854,4.602400120347738,0.5873090121895075,3.907156875357032,shared_2l_1pool
4855,4.548039985820651,0.580495921894908,3.8637910038232803,shared_2l_1pool
4856,4.610409028828144,0.5961621645838022,3.9069608319550753,shared_2l_1pool
4857,4.6451089438050985,0.5811380688101053,3.958629909902811,shared_2l_1pool
4858,4.667416913434863,0.6103019695729017,3.951167920604348,shared_2l_1pool
4859,4.589312011376023,0.5943160504102707,3.8874908350408077,shared_2l_1pool
4860,4.571594996377826,0.5873420741409063,3.879725933074951,shared_2l_1pool
4861,4.598024068400264,0.586637994274497,3.909155959263444,shared_2l_1pool
4862,4.638942191377282,0.5811129231005907,3.954387968406081,shared_2l_1pool
4863,4.6589490957558155,0.5843399558216333,3.969264915212989,shared_2l_1pool
4864,4.56244801171124,0.578444916754961,3.878591116517782,shared_2l_1pool
4865,4.619693849235773,0.5799229256808758,3.934643929824233,shared_2l_1pool
4866,4.637423902750015,0.584673834964633,3.9482740685343742,shared_2l_1pool
4867,4.552450031042099,0.5902308039367199,3.8615590892732143,shared_2l_1pool
4868,4.549067001789808,0.5808589048683643,3.865193109959364,shared_2l_1pool
4869,5.738085135817528,1.5855019446462393,4.033614881336689,shared_2l_1pool
4870,4.641570849344134,0.6087101064622402,3.926665987819433,shared_2l_1pool
4871,4.658656194806099,0.5807699635624886,3.971670987084508,shared_2l_1pool
4872,4.64043696410954,0.5838100332766771,3.951182821765542,shared_2l_1pool
4873,4.580025095492601,0.5860039964318275,3.8887641858309507,shared_2l_1pool
4874,4.588369047269225,0.5867129657417536,3.896603127941489,shared_2l_1pool
4875,4.579030908644199,0.589811010286212,3.885615151375532,shared_2l_1pool
4876,4.572496050968766,0.5799559876322746,3.882894990965724,shared_2l_1pool
4877,4.561384208500385,0.5819390062242746,3.874504938721657,shared_2l_1pool
4878,4.5721279457211494,0.5776048637926579,3.889894112944603,shared_2l_1pool
4879,4.593305056914687,0.586044043302536,3.9013540372252464,shared_2l_1pool
4880,4.620928084477782,0.5815019831061363,3.937409957870841,shared_2l_1pool
4881,4.6296799555420876,0.5890110041946173,3.9370080921798944,shared_2l_1pool
4882,4.6523818746209145,0.5941381677985191,3.9566808845847845,shared_2l_1pool
4883,4.6421741135418415,0.5780060309916735,3.960320958867669,shared_2l_1pool
4884,4.646091954782605,0.5917390808463097,3.9501539431512356,shared_2l_1pool
4885,5.731358891353011,1.5846630558371544,4.030839074403048,shared_2l_1pool
4886,4.625432891771197,0.5932431668043137,3.923875978216529,shared_2l_1pool
4887,4.629370057955384,0.5938028916716576,3.9300720673054457,shared_2l_1pool
4888,4.63732797652483,0.6006229668855667,3.9289069827646017,shared_2l_1pool
4889,4.655838944017887,0.5846340209245682,3.96664603613317,shared_2l_1pool
4890,4.660203121602535,0.5972958169877529,3.957851091399789,shared_2l_1pool
4891,4.66579501517117,0.5859211087226868,3.9748228155076504,shared_2l_1pool
4892,4.5978359412401915,0.5830989684909582,3.9104660972952843,shared_2l_1pool
4893,4.578761989250779,0.5880820099264383,3.8854340091347694,shared_2l_1pool
4894,4.574228078126907,0.5781219806522131,3.888346953317523,shared_2l_1pool
4895,4.632394993677735,0.5833827890455723,3.9449671749025583,shared_2l_1pool
4896,4.634573124349117,0.5964329466223717,3.9338821079581976,shared_2l_1pool
4897,4.600723972544074,0.5903798155486584,3.906946163624525,shared_2l_1pool
4898,4.649468930438161,0.5897788796573877,3.951630089432001,shared_2l_1pool
4899,4.600632004439831,0.5890410393476486,3.9072970394045115,shared_2l_1pool
4900,4.584652837365866,0.5726171657443047,3.9049070328474045,shared_2l_1pool
4901,5.788797978311777,1.589497085660696,4.080650862306356,shared_2l_1pool
4902,4.638236947357655,0.5955910310149193,3.936449997127056,shared_2l_1pool
4903,4.63989214040339,0.5874950438737869,3.9466519374400377,shared_2l_1pool
4904,4.660436185076833,0.5968878977000713,3.9575130213052034,shared_2l_1pool
4905,4.63653402402997,0.5850640591233969,3.942288924008608,shared_2l_1pool
4906,4.578432999551296,0.5765690002590418,3.8997989613562822,shared_2l_1pool
4907,4.655246855691075,0.5856968928128481,3.962160088121891,shared_2l_1pool
4908,4.575884900987148,0.5710781551897526,3.9007868617773056,shared_2l_1pool
4909,4.588116193190217,0.5840822122991085,3.8998089730739594,shared_2l_1pool
4910,4.574557999148965,0.5742558278143406,3.8956899661570787,shared_2l_1pool
4911,4.637069068849087,0.5843839608132839,3.9496009703725576,shared_2l_1pool
4912,4.57230000756681,0.5770700518041849,3.889424027875066,shared_2l_1pool
4913,4.584477050229907,0.5821650847792625,3.8963020779192448,shared_2l_1pool
4914,4.593719029799104,0.5913868080824614,3.897508140653372,shared_2l_1pool
4915,4.640606930479407,0.6131029222160578,3.923221956938505,shared_2l_1pool
4916,4.629720933735371,0.582752050831914,3.941410919651389,shared_2l_1pool
4917,5.782584194093943,1.5875119715929031,4.069951130077243,shared_2l_1pool
4918,4.693126073107123,0.6102428305894136,3.973877988755703,shared_2l_1pool
4919,4.693842027336359,0.5957989487797022,3.9939419366419315,shared_2l_1pool
4920,4.658806836232543,0.5891469772905111,3.9599109441041946,shared_2l_1pool
4921,4.627509042620659,0.5977721884846687,3.9255169685930014,shared_2l_1pool
4922,4.59532393142581,0.5848018918186426,3.9048551116138697,shared_2l_1pool
4923,4.588571842759848,0.5943281576037407,3.8908999413251877,shared_2l_1pool
4924,4.620346939191222,0.5962420254945755,3.9178410079330206,shared_2l_1pool
4925,4.6024511102586985,0.5891139153391123,3.90919903293252,shared_2l_1pool
4926,4.581250017508864,0.5867239087820053,3.8901790976524353,shared_2l_1pool
4927,4.572313977405429,0.5922140553593636,3.877513110637665,shared_2l_1pool
4928,4.574918886646628,0.5848030559718609,3.8853809237480164,shared_2l_1pool
4929,4.614951089024544,0.5816291086375713,3.922942792996764,shared_2l_1pool
4930,4.658811958506703,0.593164935708046,3.9605069905519485,shared_2l_1pool
4931,4.651390016078949,0.5940340925008059,3.9537898264825344,shared_2l_1pool
4932,4.592197015881538,0.5931509658694267,3.8890219293534756,shared_2l_1pool
4933,5.7579451240599155,1.5983181074261665,4.041045904159546,shared_2l_1pool
4934,4.6700709499418736,0.6003270391374826,3.963171038776636,shared_2l_1pool
4935,4.671243019402027,0.6025480106472969,3.9620569441467524,shared_2l_1pool
4936,4.646822111681104,0.5804540123790503,3.9635340217500925,shared_2l_1pool
4937,4.647557158023119,0.5874300841242075,3.9531379006803036,shared_2l_1pool
4938,4.602248081937432,0.5995971150696278,3.8981609977781773,shared_2l_1pool
4939,4.591901088133454,0.5826430860906839,3.9042688440531492,shared_2l_1pool
4940,4.594878992065787,0.5925351288169622,3.8976059295237064,shared_2l_1pool
4941,4.590780939906836,0.5898149684071541,3.897259943187237,shared_2l_1pool
4942,4.582928027957678,0.5786009132862091,3.8978441152721643,shared_2l_1pool
4943,4.582053050398827,0.5875031929463148,3.884980920702219,shared_2l_1pool
4944,4.612521966919303,0.5860640667378902,3.9217399898916483,shared_2l_1pool
4945,4.66739502735436,0.5822021048516035,3.9783050306141376,shared_2l_1pool
4946,4.665652057155967,0.5864540580660105,3.97508405148983,shared_2l_1pool
4947,4.683822859078646,0.5867648869752884,3.991567064076662,shared_2l_1pool
4948,4.607595968991518,0.5993219092488289,3.9026429876685143,shared_2l_1pool
4949,5.803772015497088,1.610548933967948,4.070691065862775,shared_2l_1pool
4950,4.60868189111352,0.5919230170547962,3.9101820439100266,shared_2l_1pool
4951,4.601779161021113,0.5957200191915035,3.900276031345129,shared_2l_1pool
4952,4.608948947861791,0.5969919729977846,3.906331956386566,shared_2l_1pool
4953,4.611928015947342,0.6025189068168402,3.9035859517753124,shared_2l_1pool
4954,4.604641115292907,0.6093380507081747,3.8908100686967373,shared_2l_1pool
4955,4.898658953607082,0.5928170867264271,4.202569834887981,shared_2l_1pool
4956,4.662530962377787,0.5906119477003813,3.9678800385445356,shared_2l_1pool
4957,4.661437124013901,0.5998450797051191,3.9587649516761303,shared_2l_1pool
4958,4.576620878651738,0.5882959812879562,3.883945057168603,shared_2l_1pool
4959,4.5970468781888485,0.5845939740538597,3.905828110873699,shared_2l_1pool
4960,4.596217069774866,0.5968529731035233,3.8943730760365725,shared_2l_1pool
4961,4.570389864966273,0.5813350435346365,3.8869150448590517,shared_2l_1pool
4962,4.576665116474032,0.5969181656837463,3.8749149534851313,shared_2l_1pool
4963,4.587458912283182,0.5797469057142735,3.9037209935486317,shared_2l_1pool
4964,4.643174121156335,0.5846170242875814,3.95227107219398,shared_2l_1pool
4965,5.789795890450478,1.6118260100483894,4.057971993461251,shared_2l_1pool
4966,4.647746914997697,0.6012481171637774,3.938790876418352,shared_2l_1pool
4967,4.655887838453054,0.5941851995885372,3.9566869381815195,shared_2l_1pool
4968,4.680631915107369,0.593497883528471,3.9838780649006367,shared_2l_1pool
4969,4.695198964327574,0.5796297919005156,4.004148067906499,shared_2l_1pool
4970,4.615938989445567,0.5841250531375408,3.927061101421714,shared_2l_1pool
4971,4.651057999581099,0.6024402100592852,3.9421278052031994,shared_2l_1pool
4972,4.680596990510821,0.6029540672898293,3.969993907958269,shared_2l_1pool
4973,4.661218961700797,0.5832049064338207,3.9730409625917673,shared_2l_1pool
4974,4.6699680387973785,0.5792281590402126,3.9851039182394743,shared_2l_1pool
4975,4.59804804995656,0.5893330089747906,3.8966229185462,shared_2l_1pool
4976,4.636375000700355,0.585176981985569,3.9490009658038616,shared_2l_1pool
4977,4.671206930652261,0.6026581395417452,3.9631749968975782,shared_2l_1pool
4978,4.657699028030038,0.5809341091662645,3.9707759860903025,shared_2l_1pool
4979,4.570478107780218,0.5764700472354889,3.8889069110155106,shared_2l_1pool
4980,4.604550078511238,0.5944781005382538,3.906550817191601,shared_2l_1pool
4981,5.824915133416653,1.6046259552240372,4.097050055861473,shared_2l_1pool
4982,4.6769368927925825,0.6154989823698997,3.9549050852656364,shared_2l_1pool
4983,4.632642958313227,0.5989449564367533,3.9288310799747705,shared_2l_1pool
4984,4.641769919544458,0.5946240853518248,3.9430761244148016,shared_2l_1pool
4985,4.645856097340584,0.5863860715180635,3.950247075408697,shared_2l_1pool
4986,4.647532012313604,0.5941849667578936,3.947637975215912,shared_2l_1pool
4987,4.590559983626008,0.5873709451407194,3.9011479821056128,shared_2l_1pool
4988,4.6334960497915745,0.5889520980417728,3.940100781619549,shared_2l_1pool
4989,4.645525943487883,0.599350081756711,3.943507093936205,shared_2l_1pool
4990,4.590609110891819,0.5795829929411411,3.9037028327584267,shared_2l_1pool
4991,4.634804092347622,0.6003340240567923,3.9301798678934574,shared_2l_1pool
4992,4.661803832277656,0.5872868932783604,3.965984098613262,shared_2l_1pool
4993,4.661120008677244,0.5853660404682159,3.970489138737321,shared_2l_1pool
4994,4.644232103601098,0.5947819445282221,3.9427350275218487,shared_2l_1pool
4995,4.575361963361502,0.5868999287486076,3.8847511168569326,shared_2l_1pool
4996,4.579229047521949,0.5859171506017447,3.889764891937375,shared_2l_1pool
4997,5.7808340061455965,1.6090120188891888,4.055477911606431,shared_2l_1pool
4998,4.674864001572132,0.5879590753465891,3.98277398198843,shared_2l_1pool
4999,4.650447051972151,0.5757210310548544,3.970684949308634,shared_2l_1pool
5000,4.666708875447512,0.5929491017013788,3.966674907132983,shared_2l_1pool
5001,4.601516993716359,0.5863290280103683,3.90877784229815,shared_2l_1pool
5002,4.599407082423568,0.5906869191676378,3.8973959162831306,shared_2l_1pool
5003,4.655548138543963,0.6075480487197638,3.944528056308627,shared_2l_1pool
5004,4.649091977626085,0.5894110072404146,3.955639898777008,shared_2l_1pool
5005,4.628191003575921,0.5777289625257254,3.9463520515710115,shared_2l_1pool
5006,4.625955130904913,0.6031540688127279,3.919730894267559,shared_2l_1pool
5007,4.594536032527685,0.5805219989269972,3.9093790110200644,shared_2l_1pool
5008,4.6616410836577415,0.5964487791061401,3.962561022490263,shared_2l_1pool
5009,4.6107410453259945,0.6049079820513725,3.896737936884165,shared_2l_1pool
5010,4.5896240044385195,0.5867478903383017,3.8977209478616714,shared_2l_1pool
5011,4.605145193636417,0.6015368271619081,3.898601047694683,shared_2l_1pool
5012,4.578192951157689,0.5861411336809397,3.8869348354637623,shared_2l_1pool
5013,5.752352066338062,1.5962440520524979,4.038133891299367,shared_2l_1pool
5014,4.643954103812575,0.6095939315855503,3.9275751914829016,shared_2l_1pool
5015,4.674155032262206,0.6046060007065535,3.964208997786045,shared_2l_1pool
5016,4.667198983952403,0.599527033045888,3.9604308549314737,shared_2l_1pool
5017,4.607750102877617,0.5947549361735582,3.907244885340333,shared_2l_1pool
5018,4.679895006120205,0.5936508532613516,3.9803320541977882,shared_2l_1pool
5019,4.629205213859677,0.5933430511504412,3.932676976546645,shared_2l_1pool
5020,4.643480060622096,0.6256969645619392,3.910887986421585,shared_2l_1pool
5021,4.5935590751469135,0.5833010654896498,3.905778983607888,shared_2l_1pool
5022,4.653765121474862,0.5918510723859072,3.956991946324706,shared_2l_1pool
5023,4.641511011868715,0.597276957705617,3.9384840056300163,shared_2l_1pool
5024,4.7010129783302546,0.5872179754078388,4.006176022812724,shared_2l_1pool
5025,4.659982165321708,0.5986539181321859,3.9556841365993023,shared_2l_1pool
5026,4.657725105062127,0.5864179693162441,3.9659759495407343,shared_2l_1pool
5027,4.602249013260007,0.5861599929630756,3.910962026566267,shared_2l_1pool
5028,4.662140971049666,0.584486173465848,3.972030011937022,shared_2l_1pool
5029,6.027747876942158,1.8263529054820538,4.081230144947767,shared_2l_1pool
5030,4.650408867746592,0.5974958185106516,3.9475171361118555,shared_2l_1pool
5031,4.657329060137272,0.5959609989076853,3.956503001973033,shared_2l_1pool
5032,4.68503893353045,0.596173107624054,3.9833399932831526,shared_2l_1pool
5033,4.695583134889603,0.5956301465630531,3.9937838446348906,shared_2l_1pool
5034,4.6494510024785995,0.5738399922847748,3.9711531717330217,shared_2l_1pool
5035,4.6749599277973175,0.5968289915472269,3.9742090739309788,shared_2l_1pool
5036,4.595384001731873,0.5914070643484592,3.898806869983673,shared_2l_1pool
5037,4.605232970789075,0.5938999820500612,3.9066870231181383,shared_2l_1pool
5038,4.613410914316773,0.5873849149793386,3.9209299720823765,shared_2l_1pool
5039,4.654909018427134,0.5988520570099354,3.9459799882024527,shared_2l_1pool
5040,4.656485980376601,0.5905178841203451,3.9610140956938267,shared_2l_1pool
5041,4.681569058448076,0.5922429263591766,3.985093906521797,shared_2l_1pool
5042,4.593705991283059,0.5876899231225252,3.90330096706748,shared_2l_1pool
5043,4.598333965986967,0.6027799099683762,3.893552115187049,shared_2l_1pool
5044,4.683130886405706,0.597239937633276,3.9811721071600914,shared_2l_1pool
5045,5.802511004731059,1.5995099674910307,4.08047903329134,shared_2l_1pool
5046,4.6691379975527525,0.5883048288524151,3.974408144131303,shared_2l_1pool
5047,4.611453041434288,0.5998960696160793,3.906812984496355,shared_2l_1pool
5048,4.598767962306738,0.5867208819836378,3.907690057530999,shared_2l_1pool
5049,4.6421438455581665,0.5898638628423214,3.948854049667716,shared_2l_1pool
5050,4.680158104747534,0.5905120633542538,3.9849430322647095,shared_2l_1pool
5051,4.6102190390229225,0.5885630380362272,3.9180759340524673,shared_2l_1pool
5052,4.641470033675432,0.5828770808875561,3.951204940676689,shared_2l_1pool
5053,4.674738040193915,0.5997309926897287,3.968931967392564,shared_2l_1pool
5054,4.657663172110915,0.5999288987368345,3.952861065044999,shared_2l_1pool
5055,4.643924999982119,0.5747079849243164,3.9645060896873474,shared_2l_1pool
5056,4.667686065658927,0.5945209413766861,3.9684490766376257,shared_2l_1pool
5057,4.661008017137647,0.5893150810152292,3.968777833506465,shared_2l_1pool
5058,4.607409937307239,0.5969209596514702,3.9056180976331234,shared_2l_1pool
5059,4.566818010061979,0.5823930259793997,3.8770800456404686,shared_2l_1pool
5060,4.608791088685393,0.5816100165247917,3.9253588765859604,shared_2l_1pool
5061,5.769021110609174,1.579271862283349,4.071581177413464,shared_2l_1pool
5062,4.655597032979131,0.6149469409137964,3.933819942176342,shared_2l_1pool
5063,4.628363996744156,0.5868289154022932,3.9365810807794333,shared_2l_1pool
5064,4.6533700078725815,0.6015081889927387,3.94795392639935,shared_2l_1pool
5065,4.650700138881803,0.5951081402599812,3.9468698669224977,shared_2l_1pool
5066,4.60205296985805,0.592611962929368,3.9046930614858866,shared_2l_1pool
5067,4.605049965903163,0.5978529807180166,3.9012241177260876,shared_2l_1pool
5068,4.5806479174643755,0.5932599306106567,3.8839979097247124,shared_2l_1pool
5069,4.592083860188723,0.5975898820906878,3.890391206368804,shared_2l_1pool
5070,4.583208821713924,0.5876340437680483,3.8910680450499058,shared_2l_1pool
5071,4.606959177181125,0.598312122747302,3.905670018866658,shared_2l_1pool
5072,4.6142591163516045,0.6084390915930271,3.90258408151567,shared_2l_1pool
5073,4.597317893058062,0.5869241431355476,3.9055340457707644,shared_2l_1pool
5074,4.596852930262685,0.5911709740757942,3.9021449629217386,shared_2l_1pool
5075,4.635027144104242,0.6376109085977077,3.8931129965931177,shared_2l_1pool
5076,4.597001010552049,0.5793999880552292,3.9136670529842377,shared_2l_1pool
5077,5.769309820607305,1.5903329476714134,4.060577135533094,shared_2l_1pool
5078,4.637141013517976,0.6060861051082611,3.9215569850057364,shared_2l_1pool
5079,4.678659839555621,0.5954380612820387,3.972546895965934,shared_2l_1pool
5080,4.6688520815223455,0.5941139534115791,3.967314027249813,shared_2l_1pool
5081,4.595767939463258,0.5871369503438473,3.9042429998517036,shared_2l_1pool
5082,4.596160026267171,0.5899348761886358,3.90143902041018,shared_2l_1pool
5083,4.60206693969667,0.5945279262959957,3.903856035321951,shared_2l_1pool
5084,4.650162998586893,0.5881639663130045,3.954756073653698,shared_2l_1pool
5085,4.64531104080379,0.5967279430478811,3.942494047805667,shared_2l_1pool
5086,4.671944072470069,0.5949069745838642,3.9718940388411283,shared_2l_1pool
5087,4.597165854647756,0.5869679152965546,3.9076239336282015,shared_2l_1pool
5088,4.62631112895906,0.6079289596527815,3.91424004919827,shared_2l_1pool
5089,4.597570979967713,0.5908820312470198,3.9024059660732746,shared_2l_1pool
5090,4.579392960295081,0.5832649767398834,3.89197189360857,shared_2l_1pool
5091,4.5863669365644455,0.5975749809294939,3.8864570669829845,shared_2l_1pool
5092,4.608144983649254,0.5934590008109808,3.9080630522221327,shared_2l_1pool
5093,5.818634992465377,1.586367143318057,4.105151863768697,shared_2l_1pool
5094,4.698898876085877,0.6085848435759544,3.985766088590026,shared_2l_1pool
5095,4.716630093753338,0.6184501107782125,3.9923079311847687,shared_2l_1pool
5096,4.6984548680484295,0.592437107115984,3.9986579213291407,shared_2l_1pool
5097,4.664489068090916,0.5934122018516064,3.9654828142374754,shared_2l_1pool
5098,4.632208961993456,0.602455111220479,3.925055032595992,shared_2l_1pool
5099,4.610645119100809,0.5893020424991846,3.9173250552266836,shared_2l_1pool
5100,4.650362068787217,0.5901169497519732,3.9538720156997442,shared_2l_1pool
5101,4.709137137979269,0.6244799587875605,3.9788230787962675,shared_2l_1pool
5102,4.672133130952716,0.5852021276950836,3.9819779340177774,shared_2l_1pool
5103,4.673489835113287,0.5945509765297174,3.9736118633300066,shared_2l_1pool
5104,4.72810585051775,0.6241099908947945,3.998765954747796,shared_2l_1pool
5105,4.696737974882126,0.5905779544264078,4.002060974016786,shared_2l_1pool
5106,4.63913707062602,0.5809359718114138,3.9550340734422207,shared_2l_1pool
5107,4.640977131202817,0.5837110802531242,3.9526009932160378,shared_2l_1pool
5108,4.620754159986973,0.5781019572168589,3.9375959895551205,shared_2l_1pool
5109,5.805653985589743,1.587974140420556,4.098669858649373,shared_2l_1pool
5110,4.676733165979385,0.6015209946781397,3.9668940007686615,shared_2l_1pool
5111,4.67258901335299,0.6085999775677919,3.960171015933156,shared_2l_1pool
5112,4.657989135012031,0.5849490407854319,3.969085868448019,shared_2l_1pool
5113,4.676867974922061,0.6020711734890938,3.970557823777199,shared_2l_1pool
5114,4.68089384958148,0.5848179571330547,3.989991033449769,shared_2l_1pool
5115,4.6108178794384,0.5910228937864304,3.9169529918581247,shared_2l_1pool
5116,4.685880849137902,0.6001919973641634,3.9807020220905542,shared_2l_1pool
5117,4.684207029640675,0.6113660056143999,3.9696400053799152,shared_2l_1pool
5118,4.6252538450062275,0.5850850138813257,3.9361140225082636,shared_2l_1pool
5119,4.6436600387096405,0.6082390900701284,3.9322730153799057,shared_2l_1pool
5120,4.611277021467686,0.5884780548512936,3.914166009053588,shared_2l_1pool
5121,4.626168170943856,0.594103941693902,3.928869031369686,shared_2l_1pool
5122,4.685471998527646,0.5911360494792461,3.992140991613269,shared_2l_1pool
5123,4.645180189982057,0.5798139609396458,3.9630781393498182,shared_2l_1pool
5124,4.616857971996069,0.5928878672420979,3.917982103303075,shared_2l_1pool
5125,5.808954127132893,1.59748294390738,4.0934409480541945,shared_2l_1pool
5126,4.690455971285701,0.6205621175467968,3.9635319262742996,shared_2l_1pool
5127,4.65991604141891,0.5929190665483475,3.9605749770998955,shared_2l_1pool
5128,4.695313051342964,0.6051140371710062,3.9864210411906242,shared_2l_1pool
5129,4.72443993203342,0.6217421032488346,3.997403895482421,shared_2l_1pool
5130,4.798921989277005,0.6010690703988075,4.085768945515156,shared_2l_1pool
5131,4.666080931201577,0.6025191396474838,3.958557965233922,shared_2l_1pool
5132,4.650798859074712,0.5922310519963503,3.9522498846054077,shared_2l_1pool
5133,4.640644881874323,0.5963488947600126,3.9360481314361095,shared_2l_1pool
5134,4.620281979441643,0.5770900752395391,3.9385510608553886,shared_2l_1pool
5135,4.728407133370638,0.6089280359447002,4.015018930658698,shared_2l_1pool
5136,4.690741188824177,0.5936920642852783,3.993510967120528,shared_2l_1pool
5137,4.666225053369999,0.6044029723852873,3.95662197843194,shared_2l_1pool
5138,4.663757048547268,0.5935209337621927,3.9648839738219976,shared_2l_1pool
5139,4.66477801091969,0.593994976952672,3.9666290394961834,shared_2l_1pool
5140,4.666732857003808,0.5877509247511625,3.977558109909296,shared_2l_1pool
5141,5.8062870521098375,1.5942980535328388,4.0935249999165535,shared_2l_1pool
5142,4.723232006654143,0.6127830129116774,4.005145980045199,shared_2l_1pool
5143,4.72694612108171,0.5964930169284344,4.023039015009999,shared_2l_1pool
5144,4.729355918243527,0.6048281211405993,4.018045961856842,shared_2l_1pool
5145,4.653913900256157,0.5909560713917017,3.9587018545717,shared_2l_1pool
5146,4.644708940759301,0.6027258932590485,3.9377701468765736,shared_2l_1pool
5147,4.648659843951464,0.5857138894498348,3.9592350367456675,shared_2l_1pool
5148,4.6938790474087,0.5897670052945614,4.001020919531584,shared_2l_1pool
5149,4.709654953330755,0.618829159066081,3.9871118497103453,shared_2l_1pool
5150,4.637663951143622,0.5854410119354725,3.947662189602852,shared_2l_1pool
5151,4.660021048039198,0.6025198381394148,3.955444088205695,shared_2l_1pool
5152,4.686489002779126,0.5892149638384581,3.994893981143832,shared_2l_1pool
5153,4.655178869143128,0.5857590585947037,3.9657859597355127,shared_2l_1pool
5154,4.68867807649076,0.5960529670119286,3.9886371232569218,shared_2l_1pool
5155,4.702263046056032,0.5929539911448956,4.004471935331821,shared_2l_1pool
5156,4.709570901468396,0.5968438927084208,4.007906187325716,shared_2l_1pool
5157,5.828049033880234,1.5917490236461163,4.109275992959738,shared_2l_1pool
5158,4.6779068652540445,0.6062260363250971,3.966831136494875,shared_2l_1pool
5159,4.662310006096959,0.6053729448467493,3.9502240251749754,shared_2l_1pool
5160,4.64062811806798,0.5854088813066483,3.952127182856202,shared_2l_1pool
5161,4.670208087190986,0.6072099786251783,3.9581600576639175,shared_2l_1pool
5162,4.656797973439097,0.6024760659784079,3.9509348571300507,shared_2l_1pool
5163,4.682587925344706,0.5905700381845236,3.9884878788143396,shared_2l_1pool
5164,4.72253980115056,0.6037789862602949,4.014199133962393,shared_2l_1pool
5165,4.676257958635688,0.6008429918438196,3.969893092289567,shared_2l_1pool
5166,4.653112031519413,0.5910750478506088,3.956547938287258,shared_2l_1pool
5167,4.664879059419036,0.5965579766780138,3.9627980440855026,shared_2l_1pool
5168,4.702983191236854,0.6043699104338884,3.9938499685376883,shared_2l_1pool
5169,4.720845026895404,0.60303695499897,4.006122006103396,shared_2l_1pool
5170,4.697439027950168,0.5921509582549334,3.9996339473873377,shared_2l_1pool
5171,4.645748995244503,0.5959458649158478,3.9455811493098736,shared_2l_1pool
5172,4.658397985622287,0.5879020318388939,3.9646888617426157,shared_2l_1pool
5173,5.83511614240706,1.603832934051752,4.111734917387366,shared_2l_1pool
5174,4.6878180000931025,0.6111280526965857,3.968755016103387,shared_2l_1pool
5175,4.652912961319089,0.6026639603078365,3.945732954889536,shared_2l_1pool
5176,4.699705168604851,0.592611962929368,4.002056084573269,shared_2l_1pool
5177,4.706804873421788,0.590168172493577,4.012941848486662,shared_2l_1pool
5178,4.733534995466471,0.6067489739507437,4.021849017590284,shared_2l_1pool
5179,4.713259870186448,0.5903348792344332,4.019236192107201,shared_2l_1pool
5180,4.655478987842798,0.5875551141798496,3.964531933888793,shared_2l_1pool
5181,4.670290043577552,0.6071208044886589,3.9579400327056646,shared_2l_1pool
5182,4.67528379522264,0.598561018705368,3.970834892243147,shared_2l_1pool
5183,4.685143940150738,0.6071201059967279,3.9723070804029703,shared_2l_1pool
5184,4.6614729799330235,0.5986068863421679,3.9582811295986176,shared_2l_1pool
5185,4.694368923082948,0.605924054980278,3.984732087701559,shared_2l_1pool
5186,4.691791953518987,0.5963400471955538,3.992001060396433,shared_2l_1pool
5187,4.693876951932907,0.6023240275681019,3.988484852015972,shared_2l_1pool
5188,4.725529113784432,0.609047943726182,4.010861041024327,shared_2l_1pool
5189,5.82359591498971,1.6015651635825634,4.101902013644576,shared_2l_1pool
5190,4.693778930231929,0.6061308085918427,3.981586080044508,shared_2l_1pool
5191,4.738732008263469,0.6054420955479145,4.026932874694467,shared_2l_1pool
5192,4.703915910795331,0.6003128364682198,3.9998050779104233,shared_2l_1pool
5193,4.69262502156198,0.5900738760828972,3.9948211051523685,shared_2l_1pool
5194,4.7023489605635405,0.5950750783085823,4.003258887678385,shared_2l_1pool
5195,4.723111167550087,0.6031410302966833,4.014028003439307,shared_2l_1pool
5196,4.7049010172486305,0.593177042901516,4.0062060579657555,shared_2l_1pool
5197,4.717461997643113,0.6047140341252089,4.007674986496568,shared_2l_1pool
5198,4.673196002840996,0.594644108787179,3.974305931478739,shared_2l_1pool
5199,4.664252977818251,0.5905020516365767,3.9693310391157866,shared_2l_1pool
5200,4.6877991408109665,0.6032600067555904,3.981284098699689,shared_2l_1pool
5201,4.73504513502121,0.6126288790255785,4.019101150333881,shared_2l_1pool
5202,4.72375494427979,0.597404083237052,4.021659027785063,shared_2l_1pool
5203,4.716048017144203,0.6225919350981712,3.988203126937151,shared_2l_1pool
5204,4.670948954299092,0.5977849941700697,3.9676588494330645,shared_2l_1pool
5205,5.814665928483009,1.609895145520568,4.087046952918172,shared_2l_1pool
5206,4.704033024609089,0.6127180531620979,3.985562827438116,shared_2l_1pool
5207,4.677864024415612,0.6019109860062599,3.96800902672112,shared_2l_1pool
5208,4.734111949801445,0.6044059991836548,4.02591098099947,shared_2l_1pool
5209,4.731209948658943,0.6039759609848261,4.022648092359304,shared_2l_1pool
5210,4.663094878196716,0.6068309303373098,3.951531136408448,shared_2l_1pool
5211,4.657008918002248,0.6019801367074251,3.9519770070910454,shared_2l_1pool
5212,4.658194025978446,0.5973181687295437,3.957544919103384,shared_2l_1pool
5213,4.647386958822608,0.6068649236112833,3.938028123229742,shared_2l_1pool
5214,4.643158987164497,0.602272804826498,3.935643006116152,shared_2l_1pool
5215,4.674312891438603,0.598669983446598,3.9707119576632977,shared_2l_1pool
5216,4.675604868680239,0.6129720713943243,3.9585919585078955,shared_2l_1pool
5217,4.709639120846987,0.6250170990824699,3.9810589514672756,shared_2l_1pool
5218,4.711096175014973,0.6087010260671377,3.9969710633158684,shared_2l_1pool
5219,4.738229094073176,0.6094649434089661,4.0219000075012445,shared_2l_1pool
5220,4.676801152527332,0.6059079896658659,3.960381029173732,shared_2l_1pool
5221,5.847957916557789,1.6128870192915201,4.1157519444823265,shared_2l_1pool
5222,4.7033850569278,0.6113690324127674,3.9842729456722736,shared_2l_1pool
5223,4.662192892283201,0.623814994469285,3.934012958779931,shared_2l_1pool
5224,4.665054846554995,0.5925889126956463,3.9698509499430656,shared_2l_1pool
5225,4.679048899561167,0.6073859985917807,3.9661049377173185,shared_2l_1pool
5226,4.65451693162322,0.6057459395378828,3.943030023947358,shared_2l_1pool
5227,4.7447041142731905,0.6026618648320436,3.980698063969612,shared_2l_1pool
5228,4.746465012431145,0.6179651245474815,4.009645897895098,shared_2l_1pool
5229,4.75643714889884,0.6108670495450497,4.038156941533089,shared_2l_1pool
5230,4.665184998884797,0.6100351456552744,3.948451951146126,shared_2l_1pool
5231,4.669836023822427,0.6034919060766697,3.9601861499249935,shared_2l_1pool
5232,4.728489089757204,0.6105529610067606,4.011783981695771,shared_2l_1pool
5233,4.685102961957455,0.6138661410659552,3.965902840718627,shared_2l_1pool
5234,4.646246088668704,0.5886100698262453,3.952234983444214,shared_2l_1pool
5235,4.748811013996601,0.5993698723614216,4.042583052068949,shared_2l_1pool
5236,4.731318913400173,0.6071019452065229,4.017291124910116,shared_2l_1pool
5237,5.847075022757053,1.6277329996228218,4.099370911717415,shared_2l_1pool
5238,4.710525972768664,0.6103941705077887,3.993164049461484,shared_2l_1pool
5239,4.709884990006685,0.6076470017433167,3.9979249704629183,shared_2l_1pool
5240,4.736549919471145,0.6227400153875351,4.010356031358242,shared_2l_1pool
5241,4.7419320326298475,0.6085769273340702,4.028419964015484,shared_2l_1pool
5242,4.731216002255678,0.6232138257473707,4.002623027190566,shared_2l_1pool
5243,4.658302059397101,0.5951190833002329,3.9529839996248484,shared_2l_1pool
5244,4.702161066234112,0.6143141072243452,3.9839039091020823,shared_2l_1pool
5245,4.717488074675202,0.6016101688146591,4.0075459983199835,shared_2l_1pool
5246,4.679796984419227,0.5973530933260918,3.9771089795976877,shared_2l_1pool
5247,4.66287019662559,0.6090679671615362,3.951221937313676,shared_2l_1pool
5248,4.6677920036017895,0.6036299746483564,3.9591321256011724,shared_2l_1pool
5249,4.67360089533031,0.5993370432406664,3.9717168547213078,shared_2l_1pool
5250,4.705175990238786,0.6067128852009773,3.994783153757453,shared_2l_1pool
5251,4.684905055910349,0.6043629255145788,3.9771830197423697,shared_2l_1pool
5252,4.694217117503285,0.5982511211186647,3.989984979853034,shared_2l_1pool
5253,5.8295270428061485,1.6004880890250206,4.1082629468292,shared_2l_1pool
5254,4.7698391135782,0.6313431076705456,4.031301010400057,shared_2l_1pool
5255,4.7519688960164785,0.6197269540280104,4.027636023238301,shared_2l_1pool
5256,4.703562008216977,0.5958969704806805,4.003120819106698,shared_2l_1pool
5257,4.752493929117918,0.6269779987633228,4.019021987915039,shared_2l_1pool
5258,4.693622933700681,0.6145539227873087,3.9754530880600214,shared_2l_1pool
5259,4.680247977375984,0.6037841085344553,3.971352009102702,shared_2l_1pool
5260,4.678951110690832,0.6217618938535452,3.953977022320032,shared_2l_1pool
5261,4.67938301153481,0.5945500452071428,3.9797478821128607,shared_2l_1pool
5262,4.72278194501996,0.6163569632917643,4.002209985628724,shared_2l_1pool
5263,4.781578900292516,0.6269959267228842,4.042120883241296,shared_2l_1pool
5264,4.720397992059588,0.5989009514451027,4.0157269686460495,shared_2l_1pool
5265,4.678106866776943,0.6092151161283255,3.96511796861887,shared_2l_1pool
5266,4.718021024018526,0.5978171247988939,4.017204977571964,shared_2l_1pool
5267,4.7374258283525705,0.5951200146228075,4.038407001644373,shared_2l_1pool
5268,4.723365884274244,0.6008970085531473,4.01849509216845,shared_2l_1pool
5269,5.8189129922539,1.6229068860411644,4.078926984220743,shared_2l_1pool
5270,4.7257160767912865,0.6417261902242899,3.9796149358153343,shared_2l_1pool
5271,4.681162070482969,0.6007400806993246,3.975803032517433,shared_2l_1pool
5272,4.743404919281602,0.610698014497757,4.027609946206212,shared_2l_1pool
5273,4.721589153632522,0.5972010549157858,4.020191030576825,shared_2l_1pool
5274,4.644440952688456,0.5883998237550259,3.9523481391370296,shared_2l_1pool
5275,4.688656190410256,0.601358013227582,3.9778968784958124,shared_2l_1pool
5276,4.670443944633007,0.6029808428138494,3.9615100249648094,shared_2l_1pool
5277,4.664915846660733,0.6030111107975245,3.95726109854877,shared_2l_1pool
5278,4.71838191151619,0.5969428457319736,4.0179460775107145,shared_2l_1pool
5279,4.6886359341442585,0.6008120253682137,3.9859400130808353,shared_2l_1pool
5280,4.719865974038839,0.6103068590164185,4.003501962870359,shared_2l_1pool
5281,4.664330976083875,0.6014350801706314,3.959589870646596,shared_2l_1pool
5282,4.64413408190012,0.5914238281548023,3.949339035898447,shared_2l_1pool
5283,4.655919969081879,0.5940429400652647,3.957153996452689,shared_2l_1pool
5284,4.719299031421542,0.6129301618784666,4.002379020676017,shared_2l_1pool
5285,5.850724875926971,1.607813872396946,4.1228660847991705,shared_2l_1pool
5286,4.723998950794339,0.6248699501156807,3.992866026237607,shared_2l_1pool
5287,4.714244045317173,0.6149930413812399,3.99229908362031,shared_2l_1pool
5288,4.729983163997531,0.6060779560357332,4.018900915980339,shared_2l_1pool
5289,4.745846148580313,0.6130030378699303,4.028909839689732,shared_2l_1pool
5290,4.726216895505786,0.6069219671189785,4.015045007690787,shared_2l_1pool
5291,4.718473879620433,0.6364351138472557,3.9743788074702024,shared_2l_1pool
5292,4.697656026110053,0.5994760431349277,3.992683021351695,shared_2l_1pool
5293,4.723602905869484,0.6134309805929661,4.006318980827928,shared_2l_1pool
5294,4.713713889941573,0.6084551569074392,4.00206190533936,shared_2l_1pool
5295,4.7353580594062805,0.6041449960321188,4.024301888421178,shared_2l_1pool
5296,4.670279799029231,0.6075939163565636,3.9569991640746593,shared_2l_1pool
5297,4.686115076765418,0.6051999516785145,3.9752491284161806,shared_2l_1pool
5298,4.699736135080457,0.6246541161090136,3.9714528247714043,shared_2l_1pool
5299,4.703626036643982,0.5970459897071123,4.00183885358274,shared_2l_1pool
5300,4.672402981668711,0.6108388770371675,3.956897184252739,shared_2l_1pool
5301,5.838529905304313,1.6116141341626644,4.110086942091584,shared_2l_1pool
5302,4.713609116151929,0.6161089986562729,3.9872711058706045,shared_2l_1pool
5303,4.683139966800809,0.6014639511704445,3.9770680014044046,shared_2l_1pool
5304,4.6701268292963505,0.6039710715413094,3.962513990700245,shared_2l_1pool
5305,4.7297009732574224,0.6094379350543022,4.016911145299673,shared_2l_1pool
5306,4.730168031528592,0.6049249786883593,4.01544407941401,shared_2l_1pool
5307,4.680287092924118,0.607403926551342,3.968489123508334,shared_2l_1pool
5308,4.6588219702243805,0.6062351167201996,3.9487259928137064,shared_2l_1pool
5309,4.674236057326198,0.6022669840604067,3.9683261420577765,shared_2l_1pool
5310,4.748587030917406,0.6305910646915436,4.012933000922203,shared_2l_1pool
5311,4.744298057630658,0.6216110195964575,4.017089027911425,shared_2l_1pool
5312,4.715564893558621,0.6168428808450699,3.993790131062269,shared_2l_1pool
5313,4.726849962025881,0.5912920460104942,4.031698917970061,shared_2l_1pool
5314,4.730100044980645,0.6035570986568928,4.0226399432867765,shared_2l_1pool
5315,4.676570883020759,0.6040011066943407,3.9691049605607986,shared_2l_1pool
5316,4.685394000262022,0.5952960345894098,3.978854976594448,shared_2l_1pool
5317,5.787665024399757,1.6021321061998606,4.068868001922965,shared_2l_1pool
5318,4.763239994645119,0.6217900663614273,4.035523859784007,shared_2l_1pool
5319,4.745588172227144,0.6112779956310987,4.0296760853379965,shared_2l_1pool
5320,4.7278860583901405,0.590205192565918,4.028284922242165,shared_2l_1pool
5321,4.677944118157029,0.6071419920772314,3.963962197303772,shared_2l_1pool
5322,4.732145927846432,0.6164321675896645,4.011346958577633,shared_2l_1pool
5323,4.740854958072305,0.6067100912332535,4.029001807793975,shared_2l_1pool
5324,4.714021924883127,0.5916939117014408,4.016682971268892,shared_2l_1pool
5325,4.706177162006497,0.5967919714748859,4.004915012046695,shared_2l_1pool
5326,4.732985980808735,0.604117987677455,4.021886037662625,shared_2l_1pool
5327,4.704019986093044,0.6340648978948593,3.9655370637774467,shared_2l_1pool
5328,4.655120894312859,0.5977931432425976,3.953537903726101,shared_2l_1pool
5329,4.677747841924429,0.608351081609726,3.9664069190621376,shared_2l_1pool
5330,4.701604833826423,0.6020509172230959,3.9953510276973248,shared_2l_1pool
5331,4.668753128498793,0.594448996707797,3.9709091652184725,shared_2l_1pool
5332,4.737837007269263,0.6167138926684856,4.016075981780887,shared_2l_1pool
5333,5.823653191328049,1.628492958843708,4.079289035871625,shared_2l_1pool
5334,4.675763193517923,0.6118831224739552,3.956784959882498,shared_2l_1pool
5335,4.682264057919383,0.600720988586545,3.977044951170683,shared_2l_1pool
5336,4.742603050544858,0.6216720212250948,4.016902996227145,shared_2l_1pool
5337,4.738962976261973,0.6185499951243401,4.017322789877653,shared_2l_1pool
5338,4.726318875327706,0.600429018959403,4.0130470879375935,shared_2l_1pool
5339,4.679784178733826,0.598197104409337,3.9742160588502884,shared_2l_1pool
5340,4.68051596544683,0.6073298864066601,3.966229036450386,shared_2l_1pool
5341,4.698041127994657,0.60224998742342,3.9920900017023087,shared_2l_1pool
5342,4.705969942733645,0.6019810680299997,3.9988039061427116,shared_2l_1pool
5343,4.719659918919206,0.6088591180741787,4.00728196837008,shared_2l_1pool
5344,4.720377968624234,0.6175730377435684,3.9974518585950136,shared_2l_1pool
5345,4.685341147705913,0.6201660726219416,3.9615400601178408,shared_2l_1pool
5346,4.682071972638369,0.6083680782467127,3.9700239431113005,shared_2l_1pool
5347,4.7104740515351295,0.6051859818398952,4.001778084784746,shared_2l_1pool
5348,4.697047872468829,0.6151939742267132,3.9736609905958176,shared_2l_1pool
5349,5.919913994148374,1.6256480012089014,4.176296992227435,shared_2l_1pool
5350,4.760690964758396,0.6134610157459974,4.032401135191321,shared_2l_1pool
5351,4.735240945592523,0.6138728931546211,4.016260150820017,shared_2l_1pool
5352,4.7688528429716825,0.6073329132050276,4.05687396414578,shared_2l_1pool
5353,4.7895649913698435,0.6052248645573854,4.073931137099862,shared_2l_1pool
5354,4.789097001776099,0.6123688071966171,4.070554161444306,shared_2l_1pool
5355,4.777425900101662,0.6081419996917248,4.064594861119986,shared_2l_1pool
5356,4.728548228740692,0.6165679078549147,4.0058100130409,shared_2l_1pool
5357,4.745682002976537,0.6090740207582712,4.029293078929186,shared_2l_1pool
5358,4.776817047968507,0.5992758087813854,4.071877105161548,shared_2l_1pool
5359,4.789445083588362,0.6123539060354233,4.072402138262987,shared_2l_1pool
5360,4.803057061508298,0.6164158694446087,4.081257153302431,shared_2l_1pool
5361,4.75753890350461,0.6056469865143299,4.048408009111881,shared_2l_1pool
5362,4.7711830120533705,0.5949370097368956,4.066328052431345,shared_2l_1pool
5363,4.737999988719821,0.6241779774427414,4.007486160844564,shared_2l_1pool
5364,4.737101029604673,0.6150859408080578,4.016692982986569,shared_2l_1pool
5365,5.897865863516927,1.6267970204353333,4.151585977524519,shared_2l_1pool
5366,4.792529158294201,0.622941879555583,4.062854219228029,shared_2l_1pool
5367,4.7996751964092255,0.6017049308866262,4.088924033567309,shared_2l_1pool
5368,4.7199109103530645,0.613256124779582,4.000398796051741,shared_2l_1pool
5369,4.716583993285894,0.612989068031311,4.001199034973979,shared_2l_1pool
5370,4.775831010192633,0.6107769440859556,4.059572005644441,shared_2l_1pool
5371,4.752458073198795,0.594340031966567,4.056040896102786,shared_2l_1pool
5372,4.747707862406969,0.6129851099103689,4.031304037198424,shared_2l_1pool
5373,4.787632962688804,0.608351081609726,4.073532996699214,shared_2l_1pool
5374,4.719841061159968,0.6081089377403259,4.0070239920169115,shared_2l_1pool
5375,4.74515906535089,0.6084810011088848,4.0268669836223125,shared_2l_1pool
5376,4.749261075630784,0.6047289352864027,4.04043891467154,shared_2l_1pool
5377,4.7942399978637695,0.6270019803196192,4.063531989231706,shared_2l_1pool
5378,4.729518899694085,0.608192989602685,4.016068065539002,shared_2l_1pool
5379,4.7148531302809715,0.6053270772099495,4.00332291610539,shared_2l_1pool
5380,4.732904024422169,0.6034050602465868,4.024270921945572,shared_2l_1pool
5381,5.8861360885202885,1.6025800723582506,4.165291087701917,shared_2l_1pool
5382,4.778526024892926,0.6248510908335447,4.048324888572097,shared_2l_1pool
5383,4.8394640907645226,0.6491318345069885,4.083201056346297,shared_2l_1pool
5384,4.78907092474401,0.597572885453701,4.086127039045095,shared_2l_1pool
5385,4.776583053171635,0.5962490104138851,4.074258962646127,shared_2l_1pool
5386,4.761347081512213,0.6143860518932343,4.042731132358313,shared_2l_1pool
5387,4.755412926897407,0.6130060646682978,4.0385720785707235,shared_2l_1pool
5388,4.723964957520366,0.6040909793227911,4.014681093394756,shared_2l_1pool
5389,4.7322651371359825,0.5953279323875904,4.032711032778025,shared_2l_1pool
5390,4.7862178180366755,0.6210869178175926,4.058382008224726,shared_2l_1pool
5391,4.807822871953249,0.6110339891165495,4.090282134711742,shared_2l_1pool
5392,4.743018886074424,0.610309885814786,4.0279109962284565,shared_2l_1pool
5393,4.749571904540062,0.6065918132662773,4.037938080728054,shared_2l_1pool
5394,4.756968934088945,0.613153912127018,4.03905613347888,shared_2l_1pool
5395,4.756331909447908,0.6184340454638004,4.034812096506357,shared_2l_1pool
5396,4.755781963467598,0.6202009972184896,4.029545001685619,shared_2l_1pool
5397,5.9193449560552835,1.6257339157164097,4.174893023446202,shared_2l_1pool
5398,4.7798308078199625,0.6231409497559071,4.050245974212885,shared_2l_1pool
5399,4.801272880285978,0.6104880012571812,4.085902823135257,shared_2l_1pool
5400,4.833696875721216,0.625567976385355,4.1027371771633625,shared_2l_1pool
5401,4.827918950468302,0.6331228651106358,4.089259076863527,shared_2l_1pool
5402,4.795432090759277,0.6064630579203367,4.082296974956989,shared_2l_1pool
5403,4.741152981296182,0.5977489054203033,4.035501973703504,shared_2l_1pool
5404,4.7861868515610695,0.6059869192540646,4.0777011308819056,shared_2l_1pool
5405,4.800047958269715,0.6112270057201385,4.083569161593914,shared_2l_1pool
5406,4.755022004246712,0.606604153290391,4.043415887281299,shared_2l_1pool
5407,4.730981076136231,0.6039820145815611,4.023676039651036,shared_2l_1pool
5408,4.773139022290707,0.6016369443386793,4.066230030730367,shared_2l_1pool
5409,4.748160019516945,0.6119029130786657,4.031502176076174,shared_2l_1pool
5410,4.7276681289076805,0.6092810072004795,4.011433804407716,shared_2l_1pool
5411,4.776268033310771,0.6089729722589254,4.063463071361184,shared_2l_1pool
5412,4.804522963240743,0.6023009773343801,4.091514041647315,shared_2l_1pool
5413,6.103790830820799,1.802980899810791,4.180742893368006,shared_2l_1pool
5414,4.8193100374192,0.6120509933680296,4.100693855434656,shared_2l_1pool
5415,4.799817921593785,0.6058358121663332,4.08910121768713,shared_2l_1pool
5416,4.808645928278565,0.611559022217989,4.092392046004534,shared_2l_1pool
5417,4.778563976287842,0.619970029219985,4.054604098200798,shared_2l_1pool
5418,4.742986988276243,0.6145949009805918,4.025083966553211,shared_2l_1pool
5419,4.756801994517446,0.5997039843350649,4.053269047290087,shared_2l_1pool
5420,4.763013916090131,0.6273959297686815,4.0299370884895325,shared_2l_1pool
5421,4.762484226375818,0.6244871765375137,4.034991841763258,shared_2l_1pool
5422,4.7401669435203075,0.6153939757496119,4.022690001875162,shared_2l_1pool
5423,4.767592065036297,0.6041079759597778,4.05993009917438,shared_2l_1pool
5424,4.763059085235,0.6242040544748306,4.036546917632222,shared_2l_1pool
5425,4.753930028527975,0.6181399803608656,4.031050018966198,shared_2l_1pool
5426,4.783764947205782,0.6174268200993538,4.062994150444865,shared_2l_1pool
5427,4.776984918862581,0.6002890877425671,4.072767915204167,shared_2l_1pool
5428,4.8040770925581455,0.6249770522117615,4.07684501260519,shared_2l_1pool
5429,5.9215540532022715,1.6193150077015162,4.184841876849532,shared_2l_1pool
5430,4.853303078562021,0.6326548755168915,4.114974057301879,shared_2l_1pool
5431,4.74506919272244,0.6166310049593449,4.024447873234749,shared_2l_1pool
5432,4.76332800462842,0.6181108765304089,4.0407320484519005,shared_2l_1pool
5433,4.786656005308032,0.6019370630383492,4.081536084413528,shared_2l_1pool
5434,4.781507886946201,0.6107159424573183,4.066982073709369,shared_2l_1pool
5435,4.799749003723264,0.6158729083836079,4.081173101440072,shared_2l_1pool
5436,4.78738802485168,0.6119241006672382,4.068217007443309,shared_2l_1pool
5437,4.768508952111006,0.6116339936852455,4.051761003211141,shared_2l_1pool
5438,4.78275609202683,0.6078050937503576,4.070164868608117,shared_2l_1pool
5439,4.806511104106903,0.6171721033751965,4.0850958321243525,shared_2l_1pool
5440,4.731982015073299,0.6117748562246561,4.017044091597199,shared_2l_1pool
5441,4.726309096440673,0.5996329709887505,4.0233631152659655,shared_2l_1pool
5442,4.806356970220804,0.6388658657670021,4.0575971361249685,shared_2l_1pool
5443,4.821195965632796,0.6137171294540167,4.100405843928456,shared_2l_1pool
5444,4.786395933479071,0.6223588716238737,4.057801095768809,shared_2l_1pool
5445,5.935608875006437,1.6467380337417126,4.168909974396229,shared_2l_1pool
5446,4.8309660051018,0.6228368729352951,4.100967198610306,shared_2l_1pool
5447,4.817871144041419,0.6176610477268696,4.095184849575162,shared_2l_1pool
5448,4.80702193453908,0.6175639573484659,4.084486979991198,shared_2l_1pool
5449,4.744812846183777,0.6123429629951715,4.02758689597249,shared_2l_1pool
5450,4.763022996485233,0.6191679276525974,4.038356011733413,shared_2l_1pool
5451,4.748220089823008,0.6078679580241442,4.035299178212881,shared_2l_1pool
5452,4.74830181337893,0.6005580071359873,4.03999094851315,shared_2l_1pool
5453,4.7424049116671085,0.6015240214765072,4.036836791783571,shared_2l_1pool
5454,4.732884932309389,0.5987789481878281,4.030328011140227,shared_2l_1pool
5455,4.750457825139165,0.6133890710771084,4.033999051898718,shared_2l_1pool
5456,4.743217024952173,0.6048439536243677,4.029983887448907,shared_2l_1pool
5457,4.75289998576045,0.6069131195545197,4.042149055749178,shared_2l_1pool
5458,4.746356047689915,0.6026329938322306,4.040217958390713,shared_2l_1pool
5459,4.759053001180291,0.6147900130599737,4.039671970531344,shared_2l_1pool
5460,4.771600943058729,0.6033449899405241,4.061969928443432,shared_2l_1pool
5461,5.9070109855383635,1.6026990488171577,4.184848861768842,shared_2l_1pool
5462,4.775810986757278,0.6319440435618162,4.037176026031375,shared_2l_1pool
5463,4.771489882841706,0.623354921117425,4.043234046548605,shared_2l_1pool
5464,4.785937024280429,0.6360248662531376,4.043536027893424,shared_2l_1pool
5465,4.799711983650923,0.610654940828681,4.082582890987396,shared_2l_1pool
5466,4.806611919775605,0.6166088860481977,4.079835955053568,shared_2l_1pool
5467,4.80384798720479,0.6091638933867216,4.089538007974625,shared_2l_1pool
5468,4.757600836455822,0.6119860336184502,4.040534142404795,shared_2l_1pool
5469,4.726491868495941,0.6008930504322052,4.021483939141035,shared_2l_1pool
5470,4.737410927191377,0.6102160550653934,4.020900931209326,shared_2l_1pool
5471,4.787038080394268,0.6041540764272213,4.078526981174946,shared_2l_1pool
5472,4.772789077833295,0.6101971957832575,4.057542886584997,shared_2l_1pool
5473,4.7894311137497425,0.6167411338537931,4.067259840667248,shared_2l_1pool
5474,4.799805115908384,0.620977021753788,4.073975840583444,shared_2l_1pool
5475,4.819557070732117,0.6100188475102186,4.102867096662521,shared_2l_1pool
5476,4.7644320875406265,0.6012229714542627,4.053470911458135,shared_2l_1pool
5477,5.904137156903744,1.6063139773905277,4.178866045549512,shared_2l_1pool
5478,4.790568957105279,0.6192841101437807,4.0630679577589035,shared_2l_1pool
5479,4.757798975333571,0.6268809083849192,4.025314003229141,shared_2l_1pool
5480,4.7730798833072186,0.6160980556160212,4.046713002026081,shared_2l_1pool
5481,4.811024991795421,0.6222270894795656,4.081120016053319,shared_2l_1pool
5482,4.783821990713477,0.6201749201864004,4.057934042066336,shared_2l_1pool
5483,4.746610997244716,0.6137150339782238,4.028602968901396,shared_2l_1pool
5484,4.7512908931821585,0.6027908530086279,4.0438491851091385,shared_2l_1pool
5485,4.81255492195487,0.6052381359040737,4.095406970009208,shared_2l_1pool
5486,4.736016038805246,0.592369120568037,4.039200954139233,shared_2l_1pool
5487,4.785316996276379,0.6099750753492117,4.070668946951628,shared_2l_1pool
5488,4.747767932713032,0.6151851266622543,4.026832990348339,shared_2l_1pool
5489,4.767043981701136,0.6197411566972733,4.038034938275814,shared_2l_1pool
5490,4.7545509878546,0.6143080536276102,4.036837024614215,shared_2l_1pool
5491,4.736375994980335,0.6125138606876135,4.018408013507724,shared_2l_1pool
5492,4.740572068840265,0.6111341062933207,4.025432979688048,shared_2l_1pool
5493,5.8811979833990335,1.6051249112933874,4.158317111432552,shared_2l_1pool
5494,4.827328026294708,0.6478829309344292,4.070565104484558,shared_2l_1pool
5495,4.794348031282425,0.617393059656024,4.071433795616031,shared_2l_1pool
5496,4.774112952873111,0.6213728338479996,4.04929113574326,shared_2l_1pool
5497,4.759161034598947,0.625689048320055,4.0304409340023994,shared_2l_1pool
5498,4.756760783493519,0.6128710228949785,4.038373939692974,shared_2l_1pool
5499,4.757035989314318,0.6041121669113636,4.051229916512966,shared_2l_1pool
5500,4.738555988296866,0.6066500209271908,4.02719690464437,shared_2l_1pool
5501,4.753520945087075,0.6201202049851418,4.0289550088346004,shared_2l_1pool
5502,4.754680907353759,0.6081860046833754,4.041106905788183,shared_2l_1pool
5503,4.782737931236625,0.6282769609242678,4.050191026180983,shared_2l_1pool
5504,4.802878946065903,0.6152489222586155,4.075273871421814,shared_2l_1pool
5505,4.797237925231457,0.6077440921217203,4.08568698912859,shared_2l_1pool
5506,4.8102401196956635,0.6324939895421267,4.070499911904335,shared_2l_1pool
5507,4.787941928952932,0.6027999334037304,4.082774976268411,shared_2l_1pool
5508,4.769018152728677,0.6092670373618603,4.055720986798406,shared_2l_1pool
5509,5.970156984403729,1.6256580129265785,4.21677902340889,shared_2l_1pool
5510,4.795202985405922,0.6300739478319883,4.058059072121978,shared_2l_1pool
5511,4.815411055460572,0.6267570424824953,4.083137959241867,shared_2l_1pool
5512,4.812294850125909,0.6264809053391218,4.080187063664198,shared_2l_1pool
5513,4.810091108083725,0.615615863353014,4.087924025952816,shared_2l_1pool
5514,4.817460896447301,0.6144200451672077,4.098430974408984,shared_2l_1pool
5515,4.8268078826367855,0.6186969112604856,4.102687118574977,shared_2l_1pool
5516,4.8059329856187105,0.6165830418467522,4.085032967850566,shared_2l_1pool
5517,4.802800016477704,0.6222438532859087,4.075660137459636,shared_2l_1pool
5518,4.767948994413018,0.6178619805723429,4.043217049911618,shared_2l_1pool
5519,4.770837957039475,0.6153241265565157,4.049283917993307,shared_2l_1pool
5520,4.757968010380864,0.6191250868141651,4.03472688049078,shared_2l_1pool
5521,4.781085066497326,0.6202319636940956,4.055211087688804,shared_2l_1pool
5522,4.7775330021977425,0.6344341672956944,4.0389159694314,shared_2l_1pool
5523,4.750977968797088,0.6092619150876999,4.036863101646304,shared_2l_1pool
5524,4.766081925481558,0.613759970292449,4.048265982419252,shared_2l_1pool
5525,5.901438882574439,1.6185420099645853,4.1637541726231575,shared_2l_1pool
5526,4.816781962290406,0.6227521225810051,4.086732864379883,shared_2l_1pool
5527,4.834724823012948,0.6290001329034567,4.101044964045286,shared_2l_1pool
5528,4.83014783822,0.6223930977284908,4.101982805877924,shared_2l_1pool
5529,4.793636966496706,0.6053589750081301,4.085429944097996,shared_2l_1pool
5530,4.7506901901215315,0.6046129856258631,4.041849169880152,shared_2l_1pool
5531,4.800420952960849,0.610576942563057,4.087494919076562,shared_2l_1pool
5532,4.824514035135508,0.6299798842519522,4.088310990482569,shared_2l_1pool
5533,4.792267922312021,0.6072300020605326,4.082268103957176,shared_2l_1pool
5534,4.808598197996616,0.6125830113887787,4.0883279871195555,shared_2l_1pool
5535,4.775183973833919,0.6154861766844988,4.059163853526115,shared_2l_1pool
5536,4.814116982743144,0.6140449550002813,4.0950949769467115,shared_2l_1pool
5537,4.766144091263413,0.6283209659159184,4.033813951537013,shared_2l_1pool
5538,4.765690071508288,0.6178671028465033,4.043330904096365,shared_2l_1pool
5539,4.748941864818335,0.6064530462026596,4.040031926706433,shared_2l_1pool
5540,4.818571032956243,0.6105070933699608,4.103605868294835,shared_2l_1pool
5541,5.929056089371443,1.6252398490905762,4.184201126918197,shared_2l_1pool
5542,4.786003148183227,0.6295298226177692,4.050838993862271,shared_2l_1pool
5543,4.755963105708361,0.6229311693459749,4.02713380753994,shared_2l_1pool
5544,4.797235829755664,0.6125401705503464,4.07952000387013,shared_2l_1pool
5545,4.831732949241996,0.6281370297074318,4.089483059942722,shared_2l_1pool
5546,4.848741926252842,0.6497919093817472,4.092554096132517,shared_2l_1pool
5547,4.784666933119297,0.6179111078381538,4.0623159147799015,shared_2l_1pool
5548,4.803324118256569,0.623650848865509,4.07635117881,shared_2l_1pool
5549,4.757431102916598,0.6123518105596304,4.041062202304602,shared_2l_1pool
5550,4.756178008392453,0.6096190772950649,4.044974921271205,shared_2l_1pool
5551,4.7403809148818254,0.6099429447203875,4.023220855742693,shared_2l_1pool
5552,4.75357798859477,0.6176219321787357,4.03198110871017,shared_2l_1pool
5553,4.7538678627461195,0.6208298727869987,4.027817165479064,shared_2l_1pool
5554,4.786081146448851,0.6109580863267183,4.072729963809252,shared_2l_1pool
5555,4.789015976712108,0.6059480365365744,4.080991027876735,shared_2l_1pool
5556,4.811660852283239,0.6143020000308752,4.0902020409703255,shared_2l_1pool
5557,5.9230749029666185,1.627783989533782,4.174859030172229,shared_2l_1pool
5558,4.787615966051817,0.6284541450440884,4.051667870953679,shared_2l_1pool
5559,4.803529940545559,0.6292019970715046,4.069952992722392,shared_2l_1pool
5560,4.830013029277325,0.6147401873022318,4.104273859411478,shared_2l_1pool
5561,4.830565070733428,0.6147639360278845,4.111523041501641,shared_2l_1pool
5562,4.826969932764769,0.60853804461658,4.112890921533108,shared_2l_1pool
5563,4.765916848555207,0.628303037956357,4.033954115584493,shared_2l_1pool
5564,4.754230845719576,0.6193800363689661,4.0312588680535555,shared_2l_1pool
5565,4.777570953592658,0.6113690324127674,4.056261852383614,shared_2l_1pool
5566,4.764579934999347,0.6154680158942938,4.044723929837346,shared_2l_1pool
5567,4.775095032528043,0.6232839077711105,4.048427101224661,shared_2l_1pool
5568,4.758994095027447,0.6233819294720888,4.030189011245966,shared_2l_1pool
5569,4.823538009077311,0.6304092239588499,4.0911969263106585,shared_2l_1pool
5570,4.8231747932732105,0.6151068955659866,4.100375110283494,shared_2l_1pool
5571,4.812446888536215,0.6121669430285692,4.090552916750312,shared_2l_1pool
5572,4.793521948158741,0.6015331018716097,4.087819019332528,shared_2l_1pool
5573,5.875590955838561,1.608500024303794,4.148958949372172,shared_2l_1pool
5574,4.8072622157633305,0.6308979354798794,4.068711074069142,shared_2l_1pool
5575,4.8190809320658445,0.6192931905388832,4.092546878382564,shared_2l_1pool
5576,4.804051015526056,0.612771837040782,4.085486987605691,shared_2l_1pool
5577,4.823517985641956,0.645593972876668,4.073223099112511,shared_2l_1pool
5578,4.833990009501576,0.6290001329034567,4.099228885024786,shared_2l_1pool
5579,4.801800008863211,0.6234580650925636,4.072948824614286,shared_2l_1pool
5580,4.769264021888375,0.6179700139909983,4.047869937494397,shared_2l_1pool
5581,4.755005007609725,0.6107350345700979,4.03939001262188,shared_2l_1pool
5582,4.7789630480110645,0.6287801079452038,4.046290880069137,shared_2l_1pool
5583,4.82022506184876,0.6254301406443119,4.090610891580582,shared_2l_1pool
5584,4.841059911996126,0.63151097856462,4.102144856005907,shared_2l_1pool
5585,4.7564569395035505,0.6176899187266827,4.0339340921491385,shared_2l_1pool
5586,4.781296011060476,0.6242480594664812,4.051649011671543,shared_2l_1pool
5587,4.785367054864764,0.621418934315443,4.060524981468916,shared_2l_1pool
5588,4.7622129786759615,0.6216098554432392,4.036301048472524,shared_2l_1pool
5589,5.929087987169623,1.6413771081715822,4.169414052739739,shared_2l_1pool
5590,4.823209019377828,0.632452080026269,4.0833549574017525,shared_2l_1pool
5591,4.845278104767203,0.6260278169065714,4.1139081586152315,shared_2l_1pool
5592,4.822327056899667,0.6200720090419054,4.095786949619651,shared_2l_1pool
5593,4.765006946399808,0.623177969828248,4.040824016556144,shared_2l_1pool
5594,4.79743187315762,0.6200280040502548,4.072829149663448,shared_2l_1pool
5595,4.813117906451225,0.619817990809679,4.087961046025157,shared_2l_1pool
5596,4.769752966240048,0.6224899552762508,4.041609121486545,shared_2l_1pool
5597,4.760101903229952,0.6134400609880686,4.043917870149016,shared_2l_1pool
5598,4.766081925481558,0.6284820847213268,4.033098928630352,shared_2l_1pool
5599,4.769965074956417,0.62345783226192,4.0414591785520315,shared_2l_1pool
5600,4.800032824277878,0.6366840098053217,4.056597128510475,shared_2l_1pool
5601,4.8092089127749205,0.6174750160425901,4.08234097994864,shared_2l_1pool
5602,4.814760992303491,0.6277849897742271,4.08302410505712,shared_2l_1pool
5603,4.805480130016804,0.6174030713737011,4.085796885192394,shared_2l_1pool
5604,4.791532177478075,0.6289130542427301,4.056673962622881,shared_2l_1pool
5605,6.040808977559209,1.6764749307185411,4.2453790083527565,shared_2l_1pool
5606,4.87051997333765,0.6422679871320724,4.121844889596105,shared_2l_1pool
5607,4.866387927904725,0.6349249742925167,4.127513850107789,shared_2l_1pool
5608,4.850584082305431,0.6223369855433702,4.1216139215976,shared_2l_1pool
5609,4.863071022555232,0.6219570059329271,4.132626811042428,shared_2l_1pool
5610,4.8627411015331745,0.6132230628281832,4.146635998040438,shared_2l_1pool
5611,4.887014860287309,0.6328420713543892,4.148772917687893,shared_2l_1pool
5612,4.878997104242444,0.6244389805942774,4.152804845944047,shared_2l_1pool
5613,4.898204933851957,0.630680937319994,4.162590019404888,shared_2l_1pool
5614,4.869764903560281,0.6172701250761747,4.147632047533989,shared_2l_1pool
5615,4.825959913432598,0.6269440054893494,4.094301024451852,shared_2l_1pool
5616,4.832649137824774,0.6124048959463835,4.114567069336772,shared_2l_1pool
5617,4.824636038392782,0.6119192112237215,4.108709981665015,shared_2l_1pool
5618,4.889278905466199,0.6570660043507814,4.1253280360251665,shared_2l_1pool
5619,4.831743193790317,0.6216589827090502,4.105694824829698,shared_2l_1pool
5620,4.841849906370044,0.6241779774427414,4.111545858904719,shared_2l_1pool
5621,5.982686998322606,1.6517490148544312,4.204652039334178,shared_2l_1pool
5622,4.838458029553294,0.6371079944074154,4.095725016668439,shared_2l_1pool
5623,4.79917717166245,0.6207569967955351,4.074828932061791,shared_2l_1pool
5624,4.82247699983418,0.6178328767418861,4.0970779955387115,shared_2l_1pool
5625,4.79852594435215,0.6163651123642921,4.078357946127653,shared_2l_1pool
5626,4.871258046478033,0.6570019759237766,4.107797984033823,shared_2l_1pool
5627,4.849463002756238,0.6274841725826263,4.117962904274464,shared_2l_1pool
5628,4.847743082791567,0.617228914052248,4.1251820512115955,shared_2l_1pool
5629,4.79503907263279,0.6165641825646162,4.073386779054999,shared_2l_1pool
5630,4.809783073142171,0.6120598409324884,4.088737070560455,shared_2l_1pool
5631,4.843986826017499,0.6187169346958399,4.121327074244618,shared_2l_1pool
5632,4.792354069650173,0.6075229030102491,4.078780068084598,shared_2l_1pool
5633,4.8121989239007235,0.6291489116847515,4.079292993992567,shared_2l_1pool
5634,4.823594121262431,0.6215840112417936,4.094633972272277,shared_2l_1pool
5635,4.8333038575947285,0.6159038748592138,4.112988011911511,shared_2l_1pool
5636,4.848783137276769,0.6155900191515684,4.123648861423135,shared_2l_1pool
5637,5.987462820485234,1.6218211967498064,4.242665832862258,shared_2l_1pool
5638,4.9231580924242735,0.6413389928638935,4.177621100097895,shared_2l_1pool
5639,4.91183390840888,0.6285130511969328,4.179314943030477,shared_2l_1pool
5640,4.895356018096209,0.6148261018097401,4.176201997324824,shared_2l_1pool
5641,4.899874096736312,0.6257058121263981,4.167934181168675,shared_2l_1pool
5642,4.871096927672625,0.6287519354373217,4.135585855692625,shared_2l_1pool
5643,4.855171078816056,0.6357009988278151,4.115654155611992,shared_2l_1pool
5644,4.886202979832888,0.6197129841893911,4.160174867138267,shared_2l_1pool
5645,4.894666839390993,0.6242268718779087,4.163734149187803,shared_2l_1pool
5646,4.8531340435147285,0.6266532000154257,4.119392950087786,shared_2l_1pool
5647,4.838624969124794,0.6138051394373178,4.118618089705706,shared_2l_1pool
5648,4.8967881593853235,0.6143199279904366,4.173567984253168,shared_2l_1pool
5649,4.852751037105918,0.6326599977910519,4.113562870770693,shared_2l_1pool
5650,4.884745925664902,0.6368800532072783,4.144849954172969,shared_2l_1pool
5651,4.890910116955638,0.6280799861997366,4.157586954534054,shared_2l_1pool
5652,4.864497110247612,0.6368148606270552,4.125097068026662,shared_2l_1pool
5653,5.990064004436135,1.6496190801262856,4.223890835419297,shared_2l_1pool
5654,4.864990944042802,0.6325379945337772,4.125257954001427,shared_2l_1pool
5655,4.85412310808897,0.6254848558455706,4.119510063901544,shared_2l_1pool
5656,4.834488965570927,0.6097280420362949,4.118725890293717,shared_2l_1pool
5657,4.873716039583087,0.6308108568191528,4.139709984883666,shared_2l_1pool
5658,4.873373080044985,0.6327189039438963,4.135197028517723,shared_2l_1pool
5659,4.860203946009278,0.6207248661667109,4.136102041229606,shared_2l_1pool
5660,4.898384213447571,0.6264310795813799,4.164886893704534,shared_2l_1pool
5661,4.8815240152180195,0.6210349965840578,4.156791139394045,shared_2l_1pool
5662,4.809909965842962,0.5964259617030621,4.109163070097566,shared_2l_1pool
5663,4.826670046895742,0.6060060113668442,4.118110053241253,shared_2l_1pool
5664,4.838889930397272,0.619836850091815,4.113767994567752,shared_2l_1pool
5665,4.8699770122766495,0.6249530706554651,4.14041499607265,shared_2l_1pool
5666,4.882532870396972,0.6299379747360945,4.147454164922237,shared_2l_1pool
5667,4.850511206313968,0.6047999486327171,4.139940021559596,shared_2l_1pool
5668,4.862739006057382,0.6163730286061764,4.140476929023862,shared_2l_1pool
5669,5.987636977806687,1.6183929983526468,4.2502679862082005,shared_2l_1pool
5670,4.9095298163592815,0.6591849960386753,4.143972182646394,shared_2l_1pool
5671,4.877015948295593,0.6234110333025455,4.143310012295842,shared_2l_1pool
5672,4.904665052890778,0.6322301924228668,4.162693861871958,shared_2l_1pool
5673,4.851314937695861,0.6107790395617485,4.135709954425693,shared_2l_1pool
5674,4.833129001781344,0.6238371133804321,4.102909937500954,shared_2l_1pool
5675,4.85599203966558,0.6236620247364044,4.127226071432233,shared_2l_1pool
5676,4.837905056774616,0.6187220569700003,4.113662056624889,shared_2l_1pool
5677,4.852413199841976,0.6135939620435238,4.134396091103554,shared_2l_1pool
5678,4.8571431543678045,0.6150121334940195,4.13683895021677,shared_2l_1pool
5679,4.870896926149726,0.6167110987007618,4.143911879509687,shared_2l_1pool
5680,4.873389145359397,0.61414809897542,4.152901936322451,shared_2l_1pool
5681,4.840218927711248,0.6246850825846195,4.111065063625574,shared_2l_1pool
5682,4.840855952352285,0.6257039494812489,4.109199857339263,shared_2l_1pool
5683,4.837938118726015,0.6321319378912449,4.100217018276453,shared_2l_1pool
5684,4.848677897825837,0.6190789863467216,4.12428192794323,shared_2l_1pool
5685,5.995285930112004,1.645409967750311,4.229308106005192,shared_2l_1pool
5686,4.9092338886111975,0.6622248329222202,4.142930032685399,shared_2l_1pool
5687,4.891807911917567,0.6254399195313454,4.1610910557210445,shared_2l_1pool
5688,4.879207815974951,0.6168331019580364,4.15766891092062,shared_2l_1pool
5689,4.845537943765521,0.6219299975782633,4.114675801247358,shared_2l_1pool
5690,4.858877044171095,0.6443241145461798,4.107281100004911,shared_2l_1pool
5691,4.853890044614673,0.6355009973049164,4.114927025511861,shared_2l_1pool
5692,4.8282030038535595,0.6253928877413273,4.09835996106267,shared_2l_1pool
5693,4.8746338579803705,0.6318280939012766,4.139026859775186,shared_2l_1pool
5694,4.834070103242993,0.6108710076659918,4.120521014556289,shared_2l_1pool
5695,4.8432969488203526,0.6246590055525303,4.114710027351975,shared_2l_1pool
5696,4.828839097172022,0.6218510679900646,4.103715997189283,shared_2l_1pool
5697,4.840519046410918,0.624075997620821,4.11019311286509,shared_2l_1pool
5698,4.880764055997133,0.6302387919276953,4.144617123529315,shared_2l_1pool
5699,4.8874670173972845,0.6352460477501154,4.148248117417097,shared_2l_1pool
5700,4.863325972110033,0.6286681164056063,4.131002817302942,shared_2l_1pool
5701,5.981526104733348,1.6257120296359062,4.23692399635911,shared_2l_1pool
5702,4.87925298511982,0.6299589294940233,4.141999874264002,shared_2l_1pool
5703,4.895215155556798,0.6183430086821318,4.166936967521906,shared_2l_1pool
5704,4.881106084212661,0.6164819933474064,4.159461939707398,shared_2l_1pool
5705,4.857209045439959,0.6102698389440775,4.142583115026355,shared_2l_1pool
5706,4.881730070337653,0.6265048868954182,4.152677021920681,shared_2l_1pool
5707,4.894135985523462,0.615457072854042,4.1714569088071585,shared_2l_1pool
5708,4.8935681115835905,0.6270171143114567,4.1598540265113115,shared_2l_1pool
5709,4.827000899240375,0.6180780474096537,4.1028400883078575,shared_2l_1pool
5710,4.829444922506809,0.6160321645438671,4.108263878151774,shared_2l_1pool
5711,4.8350379802286625,0.6038278806954622,4.122168989852071,shared_2l_1pool
5712,4.854685161262751,0.6201120559126139,4.130227025598288,shared_2l_1pool
5713,4.82873385772109,0.6258299108594656,4.099769052118063,shared_2l_1pool
5714,4.859247012063861,0.6278201472014189,4.1258130222558975,shared_2l_1pool
5715,4.850208992138505,0.6266669370234013,4.119743127375841,shared_2l_1pool
5716,4.8432620242238045,0.6304511334747076,4.108955850824714,shared_2l_1pool
5717,5.995964864268899,1.6413619741797447,4.2366101406514645,shared_2l_1pool
5718,4.866146948188543,0.628091162070632,4.130797926336527,shared_2l_1pool
5719,4.87257307395339,0.6246929988265038,4.143581027165055,shared_2l_1pool
5720,4.86510805785656,0.6215749308466911,4.138177027925849,shared_2l_1pool
5721,4.87748789601028,0.6215940229594707,4.150561057031155,shared_2l_1pool
5722,4.889904987066984,0.6405978929251432,4.142318153753877,shared_2l_1pool
5723,4.844107897952199,0.6422828882932663,4.097052151337266,shared_2l_1pool
5724,4.881985951215029,0.6356018129736185,4.140584031119943,shared_2l_1pool
5725,4.851901903748512,0.6214152090251446,4.12659696303308,shared_2l_1pool
5726,4.815084859728813,0.6084898486733437,4.1020631324499846,shared_2l_1pool
5727,4.8401840031147,0.6039459258317947,4.131892928853631,shared_2l_1pool
5728,4.854373168200254,0.6197739858180285,4.131769062951207,shared_2l_1pool
5729,4.889944102615118,0.6297850050032139,4.157508024945855,shared_2l_1pool
5730,4.834051942452788,0.6228219717741013,4.106068052351475,shared_2l_1pool
5731,4.821836948394775,0.6246410775929689,4.092989023774862,shared_2l_1pool
5732,4.825209965929389,0.6115089636296034,4.1102280374616385,shared_2l_1pool
5733,5.993153899908066,1.6395291313529015,4.2344508692622185,shared_2l_1pool
5734,4.873298108577728,0.6318530067801476,4.135000053793192,shared_2l_1pool
5735,4.889584146440029,0.6249749567359686,4.154943162575364,shared_2l_1pool
5736,4.885032074525952,0.6233700551092625,4.15483582764864,shared_2l_1pool
5737,4.842031979933381,0.6245619151741266,4.11132094450295,shared_2l_1pool
5738,4.844573093578219,0.6239528302103281,4.11502318456769,shared_2l_1pool
5739,4.846489988267422,0.6352148484438658,4.106072010472417,shared_2l_1pool
5740,4.8308949917554855,0.6317549850791693,4.095553886145353,shared_2l_1pool
5741,4.837705055251718,0.625872053205967,4.108216147869825,shared_2l_1pool
5742,4.844522103667259,0.6365040317177773,4.103835904970765,shared_2l_1pool
5743,4.825026961043477,0.6227018311619759,4.0997841861099005,shared_2l_1pool
5744,4.820512142032385,0.6209479179233313,4.095606971532106,shared_2l_1pool
5745,4.8371548764407635,0.6369350012391806,4.09573083743453,shared_2l_1pool
5746,4.8502180725336075,0.6172640714794397,4.129965091124177,shared_2l_1pool
5747,4.8812939785420895,0.6281360983848572,4.148176871240139,shared_2l_1pool
5748,4.875548183917999,0.6156989838927984,4.155094968155026,shared_2l_1pool
5749,6.011069053784013,1.6152840107679367,4.276450956240296,shared_2l_1pool
5750,4.892613040283322,0.6344940047711134,4.145871149376035,shared_2l_1pool
5751,4.889277974143624,0.6346758455038071,4.150460008531809,shared_2l_1pool
5752,4.870229866355658,0.6211879663169384,4.144083010032773,shared_2l_1pool
5753,4.87538892775774,0.6324790883809328,4.139606840908527,shared_2l_1pool
5754,4.895481048151851,0.6259959191083908,4.163167206570506,shared_2l_1pool
5755,4.889973206445575,0.6246371194720268,4.160939948633313,shared_2l_1pool
5756,4.829454002901912,0.6181797944009304,4.105035215616226,shared_2l_1pool
5757,4.837149055674672,0.6174999289214611,4.118093987926841,shared_2l_1pool
5758,4.850221099331975,0.6177490577101707,4.124091938138008,shared_2l_1pool
5759,4.837756045162678,0.614098971709609,4.1206220630556345,shared_2l_1pool
5760,4.8850239254534245,0.6270378362387419,4.151388071477413,shared_2l_1pool
5761,4.879390820860863,0.6255260668694973,4.150211112573743,shared_2l_1pool
5762,4.839664092287421,0.6192340515553951,4.113964037969708,shared_2l_1pool
5763,4.828891018405557,0.619413098320365,4.105366999283433,shared_2l_1pool
5764,4.8123071901500225,0.6086309440433979,4.098827950656414,shared_2l_1pool
5765,5.992827005684376,1.621959963813424,4.251396981999278,shared_2l_1pool
5766,4.904989153146744,0.6469660438597202,4.152342909947038,shared_2l_1pool
5767,4.878845997154713,0.6288581062108278,4.146254854276776,shared_2l_1pool
5768,4.895418882369995,0.6331270560622215,4.159427946433425,shared_2l_1pool
5769,4.891637014225125,0.6327519658952951,4.151592962443829,shared_2l_1pool
5770,4.847357049584389,0.6369270849972963,4.1041329968720675,shared_2l_1pool
5771,4.867451963946223,0.6233979947865009,4.139387048780918,shared_2l_1pool
5772,4.89410012960434,0.6322460249066353,4.157867981120944,shared_2l_1pool
5773,4.885697970166802,0.6187211256474257,4.161322023719549,shared_2l_1pool
5774,4.866013070568442,0.6073580589145422,4.153821850195527,shared_2l_1pool
5775,4.886134993284941,0.6466018967330456,4.131233086809516,shared_2l_1pool
5776,4.856617888435721,0.609744107350707,4.142015008255839,shared_2l_1pool
5777,4.860725020989776,0.6350779440253973,4.120745928958058,shared_2l_1pool
5778,4.875998944044113,0.6174670998007059,4.156431881710887,shared_2l_1pool
5779,4.847437143325806,0.6221821531653404,4.119755933061242,shared_2l_1pool
5780,4.815034102648497,0.6230340804904699,4.088975954800844,shared_2l_1pool
5781,6.026335991919041,1.632598927244544,4.2752621229738,shared_2l_1pool
5782,4.8653429839760065,0.6316232029348612,4.127394873648882,shared_2l_1pool
5783,4.855891922488809,0.624626874923706,4.122370155528188,shared_2l_1pool
5784,4.862854955717921,0.6345349829643965,4.122916841879487,shared_2l_1pool
5785,4.848835989832878,0.6224338430911303,4.120775032788515,shared_2l_1pool
5786,4.888063063845038,0.6338038947433233,4.149499116465449,shared_2l_1pool
5787,4.893371136859059,0.627411063760519,4.1628568433225155,shared_2l_1pool
5788,4.860579967498779,0.6291230674833059,4.124331055209041,shared_2l_1pool
5789,4.866081057116389,0.6221628282219172,4.137812182307243,shared_2l_1pool
5790,4.830799996852875,0.6114051211625338,4.114571027457714,shared_2l_1pool
5791,4.868567921221256,0.6454719696193933,4.11935499869287,shared_2l_1pool
5792,4.841468995437026,0.6132589187473059,4.125024890527129,shared_2l_1pool
5793,4.864830989390612,0.6320211105048656,4.128515021875501,shared_2l_1pool
5794,4.824870033189654,0.6160461343824863,4.104801919311285,shared_2l_1pool
5795,4.847767064347863,0.6294648628681898,4.113766131922603,shared_2l_1pool
5796,4.878748906776309,0.6293060723692179,4.143167985603213,shared_2l_1pool
5797,6.23935298062861,1.8663760274648666,4.252300830557942,shared_2l_1pool
5798,4.8788851127028465,0.6408418994396925,4.132267087697983,shared_2l_1pool
5799,4.8504110891371965,0.6271831225603819,4.118054872378707,shared_2l_1pool
5800,4.864998860284686,0.6231220904737711,4.136415896937251,shared_2l_1pool
5801,4.849703051149845,0.6251509767025709,4.120218101888895,shared_2l_1pool
5802,4.872097866609693,0.6182158831506968,4.150229040533304,shared_2l_1pool
5803,4.90175886079669,0.6395392119884491,4.155847942456603,shared_2l_1pool
5804,4.89906407892704,0.6302569527179003,4.162821918725967,shared_2l_1pool
5805,4.861864959821105,0.6276811473071575,4.129308043047786,shared_2l_1pool
5806,4.82966098934412,0.6172508001327515,4.108118126168847,shared_2l_1pool
5807,4.817594075575471,0.6135860458016396,4.09909407608211,shared_2l_1pool
5808,4.839249886572361,0.5998238921165466,4.134685033932328,shared_2l_1pool
5809,4.84521989710629,0.6164358928799629,4.124642116948962,shared_2l_1pool
5810,4.861530149355531,0.6175111047923565,4.139326978474855,shared_2l_1pool
5811,4.887007875367999,0.6239800713956356,4.159079864621162,shared_2l_1pool
5812,4.891984164714813,0.6297440268099308,4.157580900937319,shared_2l_1pool
5813,6.005249917507172,1.622603042051196,4.263486946001649,shared_2l_1pool
5814,4.89768385887146,0.6387450266629457,4.155667964369059,shared_2l_1pool
5815,4.879503045231104,0.6323938723653555,4.141407087445259,shared_2l_1pool
5816,4.88338409923017,0.6233009044080973,4.154535010457039,shared_2l_1pool
5817,4.849212011322379,0.6324499845504761,4.1127800941467285,shared_2l_1pool
5818,4.8573079984635115,0.621626153588295,4.1261708829551935,shared_2l_1pool
5819,4.836325068026781,0.606440007686615,4.127290099859238,shared_2l_1pool
5820,4.845110001042485,0.624560983851552,4.116385942324996,shared_2l_1pool
5821,4.834850085899234,0.6180759519338608,4.114828072488308,shared_2l_1pool
5822,4.861902911216021,0.6294520571827888,4.128393949940801,shared_2l_1pool
5823,4.905891139060259,0.6284129340201616,4.171855980530381,shared_2l_1pool
5824,4.841131158173084,0.6201248615980148,4.119661170989275,shared_2l_1pool
5825,4.898160928860307,0.6223348900675774,4.170641070231795,shared_2l_1pool
5826,4.842371912673116,0.6168119143694639,4.121966194361448,shared_2l_1pool
5827,4.851701203733683,0.6270748563110828,4.121969919651747,shared_2l_1pool
5828,4.82790102250874,0.6296599749475718,4.095157841220498,shared_2l_1pool
5829,6.033102050423622,1.6496928874403238,4.264109069481492,shared_2l_1pool
5830,4.9322969280183315,0.647763954475522,4.179341020062566,shared_2l_1pool
5831,4.905924899503589,0.6222790107131004,4.177246009930968,shared_2l_1pool
5832,4.9170018173754215,0.6391340866684914,4.174920963123441,shared_2l_1pool
5833,4.873645957559347,0.6388791371136904,4.129674984142184,shared_2l_1pool
5834,4.853375954553485,0.6229919381439686,4.1279171127825975,shared_2l_1pool
5835,4.912287928164005,0.6231169681996107,4.184224177151918,shared_2l_1pool
5836,4.8508718609809875,0.6277458742260933,4.118200158700347,shared_2l_1pool
5837,4.846422001719475,0.628042034804821,4.116108873859048,shared_2l_1pool
5838,4.8688300885260105,0.6338369566947222,4.129987210035324,shared_2l_1pool
5839,4.899766994640231,0.6340930704027414,4.162037977948785,shared_2l_1pool
5840,4.920588107779622,0.6398740224540234,4.177421797066927,shared_2l_1pool
5841,4.849471151828766,0.6220878567546606,4.124337108805776,shared_2l_1pool
5842,4.859499167650938,0.6304080598056316,4.124617902562022,shared_2l_1pool
5843,4.857287975028157,0.6206938996911049,4.132898990064859,shared_2l_1pool
5844,4.8545540776103735,0.6258259527385235,4.125772044062614,shared_2l_1pool
5845,6.012920988723636,1.6472749412059784,4.244770156219602,shared_2l_1pool
5846,4.8853550106287,0.6476510316133499,4.131869180127978,shared_2l_1pool
5847,4.882858134806156,0.6443981546908617,4.133715992793441,shared_2l_1pool
5848,4.895561840385199,0.6398479454219341,4.15008096024394,shared_2l_1pool
5849,4.890715004876256,0.6428512278944254,4.141491837799549,shared_2l_1pool
5850,4.869209136813879,0.636968994513154,4.123795079067349,shared_2l_1pool
5851,4.9099859315901995,0.635604839771986,4.167987033724785,shared_2l_1pool
5852,4.8591450322419405,0.6278590299189091,4.125453066080809,shared_2l_1pool
5853,4.844408947974443,0.6180291529744864,4.119301913306117,shared_2l_1pool
5854,4.841876914724708,0.6301510147750378,4.10697003826499,shared_2l_1pool
5855,4.884212976321578,0.6245970726013184,4.1571808978915215,shared_2l_1pool
5856,4.88909101113677,0.6225111428648233,4.163370933383703,shared_2l_1pool
5857,4.912968026474118,0.6378961261361837,4.171406850218773,shared_2l_1pool
5858,4.8968319315463305,0.6311750039458275,4.1624330915510654,shared_2l_1pool
5859,4.898562096059322,0.6286171264946461,4.165617050603032,shared_2l_1pool
5860,4.864195128902793,0.6320560351014137,4.127376014366746,shared_2l_1pool
5861,6.07424508780241,1.6239029355347157,4.330091178417206,shared_2l_1pool
5862,4.95941611006856,0.6441690493375063,4.206761950626969,shared_2l_1pool
5863,4.958864999935031,0.6353531498461962,4.2191180400550365,shared_2l_1pool
5864,4.951387876644731,0.6271901074796915,4.219674970954657,shared_2l_1pool
5865,4.914291901513934,0.6258978974074125,4.183623008430004,shared_2l_1pool
5866,4.957364872097969,0.6409918423742056,4.214005079120398,shared_2l_1pool
5867,4.960886901244521,0.6430570501834154,4.212095867842436,shared_2l_1pool
5868,4.966378910467029,0.6289361044764519,4.233836894854903,shared_2l_1pool
5869,4.947030916810036,0.6539439782500267,4.183552926406264,shared_2l_1pool
5870,4.912822041660547,0.6287458818405867,4.17754496447742,shared_2l_1pool
5871,4.910133080556989,0.6264639087021351,4.174009198322892,shared_2l_1pool
5872,4.905864130705595,0.636070966720581,4.1656880639493465,shared_2l_1pool
5873,4.933465970680118,0.6466631311923265,4.183651879429817,shared_2l_1pool
5874,4.899678053334355,0.6239889189600945,4.171382170170546,shared_2l_1pool
5875,4.899325082078576,0.6301270332187414,4.161959048360586,shared_2l_1pool
5876,4.900404950603843,0.6293400656431913,4.168127896264195,shared_2l_1pool
5877,6.030124146491289,1.632896950468421,4.277987871319056,shared_2l_1pool
5878,4.9218060448765755,0.6429408676922321,4.173411056399345,shared_2l_1pool
5879,4.903492983430624,0.6442270241677761,4.155215108767152,shared_2l_1pool
5880,4.882029956206679,0.6194980815052986,4.156399052590132,shared_2l_1pool
5881,4.918714985251427,0.6234601605683565,4.193076863884926,shared_2l_1pool
5882,4.926943918690085,0.6324239075183868,4.1904570534825325,shared_2l_1pool
5883,4.889448173344135,0.6224049720913172,4.164278041571379,shared_2l_1pool
5884,4.933916963636875,0.6371838971972466,4.193410975858569,shared_2l_1pool
5885,4.938260884955525,0.6226550322026014,4.211790161207318,shared_2l_1pool
5886,4.957142984494567,0.6393948569893837,4.214765969663858,shared_2l_1pool
5887,4.957755096256733,0.6365480367094278,4.157915944233537,shared_2l_1pool
5888,4.9919921439141035,0.66801393404603,4.20258310623467,shared_2l_1pool
5889,4.955062875524163,0.6379890255630016,4.2104769963771105,shared_2l_1pool
5890,4.97279898263514,0.6583260837942362,4.208252998068929,shared_2l_1pool
5891,4.948898917064071,0.6416169926524162,4.203404067084193,shared_2l_1pool
5892,4.951721057295799,0.6367990281432867,4.209257895126939,shared_2l_1pool
5893,6.084749009460211,1.6484749503433704,4.315675003454089,shared_2l_1pool
5894,4.946026019752026,0.6506838835775852,4.187589976936579,shared_2l_1pool
5895,4.9585949163883924,0.6423571612685919,4.209525883197784,shared_2l_1pool
5896,4.9888507928699255,0.6524329073727131,4.228350007906556,shared_2l_1pool
5897,4.96410415507853,0.6376521196216345,4.220820032060146,shared_2l_1pool
5898,4.951709881424904,0.6301510147750378,4.216275177896023,shared_2l_1pool
5899,4.924948094412684,0.6281409878283739,4.19037789106369,shared_2l_1pool
5900,4.952020011842251,0.6244131363928318,4.221952985972166,shared_2l_1pool
5901,4.933565855026245,0.6228559650480747,4.206515848636627,shared_2l_1pool
5902,4.962301114574075,0.6378130055963993,4.218749003484845,shared_2l_1pool
5903,4.95044095441699,0.6238319911062717,4.22094389796257,shared_2l_1pool
5904,4.947694018483162,0.6117408629506826,4.2326319962739944,shared_2l_1pool
5905,4.9306589644402266,0.6199879571795464,4.2068008333444595,shared_2l_1pool
5906,4.914979916065931,0.6134780123829842,4.197093890979886,shared_2l_1pool
5907,4.94273891672492,0.6335359066724777,4.203364020213485,shared_2l_1pool
5908,4.927770001813769,0.6249279249459505,4.1996389627456665,shared_2l_1pool
5909,6.0694958083331585,1.6409049276262522,4.311239114031196,shared_2l_1pool
5910,4.971905844286084,0.6446789484471083,4.22112992964685,shared_2l_1pool
5911,4.935290897265077,0.6362400017678738,4.191169980913401,shared_2l_1pool
5912,4.963217070326209,0.64876489341259,4.206947982311249,shared_2l_1pool
5913,4.93142893537879,0.628794077783823,4.19763196259737,shared_2l_1pool
5914,4.944585030898452,0.636521028354764,4.205037839710712,shared_2l_1pool
5915,4.924153909087181,0.6311368197202682,4.1891050059348345,shared_2l_1pool
5916,4.97176987119019,0.628181966021657,4.235784988850355,shared_2l_1pool
5917,4.988512955605984,0.640779035165906,4.242494003847241,shared_2l_1pool
5918,4.992804955691099,0.6340190302580595,4.253288032487035,shared_2l_1pool
5919,4.944455111399293,0.6247269921004772,4.213745007291436,shared_2l_1pool
5920,4.979533143341541,0.6347799208015203,4.238585010170937,shared_2l_1pool
5921,4.954857053235173,0.6410309579223394,4.2102220468223095,shared_2l_1pool
5922,4.925169050693512,0.6328490562736988,4.189114086329937,shared_2l_1pool
5923,4.974797135218978,0.641494058072567,4.229001002386212,shared_2l_1pool
5924,4.936659941449761,0.629176152870059,4.202701849862933,shared_2l_1pool
5925,6.0646929778158665,1.6434150747954845,4.3009009677916765,shared_2l_1pool
5926,4.989774897694588,0.6451839581131935,4.237195011228323,shared_2l_1pool
5927,4.9733619671314955,0.6409520283341408,4.228143021464348,shared_2l_1pool
5928,4.951050039380789,0.6391389761120081,4.208059050142765,shared_2l_1pool
5929,4.985528998076916,0.6416190881282091,4.2406299617141485,shared_2l_1pool
5930,4.916527075693011,0.6385589949786663,4.173971014097333,shared_2l_1pool
5931,4.9085121136158705,0.6359750404953957,4.167862003669143,shared_2l_1pool
5932,4.927055910229683,0.6349161267280579,4.186311969533563,shared_2l_1pool
5933,4.965027095749974,0.6412728689610958,4.217199981212616,shared_2l_1pool
5934,4.967351909726858,0.6308900192379951,4.2304908856749535,shared_2l_1pool
5935,4.950345028191805,0.6271488964557648,4.218517104163766,shared_2l_1pool
5936,4.9421361181885,0.6528347730636597,4.186032107099891,shared_2l_1pool
5937,4.916521953418851,0.6252310704439878,4.188610939309001,shared_2l_1pool
5938,4.922296153381467,0.6225220859050751,4.190405830740929,shared_2l_1pool
5939,4.948657937347889,0.6390039343386889,4.205689067021012,shared_2l_1pool
5940,4.972927970811725,0.6278089713305235,4.236933076754212,shared_2l_1pool
5941,6.058939965441823,1.6214558854699135,4.314630990847945,shared_2l_1pool
5942,4.991248017176986,0.6304888520389795,4.252521088346839,shared_2l_1pool
5943,4.980002995580435,0.6381440907716751,4.2338320054113865,shared_2l_1pool
5944,4.988833097741008,0.6306970026344061,4.248871002346277,shared_2l_1pool
5945,4.965936066582799,0.6344278808683157,4.2278659529984,shared_2l_1pool
5946,4.942503059282899,0.6244569085538387,4.207659978419542,shared_2l_1pool
5947,4.923606989905238,0.6294508930295706,4.192375112324953,shared_2l_1pool
5948,4.933156073093414,0.633701216429472,4.194640787318349,shared_2l_1pool
5949,4.9185489770025015,0.6308751180768013,4.1858428157866,shared_2l_1pool
5950,4.965733969584107,0.6402961444109678,4.218872869387269,shared_2l_1pool
5951,4.966519074514508,0.6471918895840645,4.214181099087,shared_2l_1pool
5952,4.990812856703997,0.6378639955073595,4.248250974342227,shared_2l_1pool
5953,4.975943826138973,0.6369061302393675,4.232865991070867,shared_2l_1pool
5954,4.974344978109002,0.6351359188556671,4.23453887924552,shared_2l_1pool
5955,4.946152912452817,0.6479420699179173,4.193287109956145,shared_2l_1pool
5956,4.91739995777607,0.6331151816993952,4.17974591255188,shared_2l_1pool
5957,6.046538008376956,1.6312790103256702,4.297563107684255,shared_2l_1pool
5958,4.9451300874352455,0.6421669386327267,4.195668967440724,shared_2l_1pool
5959,4.962362814694643,0.644537853077054,4.2125750333070755,shared_2l_1pool
5960,4.951159004122019,0.6313768681138754,4.216418135911226,shared_2l_1pool
5961,4.96616680175066,0.6376330275088549,4.221664974465966,shared_2l_1pool
5962,4.9075649585574865,0.63314288854599,4.171855049207807,shared_2l_1pool
5963,4.979016026481986,0.6381738930940628,4.235550994053483,shared_2l_1pool
5964,4.95667289942503,0.6297440268099308,4.223371855914593,shared_2l_1pool
5965,4.959018900990486,0.6253558676689863,4.22900402918458,shared_2l_1pool
5966,4.921593936160207,0.6255730986595154,4.1909150313586,shared_2l_1pool
5967,4.953874973580241,0.6312278565019369,4.2164321057498455,shared_2l_1pool
5968,4.896540893241763,0.6117101293057203,4.176090005785227,shared_2l_1pool
5969,4.903414985165,0.615422148257494,4.182833945378661,shared_2l_1pool
5970,4.913147073239088,0.6217809859663248,4.1872558649629354,shared_2l_1pool
5971,4.90629393607378,0.6254857871681452,4.178514005616307,shared_2l_1pool
5972,4.915130790323019,0.6371599156409502,4.176403163000941,shared_2l_1pool
5973,6.068734219297767,1.6374941915273666,4.31354995816946,shared_2l_1pool
5974,4.943398991599679,0.6454698741436005,4.190962063148618,shared_2l_1pool
5975,4.958657082170248,0.6357699166983366,4.21671406365931,shared_2l_1pool
5976,5.004141945391893,0.6466519553214312,4.250491037964821,shared_2l_1pool
5977,4.917964106425643,0.6270119920372963,4.187429090961814,shared_2l_1pool
5978,4.924647975713015,0.6473010871559381,4.171496024355292,shared_2l_1pool
5979,4.894673125818372,0.6183660589158535,4.172333981841803,shared_2l_1pool
5980,4.919418133795261,0.6317838560789824,4.1820521000772715,shared_2l_1pool
5981,4.94060292840004,0.6521649193018675,4.185646073892713,shared_2l_1pool
5982,4.911270923912525,0.6389699410647154,4.167100181803107,shared_2l_1pool
5983,4.942918894812465,0.6556529551744461,4.183495184406638,shared_2l_1pool
5984,4.909303970634937,0.6275568157434464,4.177224123850465,shared_2l_1pool
5985,4.9248989671468735,0.6319270469248295,4.188515013083816,shared_2l_1pool
5986,4.895176040008664,0.6131341215223074,4.175880923867226,shared_2l_1pool
5987,4.908139817416668,0.6240641232579947,4.182094009593129,shared_2l_1pool
5988,4.921488929539919,0.6369571201503277,4.180792020633817,shared_2l_1pool
5989,6.080273073166609,1.6352690290659666,4.326259018853307,shared_2l_1pool
5990,4.9596792086958885,0.6501458119601011,4.202021053060889,shared_2l_1pool
5991,4.930085968226194,0.6481241434812546,4.1778848972171545,shared_2l_1pool
5992,4.9104338977485895,0.6351959891617298,4.171479027718306,shared_2l_1pool
5993,4.926791880279779,0.6366551388055086,4.184006946161389,shared_2l_1pool
5994,4.950162023305893,0.6487120408564806,4.19639004394412,shared_2l_1pool
5995,4.913066979497671,0.6353831849992275,4.173131892457604,shared_2l_1pool
5996,4.9486670177429914,0.6427210755646229,4.2009970638900995,shared_2l_1pool
5997,4.970561014488339,0.6409140769392252,4.22469899058342,shared_2l_1pool
5998,4.972497001290321,0.6373131182044744,4.2308010160923,shared_2l_1pool
5999,4.946832079440355,0.6281400565057993,4.212502157315612,shared_2l_1pool
6000,4.948103101924062,0.6205870304256678,4.224431002512574,shared_2l_1pool
6001,4.974820883944631,0.629838090389967,4.239049972966313,shared_2l_1pool
6002,4.9316189251840115,0.6350111216306686,4.193458007648587,shared_2l_1pool
6003,4.947677021846175,0.6156980525702238,4.227661062031984,shared_2l_1pool
6004,4.935191012918949,0.6407520268112421,4.189569037407637,shared_2l_1pool
6005,6.075927056372166,1.6467839013785124,4.309667041525245,shared_2l_1pool
6006,4.984572064131498,0.6457741837948561,4.2330019641667604,shared_2l_1pool
6007,4.9405761528760195,0.6324541755020618,4.201999865472317,shared_2l_1pool
6008,4.964140942320228,0.6453711539506912,4.214587854221463,shared_2l_1pool
6009,4.964134190231562,0.6281309761106968,4.229726968333125,shared_2l_1pool
6010,4.969679983332753,0.6321859546005726,4.227630095556378,shared_2l_1pool
6011,4.906154936179519,0.6132631096988916,4.189383005723357,shared_2l_1pool
6012,4.930650815367699,0.6346639711409807,4.187079146504402,shared_2l_1pool
6013,4.921677988022566,0.6359550170600414,4.182097967714071,shared_2l_1pool
6014,4.9853099044412374,0.6350439507514238,4.244198091328144,shared_2l_1pool
6015,4.978867014870048,0.6710479501634836,4.204442026093602,shared_2l_1pool
6016,4.928809124976397,0.6456128321588039,4.178088158369064,shared_2l_1pool
6017,4.969246918335557,0.6358020473271608,4.227912984788418,shared_2l_1pool
6018,4.9853690434247255,0.6474468391388655,4.232366103678942,shared_2l_1pool
6019,4.927024012431502,0.6361920386552811,4.186354810371995,shared_2l_1pool
6020,4.923742031678557,0.6410758942365646,4.178112139925361,shared_2l_1pool
6021,6.05559186078608,1.650557154789567,4.285810980945826,shared_2l_1pool
6022,4.950358998030424,0.6433881353586912,4.200347000733018,shared_2l_1pool
6023,4.996715812012553,0.6506871432065964,4.239318892359734,shared_2l_1pool
6024,4.940629005432129,0.6340881809592247,4.200523952022195,shared_2l_1pool
6025,4.96283289976418,0.6495511624962091,4.20866790227592,shared_2l_1pool
6026,4.977287026122212,0.6478060968220234,4.2253530118614435,shared_2l_1pool
6027,4.97910100966692,0.628116074949503,4.24579088576138,shared_2l_1pool
6028,4.9601709470152855,0.6538250017911196,4.199820104986429,shared_2l_1pool
6029,4.930000053718686,0.6413499359041452,4.184749210253358,shared_2l_1pool
6030,4.962855949997902,0.6324320565909147,4.225075012072921,shared_2l_1pool
6031,4.954844014719129,0.6521681789308786,4.197666887193918,shared_2l_1pool
6032,4.934855038300157,0.6366071756929159,4.193092929199338,shared_2l_1pool
6033,4.933999152854085,0.6346940062940121,4.194384906440973,shared_2l_1pool
6034,4.966601030901074,0.6480629090219736,4.212916130200028,shared_2l_1pool
6035,4.978746874257922,0.6275239866226912,4.246860044077039,shared_2l_1pool
6036,5.0042548682540655,0.654987059533596,4.245351068675518,shared_2l_1pool
6037,6.061977008357644,1.6372238751500845,4.308055154979229,shared_2l_1pool
6038,4.98792203143239,0.6368509493768215,4.245416959747672,shared_2l_1pool
6039,4.971712827682495,0.6383880972862244,4.229827085509896,shared_2l_1pool
6040,5.001781973987818,0.6402828730642796,4.25573717802763,shared_2l_1pool
6041,4.926187917590141,0.6156680174171925,4.207660909742117,shared_2l_1pool
6042,4.931336035951972,0.6281340029090643,4.201079020276666,shared_2l_1pool
6043,4.924699896946549,0.625471118837595,4.192861961200833,shared_2l_1pool
6044,4.94511378929019,0.6303240079432726,4.2113009840250015,shared_2l_1pool
6045,4.9782199785113335,0.6354039069265127,4.2371591553092,shared_2l_1pool
6046,4.923924803733826,0.6246729753911495,4.195020068436861,shared_2l_1pool
6047,4.956596996635199,0.6368739996105433,4.215280059725046,shared_2l_1pool
6048,4.989582113921642,0.6419210694730282,4.243540111929178,shared_2l_1pool
6049,4.974849987775087,0.6302879191935062,4.238467896357179,shared_2l_1pool
6050,4.937590099871159,0.6413978990167379,4.1906749829649925,shared_2l_1pool
6051,4.932831972837448,0.6491979584097862,4.181629046797752,shared_2l_1pool
6052,4.993946989998221,0.6405510939657688,4.249064018949866,shared_2l_1pool
6053,6.061518099159002,1.625912031158805,4.316670820116997,shared_2l_1pool
6054,4.959765123203397,0.6510228849947453,4.203703021630645,shared_2l_1pool
6055,4.938184982165694,0.6466289050877094,4.185257945209742,shared_2l_1pool
6056,4.945646971464157,0.6516710855066776,4.188833991065621,shared_2l_1pool
6057,4.933981923386455,0.6422600708901882,4.186616977676749,shared_2l_1pool
6058,4.976090043783188,0.6479381117969751,4.22225589863956,shared_2l_1pool
6059,4.962665028870106,0.6341638509184122,4.2237271554768085,shared_2l_1pool
6060,4.954769043251872,0.6547970697283745,4.195275949314237,shared_2l_1pool
6061,4.925348795950413,0.6358169484883547,4.185589030385017,shared_2l_1pool
6062,4.924613982439041,0.6343431305140257,4.187554819509387,shared_2l_1pool
6063,4.958313889801502,0.6359310355037451,4.218193935230374,shared_2l_1pool
6064,4.916948964819312,0.6264299154281616,4.18705795891583,shared_2l_1pool
6065,4.940164973959327,0.6306760478764772,4.203984048217535,shared_2l_1pool
6066,4.938428057357669,0.6319261156022549,4.200927913188934,shared_2l_1pool
6067,4.924511071294546,0.629941001534462,4.183956887573004,shared_2l_1pool
6068,4.979275865480304,0.6395699456334114,4.233576124534011,shared_2l_1pool
6069,6.059437990188599,1.6484439838677645,4.294265061616898,shared_2l_1pool
6070,4.983481019735336,0.6605680100619793,4.216856090351939,shared_2l_1pool
6071,4.949219990521669,0.6357519887387753,4.206023877486587,shared_2l_1pool
6072,4.950761096552014,0.632415059953928,4.209312843158841,shared_2l_1pool
6073,4.977066069841385,0.6338660605251789,4.23561898060143,shared_2l_1pool
6074,5.01209800131619,0.6496340502053499,4.248027922585607,shared_2l_1pool
6075,4.994513001292944,0.6295940838754177,4.259852925315499,shared_2l_1pool
6076,4.99589485116303,0.6582930218428373,4.230224061757326,shared_2l_1pool
6077,4.925171844661236,0.6228240672498941,4.200255032628775,shared_2l_1pool
6078,4.975826945155859,0.638758996501565,4.230801947414875,shared_2l_1pool
6079,4.9370210617780685,0.6299219094216824,4.201591946184635,shared_2l_1pool
6080,4.965422209352255,0.6467860657721758,4.212871892377734,shared_2l_1pool
6081,4.9944359343498945,0.6456619594246149,4.245657008141279,shared_2l_1pool
6082,4.935720935463905,0.6347678136080503,4.1951751336455345,shared_2l_1pool
6083,4.993999842554331,0.6544701755046844,4.235668806359172,shared_2l_1pool
6084,4.974602023139596,0.640540849417448,4.228695994243026,shared_2l_1pool
6085,6.062126951292157,1.6377440188080072,4.304886097088456,shared_2l_1pool
6086,4.97059803456068,0.6426679901778698,4.221209092065692,shared_2l_1pool
6087,4.969511879608035,0.6481779273599386,4.214398097246885,shared_2l_1pool
6088,4.949946887791157,0.629036920145154,4.213194129988551,shared_2l_1pool
6089,4.955759039148688,0.6401347927749157,4.209771985188127,shared_2l_1pool
6090,4.974431125447154,0.6399659905582666,4.232913022860885,shared_2l_1pool
6091,5.0191800110042095,0.6676709745079279,4.247350851073861,shared_2l_1pool
6092,4.989280132576823,0.639250036329031,4.245089134201407,shared_2l_1pool
6093,4.950623959302902,0.6403669249266386,4.206920973956585,shared_2l_1pool
6094,4.970509093254805,0.634301919490099,4.232829203829169,shared_2l_1pool
6095,4.951214883476496,0.6421019788831472,4.205215023830533,shared_2l_1pool
6096,4.9474649131298065,0.6456479895859957,4.198819864541292,shared_2l_1pool
6097,4.970269976183772,0.6430959329009056,4.221657989546657,shared_2l_1pool
6098,4.945731954649091,0.6454219110310078,4.195888992398977,shared_2l_1pool
6099,4.950067959725857,0.6398209370672703,4.2059761472046375,shared_2l_1pool
6100,4.959204001352191,0.6288860458880663,4.226588876917958,shared_2l_1pool
6101,6.051225820556283,1.637012930586934,4.297832027077675,shared_2l_1pool
6102,4.94598806835711,0.6488100625574589,4.190649138763547,shared_2l_1pool
6103,4.9404900055378675,0.6394439842551947,4.19717188924551,shared_2l_1pool
6104,4.979179939255118,0.6526201032102108,4.222317831590772,shared_2l_1pool
6105,5.005865124985576,0.6714190822094679,4.230723949149251,shared_2l_1pool
6106,4.965628031641245,0.6365999579429626,4.222602117806673,shared_2l_1pool
6107,4.920928040519357,0.627520028501749,4.189556930214167,shared_2l_1pool
6108,4.985803971067071,0.6387939210981131,4.242697032168508,shared_2l_1pool
6109,4.972897004336119,0.6370970513671637,4.232302075251937,shared_2l_1pool
6110,4.9309448804706335,0.6343438290059566,4.193271044641733,shared_2l_1pool
6111,4.975571064278483,0.6470419466495514,4.225136945024133,shared_2l_1pool
6112,4.948862129822373,0.6477020215243101,4.19649388641119,shared_2l_1pool
6113,4.96068294160068,0.6316429935395718,4.225847078487277,shared_2l_1pool
6114,4.9335898365825415,0.6328672170639038,4.196680849418044,shared_2l_1pool
6115,4.917568992823362,0.6252508610486984,4.189737141132355,shared_2l_1pool
6116,4.939110949635506,0.6374078802764416,4.198736045509577,shared_2l_1pool
6117,6.164934020489454,1.6605451237410307,4.382398910820484,shared_2l_1pool
6118,5.055282032117248,0.6530678365379572,4.295245045796037,shared_2l_1pool
6119,5.007358035072684,0.6333028431981802,4.267849959433079,shared_2l_1pool
6120,5.012728972360492,0.6265800911933184,4.280450055375695,shared_2l_1pool
6121,5.029655061662197,0.6482119206339121,4.275738960132003,shared_2l_1pool
6122,5.016504786908627,0.6326478905975819,4.278137115761638,shared_2l_1pool
6123,5.038222996518016,0.6487618666142225,4.283837974071503,shared_2l_1pool
6124,5.0294899847358465,0.6494729313999414,4.27548005245626,shared_2l_1pool
6125,5.056302063167095,0.6377052050083876,4.313524812459946,shared_2l_1pool
6126,5.058201961219311,0.642507104203105,4.309860989451408,shared_2l_1pool
6127,5.057335831224918,0.632123090326786,4.3180398643016815,shared_2l_1pool
6128,5.067287944257259,0.6395149976015091,4.3229470029473305,shared_2l_1pool
6129,5.063024116680026,0.6281270179897547,4.328578943386674,shared_2l_1pool
6130,5.057977046817541,0.6487129721790552,4.304808098822832,shared_2l_1pool
6131,5.0517788622528315,0.634768046438694,4.31175297126174,shared_2l_1pool
6132,5.0044439267367125,0.6460619624704123,4.253324121236801,shared_2l_1pool
6133,6.091076182201505,1.6386061906814575,4.333443008363247,shared_2l_1pool
6134,5.058376118540764,0.6631859578192234,4.287210060283542,shared_2l_1pool
6135,5.0332138780504465,0.6389059126377106,4.288902040570974,shared_2l_1pool
6136,5.019760923460126,0.629642978310585,4.278308944776654,shared_2l_1pool
6137,4.967279965057969,0.62996381893754,4.235841101035476,shared_2l_1pool
6138,4.963299026712775,0.6225700490176678,4.2305318638682365,shared_2l_1pool
6139,4.993953974917531,0.6429278291761875,4.2464290745556355,shared_2l_1pool
6140,4.96556400321424,0.642246101051569,4.220526898279786,shared_2l_1pool
6141,5.004405975341797,0.6434188690036535,4.254481056705117,shared_2l_1pool
6142,4.984614904969931,0.6406609900295734,4.2385978158563375,shared_2l_1pool
6143,4.972448106855154,0.6349568720906973,4.234753083437681,shared_2l_1pool
6144,4.96159796603024,0.6426321342587471,4.215559922158718,shared_2l_1pool
6145,4.966003121808171,0.6455651018768549,4.217932000756264,shared_2l_1pool
6146,5.016411887481809,0.650262925773859,4.261292051523924,shared_2l_1pool
6147,5.035065812990069,0.6476179696619511,4.283308982849121,shared_2l_1pool
6148,5.011176923289895,0.6487250793725252,4.256308078765869,shared_2l_1pool
6149,6.162323988974094,1.633686013519764,4.400991834700108,shared_2l_1pool
6150,5.037578986957669,0.650343019515276,4.281109198927879,shared_2l_1pool
6151,5.044514080509543,0.6653349846601486,4.271356156095862,shared_2l_1pool
6152,5.049949046224356,0.6638290360569954,4.281542031094432,shared_2l_1pool
6153,5.017210030928254,0.6358260288834572,4.276325926184654,shared_2l_1pool
6154,5.008667940273881,0.6394418887794018,4.2649731040000916,shared_2l_1pool
6155,5.012691952288151,0.6382381543517113,4.270517034456134,shared_2l_1pool
6156,5.028612911701202,0.6357710808515549,4.28848504088819,shared_2l_1pool
6157,4.9900750163942575,0.6345650181174278,4.249403951689601,shared_2l_1pool
6158,5.012512905523181,0.6258499342948198,4.2824819684028625,shared_2l_1pool
6159,5.058533046394587,0.6343789864331484,4.31900704279542,shared_2l_1pool
6160,5.008713807910681,0.6364069413393736,4.2645379435271025,shared_2l_1pool
6161,5.011904053390026,0.647679902613163,4.258509026840329,shared_2l_1pool
6162,5.037002032622695,0.6798028480261564,4.252087092027068,shared_2l_1pool
6163,5.021162098273635,0.6520571187138557,4.263087874278426,shared_2l_1pool
6164,5.016710143536329,0.6423939485102892,4.270800855010748,shared_2l_1pool
6165,6.143555976450443,1.6407258808612823,4.386089975014329,shared_2l_1pool
6166,5.026963073760271,0.6498999428004026,4.270584089681506,shared_2l_1pool
6167,5.030110944062471,0.6522820331156254,4.275219049304724,shared_2l_1pool
6168,5.070174112915993,0.6515199784189463,4.313098965212703,shared_2l_1pool
6169,5.077162059023976,0.6462768651545048,4.32721502147615,shared_2l_1pool
6170,5.014310125261545,0.6462419405579567,4.26159193739295,shared_2l_1pool
6171,4.998137941583991,0.6290839519351721,4.264934919774532,shared_2l_1pool
6172,5.014145979657769,0.6370069459080696,4.272212972864509,shared_2l_1pool
6173,5.036205053329468,0.6400230340659618,4.286973038688302,shared_2l_1pool
6174,5.0113999750465155,0.6453651003539562,4.257904831320047,shared_2l_1pool
6175,5.019976990297437,0.6387659814208746,4.2745370883494616,shared_2l_1pool
6176,5.029406165704131,0.6485010962933302,4.275765037164092,shared_2l_1pool
6177,5.014766938984394,0.6365971639752388,4.273410886526108,shared_2l_1pool
6178,4.998096032068133,0.6416570395231247,4.254381870850921,shared_2l_1pool
6179,4.981323843821883,0.6347429007291794,4.244454205036163,shared_2l_1pool
6180,5.02160401083529,0.6459909491240978,4.270438104867935,shared_2l_1pool
6181,6.3991849310696125,1.897134818136692,4.381961189210415,shared_2l_1pool
6182,5.041701951995492,0.6635850295424461,4.272450925782323,shared_2l_1pool
6183,5.05400518886745,0.6606881506741047,4.288519965484738,shared_2l_1pool
6184,5.052190972492099,0.6587398238480091,4.287632182240486,shared_2l_1pool
6185,5.074576940387487,0.6502538453787565,4.3178151827305555,shared_2l_1pool
6186,5.023113917559385,0.6561840418726206,4.2613300029188395,shared_2l_1pool
6187,4.994153045117855,0.6504480261355639,4.239345900714397,shared_2l_1pool
6188,5.00574498437345,0.6541300099343061,4.247766919434071,shared_2l_1pool
6189,5.05314813926816,0.6433390080928802,4.304700996726751,shared_2l_1pool
6190,5.001059966161847,0.6337950471788645,4.2634159326553345,shared_2l_1pool
6191,5.0032909493893385,0.6540759932249784,4.2442078702151775,shared_2l_1pool
6192,4.991839872673154,0.6371859926730394,4.250257974490523,shared_2l_1pool
6193,5.059124901890755,0.6492601241916418,4.304710077121854,shared_2l_1pool
6194,5.005242070183158,0.6367568857967854,4.265644121915102,shared_2l_1pool
6195,5.034068133682013,0.6299999076873064,4.290482960641384,shared_2l_1pool
6196,5.048422142863274,0.6409839261323214,4.300127970054746,shared_2l_1pool
6197,6.136036012321711,1.6310520004481077,4.387909080833197,shared_2l_1pool
6198,5.032771034166217,0.6544841453433037,4.272212972864509,shared_2l_1pool
6199,5.009409040212631,0.6327379960566759,4.271800862625241,shared_2l_1pool
6200,5.032505141571164,0.6342250853776932,4.293205915018916,shared_2l_1pool
6201,5.04909991286695,0.647710170596838,4.296015948057175,shared_2l_1pool
6202,5.050559062510729,0.6802638527005911,4.263954004272819,shared_2l_1pool
6203,5.053527886047959,0.6441071163862944,4.305942915380001,shared_2l_1pool
6204,5.053762113675475,0.6500089075416327,4.297242965549231,shared_2l_1pool
6205,5.037018796429038,0.658729812130332,4.273397149518132,shared_2l_1pool
6206,5.027618957683444,0.6299121305346489,4.292133962735534,shared_2l_1pool
6207,5.002944963052869,0.6459618452936411,4.254963016137481,shared_2l_1pool
6208,5.045559024438262,0.645485008135438,4.295151913538575,shared_2l_1pool
6209,4.994292045012116,0.6290390156209469,4.261483903974295,shared_2l_1pool
6210,5.024926038458943,0.6519870366901159,4.267273936420679,shared_2l_1pool
6211,5.0067841075360775,0.637969933450222,4.264984047040343,shared_2l_1pool
6212,5.021420074626803,0.6524489726871252,4.264110000804067,shared_2l_1pool
6213,6.171722896397114,1.6411200631409883,4.408833105117083,shared_2l_1pool
6214,5.089170997962356,0.6682230159640312,4.314590012654662,shared_2l_1pool
6215,5.030842963606119,0.6502959877252579,4.270764067769051,shared_2l_1pool
6216,5.035368958488107,0.6345661822706461,4.294100916013122,shared_2l_1pool
6217,5.0527339335531,0.6475998088717461,4.300022032111883,shared_2l_1pool
6218,5.024427082389593,0.628964975476265,4.287846153602004,shared_2l_1pool
6219,5.062667885795236,0.6488559301942587,4.310541087761521,shared_2l_1pool
6220,5.028722109273076,0.6387571338564157,4.283670801669359,shared_2l_1pool
6221,5.049237981438637,0.6469809450209141,4.296506987884641,shared_2l_1pool
6222,5.044450052082539,0.6503099575638771,4.28855000063777,shared_2l_1pool
6223,5.047791870310903,0.6523120682686567,4.291510907933116,shared_2l_1pool
6224,5.048307124525309,0.6508270744234324,4.294088808819652,shared_2l_1pool
6225,5.037452094256878,0.6378041580319405,4.2962857987731695,shared_2l_1pool
6226,5.052730906754732,0.6508210208266973,4.297120962291956,shared_2l_1pool
6227,5.054468987509608,0.6322402041405439,4.317085957154632,shared_2l_1pool
6228,5.063651129603386,0.6505940109491348,4.309115931391716,shared_2l_1pool
6229,6.157235009595752,1.6712660435587168,4.368083085864782,shared_2l_1pool
6230,5.02500613220036,0.6560450419783592,4.26154094748199,shared_2l_1pool
6231,5.064125172793865,0.6662670057266951,4.289811942726374,shared_2l_1pool
6232,5.071407882496715,0.6535840220749378,4.313533892855048,shared_2l_1pool
6233,5.040810909122229,0.6363459397107363,4.301935201510787,shared_2l_1pool
6234,5.036231828853488,0.6363950669765472,4.2960739228874445,shared_2l_1pool
6235,5.03797410055995,0.6352621130645275,4.297702107578516,shared_2l_1pool
6236,5.021586082875729,0.6468058563768864,4.270286066457629,shared_2l_1pool
6237,5.000944947823882,0.6305109709501266,4.265416879206896,shared_2l_1pool
6238,5.022363970056176,0.6559728644788265,4.2608859948813915,shared_2l_1pool
6239,4.991466179490089,0.6363841239362955,4.251932958140969,shared_2l_1pool
6240,4.99730696901679,0.6328560411930084,4.260604968294501,shared_2l_1pool
6241,5.00655802898109,0.6410661153495312,4.263716051355004,shared_2l_1pool
6242,5.041833035647869,0.6278359796851873,4.310469841584563,shared_2l_1pool
6243,4.992310889065266,0.6400151178240776,4.249062854796648,shared_2l_1pool
6244,5.0012588035315275,0.6472088862210512,4.251004196703434,shared_2l_1pool
6245,6.134332157671452,1.642267918214202,4.372120136395097,shared_2l_1pool
6246,5.042728036642075,0.6639219354838133,4.270105855539441,shared_2l_1pool
6247,4.999090917408466,0.6581111811101437,4.235883010551333,shared_2l_1pool
6248,5.009772023186088,0.6554177962243557,4.250313155353069,shared_2l_1pool
6249,5.054089007899165,0.6452910602092743,4.3031289242208,shared_2l_1pool
6250,5.022766999900341,0.6639659404754639,4.254383966326714,shared_2l_1pool
6251,5.021058954298496,0.6524079944938421,4.263744922354817,shared_2l_1pool
6252,5.037500057369471,0.6542541086673737,4.27874899469316,shared_2l_1pool
6253,5.053725093603134,0.6500799208879471,4.296515136957169,shared_2l_1pool
6254,5.066606914624572,0.6613091100007296,4.301891895011067,shared_2l_1pool
6255,5.019386997446418,0.653215916827321,4.261452006176114,shared_2l_1pool
6256,5.002856953069568,0.6523181218653917,4.2461908888071775,shared_2l_1pool
6257,5.0200901459902525,0.6507299840450287,4.264998948201537,shared_2l_1pool
6258,5.007545929402113,0.6511700339615345,4.251731792464852,shared_2l_1pool
6259,5.0079121720045805,0.651664100587368,4.2525180615484715,shared_2l_1pool
6260,5.000572884455323,0.6450430955737829,4.2520309798419476,shared_2l_1pool
6261,6.121428916230798,1.6383531037718058,4.361798986792564,shared_2l_1pool
6262,5.114736966788769,0.6647231057286263,4.344668006524444,shared_2l_1pool
6263,5.022892961278558,0.6365170702338219,4.283346002921462,shared_2l_1pool
6264,5.035281181335449,0.6432000081986189,4.288007039576769,shared_2l_1pool
6265,5.027167033404112,0.6389431655406952,4.283793969079852,shared_2l_1pool
6266,5.005314946174622,0.6320958491414785,4.269350087270141,shared_2l_1pool
6267,4.986337153241038,0.629922840744257,4.253759980201721,shared_2l_1pool
6268,4.993205890059471,0.6430770736187696,4.2486239690333605,shared_2l_1pool
6269,4.977361997589469,0.6303838454186916,4.24446607939899,shared_2l_1pool
6270,5.041616968810558,0.6451949011534452,4.291624063625932,shared_2l_1pool
6271,5.0494561437517405,0.6519700400531292,4.293049918487668,shared_2l_1pool
6272,5.097650922834873,0.6534068379551172,4.338755970820785,shared_2l_1pool
6273,5.006269086152315,0.6504049524664879,4.2525180615484715,shared_2l_1pool
6274,5.04871504381299,0.6556690204888582,4.287672927603126,shared_2l_1pool
6275,5.0589588936418295,0.6643489468842745,4.291135119274259,shared_2l_1pool
6276,5.03031793050468,0.6432151421904564,4.282217938452959,shared_2l_1pool
6277,6.1432309448719025,1.6513150185346603,4.371277987957001,shared_2l_1pool
6278,5.039056064561009,0.6541828624904156,4.27927216514945,shared_2l_1pool
6279,5.066385958343744,0.6694530602544546,4.292570985853672,shared_2l_1pool
6280,5.075071007013321,0.6592769641429186,4.307740135118365,shared_2l_1pool
6281,5.067350110039115,0.6474382244050503,4.315007943660021,shared_2l_1pool
6282,5.025639897212386,0.6509539671242237,4.271207144483924,shared_2l_1pool
6283,5.064161028712988,0.6474500987678766,4.31135599501431,shared_2l_1pool
6284,5.060672061517835,0.6399869453161955,4.3174191378057,shared_2l_1pool
6285,5.0420190673321486,0.6523460615426302,4.285400966182351,shared_2l_1pool
6286,5.048461956903338,0.6438340060412884,4.2978310957551,shared_2l_1pool
6287,5.022543016821146,0.6524601485580206,4.265548894181848,shared_2l_1pool
6288,5.062630865722895,0.6451308727264404,4.314223071560264,shared_2l_1pool
6289,5.0305749755352736,0.6291030440479517,4.294628044590354,shared_2l_1pool
6290,5.0037631299346685,0.6376171950250864,4.261752823367715,shared_2l_1pool
6291,5.083689000457525,0.6527120713144541,4.323671106249094,shared_2l_1pool
6292,5.020807962864637,0.6523970514535904,4.262746078893542,shared_2l_1pool
6293,6.170359905809164,1.6664071008563042,4.385591018944979,shared_2l_1pool
6294,5.051258020102978,0.6686560809612274,4.273922881111503,shared_2l_1pool
6295,5.063419928774238,0.66141108982265,4.2960799764841795,shared_2l_1pool
6296,5.081882001832128,0.6533612031489611,4.32265386916697,shared_2l_1pool
6297,5.071097053587437,0.653065973892808,4.314424004405737,shared_2l_1pool
6298,5.069695878773928,0.6476410198956728,4.314960911870003,shared_2l_1pool
6299,5.039274925366044,0.6456049159169197,4.289655946195126,shared_2l_1pool
6300,5.043538054451346,0.6410479545593262,4.297159845009446,shared_2l_1pool
6301,5.020924843847752,0.6309740711003542,4.285403992980719,shared_2l_1pool
6302,5.037976894527674,0.6399119738489389,4.293089034035802,shared_2l_1pool
6303,5.040094023570418,0.6456722039729357,4.2905909940600395,shared_2l_1pool
6304,5.047322949394584,0.6466698832809925,4.29733912460506,shared_2l_1pool
6305,5.039767827838659,0.6494149565696716,4.285620059818029,shared_2l_1pool
6306,5.080027040094137,0.6552310660481453,4.320072941482067,shared_2l_1pool
6307,5.026499042287469,0.6441092118620872,4.278268897905946,shared_2l_1pool
6308,5.036651156842709,0.6559169851243496,4.276127088814974,shared_2l_1pool
6309,6.141748046502471,1.638675108551979,4.383175866678357,shared_2l_1pool
6310,5.068689119070768,0.6746670696884394,4.2866438161581755,shared_2l_1pool
6311,5.0474428571760654,0.6724391132593155,4.269802942872047,shared_2l_1pool
6312,5.072414875030518,0.6591849960386753,4.302040906623006,shared_2l_1pool
6313,5.081292940303683,0.652397982776165,4.321140004321933,shared_2l_1pool
6314,5.027191946282983,0.6409990601241589,4.281909903511405,shared_2l_1pool
6315,5.056631052866578,0.6406190805137157,4.310624906793237,shared_2l_1pool
6316,5.020888987928629,0.6422940641641617,4.273638129234314,shared_2l_1pool
6317,5.051561864092946,0.6542610935866833,4.2920648120343685,shared_2l_1pool
6318,5.087282974272966,0.6592061836272478,4.3231400195509195,shared_2l_1pool
6319,5.0450998824089766,0.6449059583246708,4.293231992051005,shared_2l_1pool
6320,5.005411803722382,0.6455450784415007,4.2551010847091675,shared_2l_1pool
6321,5.069325910881162,0.6567509844899178,4.306901013478637,shared_2l_1pool
6322,5.06229093298316,0.653113005682826,4.305446054786444,shared_2l_1pool
6323,5.04910689778626,0.6469560321420431,4.297126783058047,shared_2l_1pool
6324,5.021137883886695,0.6615570746362209,4.2556768748909235,shared_2l_1pool
6325,6.168758030980825,1.6706299502402544,4.38076606951654,shared_2l_1pool
6326,5.077327135950327,0.6558259483426809,4.316061036661267,shared_2l_1pool
6327,5.074749933555722,0.6587200332432985,4.308616975322366,shared_2l_1pool
6328,5.065605975687504,0.6441189907491207,4.312095930799842,shared_2l_1pool
6329,5.030136089771986,0.6520270835608244,4.274299135431647,shared_2l_1pool
6330,5.0845700316131115,0.6466591730713844,4.333609016612172,shared_2l_1pool
6331,5.055201007053256,0.6384220905601978,4.312593024224043,shared_2l_1pool
6332,5.021241959184408,0.6509588565677404,4.266346106305718,shared_2l_1pool
6333,5.0082458183169365,0.6424668245017529,4.262038040906191,shared_2l_1pool
6334,5.025684833526611,0.6507690995931625,4.271663958206773,shared_2l_1pool
6335,5.011379951611161,0.6460759323090315,4.2629430536180735,shared_2l_1pool
6336,5.049136001616716,0.6501330062747002,4.295652033761144,shared_2l_1pool
6337,5.023360950872302,0.6443238817155361,4.274893086403608,shared_2l_1pool
6338,5.047460086643696,0.6516780704259872,4.2886140290647745,shared_2l_1pool
6339,5.095829954370856,0.694141024723649,4.298083949834108,shared_2l_1pool
6340,5.069755017757416,0.667711952701211,4.297133069485426,shared_2l_1pool
6341,6.157673895359039,1.6425908543169498,4.3966080993413925,shared_2l_1pool
6342,5.074626998975873,0.6688321009278297,4.299944965168834,shared_2l_1pool
6343,5.100828129798174,0.6540969479829073,4.335931036621332,shared_2l_1pool
6344,5.156763829290867,0.6461199373006821,4.403447033837438,shared_2l_1pool
6345,5.04382885992527,0.6568448152393103,4.280968103557825,shared_2l_1pool
6346,5.073073087260127,0.6465399637818336,4.3186170514672995,shared_2l_1pool
6347,5.0444151274859905,0.64271898008883,4.296720959246159,shared_2l_1pool
6348,5.037287948653102,0.655164010822773,4.27553104236722,shared_2l_1pool
6349,5.072512896731496,0.6871840450912714,4.2794139590114355,shared_2l_1pool
6350,5.064207129180431,0.6629410199820995,4.296252969652414,shared_2l_1pool
6351,5.1273389253765345,0.6827327888458967,4.339980194345117,shared_2l_1pool
6352,5.075938068330288,0.6452619563788176,4.325902089476585,shared_2l_1pool
6353,5.081308074295521,0.6563561037182808,4.31813788600266,shared_2l_1pool
6354,5.0754970870912075,0.6583689246326685,4.310735035687685,shared_2l_1pool
6355,5.051330896094441,0.6582881323993206,4.282074980437756,shared_2l_1pool
6356,5.028767045587301,0.6427429616451263,4.281146917492151,shared_2l_1pool
6357,6.177884992212057,1.6662462148815393,4.393002949655056,shared_2l_1pool
6358,5.079356022179127,0.6618369370698929,4.311864031478763,shared_2l_1pool
6359,5.092114908620715,0.6720570381730795,4.316131817176938,shared_2l_1pool
6360,5.043694982305169,0.6573228165507317,4.283506190404296,shared_2l_1pool
6361,5.044474033638835,0.6580951157957315,4.282047040760517,shared_2l_1pool
6362,5.0224559381604195,0.6602220237255096,4.256446845829487,shared_2l_1pool
6363,5.02791884355247,0.6556080188602209,4.269229946658015,shared_2l_1pool
6364,5.054157925769687,0.6581179331988096,4.2919928673654795,shared_2l_1pool
6365,5.062367068603635,0.6560361944139004,4.303426016122103,shared_2l_1pool
6366,5.075272871181369,0.670422101393342,4.299132851883769,shared_2l_1pool
6367,5.086676217615604,0.6581700872629881,4.324108827859163,shared_2l_1pool
6368,5.055345129221678,0.6601959466934204,4.290319047868252,shared_2l_1pool
6369,5.041771102696657,0.660028075799346,4.277762956917286,shared_2l_1pool
6370,5.027450155466795,0.6463839672505856,4.272795980796218,shared_2l_1pool
6371,5.061340983957052,0.6754219066351652,4.280446097254753,shared_2l_1pool
6372,5.037494003772736,0.6596900057047606,4.274705890566111,shared_2l_1pool
6373,6.2569258734583855,1.6587241552770138,4.479529801756144,shared_2l_1pool
6374,5.147590069100261,0.6677040364593267,4.373809089884162,shared_2l_1pool
6375,5.112253129482269,0.6725490093231201,4.33528795838356,shared_2l_1pool
6376,5.106091964989901,0.659263925626874,4.344196058809757,shared_2l_1pool
6377,5.0950259901583195,0.6449460051953793,4.346190020442009,shared_2l_1pool
6378,5.149008007720113,0.6553621497005224,4.384777974337339,shared_2l_1pool
6379,5.115455016493797,0.6596590392291546,4.351122071966529,shared_2l_1pool
6380,5.131524987518787,0.6648479029536247,4.362317966297269,shared_2l_1pool
6381,5.158060928806663,0.6503069307655096,4.404642153531313,shared_2l_1pool
6382,5.145923933014274,0.6526049692183733,4.386993125081062,shared_2l_1pool
6383,5.099490052089095,0.6597500760108232,4.334307974204421,shared_2l_1pool
6384,5.1198299042880535,0.646526925265789,4.368562949821353,shared_2l_1pool
6385,5.1638109143823385,0.6544159259647131,4.3988211546093225,shared_2l_1pool
6386,5.144794937223196,0.6355210207402706,4.4030859135091305,shared_2l_1pool
6387,5.100802052766085,0.6406779866665602,4.355008015409112,shared_2l_1pool
6388,5.081715062260628,0.6371620111167431,4.341078922152519,shared_2l_1pool
6389,6.208286853507161,1.674981089308858,4.409037996083498,shared_2l_1pool
6390,5.091178929433227,0.6731718312948942,4.311230033636093,shared_2l_1pool
6391,5.102160153910518,0.6705019623041153,4.327695118263364,shared_2l_1pool
6392,5.121456924825907,0.665250001475215,4.353023134171963,shared_2l_1pool
6393,5.1207218784838915,0.6498161237686872,4.362067906185985,shared_2l_1pool
6394,5.117591004818678,0.6406479515135288,4.371321992948651,shared_2l_1pool
6395,5.105245858430862,0.6879328284412622,4.314542980864644,shared_2l_1pool
6396,5.097954999655485,0.6569500546902418,4.336789948865771,shared_2l_1pool
6397,5.134988809004426,0.6906138733029366,4.3415711261332035,shared_2l_1pool
6398,5.05680893547833,0.6532149855047464,4.300020867958665,shared_2l_1pool
6399,5.0587349105626345,0.660846009850502,4.2940001003444195,shared_2l_1pool
6400,5.086876917630434,0.6625780370086432,4.3204359244555235,shared_2l_1pool
6401,5.12387789785862,0.6803160067647696,4.339422797784209,shared_2l_1pool
6402,5.078788846731186,0.6529521197080612,4.320076899603009,shared_2l_1pool
6403,5.073800915852189,0.6650991272181273,4.301025997847319,shared_2l_1pool
6404,5.054950946941972,0.6479541771113873,4.303861875087023,shared_2l_1pool
6405,6.239887094125152,1.6543921083211899,4.466052865609527,shared_2l_1pool
6406,5.1222690381109715,0.675000948831439,4.3430570513010025,shared_2l_1pool
6407,5.133370868861675,0.6622220389544964,4.365421133115888,shared_2l_1pool
6408,5.126125877723098,0.6612488068640232,4.360308172181249,shared_2l_1pool
6409,5.0856550224125385,0.6509032100439072,4.329951014369726,shared_2l_1pool
6410,5.153902107849717,0.6688230205327272,4.375255899503827,shared_2l_1pool
6411,5.1281561609357595,0.6563819479197264,4.364422056823969,shared_2l_1pool
6412,5.168879171833396,0.6656469777226448,4.397433018311858,shared_2l_1pool
6413,5.1504261791706085,0.6692688912153244,4.3752610217779875,shared_2l_1pool
6414,5.12638408690691,0.6533118430525064,4.3701480608433485,shared_2l_1pool
6415,5.136879161000252,0.6483939941972494,4.382940009236336,shared_2l_1pool
6416,5.137259839102626,0.6509649101644754,4.38098912127316,shared_2l_1pool
6417,5.153672071173787,0.6723320111632347,4.372128983959556,shared_2l_1pool
6418,5.10434596799314,0.6510510575026274,4.3485581409186125,shared_2l_1pool
6419,5.118553061038256,0.6493090186268091,4.365094006061554,shared_2l_1pool
6420,5.152635974809527,0.6569249089807272,4.390874179080129,shared_2l_1pool
6421,6.242594914510846,1.6711901407688856,4.453087924048305,shared_2l_1pool
6422,5.129846045747399,0.6690819282084703,4.351990995928645,shared_2l_1pool
6423,5.173145094886422,0.672386959195137,4.3908110819756985,shared_2l_1pool
6424,5.141985137015581,0.6504429038614035,4.388435976579785,shared_2l_1pool
6425,5.176940001547337,0.6577959284186363,4.414231050759554,shared_2l_1pool
6426,5.098194815218449,0.6568820681422949,4.3368530459702015,shared_2l_1pool
6427,5.101173184812069,0.6610278505831957,4.336947109550238,shared_2l_1pool
6428,5.108392098918557,0.6593060679733753,4.343908978626132,shared_2l_1pool
6429,5.132437916472554,0.668280990794301,4.359561018645763,shared_2l_1pool
6430,5.1955170929431915,0.6844080053269863,4.397268872708082,shared_2l_1pool
6431,5.119442939758301,0.6410488858819008,4.377624019980431,shared_2l_1pool
6432,5.143936024978757,0.6516368594020605,4.385701147839427,shared_2l_1pool
6433,5.1245009526610374,0.659195939078927,4.361248109489679,shared_2l_1pool
6434,5.109002813696861,0.674074050039053,4.327965900301933,shared_2l_1pool
6435,5.115313921123743,0.6646569818258286,4.345853114500642,shared_2l_1pool
6436,5.150027805939317,0.6677850615233183,4.378713900223374,shared_2l_1pool
6437,6.240813061594963,1.6693670768290758,4.453277913853526,shared_2l_1pool
6438,5.121550057083368,0.6569258403033018,4.357711179181933,shared_2l_1pool
6439,5.093597108498216,0.6568180397152901,4.332041135057807,shared_2l_1pool
6440,5.100441165268421,0.6618129555135965,4.331720061600208,shared_2l_1pool
6441,5.105281947180629,0.661585945636034,4.338302882388234,shared_2l_1pool
6442,5.114333005622029,0.6601139903068542,4.350355127826333,shared_2l_1pool
6443,5.1471281331032515,0.6694069597870111,4.3702879920601845,shared_2l_1pool
6444,5.157320061698556,0.6629389245063066,4.388938890770078,shared_2l_1pool
6445,5.158692132681608,0.6653701420873404,4.387101856991649,shared_2l_1pool
6446,5.122161004692316,0.6572450511157513,4.361073020845652,shared_2l_1pool
6447,5.100191105157137,0.6447010673582554,4.349275026470423,shared_2l_1pool
6448,5.142024951055646,0.662714010104537,4.3748600874096155,shared_2l_1pool
6449,5.14215393923223,0.6596818566322327,4.376634955406189,shared_2l_1pool
6450,5.127890966832638,0.6703960243612528,4.350873874500394,shared_2l_1pool
6451,5.133361788466573,0.667935935780406,4.358469974249601,shared_2l_1pool
6452,5.105065880343318,0.6616159807890654,4.337690072134137,shared_2l_1pool
6453,6.254310952499509,1.6597900539636612,4.476658999919891,shared_2l_1pool
6454,5.159405991435051,0.6724619306623936,4.380747908726335,shared_2l_1pool
6455,5.176440114155412,0.6747019942849874,4.395565949380398,shared_2l_1pool
6456,5.161043955013156,0.6708139553666115,4.383730003610253,shared_2l_1pool
6457,5.1193879917263985,0.6708251312375069,4.342952976003289,shared_2l_1pool
6458,5.1353860180824995,0.6588059477508068,4.367504036054015,shared_2l_1pool
6459,5.123019916936755,0.6667790003120899,4.352831980213523,shared_2l_1pool
6460,5.0779650919139385,0.6393108051270247,4.335406003519893,shared_2l_1pool
6461,5.15676592476666,0.6518259178847075,4.40146797336638,shared_2l_1pool
6462,5.151358898729086,0.6819209083914757,4.362778039649129,shared_2l_1pool
6463,5.158127984032035,0.659608980640769,4.395897965878248,shared_2l_1pool
6464,5.082868039608002,0.6524280179291964,4.328032024204731,shared_2l_1pool
6465,5.1295829471200705,0.6865640170872211,4.333185963332653,shared_2l_1pool
6466,5.087563069537282,0.6354609504342079,4.346731118857861,shared_2l_1pool
6467,5.121069960296154,0.6565451622009277,4.361885832622647,shared_2l_1pool
6468,5.094137042760849,0.6563130300492048,4.333210876211524,shared_2l_1pool
6469,6.291110068559647,1.725396141409874,4.443875979632139,shared_2l_1pool
6470,5.130765028297901,0.6811120547354221,4.34245984070003,shared_2l_1pool
6471,5.122791975736618,0.6633049342781305,4.3528759852051735,shared_2l_1pool
6472,5.123956128954887,0.6664339452981949,4.346373025327921,shared_2l_1pool
6473,5.143835209310055,0.6600772030651569,4.37955092638731,shared_2l_1pool
6474,5.101213231682777,0.6592308636754751,4.337741993367672,shared_2l_1pool
6475,5.096814827993512,0.6548289675265551,4.338596016168594,shared_2l_1pool
6476,5.102053051814437,0.6712540052831173,4.326272057369351,shared_2l_1pool
6477,5.127170123159885,0.6639719940721989,4.358141915872693,shared_2l_1pool
6478,5.125863011926413,0.6614900194108486,4.359479993581772,shared_2l_1pool
6479,5.1589119248092175,0.6645431276410818,4.389466950669885,shared_2l_1pool
6480,5.1584450993686914,0.6570529658347368,4.392658825963736,shared_2l_1pool
6481,5.189202958717942,0.6904080510139465,4.392320988699794,shared_2l_1pool
6482,5.106067983433604,0.6592599675059319,4.343182081356645,shared_2l_1pool
6483,5.13470103032887,0.6683829706162214,4.361890023574233,shared_2l_1pool
6484,5.102252820506692,0.6545861251652241,4.341906867921352,shared_2l_1pool
6485,6.311428966000676,1.74207822419703,4.448837833479047,shared_2l_1pool
6486,5.194067023694515,0.6893679965287447,4.395932890474796,shared_2l_1pool
6487,5.102365044876933,0.6616099271923304,4.33559506200254,shared_2l_1pool
6488,5.124265095219016,0.6682509556412697,4.349521128460765,shared_2l_1pool
6489,5.137688014656305,0.6675210315734148,4.367174115031958,shared_2l_1pool
6490,5.165483802556992,0.6904760375618935,4.368880996480584,shared_2l_1pool
6491,5.111550912261009,0.6566781084984541,4.352598916739225,shared_2l_1pool
6492,5.153576144948602,0.6547479424625635,4.392972914502025,shared_2l_1pool
6493,5.1380840595811605,0.6556957960128784,4.3786081951111555,shared_2l_1pool
6494,5.136748077347875,0.6528061348944902,4.377675009891391,shared_2l_1pool
6495,5.103677976876497,0.666698906570673,4.333463031798601,shared_2l_1pool
6496,5.103701027110219,0.6512410473078489,4.348126007243991,shared_2l_1pool
6497,5.086119053885341,0.654107891023159,4.327821079641581,shared_2l_1pool
6498,5.094687920063734,0.6664351094514132,4.323763074353337,shared_2l_1pool
6499,5.0961950328201056,0.6668590940535069,4.325991962105036,shared_2l_1pool
6500,5.147944204509258,0.6648220587521791,4.377603996545076,shared_2l_1pool
6501,6.405781023204327,1.825984101742506,4.4556420762091875,shared_2l_1pool
6502,5.1539079286158085,0.7030309643596411,4.342477070167661,shared_2l_1pool
6503,5.093763815239072,0.6723138503730297,4.316083155572414,shared_2l_1pool
6504,5.130015080794692,0.6717960350215435,4.351137904450297,shared_2l_1pool
6505,5.1045280415564775,0.6684770341962576,4.33207512833178,shared_2l_1pool
6506,5.14521193690598,0.6740088574588299,4.361473023891449,shared_2l_1pool
6507,5.100158974528313,0.657128170132637,4.3360169511288404,shared_2l_1pool
6508,5.0889779813587666,0.6631470751017332,4.3213809840381145,shared_2l_1pool
6509,5.094035994261503,0.6663689855486155,4.32326621375978,shared_2l_1pool
6510,5.103277042508125,0.6663291715085506,4.332337994128466,shared_2l_1pool
6511,5.080173024907708,0.6642099469900131,4.311324097216129,shared_2l_1pool
6512,5.077979993075132,0.6610869895666838,4.3119939509779215,shared_2l_1pool
6513,5.095224129036069,0.6653801538050175,4.32464899495244,shared_2l_1pool
6514,5.101846996694803,0.6680218502879143,4.327960079535842,shared_2l_1pool
6515,5.087492987513542,0.6644511595368385,4.319022875279188,shared_2l_1pool
6516,5.119131179526448,0.6475148256868124,4.369245143607259,shared_2l_1pool
6517,6.373332813382149,1.8103860784322023,4.440817981958389,shared_2l_1pool
6518,5.1423178520053625,0.6906511262059212,4.347283858805895,shared_2l_1pool
6519,5.1305100787431,0.675650080665946,4.34843311086297,shared_2l_1pool
6520,5.109955091029406,0.6664521060883999,4.337413934990764,shared_2l_1pool
6521,5.11981500312686,0.6725238636136055,4.342616070061922,shared_2l_1pool
6522,5.141983041539788,0.6748628802597523,4.359736107289791,shared_2l_1pool
6523,5.118801025673747,0.6680868100374937,4.346479196101427,shared_2l_1pool
6524,5.095347063615918,0.6558571476489305,4.334479803219438,shared_2l_1pool
6525,5.100138019770384,0.6730370223522186,4.324237117543817,shared_2l_1pool
6526,5.133881000801921,0.6641659419983625,4.363436019048095,shared_2l_1pool
6527,5.163250025361776,0.6728088483214378,4.385994980111718,shared_2l_1pool
6528,5.144375842064619,0.6668358109891415,4.369197180494666,shared_2l_1pool
6529,5.138932028785348,0.6720111705362797,4.361527971923351,shared_2l_1pool
6530,5.119822919368744,0.6603200454264879,4.353144904598594,shared_2l_1pool
6531,5.133230006322265,0.6744510028511286,4.3551388662308455,shared_2l_1pool
6532,5.0822419580072165,0.6516310386359692,4.326992901042104,shared_2l_1pool
6533,6.412489106878638,1.8277380149811506,4.460926866158843,shared_2l_1pool
6534,5.142773035913706,0.6788221653550863,4.356145858764648,shared_2l_1pool
6535,5.138192092999816,0.6767911836504936,4.355789860710502,shared_2l_1pool
6536,5.111744161695242,0.6627661641687155,4.341695923358202,shared_2l_1pool
6537,5.180953070521355,0.687694177031517,4.385249922052026,shared_2l_1pool
6538,5.171058000996709,0.6729559972882271,4.391005029901862,shared_2l_1pool
6539,5.162657937034965,0.6686979904770851,4.386718850582838,shared_2l_1pool
6540,5.106373922899365,0.654368195682764,4.3461068999022245,shared_2l_1pool
6541,5.159068154171109,0.6616979371756315,4.389873007312417,shared_2l_1pool
6542,5.111125996336341,0.65393908880651,4.351317882537842,shared_2l_1pool
6543,5.15080988407135,0.6634499877691269,4.382011946290731,shared_2l_1pool
6544,5.138703156262636,0.6447590421885252,4.391049034893513,shared_2l_1pool
6545,5.1521488931030035,0.671501038596034,4.374339943751693,shared_2l_1pool
6546,5.115211941301823,0.666819978505373,4.343162989243865,shared_2l_1pool
6547,5.125037860125303,0.6703541148453951,4.34865802526474,shared_2l_1pool
6548,5.10672596283257,0.6579509936273098,4.345318069681525,shared_2l_1pool
6549,6.337015191093087,1.7438291106373072,4.469428909942508,shared_2l_1pool
6550,5.163333844393492,0.6843679584562778,4.369458882138133,shared_2l_1pool
6551,5.15408581122756,0.6848620250821114,4.365668166428804,shared_2l_1pool
6552,5.174833815544844,0.6752689369022846,4.393127979710698,shared_2l_1pool
6553,5.149726057425141,0.6676448974758387,4.376751137897372,shared_2l_1pool
6554,5.191203905269504,0.662968959659338,4.419154021888971,shared_2l_1pool
6555,5.155568942427635,0.6538571324199438,4.396617878228426,shared_2l_1pool
6556,5.174695979803801,0.6607351824641228,4.408993991091847,shared_2l_1pool
6557,5.122265079990029,0.6580760236829519,4.357886966317892,shared_2l_1pool
6558,5.098240217193961,0.6631370633840561,4.330171970650554,shared_2l_1pool
6559,5.098368041217327,0.660622026771307,4.333985038101673,shared_2l_1pool
6560,5.142760928720236,0.6681331433355808,4.365639993920922,shared_2l_1pool
6561,5.149727920070291,0.6592459976673126,4.387449938803911,shared_2l_1pool
6562,5.151320016011596,0.6590960547327995,4.386838059872389,shared_2l_1pool
6563,5.175756057724357,0.6711450405418873,4.40053385682404,shared_2l_1pool
6564,5.154486047104001,0.6611368153244257,4.387865075841546,shared_2l_1pool
6565,6.580416113138199,1.992661040276289,4.467230988666415,shared_2l_1pool
6566,5.160656059160829,0.6739671807736158,4.380639875307679,shared_2l_1pool
6567,5.1320388447493315,0.6664220709353685,4.359327023848891,shared_2l_1pool
6568,5.158086074516177,0.6685010157525539,4.383876919746399,shared_2l_1pool
6569,5.164897069334984,0.6684930995106697,4.3906839564442635,shared_2l_1pool
6570,5.137398838996887,0.648475019261241,4.388219909742475,shared_2l_1pool
6571,5.1105269230902195,0.662325881421566,4.34368010610342,shared_2l_1pool
6572,5.098265130072832,0.6500580348074436,4.345442866906524,shared_2l_1pool
6573,5.123448092490435,0.6700688973069191,4.348818911239505,shared_2l_1pool
6574,5.107698030769825,0.6665671244263649,4.337016958743334,shared_2l_1pool
6575,5.112526006996632,0.6748251616954803,4.332037875428796,shared_2l_1pool
6576,5.1145299803465605,0.6744400598108768,4.337863996624947,shared_2l_1pool
6577,5.12312981300056,0.6720039527863264,4.3459630105644464,shared_2l_1pool
6578,5.13462582603097,0.6723101250827312,4.357510944828391,shared_2l_1pool
6579,5.092532141134143,0.6558629684150219,4.333015996962786,shared_2l_1pool
6580,5.1335960160940886,0.6587610114365816,4.37091407366097,shared_2l_1pool
6581,6.272462196648121,1.7031470779329538,4.451347049325705,shared_2l_1pool
6582,5.170380929484963,0.6927209906280041,4.369576927274466,shared_2l_1pool
6583,5.114074796438217,0.6593659054487944,4.34894603677094,shared_2l_1pool
6584,5.116158165037632,0.659590819850564,4.353119060397148,shared_2l_1pool
6585,5.111046135425568,0.6592990830540657,4.344634944573045,shared_2l_1pool
6586,5.141618894413114,0.6638369522988796,4.373101983219385,shared_2l_1pool
6587,5.142527166754007,0.6575998850166798,4.3800880666822195,shared_2l_1pool
6588,5.1360540091991425,0.677639152854681,4.35623386874795,shared_2l_1pool
6589,5.160004831850529,0.6755760405212641,4.381993785500526,shared_2l_1pool
6590,5.17170992679894,0.6704539991915226,4.397116135805845,shared_2l_1pool
6591,5.181172862648964,0.6695140618830919,4.402521066367626,shared_2l_1pool
6592,5.149250850081444,0.6851791404187679,4.359484883025289,shared_2l_1pool
6593,5.108882207423449,0.6665531545877457,4.338882863521576,shared_2l_1pool
6594,5.110602825880051,0.6602141074836254,4.347515059635043,shared_2l_1pool
6595,5.156026920303702,0.6563740316778421,4.39659389667213,shared_2l_1pool
6596,5.13010798022151,0.6743008270859718,4.349920200183988,shared_2l_1pool
6597,6.278129061684012,1.6792870592325926,4.475101130083203,shared_2l_1pool
6598,5.189522868022323,0.6746500730514526,4.408634966239333,shared_2l_1pool
6599,5.1633738912642,0.6595461163669825,4.398935940116644,shared_2l_1pool
6600,5.165253067389131,0.6672560703009367,4.393568029627204,shared_2l_1pool
6601,5.127692827954888,0.680368859320879,4.342415137216449,shared_2l_1pool
6602,5.109400022774935,0.661591999232769,4.3425229378044605,shared_2l_1pool
6603,5.13397715985775,0.6698830984532833,4.359869984909892,shared_2l_1pool
6604,5.132253980264068,0.670549925416708,4.3505539651960135,shared_2l_1pool
6605,5.152029218152165,0.6944490596652031,4.351381910964847,shared_2l_1pool
6606,5.116116954013705,0.6620921194553375,4.349170019850135,shared_2l_1pool
6607,5.108445882797241,0.6632308941334486,4.340645158663392,shared_2l_1pool
6608,5.125727038830519,0.6588469259440899,4.362625069916248,shared_2l_1pool
6609,5.1646551582962275,0.6793059874325991,4.381389822810888,shared_2l_1pool
6610,5.170437972992659,0.6689499132335186,4.397252108901739,shared_2l_1pool
6611,5.192521959543228,0.6768249440938234,4.405794898048043,shared_2l_1pool
6612,5.182412918657064,0.6564599461853504,4.420323995873332,shared_2l_1pool
6613,6.2730819918215275,1.6951530706137419,4.461942007765174,shared_2l_1pool
6614,5.14979800209403,0.6769830361008644,4.366721957921982,shared_2l_1pool
6615,5.165257025510073,0.6762279663234949,4.3857048731297255,shared_2l_1pool
6616,5.157192004844546,0.6734640337526798,4.376478958874941,shared_2l_1pool
6617,5.174451041966677,0.6757720839232206,4.394751042127609,shared_2l_1pool
6618,5.159031832590699,0.6572769489139318,4.397321026772261,shared_2l_1pool
6619,5.1290360279381275,0.6812689825892448,4.345754161477089,shared_2l_1pool
6620,5.148964002728462,0.671454006806016,4.370694980025291,shared_2l_1pool
6621,5.117414984852076,0.6683829706162214,4.345464985817671,shared_2l_1pool
6622,5.117241991683841,0.6770850159227848,4.330022027716041,shared_2l_1pool
6623,5.116055021062493,0.6761311087757349,4.335321020334959,shared_2l_1pool
6624,5.11680799536407,0.6610541604459286,4.352187970653176,shared_2l_1pool
6625,5.116467829793692,0.6571048870682716,4.355015000328422,shared_2l_1pool
6626,5.0965589471161366,0.6596320308744907,4.33212099596858,shared_2l_1pool
6627,5.215511191636324,0.67760213278234,4.356867866590619,shared_2l_1pool
6628,5.221168976277113,0.7104459218680859,4.390649031847715,shared_2l_1pool
6629,6.360639818012714,1.6686869785189629,4.571623867377639,shared_2l_1pool
6630,5.246700951829553,0.6733490154147148,4.468237981200218,shared_2l_1pool
6631,5.196618149057031,0.6764549762010574,4.418443888425827,shared_2l_1pool
6632,5.194594152271748,0.6732938345521688,4.414951195940375,shared_2l_1pool
6633,5.260766949504614,0.6729939486831427,4.480059025809169,shared_2l_1pool
6634,5.251107970252633,0.6733650807291269,4.471770953387022,shared_2l_1pool
6635,5.232908064499497,0.6667019333690405,4.458637209609151,shared_2l_1pool
6636,5.22407703101635,0.6632599979639053,4.455705871805549,shared_2l_1pool
6637,5.275500006973743,0.6754640489816666,4.493728978559375,shared_2l_1pool
6638,5.235838005319238,0.6792328786104918,4.45191515609622,shared_2l_1pool
6639,5.179568892344832,0.6665131077170372,4.408197943121195,shared_2l_1pool
6640,5.242262035608292,0.6829090416431427,4.45695105008781,shared_2l_1pool
6641,5.232238909229636,0.6643279921263456,4.461273085325956,shared_2l_1pool
6642,5.2413130179047585,0.66347885876894,4.474450135603547,shared_2l_1pool
6643,5.227938061580062,0.6684861145913601,4.453661851584911,shared_2l_1pool
6644,5.226825131103396,0.6849810015410185,4.4382859487086535,shared_2l_1pool
6645,6.295447004958987,1.687619835138321,4.489340120926499,shared_2l_1pool
6646,5.179123021662235,0.6778009701520205,4.396412055939436,shared_2l_1pool
6647,5.186589201912284,0.6918611470609903,4.389797803014517,shared_2l_1pool
6648,5.1744249649345875,0.6814270745962858,4.386765882372856,shared_2l_1pool
6649,5.19105582498014,0.682479003444314,4.403014900162816,shared_2l_1pool
6650,5.178764928132296,0.6707669235765934,4.403783939778805,shared_2l_1pool
6651,5.2332819905132055,0.6981678307056427,4.43219905719161,shared_2l_1pool
6652,5.145627073943615,0.66571612842381,4.375255899503827,shared_2l_1pool
6653,5.143110873177648,0.6729478482156992,4.368269117549062,shared_2l_1pool
6654,5.182900000363588,0.6828459445387125,4.395142197608948,shared_2l_1pool
6655,5.183529807254672,0.6749180611222982,4.4033650774508715,shared_2l_1pool
6656,5.2129540126770735,0.68682711571455,4.422586876899004,shared_2l_1pool
6657,5.203008884564042,0.657116062939167,4.431572975590825,shared_2l_1pool
6658,5.164508940652013,0.6769781466573477,4.380466882139444,shared_2l_1pool
6659,5.159294931218028,0.6820489652454853,4.373114090412855,shared_2l_1pool
6660,5.134998122230172,0.6754391361027956,4.354271804913878,shared_2l_1pool
6661,6.312891840934753,1.6727319452911615,4.5195589773356915,shared_2l_1pool
6662,5.22600905969739,0.6736328359693289,4.447318147867918,shared_2l_1pool
6663,5.248691886663437,0.68658497184515,4.456587135791779,shared_2l_1pool
6664,5.18219405785203,0.6700160447508097,4.4069180730730295,shared_2l_1pool
6665,5.1824229303747416,0.669228145852685,4.406376974657178,shared_2l_1pool
6666,5.183496046811342,0.6679741200059652,4.411692963913083,shared_2l_1pool
6667,5.221348023042083,0.6778209935873747,4.438732052221894,shared_2l_1pool
6668,5.254994845017791,0.7009641267359257,4.4479218777269125,shared_2l_1pool
6669,5.186955910176039,0.6677231285721064,4.41385293379426,shared_2l_1pool
6670,5.181350978091359,0.6562329363077879,4.418855998665094,shared_2l_1pool
6671,5.21913799457252,0.6717380601912737,4.44357399828732,shared_2l_1pool
6672,5.205945810303092,0.6893128156661987,4.412278067320585,shared_2l_1pool
6673,5.172627046704292,0.6658229976892471,4.403301049023867,shared_2l_1pool
6674,5.238449899479747,0.673017930239439,4.463969962671399,shared_2l_1pool
6675,5.1997259724885225,0.6715108174830675,4.422752186655998,shared_2l_1pool
6676,5.188474897295237,0.6616939790546894,4.422222031280398,shared_2l_1pool
6677,6.314151920378208,1.6826540231704712,4.512666026130319,shared_2l_1pool
6678,5.235766060650349,0.6964090280234814,4.4276840053498745,shared_2l_1pool
6679,5.231675924733281,0.6827749311923981,4.444323945790529,shared_2l_1pool
6680,5.203051026910543,0.6667659617960453,4.430292174220085,shared_2l_1pool
6681,5.192640004679561,0.6817968096584082,4.406913183629513,shared_2l_1pool
6682,5.235545104369521,0.6794959772378206,4.450983135029674,shared_2l_1pool
6683,5.234166048467159,0.6674041505903006,4.462927812710404,shared_2l_1pool
6684,5.2562290802598,0.6788619793951511,4.469884093850851,shared_2l_1pool
6685,5.198526894673705,0.6845612078905106,4.408687818795443,shared_2l_1pool
6686,5.1818720530718565,0.6734749767929316,4.403491038829088,shared_2l_1pool
6687,5.191692849621177,0.6838510744273663,4.403597908094525,shared_2l_1pool
6688,5.228928057476878,0.6699708756059408,4.454008070752025,shared_2l_1pool
6689,5.2492020186036825,0.6725168786942959,4.470949061214924,shared_2l_1pool
6690,5.221092840656638,0.6712470203638077,4.443558165803552,shared_2l_1pool
6691,5.231284070760012,0.6734649650752544,4.452890949323773,shared_2l_1pool
6692,5.257406970486045,0.6780948024243116,4.473627079278231,shared_2l_1pool
6693,6.322778994217515,1.6861590556800365,4.515719832852483,shared_2l_1pool
6694,5.224055144935846,0.6893880199640989,4.427796928212047,shared_2l_1pool
6695,5.195916863158345,0.6778109818696976,4.411385161802173,shared_2l_1pool
6696,5.1699799951165915,0.6685890257358551,4.396194824948907,shared_2l_1pool
6697,5.24093396961689,0.6819190457463264,4.454836016520858,shared_2l_1pool
6698,5.251212976872921,0.6970670074224472,4.445509985089302,shared_2l_1pool
6699,5.190375028178096,0.6749010644853115,4.4098119251430035,shared_2l_1pool
6700,5.1972330547869205,0.676346942782402,4.412829177454114,shared_2l_1pool
6701,5.182410124689341,0.6628860719501972,4.415178904309869,shared_2l_1pool
6702,5.19367097876966,0.6739720702171326,4.4150748290121555,shared_2l_1pool
6703,5.1766198594123125,0.6757308728992939,4.39718016423285,shared_2l_1pool
6704,5.172589095309377,0.676135066896677,4.393360111862421,shared_2l_1pool
6705,5.200462881475687,0.681860838085413,4.41085803322494,shared_2l_1pool
6706,5.240574013441801,0.6764379795640707,4.457958973944187,shared_2l_1pool
6707,5.251117050647736,0.680362805724144,4.462793003767729,shared_2l_1pool
6708,5.177617073059082,0.670568086206913,4.402029095217586,shared_2l_1pool
6709,6.319297011941671,1.6811080276966095,4.519122885540128,shared_2l_1pool
6710,5.2120620384812355,0.6704151164740324,4.4354170095175505,shared_2l_1pool
6711,5.198576953262091,0.671022105962038,4.423408070579171,shared_2l_1pool
6712,5.1904909778386354,0.6865342147648335,4.400954814627767,shared_2l_1pool
6713,5.179306957870722,0.6819921545684338,4.3926548678427935,shared_2l_1pool
6714,5.191551987081766,0.6759478710591793,4.411292029544711,shared_2l_1pool
6715,5.200612125918269,0.6757250521332026,4.420397104695439,shared_2l_1pool
6716,5.191487958654761,0.6832471117377281,4.403499886393547,shared_2l_1pool
6717,5.189491901546717,0.6877689156681299,4.398278193548322,shared_2l_1pool
6718,5.193831864744425,0.6758491508662701,4.412812879309058,shared_2l_1pool
6719,5.22323208861053,0.6835521198809147,4.432108951732516,shared_2l_1pool
6720,5.223541054874659,0.6772009655833244,4.441241966560483,shared_2l_1pool
6721,5.2292621694505215,0.6756619550287724,4.450981970876455,shared_2l_1pool
6722,5.243152845650911,0.6769539322704077,4.460215102881193,shared_2l_1pool
6723,5.246987100690603,0.6880681030452251,4.449117928743362,shared_2l_1pool
6724,5.224528955295682,0.6621149368584156,4.456907976418734,shared_2l_1pool
6725,6.328315008431673,1.6923339571803808,4.5135288964957,shared_2l_1pool
6726,5.21738501265645,0.6898099090903997,4.422575002536178,shared_2l_1pool
6727,5.2520278841257095,0.7069348357617855,4.438429139554501,shared_2l_1pool
6728,5.220975959673524,0.6847730837762356,4.432291956618428,shared_2l_1pool
6729,5.214858101680875,0.6894259713590145,4.418211989104748,shared_2l_1pool
6730,5.1987438928335905,0.6867819465696812,4.405822139233351,shared_2l_1pool
6731,5.209734896197915,0.6745008286088705,4.4288900680840015,shared_2l_1pool
6732,5.262790946289897,0.6913698744028807,4.465417005121708,shared_2l_1pool
6733,5.226906854659319,0.6612190045416355,4.460453055799007,shared_2l_1pool
6734,5.223299842327833,0.6759390234947205,4.443030105903745,shared_2l_1pool
6735,5.223205080255866,0.6725948769599199,4.446086008101702,shared_2l_1pool
6736,5.245944019407034,0.6736668292433023,4.468267085030675,shared_2l_1pool
6737,5.216815043240786,0.6686588749289513,4.442197969183326,shared_2l_1pool
6738,5.221142899245024,0.6745900027453899,4.442843142896891,shared_2l_1pool
6739,5.244200816377997,0.6816000677645206,4.455854883417487,shared_2l_1pool
6740,5.203793989494443,0.6790480110794306,4.41832491196692,shared_2l_1pool
6741,6.324355024844408,1.6769908834248781,4.529555095359683,shared_2l_1pool
6742,5.228768102824688,0.7032358553260565,4.417979158461094,shared_2l_1pool
6743,5.235552787780762,0.6900541484355927,4.44227596744895,shared_2l_1pool
6744,5.235160002484918,0.6647149566560984,4.4650190975517035,shared_2l_1pool
6745,5.2420401480048895,0.6765818689018488,4.459747113287449,shared_2l_1pool
6746,5.213710013777018,0.6715429481118917,4.4385939836502075,shared_2l_1pool
6747,5.213565193116665,0.6791970226913691,4.429071908816695,shared_2l_1pool
6748,5.252795992419124,0.6971459370106459,4.450789885595441,shared_2l_1pool
6749,5.228661932051182,0.6690039299428463,4.453678149729967,shared_2l_1pool
6750,5.2195158787071705,0.6707760039716959,4.444952122867107,shared_2l_1pool
6751,5.239830119535327,0.6903810426592827,4.444182850420475,shared_2l_1pool
6752,5.23662893101573,0.6735629867762327,4.4579769019037485,shared_2l_1pool
6753,5.197071935981512,0.6697049830108881,4.4245070312172174,shared_2l_1pool
6754,5.1578020211309195,0.6498200818896294,4.402630962431431,shared_2l_1pool
6755,5.224928027018905,0.6700868252664804,4.449267173185945,shared_2l_1pool
6756,5.255158990621567,0.6957331206649542,4.45507001131773,shared_2l_1pool
6757,6.345129106193781,1.702775014564395,4.522484028711915,shared_2l_1pool
6758,5.244124215096235,0.6871859077364206,4.450347973033786,shared_2l_1pool
6759,5.229566944763064,0.6892639212310314,4.434478003531694,shared_2l_1pool
6760,5.194084020331502,0.6925251800566912,4.396250005811453,shared_2l_1pool
6761,5.22633409127593,0.7099660579115152,4.411910893395543,shared_2l_1pool
6762,5.189521005377173,0.6708709988743067,4.414553055539727,shared_2l_1pool
6763,5.166083108633757,0.674335053190589,4.389236913993955,shared_2l_1pool
6764,5.196981830522418,0.6772659253329039,4.4140510726720095,shared_2l_1pool
6765,5.178570980206132,0.6743751000612974,4.402512917295098,shared_2l_1pool
6766,5.198492901399732,0.6753301713615656,4.41882386803627,shared_2l_1pool
6767,5.17469085752964,0.6795891094952822,4.3913559056818485,shared_2l_1pool
6768,5.186758935451508,0.6887740455567837,4.39496198669076,shared_2l_1pool
6769,5.22543303668499,0.6744530983269215,4.445584025233984,shared_2l_1pool
6770,5.181293934583664,0.678317854180932,4.398253979161382,shared_2l_1pool
6771,5.211202893406153,0.6790501065552235,4.426523111760616,shared_2l_1pool
6772,5.177269922569394,0.6756100337952375,4.396063974127173,shared_2l_1pool
6773,6.314223865047097,1.6852500848472118,4.510754952207208,shared_2l_1pool
6774,5.2163731306791306,0.6944630295038223,4.415569826960564,shared_2l_1pool
6775,5.201753927394748,0.674388138577342,4.4183500576764345,shared_2l_1pool
6776,5.186976864933968,0.6675170734524727,4.4147351291030645,shared_2l_1pool
6777,5.181250860914588,0.6742619443684816,4.4029890559613705,shared_2l_1pool
6778,5.223259096965194,0.6843630690127611,4.434231901541352,shared_2l_1pool
6779,5.228297086432576,0.666692852973938,4.455889109522104,shared_2l_1pool
6780,5.19017013721168,0.6846420001238585,4.401161102578044,shared_2l_1pool
6781,5.226557841524482,0.6737189833074808,4.449245054274797,shared_2l_1pool
6782,5.242345156148076,0.6936970166862011,4.442309029400349,shared_2l_1pool
6783,5.247332155704498,0.686833867803216,4.4565030839294195,shared_2l_1pool
6784,5.20612602122128,0.6778999231755733,4.419058095663786,shared_2l_1pool
6785,5.192331969738007,0.6755820941179991,4.411843838170171,shared_2l_1pool
6786,5.1849279552698135,0.6629370618611574,4.417832009494305,shared_2l_1pool
6787,5.2027401980012655,0.6858641281723976,4.412185866385698,shared_2l_1pool
6788,5.193180171772838,0.68901595659554,4.398918012157083,shared_2l_1pool
6789,6.335601909086108,1.6935989260673523,4.524066112935543,shared_2l_1pool
6790,5.263519007712603,0.6828231271356344,4.472788888961077,shared_2l_1pool
6791,5.249970126897097,0.6864129099994898,4.4571650214493275,shared_2l_1pool
6792,5.207377020269632,0.6858769338577986,4.417628049850464,shared_2l_1pool
6793,5.20308711566031,0.6832720246165991,4.415741888806224,shared_2l_1pool
6794,5.25551219470799,0.6823861040174961,4.467929946258664,shared_2l_1pool
6795,5.20542380400002,0.6770719774067402,4.422100028023124,shared_2l_1pool
6796,5.214978940784931,0.6750239990651608,4.4358521699905396,shared_2l_1pool
6797,5.228205118328333,0.6697990465909243,4.45389305241406,shared_2l_1pool
6798,5.205329041928053,0.676651019603014,4.426363855600357,shared_2l_1pool
6799,5.229053786024451,0.6752510089427233,4.448130959644914,shared_2l_1pool
6800,5.217042053118348,0.6829691119492054,4.428425105288625,shared_2l_1pool
6801,5.182764958590269,0.686765881255269,4.389540990814567,shared_2l_1pool
6802,5.192816024646163,0.6726339925080538,4.415373085066676,shared_2l_1pool
6803,5.186222959309816,0.6737629882991314,4.408051958307624,shared_2l_1pool
6804,5.257583921775222,0.7113120518624783,4.441191907972097,shared_2l_1pool
6805,6.33532484062016,1.6701139975339174,4.545276984572411,shared_2l_1pool
6806,5.240866914391518,0.6922350730746984,4.4403220526874065,shared_2l_1pool
6807,5.22577203810215,0.673533882945776,4.448008025065064,shared_2l_1pool
6808,5.205641034990549,0.6865360774099827,4.412506939843297,shared_2l_1pool
6809,5.202057072892785,0.6820859853178263,4.414028022438288,shared_2l_1pool
6810,5.195779027417302,0.6669978611171246,4.420089069753885,shared_2l_1pool
6811,5.208784015849233,0.664619030430913,4.440419841557741,shared_2l_1pool
6812,5.257654003798962,0.6742249242961407,4.481050884351134,shared_2l_1pool
6813,5.253741052001715,0.6860559806227684,4.46294411085546,shared_2l_1pool
6814,5.258748074993491,0.6851349025964737,4.463957156985998,shared_2l_1pool
6815,5.233966978266835,0.6731781177222729,4.456832073628902,shared_2l_1pool
6816,5.225099856033921,0.6968178786337376,4.423551959916949,shared_2l_1pool
6817,5.23793394677341,0.6711350288242102,4.462017910555005,shared_2l_1pool
6818,5.248110042884946,0.6700281519442797,4.468763945624232,shared_2l_1pool
6819,5.2117761224508286,0.6692870520055294,4.438716918230057,shared_2l_1pool
6820,5.212964024394751,0.6739608943462372,4.432721063494682,shared_2l_1pool
6821,6.359505001455545,1.691020792350173,4.546004114672542,shared_2l_1pool
6822,5.243306048214436,0.6949540693312883,4.437119932845235,shared_2l_1pool
6823,5.212770076468587,0.6803588476032019,4.425761057063937,shared_2l_1pool
6824,5.254295887425542,0.7270139176398516,4.421789199113846,shared_2l_1pool
6825,5.238353041931987,0.6946700159460306,4.439419833943248,shared_2l_1pool
6826,5.260956007987261,0.6773180793970823,4.473124863579869,shared_2l_1pool
6827,5.22248400375247,0.6601519417017698,4.456218099221587,shared_2l_1pool
6828,5.255100084468722,0.6841069553047419,4.465981852263212,shared_2l_1pool
6829,5.235476884990931,0.6997790187597275,4.429692169651389,shared_2l_1pool
6830,5.2265620324760675,0.6717140786349773,4.449217114597559,shared_2l_1pool
6831,5.250394809991121,0.6803311407566071,4.465105943381786,shared_2l_1pool
6832,5.225118016824126,0.6675769109278917,4.451086046174169,shared_2l_1pool
6833,5.192189943045378,0.6757189985364676,4.410846857354045,shared_2l_1pool
6834,5.2060880698263645,0.68716611713171,4.414577968418598,shared_2l_1pool
6835,5.2076890133321285,0.6740009412169456,4.4289331417530775,shared_2l_1pool
6836,5.205623107030988,0.6689580623060465,4.432071000337601,shared_2l_1pool
6837,6.332570919767022,1.6791699454188347,4.534899024292827,shared_2l_1pool
6838,5.261593032628298,0.6951999384909868,4.458263982087374,shared_2l_1pool
6839,5.241565173491836,0.6927310023456812,4.443611018359661,shared_2l_1pool
6840,5.2243981044739485,0.6767129525542259,4.4426689855754375,shared_2l_1pool
6841,5.2163670770823956,0.6756021175533533,4.436627961695194,shared_2l_1pool
6842,5.2087511867284775,0.6820149719715118,4.421135177835822,shared_2l_1pool
6843,5.217023892328143,0.682000070810318,4.430111963301897,shared_2l_1pool
6844,5.210063885897398,0.668324064463377,4.436439834535122,shared_2l_1pool
6845,5.175774917006493,0.6751539185643196,4.399360157549381,shared_2l_1pool
6846,5.212616175413132,0.6741259712725878,4.432811168953776,shared_2l_1pool
6847,5.204096902161837,0.6817479152232409,4.420157987624407,shared_2l_1pool
6848,5.203617038205266,0.682065961882472,4.417960997670889,shared_2l_1pool
6849,5.197305930778384,0.6793660577386618,4.414308816194534,shared_2l_1pool
6850,5.2366480231285095,0.6810149643570185,4.453108878806233,shared_2l_1pool
6851,5.204771878197789,0.6855970714241266,4.4162950944155455,shared_2l_1pool
6852,5.212018033489585,0.6910969968885183,4.416319075971842,shared_2l_1pool
6853,6.361681967973709,1.6901011113077402,4.551087040454149,shared_2l_1pool
6854,5.2774029318243265,0.7196010556071997,4.4511479791253805,shared_2l_1pool
6855,5.273110931739211,0.6907959468662739,4.474651999771595,shared_2l_1pool
6856,5.286450032144785,0.6912748795002699,4.489884013310075,shared_2l_1pool
6857,5.241007078438997,0.6881109438836575,4.44574118591845,shared_2l_1pool
6858,5.233893869444728,0.677086878567934,4.452519118785858,shared_2l_1pool
6859,5.255855154246092,0.6805718876421452,4.4656069949269295,shared_2l_1pool
6860,5.280687939375639,0.6817199755460024,4.492258885875344,shared_2l_1pool
6861,5.257753888145089,0.7166699506342411,4.43424005061388,shared_2l_1pool
6862,5.202295957133174,0.6813239306211472,4.417523043230176,shared_2l_1pool
6863,5.233540199697018,0.6934821140021086,4.431634908542037,shared_2l_1pool
6864,5.202586995437741,0.6649498827755451,4.435056122019887,shared_2l_1pool
6865,5.1856420468539,0.6720190867781639,4.409394925460219,shared_2l_1pool
6866,5.202738102525473,0.6876219995319843,4.409807967022061,shared_2l_1pool
6867,5.237292032688856,0.6908189970999956,4.4410089030861855,shared_2l_1pool
6868,5.234559066593647,0.7042100187391043,4.426581086590886,shared_2l_1pool
6869,6.375238066539168,1.71068892814219,4.5461151748895645,shared_2l_1pool
6870,5.265980958938599,0.6961061153560877,4.46399487555027,shared_2l_1pool
6871,5.198573926463723,0.6871980149298906,4.406149964779615,shared_2l_1pool
6872,5.2102000918239355,0.668753869831562,4.436263116076589,shared_2l_1pool
6873,5.201212130486965,0.6815369706600904,4.415926057845354,shared_2l_1pool
6874,5.2031350787729025,0.6785858422517776,4.420839017257094,shared_2l_1pool
6875,5.189102841541171,0.6750519387423992,4.408737178891897,shared_2l_1pool
6876,5.239604040980339,0.6968989036977291,4.432154120877385,shared_2l_1pool
6877,5.244848085567355,0.6767159793525934,4.462996032088995,shared_2l_1pool
6878,5.253465846180916,0.6833039224147797,4.466593964025378,shared_2l_1pool
6879,5.257412092760205,0.6856981199234724,4.4659830164164305,shared_2l_1pool
6880,5.229799076914787,0.6882669404149055,4.433271940797567,shared_2l_1pool
6881,5.211917916312814,0.6862899754196405,4.422320984303951,shared_2l_1pool
6882,5.194851895794272,0.6881419103592634,4.402132006362081,shared_2l_1pool
6883,5.20091992802918,0.6783090066164732,4.417279968038201,shared_2l_1pool
6884,5.202663131058216,0.6725250277668238,4.426028113812208,shared_2l_1pool
6885,6.444248836487532,1.6908850520849228,4.632612923160195,shared_2l_1pool
6886,5.341154057532549,0.6856168620288372,4.5471100602298975,shared_2l_1pool
6887,5.345203913748264,0.6880948785692453,4.548485158011317,shared_2l_1pool
6888,5.3426038939505816,0.6855321116745472,4.550199024379253,shared_2l_1pool
6889,5.3181329276412725,0.6923449691385031,4.519436974078417,shared_2l_1pool
6890,5.301523022353649,0.6798789836466312,4.511179169639945,shared_2l_1pool
6891,5.284654907882214,0.6773609202355146,4.501293180510402,shared_2l_1pool
6892,5.335114896297455,0.6959920283406973,4.532370017841458,shared_2l_1pool
6893,5.29005192220211,0.6946548819541931,4.488955019041896,shared_2l_1pool
6894,5.304089048877358,0.6908650975674391,4.508511861786246,shared_2l_1pool
6895,5.294790957123041,0.6680891383439302,4.520790884271264,shared_2l_1pool
6896,5.325203062966466,0.6932069081813097,4.527900135144591,shared_2l_1pool
6897,5.360866896808147,0.6842308212071657,4.570469027385116,shared_2l_1pool
6898,5.327185150235891,0.6716421339660883,4.5484809670597315,shared_2l_1pool
6899,5.296547897160053,0.6886550690978765,4.502445925027132,shared_2l_1pool
6900,5.3018201142549515,0.6933871190994978,4.502367926761508,shared_2l_1pool
6901,6.370984949171543,1.696649007499218,4.556969972327352,shared_2l_1pool
6902,5.300888093188405,0.7050919812172651,4.487538011744618,shared_2l_1pool
6903,5.286930128931999,0.6934469565749168,4.48909611441195,shared_2l_1pool
6904,5.284975981339812,0.6862059235572815,4.491574130952358,shared_2l_1pool
6905,5.253595998510718,0.6889400538057089,4.458653973415494,shared_2l_1pool
6906,5.226476117968559,0.6797011010348797,4.441472934558988,shared_2l_1pool
6907,5.277283955365419,0.7224429864436388,4.450595937669277,shared_2l_1pool
6908,5.263892002403736,0.6751399487257004,4.481405019760132,shared_2l_1pool
6909,5.227385088801384,0.6919978186488152,4.430783214047551,shared_2l_1pool
6910,5.23512507788837,0.6861069705337286,4.445787984877825,shared_2l_1pool
6911,5.251927068457007,0.6869249045848846,4.459985066205263,shared_2l_1pool
6912,5.195501027628779,0.6543160416185856,4.43509197793901,shared_2l_1pool
6913,5.227986956015229,0.6819008849561214,4.442444071173668,shared_2l_1pool
6914,5.2410929929465055,0.6892119999974966,4.4473211746662855,shared_2l_1pool
6915,5.25225792080164,0.6746470462530851,4.471849882975221,shared_2l_1pool
6916,5.228219088166952,0.686215003952384,4.437041003257036,shared_2l_1pool
6917,6.4352708868682384,1.70578109100461,4.6100139152258635,shared_2l_1pool
6918,5.3173028863966465,0.6953091360628605,4.515927052125335,shared_2l_1pool
6919,5.334720015525818,0.6837581750005484,4.544854862615466,shared_2l_1pool
6920,5.324644967913628,0.687937019392848,4.5311718713492155,shared_2l_1pool
6921,5.3277339320629835,0.6886811461299658,4.533669911324978,shared_2l_1pool
6922,5.333679029718041,0.6911430973559618,4.537378903478384,shared_2l_1pool
6923,5.304972175508738,0.7051208522170782,4.4956260826438665,shared_2l_1pool
6924,5.333262961357832,0.6935908459126949,4.535376094281673,shared_2l_1pool
6925,5.299496930092573,0.6821728311479092,4.509777063503861,shared_2l_1pool
6926,5.322468001395464,0.691035995259881,4.5249981340020895,shared_2l_1pool
6927,5.316570866852999,0.6908951327204704,4.5216449070721865,shared_2l_1pool
6928,5.2972671110183,0.682012876495719,4.511296050623059,shared_2l_1pool
6929,5.266450112685561,0.6805930752307177,4.482610849663615,shared_2l_1pool
6930,5.280798999592662,0.6874799728393555,4.485142882913351,shared_2l_1pool
6931,5.286189028993249,0.6712658796459436,4.508272046223283,shared_2l_1pool
6932,5.285763880237937,0.6769469473510981,4.502451047301292,shared_2l_1pool
6933,6.434265989810228,1.7003989778459072,4.611265147104859,shared_2l_1pool
6934,5.342035787180066,0.7024998776614666,4.534604027867317,shared_2l_1pool
6935,5.333645036444068,0.7029341068118811,4.5240100007504225,shared_2l_1pool
6936,5.331336986273527,0.6908699870109558,4.5331609435379505,shared_2l_1pool
6937,5.28410985134542,0.6800580304116011,4.497380927205086,shared_2l_1pool
6938,5.264585139229894,0.6900639273226261,4.469332052394748,shared_2l_1pool
6939,5.271072033792734,0.6942758336663246,4.4727621134370565,shared_2l_1pool
6940,5.268310196697712,0.6850650534033775,4.476452944800258,shared_2l_1pool
6941,5.295970942825079,0.6882478483021259,4.5025821309536695,shared_2l_1pool
6942,5.273560993373394,0.6895428523421288,4.478557966649532,shared_2l_1pool
6943,5.298329051584005,0.6891200318932533,4.502325085923076,shared_2l_1pool
6944,5.374233005568385,0.7250888738781214,4.543559160083532,shared_2l_1pool
6945,5.311392014846206,0.7024919614195824,4.501652205362916,shared_2l_1pool
6946,5.262654973194003,0.6815479137003422,4.472050117328763,shared_2l_1pool
6947,5.259909899905324,0.6829169578850269,4.47559985332191,shared_2l_1pool
6948,5.308653926476836,0.6812219507992268,4.524140153080225,shared_2l_1pool
6949,6.644860142841935,1.9185109995305538,4.605758935213089,shared_2l_1pool
6950,5.318464012816548,0.6933300755918026,4.519614856690168,shared_2l_1pool
6951,5.315928952768445,0.7022640202194452,4.508346086367965,shared_2l_1pool
6952,5.285691004246473,0.6894711405038834,4.490443039685488,shared_2l_1pool
6953,5.265707150101662,0.6830939091742039,4.477733047679067,shared_2l_1pool
6954,5.270709050819278,0.6711760070174932,4.49400907382369,shared_2l_1pool
6955,5.29578304849565,0.6950378883630037,4.494901048019528,shared_2l_1pool
6956,5.277207819744945,0.6789551116526127,4.495353903621435,shared_2l_1pool
6957,5.26777096092701,0.6734011694788933,4.489390878006816,shared_2l_1pool
6958,5.2715749479830265,0.6916818674653769,4.476198926568031,shared_2l_1pool
6959,5.279720993712544,0.6677468772977591,4.507492063567042,shared_2l_1pool
6960,5.248839966952801,0.6795518565922976,4.465633071959019,shared_2l_1pool
6961,5.258705001324415,0.6754021160304546,4.477231064811349,shared_2l_1pool
6962,5.269383080303669,0.6995401345193386,4.465157864615321,shared_2l_1pool
6963,5.2710059098899364,0.6778750102967024,4.487998783588409,shared_2l_1pool
6964,5.294310860335827,0.7134759798645973,4.47573815472424,shared_2l_1pool
6965,6.4373069908469915,1.726487884297967,4.592087119817734,shared_2l_1pool
6966,5.305683007463813,0.6985310465097427,4.4968638103455305,shared_2l_1pool
6967,5.314562004059553,0.6879949942231178,4.520613932982087,shared_2l_1pool
6968,5.322004901245236,0.7018100004643202,4.515618085861206,shared_2l_1pool
6969,5.29330805875361,0.6874650716781616,4.502135794609785,shared_2l_1pool
6970,5.322708981111646,0.6843260489404202,4.530416103079915,shared_2l_1pool
6971,5.346145946532488,0.694936839863658,4.545570118352771,shared_2l_1pool
6972,5.279124015942216,0.6817779503762722,4.493559943512082,shared_2l_1pool
6973,5.297230090945959,0.7250211201608181,4.467886872589588,shared_2l_1pool
6974,5.292247049510479,0.692170113325119,4.495661938562989,shared_2l_1pool
6975,5.333421053364873,0.6963019259274006,4.532473161816597,shared_2l_1pool
6976,5.368618993088603,0.719298142939806,4.543435992673039,shared_2l_1pool
6977,5.31095708720386,0.6794279906898737,4.527091048657894,shared_2l_1pool
6978,5.334198009222746,0.6975329015403986,4.532909020781517,shared_2l_1pool
6979,5.31526212580502,0.674478942528367,4.5359882060438395,shared_2l_1pool
6980,5.3202020935714245,0.6851109210401773,4.529351135715842,shared_2l_1pool
6981,6.414138013496995,1.6906599048525095,4.603474168106914,shared_2l_1pool
6982,5.351386032998562,0.7047040853649378,4.539720015600324,shared_2l_1pool
6983,5.353156942874193,0.7067329715937376,4.542025970295072,shared_2l_1pool
6984,5.334164947271347,0.6853309459984303,4.546168027445674,shared_2l_1pool
6985,5.277991062030196,0.6929149385541677,4.48050512932241,shared_2l_1pool
6986,5.264544859528542,0.6849369965493679,4.473394947126508,shared_2l_1pool
6987,5.289517808705568,0.6877458654344082,4.494925029575825,shared_2l_1pool
6988,5.3078969940543175,0.683995895087719,4.519064910709858,shared_2l_1pool
6989,5.27880503796041,0.6898250430822372,4.482771968469024,shared_2l_1pool
6990,5.278852069750428,0.6844459567219019,4.48637711815536,shared_2l_1pool
6991,5.30138798058033,0.6914720870554447,4.505567951127887,shared_2l_1pool
6992,5.319081014022231,0.6834249943494797,4.530822858214378,shared_2l_1pool
6993,5.309758009389043,0.6876871921122074,4.511008970439434,shared_2l_1pool
6994,5.258355988189578,0.6814778316766024,4.47241822257638,shared_2l_1pool
6995,5.327670136466622,0.6857248954474926,4.536851076409221,shared_2l_1pool
6996,5.337130045518279,0.6995699368417263,4.533442901447415,shared_2l_1pool
6997,6.398495053872466,1.695812214165926,4.582632798701525,shared_2l_1pool
6998,5.265172803774476,0.6952700205147266,4.4633508659899235,shared_2l_1pool
6999,5.272062961012125,0.6976870354264975,4.469475941732526,shared_2l_1pool
7000,5.2918121218681335,0.6936641875654459,4.492708016186953,shared_2l_1pool
7001,5.3206090815365314,0.6973538547754288,4.518336150795221,shared_2l_1pool
7002,5.300933960825205,0.6976020522415638,4.4990109745413065,shared_2l_1pool
7003,5.307022016495466,0.6938478909432888,4.509310005232692,shared_2l_1pool
7004,5.259839817881584,0.683576101437211,4.470768850296736,shared_2l_1pool
7005,5.287621868774295,0.6947671063244343,4.488665843382478,shared_2l_1pool
7006,5.2447509951889515,0.6878210697323084,4.450621083378792,shared_2l_1pool
7007,5.274486029520631,0.6799630355089903,4.490892868489027,shared_2l_1pool
7008,5.29129384085536,0.6804368458688259,4.5016370713710785,shared_2l_1pool
7009,5.296888994053006,0.7081639487296343,4.484381061047316,shared_2l_1pool
7010,5.253720097243786,0.6872131489217281,4.461013013496995,shared_2l_1pool
7011,5.291092908009887,0.683109974488616,4.502804018557072,shared_2l_1pool
7012,5.296406103298068,0.6886119954288006,4.503377014771104,shared_2l_1pool
7013,6.399428006261587,1.6922370996326208,4.588954849168658,shared_2l_1pool
7014,5.308883031830192,0.7053720764815807,4.497704096138477,shared_2l_1pool
7015,5.253629060462117,0.67714205943048,4.472192842513323,shared_2l_1pool
7016,5.2609508857131,0.7055001333355904,4.450651817023754,shared_2l_1pool
7017,5.260549020022154,0.6923179607838392,4.463426070287824,shared_2l_1pool
7018,5.246238084509969,0.6782710552215576,4.463877994567156,shared_2l_1pool
7019,5.263356026262045,0.7011410780251026,4.456589929759502,shared_2l_1pool
7020,5.276940995827317,0.6911470554769039,4.475605906918645,shared_2l_1pool
7021,5.270734895020723,0.6945591885596514,4.469012841582298,shared_2l_1pool
7022,5.312273977324367,0.6939568556845188,4.512954968959093,shared_2l_1pool
7023,5.30138099566102,0.6943508051335812,4.500649170950055,shared_2l_1pool
7024,5.300707183778286,0.6998369935899973,4.496799083426595,shared_2l_1pool
7025,5.268645938485861,0.6835840176790953,4.480558913201094,shared_2l_1pool
7026,5.3169571328908205,0.7040051277726889,4.5068589970469475,shared_2l_1pool
7027,5.249392008408904,0.6840410642325878,4.45986189879477,shared_2l_1pool
7028,5.243568914011121,0.6804349832236767,4.458982031792402,shared_2l_1pool
7029,6.418255157768726,1.7156710382550955,4.584162030369043,shared_2l_1pool
7030,5.326119950041175,0.7047888357192278,4.511757055297494,shared_2l_1pool
7031,5.317203002050519,0.6974500138312578,4.514592932537198,shared_2l_1pool
7032,5.289740860462189,0.6833358202129602,4.499885020777583,shared_2l_1pool
7033,5.317986942827702,0.7042388897389174,4.5093020889908075,shared_2l_1pool
7034,5.3264128509908915,0.6931659299880266,4.527897108346224,shared_2l_1pool
7035,5.2943609189242125,0.7041471544653177,4.487660946324468,shared_2l_1pool
7036,5.2509771194309,0.6779059767723083,4.4682680163532495,shared_2l_1pool
7037,5.303730024024844,0.6827970501035452,4.517968976870179,shared_2l_1pool
7038,5.26670110411942,0.6709708832204342,4.4904970563948154,shared_2l_1pool
7039,5.255853990092874,0.6809330079704523,4.470317158848047,shared_2l_1pool
7040,5.2963742054998875,0.7209097966551781,4.466313170269132,shared_2l_1pool
7041,5.256874021142721,0.6781229749321938,4.476038971915841,shared_2l_1pool
7042,5.311167100444436,0.6787208840250969,4.527474055066705,shared_2l_1pool
7043,5.297478986904025,0.7083930540829897,4.484866047278047,shared_2l_1pool
7044,5.260842852294445,0.6768160965293646,4.478449933230877,shared_2l_1pool
7045,6.414345931261778,1.6985281836241484,4.59476700052619,shared_2l_1pool
7046,5.316630005836487,0.708854990079999,4.499445902183652,shared_2l_1pool
7047,5.357088055461645,0.7070070132613182,4.543958930298686,shared_2l_1pool
7048,5.334289046004415,0.7027839310467243,4.525515018031001,shared_2l_1pool
7049,5.310665816068649,0.6997359450906515,4.503895062953234,shared_2l_1pool
7050,5.320589989423752,0.6932641845196486,4.520941991358995,shared_2l_1pool
7051,5.328871076926589,0.6935559213161469,4.53017302788794,shared_2l_1pool
7052,5.320204887539148,0.6906040944159031,4.524758784100413,shared_2l_1pool
7053,5.315879825502634,0.6730130407959223,4.531319951638579,shared_2l_1pool
7054,5.291956942528486,0.6937331054359674,4.493800923228264,shared_2l_1pool
7055,5.311606917530298,0.691132852807641,4.515642998740077,shared_2l_1pool
7056,5.302004981786013,0.6842650473117828,4.513750085607171,shared_2l_1pool
7057,5.290901055559516,0.6829970516264439,4.504054086282849,shared_2l_1pool
7058,5.263261031359434,0.6845521274954081,4.475059919059277,shared_2l_1pool
7059,5.303752841427922,0.6928318180143833,4.506546072661877,shared_2l_1pool
7060,5.301923956722021,0.6929310038685799,4.503983072936535,shared_2l_1pool
7061,6.417326163500547,1.6934650484472513,4.604301881045103,shared_2l_1pool
7062,5.372983869165182,0.7152771577239037,4.549328936263919,shared_2l_1pool
7063,5.3461710922420025,0.6948758382350206,4.545578034594655,shared_2l_1pool
7064,5.335476016625762,0.6955110002309084,4.5352529268711805,shared_2l_1pool
7065,5.3439640905708075,0.7210848852992058,4.519932204857469,shared_2l_1pool
7066,5.302216159179807,0.6896201521158218,4.5058338437229395,shared_2l_1pool
7067,5.278951022773981,0.6942308973520994,4.480788018554449,shared_2l_1pool
7068,5.311791086569428,0.6901652086526155,4.515817854553461,shared_2l_1pool
7069,5.29935397207737,0.6796708330512047,4.517088178545237,shared_2l_1pool
7070,5.290081957355142,0.6799090187996626,4.505440127104521,shared_2l_1pool
7071,5.33545995131135,0.6948919035494328,4.533796105533838,shared_2l_1pool
7072,5.321979057043791,0.6679969374090433,4.5470918994396925,shared_2l_1pool
7073,5.301542114466429,0.6762661505490541,4.520621849223971,shared_2l_1pool
7074,5.283741047605872,0.6998749449849129,4.477877169847488,shared_2l_1pool
7075,5.2920079324394464,0.6838960107415915,4.502663156017661,shared_2l_1pool
7076,5.311454180628061,0.7013021968305111,4.503936972469091,shared_2l_1pool
7077,6.415348034352064,1.6969789285212755,4.595606122165918,shared_2l_1pool
7078,5.312832072377205,0.7045490201562643,4.50160400941968,shared_2l_1pool
7079,5.301475990563631,0.7052549626678228,4.487384110689163,shared_2l_1pool
7080,5.306437145918608,0.6935950368642807,4.502835916355252,shared_2l_1pool
7081,5.384732037782669,0.7282919250428677,4.550253041088581,shared_2l_1pool
7082,5.35006495192647,0.6948208902031183,4.548568045720458,shared_2l_1pool
7083,5.280362907797098,0.6830769125372171,4.486324964091182,shared_2l_1pool
7084,5.316033959388733,0.6880161818116903,4.524281015619636,shared_2l_1pool
7085,5.338442977517843,0.6936041172593832,4.539106972515583,shared_2l_1pool
7086,5.300810094922781,0.7026968523859978,4.495074972510338,shared_2l_1pool
7087,5.2936801221221685,0.7002030033618212,4.489433951675892,shared_2l_1pool
7088,5.310306791216135,0.6976218428462744,4.507796140387654,shared_2l_1pool
7089,5.290661938488483,0.6962129846215248,4.488022066652775,shared_2l_1pool
7090,5.344033939763904,0.7285340689122677,4.509330959990621,shared_2l_1pool
7091,5.260217003524303,0.6836568936705589,4.471257096156478,shared_2l_1pool
7092,5.279058124870062,0.6903710309416056,4.48792683891952,shared_2l_1pool
7093,6.454074988141656,1.7085480503737926,4.625397035852075,shared_2l_1pool
7094,5.354434018954635,0.7114731706678867,4.53624501824379,shared_2l_1pool
7095,5.366828991100192,0.7129460573196411,4.550053970888257,shared_2l_1pool
7096,5.32391807064414,0.6867870688438416,4.5317658223211765,shared_2l_1pool
7097,5.316152004525065,0.6964411586523056,4.514419008046389,shared_2l_1pool
7098,5.323546938598156,0.702517107129097,4.514354979619384,shared_2l_1pool
7099,5.3127731662243605,0.692490953952074,4.516460932791233,shared_2l_1pool
7100,5.284892162308097,0.6944939959794283,4.488446982577443,shared_2l_1pool
7101,5.291772074997425,0.7008840329945087,4.484507022425532,shared_2l_1pool
7102,5.307100946083665,0.6912471726536751,4.508960992097855,shared_2l_1pool
7103,5.336825968697667,0.7036977913230658,4.528028191998601,shared_2l_1pool
7104,5.3180658724159,0.701274024322629,4.511490929871798,shared_2l_1pool
7105,5.317425122484565,0.6932748947292566,4.519711947068572,shared_2l_1pool
7106,5.3111768793314695,0.6828699260950089,4.524108953773975,shared_2l_1pool
7107,5.316202063113451,0.6949510425329208,4.517894936725497,shared_2l_1pool
7108,5.320484051480889,0.6989222019910812,4.515328910201788,shared_2l_1pool
7109,6.403285078704357,1.692499965429306,4.591173026710749,shared_2l_1pool
7110,5.319550866261125,0.7177791558206081,4.494635853916407,shared_2l_1pool
7111,5.340495845302939,0.7182289846241474,4.516137996688485,shared_2l_1pool
7112,5.32486685551703,0.715319998562336,4.503064090386033,shared_2l_1pool
7113,5.299784941598773,0.7007289677858353,4.495074972510338,shared_2l_1pool
7114,5.282104946672916,0.695663969963789,4.481862066313624,shared_2l_1pool
7115,5.303737940266728,0.6979831960052252,4.500199807807803,shared_2l_1pool
7116,5.297172116115689,0.700090080499649,4.493355983868241,shared_2l_1pool
7117,5.292000947520137,0.693202018737793,4.495216067880392,shared_2l_1pool
7118,5.3309539798647165,0.6892818491905928,4.535788204520941,shared_2l_1pool
7119,5.285224178805947,0.6859400309622288,4.494217922911048,shared_2l_1pool
7120,5.292785121127963,0.6882308516651392,4.496188135817647,shared_2l_1pool
7121,5.288588115945458,0.6940620951354504,4.489261889830232,shared_2l_1pool
7122,5.29449013993144,0.6869039498269558,4.502397961914539,shared_2l_1pool
7123,5.3427990060299635,0.7037969771772623,4.528963007032871,shared_2l_1pool
7124,5.328935105353594,0.6874408572912216,4.537678090855479,shared_2l_1pool
7125,6.436218041926622,1.722229178994894,4.595714854076505,shared_2l_1pool
7126,5.3523990791291,0.7127290591597557,4.534437088295817,shared_2l_1pool
7127,5.343347089365125,0.7085159886628389,4.52932994812727,shared_2l_1pool
7128,5.344816949218512,0.7152650505304337,4.5231839176267385,shared_2l_1pool
7129,5.308199906721711,0.7132170721888542,4.487813916057348,shared_2l_1pool
7130,5.333068082109094,0.6971240509301424,4.532171878963709,shared_2l_1pool
7131,5.298822186887264,0.6834149826318026,4.511747043579817,shared_2l_1pool
7132,5.338788963854313,0.6952919065952301,4.537750966846943,shared_2l_1pool
7133,5.340553820133209,0.6911400705575943,4.542923998087645,shared_2l_1pool
7134,5.316063994541764,0.7039769552648067,4.506544908508658,shared_2l_1pool
7135,5.297891097143292,0.7065171375870705,4.487097961828113,shared_2l_1pool
7136,5.293710855767131,0.6903328467160463,4.496873123571277,shared_2l_1pool
7137,5.276171024888754,0.6962521001696587,4.4762929901480675,shared_2l_1pool
7138,5.275384988635778,0.6940378807485104,4.477162146940827,shared_2l_1pool
7139,5.285327089950442,0.6943040061742067,4.485758021473885,shared_2l_1pool
7140,5.355730885639787,0.699247932061553,4.552341997623444,shared_2l_1pool
7141,6.497298134490848,1.7056441865861416,4.6715999487787485,shared_2l_1pool
7142,5.4169949144124985,0.7003669161349535,4.608533112332225,shared_2l_1pool
7143,5.375722190365195,0.7006770465523005,4.569500917568803,shared_2l_1pool
7144,5.366173107177019,0.6848021876066923,4.575372906401753,shared_2l_1pool
7145,5.408287979662418,0.6984539795666933,4.604771034792066,shared_2l_1pool
7146,5.360032897442579,0.6922930479049683,4.562024958431721,shared_2l_1pool
7147,5.385110154747963,0.6885640323162079,4.5917220413684845,shared_2l_1pool
7148,5.3706360049545765,0.6836000829935074,4.5829350128769875,shared_2l_1pool
7149,5.416790023446083,0.7006190717220306,4.610823933035135,shared_2l_1pool
7150,5.3938759956508875,0.7223580032587051,4.56623500213027,shared_2l_1pool
7151,5.388163961470127,0.7036980241537094,4.574424121528864,shared_2l_1pool
7152,5.382583010941744,0.69602788425982,4.583503119647503,shared_2l_1pool
7153,5.404705880209804,0.6851749494671822,4.616047954186797,shared_2l_1pool
7154,5.3859620820730925,0.6871309597045183,4.594638012349606,shared_2l_1pool
7155,5.410555982962251,0.6787669844925404,4.626978188753128,shared_2l_1pool
7156,5.361014977097511,0.690296059474349,4.563824040815234,shared_2l_1pool
7157,6.44598389044404,1.7000429797917604,4.628848982974887,shared_2l_1pool
7158,5.388268968090415,0.7149740122258663,4.567210795357823,shared_2l_1pool
7159,5.397906061261892,0.711814034730196,4.580233944579959,shared_2l_1pool
7160,5.352653097361326,0.6931750103831291,4.553528968244791,shared_2l_1pool
7161,5.374361993744969,0.7031629793345928,4.561251029372215,shared_2l_1pool
7162,5.313643021509051,0.6886369083076715,4.5217780862003565,shared_2l_1pool
7163,5.32588898204267,0.6993229035288095,4.522931994870305,shared_2l_1pool
7164,5.327174905687571,0.7072610314935446,4.513983149081469,shared_2l_1pool
7165,5.343161057680845,0.7281901780515909,4.510910948738456,shared_2l_1pool
7166,5.386624019593,0.7050489075481892,4.577778046950698,shared_2l_1pool
7167,5.359074100852013,0.6827390752732754,4.574032966047525,shared_2l_1pool
7168,5.35341096110642,0.6857980042695999,4.563783062621951,shared_2l_1pool
7169,5.32478210516274,0.6924332119524479,4.528048913925886,shared_2l_1pool
7170,5.379428854212165,0.7049578707665205,4.5681120827794075,shared_2l_1pool
7171,5.374053958803415,0.6973501294851303,4.572565900161862,shared_2l_1pool
7172,5.3978729993104935,0.7083180826157331,4.578891908749938,shared_2l_1pool
7173,6.501988973468542,1.725256210193038,4.65620681643486,shared_2l_1pool
7174,5.419198889285326,0.7047010585665703,4.6068900264799595,shared_2l_1pool
7175,5.490775918588042,0.7557000499218702,4.628889029845595,shared_2l_1pool
7176,5.42383105494082,0.7012328132987022,4.619198152795434,shared_2l_1pool
7177,5.406087962910533,0.7070731371641159,4.593187011778355,shared_2l_1pool
7178,5.390529055148363,0.6785709410905838,4.606317961588502,shared_2l_1pool
7179,5.409863078966737,0.7067911792546511,4.5983558520674706,shared_2l_1pool
7180,5.402714014053345,0.6783588323742151,4.618257051333785,shared_2l_1pool
7181,5.375452106818557,0.6894769612699747,4.58146701566875,shared_2l_1pool
7182,5.426911870017648,0.6881840527057648,4.633696051314473,shared_2l_1pool
7183,5.386339034885168,0.7059809286147356,4.5744499657303095,shared_2l_1pool
7184,5.392206134274602,0.7078149355947971,4.57980390638113,shared_2l_1pool
7185,5.386775825172663,0.6905591581016779,4.592262906953692,shared_2l_1pool
7186,5.409375997260213,0.7106589619070292,4.594767931848764,shared_2l_1pool
7187,5.383641924709082,0.6997650489211082,4.578634863719344,shared_2l_1pool
7188,5.362612195312977,0.6982199847698212,4.559856140986085,shared_2l_1pool
7189,6.512760883197188,1.7144959419965744,4.680051933974028,shared_2l_1pool
7190,5.3858759347349405,0.7106750272214413,4.5704899821430445,shared_2l_1pool
7191,5.371985957026482,0.702844001352787,4.565270850434899,shared_2l_1pool
7192,5.354523193091154,0.6912369281053543,4.556262865662575,shared_2l_1pool
7193,5.386534845456481,0.7071180734783411,4.572564037516713,shared_2l_1pool
7194,5.406530108302832,0.7022910285741091,4.596923943608999,shared_2l_1pool
7195,5.368389887735248,0.6936488207429647,4.571347031742334,shared_2l_1pool
7196,5.397942150011659,0.6874590180814266,4.60564810782671,shared_2l_1pool
7197,5.400621797889471,0.6997159216552973,4.597956081852317,shared_2l_1pool
7198,5.41346613317728,0.7036889437586069,4.604696994647384,shared_2l_1pool
7199,5.37631381303072,0.7037811446934938,4.569653887301683,shared_2l_1pool
7200,5.394019884988666,0.702346907928586,4.586095921695232,shared_2l_1pool
7201,5.368703044950962,0.699872151017189,4.564628936350346,shared_2l_1pool
7202,5.358561873435974,0.6992861162871122,4.554155981168151,shared_2l_1pool
7203,5.371153121814132,0.7008288521319628,4.566580057144165,shared_2l_1pool
7204,5.384041927754879,0.7105888798832893,4.568396136164665,shared_2l_1pool
7205,6.494199158623815,1.6924559604376554,4.679540172219276,shared_2l_1pool
7206,5.442387890070677,0.7156610954552889,4.619342042133212,shared_2l_1pool
7207,5.382771138101816,0.7097471971064806,4.554305924102664,shared_2l_1pool
7208,5.364303942769766,0.6993520073592663,4.558247979730368,shared_2l_1pool
7209,5.3716059774160385,0.7049569394439459,4.561362089589238,shared_2l_1pool
7210,5.366211989894509,0.6985880900174379,4.5613988768309355,shared_2l_1pool
7211,5.389343947172165,0.7244539447128773,4.558112006634474,shared_2l_1pool
7212,5.372914019972086,0.7064349483698606,4.5605499763041735,shared_2l_1pool
7213,5.368005018681288,0.6888059433549643,4.572713980451226,shared_2l_1pool
7214,5.403599934652448,0.6998458411544561,4.594080150127411,shared_2l_1pool
7215,5.326265934854746,0.6732000038027763,4.546844866126776,shared_2l_1pool
7216,5.346210207790136,0.7082200609147549,4.5338699128478765,shared_2l_1pool
7217,5.354770924896002,0.686662970110774,4.559546010568738,shared_2l_1pool
7218,5.369061836972833,0.6932229734957218,4.569471115246415,shared_2l_1pool
7219,5.368183832615614,0.7161269895732403,4.5457330998033285,shared_2l_1pool
7220,5.377633962780237,0.6960320752114058,4.577914951369166,shared_2l_1pool
7221,6.52547599747777,1.7448519356548786,4.661859944462776,shared_2l_1pool
7222,5.4469238966703415,0.710238004103303,4.627936985343695,shared_2l_1pool
7223,5.415061023086309,0.7046849932521582,4.605614114552736,shared_2l_1pool
7224,5.364761920645833,0.7003589998930693,4.556606989353895,shared_2l_1pool
7225,5.416464991867542,0.7080640643835068,4.60245693102479,shared_2l_1pool
7226,5.3974229376763105,0.6970809772610664,4.596301820129156,shared_2l_1pool
7227,5.428931908681989,0.7064938545227051,4.619192099198699,shared_2l_1pool
7228,5.358170019462705,0.6833660881966352,4.568783100694418,shared_2l_1pool
7229,5.375050939619541,0.6995480507612228,4.56764386035502,shared_2l_1pool
7230,5.358170019462705,0.6954320706427097,4.55722794868052,shared_2l_1pool
7231,5.358366062864661,0.6920089945197105,4.562047077342868,shared_2l_1pool
7232,5.359930917620659,0.6852729711681604,4.570803139358759,shared_2l_1pool
7233,5.4229500237852335,0.6942488253116608,4.623196087777615,shared_2l_1pool
7234,5.37677388638258,0.6932520773261786,4.57613286562264,shared_2l_1pool
7235,5.406513810157776,0.7370440289378166,4.5653770212084055,shared_2l_1pool
7236,5.382107105106115,0.7177910301834345,4.55898093059659,shared_2l_1pool
7237,6.472744047641754,1.6972150187939405,4.655047785490751,shared_2l_1pool
7238,5.394716048613191,0.7078270427882671,4.581714048981667,shared_2l_1pool
7239,5.385460099205375,0.7094440516084433,4.566150950267911,shared_2l_1pool
7240,5.416111089289188,0.6995019502937794,4.613279132172465,shared_2l_1pool
7241,5.395347019657493,0.702638877555728,4.586742026731372,shared_2l_1pool
7242,5.388494115322828,0.6870189681649208,4.597224062308669,shared_2l_1pool
7243,5.407216027379036,0.702564837411046,4.59963409230113,shared_2l_1pool
7244,5.384796066209674,0.6952779367566109,4.5815762132406235,shared_2l_1pool
7245,5.46513800509274,0.7000050973147154,4.549482837319374,shared_2l_1pool
7246,5.3914920426905155,0.7329951040446758,4.543412011116743,shared_2l_1pool
7247,5.374600877985358,0.7090650033205748,4.559413995593786,shared_2l_1pool
7248,5.3595080971717834,0.7083308883011341,4.546167096123099,shared_2l_1pool
7249,5.344334989786148,0.7042801007628441,4.530014935880899,shared_2l_1pool
7250,5.386444041505456,0.7066321559250355,4.575200844556093,shared_2l_1pool
7251,5.366126075387001,0.6981291808187962,4.561509005725384,shared_2l_1pool
7252,5.3660389967262745,0.7006439846009016,4.558240063488483,shared_2l_1pool
7253,6.524088094010949,1.7264671623706818,4.677899880334735,shared_2l_1pool
7254,5.3846570663154125,0.7270779460668564,4.545907024294138,shared_2l_1pool
7255,5.3800479508936405,0.7049040868878365,4.570011980831623,shared_2l_1pool
7256,5.372375017032027,0.7003010250627995,4.567178897559643,shared_2l_1pool
7257,5.364593118429184,0.7043769583106041,4.557710140943527,shared_2l_1pool
7258,5.358655005693436,0.6924399640411139,4.563807975500822,shared_2l_1pool
7259,5.346638150513172,0.7009080145508051,4.544327035546303,shared_2l_1pool
7260,5.412726895883679,0.6937920115888119,4.614278906956315,shared_2l_1pool
7261,5.392633145675063,0.7229780312627554,4.566261079162359,shared_2l_1pool
7262,5.396649008616805,0.7084240205585957,4.582862835377455,shared_2l_1pool
7263,5.398561013862491,0.6953619886189699,4.598325118422508,shared_2l_1pool
7264,5.384449847042561,0.7056070026010275,4.576334031298757,shared_2l_1pool
7265,5.412701983004808,0.7029920816421509,4.6057680156081915,shared_2l_1pool
7266,5.355059867724776,0.6804941222071648,4.567601950839162,shared_2l_1pool
7267,5.378969945013523,0.7118720095604658,4.561278969049454,shared_2l_1pool
7268,5.422340938821435,0.6909521762281656,4.624894820153713,shared_2l_1pool
7269,6.460183998569846,1.708761090412736,4.634093958884478,shared_2l_1pool
7270,5.40616107173264,0.7180140819400549,4.583779023960233,shared_2l_1pool
7271,5.383949028328061,0.6996791344136,4.578811815008521,shared_2l_1pool
7272,5.346406949684024,0.70140790194273,4.541587084531784,shared_2l_1pool
7273,5.373317049816251,0.6825649179518223,4.585555987432599,shared_2l_1pool
7274,5.3451701533049345,0.699586933478713,4.5399111695587635,shared_2l_1pool
7275,5.343931028619409,0.6966569926589727,4.541336093097925,shared_2l_1pool
7276,5.390977021306753,0.7050239946693182,4.579579923301935,shared_2l_1pool
7277,5.3781308233737946,0.6992700509727001,4.569269018247724,shared_2l_1pool
7278,5.387193989008665,0.6959079764783382,4.585797898471355,shared_2l_1pool
7279,5.351895000785589,0.7077879272401333,4.5366850681602955,shared_2l_1pool
7280,5.365542136132717,0.6982418708503246,4.561358131468296,shared_2l_1pool
7281,5.358810070902109,0.6961559411138296,4.5560491271317005,shared_2l_1pool
7282,5.356707144528627,0.7093190215528011,4.542866954579949,shared_2l_1pool
7283,5.355691071599722,0.7156480569392443,4.53346106223762,shared_2l_1pool
7284,5.354535998776555,0.712917884811759,4.534838022664189,shared_2l_1pool
7285,6.5933940932154655,1.7956269439309835,4.670694936066866,shared_2l_1pool
7286,5.411267979070544,0.7265789899975061,4.57688607275486,shared_2l_1pool
7287,5.392811959609389,0.7059560157358646,4.578100983053446,shared_2l_1pool
7288,5.421080160886049,0.7111099548637867,4.605512134730816,shared_2l_1pool
7289,5.407368065789342,0.6966260261833668,4.603750072419643,shared_2l_1pool
7290,5.379893817007542,0.6995489820837975,4.572809906676412,shared_2l_1pool
7291,5.3658029064536095,0.6977659650146961,4.5631960965693,shared_2l_1pool
7292,5.396823864430189,0.7255000527948141,4.563589813187718,shared_2l_1pool
7293,5.3445210214704275,0.6893239915370941,4.5518160331994295,shared_2l_1pool
7294,5.388678051531315,0.7127269636839628,4.5702538918703794,shared_2l_1pool
7295,5.4074248764663935,0.7148461882025003,4.586176015436649,shared_2l_1pool
7296,5.377338966354728,0.7029150146991014,4.569227807223797,shared_2l_1pool
7297,5.392534891143441,0.7087248377501965,4.57999506033957,shared_2l_1pool
7298,5.429621087387204,0.7061900105327368,4.617077996954322,shared_2l_1pool
7299,5.377022083848715,0.7061660289764404,4.567631054669619,shared_2l_1pool
7300,5.3514710161834955,0.6945431232452393,4.55249403603375,shared_2l_1pool
7301,6.514108972623944,1.735734986141324,4.659637808799744,shared_2l_1pool
7302,5.386323900893331,0.7066121324896812,4.571761935949326,shared_2l_1pool
7303,5.418943939730525,0.7047660183161497,4.607289098203182,shared_2l_1pool
7304,5.4268441163003445,0.719721894711256,4.601021064445376,shared_2l_1pool
7305,5.432817153632641,0.6942299660295248,4.631869029253721,shared_2l_1pool
7306,5.359742091968656,0.7021569181233644,4.553121980279684,shared_2l_1pool
7307,5.40988496504724,0.7111290469765663,4.59305802360177,shared_2l_1pool
7308,5.363198928534985,0.6835400126874447,4.575767088681459,shared_2l_1pool
7309,5.380963906645775,0.7226499728858471,4.553428152576089,shared_2l_1pool
7310,5.399971967563033,0.7061620708554983,4.588472889736295,shared_2l_1pool
7311,5.353129003196955,0.6823050789535046,4.567191936075687,shared_2l_1pool
7312,5.357039859518409,0.6991280242800713,4.549429984763265,shared_2l_1pool
7313,5.386772798374295,0.6989478133618832,4.582222085446119,shared_2l_1pool
7314,5.417519947513938,0.7238341495394707,4.58790292032063,shared_2l_1pool
7315,5.38381515070796,0.6969689857214689,4.582355031743646,shared_2l_1pool
7316,5.375597160309553,0.6868140771985054,4.582091933116317,shared_2l_1pool
7317,6.533527979627252,1.7315219156444073,4.683965118601918,shared_2l_1pool
7318,5.432303994894028,0.7459300104528666,4.57934383302927,shared_2l_1pool
7319,5.383968818932772,0.7128480356186628,4.565618932247162,shared_2l_1pool
7320,5.416437052190304,0.7223470602184534,4.5872218906879425,shared_2l_1pool
7321,5.434646038338542,0.7151290774345398,4.613555036485195,shared_2l_1pool
7322,5.435537081211805,0.7141889072954655,4.61401604115963,shared_2l_1pool
7323,5.37113705649972,0.6847658660262823,4.582591122016311,shared_2l_1pool
7324,5.37459016777575,0.7080149371176958,4.56109712831676,shared_2l_1pool
7325,5.382595118135214,0.6987678352743387,4.579783184453845,shared_2l_1pool
7326,5.374561063945293,0.7045960519462824,4.563407972455025,shared_2l_1pool
7327,5.388571880757809,0.6902969907969236,4.59428015165031,shared_2l_1pool
7328,5.427927011623979,0.7016740273684263,4.621332976967096,shared_2l_1pool
7329,5.438630934804678,0.7173458579927683,4.609950119629502,shared_2l_1pool
7330,5.4066849406808615,0.7169609889388084,4.583284957334399,shared_2l_1pool
7331,5.400058114901185,0.700867036357522,4.595394944772124,shared_2l_1pool
7332,5.387803073972464,0.7020600605756044,4.579708911478519,shared_2l_1pool
7333,6.748432060703635,1.9541240762919188,4.674236988648772,shared_2l_1pool
7334,5.444881040602922,0.7223330903798342,4.614316858351231,shared_2l_1pool
7335,5.414140876382589,0.713038956746459,4.593930905684829,shared_2l_1pool
7336,5.383601877838373,0.7000940386205912,4.578693071380258,shared_2l_1pool
7337,5.42410695925355,0.6964791100472212,4.62265289388597,shared_2l_1pool
7338,5.428951000794768,0.7095460314303637,4.615429090335965,shared_2l_1pool
7339,5.390529986470938,0.692825997248292,4.591322969645262,shared_2l_1pool
7340,5.363475065678358,0.7047678809612989,4.554203944280744,shared_2l_1pool
7341,5.380250047892332,0.7064070086926222,4.568306030705571,shared_2l_1pool
7342,5.357200978323817,0.6951489485800266,4.556891042739153,shared_2l_1pool
7343,5.436094943434,0.7160089444369078,4.613542929291725,shared_2l_1pool
7344,5.399516085162759,0.692965928465128,4.600487183779478,shared_2l_1pool
7345,5.444497102871537,0.726860947906971,4.611162003129721,shared_2l_1pool
7346,5.389457102864981,0.7065380923449993,4.575570812448859,shared_2l_1pool
7347,5.391577957198024,0.7204751018434763,4.564998904243112,shared_2l_1pool
7348,5.374799948185682,0.7055951282382011,4.560892935842276,shared_2l_1pool
7349,6.550164893269539,1.7480519600212574,4.6828859485685825,shared_2l_1pool
7350,5.405126139521599,0.6977259181439877,4.5998780988156796,shared_2l_1pool
7351,5.40854106657207,0.6912508979439735,4.612748045474291,shared_2l_1pool
7352,5.417982814833522,0.7061120122671127,4.607697948813438,shared_2l_1pool
7353,5.398649023845792,0.6893149111419916,4.601698135957122,shared_2l_1pool
7354,5.392680177465081,0.6967508234083652,4.590037046000361,shared_2l_1pool
7355,5.401853006333113,0.6948441732674837,4.603664856404066,shared_2l_1pool
7356,5.4321750067174435,0.7130270823836327,4.614381119608879,shared_2l_1pool
7357,5.402649054303765,0.7175549399107695,4.581182962283492,shared_2l_1pool
7358,5.435748025774956,0.7015399169176817,4.62865293957293,shared_2l_1pool
7359,5.389704834669828,0.7076610345393419,4.5781179796904325,shared_2l_1pool
7360,5.379754118621349,0.7143241818994284,4.559081979095936,shared_2l_1pool
7361,5.363034084439278,0.6832878571003675,4.575869999825954,shared_2l_1pool
7362,5.41710015386343,0.7177640218287706,4.59738215431571,shared_2l_1pool
7363,5.4147939663380384,0.7126980926841497,4.596845014020801,shared_2l_1pool
7364,5.391648970544338,0.7009850814938545,4.58420580253005,shared_2l_1pool
7365,6.560323992744088,1.7500401008874178,4.68934397213161,shared_2l_1pool
7366,5.417950917035341,0.7224529981613159,4.590000957250595,shared_2l_1pool
7367,5.469101015478373,0.7215740624815226,4.6421748120337725,shared_2l_1pool
7368,5.463441833853722,0.7153910119086504,4.6429738868027925,shared_2l_1pool
7369,5.4381838999688625,0.7084989920258522,4.624928114935756,shared_2l_1pool
7370,5.388456862419844,0.6976430304348469,4.586951807141304,shared_2l_1pool
7371,5.404080962762237,0.7161169778555632,4.586025839671493,shared_2l_1pool
7372,5.397404078394175,0.6938287988305092,4.599090199917555,shared_2l_1pool
7373,5.369103979319334,0.6953149568289518,4.566726041957736,shared_2l_1pool
7374,5.3956168703734875,0.7064170204102993,4.583755973726511,shared_2l_1pool
7375,5.429829936474562,0.6976879667490721,4.627082962542772,shared_2l_1pool
7376,5.4179830476641655,0.7260341662913561,4.586386028677225,shared_2l_1pool
7377,5.39977103471756,0.7089560385793447,4.585463088005781,shared_2l_1pool
7378,5.402334034442902,0.7188129238784313,4.578889114782214,shared_2l_1pool
7379,5.400818772614002,0.7031860295683146,4.592054057866335,shared_2l_1pool
7380,5.385539028793573,0.6927838549017906,4.586880095303059,shared_2l_1pool
7381,6.558479042723775,1.7571109347045422,4.683885024860501,shared_2l_1pool
7382,5.401758011430502,0.7299219723790884,4.565512994304299,shared_2l_1pool
7383,5.398235050961375,0.7224909495562315,4.571389174088836,shared_2l_1pool
7384,5.386949982494116,0.7066070102155209,4.57569700665772,shared_2l_1pool
7385,5.42417517863214,0.7134221959859133,4.606945905834436,shared_2l_1pool
7386,5.473077995702624,0.7600819226354361,4.606912145391107,shared_2l_1pool
7387,5.393051076680422,0.7193780038505793,4.568075994029641,shared_2l_1pool
7388,5.411835853010416,0.7099579088389874,4.597681108862162,shared_2l_1pool
7389,5.397349130362272,0.6990048568695784,4.5960270799696445,shared_2l_1pool
7390,5.416932050138712,0.7178080268204212,4.594016820192337,shared_2l_1pool
7391,5.415544845163822,0.6957019213587046,4.61428496055305,shared_2l_1pool
7392,5.417096195742488,0.7184860296547413,4.5946999453008175,shared_2l_1pool
7393,5.389700178056955,0.7102540694177151,4.573096055537462,shared_2l_1pool
7394,5.39538892917335,0.7191798649728298,4.570153076201677,shared_2l_1pool
7395,5.420661065727472,0.7222879212349653,4.596049897372723,shared_2l_1pool
7396,5.4130940698087215,0.7161640096455812,4.590970929712057,shared_2l_1pool
7397,6.645007990300655,1.7336979508399963,4.7912439331412315,shared_2l_1pool
7398,5.499966908246279,0.7173530757427216,4.6780467964708805,shared_2l_1pool
7399,5.473027005791664,0.722742872312665,4.644331056624651,shared_2l_1pool
7400,5.485184956341982,0.7122261449694633,4.666266962885857,shared_2l_1pool
7401,5.50193409435451,0.7204520516097546,4.674952011555433,shared_2l_1pool
7402,5.504756001755595,0.7083460222929716,4.691452952101827,shared_2l_1pool
7403,5.520310020074248,0.715730944648385,4.6987710520625114,shared_2l_1pool
7404,5.492161959409714,0.7100640796124935,4.6772719360888,shared_2l_1pool
7405,5.53461816161871,0.7084279786795378,4.721175879240036,shared_2l_1pool
7406,5.5049138609319925,0.6873719394207001,4.713492002338171,shared_2l_1pool
7407,5.500811850652099,0.723718898370862,4.6712111216038465,shared_2l_1pool
7408,5.477946950122714,0.70177111774683,4.671877017244697,shared_2l_1pool
7409,5.489601055160165,0.705610029399395,4.679935984313488,shared_2l_1pool
7410,5.490527953952551,0.6965319626033306,4.68871695920825,shared_2l_1pool
7411,5.525775020942092,0.7257640827447176,4.694872070103884,shared_2l_1pool
7412,5.472178803756833,0.6853819359093904,4.682315047830343,shared_2l_1pool
7413,6.563428090885282,1.743496861308813,4.701060010120273,shared_2l_1pool
7414,5.452038021758199,0.7184979040175676,4.6286650467664,shared_2l_1pool
7415,5.455387057736516,0.7357271388173103,4.614687990397215,shared_2l_1pool
7416,5.432922160252929,0.7011289708316326,4.626299953088164,shared_2l_1pool
7417,5.445047980174422,0.7343790493905544,4.607552895322442,shared_2l_1pool
7418,5.419040098786354,0.7141809910535812,4.600907908752561,shared_2l_1pool
7419,5.435907980427146,0.7217670790851116,4.6071019023656845,shared_2l_1pool
7420,5.420522997155786,0.7206820882856846,4.595153033733368,shared_2l_1pool
7421,5.458032945170999,0.7132079917937517,4.641073988750577,shared_2l_1pool
7422,5.458776839077473,0.7116149645298719,4.641014151275158,shared_2l_1pool
7423,5.408016033470631,0.7086580153554678,4.5940750278532505,shared_2l_1pool
7424,5.44980401173234,0.7394531276077032,4.605863941833377,shared_2l_1pool
7425,5.446101073175669,0.7167789153754711,4.62365010753274,shared_2l_1pool
7426,5.454381927847862,0.7179297972470522,4.62929904460907,shared_2l_1pool
7427,5.397252971306443,0.7013319991528988,4.590139025822282,shared_2l_1pool
7428,5.434138001874089,0.7097339257597923,4.6172779984772205,shared_2l_1pool
7429,6.5772621892392635,1.7265519127249718,4.728119121864438,shared_2l_1pool
7430,5.495648132637143,0.7330488879233599,4.650456132367253,shared_2l_1pool
7431,5.458364961668849,0.7010907866060734,4.651608178392053,shared_2l_1pool
7432,5.466775968670845,0.7110571023076773,4.640957107767463,shared_2l_1pool
7433,5.492578027769923,0.7127940189093351,4.67509706504643,shared_2l_1pool
7434,5.497826961800456,0.7271680515259504,4.657924873754382,shared_2l_1pool
7435,5.471082869917154,0.7078179623931646,4.6583861112594604,shared_2l_1pool
7436,5.4623219184577465,0.7126010023057461,4.647088004276156,shared_2l_1pool
7437,5.434249062091112,0.7094680331647396,4.6194440219551325,shared_2l_1pool
7438,5.456545855849981,0.7325878832489252,4.620768129825592,shared_2l_1pool
7439,5.4586350452154875,0.728231156244874,4.6250829473137856,shared_2l_1pool
7440,5.50470594316721,0.715587055310607,4.68671484850347,shared_2l_1pool
7441,5.490688141435385,0.7213559001684189,4.665231099352241,shared_2l_1pool
7442,5.484482040628791,0.7133679464459419,4.664604086428881,shared_2l_1pool
7443,5.468697985634208,0.6964779458940029,4.665184998884797,shared_2l_1pool
7444,5.453219870105386,0.7108580321073532,4.637572914361954,shared_2l_1pool
7445,6.61353999748826,1.739657949656248,4.755550995469093,shared_2l_1pool
7446,5.513356998562813,0.7270649075508118,4.680034006014466,shared_2l_1pool
7447,5.47143304720521,0.6992481648921967,4.66568092815578,shared_2l_1pool
7448,5.49323414452374,0.7095651235431433,4.681355785578489,shared_2l_1pool
7449,5.455245031043887,0.7053131703287363,4.644698929041624,shared_2l_1pool
7450,5.4398339707404375,0.7122789975255728,4.623554879799485,shared_2l_1pool
7451,5.441231885924935,0.706580001860857,4.632038995623589,shared_2l_1pool
7452,5.455876002088189,0.7148690056055784,4.636264871805906,shared_2l_1pool
7453,5.49152516759932,0.7239109836518764,4.66307601891458,shared_2l_1pool
7454,5.453688092529774,0.7112070452421904,4.6364760491997,shared_2l_1pool
7455,5.4728209506720304,0.7281529251486063,4.6401419676840305,shared_2l_1pool
7456,5.473897093906999,0.7027690298855305,4.665781976655126,shared_2l_1pool
7457,5.48331206664443,0.7140759844332933,4.665449960157275,shared_2l_1pool
7458,5.420528817921877,0.6916811689734459,4.624202847480774,shared_2l_1pool
7459,5.535358097404242,0.6978120654821396,4.63347090408206,shared_2l_1pool
7460,5.5184687953442335,0.7178240921348333,4.685648949816823,shared_2l_1pool
7461,6.6110428888350725,1.7452200409024954,4.743401892483234,shared_2l_1pool
7462,5.491787102073431,0.7266239263117313,4.658735124394298,shared_2l_1pool
7463,5.513004958629608,0.724629033356905,4.682644037529826,shared_2l_1pool
7464,5.450488068163395,0.7033650763332844,4.639290040358901,shared_2l_1pool
7465,5.459517007693648,0.7193309720605612,4.636378958821297,shared_2l_1pool
7466,5.452697863802314,0.7016861345618963,4.642782965674996,shared_2l_1pool
7467,5.457940045744181,0.7226841989904642,4.6248659491539,shared_2l_1pool
7468,5.4609349463135,0.6926548667252064,4.665395012125373,shared_2l_1pool
7469,5.452876910567284,0.7141900714486837,4.629536997526884,shared_2l_1pool
7470,5.461349850520492,0.7150231394916773,4.642413929104805,shared_2l_1pool
7471,5.432216916233301,0.7057269103825092,4.621280124410987,shared_2l_1pool
7472,5.432337988168001,0.7174741476774216,4.61115688085556,shared_2l_1pool
7473,5.469470983371139,0.7332039531320333,4.633118165656924,shared_2l_1pool
7474,5.415032152086496,0.6881931331008673,4.623835906386375,shared_2l_1pool
7475,5.413942039012909,0.6972739938646555,4.6138339675962925,shared_2l_1pool
7476,5.479692947119474,0.7138210348784924,4.661391023546457,shared_2l_1pool
7477,6.607484072446823,1.7374269664287567,4.752137931063771,shared_2l_1pool
7478,5.47435786575079,0.7191100157797337,4.651149036362767,shared_2l_1pool
7479,5.47605799511075,0.7097278721630573,4.661737009882927,shared_2l_1pool
7480,5.441736895591021,0.7110331207513809,4.623300861567259,shared_2l_1pool
7481,5.492232972756028,0.7136899512261152,4.675064003095031,shared_2l_1pool
7482,5.503813968971372,0.7157530635595322,4.680312937125564,shared_2l_1pool
7483,5.469019990414381,0.7154571358114481,4.6483599580824375,shared_2l_1pool
7484,5.463351961225271,0.7167540024966002,4.639826016500592,shared_2l_1pool
7485,5.46450586989522,0.7105909753590822,4.650528077036142,shared_2l_1pool
7486,5.476399790495634,0.7184119895100594,4.646151093766093,shared_2l_1pool
7487,5.5257289204746485,0.7225680164992809,4.698897013440728,shared_2l_1pool
7488,5.491924937814474,0.7140608504414558,4.671039991080761,shared_2l_1pool
7489,5.441497080028057,0.7064419332891703,4.629519069567323,shared_2l_1pool
7490,5.517937941476703,0.7565098349004984,4.650000017136335,shared_2l_1pool
7491,5.45785715803504,0.708308070898056,4.644006956368685,shared_2l_1pool
7492,5.466875154525042,0.7176350336521864,4.6336420346051455,shared_2l_1pool
7493,6.594153819605708,1.7338579054921865,4.738467046990991,shared_2l_1pool
7494,5.489174975082278,0.7244811858981848,4.658794961869717,shared_2l_1pool
7495,5.500879138708115,0.720747048035264,4.672450013458729,shared_2l_1pool
7496,5.46665396541357,0.7168909069150686,4.644219065085053,shared_2l_1pool
7497,5.423743044957519,0.7035299204289913,4.615440033376217,shared_2l_1pool
7498,5.4483129642903805,0.7264129817485809,4.6165939420461655,shared_2l_1pool
7499,5.470747128129005,0.7220020052045584,4.641819978132844,shared_2l_1pool
7500,5.482665961608291,0.752683961763978,4.623214947059751,shared_2l_1pool
7501,5.458900006487966,0.7132168393582106,4.638276062905788,shared_2l_1pool
7502,5.495694000273943,0.7317669223994017,4.656401928514242,shared_2l_1pool
7503,5.467280047014356,0.7035480812191963,4.6583060175180435,shared_2l_1pool
7504,5.4744340013712645,0.708254985511303,4.6606590040028095,shared_2l_1pool
7505,5.435004830360413,0.7153949700295925,4.615865182131529,shared_2l_1pool
7506,5.449461052194238,0.7122729439288378,4.6332411002367735,shared_2l_1pool
7507,5.4887388832867146,0.7046570535749197,4.679257050156593,shared_2l_1pool
7508,5.452420096844435,0.6952269468456507,4.65187500230968,shared_2l_1pool
7509,6.582173053175211,1.7264590132981539,4.735956899821758,shared_2l_1pool
7510,5.486613838002086,0.7291270885616541,4.649375099688768,shared_2l_1pool
7511,5.425170995295048,0.7103448733687401,4.608231130987406,shared_2l_1pool
7512,5.472165998071432,0.7058309856802225,4.662506049498916,shared_2l_1pool
7513,5.438081920146942,0.7132240571081638,4.619627958163619,shared_2l_1pool
7514,5.418885964900255,0.7070540450513363,4.607332171872258,shared_2l_1pool
7515,5.434310995042324,0.738037982955575,4.59249084815383,shared_2l_1pool
7516,5.450177937746048,0.6976770237088203,4.649013979360461,shared_2l_1pool
7517,5.460300017148256,0.7181130349636078,4.635954042896628,shared_2l_1pool
7518,5.42495702393353,0.7034260779619217,4.616113845258951,shared_2l_1pool
7519,5.424414062872529,0.7012109272181988,4.616765072569251,shared_2l_1pool
7520,5.46536291949451,0.7320349104702473,4.628010094165802,shared_2l_1pool
7521,5.485774949193001,0.7263249717652798,4.654756980016828,shared_2l_1pool
7522,5.4075310472399,0.6967079825699329,4.60507208481431,shared_2l_1pool
7523,5.447492003440857,0.7167521398514509,4.627580987289548,shared_2l_1pool
7524,5.448548821732402,0.7058519404381514,4.633961943909526,shared_2l_1pool
7525,6.584774004295468,1.7323491629213095,4.734257003292441,shared_2l_1pool
7526,5.473959026858211,0.7270860951393843,4.641465842723846,shared_2l_1pool
7527,5.465781083330512,0.7069921121001244,4.655791912227869,shared_2l_1pool
7528,5.4806729312986135,0.7294309325516224,4.64495993219316,shared_2l_1pool
7529,5.463004112243652,0.7187859155237675,4.635381046682596,shared_2l_1pool
7530,5.489702103659511,0.7311978843063116,4.651065915822983,shared_2l_1pool
7531,5.464774090796709,0.7151830941438675,4.643728025257587,shared_2l_1pool
7532,5.464090965688229,0.7179430685937405,4.642553860321641,shared_2l_1pool
7533,5.49106695689261,0.7141160313040018,4.6687438152730465,shared_2l_1pool
7534,5.460486048832536,0.7282891310751438,4.62362403050065,shared_2l_1pool
7535,5.444205831736326,0.7404149509966373,4.6006180346012115,shared_2l_1pool
7536,5.4296080488711596,0.723907956853509,4.6011460945010185,shared_2l_1pool
7537,5.44263981282711,0.7206150330603123,4.616094985976815,shared_2l_1pool
7538,5.458115134388208,0.7045988459140062,4.64888010174036,shared_2l_1pool
7539,5.447237053886056,0.7293210364878178,4.612213931977749,shared_2l_1pool
7540,5.451340926811099,0.729916850104928,4.614284029230475,shared_2l_1pool
7541,6.570773897692561,1.7258950974792242,4.726344021037221,shared_2l_1pool
7542,5.497002974152565,0.7337878923863173,4.6554990112781525,shared_2l_1pool
7543,5.470593925565481,0.721191056072712,4.6439701691269875,shared_2l_1pool
7544,5.46479201875627,0.7182110566645861,4.641480976715684,shared_2l_1pool
7545,5.5088079534471035,0.735253095626831,4.667859990149736,shared_2l_1pool
7546,5.5009599309414625,0.7090768776834011,4.68771904706955,shared_2l_1pool
7547,5.466795060783625,0.7136960048228502,4.648805130273104,shared_2l_1pool
7548,5.459520034492016,0.7099059876054525,4.644789034500718,shared_2l_1pool
7549,5.4730509873479605,0.7246870081871748,4.645968088880181,shared_2l_1pool
7550,5.5064118932932615,0.7246541790664196,4.675556905567646,shared_2l_1pool
7551,5.499736173078418,0.7139090448617935,4.6821769792586565,shared_2l_1pool
7552,5.4865211714059114,0.7235680241137743,4.656930919736624,shared_2l_1pool
7553,5.489731905981898,0.7185360882431269,4.668375942856073,shared_2l_1pool
7554,5.453266901895404,0.6942208856344223,4.654451040551066,shared_2l_1pool
7555,5.454658064991236,0.7264020387083292,4.625231027603149,shared_2l_1pool
7556,5.462717963382602,0.712790060788393,4.645494045689702,shared_2l_1pool
7557,6.638442864641547,1.78231718018651,4.735451890155673,shared_2l_1pool
7558,5.525229033082724,0.7590060122311115,4.65814396739006,shared_2l_1pool
7559,5.494828103110194,0.7154189515858889,4.672489129006863,shared_2l_1pool
7560,5.489907925948501,0.7089038845151663,4.675731994211674,shared_2l_1pool
7561,5.4849369917064905,0.7138010114431381,4.664537031203508,shared_2l_1pool
7562,5.496731027960777,0.7212108466774225,4.668978042900562,shared_2l_1pool
7563,5.482554901391268,0.7069539278745651,4.669870948418975,shared_2l_1pool
7564,5.433215061202645,0.7026589009910822,4.62663802318275,shared_2l_1pool
7565,5.435682134702802,0.7192811463028193,4.609514959156513,shared_2l_1pool
7566,5.440397886559367,0.7011238485574722,4.634038079530001,shared_2l_1pool
7567,5.471302196383476,0.7161670364439487,4.648498957976699,shared_2l_1pool
7568,5.468060960993171,0.7180310785770416,4.6447420027107,shared_2l_1pool
7569,5.461251130327582,0.7172490004450083,4.637995036318898,shared_2l_1pool
7570,5.502606043592095,0.7189230527728796,4.6696357894688845,shared_2l_1pool
7571,5.517377983778715,0.7398179732263088,4.667246947064996,shared_2l_1pool
7572,5.515582859516144,0.7172857876867056,4.693755181506276,shared_2l_1pool
7573,6.617515115067363,1.7546007875353098,4.743809113278985,shared_2l_1pool
7574,5.491240881383419,0.7152268663048744,4.668971989303827,shared_2l_1pool
7575,5.503408145159483,0.7254001684486866,4.673804854974151,shared_2l_1pool
7576,5.507587920874357,0.7149539887905121,4.6888780780136585,shared_2l_1pool
7577,5.532945040613413,0.7225940935313702,4.706427920609713,shared_2l_1pool
7578,5.513742100447416,0.7268739864230156,4.679782083258033,shared_2l_1pool
7579,5.499510793015361,0.7253829389810562,4.670156165957451,shared_2l_1pool
7580,5.521662998944521,0.7075399626046419,4.707677057012916,shared_2l_1pool
7581,5.508369067683816,0.7178490050137043,4.685278050601482,shared_2l_1pool
7582,5.453120917081833,0.7217410020530224,4.62476909160614,shared_2l_1pool
7583,5.467993905767798,0.7137819193303585,4.650486167520285,shared_2l_1pool
7584,5.503855179995298,0.7163309492170811,4.683387000113726,shared_2l_1pool
7585,5.448417970910668,0.7135891355574131,4.631559830158949,shared_2l_1pool
7586,5.434032063931227,0.7011850830167532,4.627977032214403,shared_2l_1pool
7587,5.465799011290073,0.7301149889826775,4.631743999198079,shared_2l_1pool
7588,5.467138951644301,0.6919209845364094,4.671372938901186,shared_2l_1pool
7589,6.601306842640042,1.7479760572314262,4.732995992526412,shared_2l_1pool
7590,5.490361945703626,0.7358680013567209,4.65048011392355,shared_2l_1pool
7591,5.4602709133178,0.7189260795712471,4.634874872863293,shared_2l_1pool
7592,5.49036986194551,0.7208250463008881,4.663279978558421,shared_2l_1pool
7593,5.4553530644625425,0.7218190003186464,4.626950016245246,shared_2l_1pool
7594,5.463137058541179,0.7026428356766701,4.6547530218958855,shared_2l_1pool
7595,5.48324896954,0.738025177270174,4.635712830349803,shared_2l_1pool
7596,5.445771850645542,0.7069141138345003,4.632944939658046,shared_2l_1pool
7597,5.45780616812408,0.7196590304374695,4.632647847756743,shared_2l_1pool
7598,5.431975005194545,0.7029389962553978,4.619785817340016,shared_2l_1pool
7599,5.405574105679989,0.6967890076339245,4.604725865647197,shared_2l_1pool
7600,5.493189208209515,0.7438641041517258,4.645768785849214,shared_2l_1pool
7601,5.46315498650074,0.7132329046726227,4.64537413790822,shared_2l_1pool
7602,5.492412950843573,0.7165828719735146,4.670028109103441,shared_2l_1pool
7603,5.485978908836842,0.7129330188035965,4.667654866352677,shared_2l_1pool
7604,5.462817847728729,0.7004148792475462,4.656773991882801,shared_2l_1pool
7605,6.577816093340516,1.724380999803543,4.734846064820886,shared_2l_1pool
7606,5.537074990570545,0.7305978797376156,4.701816942542791,shared_2l_1pool
7607,5.52767887711525,0.7329788058996201,4.687800072133541,shared_2l_1pool
7608,5.507936934009194,0.7140981033444405,4.68758400529623,shared_2l_1pool
7609,5.4589801002293825,0.7055990863591433,4.645948996767402,shared_2l_1pool
7610,5.522636929526925,0.7270420901477337,4.689342109486461,shared_2l_1pool
7611,5.506742978468537,0.7233000360429287,4.678970901295543,shared_2l_1pool
7612,5.498796934261918,0.7135879714041948,4.6807099133729935,shared_2l_1pool
7613,5.453252932056785,0.719898846000433,4.628167022019625,shared_2l_1pool
7614,5.495065124705434,0.7274870295077562,4.662350052967668,shared_2l_1pool
7615,5.476237973198295,0.7340209558606148,4.639441845938563,shared_2l_1pool
7616,5.447946023195982,0.7084738463163376,4.637364996597171,shared_2l_1pool
7617,5.450438940897584,0.7322230376303196,4.6162710059434175,shared_2l_1pool
7618,5.514730932191014,0.7249198388308287,4.684451036155224,shared_2l_1pool
7619,5.499785067513585,0.7080731447786093,4.685668041929603,shared_2l_1pool
7620,5.478309001773596,0.7235840894281864,4.650635877624154,shared_2l_1pool
7621,6.580122979357839,1.740580191835761,4.718402866274118,shared_2l_1pool
7622,5.50707895308733,0.7316260598599911,4.669219953939319,shared_2l_1pool
7623,5.494045093655586,0.718636903911829,4.668977111577988,shared_2l_1pool
7624,5.515286000445485,0.723572913557291,4.687133943662047,shared_2l_1pool
7625,5.514845950528979,0.7271780632436275,4.681464983150363,shared_2l_1pool
7626,5.51843992434442,0.7156378123909235,4.696990130469203,shared_2l_1pool
7627,5.525020183995366,0.7280120626091957,4.690361907705665,shared_2l_1pool
7628,5.505515960976481,0.7236660458147526,4.676624899730086,shared_2l_1pool
7629,5.5164790246635675,0.7429730612784624,4.662259016185999,shared_2l_1pool
7630,5.479353945702314,0.727060018107295,4.647833062335849,shared_2l_1pool
7631,5.497843958437443,0.7190350443124771,4.672816954553127,shared_2l_1pool
7632,5.519816884770989,0.7260190322995186,4.688583081588149,shared_2l_1pool
7633,5.487353773787618,0.7237829267978668,4.6557721216231585,shared_2l_1pool
7634,5.500753177329898,0.7150049787014723,4.679636098444462,shared_2l_1pool
7635,5.491144955158234,0.7267799228429794,4.656722070649266,shared_2l_1pool
7636,5.488107912242413,0.7234271615743637,4.661110928282142,shared_2l_1pool
7637,6.576793035492301,1.7167748883366585,4.740322008728981,shared_2l_1pool
7638,5.482843844220042,0.7189800962805748,4.658067831769586,shared_2l_1pool
7639,5.490499781444669,0.7342351600527763,4.651061957702041,shared_2l_1pool
7640,5.484059918671846,0.7151579484343529,4.663675092160702,shared_2l_1pool
7641,5.464867921546102,0.726248836144805,4.63533797301352,shared_2l_1pool
7642,5.4765380918979645,0.7014279253780842,4.670026013627648,shared_2l_1pool
7643,5.4968069307506084,0.728182028979063,4.656849894672632,shared_2l_1pool
7644,5.520535865798593,0.7252690847963095,4.691357957199216,shared_2l_1pool
7645,5.485984962433577,0.7266928441822529,4.653344163671136,shared_2l_1pool
7646,5.495020188391209,0.7211619522422552,4.665024112910032,shared_2l_1pool
7647,5.525344051420689,0.7370160892605782,4.6803338918834925,shared_2l_1pool
7648,5.528485868126154,0.7579720113426447,4.665253916755319,shared_2l_1pool
7649,5.502626998350024,0.7239691913127899,4.675838863477111,shared_2l_1pool
7650,5.49180805683136,0.7199589163064957,4.667191067710519,shared_2l_1pool
7651,5.508606089279056,0.7349569350481033,4.66811703518033,shared_2l_1pool
7652,5.4939130786806345,0.7051059510558844,4.681747872382402,shared_2l_1pool
7653,6.722439080476761,1.743412110954523,4.857596941292286,shared_2l_1pool
7654,5.587726132944226,0.7283538579940796,4.750027088448405,shared_2l_1pool
7655,5.590887041762471,0.7285659667104483,4.7557849902659655,shared_2l_1pool
7656,5.537864984944463,0.7305322214961052,4.703529877588153,shared_2l_1pool
7657,5.611778004094958,0.7248630281537771,4.781985888257623,shared_2l_1pool
7658,5.6115020997822285,0.7283028680831194,4.779620096087456,shared_2l_1pool
7659,5.61416195705533,0.7222099229693413,4.782879957929254,shared_2l_1pool
7660,5.60794398188591,0.7158780936151743,4.787479992955923,shared_2l_1pool
7661,5.610633874312043,0.7280888967216015,4.776990041136742,shared_2l_1pool
7662,5.613391986116767,0.7339760195463896,4.773237043991685,shared_2l_1pool
7663,5.571051966398954,0.7220420520752668,4.742655903100967,shared_2l_1pool
7664,5.577503936365247,0.732471002265811,4.736154805868864,shared_2l_1pool
7665,5.648196209222078,0.7334267720580101,4.809800069779158,shared_2l_1pool
7666,5.60595584101975,0.7268721237778664,4.773946013301611,shared_2l_1pool
7667,5.609527928754687,0.7470820564776659,4.756780108436942,shared_2l_1pool
7668,5.611389875411987,0.726612051948905,4.780962830409408,shared_2l_1pool
7669,6.605054950341582,1.740971114486456,4.7443939838558435,shared_2l_1pool
7670,5.529790185391903,0.7318479474633932,4.690473899245262,shared_2l_1pool
7671,5.5186259560287,0.7256518583744764,4.681019112467766,shared_2l_1pool
7672,5.5206038523465395,0.6997250020503998,4.7174179926514626,shared_2l_1pool
7673,5.525877000764012,0.724368030205369,4.697770811617374,shared_2l_1pool
7674,5.491493968293071,0.7152799516916275,4.670691909268498,shared_2l_1pool
7675,5.493575939908624,0.7283240556716919,4.662379855290055,shared_2l_1pool
7676,5.483692046254873,0.7078780326992273,4.672545939683914,shared_2l_1pool
7677,5.484363995492458,0.720401993021369,4.660499980673194,shared_2l_1pool
7678,5.543584004044533,0.7542381063103676,4.684727871790528,shared_2l_1pool
7679,5.501643056049943,0.7240008562803268,4.67509706504643,shared_2l_1pool
7680,5.45777496881783,0.7100780494511127,4.643975989893079,shared_2l_1pool
7681,5.494991084560752,0.7326600607484579,4.660514881834388,shared_2l_1pool
7682,5.50107192248106,0.7196059450507164,4.678250988945365,shared_2l_1pool
7683,5.522209918126464,0.7277519907802343,4.692645976319909,shared_2l_1pool
7684,5.478032864630222,0.7231289055198431,4.650474060326815,shared_2l_1pool
7685,6.666393950581551,1.7334830481559038,4.811183083802462,shared_2l_1pool
7686,5.568512016907334,0.7210441399365664,4.738491028547287,shared_2l_1pool
7687,5.563101032748818,0.7187977898865938,4.737853072583675,shared_2l_1pool
7688,5.57689880952239,0.731815118342638,4.739394877105951,shared_2l_1pool
7689,5.530192982405424,0.7173621561378241,4.708993947133422,shared_2l_1pool
7690,5.606102058663964,0.7370209787040949,4.763297038152814,shared_2l_1pool
7691,5.599247058853507,0.7224748842418194,4.7707699704915285,shared_2l_1pool
7692,5.590789020061493,0.7159500382840633,4.770156927406788,shared_2l_1pool
7693,5.538899917155504,0.7254239171743393,4.704099148511887,shared_2l_1pool
7694,5.5112570989876986,0.7082379888743162,4.698215052485466,shared_2l_1pool
7695,5.5626570247113705,0.7210869807749987,4.734616028144956,shared_2l_1pool
7696,5.546519998461008,0.7136848289519548,4.7281410079449415,shared_2l_1pool
7697,5.579027812927961,0.7401020266115665,4.733406938612461,shared_2l_1pool
7698,5.552418064326048,0.7333690300583839,4.713139962404966,shared_2l_1pool
7699,5.5731360334903,0.73572201654315,4.730734042823315,shared_2l_1pool
7700,5.519373808056116,0.706023070961237,4.71101701259613,shared_2l_1pool
7701,6.660930812358856,1.7338551115244627,4.809814039617777,shared_2l_1pool
7702,5.578547017648816,0.756795983761549,4.716469906270504,shared_2l_1pool
7703,5.536639830097556,0.7123558316379786,4.7199910040944815,shared_2l_1pool
7704,5.556497955694795,0.7243677973747253,4.727070219814777,shared_2l_1pool
7705,5.536280106753111,0.7202418055385351,4.711218178272247,shared_2l_1pool
7706,5.565183004364371,0.7356840651482344,4.721964942291379,shared_2l_1pool
7707,5.598803982138634,0.7425460498780012,4.751104861497879,shared_2l_1pool
7708,5.582679063081741,0.7186499424278736,4.759364994242787,shared_2l_1pool
7709,5.594425834715366,0.7295659743249416,4.758110037073493,shared_2l_1pool
7710,5.560759920626879,0.7340698502957821,4.719434073194861,shared_2l_1pool
7711,5.56955998763442,0.7468890398740768,4.717146046459675,shared_2l_1pool
7712,5.597656825557351,0.7710768841207027,4.722476005554199,shared_2l_1pool
7713,5.56145585142076,0.741233816370368,4.715010989457369,shared_2l_1pool
7714,5.584594793617725,0.7513589225709438,4.728037165477872,shared_2l_1pool
7715,5.549348890781403,0.7354859262704849,4.708802094683051,shared_2l_1pool
7716,5.562784848734736,0.7322421297430992,4.726427840068936,shared_2l_1pool
7717,6.890206830576062,1.9727288745343685,4.793751984834671,shared_2l_1pool
7718,5.545157939195633,0.725981080904603,4.711047979071736,shared_2l_1pool
7719,5.536694778129458,0.7298530545085669,4.700100980699062,shared_2l_1pool
7720,5.520575912669301,0.7304251194000244,4.685461986809969,shared_2l_1pool
7721,5.532989045605063,0.7255650125443935,4.700944060459733,shared_2l_1pool
7722,5.5361848790198565,0.7346281781792641,4.697548924013972,shared_2l_1pool
7723,5.506451008841395,0.7187181618064642,4.683729028329253,shared_2l_1pool
7724,5.5191561114043,0.7283349987119436,4.687394946813583,shared_2l_1pool
7725,5.572187947109342,0.7307510823011398,4.7364188358187675,shared_2l_1pool
7726,5.555329844355583,0.723507022485137,4.727848106995225,shared_2l_1pool
7727,5.553987110033631,0.7242511492222548,4.7231309581547976,shared_2l_1pool
7728,5.552615039050579,0.7374859414994717,4.708730150014162,shared_2l_1pool
7729,5.5609168484807014,0.714325113222003,4.740510834380984,shared_2l_1pool
7730,5.571156973019242,0.7271450012922287,4.738253075629473,shared_2l_1pool
7731,5.511457100510597,0.7232490461319685,4.683990962803364,shared_2l_1pool
7732,5.518719088286161,0.7221980486065149,4.6933910343796015,shared_2l_1pool
7733,6.615322083234787,1.7216259147971869,4.776630084961653,shared_2l_1pool
7734,5.54835400544107,0.727467006072402,4.7142039984464645,shared_2l_1pool
7735,5.5790969636291265,0.7360288873314857,4.735535942018032,shared_2l_1pool
7736,5.550674861297011,0.7264120504260063,4.717055009678006,shared_2l_1pool
7737,5.537272896617651,0.7426950614899397,4.688885994255543,shared_2l_1pool
7738,5.547420121729374,0.7094140164554119,4.733741981908679,shared_2l_1pool
7739,5.556713091209531,0.7213440258055925,4.73207700997591,shared_2l_1pool
7740,5.541631951928139,0.7214369252324104,4.7130100429058075,shared_2l_1pool
7741,5.577469943091273,0.7262788712978363,4.748545121401548,shared_2l_1pool
7742,5.569984903559089,0.7238930556923151,4.741285927593708,shared_2l_1pool
7743,5.59560488909483,0.7275149691849947,4.7647671308368444,shared_2l_1pool
7744,5.561341997236013,0.7323941681534052,4.723733989521861,shared_2l_1pool
7745,5.509098991751671,0.7079499773681164,4.6976490411907434,shared_2l_1pool
7746,5.531825125217438,0.72330585680902,4.703070968389511,shared_2l_1pool
7747,5.5338009260594845,0.7192951161414385,4.711594898253679,shared_2l_1pool
7748,5.57183800265193,0.7188508752733469,4.747276194393635,shared_2l_1pool
7749,6.645270856097341,1.7363301012665033,4.784205928444862,shared_2l_1pool
7750,5.5732151959091425,0.7164410781115294,4.750875988975167,shared_2l_1pool
7751,5.572079913690686,0.7279329001903534,4.737057024613023,shared_2l_1pool
7752,5.561914062127471,0.7117169443517923,4.744627047330141,shared_2l_1pool
7753,5.584130063652992,0.7334558758884668,4.745370009914041,shared_2l_1pool
7754,5.550350062549114,0.7280388381332159,4.718037089332938,shared_2l_1pool
7755,5.553168011829257,0.730650033801794,4.718335112556815,shared_2l_1pool
7756,5.535346921533346,0.724999001249671,4.7012330032885075,shared_2l_1pool
7757,5.543554900214076,0.7326209452003241,4.70597599633038,shared_2l_1pool
7758,5.569171858951449,0.7272448856383562,4.736070055514574,shared_2l_1pool
7759,5.601769080385566,0.7393751293420792,4.7530848532915115,shared_2l_1pool
7760,5.602773977443576,0.7380270399153233,4.759576870128512,shared_2l_1pool
7761,5.556355929002166,0.7421690970659256,4.7103650867938995,shared_2l_1pool
7762,5.544504150748253,0.7188788149505854,4.7202929854393005,shared_2l_1pool
7763,5.551495822146535,0.735200010240078,4.708142951130867,shared_2l_1pool
7764,5.5385190062224865,0.7217999082058668,4.712498048320413,shared_2l_1pool
7765,6.653130985796452,1.7396339680999517,4.793980857357383,shared_2l_1pool
7766,5.548411048948765,0.7226411253213882,4.719482036307454,shared_2l_1pool
7767,5.554465809836984,0.7296509575098753,4.721562145277858,shared_2l_1pool
7768,5.596350179985166,0.7345390040427446,4.7564690466970205,shared_2l_1pool
7769,5.5682179518043995,0.7341860327869654,4.7297729179263115,shared_2l_1pool
7770,5.529673071578145,0.7326030172407627,4.692333051934838,shared_2l_1pool
7771,5.519333994016051,0.7288460619747639,4.686417058110237,shared_2l_1pool
7772,5.5245282128453255,0.7258751429617405,4.692724905908108,shared_2l_1pool
7773,5.515843164175749,0.7097399793565273,4.703210899606347,shared_2l_1pool
7774,5.514149088412523,0.7285410538315773,4.680098034441471,shared_2l_1pool
7775,5.5544639471918344,0.7311091758310795,4.7209300100803375,shared_2l_1pool
7776,5.591250956058502,0.7431008853018284,4.742332035675645,shared_2l_1pool
7777,5.53068402223289,0.7268700283020735,4.699083045125008,shared_2l_1pool
7778,5.514860851690173,0.7252870127558708,4.6837779227644205,shared_2l_1pool
7779,5.565678002312779,0.7675499655306339,4.695407114923,shared_2l_1pool
7780,5.540454993024468,0.7248031906783581,4.71069198101759,shared_2l_1pool
7781,6.665263092145324,1.7476240172982216,4.798283101990819,shared_2l_1pool
7782,5.575557937845588,0.7375369314104319,4.731048131361604,shared_2l_1pool
7783,5.542080849409103,0.7229920011013746,4.7108689323067665,shared_2l_1pool
7784,5.56140998378396,0.7394079584628344,4.717363975942135,shared_2l_1pool
7785,5.564159946516156,0.7327031344175339,4.727212013676763,shared_2l_1pool
7786,5.5440140422433615,0.7170219905674458,4.719936056062579,shared_2l_1pool
7787,5.507775116711855,0.7236548699438572,4.679849138483405,shared_2l_1pool
7788,5.530688911676407,0.7153889164328575,4.706768086180091,shared_2l_1pool
7789,5.525137996301055,0.726568978279829,4.693274153396487,shared_2l_1pool
7790,5.530603928491473,0.7463989313691854,4.679576959460974,shared_2l_1pool
7791,5.513171199709177,0.7226900197565556,4.685529042035341,shared_2l_1pool
7792,5.5098580196499825,0.7264190353453159,4.6783259604126215,shared_2l_1pool
7793,5.567125976085663,0.735896872356534,4.725318169221282,shared_2l_1pool
7794,5.5693339090794325,0.7345189806073904,4.726858111098409,shared_2l_1pool
7795,5.536490119993687,0.736661022529006,4.696235992014408,shared_2l_1pool
7796,5.5451958905905485,0.7115600164979696,4.728492116555572,shared_2l_1pool
7797,6.618404993787408,1.7182151786983013,4.779880866408348,shared_2l_1pool
7798,5.562948994338512,0.7413499988615513,4.715147893875837,shared_2l_1pool
7799,5.573733942583203,0.7365911733359098,4.7343450132757425,shared_2l_1pool
7800,5.538871046155691,0.7218371611088514,4.708952968940139,shared_2l_1pool
7801,5.543090868741274,0.7404808420687914,4.696442047134042,shared_2l_1pool
7802,5.551531910896301,0.7403178606182337,4.705419996753335,shared_2l_1pool
7803,5.570828914642334,0.7589070592075586,4.708610009402037,shared_2l_1pool
7804,5.521796876564622,0.7232199423015118,4.693336086347699,shared_2l_1pool
7805,5.522224120795727,0.7245331071317196,4.6946469228714705,shared_2l_1pool
7806,5.597249139100313,0.73475600220263,4.7561898827552795,shared_2l_1pool
7807,5.570663139224052,0.7164990529417992,4.748769104480743,shared_2l_1pool
7808,5.568200955167413,0.7249300833791494,4.737650044262409,shared_2l_1pool
7809,5.550132831558585,0.7270781788975,4.717665957286954,shared_2l_1pool
7810,5.5408719927072525,0.7286090403795242,4.706970881670713,shared_2l_1pool
7811,5.532020935788751,0.7225661538541317,4.702623002231121,shared_2l_1pool
7812,5.55361108854413,0.7272590883076191,4.721031989902258,shared_2l_1pool
7813,6.652681855484843,1.7157311085611582,4.815705819055438,shared_2l_1pool
7814,5.535501055419445,0.7186960428953171,4.7101418022066355,shared_2l_1pool
7815,5.591606954112649,0.7337399292737246,4.751137923449278,shared_2l_1pool
7816,5.552591057494283,0.7216890808194876,4.726847866550088,shared_2l_1pool
7817,5.591843044385314,0.7463858928531408,4.740158095955849,shared_2l_1pool
7818,5.519669037312269,0.7222429849207401,4.691994981840253,shared_2l_1pool
7819,5.587910069152713,0.7278849370777607,4.75489697419107,shared_2l_1pool
7820,5.574927199631929,0.7251219358295202,4.7419879119843245,shared_2l_1pool
7821,5.588603904470801,0.7321280427277088,4.750116961076856,shared_2l_1pool
7822,5.523483967408538,0.7345760241150856,4.684333922341466,shared_2l_1pool
7823,5.568224936723709,0.719789182767272,4.743397934362292,shared_2l_1pool
7824,5.570356966927648,0.7355851121246815,4.728457890450954,shared_2l_1pool
7825,5.539510166272521,0.7267629262059927,4.706393927335739,shared_2l_1pool
7826,5.582589888945222,0.7395760621875525,4.736379953101277,shared_2l_1pool
7827,5.589733831584454,0.7449709810316563,4.740945994853973,shared_2l_1pool
7828,5.550621077418327,0.728958984836936,4.716069903224707,shared_2l_1pool
7829,6.698684999719262,1.7521020490676165,4.827118944376707,shared_2l_1pool
7830,5.608922801911831,0.7485221140086651,4.753256915137172,shared_2l_1pool
7831,5.5564711801707745,0.7320339791476727,4.720628960058093,shared_2l_1pool
7832,5.594883114099503,0.7336100097745657,4.75437194108963,shared_2l_1pool
7833,5.5748289451003075,0.7309338543564081,4.740450996905565,shared_2l_1pool
7834,5.534345982596278,0.7174268830567598,4.710926907137036,shared_2l_1pool
7835,5.580031080171466,0.7460219785571098,4.730802960693836,shared_2l_1pool
7836,5.610798019915819,0.723507022485137,4.782038973644376,shared_2l_1pool
7837,5.62961888499558,0.7428571116179228,4.779598908498883,shared_2l_1pool
7838,5.540646146982908,0.7196271326392889,4.7156838700175285,shared_2l_1pool
7839,5.570140900090337,0.7357059512287378,4.729762207716703,shared_2l_1pool
7840,5.568599095568061,0.7157409563660622,4.74730902351439,shared_2l_1pool
7841,5.573066882789135,0.7450990378856659,4.723220830783248,shared_2l_1pool
7842,5.53867407143116,0.7192129269242287,4.716085968539119,shared_2l_1pool
7843,5.52483182400465,0.7141439709812403,4.7079650685191154,shared_2l_1pool
7844,5.608831997960806,0.7325450424104929,4.7679070848971605,shared_2l_1pool
7845,6.6418510396033525,1.7114279326051474,4.80862008407712,shared_2l_1pool
7846,5.570010049268603,0.739790964871645,4.724717000499368,shared_2l_1pool
7847,5.555811105296016,0.7459030020982027,4.7011140268296,shared_2l_1pool
7848,5.575309973210096,0.7268867921084166,4.743350204080343,shared_2l_1pool
7849,5.577374016866088,0.7272479124367237,4.743363941088319,shared_2l_1pool
7850,5.537844030186534,0.7147020660340786,4.7153381165117025,shared_2l_1pool
7851,5.55434706620872,0.730985077098012,4.714525071904063,shared_2l_1pool
7852,5.5466690100729465,0.7206909358501434,4.720329074189067,shared_2l_1pool
7853,5.572564899921417,0.7419828325510025,4.727756138890982,shared_2l_1pool
7854,5.586179904639721,0.7266870234161615,4.7542809043079615,shared_2l_1pool
7855,5.523300031200051,0.7053869776427746,4.711962072178721,shared_2l_1pool
7856,5.552995949983597,0.7279899436980486,4.719950025901198,shared_2l_1pool
7857,5.529206013306975,0.7122240494936705,4.711761837825179,shared_2l_1pool
7858,5.542677128687501,0.7273990195244551,4.710376961156726,shared_2l_1pool
7859,5.5358088575303555,0.7224970031529665,4.702094942331314,shared_2l_1pool
7860,5.5441230069845915,0.7426610682159662,4.692618967965245,shared_2l_1pool
7861,6.67594512924552,1.7369769047945738,4.819326102733612,shared_2l_1pool
7862,5.607757018879056,0.7402151823043823,4.760553827509284,shared_2l_1pool
7863,5.620308918878436,0.738292932510376,4.772325977683067,shared_2l_1pool
7864,5.586637882515788,0.7369089871644974,4.743525059893727,shared_2l_1pool
7865,5.537041928619146,0.7312879897654057,4.70181810669601,shared_2l_1pool
7866,5.553107941523194,0.7282102014869452,4.720204975455999,shared_2l_1pool
7867,5.5783449206501245,0.7231079507619143,4.7498519998043776,shared_2l_1pool
7868,5.536115961149335,0.716296024620533,4.714983981102705,shared_2l_1pool
7869,5.540170939639211,0.7235947996377945,4.711916204541922,shared_2l_1pool
7870,5.51966205239296,0.7075320463627577,4.7069150023162365,shared_2l_1pool
7871,5.558907985687256,0.7247079629451036,4.730700049549341,shared_2l_1pool
7872,5.54771488532424,0.7274311501532793,4.711089888587594,shared_2l_1pool
7873,5.518835037946701,0.7163810078054667,4.697337979450822,shared_2l_1pool
7874,5.568647058680654,0.7279699202626944,4.735904047265649,shared_2l_1pool
7875,5.593555048108101,0.7183460984379053,4.770603030920029,shared_2l_1pool
7876,5.568853113800287,0.7415530271828175,4.7213679645210505,shared_2l_1pool
7877,6.692799041047692,1.742656109854579,4.830084042623639,shared_2l_1pool
7878,5.6025690864771605,0.7206909358501434,4.773898050189018,shared_2l_1pool
7879,5.5807530879974365,0.7341550663113594,4.740339936688542,shared_2l_1pool
7880,5.5894930846989155,0.731591833755374,4.75369906052947,shared_2l_1pool
7881,5.564740858972073,0.7188769523054361,4.740484058856964,shared_2l_1pool
7882,5.580447148531675,0.7455521263182163,4.729464882984757,shared_2l_1pool
7883,5.607948871329427,0.7276579272001982,4.775014938786626,shared_2l_1pool
7884,5.628023063763976,0.7400908507406712,4.78216796182096,shared_2l_1pool
7885,5.57857402600348,0.7232711650431156,4.750344902276993,shared_2l_1pool
7886,5.582669982686639,0.7218888495117426,4.75460197776556,shared_2l_1pool
7887,5.588605999946594,0.7320251315832138,4.750740947201848,shared_2l_1pool
7888,5.574344890192151,0.7352449465543032,4.732941975817084,shared_2l_1pool
7889,5.569596076384187,0.7280439604073763,4.7338781878352165,shared_2l_1pool
7890,5.58196404017508,0.7288157939910889,4.746600054204464,shared_2l_1pool
7891,5.6113440077751875,0.7311590015888214,4.774755099788308,shared_2l_1pool
7892,5.58378198184073,0.7227000314742327,4.755280911922455,shared_2l_1pool
7893,6.702847080305219,1.7545779701322317,4.8300831113010645,shared_2l_1pool
7894,5.5684109684079885,0.7375821005553007,4.724586848169565,shared_2l_1pool
7895,5.557689117267728,0.7128219585865736,4.739393945783377,shared_2l_1pool
7896,5.5690070148557425,0.7432540878653526,4.721119999885559,shared_2l_1pool
7897,5.554810864850879,0.7341948803514242,4.716627998277545,shared_2l_1pool
7898,5.520825041458011,0.7222350686788559,4.693328868597746,shared_2l_1pool
7899,5.555266980081797,0.7402370683848858,4.7103408724069595,shared_2l_1pool
7900,5.575125105679035,0.7201181724667549,4.749110899865627,shared_2l_1pool
7901,5.60252508148551,0.7400328759104013,4.757382906973362,shared_2l_1pool
7902,5.579398944973946,0.7662009447813034,4.7098861541599035,shared_2l_1pool
7903,5.590895190834999,0.7355529814958572,4.745208891108632,shared_2l_1pool
7904,5.555734038352966,0.7424000650644302,4.708501975983381,shared_2l_1pool
7905,5.536776967346668,0.7337378337979317,4.700712161138654,shared_2l_1pool
7906,5.542325088754296,0.7369490340352058,4.698003875091672,shared_2l_1pool
7907,5.561552941799164,0.7298300042748451,4.729753127321601,shared_2l_1pool
7908,5.561565048992634,0.7329939398914576,4.7256851103156805,shared_2l_1pool
7909,6.802618969231844,1.7468039877712727,4.934976808726788,shared_2l_1pool
7910,5.687069846317172,0.74549182318151,4.8350500874221325,shared_2l_1pool
7911,5.647755926474929,0.7424082141369581,4.799411864951253,shared_2l_1pool
7912,5.63524104654789,0.7377138826996088,4.789872094988823,shared_2l_1pool
7913,5.740124033764005,0.7626339793205261,4.870431963354349,shared_2l_1pool
7914,5.692171165719628,0.7339520379900932,4.853280959650874,shared_2l_1pool
7915,5.668722093105316,0.7317429408431053,4.826745949685574,shared_2l_1pool
7916,5.649148020893335,0.7203789427876472,4.822100978344679,shared_2l_1pool
7917,5.701024085283279,0.737503869459033,4.858511034399271,shared_2l_1pool
7918,5.651123821735382,0.7264742162078619,4.8195188865065575,shared_2l_1pool
7919,5.68507588468492,0.7275769021362066,4.852109123021364,shared_2l_1pool
7920,5.689928075298667,0.7481810171157122,4.835810977965593,shared_2l_1pool
7921,5.701221060007811,0.7532830350100994,4.84369695186615,shared_2l_1pool
7922,5.682874005287886,0.7279820274561644,4.849042044952512,shared_2l_1pool
7923,5.674597108736634,0.746818957850337,4.823469091206789,shared_2l_1pool
7924,5.635442910715938,0.7359201554208994,4.795814864337444,shared_2l_1pool
7925,6.6709439270198345,1.7500899266451597,4.803248913958669,shared_2l_1pool
7926,5.615836009383202,0.7317718118429184,4.777897149324417,shared_2l_1pool
7927,5.581265082582831,0.7423839997500181,4.734075861051679,shared_2l_1pool
7928,5.584169877693057,0.7302090525627136,4.748178878799081,shared_2l_1pool
7929,5.614863941445947,0.7282879669219255,4.78159193880856,shared_2l_1pool
7930,5.585283041000366,0.7340370211750269,4.744920879602432,shared_2l_1pool
7931,5.598396062850952,0.755788991227746,4.738559015095234,shared_2l_1pool
7932,5.568001884967089,0.7323150057345629,4.728507017716765,shared_2l_1pool
7933,5.558830918744206,0.7190338801592588,4.736413015052676,shared_2l_1pool
7934,5.6101009249687195,0.7496089674532413,4.756222013384104,shared_2l_1pool
7935,5.5999180767685175,0.7338139694184065,4.758841125294566,shared_2l_1pool
7936,5.565925035625696,0.7298451382666826,4.730988992378116,shared_2l_1pool
7937,5.584663012996316,0.7363471668213606,4.744063830003142,shared_2l_1pool
7938,5.628547864034772,0.7279119454324245,4.795297048985958,shared_2l_1pool
7939,5.617362912744284,0.739184906706214,4.773609107360244,shared_2l_1pool
7940,5.592099158093333,0.7393381092697382,4.746744874864817,shared_2l_1pool
7941,6.780601106584072,1.7618760466575623,4.898187937214971,shared_2l_1pool
7942,5.718683125451207,0.7685038726776838,4.844652023166418,shared_2l_1pool
7943,5.686154123395681,0.7357541471719742,4.844550043344498,shared_2l_1pool
7944,5.648796912282705,0.7178389932960272,4.826168995350599,shared_2l_1pool
7945,5.6330859661102295,0.7318258285522461,4.795829067006707,shared_2l_1pool
7946,5.63206197693944,0.7488250266760588,4.777085967361927,shared_2l_1pool
7947,5.640095099806786,0.7442070636898279,4.7913899179548025,shared_2l_1pool
7948,5.620355950668454,0.7263189181685448,4.790715174749494,shared_2l_1pool
7949,5.615238798782229,0.7370349485427141,4.772556014358997,shared_2l_1pool
7950,5.590568063780665,0.7231598719954491,4.76486305706203,shared_2l_1pool
7951,5.656047025695443,0.7319720461964607,4.819885129109025,shared_2l_1pool
7952,5.665588891133666,0.7314400281757116,4.828563891351223,shared_2l_1pool
7953,5.632664076983929,0.732179032638669,4.797705914825201,shared_2l_1pool
7954,5.619747098535299,0.7346069905906916,4.779848037287593,shared_2l_1pool
7955,5.673441104590893,0.7291529327630997,4.838275955989957,shared_2l_1pool
7956,5.692973034456372,0.7373602129518986,4.8504669684916735,shared_2l_1pool
7957,6.742368917912245,1.7415687907487154,4.883142188191414,shared_2l_1pool
7958,5.696999840438366,0.7533549796789885,4.837176995351911,shared_2l_1pool
7959,5.666948156431317,0.7340800948441029,4.827336873859167,shared_2l_1pool
7960,5.664200056344271,0.7551140151917934,4.805264063179493,shared_2l_1pool
7961,5.630748113617301,0.7260849233716726,4.801756935194135,shared_2l_1pool
7962,5.66212204284966,0.7432179991155863,4.814355168491602,shared_2l_1pool
7963,5.65825798548758,0.7455118466168642,4.809065023437142,shared_2l_1pool
7964,5.6284519378095865,0.7204411085695028,4.805171862244606,shared_2l_1pool
7965,5.665580043569207,0.7368270307779312,4.8226360231637955,shared_2l_1pool
7966,5.66025311127305,0.7420238107442856,4.811740014702082,shared_2l_1pool
7967,5.653837928548455,0.7522678934037685,4.795771092176437,shared_2l_1pool
7968,5.641021067276597,0.7223510183393955,4.814567044377327,shared_2l_1pool
7969,5.6482471991330385,0.745267141610384,4.799488931894302,shared_2l_1pool
7970,5.701048066839576,0.7922311779111624,4.80373902246356,shared_2l_1pool
7971,5.657148081809282,0.7405809592455626,4.8127491027116776,shared_2l_1pool
7972,5.672952858731151,0.7570229936391115,4.812062019482255,shared_2l_1pool
7973,6.736570969223976,1.7497988883405924,4.868360934779048,shared_2l_1pool
7974,5.673771956935525,0.7733739912509918,4.792893072590232,shared_2l_1pool
7975,5.629183957353234,0.7483798544853926,4.775487119331956,shared_2l_1pool
7976,5.623877979815006,0.7392370607703924,4.780720919370651,shared_2l_1pool
7977,5.645508877933025,0.7256250828504562,4.813915817067027,shared_2l_1pool
7978,5.630786996334791,0.7348170038312674,4.78970305994153,shared_2l_1pool
7979,5.635256879031658,0.734593952074647,4.795558983460069,shared_2l_1pool
7980,5.619995063170791,0.7433069404214621,4.771790001541376,shared_2l_1pool
7981,5.617528920993209,0.739694107323885,4.772024927660823,shared_2l_1pool
7982,5.627691047266126,0.7362819742411375,4.786645993590355,shared_2l_1pool
7983,5.601838929578662,0.7294290699064732,4.7698779962956905,shared_2l_1pool
7984,5.600640084594488,0.7418240420520306,4.755367990583181,shared_2l_1pool
7985,5.6206779554486275,0.7425581570714712,4.771249834448099,shared_2l_1pool
7986,5.623807897791266,0.7486969698220491,4.768820013850927,shared_2l_1pool
7987,5.61683508567512,0.7289689965546131,4.781833849847317,shared_2l_1pool
7988,5.608359817415476,0.7271759677678347,4.775285022333264,shared_2l_1pool
7989,6.766940001398325,1.7677638679742813,4.880973137915134,shared_2l_1pool
7990,5.694290157407522,0.7525009568780661,4.8347890842705965,shared_2l_1pool
7991,5.640704883262515,0.7347888313233852,4.8036950174719095,shared_2l_1pool
7992,5.633726948872209,0.7397981826215982,4.787781974300742,shared_2l_1pool
7993,5.613986868411303,0.7222879212349653,4.787418060004711,shared_2l_1pool
7994,5.639223149046302,0.7384030614048243,4.79699089191854,shared_2l_1pool
7995,5.650334991514683,0.7438091561198235,4.800957860425115,shared_2l_1pool
7996,5.656302208080888,0.7302721496671438,4.820226924493909,shared_2l_1pool
7997,5.610078107565641,0.7283349987119436,4.776528105139732,shared_2l_1pool
7998,5.636394023895264,0.7381329778581858,4.7890369314700365,shared_2l_1pool
7999,5.606116959825158,0.7279079873114824,4.773797933012247,shared_2l_1pool
8000,5.627213045954704,0.7369660306721926,4.7839980106800795,shared_2l_1pool
8001,5.632082000374794,0.7385709322988987,4.788568941876292,shared_2l_1pool
8002,5.650195060297847,0.7403229828923941,4.804655211046338,shared_2l_1pool
8003,5.686488933861256,0.7445199880748987,4.83730505220592,shared_2l_1pool
8004,5.652816034853458,0.733792083337903,4.813827108591795,shared_2l_1pool
8005,6.728613981977105,1.7343268264085054,4.870911128818989,shared_2l_1pool
8006,5.647673970088363,0.7443511858582497,4.794720793142915,shared_2l_1pool
8007,5.654609063640237,0.7439069449901581,4.7986311838030815,shared_2l_1pool
8008,5.622368073090911,0.7294469978660345,4.7857509925961494,shared_2l_1pool
8009,5.6393740233033895,0.7650121115148067,4.769496852532029,shared_2l_1pool
8010,5.606792867183685,0.734817935153842,4.76911710575223,shared_2l_1pool
8011,5.6287001352757215,0.7311089430004358,4.79320902377367,shared_2l_1pool
8012,5.6307821068912745,0.7432089187204838,4.784893011674285,shared_2l_1pool
8013,5.62805705703795,0.736042158678174,4.78521385230124,shared_2l_1pool
8014,5.6480769999325275,0.7283089216798544,4.8145391047000885,shared_2l_1pool
8015,5.651451181620359,0.7365590427070856,4.809447797015309,shared_2l_1pool
8016,5.635919980704784,0.7311571389436722,4.798997892066836,shared_2l_1pool
8017,5.651821848005056,0.7710850331932306,4.7754638362675905,shared_2l_1pool
8018,5.622960161417723,0.7423530332744122,4.774219822138548,shared_2l_1pool
8019,5.62441092915833,0.7341110613197088,4.786734003573656,shared_2l_1pool
8020,5.63257304020226,0.7471700664609671,4.782025003805757,shared_2l_1pool
8021,6.747705861926079,1.7523090355098248,4.873275989666581,shared_2l_1pool
8022,5.641695810481906,0.7430240511894226,4.7927070409059525,shared_2l_1pool
8023,5.619032075628638,0.7447069510817528,4.766124999150634,shared_2l_1pool
8024,5.6624929420650005,0.7438559550791979,4.810059210285544,shared_2l_1pool
8025,5.664309952408075,0.7402379997074604,4.81942412443459,shared_2l_1pool
8026,5.650205072015524,0.7468399126082659,4.795856075361371,shared_2l_1pool
8027,5.632926942780614,0.7369739469140768,4.793707048520446,shared_2l_1pool
8028,5.660542985424399,0.7349050138145685,4.8181789461523294,shared_2l_1pool
8029,5.65193616785109,0.7454620208591223,4.800376947969198,shared_2l_1pool
8030,5.624235142022371,0.7446540985256433,4.774218890815973,shared_2l_1pool
8031,5.6704150047153234,0.7418438326567411,4.824283998459578,shared_2l_1pool
8032,5.6189249735325575,0.7375120185315609,4.775952082127333,shared_2l_1pool
8033,5.634807050228119,0.7401120383292437,4.79224999435246,shared_2l_1pool
8034,5.612967070192099,0.7496851030737162,4.758785013109446,shared_2l_1pool
8035,5.619864910840988,0.7323711179196835,4.7826028894633055,shared_2l_1pool
8036,5.645286990329623,0.7366780191659927,4.801309900358319,shared_2l_1pool
8037,6.77344505675137,1.777356956154108,4.876676015555859,shared_2l_1pool
8038,5.65214897505939,0.758104957640171,4.786081146448851,shared_2l_1pool
8039,5.596501054242253,0.7342828903347254,4.755795933306217,shared_2l_1pool
8040,5.597409093752503,0.7358849979937077,4.754479043185711,shared_2l_1pool
8041,5.645176162943244,0.7475430611521006,4.789231810718775,shared_2l_1pool
8042,5.635556066408753,0.7343480829149485,4.793914034962654,shared_2l_1pool
8043,5.58295683003962,0.7450059056282043,4.732760135084391,shared_2l_1pool
8044,5.589873995631933,0.7391120307147503,4.746166989207268,shared_2l_1pool
8045,5.616271868348122,0.7384899072349072,4.771392093971372,shared_2l_1pool
8046,5.610967054963112,0.7490769494324923,4.755057860165834,shared_2l_1pool
8047,5.61727280728519,0.7412279956042767,4.7722868621349335,shared_2l_1pool
8048,5.603444995358586,0.7369909435510635,4.762506112456322,shared_2l_1pool
8049,5.641347030177712,0.7405409123748541,4.793110070750117,shared_2l_1pool
8050,5.624287994578481,0.7342409808188677,4.786720033735037,shared_2l_1pool
8051,5.615781992673874,0.7398840971291065,4.772086860612035,shared_2l_1pool
8052,5.618975963443518,0.7380668539553881,4.7773621045053005,shared_2l_1pool
8053,6.736045936122537,1.7467730212956667,4.868193995207548,shared_2l_1pool
8054,5.666981916874647,0.7542490493506193,4.804624943062663,shared_2l_1pool
8055,5.672800121828914,0.7437621243298054,4.818544024601579,shared_2l_1pool
8056,5.604734178632498,0.7268090266734362,4.772986052557826,shared_2l_1pool
8057,5.654043983668089,0.7505170069634914,4.799405811354518,shared_2l_1pool
8058,5.6338130962103605,0.7558921352028847,4.772309912368655,shared_2l_1pool
8059,5.6260270066559315,0.7411630358546972,4.780687857419252,shared_2l_1pool
8060,5.597429117187858,0.7383658085018396,4.75359009578824,shared_2l_1pool
8061,5.604119971394539,0.7376691792160273,4.763031844049692,shared_2l_1pool
8062,5.621008109301329,0.7376968860626221,4.777644062414765,shared_2l_1pool
8063,5.643392913043499,0.7571140304207802,4.782286006957293,shared_2l_1pool
8064,5.676012951880693,0.7725132163614035,4.797384841367602,shared_2l_1pool
8065,5.624177865684032,0.7325650658458471,4.787406884133816,shared_2l_1pool
8066,5.701871123164892,0.795918982475996,4.805348115041852,shared_2l_1pool
8067,5.641110008582473,0.7274490781128407,4.8100510612130165,shared_2l_1pool
8068,5.659237038344145,0.748360063880682,4.804807947948575,shared_2l_1pool
8069,6.7659958731383085,1.7558778636157513,4.888453055173159,shared_2l_1pool
8070,5.664731841534376,0.7473370060324669,4.80982381850481,shared_2l_1pool
8071,5.672040861099958,0.7627981249243021,4.801681963726878,shared_2l_1pool
8072,5.672475090250373,0.7507498376071453,4.816135158762336,shared_2l_1pool
8073,5.654040025547147,0.7383180782198906,4.808665020391345,shared_2l_1pool
8074,5.656762979924679,0.7204979192465544,4.831812111660838,shared_2l_1pool
8075,5.64370583742857,0.7325829938054085,4.805166041478515,shared_2l_1pool
8076,5.650314036756754,0.7435509469360113,4.800428170710802,shared_2l_1pool
8077,5.648952908813953,0.7893859874457121,4.7543339896947145,shared_2l_1pool
8078,5.602403078228235,0.7222099229693413,4.771077074110508,shared_2l_1pool
8079,5.599829135462642,0.7119751535356045,4.783760057762265,shared_2l_1pool
8080,5.606574006378651,0.724865822121501,4.775224952027202,shared_2l_1pool
8081,5.645816912874579,0.7374819833785295,4.801464965566993,shared_2l_1pool
8082,5.636167014017701,0.7286439649760723,4.801230039447546,shared_2l_1pool
8083,5.629972089082003,0.7490890566259623,4.776170942932367,shared_2l_1pool
8084,5.657193949446082,0.7516150362789631,4.8007480800151825,shared_2l_1pool
8085,6.769692059606314,1.7677440773695707,4.883239045739174,shared_2l_1pool
8086,5.692844046279788,0.7618418894708157,4.823890049010515,shared_2l_1pool
8087,5.663494113832712,0.754977110773325,4.794869804754853,shared_2l_1pool
8088,5.701584974303842,0.7653520442545414,4.829633049666882,shared_2l_1pool
8089,5.674637155607343,0.7429998368024826,4.827127093449235,shared_2l_1pool
8090,5.682674003764987,0.749737024307251,4.8256078734993935,shared_2l_1pool
8091,5.660871043801308,0.7238888647407293,4.831343190744519,shared_2l_1pool
8092,5.68893295712769,0.7378729060292244,4.844543058425188,shared_2l_1pool
8093,5.653589963912964,0.7472289726138115,4.801223985850811,shared_2l_1pool
8094,5.6339099537581205,0.7230599876493216,4.805009113624692,shared_2l_1pool
8095,5.671386839821935,0.7377439178526402,4.829558078199625,shared_2l_1pool
8096,5.650477018207312,0.7472001016139984,4.799047950655222,shared_2l_1pool
8097,5.636428017169237,0.731026055291295,4.801744828000665,shared_2l_1pool
8098,5.634411005303264,0.7404028438031673,4.788556136190891,shared_2l_1pool
8099,5.664099007844925,0.7372221443802118,4.820274887606502,shared_2l_1pool
8100,5.648800870403647,0.7394971325993538,4.8050598707050085,shared_2l_1pool
8101,7.028021151199937,1.9812311511486769,4.926526919007301,shared_2l_1pool
8102,5.701921880245209,0.7556949276477098,4.837449872866273,shared_2l_1pool
8103,5.670239916071296,0.7530439179390669,4.81103197671473,shared_2l_1pool
8104,5.6450399570167065,0.7452520076185465,4.791788989678025,shared_2l_1pool
8105,5.639092065393925,0.7463730871677399,4.790117964148521,shared_2l_1pool
8106,5.629632854834199,0.7458049803972244,4.775263136252761,shared_2l_1pool
8107,5.623318953439593,0.7451190613210201,4.774692934006453,shared_2l_1pool
8108,5.658556940034032,0.7579538505524397,4.796310095116496,shared_2l_1pool
8109,5.651348037645221,0.7491318974643946,4.793865140527487,shared_2l_1pool
8110,5.676036002114415,0.7426030933856964,4.826613934710622,shared_2l_1pool
8111,5.645123077556491,0.7534560281783342,4.784571006894112,shared_2l_1pool
8112,5.611745873466134,0.7255168166011572,4.78135421872139,shared_2l_1pool
8113,5.616351962089539,0.7341250311583281,4.7779090236872435,shared_2l_1pool
8114,5.65266702324152,0.7401311304420233,4.807997960597277,shared_2l_1pool
8115,5.661893868818879,0.7709141355007887,4.7866899985820055,shared_2l_1pool
8116,5.635751178488135,0.7384249474853277,4.790030885487795,shared_2l_1pool
8117,6.741012912243605,1.7629638314247131,4.859972978010774,shared_2l_1pool
8118,5.659854970872402,0.7551179733127356,4.797265166416764,shared_2l_1pool
8119,5.656858906149864,0.749305123463273,4.797338042408228,shared_2l_1pool
8120,5.653172032907605,0.7381699979305267,4.807149991393089,shared_2l_1pool
8121,5.66126499325037,0.7417930755764246,4.815930966287851,shared_2l_1pool
8122,5.67304901778698,0.7479230407625437,4.818029934540391,shared_2l_1pool
8123,5.667906953021884,0.7553000468760729,4.808145109564066,shared_2l_1pool
8124,5.637977039441466,0.7474678568542004,4.786787088960409,shared_2l_1pool
8125,5.687708966434002,0.7428668905049562,4.839719971641898,shared_2l_1pool
8126,5.696202861145139,0.7503689266741276,4.840109962970018,shared_2l_1pool
8127,5.685415118932724,0.7632528431713581,4.816102096810937,shared_2l_1pool
8128,5.631219130009413,0.7465321104973555,4.779237788170576,shared_2l_1pool
8129,5.654544802382588,0.7504429668188095,4.799701971933246,shared_2l_1pool
8130,5.659507121890783,0.7506839465349913,4.801504081115127,shared_2l_1pool
8131,5.653026979416609,0.7478878833353519,4.801748087629676,shared_2l_1pool
8132,5.649439059197903,0.7377939764410257,4.807899007573724,shared_2l_1pool
8133,6.782398093491793,1.7535341903567314,4.907203838229179,shared_2l_1pool
8134,5.704307928681374,0.7451858837157488,4.852874204516411,shared_2l_1pool
8135,5.72686200030148,0.7486378308385611,4.872080171480775,shared_2l_1pool
8136,5.692052887752652,0.7502508815377951,4.836078966036439,shared_2l_1pool
8137,5.683589959517121,0.734671950340271,4.84427297487855,shared_2l_1pool
8138,5.6849210523068905,0.7373469416052103,4.84250788576901,shared_2l_1pool
8139,5.694725085049868,0.751307001337409,4.839225905016065,shared_2l_1pool
8140,5.6567080318927765,0.7345450576394796,4.813183099031448,shared_2l_1pool
8141,5.663292016834021,0.7431341800838709,4.814305808395147,shared_2l_1pool
8142,5.658101988956332,0.7463439833372831,4.807780962437391,shared_2l_1pool
8143,5.725176073610783,0.764019088819623,4.851310048252344,shared_2l_1pool
8144,5.648615071550012,0.739529961720109,4.803420975804329,shared_2l_1pool
8145,5.670345854014158,0.7511421572417021,4.814425949007273,shared_2l_1pool
8146,5.663624033331871,0.7539568468928337,4.8029262106865644,shared_2l_1pool
8147,5.656865891069174,0.7259908597916365,4.825746174901724,shared_2l_1pool
8148,5.628956947475672,0.7358081638813019,4.789536818861961,shared_2l_1pool
8149,6.7667190451174974,1.7521979752928019,4.8955390229821205,shared_2l_1pool
8150,5.6528570130467415,0.7529309950768948,4.79224999435246,shared_2l_1pool
8151,5.685515934601426,0.7588539738208055,4.821961047127843,shared_2l_1pool
8152,5.710572004318237,0.7466771639883518,4.858135944232345,shared_2l_1pool
8153,5.650235107168555,0.7361418101936579,4.808411002159119,shared_2l_1pool
8154,5.644415970891714,0.74631511233747,4.79358690790832,shared_2l_1pool
8155,5.62170404009521,0.731233973056078,4.784975200891495,shared_2l_1pool
8156,5.635845009237528,0.7375439163297415,4.79474407620728,shared_2l_1pool
8157,5.663584917783737,0.7534800097346306,4.808222874999046,shared_2l_1pool
8158,5.633038002997637,0.7253058720380068,4.801219096407294,shared_2l_1pool
8159,5.64981997013092,0.722232973203063,4.823128925636411,shared_2l_1pool
8160,5.701232934370637,0.7575962226837873,4.836744861677289,shared_2l_1pool
8161,5.64449792727828,0.7373921107500792,4.803522024303675,shared_2l_1pool
8162,5.636368878185749,0.7396892178803682,4.791817860677838,shared_2l_1pool
8163,5.683440016582608,0.7501649670302868,4.8315508756786585,shared_2l_1pool
8164,5.6778008583933115,0.7397639565169811,4.832923179492354,shared_2l_1pool
8165,6.940152961760759,1.7530769109725952,5.061889067292213,shared_2l_1pool
8166,5.838335957378149,0.7516010664403439,4.979664925485849,shared_2l_1pool
8167,5.790560971945524,0.7528970018029213,4.930889001116157,shared_2l_1pool
8168,5.832900060340762,0.7695539388805628,4.958541132509708,shared_2l_1pool
8169,5.823388928547502,0.7528041023761034,4.963163053616881,shared_2l_1pool
8170,5.818146979436278,0.7476250175386667,4.965715110301971,shared_2l_1pool
8171,5.805231165140867,0.7210818585008383,4.9781519919633865,shared_2l_1pool
8172,5.782868014648557,0.7492878939956427,4.929810995236039,shared_2l_1pool
8173,5.79370092600584,0.744841992855072,4.9438809510320425,shared_2l_1pool
8174,5.808236077427864,0.7530939765274525,4.947138950228691,shared_2l_1pool
8175,5.805079126730561,0.7503929082304239,4.948558053001761,shared_2l_1pool
8176,5.786831956356764,0.7570218294858932,4.925128072500229,shared_2l_1pool
8177,5.800952902063727,0.7301671430468559,4.966625943779945,shared_2l_1pool
8178,5.797803169116378,0.7386310026049614,4.954549949616194,shared_2l_1pool
8179,5.795507924631238,0.7520690560340881,4.94093494489789,shared_2l_1pool
8180,5.7844920083880424,0.7590739987790585,4.922139924019575,shared_2l_1pool
8181,6.756038870662451,1.7560289707034826,4.878543084487319,shared_2l_1pool
8182,5.68220904096961,0.7334230467677116,4.843094851821661,shared_2l_1pool
8183,5.694865947589278,0.7437348831444979,4.845208954066038,shared_2l_1pool
8184,5.690274061635137,0.7515731267631054,4.832832841202617,shared_2l_1pool
8185,5.638837115839124,0.7254502270370722,4.809194942936301,shared_2l_1pool
8186,5.681806011125445,0.7566779386252165,4.820331931114197,shared_2l_1pool
8187,5.670774029567838,0.7490280549973249,4.818375920876861,shared_2l_1pool
8188,5.665285978466272,0.7501621730625629,4.810225917026401,shared_2l_1pool
8189,5.7153108064085245,0.757517060264945,4.851880948990583,shared_2l_1pool
8190,5.692728096619248,0.7555568590760231,4.83189313672483,shared_2l_1pool
8191,5.659228889271617,0.7378209847956896,4.816584987565875,shared_2l_1pool
8192,5.679697031155229,0.7554241456091404,4.820824833586812,shared_2l_1pool
8193,5.662712035700679,0.7504881359636784,4.807537887245417,shared_2l_1pool
8194,5.660397000610828,0.7428450044244528,4.815300926566124,shared_2l_1pool
8195,5.684626055881381,0.7436850573867559,4.836434964090586,shared_2l_1pool
8196,5.660123890265822,0.7487048860639334,4.806416109204292,shared_2l_1pool
8197,6.852591875940561,1.772815827280283,4.958965117111802,shared_2l_1pool
8198,5.714104976505041,0.7442620117217302,4.863057052716613,shared_2l_1pool
8199,5.748312920331955,0.7591040339320898,4.883643938228488,shared_2l_1pool
8200,5.772399948909879,0.7607468869537115,4.906425951048732,shared_2l_1pool
8201,5.72752789594233,0.7447239477187395,4.872963996604085,shared_2l_1pool
8202,5.757651058956981,0.7526921108365059,4.901431966573,shared_2l_1pool
8203,5.74632897041738,0.7561328820884228,4.885464906692505,shared_2l_1pool
8204,5.727023119106889,0.7453789003193378,4.879799205809832,shared_2l_1pool
8205,5.699774017557502,0.7292800582945347,4.864437039941549,shared_2l_1pool
8206,5.708120996132493,0.7382731419056654,4.865309922024608,shared_2l_1pool
8207,5.728153046220541,0.7500431966036558,4.873067839071155,shared_2l_1pool
8208,5.726682022213936,0.7411548867821693,4.879859043285251,shared_2l_1pool
8209,5.709748016670346,0.7388130761682987,4.86661889590323,shared_2l_1pool
8210,5.707084899768233,0.7580840028822422,4.843857139348984,shared_2l_1pool
8211,5.73991984128952,0.7454310543835163,4.887257935479283,shared_2l_1pool
8212,5.741945002228022,0.7540879305452108,4.884272115305066,shared_2l_1pool
8213,6.814888911321759,1.7529830802232027,4.943552892655134,shared_2l_1pool
8214,5.738078150898218,0.7561501115560532,4.873750964179635,shared_2l_1pool
8215,5.723533919081092,0.7523058447986841,4.866817966103554,shared_2l_1pool
8216,5.747688002884388,0.7620721589773893,4.879107931628823,shared_2l_1pool
8217,5.707815056666732,0.7445961236953735,4.857202991843224,shared_2l_1pool
8218,5.693715997040272,0.7549258880317211,4.833671031519771,shared_2l_1pool
8219,5.755106918513775,0.7622118573635817,4.887814167886972,shared_2l_1pool
8220,5.7632350362837315,0.7507908158004284,4.907196154817939,shared_2l_1pool
8221,5.741671891883016,0.7415350992232561,4.895515041425824,shared_2l_1pool
8222,5.725437076762319,0.7437330204993486,4.875289974734187,shared_2l_1pool
8223,5.748344119638205,0.7595880888402462,4.883632063865662,shared_2l_1pool
8224,5.7392241433262825,0.7416470907628536,4.891996970400214,shared_2l_1pool
8225,5.7456158101558685,0.7486720569431782,4.891664022579789,shared_2l_1pool
8226,5.7583521120250225,0.739116920158267,4.9146979581564665,shared_2l_1pool
8227,5.732177058234811,0.7615969516336918,4.868699936196208,shared_2l_1pool
8228,5.72953000664711,0.7277950644493103,4.894013050943613,shared_2l_1pool
8229,6.840160116553307,1.7739171162247658,4.945748019963503,shared_2l_1pool
8230,5.7432991452515125,0.7602921687066555,4.877635044977069,shared_2l_1pool
8231,5.728964926674962,0.7504350505769253,4.8734210431575775,shared_2l_1pool
8232,5.733662052080035,0.759070971980691,4.8706200905144215,shared_2l_1pool
8233,5.730923032388091,0.7408878300338984,4.884785041213036,shared_2l_1pool
8234,5.717277992516756,0.7507579866796732,4.861219087615609,shared_2l_1pool
8235,5.721717840060592,0.7490040734410286,4.867593990638852,shared_2l_1pool
8236,5.694681080058217,0.7464878726750612,4.838572116568685,shared_2l_1pool
8237,5.6963590905070305,0.7398489397019148,4.851057892665267,shared_2l_1pool
8238,5.709043005481362,0.7572048343718052,4.84920316375792,shared_2l_1pool
8239,5.692954873666167,0.7571498863399029,4.83141397126019,shared_2l_1pool
8240,5.710404831916094,0.7462138310074806,4.858586005866528,shared_2l_1pool
8241,5.752685014158487,0.7483579684048891,4.9000701401382685,shared_2l_1pool
8242,5.68192102946341,0.7356142159551382,4.8382829409092665,shared_2l_1pool
8243,5.719867069274187,0.7595529314130545,4.849979188293219,shared_2l_1pool
8244,5.700486013665795,0.748282065615058,4.845696967095137,shared_2l_1pool
8245,6.875648163259029,1.8021049909293652,4.952658899128437,shared_2l_1pool
8246,5.7608128990978,0.7708710618317127,4.881509114056826,shared_2l_1pool
8247,5.753893870860338,0.765632838010788,4.884514957666397,shared_2l_1pool
8248,5.736953113228083,0.7411530241370201,4.890386015176773,shared_2l_1pool
8249,5.749232834205031,0.7463130168616772,4.897454986348748,shared_2l_1pool
8250,5.744053982198238,0.7632479537278414,4.871506011113524,shared_2l_1pool
8251,5.709592020139098,0.7477689068764448,4.856551997363567,shared_2l_1pool
8252,5.729758180677891,0.7382831536233425,4.886886803433299,shared_2l_1pool
8253,5.694458959624171,0.732343876734376,4.860150162130594,shared_2l_1pool
8254,5.749246804043651,0.762884970754385,4.880851833149791,shared_2l_1pool
8255,5.757548147812486,0.7679210975766182,4.883561981841922,shared_2l_1pool
8256,5.764087894931436,0.7386321667581797,4.920903826132417,shared_2l_1pool
8257,5.743777146562934,0.7482948713004589,4.890379961580038,shared_2l_1pool
8258,5.730826873332262,0.7394689600914717,4.884862108156085,shared_2l_1pool
8259,5.714527098461986,0.7454999722540379,4.866063827648759,shared_2l_1pool
8260,5.7412791065871716,0.7497312035411596,4.8859769012779,shared_2l_1pool
8261,6.920877145603299,1.8409541808068752,4.961561877280474,shared_2l_1pool
8262,5.75716607272625,0.766347162425518,4.882905865088105,shared_2l_1pool
8263,5.771917058154941,0.7565829437226057,4.908215021714568,shared_2l_1pool
8264,5.7339840568602085,0.7790899835526943,4.851326113566756,shared_2l_1pool
8265,5.730228032916784,0.7636828813701868,4.8560211434960365,shared_2l_1pool
8266,5.69923291914165,0.7531489245593548,4.839048953726888,shared_2l_1pool
8267,5.73751307092607,0.7679248228669167,4.8629650846123695,shared_2l_1pool
8268,5.722854984924197,0.7461081258952618,4.872768884524703,shared_2l_1pool
8269,5.7549141347408295,0.7654749788343906,4.879232961684465,shared_2l_1pool
8270,5.7562231086194515,0.7692028302699327,4.8806790728122,shared_2l_1pool
8271,5.710493074730039,0.729813938960433,4.873374942690134,shared_2l_1pool
8272,5.710787838324904,0.7399008609354496,4.864514106884599,shared_2l_1pool
8273,5.732934921979904,0.7615189533680677,4.863942041993141,shared_2l_1pool
8274,5.7002760004252195,0.749730970710516,4.8470699694007635,shared_2l_1pool
8275,5.708042997866869,0.7370810490101576,4.863746929913759,shared_2l_1pool
8276,5.748405121266842,0.7586618885397911,4.883187124505639,shared_2l_1pool
8277,6.904128938913345,1.8356849905103445,4.9494849517941475,shared_2l_1pool
8278,5.730659933760762,0.7665068842470646,4.855606006458402,shared_2l_1pool
8279,5.7040920946747065,0.7622819393873215,4.835094092413783,shared_2l_1pool
8280,5.704357055947185,0.7521170191466808,4.847313044592738,shared_2l_1pool
8281,5.696547916159034,0.7519458886235952,4.839766072109342,shared_2l_1pool
8282,5.708396900445223,0.7613939233124256,4.839157219976187,shared_2l_1pool
8283,5.708741955459118,0.7670680060982704,4.835040075704455,shared_2l_1pool
8284,5.6904631201177835,0.7198469247668982,4.864471033215523,shared_2l_1pool
8285,5.736371036618948,0.7505451794713736,4.881596891209483,shared_2l_1pool
8286,5.707964999601245,0.7591841276735067,4.843682050704956,shared_2l_1pool
8287,5.678232992067933,0.7455318700522184,4.828515229746699,shared_2l_1pool
8288,5.705320043489337,0.7477181497961283,4.8525279853492975,shared_2l_1pool
8289,5.713935941457748,0.7538441568613052,4.854863975197077,shared_2l_1pool
8290,5.705241113901138,0.7459798362106085,4.855102160945535,shared_2l_1pool
8291,5.686013959348202,0.7415239233523607,4.841640125960112,shared_2l_1pool
8292,5.715084029361606,0.7605480495840311,4.85122692771256,shared_2l_1pool
8293,6.819159956648946,1.8022230360656977,4.897361854091287,shared_2l_1pool
8294,5.711311008781195,0.7731539662927389,4.8305990640074015,shared_2l_1pool
8295,5.673999199643731,0.7361860480159521,4.831050988286734,shared_2l_1pool
8296,5.700638983398676,0.7650151383131742,4.830407910048962,shared_2l_1pool
8297,5.705913994461298,0.7601920515298843,4.83996095135808,shared_2l_1pool
8298,5.691527854651213,0.7401411421597004,4.843342816457152,shared_2l_1pool
8299,5.674466956406832,0.7330530788749456,4.83452994376421,shared_2l_1pool
8300,5.746424896642566,0.7916491013020277,4.84878197312355,shared_2l_1pool
8301,5.703379865735769,0.7343408651649952,4.862327128648758,shared_2l_1pool
8302,5.706527037546039,0.765905948355794,4.8347830306738615,shared_2l_1pool
8303,5.678782006725669,0.7464149966835976,4.82692988589406,shared_2l_1pool
8304,5.686423974111676,0.7557659409940243,4.825982032343745,shared_2l_1pool
8305,5.669381003826857,0.7322290912270546,4.833566956222057,shared_2l_1pool
8306,5.68288192152977,0.7513090968132019,4.826461896300316,shared_2l_1pool
8307,5.6724760215729475,0.7476960308849812,4.816829925402999,shared_2l_1pool
8308,5.673757987096906,0.7379129528999329,4.829826997593045,shared_2l_1pool
8309,6.8752579391002655,1.805939944460988,4.942446947097778,shared_2l_1pool
8310,5.758641054853797,0.7766159251332283,4.873617086559534,shared_2l_1pool
8311,5.739259999245405,0.7592879701405764,4.872245015576482,shared_2l_1pool
8312,5.727801937609911,0.7528560236096382,4.870620789006352,shared_2l_1pool
8313,5.7189748622477055,0.7566739805042744,4.858674015849829,shared_2l_1pool
8314,5.7303509674966335,0.7576271891593933,4.8619958106428385,shared_2l_1pool
8315,5.684273084625602,0.7412410341203213,4.836686886847019,shared_2l_1pool
8316,5.713155958801508,0.7577440701425076,4.85027302056551,shared_2l_1pool
8317,5.683555034920573,0.7305140607059002,4.848620854318142,shared_2l_1pool
8318,5.707558011636138,0.7459030020982027,4.858652828261256,shared_2l_1pool
8319,5.704383132979274,0.7342949975281954,4.866559989750385,shared_2l_1pool
8320,5.689343204721808,0.7314188405871391,4.85348398797214,shared_2l_1pool
8321,5.68827404640615,0.749681144952774,4.83566103503108,shared_2l_1pool
8322,5.730591947212815,0.7538599893450737,4.869441036134958,shared_2l_1pool
8323,5.75397489592433,0.7582979742437601,4.889305913820863,shared_2l_1pool
8324,5.740990862250328,0.7543410174548626,4.881707951426506,shared_2l_1pool
8325,6.853397004306316,1.810871995985508,4.921606043353677,shared_2l_1pool
8326,5.732304882258177,0.7657839450985193,4.860281012952328,shared_2l_1pool
8327,5.729434080421925,0.7312190718948841,4.891417920589447,shared_2l_1pool
8328,5.723583046346903,0.7508608978241682,4.868885967880487,shared_2l_1pool
8329,5.741216940805316,0.7593829650431871,4.874374950304627,shared_2l_1pool
8330,5.7498859241604805,0.7521091029047966,4.885856993496418,shared_2l_1pool
8331,5.716325016692281,0.7335569243878126,4.876411985605955,shared_2l_1pool
8332,5.74854202568531,0.7509030401706696,4.892630036920309,shared_2l_1pool
8333,5.732727004215121,0.7643499411642551,4.86251013353467,shared_2l_1pool
8334,5.734060890972614,0.7605080027133226,4.859329899773002,shared_2l_1pool
8335,5.729813128709793,0.7548639550805092,4.869018914178014,shared_2l_1pool
8336,5.710484925657511,0.7355399429798126,4.871119046583772,shared_2l_1pool
8337,5.7007670402526855,0.7564420811831951,4.839356988668442,shared_2l_1pool
8338,5.7117140386253595,0.7434808649122715,4.862832138314843,shared_2l_1pool
8339,5.766610847786069,0.7870960980653763,4.87289996817708,shared_2l_1pool
8340,5.713017890229821,0.7433139253407717,4.865841008722782,shared_2l_1pool
8341,6.8688299506902695,1.7874089535325766,4.963106941431761,shared_2l_1pool
8342,5.733333993703127,0.7608600426465273,4.860545974224806,shared_2l_1pool
8343,5.761217093095183,0.7611219771206379,4.895513877272606,shared_2l_1pool
8344,5.776930833235383,0.7417870219796896,4.928200971335173,shared_2l_1pool
8345,5.7491709012538195,0.7618539966642857,4.883775021880865,shared_2l_1pool
8346,5.722683155909181,0.7483938243240118,4.865800030529499,shared_2l_1pool
8347,5.757374921813607,0.7608439773321152,4.889652132987976,shared_2l_1pool
8348,5.755574908107519,0.7308500353246927,4.919945960864425,shared_2l_1pool
8349,5.737781058996916,0.7612449117004871,4.873468074947596,shared_2l_1pool
8350,5.695017985999584,0.7218900136649609,4.862647037953138,shared_2l_1pool
8351,5.70959085598588,0.7409809622913599,4.865161841735244,shared_2l_1pool
8352,5.7385999243706465,0.7542779203504324,4.879846004769206,shared_2l_1pool
8353,5.745022092014551,0.7662889547646046,4.874743055552244,shared_2l_1pool
8354,5.732260178774595,0.7630600593984127,4.86417580395937,shared_2l_1pool
8355,5.708674900233746,0.7492660079151392,4.854303784668446,shared_2l_1pool
8356,5.726584931835532,0.7576309144496918,4.864347167313099,shared_2l_1pool
8357,6.8754940293729305,1.8183779902756214,4.936886020004749,shared_2l_1pool
8358,5.788124864920974,0.7812778931111097,4.890626994892955,shared_2l_1pool
8359,5.761665059253573,0.7557559292763472,4.898492945358157,shared_2l_1pool
8360,5.742822075262666,0.7511570584028959,4.885276081040502,shared_2l_1pool
8361,5.728401942178607,0.7543268147855997,4.866681061685085,shared_2l_1pool
8362,5.723402136936784,0.7718151900917292,4.843632923439145,shared_2l_1pool
8363,5.722273839637637,0.7528539281338453,4.863672191277146,shared_2l_1pool
8364,5.7355600874871016,0.7627480663359165,4.867624957114458,shared_2l_1pool
8365,5.7130849454551935,0.7528108544647694,4.853619961068034,shared_2l_1pool
8366,5.731046898290515,0.7416040170937777,4.880697000771761,shared_2l_1pool
8367,5.698374006897211,0.7328919600695372,4.860711051151156,shared_2l_1pool
8368,5.709503078833222,0.7488669361919165,4.855795064941049,shared_2l_1pool
8369,5.70507301017642,0.7559980731457472,4.8436440993100405,shared_2l_1pool
8370,5.726802861317992,0.7430969271808863,4.877463914453983,shared_2l_1pool
8371,5.698753986507654,0.74946996755898,4.846111172810197,shared_2l_1pool
8372,5.736625054851174,0.7688789628446102,4.863423062488437,shared_2l_1pool
8373,6.83526904322207,1.779985148459673,4.937159828841686,shared_2l_1pool
8374,5.755677120760083,0.7480671629309654,4.8982498701661825,shared_2l_1pool
8375,5.7385938707739115,0.748960068449378,4.883738933131099,shared_2l_1pool
8376,5.762611050158739,0.7590188179165125,4.89661400206387,shared_2l_1pool
8377,5.697193089872599,0.7569191511720419,4.836531821638346,shared_2l_1pool
8378,5.753119010478258,0.7470999844372272,4.89831599406898,shared_2l_1pool
8379,5.779855186119676,0.7722708396613598,4.902117187157273,shared_2l_1pool
8380,5.802468862384558,0.7658239919692278,4.930943949148059,shared_2l_1pool
8381,5.732757039368153,0.7539999205619097,4.873760975897312,shared_2l_1pool
8382,5.793184973299503,0.8169489447027445,4.870082950219512,shared_2l_1pool
8383,5.706621101126075,0.7371248211711645,4.86362911760807,shared_2l_1pool
8384,5.733003141358495,0.7678498513996601,4.859723150730133,shared_2l_1pool
8385,5.749693140387535,0.7531228475272655,4.89074201323092,shared_2l_1pool
8386,5.76568697579205,0.7641350384801626,4.893824923783541,shared_2l_1pool
8387,5.763958906754851,0.7636789232492447,4.895983031019568,shared_2l_1pool
8388,5.760519066825509,0.7726650219410658,4.884157096967101,shared_2l_1pool
8389,6.856824969872832,1.7767869867384434,4.959914833307266,shared_2l_1pool
8390,5.771719152107835,0.773424981161952,4.88937902264297,shared_2l_1pool
8391,5.752954864874482,0.7444629445672035,4.902712069451809,shared_2l_1pool
8392,5.764247151091695,0.7575361523777246,4.903267836198211,shared_2l_1pool
8393,5.76603296212852,0.7582730613648891,4.90260892547667,shared_2l_1pool
8394,5.776355974376202,0.7697958499193192,4.90173208527267,shared_2l_1pool
8395,5.855021066963673,0.7542101666331291,4.906747955828905,shared_2l_1pool
8396,5.860079079866409,0.7789221126586199,4.949017893522978,shared_2l_1pool
8397,5.7824659161269665,0.7479740306735039,4.9280819948762655,shared_2l_1pool
8398,5.7179739233106375,0.7398501038551331,4.874303936958313,shared_2l_1pool
8399,5.785563960671425,0.7423609495162964,4.937994061037898,shared_2l_1pool
8400,5.774573888629675,0.7570451125502586,4.9117570742964745,shared_2l_1pool
8401,5.783757893368602,0.7371078245341778,4.940902115777135,shared_2l_1pool
8402,5.733669968321919,0.7609459571540356,4.867976065725088,shared_2l_1pool
8403,5.7617840357124805,0.7594779599457979,4.89707593806088,shared_2l_1pool
8404,5.738983862102032,0.7622239645570517,4.872801946476102,shared_2l_1pool
8405,6.878270069137216,1.768389018252492,4.987702937796712,shared_2l_1pool
8406,5.772917997092009,0.7632758934050798,4.901920910924673,shared_2l_1pool
8407,5.714994855225086,0.7582169491797686,4.852456972002983,shared_2l_1pool
8408,5.739816930145025,0.7561070378869772,4.880111897364259,shared_2l_1pool
8409,5.780723877251148,0.7945068646222353,4.878469044342637,shared_2l_1pool
8410,5.731515120714903,0.7533908355981112,4.874479025602341,shared_2l_1pool
8411,5.724576069042087,0.7658530957996845,4.856914049014449,shared_2l_1pool
8412,5.73778385296464,0.7544038817286491,4.879729123786092,shared_2l_1pool
8413,5.746867973357439,0.7654640357941389,4.876567050814629,shared_2l_1pool
8414,5.752627970650792,0.7610989268869162,4.888930125162005,shared_2l_1pool
8415,5.700143054127693,0.75378711335361,4.842912079766393,shared_2l_1pool
8416,5.749172065407038,0.7655860390514135,4.878045991063118,shared_2l_1pool
8417,5.780006060376763,0.7669881451874971,4.907059948891401,shared_2l_1pool
8418,5.774772958829999,0.7433730643242598,4.925902932882309,shared_2l_1pool
8419,5.740599939599633,0.7563331164419651,4.878505831584334,shared_2l_1pool
8420,5.770159885287285,0.763587886467576,4.899779101833701,shared_2l_1pool
8421,7.006452884525061,1.7717080190777779,5.11352508328855,shared_2l_1pool
8422,5.915334913879633,0.7823219057172537,5.026160040870309,shared_2l_1pool
8423,5.95261505804956,0.8105849847197533,5.0357908476144075,shared_2l_1pool
8424,5.905807018280029,0.7657611276954412,5.035324953496456,shared_2l_1pool
8425,5.923352902755141,0.7544599939137697,5.059018032625318,shared_2l_1pool
8426,5.908330902457237,0.7513719610869884,5.051257088780403,shared_2l_1pool
8427,5.864533130079508,0.7482508663088083,5.010727094486356,shared_2l_1pool
8428,5.8682800736278296,0.7427330128848553,5.019467091187835,shared_2l_1pool
8429,5.881248041987419,0.7576281204819679,5.018535070121288,shared_2l_1pool
8430,5.936459871008992,0.7638060487806797,5.067441845312715,shared_2l_1pool
8431,5.920725874602795,0.7623410783708096,5.052811931818724,shared_2l_1pool
8432,5.924877943471074,0.7496459875255823,5.067944061011076,shared_2l_1pool
8433,5.908411927521229,0.7644190918654203,5.036717047914863,shared_2l_1pool
8434,5.978941917419434,0.8122620638459921,5.060666939243674,shared_2l_1pool
8435,5.853050854057074,0.7545999251306057,4.992939997464418,shared_2l_1pool
8436,5.847699008882046,0.732840970158577,5.008999025449157,shared_2l_1pool
8437,6.864188937470317,1.772570889443159,4.969708155840635,shared_2l_1pool
8438,5.77389495447278,0.764255179092288,4.904557950794697,shared_2l_1pool
8439,5.798362893983722,0.778143061324954,4.9124539364129305,shared_2l_1pool
8440,5.8089508675038815,0.773365143686533,4.931060830131173,shared_2l_1pool
8441,5.799296079203486,0.7785609923303127,4.917568992823362,shared_2l_1pool
8442,5.797200836241245,0.7664011791348457,4.925226792693138,shared_2l_1pool
8443,5.778922000899911,0.7612940389662981,4.91327908821404,shared_2l_1pool
8444,5.74810616672039,0.7671411149203777,4.877052968367934,shared_2l_1pool
8445,5.748351104557514,0.7588739972561598,4.886385053396225,shared_2l_1pool
8446,5.783450789749622,0.7463330402970314,4.926885012537241,shared_2l_1pool
8447,5.773348966613412,0.7526229601353407,4.915477940812707,shared_2l_1pool
8448,5.744701949879527,0.7498681079596281,4.889295902103186,shared_2l_1pool
8449,5.780331091955304,0.771817984059453,4.905725130811334,shared_2l_1pool
8450,5.776786943897605,0.7589720189571381,4.912136122584343,shared_2l_1pool
8451,5.781851010397077,0.763885909691453,4.914873978123069,shared_2l_1pool
8452,5.721164867281914,0.7585329003632069,4.858616041019559,shared_2l_1pool
8453,6.906765978783369,1.7853721510618925,5.001240875571966,shared_2l_1pool
8454,5.863665137439966,0.8004831615835428,4.956337856128812,shared_2l_1pool
8455,5.821602884680033,0.7504657842218876,4.9649321008473635,shared_2l_1pool
8456,5.898887990042567,0.802607974037528,4.990408895537257,shared_2l_1pool
8457,5.82194491289556,0.748238991945982,4.967512795701623,shared_2l_1pool
8458,5.830093054100871,0.7666810415685177,4.957232857123017,shared_2l_1pool
8459,5.8497770223766565,0.7600749377161264,4.98588802292943,shared_2l_1pool
8460,5.83283300511539,0.7696610409766436,4.95705078355968,shared_2l_1pool
8461,5.838569020852447,0.7677148096263409,4.964222200214863,shared_2l_1pool
8462,5.846293875947595,0.7964768446981907,4.945166176185012,shared_2l_1pool
8463,5.875715054571629,0.7871140260249376,4.976809956133366,shared_2l_1pool
8464,5.880631972104311,0.7612078916281462,5.013540154322982,shared_2l_1pool
8465,5.861650919541717,0.7657920941710472,4.99109597876668,shared_2l_1pool
8466,5.789702059701085,0.7476820610463619,4.936003126204014,shared_2l_1pool
8467,5.816522985696793,0.7595920469611883,4.9505578354001045,shared_2l_1pool
8468,5.8434708043932915,0.7589648012071848,4.980410216376185,shared_2l_1pool
8469,6.95174909196794,1.7933680210262537,5.0378041341900826,shared_2l_1pool
8470,5.8582068886607885,0.782364048063755,4.968683933839202,shared_2l_1pool
8471,5.822915118187666,0.7577459327876568,4.9585020169615746,shared_2l_1pool
8472,5.8936739806085825,0.7672409992665052,5.019898060709238,shared_2l_1pool
8473,5.821575876325369,0.7703790906816721,4.9473000690341,shared_2l_1pool
8474,5.816029850393534,0.7724249735474586,4.937054123729467,shared_2l_1pool
8475,5.797430872917175,0.7714761886745691,4.922532010823488,shared_2l_1pool
8476,5.8100970927625895,0.7597480434924364,4.945408087223768,shared_2l_1pool
8477,5.835876101627946,0.784536125138402,4.949389956891537,shared_2l_1pool
8478,5.832731025293469,0.7582330144941807,4.970401991158724,shared_2l_1pool
8479,5.828309105709195,0.7733579259365797,4.950617905706167,shared_2l_1pool
8480,5.842081969603896,0.7699679117649794,4.967306973412633,shared_2l_1pool
8481,5.829569883644581,0.7594600319862366,4.966384032741189,shared_2l_1pool
8482,5.827006883919239,0.7583929691463709,4.9629490822553635,shared_2l_1pool
8483,5.862248130142689,0.7696510292589664,4.985623061656952,shared_2l_1pool
8484,5.864674923941493,0.7618428207933903,4.99631417915225,shared_2l_1pool
8485,7.383073912933469,2.212798921391368,5.044311052188277,shared_2l_1pool
8486,5.850516026839614,0.7910451386123896,4.950797883793712,shared_2l_1pool
8487,5.840986967086792,0.7758198771625757,4.957992117851973,shared_2l_1pool
8488,5.873078014701605,0.7936779875308275,4.972046939656138,shared_2l_1pool
8489,5.807632114738226,0.7515810430049896,4.948946880176663,shared_2l_1pool
8490,5.823879037052393,0.7662558928132057,4.951968090608716,shared_2l_1pool
8491,5.812449147924781,0.7638270035386086,4.941347986459732,shared_2l_1pool
8492,5.832493072375655,0.7685839664191008,4.957359982654452,shared_2l_1pool
8493,5.852630129083991,0.755583867430687,4.992116941139102,shared_2l_1pool
8494,5.814826115965843,0.7544851396232843,4.9533050041645765,shared_2l_1pool
8495,5.811858922243118,0.7777870632708073,4.928674083203077,shared_2l_1pool
8496,5.801151972264051,0.7762960158288479,4.9210600554943085,shared_2l_1pool
8497,5.806502886116505,0.7545570842921734,4.944450920447707,shared_2l_1pool
8498,5.8101508766412735,0.7761858869343996,4.928982118144631,shared_2l_1pool
8499,5.789316026493907,0.7634270004928112,4.9217380583286285,shared_2l_1pool
8500,5.786085966974497,0.7402349729090929,4.941120045259595,shared_2l_1pool
8501,7.087962003424764,1.9206961151212454,5.042508011683822,shared_2l_1pool
8502,5.874484078958631,0.8222260512411594,4.944646032527089,shared_2l_1pool
8503,5.870558088645339,0.7760550361126661,4.990243120118976,shared_2l_1pool
8504,5.842369981110096,0.762169947847724,4.973000148311257,shared_2l_1pool
8505,5.874963011592627,0.774431973695755,4.994753981009126,shared_2l_1pool
8506,5.845763953402638,0.7757518906146288,4.966621054336429,shared_2l_1pool
8507,5.845693871378899,0.7579398807138205,4.984081024304032,shared_2l_1pool
8508,5.822963081300259,0.7634588982909918,4.955845884978771,shared_2l_1pool
8509,5.8429669588804245,0.775184016674757,4.962787963449955,shared_2l_1pool
8510,5.880859913304448,0.7857840973883867,4.989646840840578,shared_2l_1pool
8511,5.874918075278401,0.768942991271615,5.0014350563287735,shared_2l_1pool
8512,5.817782133817673,0.7666521705687046,4.944681888446212,shared_2l_1pool
8513,5.833280039951205,0.7610260508954525,4.968774970620871,shared_2l_1pool
8514,5.826534936204553,0.7614488713443279,4.961230093613267,shared_2l_1pool
8515,5.840788129717112,0.7625098805874586,4.973687930032611,shared_2l_1pool
8516,5.887034116312861,0.7624619174748659,5.019483156502247,shared_2l_1pool
8517,7.075330009683967,1.907639903947711,5.041985074058175,shared_2l_1pool
8518,5.882444093003869,0.800068024545908,4.973807139322162,shared_2l_1pool
8519,5.839694058522582,0.7718170527368784,4.961711820214987,shared_2l_1pool
8520,5.807216977700591,0.7695769891142845,4.931048955768347,shared_2l_1pool
8521,5.785222863778472,0.7580940145999193,4.920223029330373,shared_2l_1pool
8522,5.799599923193455,0.7626789156347513,4.932818002998829,shared_2l_1pool
8523,5.821577971801162,0.753824831917882,4.964109975844622,shared_2l_1pool
8524,5.82472700625658,0.7681290153414011,4.950047004967928,shared_2l_1pool
8525,5.820014048367739,0.7660870905965567,4.9499759916216135,shared_2l_1pool
8526,5.824340041726828,0.7663690485060215,4.953874042257667,shared_2l_1pool
8527,5.818042904138565,0.7599079981446266,4.956267075613141,shared_2l_1pool
8528,5.824594991281629,0.749050872400403,4.970553098246455,shared_2l_1pool
8529,5.7936490047723055,0.7565908599644899,4.930088063701987,shared_2l_1pool
8530,5.792170995846391,0.7671590428799391,4.9196279142051935,shared_2l_1pool
8531,5.831545917317271,0.761914998292923,4.965943982824683,shared_2l_1pool
8532,5.820475053042173,0.759677030146122,4.956671968102455,shared_2l_1pool
8533,7.001711055636406,1.871167914941907,5.009856075048447,shared_2l_1pool
8534,5.825292784720659,0.763084040954709,4.954220959916711,shared_2l_1pool
8535,5.831605987623334,0.7788809016346931,4.943355917930603,shared_2l_1pool
8536,5.819551181048155,0.7648458704352379,4.948197165504098,shared_2l_1pool
8537,5.848647095263004,0.7796199060976505,4.9654419999569654,shared_2l_1pool
8538,5.806216038763523,0.7635250221937895,4.938120953738689,shared_2l_1pool
8539,5.854350980371237,0.7775898557156324,4.972515162080526,shared_2l_1pool
8540,5.851394031196833,0.7649599574506283,4.979179939255118,shared_2l_1pool
8541,5.79687999561429,0.7517931517213583,4.940220853313804,shared_2l_1pool
8542,5.784780019894242,0.76882797293365,4.908460890874267,shared_2l_1pool
8543,5.81469782628119,0.773213105276227,4.9376708921045065,shared_2l_1pool
8544,5.799550097435713,0.7615159265697002,4.933604970574379,shared_2l_1pool
8545,5.805663065984845,0.7747861091047525,4.922929918393493,shared_2l_1pool
8546,5.792249925434589,0.7514269091188908,4.935991019010544,shared_2l_1pool
8547,5.781671032309532,0.7541470695286989,4.92244609631598,shared_2l_1pool
8548,5.825628060847521,0.7819891907274723,4.938744939863682,shared_2l_1pool
8549,6.980481091886759,1.8600600305944681,4.998375894501805,shared_2l_1pool
8550,5.797224817797542,0.7753700483590364,4.912983858957887,shared_2l_1pool
8551,5.7866189163178205,0.7806739304214716,4.895895952358842,shared_2l_1pool
8552,5.7586790062487125,0.7501880172640085,4.9026720225811005,shared_2l_1pool
8553,5.764090921729803,0.7500629872083664,4.9083728808909655,shared_2l_1pool
8554,5.7932841591537,0.7667229510843754,4.921104060485959,shared_2l_1pool
8555,5.7823131792247295,0.7685038726776838,4.909618990495801,shared_2l_1pool
8556,5.763875087723136,0.7507989648729563,4.908776143565774,shared_2l_1pool
8557,5.799124948680401,0.770065002143383,4.922762047499418,shared_2l_1pool
8558,5.790543043985963,0.7720720022916794,4.912703996524215,shared_2l_1pool
8559,5.808844929561019,0.7710210047662258,4.931465955451131,shared_2l_1pool
8560,5.76943508349359,0.7627990562468767,4.901294130831957,shared_2l_1pool
8561,5.7851700112223625,0.754909124225378,4.92563983425498,shared_2l_1pool
8562,5.766708869487047,0.7521689403802156,4.909985000267625,shared_2l_1pool
8563,5.768372910097241,0.7609778549522161,4.902424989268184,shared_2l_1pool
8564,5.804721033200622,0.7796688005328178,4.921138985082507,shared_2l_1pool
8565,6.938684964552522,1.8178748432546854,4.999847151339054,shared_2l_1pool
8566,5.85514004342258,0.7956628687679768,4.9522630870342255,shared_2l_1pool
8567,5.863935919478536,0.7825959473848343,4.976866999641061,shared_2l_1pool
8568,5.85662922821939,0.775687862187624,4.971333080902696,shared_2l_1pool
8569,5.796057870611548,0.7561070378869772,4.9344168510288,shared_2l_1pool
8570,5.813528085127473,0.7582060061395168,4.948640009388328,shared_2l_1pool
8571,5.844736006110907,0.8099549449980259,4.929845221340656,shared_2l_1pool
8572,5.795979173853993,0.7608539890497923,4.9323339480906725,shared_2l_1pool
8573,5.782985128462315,0.7560071535408497,4.921919899061322,shared_2l_1pool
8574,5.786854075267911,0.7601778488606215,4.921837942674756,shared_2l_1pool
8575,5.816454067826271,0.7793449331074953,4.931676900014281,shared_2l_1pool
8576,5.823213141411543,0.7669709157198668,4.950898000970483,shared_2l_1pool
8577,5.836459109559655,0.7652719505131245,4.9670489970594645,shared_2l_1pool
8578,5.837870063260198,0.7562669925391674,4.97400900349021,shared_2l_1pool
8579,5.829317029565573,0.76256413012743,4.961190978065133,shared_2l_1pool
8580,5.824910942465067,0.7703870069235563,4.9493510741740465,shared_2l_1pool
8581,7.014088798314333,1.88485998660326,5.006652092561126,shared_2l_1pool
8582,5.866402061656117,0.7790829986333847,4.979210905730724,shared_2l_1pool
8583,5.86983491666615,0.788617879152298,4.974220180884004,shared_2l_1pool
8584,5.853061098605394,0.7833000272512436,4.963437793776393,shared_2l_1pool
8585,5.825391039252281,0.7705918978899717,4.948885180056095,shared_2l_1pool
8586,5.8419350534677505,0.7524930406361818,4.9814467784017324,shared_2l_1pool
8587,5.85759081877768,0.765511067584157,4.986479878425598,shared_2l_1pool
8588,5.812067072838545,0.7543452084064484,4.955617943778634,shared_2l_1pool
8589,5.813305964693427,0.7611759938299656,4.946369910612702,shared_2l_1pool
8590,5.822091829031706,0.7687599863857031,4.949280992150307,shared_2l_1pool
8591,5.838324781507254,0.7718689739704132,4.963071085512638,shared_2l_1pool
8592,5.858452059328556,0.7666239980608225,4.983589053153992,shared_2l_1pool
8593,5.820909980684519,0.751368934288621,4.963763989508152,shared_2l_1pool
8594,5.805018125101924,0.7584160193800926,4.940976155921817,shared_2l_1pool
8595,5.8482668828219175,0.7585468702018261,4.984937142580748,shared_2l_1pool
8596,5.829815054312348,0.7699420675635338,4.954126896336675,shared_2l_1pool
8597,7.074266206473112,1.8776459619402885,5.076269153505564,shared_2l_1pool
8598,5.859958007931709,0.7743940223008394,4.978663986548781,shared_2l_1pool
8599,5.840750178322196,0.7637559901922941,4.970825044438243,shared_2l_1pool
8600,5.843825871124864,0.7579280063509941,4.977243021130562,shared_2l_1pool
8601,5.887404084205627,0.7744519971311092,5.007639992982149,shared_2l_1pool
8602,5.913652945309877,0.8173510432243347,4.986598854884505,shared_2l_1pool
8603,5.859665805473924,0.7787330541759729,4.975585965439677,shared_2l_1pool
8604,5.85457100532949,0.7726999465376139,4.976334981620312,shared_2l_1pool
8605,5.850865971297026,0.7808711379766464,4.9646280240267515,shared_2l_1pool
8606,5.831671878695488,0.776464119553566,4.950434900820255,shared_2l_1pool
8607,5.844295956194401,0.7954169996082783,4.943651845678687,shared_2l_1pool
8608,5.83034404553473,0.7634409703314304,4.962139995768666,shared_2l_1pool
8609,5.91004709713161,0.7935548201203346,5.0134670455008745,shared_2l_1pool
8610,5.8320569805800915,0.7615280337631702,4.966899054124951,shared_2l_1pool
8611,5.832914961501956,0.7691939827054739,4.959657089784741,shared_2l_1pool
8612,5.84997795522213,0.7582709658890963,4.987698048353195,shared_2l_1pool
8613,7.00365612283349,1.8736871425062418,5.008780863136053,shared_2l_1pool
8614,5.849801003932953,0.7958489004522562,4.948088899254799,shared_2l_1pool
8615,5.835484014824033,0.784250907599926,4.94543113745749,shared_2l_1pool
8616,5.835340125486255,0.7591519970446825,4.971029004082084,shared_2l_1pool
8617,5.829987116158009,0.7746811024844646,4.951313836500049,shared_2l_1pool
8618,5.810959031805396,0.762800918892026,4.943578969687223,shared_2l_1pool
8619,5.843565100803971,0.7772978860884905,4.961869912222028,shared_2l_1pool
8620,5.815851967781782,0.7759579457342625,4.935716046020389,shared_2l_1pool
8621,5.835436983034015,0.7595329079777002,4.969701170921326,shared_2l_1pool
8622,5.816590040922165,0.755819957703352,4.954115021973848,shared_2l_1pool
8623,5.8441851288080215,0.7729169446974993,4.963960964232683,shared_2l_1pool
8624,5.896955030038953,0.8026938885450363,4.989445907995105,shared_2l_1pool
8625,5.839584162458777,0.7765030022710562,4.957751138135791,shared_2l_1pool
8626,5.882880883291364,0.7762080058455467,5.002552876248956,shared_2l_1pool
8627,5.8131099212914705,0.7814478594809771,4.924400942400098,shared_2l_1pool
8628,5.80993015319109,0.7626048754900694,4.937914898619056,shared_2l_1pool
8629,7.06231314688921,1.8910858780145645,5.048046121373773,shared_2l_1pool
8630,5.879943026229739,0.7718668784946203,4.995828028768301,shared_2l_1pool
8631,5.847729975357652,0.7739120628684759,4.968808963894844,shared_2l_1pool
8632,5.843312945216894,0.7750659715384245,4.963787039741874,shared_2l_1pool
8633,5.838023032993078,0.7684039883315563,4.966252017766237,shared_2l_1pool
8634,5.862982012331486,0.7894060108810663,4.969612928107381,shared_2l_1pool
8635,5.859167082235217,0.7828481029719114,4.973346833139658,shared_2l_1pool
8636,5.838006967678666,0.7621780969202518,4.971917951479554,shared_2l_1pool
8637,5.813058000057936,0.7459570188075304,4.964262945577502,shared_2l_1pool
8638,5.851806839928031,0.7702698931097984,4.976583179086447,shared_2l_1pool
8639,5.872981855645776,0.7718149572610855,4.998561926186085,shared_2l_1pool
8640,5.857893032953143,0.7900809869170189,4.962115082889795,shared_2l_1pool
8641,5.884920945391059,0.7698920089751482,5.010522902011871,shared_2l_1pool
8642,5.863487021997571,0.7784010376781225,4.978137090802193,shared_2l_1pool
8643,5.8844799641519785,0.8165461476892233,4.963165847584605,shared_2l_1pool
8644,5.829494912177324,0.7660631090402603,4.954922944307327,shared_2l_1pool
8645,7.032659836113453,1.8754370976239443,5.033880937844515,shared_2l_1pool
8646,5.857847863808274,0.7775621488690376,4.973565926775336,shared_2l_1pool
8647,5.862280027940869,0.779859023168683,4.9755750223994255,shared_2l_1pool
8648,5.8790999464690685,0.7909589912742376,4.9839140847325325,shared_2l_1pool
8649,5.825220141559839,0.7636391092091799,4.955624928697944,shared_2l_1pool
8650,5.846838001161814,0.7776168640702963,4.963650135323405,shared_2l_1pool
8651,5.871559027582407,0.7909720297902822,4.97505790553987,shared_2l_1pool
8652,5.873312009498477,0.7964130491018295,4.973442992195487,shared_2l_1pool
8653,5.781798856332898,0.7451111450791359,4.932785872370005,shared_2l_1pool
8654,5.870159948244691,0.7758450228720903,4.990254994481802,shared_2l_1pool
8655,5.870810942724347,0.777185196056962,4.987758817151189,shared_2l_1pool
8656,5.851742113009095,0.7719658315181732,4.9739370588213205,shared_2l_1pool
8657,5.818897858262062,0.7710540667176247,4.943403881043196,shared_2l_1pool
8658,5.856408039107919,0.7718089036643505,4.980832105502486,shared_2l_1pool
8659,5.876993993297219,0.772520899772644,4.997971002012491,shared_2l_1pool
8660,5.888308165594935,0.7712480146437883,5.006142891943455,shared_2l_1pool
8661,7.008709013462067,1.856093993410468,5.033199209719896,shared_2l_1pool
8662,5.836470052599907,0.7730720099061728,4.956644959747791,shared_2l_1pool
8663,5.910919047892094,0.7992838509380817,5.006162216886878,shared_2l_1pool
8664,5.897595081478357,0.7860960904508829,5.007612053304911,shared_2l_1pool
8665,5.845451960340142,0.7654901128262281,4.974905867129564,shared_2l_1pool
8666,5.825940053910017,0.768749974668026,4.9496490973979235,shared_2l_1pool
8667,5.867998115718365,0.7859449833631516,4.9782730638980865,shared_2l_1pool
8668,5.843505961820483,0.7638540118932724,4.976018099114299,shared_2l_1pool
8669,5.816109944134951,0.7619969546794891,4.9500539898872375,shared_2l_1pool
8670,5.840799072757363,0.7735798135399818,4.963161190971732,shared_2l_1pool
8671,5.870712921023369,0.7798438891768456,4.98611107468605,shared_2l_1pool
8672,5.8284050319343805,0.7861389312893152,4.935501143336296,shared_2l_1pool
8673,5.814478034153581,0.7641799747943878,4.944578045979142,shared_2l_1pool
8674,5.858673015609384,0.7991690654307604,4.955194890499115,shared_2l_1pool
8675,5.843610968440771,0.7759740110486746,4.956782096996903,shared_2l_1pool
8676,5.835172021761537,0.7660998962819576,4.964797059074044,shared_2l_1pool
8677,7.104767020791769,1.8351271282881498,5.1484559662640095,shared_2l_1pool
8678,5.971219157800078,0.7723411545157433,5.088125821202993,shared_2l_1pool
8679,5.974290892481804,0.7797919679433107,5.087970988824964,shared_2l_1pool
8680,5.98872103728354,0.7850390393286943,5.097734043374658,shared_2l_1pool
8681,6.016127998009324,0.7810411043465137,5.130705889314413,shared_2l_1pool
8682,5.994878942146897,0.7800769526511431,5.107675911858678,shared_2l_1pool
8683,5.984913092106581,0.7770380470901728,5.102119874209166,shared_2l_1pool
8684,5.980865098536015,0.7763048633933067,5.096652079373598,shared_2l_1pool
8685,6.006747949868441,0.7778159342706203,5.1256162114441395,shared_2l_1pool
8686,5.917923990637064,0.7529049180448055,5.056340945884585,shared_2l_1pool
8687,5.990874022245407,0.7959220092743635,5.08793699555099,shared_2l_1pool
8688,5.996274994686246,0.7854001596570015,5.10451989248395,shared_2l_1pool
8689,6.007366115227342,0.7864460349082947,5.1158571150153875,shared_2l_1pool
8690,5.977753084152937,0.7552111055701971,5.117957014590502,shared_2l_1pool
8691,6.006450159475207,0.7749919313937426,5.126609932631254,shared_2l_1pool
8692,5.959006957709789,0.7728729397058487,5.081817973405123,shared_2l_1pool
8693,7.041848031803966,1.8674288876354694,5.053661996498704,shared_2l_1pool
8694,5.897311959415674,0.7864527869969606,5.003840196877718,shared_2l_1pool
8695,5.852131173014641,0.7699350826442242,4.977020900696516,shared_2l_1pool
8696,5.865309853106737,0.770642189309001,4.989025881513953,shared_2l_1pool
8697,5.875073140487075,0.7872770074754953,4.983190912753344,shared_2l_1pool
8698,5.887832958251238,0.7806660141795874,5.001085111871362,shared_2l_1pool
8699,5.882736062631011,0.7657469250261784,5.0109929870814085,shared_2l_1pool
8700,5.888179177418351,0.7633320055902004,5.018030060455203,shared_2l_1pool
8701,5.86180086247623,0.76728081330657,4.990969086065888,shared_2l_1pool
8702,5.921188043430448,0.784530071541667,5.030473927035928,shared_2l_1pool
8703,5.872870096936822,0.7747090421617031,4.9935379065573215,shared_2l_1pool
8704,5.8845889288932085,0.7736461702734232,5.005949875339866,shared_2l_1pool
8705,5.867221159860492,0.7768371142446995,4.987925989553332,shared_2l_1pool
8706,5.910621955990791,0.7769998628646135,5.026967963203788,shared_2l_1pool
8707,5.872922018170357,0.779417110607028,4.988746950402856,shared_2l_1pool
8708,5.87932881899178,0.7763970643281937,4.994280869141221,shared_2l_1pool
8709,7.145085837692022,1.8754869233816862,5.147627089172602,shared_2l_1pool
8710,6.031508091837168,0.8007038850337267,5.125455092638731,shared_2l_1pool
8711,6.044470006600022,0.7806129287928343,5.157458130270243,shared_2l_1pool
8712,5.96709712408483,0.7745639886707067,5.085692973807454,shared_2l_1pool
8713,5.950073944404721,0.7640188559889793,5.079725058749318,shared_2l_1pool
8714,5.962976021692157,0.7730140350759029,5.082444055005908,shared_2l_1pool
8715,5.997867090627551,0.795216066762805,5.097050918266177,shared_2l_1pool
8716,5.972838029265404,0.765486154705286,5.101763876155019,shared_2l_1pool
8717,5.9638861566782,0.7808750960975885,5.074916873127222,shared_2l_1pool
8718,5.96807012334466,0.77782291918993,5.085822893306613,shared_2l_1pool
8719,5.984664196148515,0.78356615267694,5.0964439287781715,shared_2l_1pool
8720,5.962342023849487,0.7740100845694542,5.0849460531026125,shared_2l_1pool
8721,5.936488974839449,0.7752911187708378,5.056560970842838,shared_2l_1pool
8722,5.980203859508038,0.756450928747654,5.118455039337277,shared_2l_1pool
8723,6.003290880471468,0.7876050658524036,5.110319005325437,shared_2l_1pool
8724,5.952261853963137,0.7782760076224804,5.068053025752306,shared_2l_1pool
8725,7.143689086660743,1.8620500341057777,5.164131987839937,shared_2l_1pool
8726,6.020318018272519,0.8085980080068111,5.102192051708698,shared_2l_1pool
8727,5.931436782702804,0.7842578925192356,5.041914992034435,shared_2l_1pool
8728,5.975104868412018,0.7999471854418516,5.070366896688938,shared_2l_1pool
8729,5.97686180844903,0.7783100008964539,5.095015047118068,shared_2l_1pool
8730,5.984172923490405,0.7624151185154915,5.116607993841171,shared_2l_1pool
8731,5.982097936794162,0.7532560266554356,5.124908173456788,shared_2l_1pool
8732,5.975119071081281,0.7652728818356991,5.106630967929959,shared_2l_1pool
8733,5.9673909563571215,0.76814997009933,5.094878142699599,shared_2l_1pool
8734,5.946901859715581,0.7825728971511126,5.059874150902033,shared_2l_1pool
8735,5.9776699636131525,0.7735569961369038,5.100058158859611,shared_2l_1pool
8736,6.034391932189465,0.7776990532875061,5.150679033249617,shared_2l_1pool
8737,5.992016056552529,0.7747618947178125,5.112675949931145,shared_2l_1pool
8738,5.998422857373953,0.7754107937216759,5.11793908663094,shared_2l_1pool
8739,5.967480130493641,0.7528918795287609,5.109637044370174,shared_2l_1pool
8740,5.976394051685929,0.7673068903386593,5.105338990688324,shared_2l_1pool
8741,7.104854099452496,1.8251158762723207,5.159761058166623,shared_2l_1pool
8742,5.958114052191377,0.7883461657911539,5.062266951426864,shared_2l_1pool
8743,5.9491421561688185,0.7783342152833939,5.0633198115974665,shared_2l_1pool
8744,5.9311240911483765,0.7646980229765177,5.06396614946425,shared_2l_1pool
8745,5.957618821412325,0.7758389692753553,5.076394882053137,shared_2l_1pool
8746,5.955958040431142,0.7771470118314028,5.072272149845958,shared_2l_1pool
8747,5.943303927779198,0.7708589546382427,5.065171048045158,shared_2l_1pool
8748,5.931861000135541,0.7761099841445684,5.049759056419134,shared_2l_1pool
8749,5.934088956564665,0.7654079236090183,5.06390118971467,shared_2l_1pool
8750,5.91029180213809,0.767699908465147,5.037382943555713,shared_2l_1pool
8751,5.935963010415435,0.770071055740118,5.060703027993441,shared_2l_1pool
8752,5.890475120395422,0.7671979255974293,5.017478950321674,shared_2l_1pool
8753,5.97416004166007,0.7826879154890776,5.086130928248167,shared_2l_1pool
8754,5.950070917606354,0.7737011183053255,5.07078692317009,shared_2l_1pool
8755,5.9580879751592875,0.7868509273976088,5.0654299557209015,shared_2l_1pool
8756,5.97712816670537,0.7857298478484154,5.086032208055258,shared_2l_1pool
8757,7.059588795527816,1.8001270946115255,5.140269873663783,shared_2l_1pool
8758,6.005574017763138,0.799564179033041,5.098302848637104,shared_2l_1pool
8759,5.973045015707612,0.7840921171009541,5.084384931251407,shared_2l_1pool
8760,6.026094080880284,0.8022009860724211,5.1179430447518826,shared_2l_1pool
8761,5.990309175103903,0.7946609985083342,5.0903549417853355,shared_2l_1pool
8762,5.999899003654718,0.7741351146250963,5.120349815115333,shared_2l_1pool
8763,5.956514971330762,0.7809428498148918,5.072001134976745,shared_2l_1pool
8764,5.961224902421236,0.768712954595685,5.0891360733658075,shared_2l_1pool
8765,5.967999109998345,0.7715621031820774,5.093292100355029,shared_2l_1pool
8766,6.000242894515395,0.7751430384814739,5.119473906233907,shared_2l_1pool
8767,5.993253085762262,0.7870451081544161,5.1013759803026915,shared_2l_1pool
8768,5.971097853034735,0.7660640403628349,5.100548965856433,shared_2l_1pool
8769,6.031461991369724,0.8292810525745153,5.0951719749718904,shared_2l_1pool
8770,6.0241129249334335,0.8080829866230488,5.10772317647934,shared_2l_1pool
8771,5.970569094642997,0.7885131053626537,5.075906869024038,shared_2l_1pool
8772,5.963793955743313,0.7791959214955568,5.079061025753617,shared_2l_1pool
8773,7.06190406344831,1.813757000491023,5.127508891746402,shared_2l_1pool
8774,5.972719984129071,0.8033381309360266,5.063605960458517,shared_2l_1pool
8775,5.946209887042642,0.7763649336993694,5.064986180514097,shared_2l_1pool
8776,5.943775177001953,0.7913070730865002,5.046717822551727,shared_2l_1pool
8777,5.96204586327076,0.7895950693637133,5.067823920398951,shared_2l_1pool
8778,6.018177140504122,0.8273571729660034,5.084446864202619,shared_2l_1pool
8779,5.9716589748859406,0.7827889639884233,5.08342613466084,shared_2l_1pool
8780,5.944668082520366,0.7935760077089071,5.0472961738705635,shared_2l_1pool
8781,6.015558028593659,0.8332859724760056,5.077813984826207,shared_2l_1pool
8782,5.969424033537507,0.7878309115767479,5.076817004010081,shared_2l_1pool
8783,5.9601860120892525,0.7853179704397917,5.069646053016186,shared_2l_1pool
8784,5.950873950496316,0.7710310164839029,5.076213041320443,shared_2l_1pool
8785,5.9813689440488815,0.7779821753501892,5.095470929518342,shared_2l_1pool
8786,5.995512008666992,0.7845491636544466,5.1076398231089115,shared_2l_1pool
8787,5.997691070660949,0.7632190827280283,5.128070013597608,shared_2l_1pool
8788,5.994555074721575,0.7862548809498549,5.10402605868876,shared_2l_1pool
8789,7.0732650347054005,1.8259510397911072,5.129494937136769,shared_2l_1pool
8790,5.915713030844927,0.7831340190023184,5.020789802074432,shared_2l_1pool
8791,5.972118116915226,0.7917939219623804,5.0744260661304,shared_2l_1pool
8792,5.954559892416,0.7642451673746109,5.084646865725517,shared_2l_1pool
8793,5.9908239636570215,0.7693720981478691,5.1157239358872175,shared_2l_1pool
8794,5.9291229117661715,0.7650970946997404,5.05795911885798,shared_2l_1pool
8795,5.9546129778027534,0.7794750854372978,5.070118000730872,shared_2l_1pool
8796,5.968207959085703,0.7836909499019384,5.076138069853187,shared_2l_1pool
8797,5.964243086054921,0.7721991278231144,5.087273893877864,shared_2l_1pool
8798,5.905159050598741,0.7700489368289709,5.0287689082324505,shared_2l_1pool
8799,5.925253964960575,0.7686258759349585,5.053098080679774,shared_2l_1pool
8800,5.994532955810428,0.8032231125980616,5.086519056931138,shared_2l_1pool
8801,5.994838895276189,0.7886399980634451,5.100775975733995,shared_2l_1pool
8802,5.920832976698875,0.7719530258327723,5.0451611168682575,shared_2l_1pool
8803,5.953110987320542,0.7819670718163252,5.067536840215325,shared_2l_1pool
8804,5.935044959187508,0.7548350840806961,5.073624895885587,shared_2l_1pool
8805,7.009672932326794,1.802464947104454,5.085223121568561,shared_2l_1pool
8806,5.952516105026007,0.7953238673508167,5.050739040598273,shared_2l_1pool
8807,5.903954850509763,0.8079919498413801,4.98977885581553,shared_2l_1pool
8808,5.914842011407018,0.7742638699710369,5.034717032685876,shared_2l_1pool
8809,5.9044561348855495,0.7775630801916122,5.021609831601381,shared_2l_1pool
8810,5.916493013501167,0.7874190341681242,5.022585857659578,shared_2l_1pool
8811,5.893402965739369,0.7716550026088953,5.016908049583435,shared_2l_1pool
8812,5.90997701510787,0.7854620926082134,5.021414952352643,shared_2l_1pool
8813,5.894245114177465,0.765063101425767,5.021117860451341,shared_2l_1pool
8814,5.9204138815402985,0.7743500173091888,5.040845833718777,shared_2l_1pool
8815,5.907068960368633,0.786883058026433,5.013084039092064,shared_2l_1pool
8816,5.977704888209701,0.8345290552824736,5.037285853177309,shared_2l_1pool
8817,5.922246025875211,0.7788790389895439,5.038262810558081,shared_2l_1pool
8818,5.914962850511074,0.7887489628046751,5.019865930080414,shared_2l_1pool
8819,5.905919009819627,0.7718149572610855,5.030443891882896,shared_2l_1pool
8820,5.921873962506652,0.7836150471121073,5.032907007262111,shared_2l_1pool
8821,7.112973835319281,1.8169260583817959,5.176854785531759,shared_2l_1pool
8822,5.978174041956663,0.8122299332171679,5.057220114395022,shared_2l_1pool
8823,5.993037950247526,0.7935839239507914,5.09354192763567,shared_2l_1pool
8824,5.918612005189061,0.7810441311448812,5.033451830968261,shared_2l_1pool
8825,5.889863939955831,0.7738640997558832,5.015076836571097,shared_2l_1pool
8826,5.946566117927432,0.7924619130790234,5.0482971128076315,shared_2l_1pool
8827,5.9345371555536985,0.7799598388373852,5.050292005762458,shared_2l_1pool
8828,5.9595059137791395,0.7754990365356207,5.076508037745953,shared_2l_1pool
8829,5.905918078497052,0.7662789430469275,5.03451912663877,shared_2l_1pool
8830,5.947740050032735,0.7742699235677719,5.0686560571193695,shared_2l_1pool
8831,5.93165191821754,0.7790231611579657,5.047400016337633,shared_2l_1pool
8832,5.9687120374292135,0.788816949352622,5.073308013379574,shared_2l_1pool
8833,5.962473107501864,0.7737560663372278,5.083767930045724,shared_2l_1pool
8834,5.968781188130379,0.7725129835307598,5.09183993563056,shared_2l_1pool
8835,5.926319165155292,0.7791549433022738,5.039866082370281,shared_2l_1pool
8836,5.949579877778888,0.7718291599303484,5.073740845546126,shared_2l_1pool
8837,7.0960018783807755,1.814377959817648,5.153632024303079,shared_2l_1pool
8838,6.000829860568047,0.788707984611392,5.099284928292036,shared_2l_1pool
8839,5.938019137829542,0.7584199775010347,5.0730318762362,shared_2l_1pool
8840,5.999855929985642,0.7692319341003895,5.124520976096392,shared_2l_1pool
8841,5.967346020042896,0.763145973905921,5.095886066555977,shared_2l_1pool
8842,5.978915840387344,0.7730410434305668,5.096876993775368,shared_2l_1pool
8843,5.992860998958349,0.7780559826642275,5.105282878503203,shared_2l_1pool
8844,5.955945933237672,0.7654440123587847,5.085009150207043,shared_2l_1pool
8845,5.905434023588896,0.7565058767795563,5.041981115937233,shared_2l_1pool
8846,6.009737029671669,0.8146259933710098,5.087245022878051,shared_2l_1pool
8847,5.945140030235052,0.7763360626995564,5.0662970170378685,shared_2l_1pool
8848,6.014908896759152,0.8111298084259033,5.100149195641279,shared_2l_1pool
8849,5.975893000140786,0.8029679302126169,5.066469078883529,shared_2l_1pool
8850,5.989964120090008,0.7884730584919453,5.096364067867398,shared_2l_1pool
8851,5.996905965730548,0.7818469312041998,5.1096410024911165,shared_2l_1pool
8852,6.059815874323249,0.8118348196148872,5.140670109540224,shared_2l_1pool
8853,7.110319100320339,1.7958569806069136,5.194555968046188,shared_2l_1pool
8854,5.974080879241228,0.7909971754997969,5.072016967460513,shared_2l_1pool
8855,5.992490099743009,0.7830129470676184,5.101035116240382,shared_2l_1pool
8856,5.985502852126956,0.7731150835752487,5.104572977870703,shared_2l_1pool
8857,5.9779430739581585,0.7794550620019436,5.094432970508933,shared_2l_1pool
8858,5.957273067906499,0.7533540483564138,5.094503052532673,shared_2l_1pool
8859,6.008598953485489,0.794240040704608,5.109595833346248,shared_2l_1pool
8860,5.9362840838730335,0.7527880370616913,5.0768309738487005,shared_2l_1pool
8861,5.964278010651469,0.7875841110944748,5.071812076494098,shared_2l_1pool
8862,5.945495096966624,0.773266889154911,5.067683989182115,shared_2l_1pool
8863,5.956867942586541,0.7566928397864103,5.09604811668396,shared_2l_1pool
8864,5.98534382879734,0.7616998627781868,5.118600092828274,shared_2l_1pool
8865,5.974111845716834,0.7583750411868095,5.111900856718421,shared_2l_1pool
8866,5.964547861367464,0.7657739333808422,5.09394914843142,shared_2l_1pool
8867,5.944863893091679,0.7635611109435558,5.075884982943535,shared_2l_1pool
8868,5.994592094793916,0.7761998567730188,5.113901104778051,shared_2l_1pool
8869,7.334619062021375,2.0446397829800844,5.165250040590763,shared_2l_1pool
8870,6.015243008732796,0.7956549525260925,5.1111390348523855,shared_2l_1pool
8871,5.983213894069195,0.7748489733785391,5.1013631746172905,shared_2l_1pool
8872,5.979696987196803,0.761672854423523,5.110039142891765,shared_2l_1pool
8873,5.9399891179054976,0.7708659395575523,5.062205018475652,shared_2l_1pool
8874,5.97652792930603,0.7867480162531137,5.084645003080368,shared_2l_1pool
8875,5.96182607114315,0.7779649458825588,5.076701054349542,shared_2l_1pool
8876,5.952928913757205,0.7717979606240988,5.074697080999613,shared_2l_1pool
8877,5.963289877399802,0.7901610806584358,5.068586906418204,shared_2l_1pool
8878,5.922703072428703,0.7745199836790562,5.043243989348412,shared_2l_1pool
8879,5.955680040642619,0.785966869443655,5.064103985205293,shared_2l_1pool
8880,5.975723033770919,0.7990379817783833,5.07196900434792,shared_2l_1pool
8881,5.972154904156923,0.7871040143072605,5.077134119346738,shared_2l_1pool
8882,6.006853887811303,0.7892649155110121,5.111727165058255,shared_2l_1pool
8883,5.9220299590379,0.7756222039461136,5.041997879743576,shared_2l_1pool
8884,5.949811078608036,0.7853240240365267,5.0601898692548275,shared_2l_1pool
8885,7.0663560181856155,1.8139369785785675,5.131965037435293,shared_2l_1pool
8886,6.039472064003348,0.80082006752491,5.1294558215886354,shared_2l_1pool
8887,6.007736083120108,0.7990789599716663,5.104217911139131,shared_2l_1pool
8888,5.9978661593049765,0.7843140047043562,5.108540877699852,shared_2l_1pool
8889,5.971991922706366,0.7726538460701704,5.095915170386434,shared_2l_1pool
8890,5.988514982163906,0.7814799901098013,5.102745024487376,shared_2l_1pool
8891,5.99210592918098,0.7768480572849512,5.11060212738812,shared_2l_1pool
8892,5.981111899018288,0.7969920989125967,5.0806698855012655,shared_2l_1pool
8893,5.968231009319425,0.7887911051511765,5.073891952633858,shared_2l_1pool
8894,7.993012201040983,1.0328090284019709,6.8533921148628,shared_2l_1pool
8895,5.98191493190825,0.7825649809092283,5.095938919112086,shared_2l_1pool
8896,5.981386872008443,0.7852530106902122,5.092388950288296,shared_2l_1pool
8897,5.959599977359176,0.784602016210556,5.070833954960108,shared_2l_1pool
8898,5.988293793052435,0.7974111940711737,5.085650831460953,shared_2l_1pool
8899,5.947075085714459,0.7860979530960321,5.057379137724638,shared_2l_1pool
8900,5.956323817372322,0.7820369210094213,5.06948190741241,shared_2l_1pool
8901,7.047781953588128,1.824856037274003,5.102738970890641,shared_2l_1pool
8902,5.965573014691472,0.7960780058056116,5.061879055574536,shared_2l_1pool
8903,6.010416196659207,0.7963499519973993,5.106552038341761,shared_2l_1pool
8904,5.997597007080913,0.782382907345891,5.108668003231287,shared_2l_1pool
8905,5.974886007606983,0.7920181378722191,5.075903842225671,shared_2l_1pool
8906,5.952818086370826,0.7748880889266729,5.0723308231681585,shared_2l_1pool
8907,5.9862269554287195,0.7875759620219469,5.094663007184863,shared_2l_1pool
8908,5.943584023043513,0.7860451005399227,5.0516759511083364,shared_2l_1pool
8909,5.9674622025340796,0.7840029429644346,5.0786209758371115,shared_2l_1pool
8910,5.992128048092127,0.7966801058501005,5.088124889880419,shared_2l_1pool
8911,5.972219165414572,0.787337776273489,5.078677088022232,shared_2l_1pool
8912,5.94813609495759,0.7809509988874197,5.062695126980543,shared_2l_1pool
8913,5.93959609977901,0.7758999709039927,5.059721879661083,shared_2l_1pool
8914,5.972865037620068,0.7848101668059826,5.084782838821411,shared_2l_1pool
8915,6.007214076817036,0.7988398429006338,5.101778078824282,shared_2l_1pool
8916,5.968509009107947,0.7862930651754141,5.076444940641522,shared_2l_1pool
8917,7.0498320274055,1.8121909815818071,5.118099041283131,shared_2l_1pool
8918,5.975373089313507,0.7770059164613485,5.090331891551614,shared_2l_1pool
8919,5.941387033089995,0.7818150334060192,5.054686916992068,shared_2l_1pool
8920,5.981854163110256,0.7848478853702545,5.092395003885031,shared_2l_1pool
8921,5.987567128613591,0.7895450107753277,5.092464154586196,shared_2l_1pool
8922,5.946383811533451,0.7620970718562603,5.078743910416961,shared_2l_1pool
8923,5.98174799233675,0.7873571012169123,5.089379847049713,shared_2l_1pool
8924,5.9722731821238995,0.7689930498600006,5.097825080156326,shared_2l_1pool
8925,5.949270911514759,0.7691208738833666,5.075233988463879,shared_2l_1pool
8926,5.97506994381547,0.8045798167586327,5.065056029707193,shared_2l_1pool
8927,5.972195882350206,0.7949480786919594,5.068988772109151,shared_2l_1pool
8928,5.955711007118225,0.7703360170125961,5.081029841676354,shared_2l_1pool
8929,5.934205837547779,0.7633720524609089,5.068243946880102,shared_2l_1pool
8930,5.926038138568401,0.768318073824048,5.0513839814811945,shared_2l_1pool
8931,5.938114132732153,0.7990561425685883,5.0352090038359165,shared_2l_1pool
8932,5.973147926852107,0.7836890872567892,5.087051074951887,shared_2l_1pool
8933,7.007386069744825,1.7957428935915232,5.091605940833688,shared_2l_1pool
8934,5.93002000823617,0.7936910260468721,5.02835912629962,shared_2l_1pool
8935,5.9407721273601055,0.7959010545164347,5.038429982960224,shared_2l_1pool
8936,5.946482066065073,0.7950530853122473,5.044412100687623,shared_2l_1pool
8937,5.940729985013604,0.7843580096960068,5.051927175372839,shared_2l_1pool
8938,5.998014006763697,0.7883531507104635,5.10405981913209,shared_2l_1pool
8939,5.968594923615456,0.7905641105026007,5.073054926469922,shared_2l_1pool
8940,5.907075945287943,0.7751421071588993,5.02690183930099,shared_2l_1pool
8941,6.007665069773793,0.7993599865585566,5.1032560877501965,shared_2l_1pool
8942,5.919137038290501,0.7864690851420164,5.026100901886821,shared_2l_1pool
8943,5.956745008006692,0.8169850334525108,5.032381974160671,shared_2l_1pool
8944,5.930060986429453,0.7889249827712774,5.035740090534091,shared_2l_1pool
8945,5.95713802613318,0.7924819365143776,5.060007097199559,shared_2l_1pool
8946,5.9163919650018215,0.7792289834469557,5.031035980209708,shared_2l_1pool
8947,5.927625112235546,0.7701818831264973,5.05050690844655,shared_2l_1pool
8948,5.927868187427521,0.7811139803379774,5.042023025453091,shared_2l_1pool
8949,7.109625032171607,1.8119041342288256,5.178709980100393,shared_2l_1pool
8950,6.0177450068295,0.7858460303395987,5.125491879880428,shared_2l_1pool
8951,6.032239180058241,0.8042100816965103,5.124225979670882,shared_2l_1pool
8952,6.027676165103912,0.7981639355421066,5.121038062497973,shared_2l_1pool
8953,6.009385222569108,0.7669928018003702,5.1390971057116985,shared_2l_1pool
8954,6.01860205642879,0.7883778307586908,5.123881157487631,shared_2l_1pool
8955,5.975928856059909,0.7844050414860249,5.086502991616726,shared_2l_1pool
8956,5.990789039060473,0.7948249112814665,5.086879013106227,shared_2l_1pool
8957,5.9812720865011215,0.8023690897971392,5.072742933407426,shared_2l_1pool
8958,6.006791023537517,0.7962679956108332,5.105064017698169,shared_2l_1pool
8959,5.993459140881896,0.7928090635687113,5.096286069601774,shared_2l_1pool
8960,5.953012965619564,0.7649571634829044,5.080262897536159,shared_2l_1pool
8961,6.036278093233705,0.8302198257297277,5.100265145301819,shared_2l_1pool
8962,5.981259047985077,0.7740450091660023,5.101923132315278,shared_2l_1pool
8963,5.985372932627797,0.7767979986965656,5.104865878820419,shared_2l_1pool
8964,5.939854076132178,0.7982011884450912,5.037766881287098,shared_2l_1pool
8965,7.182874018326402,1.8109900411218405,5.251635797321796,shared_2l_1pool
8966,6.095485063269734,0.7982358802109957,5.189398070797324,shared_2l_1pool
8967,6.116708042100072,0.7945629768073559,5.215932847931981,shared_2l_1pool
8968,6.119807017967105,0.8053749334067106,5.208308110013604,shared_2l_1pool
8969,6.086388835683465,0.8094629738479853,5.17028896138072,shared_2l_1pool
8970,6.094538141041994,0.7847640663385391,5.200735991820693,shared_2l_1pool
8971,6.111882859840989,0.7774860132485628,5.228541791439056,shared_2l_1pool
8972,6.089805858209729,0.772243132814765,5.2123290952295065,shared_2l_1pool
8973,6.05859886854887,0.7752790115773678,5.179438972845674,shared_2l_1pool
8974,6.12437492236495,0.7759130094200373,5.24440105073154,shared_2l_1pool
8975,6.125400075688958,0.7840062025934458,5.2362778224051,shared_2l_1pool
8976,6.098041078075767,0.7875300943851471,5.207736045122147,shared_2l_1pool
8977,6.0796900652348995,0.7854918949306011,5.188952898606658,shared_2l_1pool
8978,6.089410977438092,0.7762359455227852,5.206013098359108,shared_2l_1pool
8979,6.081399042159319,0.7859189063310623,5.18912891857326,shared_2l_1pool
8980,6.099432008340955,0.7844320498406887,5.208084126934409,shared_2l_1pool
8981,7.175362901762128,1.8038859125226736,5.253021139651537,shared_2l_1pool
8982,6.0870840679854155,0.798004912212491,5.181312095373869,shared_2l_1pool
8983,6.116979056969285,0.7869941182434559,5.224369000643492,shared_2l_1pool
8984,6.1050530057400465,0.7860690820962191,5.215201992541552,shared_2l_1pool
8985,6.099416175857186,0.785195967182517,5.210228962823749,shared_2l_1pool
8986,6.105654174461961,0.7923159282654524,5.207193084061146,shared_2l_1pool
8987,6.08414807356894,0.7849500980228186,5.194517783820629,shared_2l_1pool
8988,6.095723947510123,0.7995781488716602,5.191247910261154,shared_2l_1pool
8989,6.0984548181295395,0.7944360841065645,5.1969001069664955,shared_2l_1pool
8990,6.071781972423196,0.7843631319701672,5.18069788813591,shared_2l_1pool
8991,6.092000985518098,0.7937639020383358,5.193880060687661,shared_2l_1pool
8992,6.09563197940588,0.7943438831716776,5.195438163354993,shared_2l_1pool
8993,6.099590798839927,0.7867419626563787,5.208601010963321,shared_2l_1pool
8994,6.084835855290294,0.7972950115799904,5.183757049962878,shared_2l_1pool
8995,6.091141141951084,0.7873270660638809,5.198563914746046,shared_2l_1pool
8996,6.1117971781641245,0.7918970659375191,5.216761026531458,shared_2l_1pool
8997,7.1696031372994184,1.7866671551018953,5.263768834993243,shared_2l_1pool
8998,6.090298993512988,0.7845989894121885,5.195931997150183,shared_2l_1pool
8999,6.063968176022172,0.7899189367890358,5.167816067114472,shared_2l_1pool
9000,6.05900795198977,0.7900618948042393,5.165444919839501,shared_2l_1pool
9001,6.099268794059753,0.7893040310591459,5.205109948292375,shared_2l_1pool
9002,6.071850890293717,0.7749509532004595,5.192835116758943,shared_2l_1pool
9003,6.099998019635677,0.7937699556350708,5.2007141057401896,shared_2l_1pool
9004,6.074701203033328,0.7837668526917696,5.183991976082325,shared_2l_1pool
9005,6.109368987381458,0.7889471016824245,5.212862975895405,shared_2l_1pool
9006,6.11403095535934,0.7918078918009996,5.216405028477311,shared_2l_1pool
9007,6.081126164644957,0.78819808550179,5.18854008987546,shared_2l_1pool
9008,6.086520850658417,0.7813340052962303,5.2002479787915945,shared_2l_1pool
9009,6.069618044421077,0.7862199563533068,5.176342092454433,shared_2l_1pool
9010,6.050877971574664,0.7702971342951059,5.169954849407077,shared_2l_1pool
9011,6.073398981243372,0.7833091076463461,5.185103043913841,shared_2l_1pool
9012,6.057278020307422,0.7769949734210968,5.175748141482472,shared_2l_1pool
9013,7.179283071309328,1.81874493137002,5.240509985014796,shared_2l_1pool
9014,6.109689129516482,0.8013010956346989,5.202817963436246,shared_2l_1pool
9015,6.112971808761358,0.7827291265130043,5.202297819778323,shared_2l_1pool
9016,6.100249011069536,0.8014279883354902,5.182184977456927,shared_2l_1pool
9017,6.092821015045047,0.8038138039410114,5.1830371376127005,shared_2l_1pool
9018,6.07892801053822,0.7833689451217651,5.188522161915898,shared_2l_1pool
9019,6.120488978922367,0.796817010268569,5.214388016611338,shared_2l_1pool
9020,6.117169046774507,0.806968193501234,5.206390982493758,shared_2l_1pool
9021,6.090130191296339,0.7700340356677771,5.214801989495754,shared_2l_1pool
9022,6.11115200445056,0.7980819791555405,5.206458969041705,shared_2l_1pool
9023,6.089573027566075,0.7937329355627298,5.193354096263647,shared_2l_1pool
9024,6.054016994312406,0.7817361038178205,5.1673948764801025,shared_2l_1pool
9025,6.03653397411108,0.7783421315252781,5.154418991878629,shared_2l_1pool
9026,6.104078842326999,0.7902581710368395,5.208075046539307,shared_2l_1pool
9027,6.085484055802226,0.7781730964779854,5.2033409010618925,shared_2l_1pool
9028,6.1167769599705935,0.8482427801936865,5.164861213415861,shared_2l_1pool
9029,7.170224096626043,1.8065560143440962,5.2426340989768505,shared_2l_1pool
9030,6.112976931035519,0.78050815500319,5.225135013461113,shared_2l_1pool
9031,6.11500209197402,0.7808648515492678,5.2289150189608335,shared_2l_1pool
9032,6.077660946175456,0.7801291067153215,5.192012991756201,shared_2l_1pool
9033,6.086813984438777,0.8015979547053576,5.181315122172236,shared_2l_1pool
9034,6.073960103094578,0.785978976637125,5.18333213403821,shared_2l_1pool
9035,6.066642934456468,0.7872029673308134,5.175200989469886,shared_2l_1pool
9036,6.137807155027986,0.8071940392255783,5.224966909736395,shared_2l_1pool
9037,6.090007023885846,0.7712291553616524,5.208963993936777,shared_2l_1pool
9038,6.143514066934586,0.7881238125264645,5.245772190392017,shared_2l_1pool
9039,6.092914845794439,0.8005860727280378,5.185761954635382,shared_2l_1pool
9040,6.123351864516735,0.7802068721503019,5.24066505022347,shared_2l_1pool
9041,6.080342922359705,0.7756010163575411,5.201387917622924,shared_2l_1pool
9042,6.095804972574115,0.7717479020357132,5.220138933509588,shared_2l_1pool
9043,6.0810178983956575,0.7747169584035873,5.200013052672148,shared_2l_1pool
9044,6.082277046516538,0.7859629113227129,5.191235104575753,shared_2l_1pool
9045,7.191522978246212,1.7940429970622063,5.276322131976485,shared_2l_1pool
9046,6.075924029573798,0.7939089555293322,5.174438003450632,shared_2l_1pool
9047,6.098441081121564,0.7943410892039537,5.201118066906929,shared_2l_1pool
9048,6.090741837397218,0.7872870191931725,5.196452839300036,shared_2l_1pool
9049,6.080611143261194,0.7940540090203285,5.182414781302214,shared_2l_1pool
9050,6.084656110033393,0.8155691903084517,5.162755027413368,shared_2l_1pool
9051,6.073608994483948,0.7992861792445183,5.169977899640799,shared_2l_1pool
9052,6.1224650125950575,0.7967320270836353,5.22203603759408,shared_2l_1pool
9053,6.0891020111739635,0.795446103438735,5.189394112676382,shared_2l_1pool
9054,6.101486040279269,0.7993329782038927,5.196732934564352,shared_2l_1pool
9055,6.041963119059801,0.7813279516994953,5.155907012522221,shared_2l_1pool
9056,6.078100996091962,0.8021029643714428,5.17124286852777,shared_2l_1pool
9057,6.045440910384059,0.7782431785017252,5.163901019841433,shared_2l_1pool
9058,6.043543107807636,0.77478913590312,5.163869820535183,shared_2l_1pool
9059,6.085457978770137,0.7906879764050245,5.1860969979316,shared_2l_1pool
9060,6.060068029910326,0.7717527914792299,5.183059023693204,shared_2l_1pool
9061,7.146338000893593,1.8231389112770557,5.20459795370698,shared_2l_1pool
9062,6.074683973565698,0.8156879339367151,5.152452038601041,shared_2l_1pool
9063,6.085132947191596,0.8365078829228878,5.142132984474301,shared_2l_1pool
9064,6.011446006596088,0.7819009479135275,5.124115152284503,shared_2l_1pool
9065,6.073758937418461,0.7963220123201609,5.171790951862931,shared_2l_1pool
9066,6.008138880133629,0.7895100861787796,5.112143931910396,shared_2l_1pool
9067,6.030332995578647,0.7946230471134186,5.129982018843293,shared_2l_1pool
9068,6.0388268902897835,0.7960000075399876,5.139864981174469,shared_2l_1pool
9069,6.066910922527313,0.7937198970466852,5.166212096810341,shared_2l_1pool
9070,6.077524041756988,0.7900299970060587,5.180907901376486,shared_2l_1pool
9071,6.028478033840656,0.7976370397955179,5.121997091919184,shared_2l_1pool
9072,5.998763954266906,0.7856548763811588,5.109482211992145,shared_2l_1pool
9073,6.0516661033034325,0.7894670125097036,5.1552350632846355,shared_2l_1pool
9074,6.050885887816548,0.7949969731271267,5.149422213435173,shared_2l_1pool
9075,6.0525210574269295,0.7830490358173847,5.160084925591946,shared_2l_1pool
9076,6.06755493208766,0.8023579139262438,5.1611121743917465,shared_2l_1pool
9077,7.165157934650779,1.8021760042756796,5.244427127763629,shared_2l_1pool
9078,6.135047879070044,0.8135898970067501,5.2157200407236814,shared_2l_1pool
9079,6.106441142037511,0.795598141849041,5.20634395070374,shared_2l_1pool
9080,6.1048108618706465,0.7999169174581766,5.200741114094853,shared_2l_1pool
9081,6.100691854953766,0.7870118133723736,5.208400078117847,shared_2l_1pool
9082,6.112864939495921,0.7991020102053881,5.204858956858516,shared_2l_1pool
9083,6.121580023318529,0.8016491774469614,5.215616896748543,shared_2l_1pool
9084,6.10384508036077,0.7976109627634287,5.199325038120151,shared_2l_1pool
9085,6.091373972594738,0.7851219270378351,5.201087100431323,shared_2l_1pool
9086,6.07392517849803,0.798212131485343,5.1719918847084045,shared_2l_1pool
9087,6.114979041740298,0.8219308219850063,5.1896080840379,shared_2l_1pool
9088,6.0747971292585135,0.8210388477891684,5.14862104319036,shared_2l_1pool
9089,6.1003598384559155,0.8070501498878002,5.189983872696757,shared_2l_1pool
9090,6.074950098991394,0.7910102140158415,5.1772878505289555,shared_2l_1pool
9091,6.094180978834629,0.7995590567588806,5.188598996028304,shared_2l_1pool
9092,6.086548091843724,0.8011350873857737,5.179187981411815,shared_2l_1pool
9093,7.1763459127396345,1.8036370165646076,5.257549928501248,shared_2l_1pool
9094,6.103018065914512,0.8022920228540897,5.19537297077477,shared_2l_1pool
9095,6.081100087612867,0.7908910047262907,5.184107925742865,shared_2l_1pool
9096,6.117972079664469,0.7973881438374519,5.214689997956157,shared_2l_1pool
9097,6.090407958254218,0.7892311550676823,5.19594200886786,shared_2l_1pool
9098,6.055569974705577,0.78984210267663,5.160138942301273,shared_2l_1pool
9099,6.135912844911218,0.806440832093358,5.224104039371014,shared_2l_1pool
9100,6.098106969147921,0.7979178335517645,5.194130120798945,shared_2l_1pool
9101,6.056312937289476,0.7899620104581118,5.161159904673696,shared_2l_1pool
9102,6.054012104868889,0.7817461155354977,5.16558694653213,shared_2l_1pool
9103,6.114030024036765,0.7916118483990431,5.209898110479116,shared_2l_1pool
9104,6.088201887905598,0.7697488181293011,5.215849028900266,shared_2l_1pool
9105,6.07333704829216,0.7842450868338346,5.1837048958987,shared_2l_1pool
9106,6.061449879780412,0.7798639126121998,5.177084123715758,shared_2l_1pool
9107,6.098195910453796,0.7787209469825029,5.214860895648599,shared_2l_1pool
9108,6.10347418114543,0.7985520642250776,5.202027037739754,shared_2l_1pool
9109,7.194508798420429,1.838012132793665,5.239006830379367,shared_2l_1pool
9110,6.110415095463395,0.8052887860685587,5.199170205742121,shared_2l_1pool
9111,6.106111919507384,0.7992549799382687,5.2023460157215595,shared_2l_1pool
9112,6.112476112321019,0.7747809868305922,5.232781870290637,shared_2l_1pool
9113,6.102073006331921,0.7904269732534885,5.2072131074965,shared_2l_1pool
9114,6.089658942073584,0.7802338805049658,5.203841021284461,shared_2l_1pool
9115,6.082637934014201,0.785773154348135,5.191873991861939,shared_2l_1pool
9116,6.149152060970664,0.8193899411708117,5.223501939326525,shared_2l_1pool
9117,6.0830810107290745,0.7956810295581818,5.182530963793397,shared_2l_1pool
9118,6.074307952076197,0.803912989795208,5.162299843505025,shared_2l_1pool
9119,6.100795930251479,0.8014941122382879,5.194519879296422,shared_2l_1pool
9120,6.099690916016698,0.7965308614075184,5.198993952944875,shared_2l_1pool
9121,6.095729069784284,0.7748960051685572,5.215211072936654,shared_2l_1pool
9122,6.0603630263358355,0.8012191392481327,5.154815968126059,shared_2l_1pool
9123,6.0708848759531975,0.791784143075347,5.175204947590828,shared_2l_1pool
9124,6.0673311818391085,0.7956880144774914,5.167340161278844,shared_2l_1pool
9125,7.159875938668847,1.8194608855992556,5.221941042691469,shared_2l_1pool
9126,6.0961812268942595,0.8018389344215393,5.187044152989984,shared_2l_1pool
9127,6.085128057748079,0.8140841964632273,5.16428193077445,shared_2l_1pool
9128,6.099428981542587,0.8053609635680914,5.190887954086065,shared_2l_1pool
9129,6.092650815844536,0.7922591175884008,5.1970218773931265,shared_2l_1pool
9130,6.096102995797992,0.7933909073472023,5.198620958253741,shared_2l_1pool
9131,6.04578317143023,0.7834660355001688,5.1571528892964125,shared_2l_1pool
9132,6.093355128541589,0.7934218738228083,5.191282136365771,shared_2l_1pool
9133,6.0984850861132145,0.7971071172505617,5.194871919229627,shared_2l_1pool
9134,6.116710137575865,0.7929960265755653,5.2183030638843775,shared_2l_1pool
9135,6.113667041063309,0.8029788732528687,5.20641403272748,shared_2l_1pool
9136,6.082880077883601,0.8020810782909393,5.175773054361343,shared_2l_1pool
9137,6.049368996173143,0.7758638821542263,5.170383024960756,shared_2l_1pool
9138,6.074416916817427,0.7852620910853148,5.185039015486836,shared_2l_1pool
9139,6.0855301562696695,0.7958868518471718,5.1837770733982325,shared_2l_1pool
9140,6.0670271050184965,0.806029886007309,5.1561701111495495,shared_2l_1pool
9141,7.1771591901779175,1.796550815925002,5.263447063043714,shared_2l_1pool
9142,6.148002110421658,0.8119631092995405,5.22739696316421,shared_2l_1pool
9143,6.143233040347695,0.790867954492569,5.2475950215011835,shared_2l_1pool
9144,6.1038590501993895,0.8043660782277584,5.19385002553463,shared_2l_1pool
9145,6.080166902393103,0.7836059667170048,5.191382020711899,shared_2l_1pool
9146,6.0907830484211445,0.7926411926746368,5.195103818550706,shared_2l_1pool
9147,6.080748979002237,0.7959131617099047,5.182304885238409,shared_2l_1pool
9148,6.086593959480524,0.8040990214794874,5.177465034648776,shared_2l_1pool
9149,6.086552981287241,0.7921031210571527,5.186610855162144,shared_2l_1pool
9150,6.126004038378596,0.7967059500515461,5.222072126343846,shared_2l_1pool
9151,6.10934104770422,0.790619058534503,5.213296972215176,shared_2l_1pool
9152,6.1189280822873116,0.7887301035225391,5.225024884566665,shared_2l_1pool
9153,6.080226972699165,0.7892600260674953,5.188436014577746,shared_2l_1pool
9154,6.100906990468502,0.7819740567356348,5.212792893871665,shared_2l_1pool
9155,6.115749944001436,0.7951760198920965,5.215579876676202,shared_2l_1pool
9156,6.066248985007405,0.7910009007900953,5.170373013243079,shared_2l_1pool
9157,7.182833971455693,1.8285950645804405,5.23463892750442,shared_2l_1pool
9158,6.10624416731298,0.8009960874915123,5.197344813495874,shared_2l_1pool
9159,6.077272817492485,0.8101470302790403,5.159992957487702,shared_2l_1pool
9160,6.083921063691378,0.7930120918899775,5.185848800465465,shared_2l_1pool
9161,6.116101052612066,0.8258451707661152,5.1853540353477,shared_2l_1pool
9162,6.084104999899864,0.7933920715004206,5.185296991840005,shared_2l_1pool
9163,6.088559981435537,0.8070999756455421,5.176738137379289,shared_2l_1pool
9164,6.064126966521144,0.7946770638227463,5.165020935237408,shared_2l_1pool
9165,6.135470932349563,0.8133279625326395,5.216657882556319,shared_2l_1pool
9166,6.157377036288381,0.8172199595719576,5.2338531240820885,shared_2l_1pool
9167,6.11333386041224,0.8000009693205357,5.205922992900014,shared_2l_1pool
9168,6.160367978736758,0.8129461202770472,5.239481804892421,shared_2l_1pool
9169,6.1122949700802565,0.7962770760059357,5.209091817960143,shared_2l_1pool
9170,6.1040150467306376,0.7869869004935026,5.21223503164947,shared_2l_1pool
9171,6.093242904171348,0.7872709538787603,5.200274055823684,shared_2l_1pool
9172,6.117262179031968,0.7888069376349449,5.224452121183276,shared_2l_1pool
9173,7.169612916186452,1.8009950872510672,5.249356850981712,shared_2l_1pool
9174,6.1118758749216795,0.8155989926308393,5.190606927499175,shared_2l_1pool
9175,6.108909845352173,0.7908539846539497,5.212572868913412,shared_2l_1pool
9176,6.12211087718606,0.8058799430727959,5.211702082306147,shared_2l_1pool
9177,6.085011176764965,0.7796240970492363,5.196840967983007,shared_2l_1pool
9178,6.09966809861362,0.7817549630999565,5.208485061302781,shared_2l_1pool
9179,6.0491559561342,0.7762580644339323,5.169176962226629,shared_2l_1pool
9180,6.078271195292473,0.792304053902626,5.18246297724545,shared_2l_1pool
9181,6.090254057198763,0.7900649216026068,5.195054924115539,shared_2l_1pool
9182,6.096121156588197,0.8151042275130749,5.1763528026640415,shared_2l_1pool
9183,6.076968042179942,0.7946749683469534,5.177224986255169,shared_2l_1pool
9184,6.127010099589825,0.8036249782890081,5.2179989870637655,shared_2l_1pool
9185,6.129533983767033,0.8021921385079622,5.221728002652526,shared_2l_1pool
9186,6.068594986572862,0.778581015765667,5.186911905184388,shared_2l_1pool
9187,6.107013905420899,0.8406189735978842,5.158892832696438,shared_2l_1pool
9188,6.143904058262706,0.7955508772283792,5.24525810033083,shared_2l_1pool
9189,7.026649778708816,1.8198529724031687,5.086420103907585,shared_2l_1pool
9190,5.955248139798641,0.7976391352713108,5.053307861089706,shared_2l_1pool
9191,5.925786215811968,0.8026009891182184,5.016942974179983,shared_2l_1pool
9192,5.934329004958272,0.7687618490308523,5.055474117398262,shared_2l_1pool
9193,5.966047989204526,0.7919569034129381,5.070698214694858,shared_2l_1pool
9194,5.957947112619877,0.7906511891633272,5.057079019024968,shared_2l_1pool
9195,5.929769948124886,0.7947019767016172,5.028710002079606,shared_2l_1pool
9196,5.951825063675642,0.8096210658550262,5.038173869252205,shared_2l_1pool
9197,5.945391021668911,0.7938600610941648,5.046042846515775,shared_2l_1pool
9198,6.018173880875111,0.805877149105072,5.105998832732439,shared_2l_1pool
9199,5.945886950939894,0.7997839711606503,5.037558963522315,shared_2l_1pool
9200,5.961807910352945,0.7996079511940479,5.056957947090268,shared_2l_1pool
9201,6.0096969828009605,0.8251650724560022,5.0794449634850025,shared_2l_1pool
9202,6.009337026625872,0.7936111651360989,5.110478028655052,shared_2l_1pool
9203,5.973920924589038,0.7975241169333458,5.072020925581455,shared_2l_1pool
9204,5.969288991764188,0.7845328655093908,5.079471971839666,shared_2l_1pool
9205,7.150219986215234,1.794737996533513,5.236350931227207,shared_2l_1pool
9206,6.120116217061877,0.7968558929860592,5.212228978052735,shared_2l_1pool
9207,6.102345883846283,0.7813791744410992,5.2125288639217615,shared_2l_1pool
9208,6.141677964478731,0.8074608631432056,5.227853078395128,shared_2l_1pool
9209,6.098462967202067,0.7899159099906683,5.203101085498929,shared_2l_1pool
9210,6.15512696094811,0.8072629570960999,5.2409840282052755,shared_2l_1pool
9211,6.111576920375228,0.7990121375769377,5.206552799791098,shared_2l_1pool
9212,6.122599123045802,0.8101938292384148,5.205886205658317,shared_2l_1pool
9213,6.097541889175773,0.7904591038823128,5.204659886658192,shared_2l_1pool
9214,6.117845885455608,0.7876830641180277,5.2224029786884785,shared_2l_1pool
9215,6.0968101024627686,0.7895349990576506,5.202689208090305,shared_2l_1pool
9216,6.152367917820811,0.8294191211462021,5.217729834839702,shared_2l_1pool
9217,6.121976068243384,0.8028959855437279,5.2146329544484615,shared_2l_1pool
9218,6.137282121926546,0.8062459528446198,5.2243738900870085,shared_2l_1pool
9219,6.135082803666592,0.8060119580477476,5.225220927968621,shared_2l_1pool
9220,6.115087075158954,0.7933650631457567,5.2181510254740715,shared_2l_1pool
9221,7.240114035084844,1.804624916985631,5.3154409397393465,shared_2l_1pool
9222,6.205928046256304,0.8015481289476156,5.297977011650801,shared_2l_1pool
9223,6.221076939254999,0.8177079726010561,5.291996989399195,shared_2l_1pool
9224,6.184590049088001,0.7956319022923708,5.283481208607554,shared_2l_1pool
9225,6.171871908009052,0.7870921399444342,5.277764983475208,shared_2l_1pool
9226,6.146709900349379,0.7940060459077358,5.246635060757399,shared_2l_1pool
9227,6.202250951901078,0.7974510081112385,5.2989989053457975,shared_2l_1pool
9228,6.18749693967402,0.8045739959925413,5.277062067762017,shared_2l_1pool
9229,6.186931859701872,0.7976079359650612,5.282970145344734,shared_2l_1pool
9230,6.17331312969327,0.8017490617930889,5.267165135592222,shared_2l_1pool
9231,6.182642886415124,0.7984221447259188,5.276114912703633,shared_2l_1pool
9232,6.1510910745710135,0.785214127972722,5.261293845251203,shared_2l_1pool
9233,6.164876976981759,0.7875950541347265,5.2719328086823225,shared_2l_1pool
9234,6.171843968331814,0.7744398899376392,5.29182399623096,shared_2l_1pool
9235,6.193675100803375,0.8073409553617239,5.278900032863021,shared_2l_1pool
9236,6.206985097378492,0.806157011538744,5.295306909829378,shared_2l_1pool
9237,7.292221067473292,1.818397082388401,5.3512039594352245,shared_2l_1pool
9238,6.173830945044756,0.8152800146490335,5.251429043710232,shared_2l_1pool
9239,6.200578063726425,0.8119088597595692,5.283835111185908,shared_2l_1pool
9240,6.214875960722566,0.8108189795166254,5.2995639853179455,shared_2l_1pool
9241,6.21279189363122,0.8056920487433672,5.301235942170024,shared_2l_1pool
9242,6.17379485629499,0.7977890782058239,5.270441994071007,shared_2l_1pool
9243,6.148518994450569,0.7790799718350172,5.2640552166849375,shared_2l_1pool
9244,6.186746992170811,0.7974090985953808,5.282856058329344,shared_2l_1pool
9245,6.169195054098964,0.8039472158998251,5.26034994982183,shared_2l_1pool
9246,6.134563125669956,0.7953110616654158,5.233087809756398,shared_2l_1pool
9247,6.188711849972606,0.8205580525100231,5.26290712878108,shared_2l_1pool
9248,6.233331048861146,0.8290810510516167,5.298527888953686,shared_2l_1pool
9249,6.139133824035525,0.7896148599684238,5.246500018984079,shared_2l_1pool
9250,6.145874969661236,0.7864751387387514,5.25423395447433,shared_2l_1pool
9251,6.169421831145883,0.8020959794521332,5.2632170263677835,shared_2l_1pool
9252,6.1497860588133335,0.8031190373003483,5.237442906945944,shared_2l_1pool
9253,7.509117946028709,2.0733170676976442,5.31468796543777,shared_2l_1pool
9254,6.199463037773967,0.8106848690658808,5.283709149807692,shared_2l_1pool
9255,6.1994141433387995,0.8177962154150009,5.274641793221235,shared_2l_1pool
9256,6.153803085908294,0.7934060413390398,5.254932912066579,shared_2l_1pool
9257,6.171026965603232,0.8003960829228163,5.2636610344052315,shared_2l_1pool
9258,6.194510031491518,0.7989678997546434,5.290312925353646,shared_2l_1pool
9259,6.205299869179726,0.8275378495454788,5.270664114505053,shared_2l_1pool
9260,6.1720688827335835,0.818437896668911,5.248952191323042,shared_2l_1pool
9261,6.134830880910158,0.7856690790504217,5.239089950919151,shared_2l_1pool
9262,6.151295965537429,0.7959860377013683,5.252601113170385,shared_2l_1pool
9263,6.133574992418289,0.7899799384176731,5.238092038780451,shared_2l_1pool
9264,6.190457846969366,0.8084140717983246,5.277425050735474,shared_2l_1pool
9265,6.151061970740557,0.8034540805965662,5.242843879386783,shared_2l_1pool
9266,6.198859075084329,0.7972731254994869,5.294038914144039,shared_2l_1pool
9267,6.123183062300086,0.7914940360933542,5.224650958552957,shared_2l_1pool
9268,6.155743030831218,0.8053660858422518,5.2458918653428555,shared_2l_1pool
9269,7.25268991664052,1.8325538840144873,5.299040116369724,shared_2l_1pool
9270,6.207268917933106,0.8198791183531284,5.279049975797534,shared_2l_1pool
9271,6.166531005874276,0.8193149697035551,5.24193188175559,shared_2l_1pool
9272,6.13975478336215,0.7979581132531166,5.236141849309206,shared_2l_1pool
9273,6.166553823277354,0.7897941395640373,5.272512789815664,shared_2l_1pool
9274,6.176027003675699,0.7939059287309647,5.277373129501939,shared_2l_1pool
9275,6.181285949423909,0.799024011939764,5.278677912428975,shared_2l_1pool
9276,6.143287057057023,0.7933320011943579,5.245838081464171,shared_2l_1pool
9277,6.145054008811712,0.8029190357774496,5.2386249881237745,shared_2l_1pool
9278,6.149970926344395,0.796005129814148,5.248518893495202,shared_2l_1pool
9279,6.164870923385024,0.803111121058464,5.2583408541977406,shared_2l_1pool
9280,6.212152075022459,0.8463398553431034,5.260049132630229,shared_2l_1pool
9281,6.220411974936724,0.8458460215479136,5.269939079880714,shared_2l_1pool
9282,6.1694050673395395,0.8019630331546068,5.263660801574588,shared_2l_1pool
9283,6.159476935863495,0.7914660964161158,5.266271997243166,shared_2l_1pool
9284,6.148957880213857,0.7865079678595066,5.2570810075849295,shared_2l_1pool
9285,7.228832924738526,1.7921258695423603,5.317904055118561,shared_2l_1pool
9286,6.222546799108386,0.8622859604656696,5.255167139694095,shared_2l_1pool
9287,6.207744125276804,0.8147910702973604,5.286277970299125,shared_2l_1pool
9288,6.157560041174293,0.7927431724965572,5.261163925752044,shared_2l_1pool
9289,6.144797196611762,0.803434057161212,5.233614007011056,shared_2l_1pool
9290,6.183105055242777,0.8117889519780874,5.265273153781891,shared_2l_1pool
9291,6.171060958877206,0.8031220640987158,5.263583967462182,shared_2l_1pool
9292,6.185404025018215,0.8027190342545509,5.277787102386355,shared_2l_1pool
9293,6.192132830619812,0.8003339171409607,5.28746610507369,shared_2l_1pool
9294,6.193378008902073,0.7930588908493519,5.290853092446923,shared_2l_1pool
9295,6.21370691806078,0.7960530929267406,5.310732871294022,shared_2l_1pool
9296,6.1922690365463495,0.7971259765326977,5.29060885310173,shared_2l_1pool
9297,6.209381856024265,0.8230069652199745,5.282043945044279,shared_2l_1pool
9298,6.2000618781894445,0.8201280143111944,5.274680908769369,shared_2l_1pool
9299,6.190727930516005,0.7953448221087456,5.2871310617774725,shared_2l_1pool
9300,6.186468992382288,0.815503066405654,5.2665420807898045,shared_2l_1pool
9301,7.283227052539587,1.8409520853310823,5.3218340035527945,shared_2l_1pool
9302,6.215549074113369,0.8322449866682291,5.277944030240178,shared_2l_1pool
9303,6.223777076229453,0.8179100695997477,5.30007597990334,shared_2l_1pool
9304,6.208169041201472,0.7960139773786068,5.305815953761339,shared_2l_1pool
9305,6.155065027996898,0.789575045928359,5.259972997009754,shared_2l_1pool
9306,6.147826090455055,0.7895948365330696,5.25210821069777,shared_2l_1pool
9307,6.144176935777068,0.8010640740394592,5.239230114966631,shared_2l_1pool
9308,6.174564128741622,0.7878670003265142,5.280785029754043,shared_2l_1pool
9309,6.177470088005066,0.803148839622736,5.270037101581693,shared_2l_1pool
9310,6.098092999309301,0.771544873714447,5.2215480245649815,shared_2l_1pool
9311,6.1238829512149096,0.7858290337026119,5.234326934441924,shared_2l_1pool
9312,6.183244055137038,0.7995539344847202,5.27769816108048,shared_2l_1pool
9313,6.1795508954674006,0.810079975053668,5.266184918582439,shared_2l_1pool
9314,6.1845979653298855,0.797295942902565,5.280254874378443,shared_2l_1pool
9315,6.159065989777446,0.7884330116212368,5.263261962682009,shared_2l_1pool
9316,6.211376981809735,0.8135661482810974,5.292757879942656,shared_2l_1pool
9317,7.273937109857798,1.8328470177948475,5.321786040440202,shared_2l_1pool
9318,6.192733999341726,0.8138720877468586,5.271482979878783,shared_2l_1pool
9319,6.16215611808002,0.820579007267952,5.235119024291635,shared_2l_1pool
9320,6.151254056021571,0.8158800192177296,5.230523878708482,shared_2l_1pool
9321,6.126967957243323,0.7891349960118532,5.234479904174805,shared_2l_1pool
9322,6.182712968438864,0.7961189839988947,5.281444871798158,shared_2l_1pool
9323,6.1532799154520035,0.7885650265961885,5.2590640261769295,shared_2l_1pool
9324,6.158706033602357,0.7990810554474592,5.255108932033181,shared_2l_1pool
9325,6.1788789462298155,0.8074529469013214,5.264529958367348,shared_2l_1pool
9326,6.161001045256853,0.7989651057869196,5.252525908872485,shared_2l_1pool
9327,6.158021977171302,0.8342019282281399,5.218198988586664,shared_2l_1pool
9328,6.174474023282528,0.8159170392900705,5.252213915809989,shared_2l_1pool
9329,6.154495989903808,0.8045239374041557,5.246624117717147,shared_2l_1pool
9330,6.182337878271937,0.8001071400940418,5.277015967294574,shared_2l_1pool
9331,6.1850049532949924,0.8218290749937296,5.259125027805567,shared_2l_1pool
9332,6.132020149379969,0.7675408851355314,5.257773213088512,shared_2l_1pool
9333,7.241547107696533,1.8262299709022045,5.296933930367231,shared_2l_1pool
9334,6.175844930112362,0.8234379347413778,5.247220164164901,shared_2l_1pool
9335,6.178308976814151,0.8125200401991606,5.262459861114621,shared_2l_1pool
9336,6.1571029946208,0.8234318811446428,5.228105001151562,shared_2l_1pool
9337,6.132239010185003,0.7792478427290916,5.247593158856034,shared_2l_1pool
9338,6.174074020236731,0.801625894382596,5.267132073640823,shared_2l_1pool
9339,6.196964997798204,0.8389570284634829,5.2548369858413935,shared_2l_1pool
9340,6.1438430566340685,0.8110848721116781,5.228377180173993,shared_2l_1pool
9341,6.120770005509257,0.792275182902813,5.223268875852227,shared_2l_1pool
9342,6.175862159579992,0.813542865216732,5.255680065602064,shared_2l_1pool
9343,6.154161877930164,0.8047849405556917,5.24477194994688,shared_2l_1pool
9344,6.150014931336045,0.798902940005064,5.245651118457317,shared_2l_1pool
9345,6.119216093793511,0.7857370655983686,5.231365095824003,shared_2l_1pool
9346,6.110792979598045,0.7805421482771635,5.224443972110748,shared_2l_1pool
9347,6.14804495126009,0.7898949552327394,5.254769930616021,shared_2l_1pool
9348,6.1741170939058065,0.7993970066308975,5.269718822091818,shared_2l_1pool
9349,7.228106958791614,1.8243379890918732,5.28417294844985,shared_2l_1pool
9350,6.19187718257308,0.8222039323300123,5.263729020953178,shared_2l_1pool
9351,6.181843113154173,0.8057199884206057,5.270333029329777,shared_2l_1pool
9352,6.193574983626604,0.8246761281043291,5.2630179561674595,shared_2l_1pool
9353,6.1545479111373425,0.8040668908506632,5.24559011682868,shared_2l_1pool
9354,6.161137949675322,0.8060811087489128,5.249785957857966,shared_2l_1pool
9355,6.156940944492817,0.7973259780555964,5.251555936411023,shared_2l_1pool
9356,6.193527020514011,0.8074180223047733,5.282568978145719,shared_2l_1pool
9357,6.187906954437494,0.8259559981524944,5.257654935121536,shared_2l_1pool
9358,6.185251986607909,0.8179750293493271,5.2646431140601635,shared_2l_1pool
9359,6.208646111190319,0.8250679820775986,5.276410141959786,shared_2l_1pool
9360,6.141453981399536,0.8177249692380428,5.2178180776536465,shared_2l_1pool
9361,6.1595330480486155,0.8255299180746078,5.229461006820202,shared_2l_1pool
9362,6.130662048235536,0.8029588498175144,5.2224991377443075,shared_2l_1pool
9363,6.165012018755078,0.7966039702296257,5.260814912617207,shared_2l_1pool
9364,6.2615470960736275,0.8804830722510815,5.276242038235068,shared_2l_1pool
9365,7.341899909079075,1.8344779964536428,5.384744144976139,shared_2l_1pool
9366,6.213146960362792,0.838827807456255,5.266852211207151,shared_2l_1pool
9367,6.2095411121845245,0.8218761067837477,5.280832061544061,shared_2l_1pool
9368,6.200534990057349,0.8177319541573524,5.273754941299558,shared_2l_1pool
9369,6.209005136042833,0.8042079862207174,5.300433142110705,shared_2l_1pool
9370,6.193976849317551,0.8089989423751831,5.279014119878411,shared_2l_1pool
9371,6.13423902541399,0.7729430217295885,5.256955977529287,shared_2l_1pool
9372,6.181914126500487,0.7911419961601496,5.28584816493094,shared_2l_1pool
9373,6.235345965251327,0.813785009086132,5.315050017088652,shared_2l_1pool
9374,6.161848083138466,0.8003800176084042,5.254209972918034,shared_2l_1pool
9375,6.166773149743676,0.8097440004348755,5.252385046333075,shared_2l_1pool
9376,6.138558965176344,0.7978661451488733,5.235595861449838,shared_2l_1pool
9377,6.141477031633258,0.7799859158694744,5.259809084236622,shared_2l_1pool
9378,6.1512000393122435,0.798526918515563,5.247145891189575,shared_2l_1pool
9379,6.155748153105378,0.8071039337664843,5.244277184829116,shared_2l_1pool
9380,6.179731106385589,0.8031160105019808,5.272378912195563,shared_2l_1pool
9381,7.248118985444307,1.8043308518826962,5.319327116012573,shared_2l_1pool
9382,6.196341942995787,0.8185950573533773,5.270489025861025,shared_2l_1pool
9383,6.154344184324145,0.7926849648356438,5.256843054667115,shared_2l_1pool
9384,6.133274175226688,0.7947729900479317,5.233590956777334,shared_2l_1pool
9385,6.186816841363907,0.8177990093827248,5.2643739618361,shared_2l_1pool
9386,6.160023156553507,0.8093500509858131,5.244153086096048,shared_2l_1pool
9387,6.1075580306351185,0.7876530289649963,5.209580063819885,shared_2l_1pool
9388,6.1596950981765985,0.8038780651986599,5.249856971204281,shared_2l_1pool
9389,6.117742974311113,0.7833067793399096,5.227229092270136,shared_2l_1pool
9390,6.167790153995156,0.7901829667389393,5.271255038678646,shared_2l_1pool
9391,6.178370909765363,0.7918660994619131,5.281762918457389,shared_2l_1pool
9392,6.200978998094797,0.811462989076972,5.284656072035432,shared_2l_1pool
9393,6.192648084834218,0.8108741603791714,5.274410825222731,shared_2l_1pool
9394,6.198307033628225,0.7914439775049686,5.299043143168092,shared_2l_1pool
9395,6.135178031399846,0.7969439029693604,5.232577910646796,shared_2l_1pool
9396,6.159569835290313,0.8039721287786961,5.2495719864964485,shared_2l_1pool
9397,7.26997503079474,1.8192080315202475,5.331696942448616,shared_2l_1pool
9398,6.184629863128066,0.8038310334086418,5.273198010399938,shared_2l_1pool
9399,6.18638307787478,0.7960950024425983,5.2855180110782385,shared_2l_1pool
9400,6.191513035446405,0.8187908679246902,5.268306937068701,shared_2l_1pool
9401,6.171572953462601,0.8076101075857878,5.25766983628273,shared_2l_1pool
9402,6.176630035042763,0.7966961711645126,5.275725852698088,shared_2l_1pool
9403,6.169120082631707,0.8102878928184509,5.25143020786345,shared_2l_1pool
9404,6.180225173011422,0.8011390455067158,5.275455070659518,shared_2l_1pool
9405,6.136602023616433,0.8035989012569189,5.227798130363226,shared_2l_1pool
9406,6.155584938824177,0.802433118224144,5.248178029432893,shared_2l_1pool
9407,6.152658956125379,0.7992510218173265,5.249459994956851,shared_2l_1pool
9408,6.128801964223385,0.8061709813773632,5.2167989779263735,shared_2l_1pool
9409,6.190320942550898,0.8097339887171984,5.2737409714609385,shared_2l_1pool
9410,6.16875197738409,0.7946921978145838,5.269394954666495,shared_2l_1pool
9411,6.163476034998894,0.7900029886513948,5.269465036690235,shared_2l_1pool
9412,6.140596000477672,0.786839984357357,5.251569906249642,shared_2l_1pool
9413,7.241097977384925,1.8173970747739077,5.304171005263925,shared_2l_1pool
9414,6.146543193608522,0.8165210019797087,5.222360836341977,shared_2l_1pool
9415,6.173860980197787,0.8151941001415253,5.2471698727458715,shared_2l_1pool
9416,6.1737720388919115,0.7934679742902517,5.2737470250576735,shared_2l_1pool
9417,6.175895920023322,0.798333901911974,5.2711451426148415,shared_2l_1pool
9418,6.196659989655018,0.8191079832613468,5.271007074043155,shared_2l_1pool
9419,6.22054492123425,0.8121230639517307,5.299090873450041,shared_2l_1pool
9420,6.184045923873782,0.8029940072447062,5.272554000839591,shared_2l_1pool
9421,6.121001904830337,0.7853829301893711,5.229956936091185,shared_2l_1pool
9422,6.175474962219596,0.812202924862504,5.256467033177614,shared_2l_1pool
9423,6.168351974338293,0.8014040067791939,5.262196063995361,shared_2l_1pool
9424,6.201164098456502,0.816606916487217,5.278031108900905,shared_2l_1pool
9425,6.140758050605655,0.7863019127398729,5.247998982667923,shared_2l_1pool
9426,6.163989892229438,0.8061740081757307,5.248534958809614,shared_2l_1pool
9427,6.144898943603039,0.7885049562901258,5.251382011920214,shared_2l_1pool
9428,6.128245964646339,0.7982910610735416,5.226318957284093,shared_2l_1pool
9429,7.292506052181125,1.8467269837856293,5.327299004420638,shared_2l_1pool
9430,6.180349038913846,0.8222449105232954,5.251486087217927,shared_2l_1pool
9431,6.1471879016608,0.7934309542179108,5.244305124506354,shared_2l_1pool
9432,6.1725410632789135,0.8061651606112719,5.262327846139669,shared_2l_1pool
9433,6.138975033536553,0.809249933809042,5.223320098593831,shared_2l_1pool
9434,6.120671052485704,0.7981089875102043,5.216120043769479,shared_2l_1pool
9435,6.171212997287512,0.8067181333899498,5.260898033156991,shared_2l_1pool
9436,6.174653070047498,0.8129631169140339,5.255892872810364,shared_2l_1pool
9437,6.170517997816205,0.7963399402797222,5.270106019452214,shared_2l_1pool
9438,6.120423786342144,0.7932679727673531,5.2154099103063345,shared_2l_1pool
9439,6.138558033853769,0.7966510020196438,5.237573059275746,shared_2l_1pool
9440,6.206120131537318,0.8413470350205898,5.257142009213567,shared_2l_1pool
9441,6.161627825349569,0.8040100801736116,5.253199953585863,shared_2l_1pool
9442,6.138614844530821,0.8019320666790009,5.233702016994357,shared_2l_1pool
9443,6.127530010417104,0.7916311733424664,5.233406787738204,shared_2l_1pool
9444,6.130034802481532,0.7991790771484375,5.224632797762752,shared_2l_1pool
9445,7.103631971403956,1.8179519101977348,5.164945963770151,shared_2l_1pool
9446,6.029865005984902,0.823653070256114,5.09754684753716,shared_2l_1pool
9447,5.994671955704689,0.8053788915276527,5.0826589576900005,shared_2l_1pool
9448,6.006842944771051,0.7981460075825453,5.104110110551119,shared_2l_1pool
9449,6.060233106836677,0.8010519668459892,5.154571961611509,shared_2l_1pool
9450,6.029782118275762,0.805470859631896,5.118615925312042,shared_2l_1pool
9451,6.079026032239199,0.7977988570928574,5.081396084278822,shared_2l_1pool
9452,6.1296140775084496,0.8741749916225672,5.124577088281512,shared_2l_1pool
9453,6.080274935811758,0.8260770700871944,5.149837816134095,shared_2l_1pool
9454,6.034117192029953,0.8140080608427525,5.11379586532712,shared_2l_1pool
9455,6.031797034665942,0.8104448206722736,5.114027066156268,shared_2l_1pool
9456,6.018004845827818,0.8190360385924578,5.09403389878571,shared_2l_1pool
9457,6.035689963027835,0.8060489781200886,5.123920040205121,shared_2l_1pool
9458,6.007084855809808,0.815920066088438,5.0854620058089495,shared_2l_1pool
9459,5.975499050691724,0.8145971223711967,5.057584028691053,shared_2l_1pool
9460,6.047233007848263,0.8199939038604498,5.125093040987849,shared_2l_1pool
9461,7.2995389346033335,1.8378111999481916,5.336851812899113,shared_2l_1pool
9462,6.21856190264225,0.8101959247142076,5.30083617195487,shared_2l_1pool
9463,6.215007975697517,0.8241028990596533,5.284254904836416,shared_2l_1pool
9464,6.170942215248942,0.8060380350798368,5.258759018033743,shared_2l_1pool
9465,6.203291937708855,0.8173100650310516,5.280504934489727,shared_2l_1pool
9466,6.247249897569418,0.8112280629575253,5.330828949809074,shared_2l_1pool
9467,6.219964940100908,0.8064028806984425,5.308404099196196,shared_2l_1pool
9468,6.162373814731836,0.7924649398773909,5.26435999199748,shared_2l_1pool
9469,6.21240702457726,0.8127100300043821,5.2957970183342695,shared_2l_1pool
9470,6.221841089427471,0.8218139410018921,5.290316883474588,shared_2l_1pool
9471,6.175186950713396,0.8089581970125437,5.262938793748617,shared_2l_1pool
9472,6.227097939699888,0.833878992125392,5.287425126880407,shared_2l_1pool
9473,6.174629088491201,0.8171568624675274,5.253188079223037,shared_2l_1pool
9474,6.197195965796709,0.8238339796662331,5.2691909950226545,shared_2l_1pool
9475,6.214471068233252,0.7981660310178995,5.307615036144853,shared_2l_1pool
9476,6.207254948094487,0.8131640497595072,5.288725020363927,shared_2l_1pool
9477,7.321584969758987,1.8355681095272303,5.36575703881681,shared_2l_1pool
9478,6.165108177810907,0.8283881470561028,5.230635870248079,shared_2l_1pool
9479,6.163422949612141,0.7951159495860338,5.262272199615836,shared_2l_1pool
9480,6.235026987269521,0.8094601798802614,5.31829078681767,shared_2l_1pool
9481,6.141918012872338,0.8018538355827332,5.234805168583989,shared_2l_1pool
9482,6.161686964333057,0.8150369394570589,5.241808947175741,shared_2l_1pool
9483,6.2296350952237844,0.8161510340869427,5.307246930897236,shared_2l_1pool
9484,6.169675849378109,0.8348959963768721,5.229016067460179,shared_2l_1pool
9485,6.134259980171919,0.8104441221803427,5.213559838011861,shared_2l_1pool
9486,6.150014000013471,0.7997190114110708,5.24654402397573,shared_2l_1pool
9487,6.244941148906946,0.8231059182435274,5.314382957294583,shared_2l_1pool
9488,6.228094920516014,0.8199901785701513,5.301552824676037,shared_2l_1pool
9489,6.206969963386655,0.8153030648827553,5.286881932988763,shared_2l_1pool
9490,6.176747148856521,0.8043590933084488,5.265576997771859,shared_2l_1pool
9491,6.184755824506283,0.8226290810853243,5.25619788095355,shared_2l_1pool
9492,6.182516925036907,0.8362929802387953,5.240994039922953,shared_2l_1pool
9493,7.344319019466639,1.8426920287311077,5.3825280629098415,shared_2l_1pool
9494,6.174615118652582,0.8234528359025717,5.237895995378494,shared_2l_1pool
9495,6.194602930918336,0.8098331745713949,5.282507976517081,shared_2l_1pool
9496,6.215013097971678,0.8119000121951103,5.296044051647186,shared_2l_1pool
9497,6.173769012093544,0.8148278575390577,5.253419047221541,shared_2l_1pool
9498,6.2061341013759375,0.7901610806584358,5.310641834512353,shared_2l_1pool
9499,6.17851410061121,0.8104369044303894,5.259386030957103,shared_2l_1pool
9500,6.169233005493879,0.8287800010293722,5.235459888353944,shared_2l_1pool
9501,6.163105135783553,0.8064000867307186,5.252534989267588,shared_2l_1pool
9502,6.16479804739356,0.8244949858635664,5.236468045040965,shared_2l_1pool
9503,6.11152988858521,0.8079397957772017,5.200002109631896,shared_2l_1pool
9504,6.183661986142397,0.8149519562721252,5.261185113340616,shared_2l_1pool
9505,6.21653301641345,0.8150578942149878,5.29136904515326,shared_2l_1pool
9506,6.101198960095644,0.8197571150958538,5.175888072699308,shared_2l_1pool
9507,6.152780959382653,0.8313651196658611,5.21573587320745,shared_2l_1pool
9508,6.204139906913042,0.7938491180539131,5.305024096742272,shared_2l_1pool
9509,7.279522018507123,1.8508569337427616,5.309012020006776,shared_2l_1pool
9510,6.190597079694271,0.8174909744411707,5.265793995931745,shared_2l_1pool
9511,6.1150770634412766,0.7908279076218605,5.218198988586664,shared_2l_1pool
9512,6.201246054843068,0.8161610458046198,5.279941018670797,shared_2l_1pool
9513,6.218364927917719,0.8094899822026491,5.299516953527927,shared_2l_1pool
9514,6.173670990392566,0.8043821435421705,5.2640000358223915,shared_2l_1pool
9515,6.1989950481802225,0.8060960099101067,5.286723142489791,shared_2l_1pool
9516,6.179462186992168,0.803390983492136,5.267223110422492,shared_2l_1pool
9517,6.182032870128751,0.8023481350392103,5.272592883557081,shared_2l_1pool
9518,6.12986390478909,0.8086520247161388,5.215877899900079,shared_2l_1pool
9519,6.2004579231143,0.8030629251152277,5.291362991556525,shared_2l_1pool
9520,6.216493900865316,0.8218621369451284,5.2870879881083965,shared_2l_1pool
9521,6.174214882776141,0.823737122118473,5.24547602981329,shared_2l_1pool
9522,6.140759913250804,0.7854981813579798,5.2477228455245495,shared_2l_1pool
9523,6.172442808747292,0.8186649065464735,5.247380118817091,shared_2l_1pool
9524,6.218812894076109,0.8212737739086151,5.293527152389288,shared_2l_1pool
9525,7.268075831234455,1.8415378872305155,5.308395018801093,shared_2l_1pool
9526,6.198443006724119,0.818552915006876,5.273425951600075,shared_2l_1pool
9527,6.160450167953968,0.8238919544965029,5.231400951743126,shared_2l_1pool
9528,6.175715010613203,0.8107512257993221,5.258391844108701,shared_2l_1pool
9529,6.197880953550339,0.8093360811471939,5.281919846311212,shared_2l_1pool
9530,6.172998109832406,0.8034058846533298,5.263197002932429,shared_2l_1pool
9531,6.229697959497571,0.8382098749279976,5.286308005452156,shared_2l_1pool
9532,6.176671013236046,0.8010058663785458,5.27058495208621,shared_2l_1pool
9533,6.120717851445079,0.8014380000531673,5.215934943407774,shared_2l_1pool
9534,6.12441380508244,0.8007660508155823,5.217383150011301,shared_2l_1pool
9535,6.177742965519428,0.8057591039687395,5.2674259059131145,shared_2l_1pool
9536,6.187068996950984,0.8187529165297747,5.2643881645053625,shared_2l_1pool
9537,6.188126979395747,0.8150159846991301,5.268082953989506,shared_2l_1pool
9538,6.287185940891504,0.8725849911570549,5.309156840667129,shared_2l_1pool
9539,6.190924905240536,0.8193871472030878,5.267135798931122,shared_2l_1pool
9540,6.185991922393441,0.8165258914232254,5.263765109702945,shared_2l_1pool
9541,7.209123810753226,1.8373900093138218,5.249653942883015,shared_2l_1pool
9542,6.189532112330198,0.8140560239553452,5.269239889457822,shared_2l_1pool
9543,6.184576079249382,0.8305620867758989,5.248270928859711,shared_2l_1pool
9544,6.229024147614837,0.8434178307652473,5.2818909753113985,shared_2l_1pool
9545,6.183761870488524,0.8074350189417601,5.268697161227465,shared_2l_1pool
9546,6.1505779158324,0.8031278848648071,5.24092698469758,shared_2l_1pool
9547,6.179003044962883,0.7963702082633972,5.270660854876041,shared_2l_1pool
9548,6.200733128935099,0.7895929738879204,5.304778926074505,shared_2l_1pool
9549,6.161640863865614,0.8123330771923065,5.244737025350332,shared_2l_1pool
9550,6.156382849439979,0.8167428895831108,5.2322871051728725,shared_2l_1pool
9551,6.212497130036354,0.8090650662779808,5.296565825119615,shared_2l_1pool
9552,6.219296017661691,0.818437896668911,5.293834954500198,shared_2l_1pool
9553,6.1627288814634085,0.8125919848680496,5.244752857834101,shared_2l_1pool
9554,6.126755848526955,0.8239960297942162,5.195745965465903,shared_2l_1pool
9555,6.19588908739388,0.8096660021692514,5.279654869809747,shared_2l_1pool
9556,6.2022090423852205,0.8243259508162737,5.271554924547672,shared_2l_1pool
9557,7.321686949580908,1.8321338575333357,5.3710059728473425,shared_2l_1pool
9558,6.228710059076548,0.8486730512231588,5.2730070892721415,shared_2l_1pool
9559,6.18557701818645,0.8064298890531063,5.27291907928884,shared_2l_1pool
9560,6.234877975657582,0.8196199778467417,5.310368025675416,shared_2l_1pool
9561,6.2297729309648275,0.7967469282448292,5.329351173713803,shared_2l_1pool
9562,6.182726006954908,0.8051099721342325,5.271479021757841,shared_2l_1pool
9563,6.137865129858255,0.7874099537730217,5.24649303406477,shared_2l_1pool
9564,6.212980020791292,0.8052741177380085,5.304419901221991,shared_2l_1pool
9565,6.202354095876217,0.8094820659607649,5.2894228138029575,shared_2l_1pool
9566,6.167009938508272,0.8069360628724098,5.25264791212976,shared_2l_1pool
9567,6.173769943416119,0.813725171610713,5.256137810647488,shared_2l_1pool
9568,6.145423976704478,0.7908600382506847,5.249181063845754,shared_2l_1pool
9569,6.20646495372057,0.819991109892726,5.28360391035676,shared_2l_1pool
9570,6.159790093079209,0.8085048757493496,5.2479400765150785,shared_2l_1pool
9571,6.186004029586911,0.7972999010235071,5.284394137561321,shared_2l_1pool
9572,6.155021954327822,0.8063381537795067,5.2428829949349165,shared_2l_1pool
9573,7.3285819962620735,1.836937852203846,5.370458122342825,shared_2l_1pool
9574,6.241020979359746,0.818145927041769,5.315935937687755,shared_2l_1pool
9575,6.191608961671591,0.8306768722832203,5.253636976704001,shared_2l_1pool
9576,6.189034087583423,0.8049570024013519,5.274885101243854,shared_2l_1pool
9577,6.257038097828627,0.8145091123878956,5.3374068811535835,shared_2l_1pool
9578,6.229056045413017,0.8067688904702663,5.314347101375461,shared_2l_1pool
9579,6.190915824845433,0.8371169678866863,5.246725166216493,shared_2l_1pool
9580,6.247980985790491,0.8120790589600801,5.325956968590617,shared_2l_1pool
9581,6.236838875338435,0.8067050948739052,5.325762089341879,shared_2l_1pool
9582,6.25263899564743,0.8153060916811228,5.331648979336023,shared_2l_1pool
9583,6.232137093320489,0.8150329813361168,5.312862107530236,shared_2l_1pool
9584,6.224308162927628,0.8195769041776657,5.299929063767195,shared_2l_1pool
9585,6.219683913514018,0.7919140625745058,5.319579970091581,shared_2l_1pool
9586,6.233640946447849,0.8146960753947496,5.312937078997493,shared_2l_1pool
9587,6.259486079216003,0.8278039749711752,5.326377926394343,shared_2l_1pool
9588,6.215799134224653,0.8365849498659372,5.27570815756917,shared_2l_1pool
9589,7.283284096047282,1.8481521401554346,5.316058872267604,shared_2l_1pool
9590,6.249262951314449,0.8176350966095924,5.323834950104356,shared_2l_1pool
9591,6.207652157172561,0.8335928432643414,5.268281092867255,shared_2l_1pool
9592,6.165308179333806,0.8211180102080107,5.238334881141782,shared_2l_1pool
9593,6.1456370167434216,0.8198670111596584,5.221175029873848,shared_2l_1pool
9594,6.180673837661743,0.8064431603997946,5.268573993816972,shared_2l_1pool
9595,6.161940051242709,0.8265089709311724,5.231295945122838,shared_2l_1pool
9596,6.232350831851363,0.8311059791594744,5.2962948102504015,shared_2l_1pool
9597,6.17317296564579,0.8218009024858475,5.247530061751604,shared_2l_1pool
9598,6.175763206556439,0.822344096377492,5.24857291020453,shared_2l_1pool
9599,6.140440935268998,0.7978819776326418,5.231739953160286,shared_2l_1pool
9600,6.183756981045008,0.8777701295912266,5.200242856517434,shared_2l_1pool
9601,6.209498969838023,0.8150369394570589,5.288286134600639,shared_2l_1pool
9602,6.225311895832419,0.8213450200855732,5.299465963616967,shared_2l_1pool
9603,6.201493786647916,0.8124420419335365,5.285200895741582,shared_2l_1pool
9604,6.138055119663477,0.8221650496125221,5.204672925174236,shared_2l_1pool
9605,7.262293947860599,1.8498948775231838,5.291155073791742,shared_2l_1pool
9606,6.171292159706354,0.8314070291817188,5.23251504637301,shared_2l_1pool
9607,6.209844024851918,0.8374059107154608,5.267197964712977,shared_2l_1pool
9608,6.169469095766544,0.8332440629601479,5.2288619335740805,shared_2l_1pool
9609,6.1829909682273865,0.8206928614526987,5.256161093711853,shared_2l_1pool
9610,6.107110064476728,0.804537907242775,5.196413956582546,shared_2l_1pool
9611,6.1847500037401915,0.8092939388006926,5.2703749388456345,shared_2l_1pool
9612,6.124388892203569,0.8377910126000643,5.182387074455619,shared_2l_1pool
9613,6.10005808994174,0.8054520003497601,5.188262090086937,shared_2l_1pool
9614,6.1672949232161045,0.8099889382719994,5.249830195680261,shared_2l_1pool
9615,6.162935169413686,0.824187882244587,5.233442177996039,shared_2l_1pool
9616,6.192483007907867,0.8191610686480999,5.269682966172695,shared_2l_1pool
9617,6.126817082986236,0.8233119733631611,5.1964870654046535,shared_2l_1pool
9618,6.1133261770009995,0.8095200173556805,5.197608144953847,shared_2l_1pool
9619,6.162219913676381,0.8198639843612909,5.236826837062836,shared_2l_1pool
9620,6.169237894937396,0.7920169737190008,5.272045033052564,shared_2l_1pool
9621,7.275588810443878,1.813387032598257,5.344796925783157,shared_2l_1pool
9622,6.19294703938067,0.8427510038018227,5.245031788945198,shared_2l_1pool
9623,6.181946024298668,0.8231899701058865,5.252588074654341,shared_2l_1pool
9624,6.1948830261826515,0.8337320759892464,5.255318013951182,shared_2l_1pool
9625,6.168972002342343,0.8296968881040812,5.234883166849613,shared_2l_1pool
9626,6.195704219862819,0.8321159984916449,5.255627911537886,shared_2l_1pool
9627,6.171954097226262,0.8033819030970335,5.265421001240611,shared_2l_1pool
9628,6.180381868034601,0.8079961407929659,5.269637797027826,shared_2l_1pool
9629,6.163898855447769,0.82832807675004,5.230619106441736,shared_2l_1pool
9630,6.14490918815136,0.8143021259456873,5.228422814980149,shared_2l_1pool
9631,6.1150710098445415,0.8365449029952288,5.1720840856432915,shared_2l_1pool
9632,6.130874156951904,0.8133929222822189,5.207896931096911,shared_2l_1pool
9633,6.105516105890274,0.8174390532076359,5.183188943192363,shared_2l_1pool
9634,6.136687938123941,0.8163878228515387,5.2134960424155,shared_2l_1pool
9635,6.103862076997757,0.8132450748234987,5.186744965612888,shared_2l_1pool
9636,6.1399179976433516,0.8198791183531284,5.214253906160593,shared_2l_1pool
9637,7.581667043268681,2.1480091381818056,5.312527995556593,shared_2l_1pool
9638,6.152729969471693,0.8111321367323399,5.234871059656143,shared_2l_1pool
9639,6.123790983110666,0.8200870361179113,5.195185076445341,shared_2l_1pool
9640,6.1767022125422955,0.8190260268747807,5.25298691354692,shared_2l_1pool
9641,6.229445803910494,0.837978906929493,5.285433027893305,shared_2l_1pool
9642,6.216190988197923,0.8355809841305017,5.273654125630856,shared_2l_1pool
9643,6.17001298815012,0.8188090287148952,5.245520966127515,shared_2l_1pool
9644,6.123431958258152,0.8178139105439186,5.201797001063824,shared_2l_1pool
9645,6.196547066792846,0.8527350146323442,5.240745143964887,shared_2l_1pool
9646,6.180603988468647,0.835399841889739,5.239489022642374,shared_2l_1pool
9647,6.132400827482343,0.8257781155407429,5.200314102694392,shared_2l_1pool
9648,6.172781810164452,0.8337360341101885,5.232308991253376,shared_2l_1pool
9649,6.175016984343529,0.8182239253073931,5.24932099506259,shared_2l_1pool
9650,6.167514948174357,0.8343181107193232,5.226475885137916,shared_2l_1pool
9651,6.157195894047618,0.8210111409425735,5.2320328541100025,shared_2l_1pool
9652,6.188323954120278,0.8234810084104538,5.259603960439563,shared_2l_1pool
9653,7.273230934515595,1.8781200051307678,5.2735640201717615,shared_2l_1pool
9654,6.187984952703118,0.8257809095084667,5.253286100924015,shared_2l_1pool
9655,6.178842857480049,0.8246120996773243,5.249670939520001,shared_2l_1pool
9656,6.134058814495802,0.8254800923168659,5.202972097322345,shared_2l_1pool
9657,6.158134900033474,0.8181529119610786,5.236848024651408,shared_2l_1pool
9658,6.154980976134539,0.8151519577950239,5.2338410168886185,shared_2l_1pool
9659,6.174387875944376,0.7993599865585566,5.264464067295194,shared_2l_1pool
9660,6.179963005706668,0.817558029666543,5.256757140159607,shared_2l_1pool
9661,6.118183024227619,0.7990638259798288,5.213874159380794,shared_2l_1pool
9662,6.170264212414622,0.7944728713482618,5.268722074106336,shared_2l_1pool
9663,6.1862429138273,0.8375281468033791,5.243847845122218,shared_2l_1pool
9664,6.128767039626837,0.8087099995464087,5.214111879467964,shared_2l_1pool
9665,6.234009983018041,0.8323739748448133,5.296984920278192,shared_2l_1pool
9666,6.221061106771231,0.8260048925876617,5.288576940074563,shared_2l_1pool
9667,6.1800191178917885,0.8131840731948614,5.261044017970562,shared_2l_1pool
9668,6.100311176851392,0.8051309268921614,5.1880800165236,shared_2l_1pool
9669,7.211206015199423,1.8267619889229536,5.264021921902895,shared_2l_1pool
9670,6.142100086435676,0.8307530079036951,5.203392123803496,shared_2l_1pool
9671,6.195847177878022,0.8441188838332891,5.244323052465916,shared_2l_1pool
9672,6.157753057777882,0.8384350221604109,5.213215947151184,shared_2l_1pool
9673,6.171317072585225,0.8400180377066135,5.226731998845935,shared_2l_1pool
9674,6.186958868056536,0.8402841631323099,5.2399898413568735,shared_2l_1pool
9675,6.199538009241223,0.8371088188141584,5.255239084362984,shared_2l_1pool
9676,6.128072971478105,0.8174749091267586,5.199580918997526,shared_2l_1pool
9677,6.1726500280201435,0.8205969352275133,5.2458590362221,shared_2l_1pool
9678,6.132371025159955,0.8156660478562117,5.213203839957714,shared_2l_1pool
9679,6.133527960628271,0.8139500860124826,5.214534001424909,shared_2l_1pool
9680,6.256979890167713,0.8290589321404696,5.3193820640444756,shared_2l_1pool
9681,6.191267864778638,0.8824719116091728,5.2032561507076025,shared_2l_1pool
9682,6.176867056638002,0.8293839637190104,5.243226885795593,shared_2l_1pool
9683,6.181827047839761,0.8169510401785374,5.259189056232572,shared_2l_1pool
9684,6.098723039031029,0.7951208390295506,5.197445163503289,shared_2l_1pool
9685,7.224564906209707,1.8315191846340895,5.275853909552097,shared_2l_1pool
9686,6.220694864168763,0.8275019936263561,5.286794155836105,shared_2l_1pool
9687,6.1502831522375345,0.8231918327510357,5.220112157985568,shared_2l_1pool
9688,6.189561914652586,0.8194250985980034,5.264629842713475,shared_2l_1pool
9689,6.185470148921013,0.8247368969023228,5.255421157926321,shared_2l_1pool
9690,6.1965670902282,0.8439868688583374,5.24717103689909,shared_2l_1pool
9691,6.093400996178389,0.8054659701883793,5.18149696290493,shared_2l_1pool
9692,6.184472003951669,0.8324021473526955,5.242730025202036,shared_2l_1pool
9693,6.175827933475375,0.8265390060842037,5.245758919045329,shared_2l_1pool
9694,6.143772974610329,0.8306188974529505,5.208482965826988,shared_2l_1pool
9695,6.122545106336474,0.8254409767687321,5.193915916606784,shared_2l_1pool
9696,6.190399173647165,0.8301679044961929,5.254134070128202,shared_2l_1pool
9697,6.166459061205387,0.8284768555313349,5.233812145888805,shared_2l_1pool
9698,6.1339340172708035,0.8240491151809692,5.205019842833281,shared_2l_1pool
9699,6.1596359591931105,0.821536174044013,5.2336889784783125,shared_2l_1pool
9700,6.172969006001949,0.8531559724360704,5.21583016961813,shared_2l_1pool
9701,7.1971360594034195,1.8499870784580708,5.2281690295785666,shared_2l_1pool
9702,6.110054906457663,0.848596915602684,5.154369166120887,shared_2l_1pool
9703,6.1041549779474735,0.8349078707396984,5.163091002032161,shared_2l_1pool
9704,6.098129088059068,0.8271150290966034,5.165930837392807,shared_2l_1pool
9705,6.07515312731266,0.8149778004735708,5.154379177838564,shared_2l_1pool
9706,6.15535001270473,0.8539371192455292,5.194894969463348,shared_2l_1pool
9707,6.047275150194764,0.8102499414235353,5.13294106349349,shared_2l_1pool
9708,6.0697130393236876,0.8012470789253712,5.16195991076529,shared_2l_1pool
9709,6.092807976529002,0.7965618278831244,5.191756179556251,shared_2l_1pool
9710,6.076187128201127,0.7993979379534721,5.173706915229559,shared_2l_1pool
9711,6.079020211473107,0.8219368755817413,5.154825048521161,shared_2l_1pool
9712,6.106911925598979,0.8210309315472841,5.181272979825735,shared_2l_1pool
9713,6.075504003092647,0.8194909896701574,5.151996156200767,shared_2l_1pool
9714,6.10334100201726,0.8143091108649969,5.1850429736077785,shared_2l_1pool
9715,6.1116518918424845,0.8246188517659903,5.182544002309442,shared_2l_1pool
9716,6.080147810280323,0.8226800709962845,5.148618016391993,shared_2l_1pool
9717,7.2725568898022175,1.8283079843968153,5.324825877323747,shared_2l_1pool
9718,6.262650014832616,0.8275210857391357,5.328618921339512,shared_2l_1pool
9719,6.253421073779464,0.8315769955515862,5.31708006747067,shared_2l_1pool
9720,6.186112994328141,0.8208719082176685,5.254660965874791,shared_2l_1pool
9721,6.1874049715697765,0.8183429017663002,5.264505976811051,shared_2l_1pool
9722,6.210040068253875,0.8042431436479092,5.300836870446801,shared_2l_1pool
9723,6.234178086742759,0.8023239206522703,5.328641971573234,shared_2l_1pool
9724,6.257468834519386,0.8432578761130571,5.3102991078048944,shared_2l_1pool
9725,6.188821978867054,0.8053500205278397,5.278143100440502,shared_2l_1pool
9726,6.281078094616532,0.8230770472437143,5.3526179399341345,shared_2l_1pool
9727,6.238915957510471,0.8265501819550991,5.307756830006838,shared_2l_1pool
9728,6.196076981723309,0.8295259904116392,5.259237019345164,shared_2l_1pool
9729,6.1757240910083055,0.8031879551708698,5.268579116091132,shared_2l_1pool
9730,6.248761899769306,0.8184970356523991,5.324275931343436,shared_2l_1pool
9731,6.267774850130081,0.8223601616919041,5.341172916814685,shared_2l_1pool
9732,6.283548194915056,0.8366189431399107,5.3431999403983355,shared_2l_1pool
9733,7.166645955294371,1.8501270096749067,5.193497985601425,shared_2l_1pool
9734,6.168561056256294,0.8403961546719074,5.221184808760881,shared_2l_1pool
9735,6.197273964062333,0.8293101564049721,5.261587910354137,shared_2l_1pool
9736,6.180770928040147,0.826540170237422,5.24777895770967,shared_2l_1pool
9737,6.160404998809099,0.8350519929081202,5.216327030211687,shared_2l_1pool
9738,6.087561836466193,0.8298619650304317,5.152106052264571,shared_2l_1pool
9739,6.084460997954011,0.8052100893110037,5.170960910618305,shared_2l_1pool
9740,6.160992197692394,0.8512989152222872,5.205248948186636,shared_2l_1pool
9741,6.2011179979890585,0.8188220672309399,5.276230862364173,shared_2l_1pool
9742,6.112062139436603,0.8153379894793034,5.190467927604914,shared_2l_1pool
9743,6.1302699614316225,0.8384340908378363,5.185388959944248,shared_2l_1pool
9744,6.201131036505103,0.82411989569664,5.2739460952579975,shared_2l_1pool
9745,6.145703140646219,0.8161100558936596,5.2266588900238276,shared_2l_1pool
9746,6.1210389249026775,0.8266570512205362,5.185237852856517,shared_2l_1pool
9747,6.136236945167184,0.8059048559516668,5.223648156970739,shared_2l_1pool
9748,6.112755974754691,0.8207540959119797,5.186242982745171,shared_2l_1pool
9749,7.21969990991056,1.8279210198670626,5.271825008094311,shared_2l_1pool
9750,6.173312896862626,0.8365151006728411,5.229617934674025,shared_2l_1pool
9751,6.139584816992283,0.8288081735372543,5.205550929531455,shared_2l_1pool
9752,6.1495250556617975,0.8397200144827366,5.201688036322594,shared_2l_1pool
9753,6.235910812392831,0.8326689712703228,5.298048024997115,shared_2l_1pool
9754,6.107664201408625,0.82729896530509,5.1772319711744785,shared_2l_1pool
9755,6.129148881882429,0.829020980745554,5.1948800683021545,shared_2l_1pool
9756,6.152075016871095,0.8225380443036556,5.225040018558502,shared_2l_1pool
9757,6.169037893414497,0.8160918951034546,5.248063942417502,shared_2l_1pool
9758,6.089827045798302,0.822664937004447,5.161104956641793,shared_2l_1pool
9759,6.115729920566082,0.8114308584481478,5.1964749582111835,shared_2l_1pool
9760,6.148491054773331,0.8341590873897076,5.205041030421853,shared_2l_1pool
9761,6.166970124468207,0.82414411008358,5.2384259179234505,shared_2l_1pool
9762,6.095638033002615,0.817576888948679,5.174023099243641,shared_2l_1pool
9763,6.158973090350628,0.8273590356111526,5.226765060797334,shared_2l_1pool
9764,6.069974973797798,0.8322491776198149,5.133973900228739,shared_2l_1pool
9765,7.2194591630250216,1.8384030554443598,5.258986027911305,shared_2l_1pool
9766,6.100112106651068,0.824501970782876,5.164238857105374,shared_2l_1pool
9767,6.144193932414055,0.835818937048316,5.202458007261157,shared_2l_1pool
9768,6.1591200064867735,0.8195079863071442,5.235186079517007,shared_2l_1pool
9769,6.152780028060079,0.8677970618009567,5.17781195230782,shared_2l_1pool
9770,6.139179924502969,0.8242412004619837,5.2100729662925005,shared_2l_1pool
9771,6.078842096030712,0.8228688966482878,5.148993106558919,shared_2l_1pool
9772,6.086054956540465,0.809364952147007,5.17081399448216,shared_2l_1pool
9773,6.139544071629643,0.8147400803864002,5.217076977714896,shared_2l_1pool
9774,6.164604099467397,0.8180381264537573,5.242292070761323,shared_2l_1pool
9775,6.077748024836183,0.8180069271475077,5.153723992407322,shared_2l_1pool
9776,6.1374809592962265,0.8421980310231447,5.191048141568899,shared_2l_1pool
9777,6.1299430672079325,0.818515894934535,5.2057430148124695,shared_2l_1pool
9778,6.0988550540059805,0.838395906612277,5.155990133062005,shared_2l_1pool
9779,6.103431107476354,0.8338489569723606,5.164118949323893,shared_2l_1pool
9780,6.062569096684456,0.8125638123601675,5.144646158441901,shared_2l_1pool
9781,7.184638176113367,1.8256371840834618,5.241897888481617,shared_2l_1pool
9782,6.17384584620595,0.827952055260539,5.2379288244992495,shared_2l_1pool
9783,6.145877065137029,0.8167291525751352,5.22398785687983,shared_2l_1pool
9784,6.1346739530563354,0.845202011987567,5.183896981179714,shared_2l_1pool
9785,6.137913092970848,0.826127827167511,5.2075551357120275,shared_2l_1pool
9786,6.1662402004003525,0.8484288118779659,5.214269971475005,shared_2l_1pool
9787,6.177983013913035,0.8215568959712982,5.247367080301046,shared_2l_1pool
9788,6.092756986618042,0.8250619284808636,5.161657929420471,shared_2l_1pool
9789,6.086507113650441,0.8203678298741579,5.1627850625664,shared_2l_1pool
9790,6.088739959523082,0.835156999528408,5.1490499172359705,shared_2l_1pool
9791,6.149590015411377,0.8196788839995861,5.226674024015665,shared_2l_1pool
9792,6.096196128055453,0.8349381387233734,5.157480016350746,shared_2l_1pool
9793,6.124645005911589,0.8301699999719858,5.192387150600553,shared_2l_1pool
9794,6.134340073913336,0.8255979046225548,5.202833097428083,shared_2l_1pool
9795,6.1232419684529305,0.8109021000564098,5.208791932091117,shared_2l_1pool
9796,6.188987055793405,0.8230649400502443,5.259177880361676,shared_2l_1pool
9797,7.17685604467988,1.8530839588493109,5.206814035773277,shared_2l_1pool
9798,6.158648990094662,0.8498621173202991,5.2028559148311615,shared_2l_1pool
9799,6.148804910480976,0.8411670569330454,5.203197011724114,shared_2l_1pool
9800,6.1113000847399235,0.8311399724334478,5.174889927729964,shared_2l_1pool
9801,6.109172943979502,0.813622958958149,5.191810894757509,shared_2l_1pool
9802,6.129578920081258,0.8226239588111639,5.199768114835024,shared_2l_1pool
9803,6.155165145173669,0.8321760687977076,5.217700963839889,shared_2l_1pool
9804,6.105866050347686,0.8119118865579367,5.189811112359166,shared_2l_1pool
9805,6.106856046244502,0.8509240578860044,5.151005927473307,shared_2l_1pool
9806,6.14510104060173,0.8271839469671249,5.214527947828174,shared_2l_1pool
9807,6.1649230774492025,0.8426120039075613,5.214902805164456,shared_2l_1pool
9808,6.149591878056526,0.8392850868403912,5.206927889958024,shared_2l_1pool
9809,6.185539998114109,0.8704580832272768,5.204931832849979,shared_2l_1pool
9810,6.153285037726164,0.8083430584520102,5.239479010924697,shared_2l_1pool
9811,6.104160100221634,0.7969930302351713,5.20137301646173,shared_2l_1pool
9812,6.1285661067813635,0.8110119961202145,5.21443597972393,shared_2l_1pool
9813,7.211904041469097,1.8634980078786612,5.233220988884568,shared_2l_1pool
9814,6.167209940031171,0.8415831252932549,5.2193759474903345,shared_2l_1pool
9815,6.139677949249744,0.8191110100597143,5.210255971178412,shared_2l_1pool
9816,6.19761785492301,0.8231319952756166,5.270753055810928,shared_2l_1pool
9817,6.144777871668339,0.8229499217122793,5.218351958319545,shared_2l_1pool
9818,6.125458981841803,0.8378690108656883,5.182845983654261,shared_2l_1pool
9819,6.174517096951604,0.8338440675288439,5.2292970940470695,shared_2l_1pool
9820,6.180371157824993,0.8792050648480654,5.196572048589587,shared_2l_1pool
9821,6.131016882136464,0.8267620578408241,5.196346901357174,shared_2l_1pool
9822,6.121914135292172,0.8235438726842403,5.19169308245182,shared_2l_1pool
9823,6.149029824882746,0.8127950131893158,5.231244023889303,shared_2l_1pool
9824,6.096282042562962,0.8411260787397623,5.149530014023185,shared_2l_1pool
9825,6.140957120805979,0.8292810525745153,5.208150949329138,shared_2l_1pool
9826,6.119151134043932,0.8255741558969021,5.189190851524472,shared_2l_1pool
9827,6.06030086055398,0.8260051254183054,5.131715908646584,shared_2l_1pool
9828,6.151761161163449,0.8191249798983335,5.227576941251755,shared_2l_1pool
9829,7.258768891915679,1.8293079920113087,5.308937979862094,shared_2l_1pool
9830,6.186838028952479,0.8648040238767862,5.215734010562301,shared_2l_1pool
9831,6.182970944792032,0.8289758116006851,5.2480490412563086,shared_2l_1pool
9832,6.144921062514186,0.852696830406785,5.187431117519736,shared_2l_1pool
9833,6.181114120408893,0.8450781460851431,5.229769973084331,shared_2l_1pool
9834,6.184870842844248,0.8339071646332741,5.243184044957161,shared_2l_1pool
9835,6.149129010736942,0.8424818515777588,5.201091058552265,shared_2l_1pool
9836,6.127228029072285,0.82971784286201,5.19334920682013,shared_2l_1pool
9837,6.117271026596427,0.8300258778035641,5.18366415053606,shared_2l_1pool
9838,6.208761129528284,0.840974971652031,5.261982092633843,shared_2l_1pool
9839,6.175243994221091,0.8482220582664013,5.220538005232811,shared_2l_1pool
9840,6.17821398191154,0.8281338959932327,5.2407600451260805,shared_2l_1pool
9841,6.191434105858207,0.8321509230881929,5.250625079497695,shared_2l_1pool
9842,6.209486164152622,0.8568828925490379,5.247225984930992,shared_2l_1pool
9843,6.171206012368202,0.8425400592386723,5.222945008426905,shared_2l_1pool
9844,6.173783913254738,0.8363989181816578,5.232173949480057,shared_2l_1pool
9845,7.1844488848000765,1.8203819636255503,5.246171029284596,shared_2l_1pool
9846,6.1687130946666,0.8399609941989183,5.223080050200224,shared_2l_1pool
9847,6.180519936606288,0.8388231508433819,5.237919976934791,shared_2l_1pool
9848,6.177390925586224,0.8352340664714575,5.236811004579067,shared_2l_1pool
9849,6.172124063596129,0.8384541142731905,5.228196969255805,shared_2l_1pool
9850,6.08574110083282,0.828153919428587,5.151910008862615,shared_2l_1pool
9851,6.115520838648081,0.8280898910015821,5.1840071100741625,shared_2l_1pool
9852,6.143875885754824,0.8317679166793823,5.206739064306021,shared_2l_1pool
9853,6.148514105007052,0.8215398993343115,5.222205072641373,shared_2l_1pool
9854,6.13807886838913,0.8644729387015104,5.167386960238218,shared_2l_1pool
9855,6.160821067169309,0.8204448968172073,5.238791927695274,shared_2l_1pool
9856,6.130340974777937,0.8443030528724194,5.181527929380536,shared_2l_1pool
9857,6.128308130428195,0.8511790074408054,5.173041019588709,shared_2l_1pool
9858,6.1414530500769615,0.8227818179875612,5.211049225181341,shared_2l_1pool
9859,6.099886959418654,0.8217568974941969,5.175535101443529,shared_2l_1pool
9860,6.064196117222309,0.8139729034155607,5.146437091752887,shared_2l_1pool
9861,7.2304559871554375,1.857514027506113,5.2555641159415245,shared_2l_1pool
9862,6.177533883601427,0.8438730146735907,5.228596040979028,shared_2l_1pool
9863,6.207216996699572,0.8496241644024849,5.251426948234439,shared_2l_1pool
9864,6.093478063121438,0.8346219547092915,5.153723992407322,shared_2l_1pool
9865,6.0734550934284925,0.8296370506286621,5.137020954862237,shared_2l_1pool
9866,6.120330886915326,0.8284491486847401,5.185613874346018,shared_2l_1pool
9867,6.1804919969290495,0.8311329875141382,5.244175903499126,shared_2l_1pool
9868,6.180712021887302,0.8519708644598722,5.224280990660191,shared_2l_1pool
9869,6.170690059661865,0.8389891590923071,5.224784836173058,shared_2l_1pool
9870,6.09400006942451,0.8338249754160643,5.156007828190923,shared_2l_1pool
9871,6.137688877061009,0.8469019085168839,5.1868988666683435,shared_2l_1pool
9872,6.100123981013894,0.8183170575648546,5.1737569738179445,shared_2l_1pool
9873,6.1525029595941305,0.8181838784366846,5.22971898317337,shared_2l_1pool
9874,6.140309851616621,0.8309909608215094,5.202749976888299,shared_2l_1pool
9875,6.134634139016271,0.826406991109252,5.2040088921785355,shared_2l_1pool
9876,6.134415976703167,0.8411500602960587,5.188253941014409,shared_2l_1pool
9877,7.204425986856222,1.8429930787533522,5.243434105068445,shared_2l_1pool
9878,6.153467111289501,0.8410820737481117,5.2077388390898705,shared_2l_1pool
9879,6.158985896036029,0.8333220612257719,5.21771889179945,shared_2l_1pool
9880,6.149939959868789,0.8252810221165419,5.220940103754401,shared_2l_1pool
9881,6.112847942858934,0.8363490924239159,5.173028912395239,shared_2l_1pool
9882,6.127408938482404,0.8258239831775427,5.194480996578932,shared_2l_1pool
9883,6.110037909820676,0.844005960971117,5.161510081961751,shared_2l_1pool
9884,6.136980839073658,0.8246160577982664,5.207364913076162,shared_2l_1pool
9885,6.152488058432937,0.8313769940286875,5.218259058892727,shared_2l_1pool
9886,6.184984929859638,0.822186004370451,5.254015093669295,shared_2l_1pool
9887,6.087389076128602,0.829844968393445,5.154585000127554,shared_2l_1pool
9888,6.138328928500414,0.871600117534399,5.162667017430067,shared_2l_1pool
9889,6.184589117765427,0.8294130675494671,5.251881899312139,shared_2l_1pool
9890,6.077982950955629,0.8334650192409754,5.141563015058637,shared_2l_1pool
9891,6.10558595508337,0.83184614777565,5.169628886505961,shared_2l_1pool
9892,6.134007126092911,0.8455940987914801,5.182962864637375,shared_2l_1pool
9893,7.187976967543364,1.8482739105820656,5.22202393040061,shared_2l_1pool
9894,6.078454898670316,0.8145759347826242,5.15786511823535,shared_2l_1pool
9895,6.115383002907038,0.8410860318690538,5.169801879674196,shared_2l_1pool
9896,6.093053845688701,0.8231350220739841,5.163532914593816,shared_2l_1pool
9897,6.1852759681642056,0.8453959599137306,5.2325360011309385,shared_2l_1pool
9898,6.161147030070424,0.8438020013272762,5.212053889408708,shared_2l_1pool
9899,6.098176818341017,0.8216029964387417,5.173888057470322,shared_2l_1pool
9900,6.125133950263262,0.8307041134685278,5.184509791433811,shared_2l_1pool
9901,6.172847002744675,0.8341032080352306,5.233572795987129,shared_2l_1pool
9902,6.065032910555601,0.834926962852478,5.1236930303275585,shared_2l_1pool
9903,6.121912971138954,0.819068169221282,5.195586010813713,shared_2l_1pool
9904,6.179874064400792,0.8329090196639299,5.2422459702938795,shared_2l_1pool
9905,6.153520895168185,0.8363870438188314,5.210202885791659,shared_2l_1pool
9906,6.142772035673261,0.8248980157077312,5.212964955717325,shared_2l_1pool
9907,6.075316108763218,0.8244088385254145,5.14606898650527,shared_2l_1pool
9908,6.08149915933609,0.8292119018733501,5.142063135281205,shared_2l_1pool
9909,7.226682035252452,1.8474920652806759,5.2602088544517756,shared_2l_1pool
9910,6.171545945107937,0.8546190802007914,5.210565868765116,shared_2l_1pool
9911,6.184302968904376,0.8411090821027756,5.238902056589723,shared_2l_1pool
9912,6.16098684258759,0.8455880451947451,5.210033152252436,shared_2l_1pool
9913,6.1202929355204105,0.8334300946444273,5.183729808777571,shared_2l_1pool
9914,6.165856029838324,0.8507799357175827,5.199589999392629,shared_2l_1pool
9915,6.202175049111247,0.8814539760351181,5.21709700115025,shared_2l_1pool
9916,6.077103083953261,0.832119956612587,5.139095010235906,shared_2l_1pool
9917,6.139188073575497,0.8305390365421772,5.203881999477744,shared_2l_1pool
9918,6.114220945164561,0.838389853015542,5.171841010451317,shared_2l_1pool
9919,6.124089937657118,0.828523887321353,5.191050935536623,shared_2l_1pool
9920,6.137995980679989,0.844086054712534,5.189863033592701,shared_2l_1pool
9921,6.141639081761241,0.83126500248909,5.2031888626515865,shared_2l_1pool
9922,6.185672013089061,0.829645898193121,5.250995047390461,shared_2l_1pool
9923,6.165005033835769,0.8299809414893389,5.230725044384599,shared_2l_1pool
9924,6.1165951192379,0.8426371496170759,5.170001881197095,shared_2l_1pool
9925,7.20227207057178,1.8547840882092714,5.230294074863195,shared_2l_1pool
9926,6.101033883169293,0.8301269263029099,5.166735965758562,shared_2l_1pool
9927,6.122821941971779,0.8264770731329918,5.192166892811656,shared_2l_1pool
9928,6.07049698010087,0.8239541202783585,5.142254987731576,shared_2l_1pool
9929,6.1403559520840645,0.8142481092363596,5.222136853262782,shared_2l_1pool
9930,6.164416903629899,0.8606920018792152,5.200135055929422,shared_2l_1pool
9931,6.125601939857006,0.8441198151558638,5.17502217553556,shared_2l_1pool
9932,6.1042699962854385,0.8322049397975206,5.16909989528358,shared_2l_1pool
9933,6.075473967939615,0.8186318445950747,5.15320198610425,shared_2l_1pool
9934,6.053835852071643,0.841137021780014,5.109248915687203,shared_2l_1pool
9935,6.095599150285125,0.8220640011131763,5.167890107259154,shared_2l_1pool
9936,6.146552041172981,0.8392920717597008,5.199034931138158,shared_2l_1pool
9937,6.098092999309301,0.8211270906031132,5.171163938939571,shared_2l_1pool
9938,6.146300118416548,0.8735680021345615,5.166810005903244,shared_2l_1pool
9939,6.164170103147626,0.8210630621761084,5.237512988969684,shared_2l_1pool
9940,6.143160164356232,0.826406991109252,5.212010815739632,shared_2l_1pool
9941,7.2456481866538525,1.8619270995259285,5.26499398984015,shared_2l_1pool
9942,6.144063081592321,0.8432238828390837,5.190265132114291,shared_2l_1pool
9943,6.124660838395357,0.8185061160475016,5.2002479787915945,shared_2l_1pool
9944,6.166653940454125,0.830712029710412,5.231468006968498,shared_2l_1pool
9945,6.1259400099515915,0.8459649980068207,5.175841972231865,shared_2l_1pool
9946,6.1100388411432505,0.8394289761781693,5.163636989891529,shared_2l_1pool
9947,6.141971098259091,0.8503480348736048,5.186345893889666,shared_2l_1pool
9948,6.150318076834083,0.8312549907714128,5.212937947362661,shared_2l_1pool
9949,6.147046806290746,0.837783794850111,5.200691055506468,shared_2l_1pool
9950,6.152970949187875,0.8264540228992701,5.220056977123022,shared_2l_1pool
9951,6.197605049237609,0.8861299138516188,5.208086920902133,shared_2l_1pool
9952,6.14300393499434,0.8442709222435951,5.194564117118716,shared_2l_1pool
9953,6.1350769829005,0.8468800224363804,5.183560075238347,shared_2l_1pool
9954,6.106619024649262,0.8396580815315247,5.162273067981005,shared_2l_1pool
9955,6.100127939134836,0.8192600216716528,5.177859915420413,shared_2l_1pool
9956,6.100339815020561,0.8415461052209139,5.150547018274665,shared_2l_1pool
9957,7.25727784447372,1.861340133473277,5.276558920741081,shared_2l_1pool
9958,6.16802996955812,0.8334310259670019,5.228543886914849,shared_2l_1pool
9959,6.1764169950038195,0.8445470593869686,5.2255860064178705,shared_2l_1pool
9960,6.161712110042572,0.8362478110939264,5.219597136601806,shared_2l_1pool
9961,6.209241924807429,0.8261329494416714,5.275435978546739,shared_2l_1pool
9962,6.121202139183879,0.8143470622599125,5.199959967285395,shared_2l_1pool
9963,6.170238135382533,0.8283702190965414,5.235809832811356,shared_2l_1pool
9964,6.143225124105811,0.8334189187735319,5.2057490684092045,shared_2l_1pool
9965,6.16723601706326,0.8205890189856291,5.2428110502660275,shared_2l_1pool
9966,6.2258930411189795,0.842187087982893,5.27800596319139,shared_2l_1pool
9967,6.198458140715957,0.8416080381721258,5.252656992524862,shared_2l_1pool
9968,6.179476855322719,0.8628410287201405,5.21144806407392,shared_2l_1pool
9969,6.181603064760566,0.855291960760951,5.22208702750504,shared_2l_1pool
9970,6.1287120915949345,0.8300698827952147,5.193085176870227,shared_2l_1pool
9971,6.169707048684359,0.8268500678241253,5.23569411598146,shared_2l_1pool
9972,6.130362162366509,0.8281790651381016,5.198120838031173,shared_2l_1pool
9973,7.30391894467175,1.865290105342865,5.322074983268976,shared_2l_1pool
9974,6.206307793036103,0.8540020789951086,5.247205030173063,shared_2l_1pool
9975,6.165134022012353,0.851185992360115,5.209413124248385,shared_2l_1pool
9976,6.151031004264951,0.8405630942434072,5.204872926697135,shared_2l_1pool
9977,6.10840879380703,0.8160828147083521,5.186625989153981,shared_2l_1pool
9978,6.208815844729543,0.8389020804315805,5.264210049062967,shared_2l_1pool
9979,6.161799188703299,0.8143431041389704,5.243060877546668,shared_2l_1pool
9980,6.215202854946256,0.8774378802627325,5.229762056842446,shared_2l_1pool
9981,6.1245758552104235,0.8364408276975155,5.183979170396924,shared_2l_1pool
9982,6.171098910272121,0.8322070352733135,5.233583971858025,shared_2l_1pool
9983,6.1369899194687605,0.8348540868610144,5.1994589157402515,shared_2l_1pool
9984,6.170819979161024,0.834848964586854,5.228694062680006,shared_2l_1pool
9985,6.165289087221026,0.8493801578879356,5.21245994605124,shared_2l_1pool
9986,6.1582960188388824,0.8344259113073349,5.218797130510211,shared_2l_1pool
9987,6.141431862488389,0.854874961078167,5.18263503909111,shared_2l_1pool
9988,6.154312053695321,0.8474541828036308,5.202265921980143,shared_2l_1pool
9989,7.317660143598914,1.8415870144963264,5.356732988730073,shared_2l_1pool
9990,6.202891934663057,0.8497580420225859,5.248517030850053,shared_2l_1pool
9991,6.158880889415741,0.8747931569814682,5.177462939172983,shared_2l_1pool
9992,6.152210989966989,0.8283830247819424,5.220039980486035,shared_2l_1pool
9993,6.166307022795081,0.8310081902891397,5.229871021583676,shared_2l_1pool
9994,6.143298931419849,0.8313730359077454,5.205468041822314,shared_2l_1pool
9995,6.183522986248136,0.8369169663637877,5.237590987235308,shared_2l_1pool
9996,6.197663955390453,0.847341027110815,5.244712810963392,shared_2l_1pool
9997,6.194696994498372,0.8532549254596233,5.23746688850224,shared_2l_1pool
9998,6.180634954944253,0.8392580784857273,5.2352340426296,shared_2l_1pool
